dt,symbol,close,open,high,low,pre_close,vol,amount,vwap,turnover_ratio,free_share,total_share,free_mv,total_mv
2025-06-05,CSX,31.93,31.84,32.06,31.66,31.86,13669375,436279919.4475,31.92,0.73,1878545871,1878546000.0,59981956511.21,59981946000.0
2025-06-04,CSX,31.86,31.24,31.91,31.15,31.24,18163200,576220163.904,31.72,0.97,1878545871,1878546000.0,59850473328.61,59850465000.0
2025-06-03,CSX,31.24,31.38,31.42,30.85,31.59,25167762,782304722.4065,31.08,1.34,1878545871,1878546000.0,58685784281.32,58685766000.0
2025-05-31,CSX,31.59,31.26,31.77,31.18,31.29,22998719,725991478.179,31.57,1.22,1878545871,1878546000.0,59343258429.25,59343250000.0
2025-05-30,CSX,31.29,31.34,31.53,31.08,31.21,15013340,472279230.462,31.33,0.8,1878545871,1878546000.0,59023909388.27,59023891000.0
2025-05-29,CSX,31.34,31.5,31.67,31.32,31.43,13834454,435137876.2217,31.45,0.74,1878545871,1878546000.0,58873621961.5,58873610000.0
2025-05-28,CSX,31.43,31.1,31.58,30.93,30.82,17934918,562541400.9919,31.37,0.95,1878545871,1878546000.0,59042683575.71,59042649000.0
2025-05-24,CSX,30.82,30.26,30.96,30.17,30.64,21149215,650566857.3689,30.76,1.13,1878545871,1878546000.0,57896798772.59,57896793000.0
2025-05-23,CSX,30.64,30.52,30.88,30.32,30.49,18430536,564601095.1156,30.63,0.98,1878545871,1878546000.0,57558645487.44,57558630000.0
2025-05-22,CSX,30.49,31.12,31.12,30.43,31.23,13769290,421958487.5824,30.64,0.73,1878545871,1878546000.0,57276874878.07,57276860000.0
2025-05-21,CSX,31.23,31.02,31.35,31.02,31.21,14966211,466932268.7115,31.2,0.8,1878545871,1878546000.0,58666980037.15,58666960000.0
2025-05-20,CSX,31.21,31.09,31.23,30.98,31.32,10553641,328757452.2796,31.15,0.56,1878545871,1878546000.0,58629429783.73,58629410000.0
2025-05-17,CSX,31.32,31.27,31.4,31.03,31.3,11394258,356176449.3396,31.26,0.61,1878545871,1878546000.0,58836071708.09,58836050000.0
2025-05-16,CSX,31.3,30.96,31.42,30.86,31.03,15563372,485939801.8409,31.22,0.83,1878545871,1878546000.0,58798493276.48,58798490000.0
2025-05-15,CSX,31.03,30.43,31.12,30.32,30.54,21883793,675931257.6451,30.89,1.16,1878545871,1878546000.0,58291276498.58,58291239000.0
2025-05-14,CSX,30.54,30.33,30.72,30.25,30.31,16825348,513264004.5299,30.51,0.9,1878545871,1878546000.0,57370779629.06,57370750000.0
2025-05-13,CSX,30.31,29.98,30.56,29.75,28.74,15707680,475129046.176,30.25,0.84,1878545871,1878546000.0,56938721592.92,56938700000.0
2025-05-10,CSX,28.74,28.92,29.17,28.66,28.96,9630192,277034660.8424,28.77,0.51,1878545871,1878546000.0,53989419603.82,53989410000.0
2025-05-09,CSX,28.96,28.57,29.19,28.33,28.37,13770266,398522459.1717,28.94,0.73,1878545871,1878546000.0,54402701573.98,54402660000.0
2025-05-08,CSX,28.37,28.25,28.5,28.13,28.09,11504063,326362145.4415,28.37,0.61,1878545871,1878546000.0,53294338846.09,53294320000.0
2025-05-07,CSX,28.09,28.33,28.43,28.05,28.47,8753711,246451112.8766,28.15,0.47,1878545871,1878546000.0,52768347880.75,52768320000.0
2025-05-06,CSX,28.47,28.54,28.78,28.39,28.7,9480957,270861470.014,28.57,0.5,1878545871,1878546000.0,53482204704.46,53482168000.0
2025-05-03,CSX,28.7,28.37,28.8,28.37,28.11,11526563,330437698.6962,28.67,0.61,1878545871,1878546000.0,53914260862.06,53914254000.0
2025-05-02,CSX,28.11,28.01,28.24,27.74,28.07,13020860,365817116.3794,28.09,0.69,1878545871,1878546000.0,52805926312.36,52805918000.0
2025-05-01,CSX,28.07,27.89,28.12,27.52,28.05,12723547,355312671.3797,27.93,0.68,1878545871,1878546000.0,52730797627.34,52730750000.0
2025-04-30,CSX,28.05,27.75,28.11,27.7,27.87,9907328,276977217.1524,27.96,0.53,1878545871,1878546000.0,52693219195.73,52693200000.0
2025-04-29,CSX,27.87,27.85,28.02,27.59,27.84,12628583,351405514.1603,27.83,0.67,1878545871,1878546000.0,52355065910.59,52355028000.0
2025-04-26,CSX,27.84,27.9,28.07,27.67,28.14,14351477,399503471.6937,27.84,0.76,1878545871,1878546000.0,52298711413.0,52298710000.0
2025-04-25,CSX,28.14,27.4,28.18,27.18,27.59,13562532,378939870.1489,27.94,0.72,1878545871,1878546000.0,52862280809.94,52862280000.0
2025-04-24,CSX,27.59,28.28,28.51,27.46,27.78,15912848,441210762.6416,27.73,,1878545871,,51829074945.25,
2025-04-23,CSX,27.78,27.62,27.91,27.47,27.46,16208586,449240443.7104,27.72,0.86,1878545871,1878546000.0,52186002417.83,52185990000.0
2025-04-22,CSX,27.46,27.39,27.54,27.0,27.68,28499454,778448307.7835,27.31,1.52,1878545871,1878546000.0,51584882767.48,51584860000.0
2025-04-18,CSX,27.68,27.29,28.02,27.27,27.35,21437657,593687955.9103,27.69,1.14,1878545871,1878546000.0,51998136559.46,51998110000.0
2025-04-17,CSX,27.35,27.6,27.96,27.16,27.9,25311465,695850165.359,27.49,1.34,1884745384,1884745000.0,51547799445.62,51547790000.0
2025-04-16,CSX,27.9,28.22,28.45,27.84,28.27,15163551,425204151.1376,28.04,0.8,1884745384,1884745000.0,52584384905.13,52584360000.0
2025-04-15,CSX,28.27,28.2,28.45,27.96,28.01,17079735,482816832.1132,28.27,0.91,1884745384,1884745000.0,53281761429.41,53281750000.0
2025-04-12,CSX,28.01,27.75,28.08,27.35,27.82,15001965,417108709.0838,27.8,0.8,1884745384,1884745000.0,52791708782.11,52791700000.0
2025-04-11,CSX,27.82,28.23,28.36,27.13,28.66,16572317,459681271.7143,27.74,0.88,1884745384,1884745000.0,52433631660.84,52433590000.0
2025-04-10,CSX,28.66,26.43,28.78,26.29,26.69,26939262,750633091.0166,27.86,1.43,1884745384,1884745000.0,54016810244.42,54016780000.0
2025-04-09,CSX,26.69,27.49,27.97,26.31,27.09,22201118,599838753.1746,27.02,1.18,1884745384,1884745000.0,50303859953.2,50303836000.0
2025-04-08,CSX,27.09,27.23,27.99,26.22,27.21,32102895,866344647.5059,26.99,1.7,1884745384,1884745000.0,51057746798.32,51057740000.0
2025-04-05,CSX,27.21,27.57,27.73,26.95,27.99,26481153,722848300.9443,27.3,1.41,1884745384,1884745000.0,51283935091.86,51283930000.0
2025-04-04,CSX,27.99,28.97,28.98,27.9,29.74,21170848,599128604.8039,28.3,1.12,1884745384,1884745000.0,52754034606.63,52754020000.0
2025-04-03,CSX,29.74,29.28,29.76,29.14,29.54,9470285,280524103.9492,29.62,0.5,1884745384,1884745000.0,56052339028.63,56052320000.0
2025-04-02,CSX,29.54,29.17,29.57,29.04,29.43,11174239,328528191.371,29.4,0.59,1884745384,1884745000.0,55675367334.89,55675330000.0
2025-04-01,CSX,29.43,29.11,29.66,29.01,29.11,23507122,690878969.9902,29.39,1.25,1884745384,1884745000.0,55468043457.9,55468030000.0
2025-03-29,CSX,29.11,29.86,29.93,29.09,29.92,9596899,280824400.9566,29.26,0.51,1884745384,1884745000.0,54864940012.99,54864934000.0
2025-03-28,CSX,29.92,29.85,30.01,29.57,29.9,10440743,311224986.3048,29.81,0.55,1884745384,1884745000.0,56391580004.53,56391555000.0
2025-03-27,CSX,29.9,29.56,29.95,29.26,29.53,13968891,414672047.0469,29.69,0.74,1884745384,1884745000.0,56353875673.13,56353872000.0
2025-03-26,CSX,29.53,29.74,29.84,29.47,29.85,10839024,320621668.3394,29.58,0.57,1894616582,1894617000.0,55948025771.84,55948000000.0
2025-03-25,CSX,29.85,29.83,29.94,29.58,29.57,13219094,393475612.714,29.77,0.7,1894616582,1894617000.0,56554318235.02,56554290000.0
2025-03-22,CSX,29.57,29.69,29.83,29.46,29.98,25369610,750960751.688,29.6,1.34,1894616582,1894617000.0,56023827486.67,56023817000.0
2025-03-21,CSX,29.98,29.9,30.17,29.75,30.07,16138672,484208672.848,30.0,0.85,1894616582,1894617000.0,56800597549.89,56800580000.0
2025-03-20,CSX,30.07,30.21,30.37,29.99,30.26,12103583,364988338.3839,30.16,0.64,1894616582,1894617000.0,56971135777.67,56971098000.0
2025-03-19,CSX,30.26,30.36,30.5,29.99,30.33,11511622,347980308.8822,30.23,0.61,1894616582,1894617000.0,57331088298.24,57331055000.0
2025-03-18,CSX,30.33,29.99,30.4,29.92,30.01,9204352,278537553.2741,30.26,0.49,1894616582,1894617000.0,57463724721.29,57463723000.0
2025-03-15,CSX,30.01,29.35,30.05,29.22,29.13,16382758,489002439.5871,29.85,0.86,1894616582,1894617000.0,56857434152.74,56857395000.0
2025-03-14,CSX,29.13,29.6,29.74,28.98,29.55,16509036,482544198.1115,29.23,0.87,1894616582,1894617000.0,55190190506.74,55190157000.0
2025-03-13,CSX,29.55,29.5,29.74,29.29,29.52,13934223,411719977.0649,29.55,0.74,1894616582,1894617000.0,55985927576.57,55985887000.0
2025-03-12,CSX,29.52,30.71,30.71,29.5,30.65,15102239,450573790.3411,29.83,0.8,1894616582,1894617000.0,55929090973.72,55929075000.0
2025-03-11,CSX,30.65,31.26,31.53,30.56,31.26,20051778,621294275.3374,30.98,1.06,1894616582,1894617000.0,58069986870.6,58069973000.0
2025-03-08,CSX,31.26,30.76,31.4,30.71,30.93,19337047,601782399.8988,31.12,1.02,1894616582,1894617000.0,59225704880.24,59225700000.0
2025-03-07,CSX,30.93,30.95,31.08,30.55,30.92,22933055,706500895.7574,30.81,,1894616582,,58600477618.94,
2025-03-06,CSX,30.92,31.06,31.55,30.62,31.2,20779430,642572558.149,30.92,1.1,1894616582,1894617000.0,58581542820.82,58581524000.0
2025-03-05,CSX,31.2,31.82,31.91,31.17,31.93,18352508,576465233.1506,31.41,0.97,1894616582,1894617000.0,59112031674.55,59111997000.0
2025-03-04,CSX,31.93,32.15,32.4,31.74,32.01,11264254,360558576.3901,32.01,0.59,1894616582,1894617000.0,60495094200.94,60495094000.0
2025-03-01,CSX,32.01,32.15,32.27,31.61,31.88,18269704,583952831.5998,31.96,0.96,1894616582,1894617000.0,60646667316.74,60646645000.0
2025-02-28,CSX,31.88,31.69,32.12,31.55,31.85,9322484,298367004.7009,31.88,0.48,1928419153,1928419000.0,61728687445.43,61728684000.0
2025-02-27,CSX,31.98,32.05,32.17,31.81,32.09,7582442,242390205.729,31.97,0.39,1928419153,1928419000.0,61670836799.26,61670809000.0
2025-02-26,CSX,32.09,31.97,32.26,31.88,31.81,11698145,375449659.2404,32.09,0.61,1928419153,1928419000.0,61882964834.51,61882942000.0
2025-02-25,CSX,31.81,32.47,32.49,31.72,32.3,14079016,449937094.7749,31.96,0.73,1928419153,1928419000.0,61343009400.09,
2025-02-22,CSX,32.3,32.47,32.47,31.79,32.46,21388336,689307484.7219,32.23,1.11,1928419153,1928419000.0,62287946355.58,
2025-02-21,CSX,32.46,32.32,32.55,32.12,32.41,10369481,335676670.4006,32.37,0.54,1928419153,1928419000.0,62596499205.31,62596461000.0
2025-02-20,CSX,32.41,33.53,33.55,32.32,33.64,13729454,448156823.7385,32.64,0.71,1928419153,1928419000.0,62500072462.41,62500043000.0
2025-02-19,CSX,33.64,33.4,33.74,33.28,33.37,14998594,503556705.5268,33.57,0.78,1928419153,1928419000.0,64872020306.92,64871997000.0
2025-02-15,CSX,33.37,33.25,33.49,33.17,33.1,10737899,358365588.9119,33.37,0.56,1928419153,1928419000.0,64351339421.93,64351313000.0
2025-02-14,CSX,33.1,33.09,33.14,32.83,32.92,11019200,364099690.1216,33.04,0.57,1928419153,1928419000.0,63830687463.23,63830668000.0
2025-02-13,CSX,32.92,32.63,33.05,32.62,33.11,7722891,254063860.7327,32.9,0.4,1928419153,1928419000.0,63483556588.34,63483536000.0
2025-02-12,CSX,33.11,32.95,33.24,32.92,33.08,8896547,294383181.6112,33.09,0.46,1928419153,1928419000.0,63849960084.25,63849922000.0
2025-02-11,CSX,33.08,32.75,33.11,32.69,32.59,9924828,327702873.769,33.02,0.51,1928419153,1928419000.0,63792109438.08,63792086000.0
2025-02-08,CSX,32.59,32.78,32.83,32.36,32.74,16931840,552394574.9914,32.62,0.88,1928419153,1928419000.0,62847174411.01,62847137000.0
2025-02-07,CSX,32.74,33.04,33.12,32.64,32.88,6579828,215586057.5725,32.76,0.34,1928419153,1928419000.0,63136454639.73,63136438000.0
2025-02-06,CSX,32.88,32.98,33.06,32.76,32.87,7453645,245183932.9061,32.89,0.39,1928419153,1928419000.0,63406431392.74,63406407000.0
2025-02-05,CSX,32.87,32.35,32.97,32.33,32.51,12201329,400040166.5994,32.79,0.63,1928419153,1928419000.0,63387129845.43,63387114000.0
2025-02-04,CSX,32.51,32.48,32.95,32.05,32.87,15115958,491737320.3937,32.53,0.78,1928419153,1928419000.0,62692897021.93,62692883000.0
2025-02-01,CSX,32.87,32.85,33.4,32.77,32.86,21649438,714555007.3427,33.01,1.12,1928419153,1928419000.0,63387129845.43,63387114000.0
2025-01-31,CSX,32.86,32.94,33.19,32.64,32.98,11929579,392765963.6294,32.92,0.62,1928419153,1928419000.0,63367855296.0,63367821000.0
2025-01-30,CSX,32.98,32.75,33.62,32.75,32.68,16332469,540452815.6058,33.09,0.85,1928419153,1928419000.0,63599255952.26,63599247000.0
2025-01-29,CSX,32.68,33.35,33.68,32.65,33.64,14546368,479494779.4721,32.96,0.75,1928419153,1928419000.0,63020724421.11,63020684000.0
2025-01-28,CSX,33.64,32.85,33.83,32.57,32.69,19710958,659958294.4315,33.48,1.02,1928419153,1928419000.0,64872020306.92,64871997000.0
2025-01-25,CSX,32.69,32.05,33.02,32.0,33.67,24741731,808257944.7035,32.67,1.28,1928419153,1928419000.0,63040027896.83,63040020000.0
2025-01-24,CSX,33.67,33.88,34.1,33.48,33.24,17123000,575875581.977,33.63,0.89,1928419153,1928419000.0,64929870953.09,64929833000.0
2025-01-23,CSX,33.24,33.22,33.5,33.05,33.27,13499434,448750925.4131,33.24,0.7,1928419153,1928419000.0,64100664216.23,64100637000.0
2025-01-22,CSX,33.27,33.02,33.28,32.78,32.73,9324067,309062032.9808,33.15,0.48,1928419153,1928419000.0,64158514862.41,64158473000.0
2025-01-18,CSX,32.73,33.36,33.39,32.66,32.97,20505922,672624979.9771,32.8,1.06,1928419153,1928419000.0,63117151164.01,63117145000.0
2025-01-17,CSX,32.97,32.33,32.98,32.02,32.46,21391129,697917584.754,32.63,1.11,1928419153,1928419000.0,63579983331.25,63579954000.0
2025-01-16,CSX,32.46,32.68,32.73,32.43,32.14,13374965,434961886.779,32.52,0.69,1928419153,1928419000.0,62596499205.31,62596461000.0
2025-01-15,CSX,32.14,32.01,32.19,31.92,31.89,12744379,408990023.7591,32.09,0.66,1928419153,1928419000.0,61979391577.42,61979360000.0
2025-01-14,CSX,31.89,31.66,31.97,31.53,31.78,16287079,518308666.289,31.82,0.84,1928419153,1928419000.0,61497286789.17,61497262000.0
2025-01-11,CSX,31.78,31.93,32.14,31.71,32.2,13156321,419351114.2455,31.87,0.68,1928419153,1928419000.0,61285158753.92,61285129000.0
2025-01-09,CSX,32.2,32.2,32.31,31.88,32.19,9601824,308696682.8279,32.15,0.5,1928419153,1928419000.0,62095090941.34,62095071000.0
2025-01-08,CSX,32.19,32.01,32.41,31.96,32.0,12555102,403945315.6174,32.17,0.65,1928419153,1928419000.0,62075818320.33,62075778000.0
2025-01-07,CSX,32.0,32.27,32.49,31.97,32.34,12818993,412240868.2898,32.16,,1928419153,,61709412896.0,
2025-01-04,CSX,32.34,32.4,32.51,32.12,32.16,12763379,412837939.2614,32.35,0.66,1928419153,1928419000.0,62365069622.76,62365040000.0
2025-01-03,CSX,32.16,32.55,32.68,32.07,32.27,13851415,446455996.4428,32.23,0.72,1928419153,1928419000.0,62017967674.16,62017946000.0
2025-01-01,CSX,32.27,32.22,32.4,32.18,32.15,8416285,271575834.3352,32.27,0.44,1928419153,1928419000.0,62230095709.41,62230075000.0
2024-12-31,CSX,32.15,32.27,32.34,31.92,32.46,6587547,211645355.5956,32.13,0.34,1928419153,1928419000.0,61998664198.44,61998653000.0
2024-12-28,CSX,32.46,32.2,32.68,32.13,32.52,10429934,338426347.3183,32.45,0.54,1928419153,1928419000.0,62596499205.31,62596461000.0
2024-12-27,CSX,32.52,32.44,32.57,32.33,32.57,6619422,215195456.4905,32.51,0.34,1928419153,1928419000.0,62712200497.66,62712176000.0
2024-12-25,CSX,32.57,32.24,32.61,32.17,32.22,4777567,155069801.4844,32.46,0.25,1928419153,1928419000.0,62808627240.56,62808594000.0
2024-12-24,CSX,32.22,31.69,32.28,31.65,31.85,11260122,361055845.7104,32.07,0.58,1928419153,1928419000.0,62133668966.5,62133657000.0
2024-12-21,CSX,31.85,31.46,32.2,31.43,31.58,20139797,640926865.6085,31.82,1.04,1928419153,1928419000.0,61420163521.98,61420133000.0
2024-12-20,CSX,31.58,32.12,32.46,31.56,32.08,10800598,343416861.666,31.8,0.56,1928419153,1928419000.0,60899480708.58,60899450000.0
2024-12-19,CSX,32.08,32.81,33.06,32.04,32.93,15122454,490737212.2637,32.45,0.78,1928419153,1928419000.0,61863690285.08,61863688000.0
2024-12-18,CSX,32.93,32.78,33.15,32.69,32.94,12413075,409128795.1148,32.96,0.64,1928419153,1928419000.0,63502829209.36,63502825000.0
2024-12-17,CSX,32.94,33.25,33.33,32.86,33.24,12431489,410262856.281,33.0,0.64,1928419153,1928419000.0,63522132685.08,63522118000.0
2024-12-14,CSX,33.24,33.59,33.74,33.23,33.68,10031465,335553547.5224,33.45,0.52,1928419153,1928419000.0,64100664216.23,64100637000.0
2024-12-13,CSX,33.68,33.67,33.93,33.52,33.61,9636027,325283401.9831,33.76,0.5,1928419153,1928419000.0,64949143574.11,64949130000.0
2024-12-12,CSX,33.61,34.06,34.23,33.58,34.17,12214973,413287552.8284,33.83,0.63,1928419153,1928419000.0,64814169660.75,64814161000.0
2024-12-11,CSX,34.17,33.89,34.46,33.71,33.97,11244735,383652287.9109,34.12,0.58,1928419153,1928419000.0,65894080529.59,65894063000.0
2024-12-10,CSX,33.97,34.23,34.63,33.91,34.45,10588309,361706207.2713,34.16,0.55,1928419153,1928419000.0,65508402484.25,65508391000.0
2024-12-07,CSX,34.45,34.64,34.9,34.44,34.62,10455309,361265418.0144,34.55,0.54,1928419153,1928419000.0,66434034035.59,66434000000.0
2024-12-06,CSX,34.62,35.37,35.37,34.58,35.3,11767528,409025211.084,34.76,0.61,1928419153,1928419000.0,66761863363.18,66761813000.0
2024-12-05,CSX,35.3,35.95,35.95,34.89,36.0,17225309,607254187.813,35.25,0.89,1928419153,1928419000.0,68073203814.58,68073125000.0
2024-12-04,CSX,36.0,36.27,36.5,35.79,36.34,9959086,358369822.1139,35.98,0.52,1928419153,1928419000.0,69423089508.0,69423063000.0
2024-12-03,CSX,36.34,36.51,36.55,35.8,36.55,12111657,439129998.1875,36.26,0.63,1928419153,1928419000.0,70078746234.76,70078688000.0
2024-11-30,CSX,36.55,36.46,36.76,36.41,36.46,5129387,187579610.3177,36.57,0.27,1928419153,1928419000.0,70483727755.83,70483688000.0
2024-11-28,CSX,36.58,36.76,36.91,36.51,36.69,6370231,233323126.0815,36.63,0.33,1928419153,1928419000.0,70541576473.58,70541500000.0
2024-11-27,CSX,36.69,36.47,36.82,36.04,36.62,9467805,346498031.3587,36.6,0.49,1928419153,1928419000.0,70753704508.83,70753688000.0
2024-11-26,CSX,36.62,35.97,36.75,35.97,35.78,13218325,483100777.7449,36.55,0.69,1928419153,1928419000.0,70618701669.18,70618625000.0
2024-11-23,CSX,35.78,35.47,35.91,35.37,35.34,8825242,315393868.6739,35.74,0.46,1928419153,1928419000.0,68998835365.92,68998750000.0
2024-11-22,CSX,35.34,34.7,35.36,34.6,34.57,10343833,363993359.7209,35.19,0.54,1928419153,1928419000.0,68150327081.76,68150313000.0
2024-11-21,CSX,34.57,34.68,34.78,34.41,34.6,7539039,260588398.3818,34.57,0.39,1928419153,1928419000.0,66665465546.56,66665375000.0
2024-11-20,CSX,34.6,34.52,34.88,34.5,34.97,9738774,337710453.1655,34.68,0.51,1928419153,1928419000.0,66723316192.73,66723250000.0
2024-11-19,CSX,34.97,35.35,35.49,34.95,35.13,7190192,252842397.0412,35.16,0.37,1928419153,1928419000.0,67436821637.25,67436750000.0
2024-11-16,CSX,35.13,35.56,35.69,35.0,35.63,10597797,373078486.9098,35.2,0.55,1928419153,1928419000.0,67745374486.99,67745313000.0
2024-11-15,CSX,35.63,36.33,36.45,35.5,36.48,14774075,527988564.4088,35.74,0.77,1928419153,1928419000.0,68709584063.49,68709563000.0
2024-11-14,CSX,36.48,35.98,36.53,35.92,36.13,8667469,314933344.1944,36.34,0.45,1928419153,1928419000.0,70348722987.76,70348688000.0
2024-11-13,CSX,36.13,36.4,36.58,36.03,36.52,11152899,403656806.5896,36.19,0.58,1928419153,1928419000.0,69673793639.99,69673750000.0
2024-11-12,CSX,36.52,36.29,36.96,36.25,36.0,10200184,373963225.8816,36.66,0.53,1928419153,1928419000.0,70425877109.66,70425813000.0
2024-11-09,CSX,36.0,35.63,36.07,35.31,35.56,12968395,465031030.7524,35.86,0.67,1928419153,1928419000.0,69423089508.0,69423063000.0
2024-11-08,CSX,35.56,36.64,36.72,35.23,36.88,22130071,789709525.5384,35.68,1.15,1928419153,1928419000.0,68574581223.84,68574563000.0
2024-11-07,CSX,36.88,36.05,37.1,35.95,34.02,25893891,950406889.4505,36.7,1.34,1928419153,1928419000.0,71120108004.74,71120063000.0
2024-11-06,CSX,34.02,33.41,34.04,33.35,33.36,7707371,261499521.5588,33.93,0.4,1928419153,1928419000.0,65604829227.16,65604813000.0
2024-11-05,CSX,33.36,33.47,33.87,33.32,33.39,12457614,417097024.4149,33.48,0.65,1928419153,1928419000.0,64332064872.5,64332063000.0
2024-11-02,CSX,33.39,33.69,33.92,33.35,33.64,11062325,371574680.077,33.59,0.57,1928419153,1928419000.0,64389915518.67,64389895000.0
2024-11-01,CSX,33.64,33.56,34.0,33.42,33.54,11551520,389767922.384,33.74,0.6,1928419153,1928419000.0,64872020306.92,64871997000.0
2024-10-31,CSX,33.54,33.19,33.77,33.19,33.25,11865098,398300756.1926,33.57,0.62,1928419153,1928419000.0,64679166821.11,64679157000.0
2024-10-30,CSX,33.25,33.18,33.67,33.12,33.26,13083313,437143487.3667,33.41,0.68,1928419153,1928419000.0,64119936837.25,64119930000.0
2024-10-29,CSX,33.26,33.44,33.54,33.19,33.27,8016598,267073715.9302,33.32,0.42,1928419153,1928419000.0,64139211386.68,64139180000.0
2024-10-26,CSX,33.27,33.21,33.35,32.96,33.1,14067075,466966317.1751,33.2,0.73,1928419153,1928419000.0,64158514862.41,64158473000.0
2024-10-25,CSX,33.1,33.37,33.57,32.84,33.59,15051442,497656453.1641,33.06,0.78,1928419153,1928419000.0,63830687463.23,63830668000.0
2024-10-24,CSX,33.59,33.64,33.7,33.33,33.85,11925141,400053945.3417,33.55,0.62,1928419153,1928419000.0,64775593564.01,64775570000.0
2024-10-23,CSX,33.85,33.55,33.88,33.34,33.66,11223536,378317395.8377,33.71,0.58,1928419153,1928419000.0,65277001827.98,65276969000.0
2024-10-22,CSX,33.66,34.07,34.2,33.61,34.12,10142801,342433133.1212,33.76,0.53,1928419153,1928419000.0,64910596403.66,64910579000.0
2024-10-19,CSX,34.12,33.2,34.33,33.13,33.09,21248586,722335205.5171,33.99,1.1,1928419153,1928419000.0,65797653786.68,65797625000.0
2024-10-18,CSX,33.09,33.9,34.28,33.09,35.47,28487950,953773859.6448,33.48,1.47,1938740960,1938740000.0,64152932550.18,64152903000.0
2024-10-17,CSX,35.47,35.79,36.19,35.43,35.5,17623954,628387437.552,35.66,0.91,1938740960,1938740000.0,68767145728.68,68767130000.0
2024-10-16,CSX,35.5,35.42,35.94,35.28,35.29,12259110,436583770.2438,35.61,0.63,1938740960,1938740000.0,68825304080.0,68825250000.0
2024-10-15,CSX,35.29,34.96,35.35,34.68,34.96,11825364,415927627.1154,35.17,0.61,1938740960,1938740000.0,68418156845.95,68418130000.0
2024-10-12,CSX,34.96,34.65,35.01,34.59,34.53,6766465,235701702.0499,34.83,0.35,1938740960,1938740000.0,67778397532.79,67778375000.0
2024-10-11,CSX,34.53,34.15,34.57,33.99,34.26,6550953,225576858.5474,34.43,0.34,1938740960,1938740000.0,66944723410.06,66944690000.0
2024-10-10,CSX,34.26,33.92,34.36,33.84,33.87,7715664,263898878.939,34.2,0.4,1938740960,1938740000.0,66421255595.9,66421190000.0
2024-10-09,CSX,33.87,33.71,34.13,33.6,33.65,9186606,311414956.2192,33.9,0.47,1938740960,1938740000.0,65665148560.24,65665063000.0
2024-10-08,CSX,33.65,34.24,34.27,33.53,34.49,10763239,363386279.4172,33.76,0.56,1938740960,1938740000.0,65238621671.55,65238590000.0
2024-10-05,CSX,34.49,34.79,35.08,34.11,34.12,10243426,352947424.7954,34.46,0.53,1938740960,1938740000.0,66867187342.85,66867125000.0
2024-10-04,CSX,34.12,34.11,34.29,33.64,34.17,14237032,483673278.6698,33.97,0.73,1938740960,1938740000.0,66149833800.24,66149810000.0
2024-10-03,CSX,34.17,34.47,34.76,34.16,34.52,7030867,241213585.8935,34.31,0.36,1938740960,1938740000.0,66246776664.46,66246688000.0
2024-10-02,CSX,34.52,34.42,34.66,34.01,34.53,10471118,360342531.3784,34.41,0.54,1938740960,1938740000.0,66925347632.9,66925313000.0
2024-10-01,CSX,34.53,34.57,34.91,34.23,34.53,9407633,324650763.6335,34.51,0.49,1938740960,1938740000.0,66944723410.06,66944690000.0
2024-09-28,CSX,34.53,34.27,35.03,34.12,33.9,11446665,396878745.9867,34.67,0.59,1938740960,1938740000.0,66944723410.06,66944688000.0
2024-09-27,CSX,33.9,33.68,34.1,33.62,33.52,8115895,274954308.178,33.88,0.42,1938740960,1938740000.0,65723306911.55,65723250000.0
2024-09-26,CSX,33.52,34.2,34.22,33.47,34.14,8278047,278934538.6296,33.7,0.43,1938740960,1938740000.0,64986606672.9,64986602000.0
2024-09-25,CSX,34.14,34.02,34.41,33.89,34.02,10494024,358319456.9063,34.15,0.54,1938740960,1938740000.0,66188616374.4,66188563000.0
2024-09-24,CSX,34.02,34.86,34.93,33.77,34.93,12587500,428555245.9875,34.05,0.65,1938740960,1938740000.0,65955977152.9,65955938000.0
2024-09-21,CSX,34.93,34.66,34.96,34.27,34.8,31214840,1085171520.3085,34.76,1.61,1938740960,1938740000.0,67720208161.61,67720188000.0
2024-09-20,CSX,34.8,34.53,34.97,34.31,34.05,12031586,417333523.5679,34.69,0.62,1938740960,1938740000.0,67468193162.96,67468125000.0
2024-09-19,CSX,34.05,34.09,34.35,33.8,34.07,8448965,287541995.1948,34.03,0.44,1938740960,1938740000.0,66014137442.96,66014130000.0
2024-09-18,CSX,34.07,33.95,34.27,33.93,33.81,6837988,233083098.476,34.09,0.35,1938740960,1938740000.0,66052920017.13,66052875000.0
2024-09-17,CSX,33.81,33.75,34.14,33.56,33.52,8007078,270533583.0058,33.79,0.41,1938740960,1938740000.0,65548827980.12,65548810000.0
2024-09-14,CSX,33.52,33.56,33.95,33.39,33.45,7680520,258084627.2169,33.6,0.4,1938740960,1938740000.0,64986606672.9,64986602000.0
2024-09-13,CSX,33.45,33.31,33.5,32.45,33.3,14223485,472817159.4874,33.24,0.73,1938740960,1938740000.0,64850879295.78,64850860000.0
2024-09-12,CSX,33.3,33.4,33.4,32.5,33.51,9594809,317065279.9991,33.05,0.49,1938740960,1938740000.0,64560081722.96,64560043000.0
2024-09-11,CSX,33.51,33.82,33.83,33.28,33.76,9673227,324037607.9903,33.5,0.5,1938740960,1938740000.0,64967199875.9,64967188000.0
2024-09-10,CSX,33.76,33.55,33.86,33.25,33.37,9775715,329351619.8191,33.69,0.5,1938740960,1938740000.0,65451885115.9,65451868000.0
2024-09-07,CSX,33.37,33.98,34.07,33.33,34.02,10912321,365630366.2409,33.51,0.56,1938740960,1938740000.0,64695778080.24,64695747000.0
2024-09-06,CSX,34.02,34.79,34.89,33.92,34.86,7982555,272412735.7904,34.13,0.41,1938740960,1938740000.0,65955977152.9,65955938000.0
2024-09-05,CSX,34.86,34.59,35.08,34.48,34.58,9862098,343069824.7724,34.79,0.51,1938740960,1938740000.0,67584511804.34,67584438000.0
2024-09-04,CSX,34.58,34.2,34.71,34.14,34.27,11986446,413414967.775,34.49,0.62,1938740960,1938740000.0,67041666274.28,67041625000.0
2024-08-31,CSX,34.27,33.99,34.32,33.71,33.82,9050356,308857906.2207,34.13,0.47,1938740960,1938740000.0,66440662392.9,66440625000.0
2024-08-30,CSX,33.82,33.83,34.11,33.49,33.6,7526055,256024371.9902,33.9,0.39,1938740960,1938740000.0,65800873998.62,65800813000.0
2024-08-29,CSX,33.72,33.6,33.91,33.42,33.58,8894203,299510551.6554,33.67,0.46,1938740960,1938740000.0,65374349048.68,65374329000.0
2024-08-28,CSX,33.58,33.67,33.77,33.5,33.67,7487684,251734416.0801,33.62,0.39,1938740960,1938740000.0,65102925314.28,65102887000.0
2024-08-27,CSX,33.67,33.88,33.94,33.61,33.69,5857336,197478900.0581,33.71,0.3,1938740960,1938740000.0,65277406184.46,65277375000.0
2024-08-24,CSX,33.69,33.59,33.85,33.41,33.23,10397907,349727363.2008,33.63,0.54,1938740960,1938740000.0,65316188758.62,65316165000.0
2024-08-23,CSX,33.23,33.83,33.87,32.98,33.79,14439567,479998613.3782,33.24,0.74,1938740960,1938740000.0,64424354345.84,64424344000.0
2024-08-22,CSX,33.79,33.84,33.93,33.66,33.58,7231422,244239137.5491,33.77,0.37,1938740960,1938740000.0,65510045405.95,65510032000.0
2024-08-21,CSX,33.58,33.55,33.68,33.49,33.64,6067414,203838395.5762,33.6,0.31,1938740960,1938740000.0,65102925314.28,65102887000.0
2024-08-20,CSX,33.64,33.42,33.68,33.28,33.42,8826145,296291066.2849,33.57,0.46,1938740960,1938740000.0,65219245894.4,65219215000.0
2024-08-17,CSX,33.42,33.59,33.67,33.28,33.63,9870520,330066299.8151,33.44,0.51,1938740960,1938740000.0,64792720944.46,64792696000.0
2024-08-16,CSX,33.63,33.6,33.83,33.46,33.36,12332618,414454893.5552,33.61,0.64,1938740960,1938740000.0,65199868178.5,65199840000.0
2024-08-15,CSX,33.36,33.19,33.48,33.11,33.22,12255336,407956874.8123,33.29,0.63,1938740960,1938740000.0,64676400364.34,64676372000.0
2024-08-14,CSX,33.22,33.58,33.67,32.97,33.5,13988926,464244891.5916,33.19,0.72,1938740960,1938740000.0,64404978568.68,64404969000.0
2024-08-13,CSX,33.5,34.04,34.12,33.39,34.0,8733262,292990442.7191,33.55,0.45,1938740960,1938740000.0,64947822160.0,64947813000.0
2024-08-10,CSX,34.0,34.11,34.31,33.73,34.25,7875149,267827533.1211,34.01,0.41,1938740960,1938740000.0,65917192640.0,65917125000.0
2024-08-09,CSX,34.25,33.71,34.38,33.62,33.62,8375098,286462706.252,34.2,0.43,1938740960,1938740000.0,66401877880.0,66401813000.0
2024-08-08,CSX,33.62,33.84,34.44,33.6,33.86,10019321,340162039.6972,33.95,0.52,1938740960,1938740000.0,65180463320.24,65180426000.0
2024-08-07,CSX,33.86,32.14,34.5,32.12,33.0,18679485,635892594.8565,34.04,0.96,1938740960,1938740000.0,65645770844.34,65645690000.0
2024-08-06,CSX,33.0,34.43,34.43,32.77,34.08,18510590,612913326.7426,33.11,0.95,1954926880,1954926000.0,64512587040.0,64512571000.0
2024-08-03,CSX,34.08,34.77,34.85,33.49,34.77,13305922,451404667.9126,33.93,0.68,1954926880,1954926000.0,66623911980.25,66623875000.0
2024-08-02,CSX,34.77,35.1,35.25,34.39,35.1,9280563,321845330.9613,34.68,0.47,1954926880,1954926000.0,67972817392.23,67972750000.0
2024-08-01,CSX,35.1,35.06,35.44,34.71,35.02,9983129,350636391.6385,35.12,0.51,1954926880,1954926000.0,68617947172.49,68617880000.0
2024-07-31,CSX,35.02,34.43,35.1,34.36,34.4,12364606,430264746.5902,34.8,0.63,1954926880,1954926000.0,68461549112.23,68461500000.0
2024-07-30,CSX,34.4,34.37,34.8,34.21,34.32,10575114,364234389.7311,34.44,0.54,1954926880,1954926000.0,67249472942.44,67249438000.0
2024-07-27,CSX,34.32,33.72,34.65,33.7,33.6,9897258,339960915.042,34.35,0.51,1954926880,1954926000.0,67093106161.02,67093063000.0
2024-07-26,CSX,33.6,33.32,34.08,33.09,33.2,14530754,489772184.8409,33.71,0.74,1954926880,1954926000.0,65685556852.49,65685500000.0
2024-07-25,CSX,33.2,33.64,33.64,33.11,33.64,16504731,548774003.8703,33.25,0.84,1954926880,1954926000.0,64903566551.22,64903540000.0
2024-07-24,CSX,33.64,34.28,34.32,33.61,34.51,10978375,371620244.3169,33.85,0.56,1954926880,1954926000.0,65763740243.2,65763690000.0
2024-07-23,CSX,34.51,34.79,34.82,34.1,34.69,10739649,369260331.3003,34.38,0.55,1954926880,1954926000.0,67464516854.17,67464440000.0
2024-07-20,CSX,34.69,35.05,35.17,34.41,35.02,7383289,256148400.9773,34.69,0.38,1954926880,1954926000.0,67816419331.98,67816380000.0
2024-07-19,CSX,35.02,35.23,35.46,34.94,35.45,8452867,296974542.4995,35.13,0.43,1954926880,1954926000.0,68461549112.23,68461500000.0
2024-07-18,CSX,35.45,35.16,35.52,35.07,35.33,11175567,395430674.9445,35.38,0.57,1954926880,1954926000.0,69302152031.22,69302130000.0
2024-07-17,CSX,35.33,34.6,35.63,34.47,34.6,13257083,468213577.8515,35.32,0.68,1954926880,1954926000.0,69067570580.25,69067500000.0
2024-07-16,CSX,34.6,33.9,34.88,33.76,33.79,13872274,480080463.6669,34.61,0.71,1954926880,1954926000.0,67640483732.49,67640440000.0
2024-07-13,CSX,33.79,33.82,34.06,33.64,33.74,6764399,229010764.2291,33.86,0.35,1954926880,1954926000.0,66056967545.64,66056875000.0
2024-07-12,CSX,33.74,32.9,33.8,32.87,32.92,9850418,330817492.1067,33.58,0.5,1954926880,1954926000.0,65959244660.76,65959190000.0
2024-07-11,CSX,32.92,32.5,32.96,32.37,32.48,8585594,281635025.7856,32.8,0.44,1954926880,1954926000.0,64356190934.67,64356190000.0
2024-07-10,CSX,32.48,33.17,33.27,32.07,33.39,14924583,485305605.5539,32.52,0.76,1954926880,1954926000.0,63496017242.69,63495980000.0
2024-07-09,CSX,33.39,32.84,33.42,32.8,33.3,7970856,265115492.9279,33.26,0.41,1954926880,1954926000.0,65275008523.2,65275000000.0
2024-07-06,CSX,33.3,33.53,33.55,33.1,33.55,9545348,317967034.479,33.31,0.49,1954926880,1954926000.0,65099072923.71,65099040000.0
2024-07-04,CSX,33.55,33.7,33.74,33.46,33.76,4523227,151836136.2587,33.57,0.23,1954926880,1954926000.0,65587804643.71,65587750000.0
2024-07-03,CSX,33.76,33.62,33.87,33.54,33.59,11763051,396682945.6845,33.72,0.6,1954926880,1954926000.0,65998321694.17,65998310000.0
2024-07-02,CSX,33.59,33.48,33.82,33.31,33.45,11091067,372024277.6056,33.54,0.57,1954926880,1954926000.0,65665988034.42,65665940000.0
2024-06-29,CSX,33.45,33.16,33.6,33.08,33.03,15864930,530494734.0559,33.44,0.81,1954926880,1954926000.0,65392298271.22,65392270000.0
2024-06-28,CSX,33.03,33.16,33.22,32.94,33.01,14253317,471458434.5007,33.08,0.73,1954926880,1954926000.0,64571232891.47,64571230000.0
2024-06-27,CSX,33.01,32.71,33.22,32.58,32.71,15753805,520163796.6163,33.02,0.81,1954926880,1954926000.0,64532126534.17,64532110000.0
2024-06-26,CSX,32.71,33.09,33.09,32.3,33.21,11303329,368871663.0398,32.63,0.58,1954926880,1954926000.0,63945671929.29,63945640000.0
2024-06-25,CSX,33.21,33.54,33.81,33.19,33.41,9553527,319350581.1137,33.43,0.49,1954926880,1954926000.0,64923135369.29,64923110000.0
2024-06-22,CSX,33.41,33.44,33.53,33.11,33.31,18688153,624301970.8113,33.41,0.96,1954926880,1954926000.0,65314114880.51,65314079000.0
2024-06-21,CSX,33.31,32.83,33.37,32.78,33.03,10799801,358976712.9998,33.24,0.55,1954926880,1954926000.0,65118610462.95,65118570000.0
2024-06-19,CSX,33.03,32.71,33.06,32.6,32.61,12603747,414669552.966,32.9,0.64,1954926880,1954926000.0,64571232891.47,64571230000.0
2024-06-18,CSX,32.61,32.01,32.71,31.92,32.18,14397938,468608334.6798,32.55,0.74,1954926880,1954926000.0,63750167511.73,63750140000.0
2024-06-15,CSX,32.18,32.42,32.42,31.74,32.53,13292008,425578115.5888,32.02,0.68,1954926880,1954926000.0,62909533313.91,62909520000.0
2024-06-14,CSX,32.53,32.54,32.68,32.22,32.76,7840445,254877154.6982,32.51,0.4,1954926880,1954926000.0,63593769451.47,63593760000.0
2024-06-13,CSX,32.76,32.79,33.12,32.51,32.67,8229692,269861468.0807,32.79,0.42,1954926880,1954926000.0,64043394814.17,64043380000.0
2024-06-12,CSX,32.67,32.68,32.83,32.56,32.93,6757438,220733111.0597,32.67,0.35,1954926880,1954926000.0,63867459214.67,63867450000.0
2024-06-11,CSX,32.93,32.67,32.93,32.46,32.75,8326754,273174994.1294,32.81,0.43,1954926880,1954926000.0,64375728473.91,64375720000.0
2024-06-08,CSX,32.75,32.86,33.25,32.66,32.99,8944852,294654096.0884,32.94,0.46,1954926880,1954926000.0,64023855320.0,64023840000.0
2024-06-07,CSX,32.99,32.98,33.14,32.84,33.05,7093188,233764579.1111,32.96,0.36,1954926880,1954926000.0,64493049500.76,64493040000.0
2024-06-06,CSX,33.05,32.8,33.13,32.59,32.77,8531406,281210566.542,32.96,0.44,1954926880,1954926000.0,64610341203.71,64610300000.0
2024-06-05,CSX,32.77,33.21,33.21,32.75,33.18,8229363,270637382.1909,32.89,0.42,1954926880,1954926000.0,64062963632.23,64062950000.0
2024-06-04,CSX,33.18,33.66,33.87,32.87,33.75,9721652,322393312.2848,33.16,0.5,1954926880,1954926000.0,64864460193.91,64864420000.0
2024-06-01,CSX,33.75,33.33,33.83,33.13,33.18,30345071,1014311430.1192,33.43,1.55,1954926880,1954926000.0,65978782200.0,65978750000.0
2024-05-31,CSX,33.18,33.12,33.39,33.08,33.12,12463872,415789834.2267,33.24,0.64,1954926880,1954926000.0,65099072923.71,65099040000.0
2024-05-30,CSX,33.12,33.09,33.35,32.96,33.36,8656434,288273154.433,33.18,0.44,1954926880,1954926000.0,64981781220.76,64981770000.0
2024-05-29,CSX,33.36,33.65,33.8,33.33,33.66,9949301,334279579.8897,33.48,0.51,1954926880,1954926000.0,65450944122.69,65450930000.0
2024-05-25,CSX,33.66,33.47,33.7,33.39,33.38,8854602,298684337.8334,33.61,0.45,1954926880,1954926000.0,66037428051.47,66037375000.0
2024-05-24,CSX,33.38,33.92,33.99,33.32,33.89,12453700,419332218.9952,33.55,0.64,1954926880,1954926000.0,65490050480.0,65490040000.0
2024-05-23,CSX,33.89,32.99,33.93,32.98,32.95,17390907,587685616.0244,33.67,0.89,1954926880,1954926000.0,66487053414.17,66487000000.0
2024-05-22,CSX,32.95,33.23,33.24,32.82,33.29,9165645,303161095.8849,32.96,0.47,1954926880,1954926000.0,64649447561.02,64649420000.0
2024-05-21,CSX,33.29,33.41,33.51,33.03,33.4,7800387,260852702.6651,33.32,0.4,1954926880,1954926000.0,65314114880.51,65314080000.0
2024-05-18,CSX,33.4,33.8,33.82,33.35,33.81,8218484,276214223.3446,33.49,0.42,1954926880,1954926000.0,65529158792.23,65529118000.0
2024-05-17,CSX,33.81,33.77,33.88,33.61,33.72,10161696,344083105.1083,33.74,0.52,1954926880,1954926000.0,66330655353.91,66330560000.0
2024-05-16,CSX,33.72,33.95,34.22,33.67,33.81,12532094,426029813.8036,33.87,0.64,1954926880,1954926000.0,66154719754.42,66154690000.0
2024-05-15,CSX,33.81,34.4,34.56,33.69,34.4,14001313,476629812.8755,33.92,0.72,1954926880,1954926000.0,66330655353.91,66330560000.0
2024-05-14,CSX,34.4,34.46,34.5,34.01,34.26,10039165,345303103.674,34.27,0.51,1954926880,1954926000.0,67484085672.23,67484000000.0
2024-05-11,CSX,34.26,34.48,34.57,34.12,34.38,7834531,269471843.2265,34.27,0.4,1954926880,1954926000.0,67210395909.03,67210310000.0
2024-05-10,CSX,34.38,34.1,34.53,33.96,34.1,11379551,392422610.0026,34.36,0.58,1954926880,1954926000.0,67444977360.0,67444940000.0
2024-05-09,CSX,34.1,33.77,34.13,33.72,33.84,8092289,275933281.8241,33.98,0.41,1954926880,1954926000.0,66897601743.45,66897560000.0
2024-05-08,CSX,33.84,33.75,34.02,33.73,33.56,9546293,324341051.5434,33.85,0.49,1954926880,1954926000.0,66389330529.29,66389310000.0
2024-05-07,CSX,33.56,33.75,33.86,33.43,33.73,8992945,302969601.1806,33.57,0.46,1954926880,1954926000.0,65841923633.91,65841880000.0
2024-05-04,CSX,33.73,33.7,33.85,33.54,33.45,6618098,223796251.876,33.69,0.34,1954926880,1954926000.0,66174288572.49,66174250000.0
2024-05-03,CSX,33.45,33.19,33.64,33.04,33.08,9457547,316692609.9505,33.37,0.48,1954926880,1954926000.0,65626911001.02,65626880000.0
2024-05-02,CSX,33.08,33.09,33.4,32.84,33.1,12227704,406407343.4495,33.12,0.63,1954926880,1954926000.0,64903566551.22,64903540000.0
2024-05-01,CSX,33.1,33.78,33.85,33.01,33.83,17483872,583819827.8239,33.27,0.89,1954926880,1954926000.0,64942674863.45,64942650000.0
2024-04-30,CSX,33.83,33.77,34.04,33.63,33.87,11084567,376068332.607,33.8,0.57,1954926880,1954926000.0,66369761711.22,66369690000.0
2024-04-27,CSX,33.87,33.52,34.05,33.45,33.91,10661946,362687406.4201,33.89,0.55,1954926880,1954926000.0,66447976380.76,66447940000.0
2024-04-26,CSX,33.91,33.69,34.07,33.52,33.55,11992122,407082186.9797,33.82,0.61,1954926880,1954926000.0,66526159771.47,66526130000.0
2024-04-25,CSX,33.55,34.31,34.31,33.29,34.59,23767918,801501754.5639,33.6,1.22,1954926880,1954926000.0,65822386094.67,65822310000.0
2024-04-24,CSX,34.59,34.5,34.84,34.38,34.5,19272516,669274716.6079,34.6,0.99,1954926880,1954926000.0,67875065183.45,67875000000.0
2024-04-23,CSX,34.5,34.45,34.63,34.1,34.22,14638422,505877485.8836,34.43,0.75,1954926880,1954926000.0,67679560765.89,67679500000.0
2024-04-20,CSX,34.22,34.33,34.49,34.08,34.27,13615438,467733810.2398,34.23,0.7,1954926880,1954926000.0,67132183194.42,67132130000.0
2024-04-19,CSX,34.27,34.62,34.95,33.96,34.04,25707083,888519102.5598,34.44,1.31,1954926880,1954926000.0,67229935403.2,67229880000.0
2024-04-18,CSX,34.04,34.62,34.65,33.8,34.71,24343512,834468837.8403,34.16,1.25,1954926880,1954926000.0,66780310040.51,66780250000.0
2024-04-17,CSX,34.71,35.12,35.12,34.63,35.01,12794278,446734005.0254,34.79,0.65,1954926880,1954926000.0,68109646634.42,68109630000.0
2024-04-16,CSX,35.01,35.58,35.7,34.85,35.21,15632649,550065973.4651,35.06,0.8,1954926880,1954926000.0,68696130563.2,68696060000.0
2024-04-13,CSX,35.21,35.03,35.35,34.97,35.3,15163704,535204524.8689,35.17,0.78,1954926880,1954926000.0,69087110074.42,69087060000.0
2024-04-12,CSX,35.3,35.23,35.57,35.01,35.28,10695418,378952617.2605,35.3,0.55,1954926880,1954926000.0,69263045673.91,69263000000.0
2024-04-11,CSX,35.28,35.41,35.53,35.14,35.82,13709481,486212145.2005,35.34,0.7,1954926880,1954926000.0,69223968640.51,69223940000.0
2024-04-10,CSX,35.82,35.87,36.01,35.53,35.92,12472915,447833726.7258,35.78,0.64,1954926880,1954926000.0,70279615471.22,70279560000.0
2024-04-09,CSX,35.92,36.0,36.27,35.87,36.17,12537430,453186695.9061,36.02,0.64,1954926880,1954926000.0,70475121843.71,70475060000.0
2024-04-06,CSX,36.17,36.15,36.37,36.02,35.99,8863336,322026251.1597,36.2,0.45,1954926880,1954926000.0,70963853563.71,70963810000.0
2024-04-05,CSX,35.99,36.49,36.64,35.83,36.29,12437293,451998515.0408,36.21,0.64,1954926880,1954926000.0,70611951085.89,70611880000.0
2024-04-04,CSX,36.29,36.38,36.69,36.15,36.38,9199496,336090707.0656,36.4,0.47,1954926880,1954926000.0,71198435014.67,71198380000.0
2024-04-03,CSX,36.38,36.58,36.71,36.17,36.65,10635606,388279471.1298,36.38,0.54,1954926880,1954926000.0,71374370614.17,71374310000.0
2024-04-02,CSX,36.65,36.85,36.87,36.43,36.94,12179887,447614574.2954,36.62,0.62,1954926880,1954926000.0,71902208691.47,71902190000.0
2024-03-29,CSX,36.94,36.8,37.04,36.56,36.71,8659559,320479930.417,36.88,0.44,1957592960,1957592000.0,72567986687.94,72567940000.0
2024-03-28,CSX,36.71,36.21,36.73,36.11,36.0,8578309,314297197.8142,36.51,0.44,1957592960,1957592000.0,72117718773.62,72117690000.0
2024-03-27,CSX,36.0,35.73,36.55,35.57,36.71,14861008,537701095.4831,36.05,0.76,1957592960,1957592000.0,70727843432.76,70727750000.0
2024-03-26,CSX,36.71,37.21,37.27,36.62,37.22,9664457,356931630.3646,36.8,0.49,1957592960,1957592000.0,72117718773.62,72117690000.0
2024-03-23,CSX,37.22,37.83,37.89,37.2,37.73,10437200,391290690.6232,37.35,0.53,1957592960,1957592000.0,73116110759.15,73116060000.0
2024-03-22,CSX,37.73,37.68,37.74,37.33,37.47,10512504,396835483.2706,37.61,0.54,1957592960,1957592000.0,74134037564.83,74133940000.0
2024-03-21,CSX,37.47,36.81,37.54,36.66,36.85,13891883,517904651.5275,37.15,0.71,1957592960,1957592000.0,73625073183.19,73625060000.0
2024-03-20,CSX,36.85,37.19,37.31,36.73,37.18,14900348,551457483.8773,36.88,0.76,1957592960,1957592000.0,72391779830.43,72391750000.0
2024-03-19,CSX,37.18,36.87,37.2,36.78,36.84,9414094,350381244.1108,37.08,0.48,1957592960,1957592000.0,73037789422.41,73037750000.0
2024-03-16,CSX,36.84,36.99,37.23,36.79,36.9,17757965,657882809.9161,36.91,0.91,1957592960,1957592000.0,72372215646.39,72372130000.0
2024-03-15,CSX,36.9,37.72,37.72,36.57,37.64,13671036,505449726.329,36.84,0.7,1957592960,1957592000.0,72489665351.21,72489630000.0
2024-03-14,CSX,37.64,37.72,37.79,37.36,37.68,12440907,469135493.24,37.57,0.64,1957592960,1957592000.0,73957860071.21,73957810000.0
2024-03-13,CSX,37.68,37.79,38.0,37.57,37.9,10346926,392125701.122,37.76,0.53,1957592960,1957592000.0,74036181407.94,74036130000.0
2024-03-12,CSX,37.9,38.1,38.21,37.71,38.05,5975402,227205142.2346,37.89,0.31,1957592960,1957592000.0,74466824452.84,74466750000.0
2024-03-09,CSX,38.05,37.8,38.19,37.75,37.78,7684457,293481746.3835,38.05,0.39,1959134880,1959134000.0,74819366944.6,74819310000.0
2024-03-08,CSX,37.78,38.27,38.32,37.73,37.95,8116238,308966545.7776,37.93,0.41,1959134880,1959134000.0,74290392690.47,74290380000.0
2024-03-07,CSX,37.95,38.07,38.37,37.9,38.11,8585973,328120659.8128,38.08,0.44,1959134880,1959134000.0,74623441701.8,74623380000.0
2024-03-06,CSX,38.11,38.3,38.47,37.94,38.24,11336887,434546370.4712,38.19,0.58,1959134880,1959134000.0,74936909160.0,74936880000.0
2024-03-05,CSX,38.24,38.03,38.26,37.96,38.09,7901457,302561809.1998,38.15,0.4,1959134880,1959134000.0,75191606490.07,75191560000.0
2024-03-02,CSX,38.09,37.65,38.11,37.49,37.8,7890969,300367351.9124,37.93,0.4,1959134880,1959134000.0,74897718625.86,74897690000.0
2024-03-01,CSX,37.8,37.72,37.96,37.59,37.54,14362684,545216130.9758,37.82,0.73,1959134880,1959134000.0,74329583224.6,74329560000.0
2024-02-29,CSX,37.54,37.7,37.96,37.52,37.7,10889969,411761674.186,37.67,0.56,1959134880,1959134000.0,73820188564.46,73820130000.0
2024-02-28,CSX,37.7,37.94,37.97,37.54,37.92,8876762,337318722.4756,37.74,0.45,1959134880,1959134000.0,74368773758.74,74368690000.0
2024-02-27,CSX,37.92,38.01,38.44,37.89,38.07,13371168,512811115.363,38.09,0.68,1959134880,1959134000.0,74799756004.46,74799690000.0
2024-02-24,CSX,38.07,37.68,39.85,37.6,37.63,26652715,1019749000.7926,38.0,1.36,1959134880,1959134000.0,75093643868.67,75093560000.0
2024-02-23,CSX,37.63,36.96,37.77,36.84,36.85,17846504,673318310.4027,37.47,0.91,1959134880,1959134000.0,74231620603.2,74231560000.0
2024-02-22,CSX,36.85,36.75,36.9,36.58,36.61,10010098,370641846.5759,36.78,0.51,1959134880,1959134000.0,72683917761.94,72683880000.0
2024-02-21,CSX,36.61,36.51,36.67,36.2,36.47,14300465,525879665.5268,36.53,0.73,1959134880,1959134000.0,72213713635.93,72213690000.0
2024-02-17,CSX,36.47,36.64,36.77,36.4,36.75,12668426,466062613.3208,36.54,0.65,1959134880,1959134000.0,71939436711.87,71939380000.0
2024-02-16,CSX,36.75,36.93,37.14,36.64,36.75,9581406,354852238.5642,36.79,0.49,1959134880,1959134000.0,72487990560.0,72487940000.0
2024-02-15,CSX,36.75,36.38,36.81,36.34,36.36,8318356,306666142.6938,36.62,0.42,1959134880,1959134000.0,72487990560.0,72487940000.0
2024-02-14,CSX,36.36,36.52,36.59,36.1,36.62,11241598,410941167.7372,36.31,0.57,1959134880,1959134000.0,71723929915.93,71723880000.0
2024-02-13,CSX,36.62,36.54,36.68,36.17,36.64,11684723,428588605.4368,36.43,0.6,1959134880,1959134000.0,72233295189.06,72233250000.0
2024-02-10,CSX,36.64,36.87,36.97,36.49,36.82,9439227,348167709.6658,36.64,0.48,1959134880,1959134000.0,72272485723.2,72272440000.0
2024-02-09,CSX,36.82,36.81,36.89,36.47,36.74,8489063,313740547.59,36.71,0.43,1959134880,1959134000.0,72625145674.68,72625060000.0
2024-02-08,CSX,36.74,36.95,37.12,36.74,36.77,9536070,353868290.4519,36.86,0.49,1959134880,1959134000.0,72468410966.01,72468380000.0
2024-02-07,CSX,36.77,36.58,36.9,36.4,36.48,9139149,338158556.9248,36.75,0.47,1959134880,1959134000.0,72527183053.27,72527130000.0
2024-02-06,CSX,36.48,35.99,36.68,35.96,36.28,11621723,426674138.9822,36.47,0.59,1959134880,1959134000.0,71959016305.86,71958940000.0
2024-02-03,CSX,36.28,36.0,36.5,35.83,36.04,13400782,488952898.9503,36.24,0.68,1959134880,1959134000.0,71567195207.27,71567130000.0
2024-02-02,CSX,36.04,35.51,36.04,35.4,35.46,13146719,474182394.8113,35.82,0.67,1959134880,1959134000.0,71077411487.27,71077380000.0
2024-02-01,CSX,35.46,35.72,35.88,35.41,35.61,15551051,556844196.4783,35.57,0.79,1959134880,1959134000.0,69941109338.6,69941060000.0
2024-01-31,CSX,35.61,35.06,35.75,35.03,35.35,13619161,486656217.4644,35.49,0.69,1976130880,1976130000.0,70844305880.92,70844250000.0
2024-01-30,CSX,35.35,34.94,35.39,34.81,35.15,11223899,397749154.3684,35.2,0.57,1976130880,1976130000.0,70330492090.81,70330440000.0
2024-01-27,CSX,35.15,34.83,35.26,34.58,34.76,21484731,756554573.1485,34.98,1.09,1976130880,1976130000.0,69935271843.2,69935250000.0
2024-01-26,CSX,34.76,34.29,34.77,33.22,34.16,19979356,690858139.4022,34.35,1.01,1976130880,1976130000.0,69164580800.0,69164560000.0
2024-01-25,CSX,34.16,34.76,34.76,34.1,34.65,17803434,614898439.5548,34.3,0.9,1976130880,1976130000.0,67959140963.2,67959060000.0
2024-01-24,CSX,34.65,34.54,34.7,34.36,34.52,10098700,351568083.0374,34.58,0.51,1976130880,1976130000.0,68947206403.2,68947190000.0
2024-01-23,CSX,34.52,34.46,34.74,34.27,34.32,15175192,527536838.4167,34.53,0.77,1976130880,1976130000.0,68670548080.0,68670500000.0
2024-01-20,CSX,34.32,34.19,34.54,34.08,34.22,18313442,631874110.1048,34.27,0.93,1976130880,1976130000.0,68275329808.52,68275310000.0
2024-01-19,CSX,34.22,34.14,34.36,33.98,34.16,17670856,608843989.2106,34.22,0.89,1976130880,1976130000.0,68077702887.61,68077690000.0
2024-01-18,CSX,34.16,34.17,34.32,33.95,34.51,10484583,360474579.0487,34.15,0.53,1976130880,1976130000.0,67959140963.2,67959060000.0
2024-01-17,CSX,34.51,34.55,34.72,34.34,34.62,9755418,339263215.755,34.54,0.49,1976130880,1976130000.0,68650798627.99,68650750000.0
2024-01-13,CSX,34.62,34.49,34.65,34.24,34.34,5727484,198959019.561,34.5,0.29,1976130880,1976130000.0,68887924452.93,68887880000.0
2024-01-12,CSX,34.34,34.43,34.43,34.02,34.47,7752008,267291569.1944,34.25,0.39,1976130880,1976130000.0,68314860330.65,68314810000.0
2024-01-11,CSX,34.47,34.39,34.52,34.28,34.38,6448020,223401324.93,34.41,0.33,1976130880,1976130000.0,68571735607.61,68571690000.0
2024-01-10,CSX,34.38,34.14,34.41,34.0,34.46,7855281,271129697.6072,34.28,0.4,1976130880,1976130000.0,68393891732.93,68393810000.0
2024-01-09,CSX,34.46,34.51,34.53,34.17,34.39,8977676,310918475.2801,34.4,0.45,1976130880,1976130000.0,68551986155.59,68551940000.0
2024-01-06,CSX,34.39,34.44,34.68,34.33,34.49,7118852,246763664.2488,34.43,0.36,1976130880,1976130000.0,68413643161.08,68413560000.0
2024-01-05,CSX,34.49,34.36,34.74,34.27,34.43,9283371,322995333.8823,34.56,0.47,1976130880,1976130000.0,68611268105.86,68611190000.0
2024-01-04,CSX,34.43,34.41,34.68,34.29,34.39,10827258,375815197.0785,34.48,0.55,1976130880,1976130000.0,68492704205.32,68492690000.0
2024-01-03,CSX,34.39,34.41,34.74,34.22,34.44,9285277,321793308.154,34.42,0.47,1976130880,1976130000.0,68413643161.08,68413560000.0
2023-12-30,CSX,34.44,34.46,34.55,34.32,34.51,6712074,232775397.5274,34.45,0.34,1976130880,1976130000.0,68512455633.47,68512440000.0
2023-12-29,CSX,34.51,34.49,34.58,34.37,34.42,4795133,166500415.3616,34.49,0.24,1976130880,1976130000.0,68650798627.99,68650750000.0
2023-12-28,CSX,34.42,34.53,34.65,34.33,34.71,9632231,334027479.4733,34.44,0.49,1976130880,1976130000.0,68472923135.21,68472880000.0
2023-12-27,CSX,34.71,34.4,34.85,34.34,34.4,6058567,211729982.9552,34.71,0.31,1976130880,1976130000.0,69065768327.61,69065690000.0
2023-12-23,CSX,34.4,34.32,34.57,34.3,34.23,6262840,217069389.3275,34.43,0.32,1976130880,1976130000.0,68433422255.05,68433380000.0
2023-12-22,CSX,34.23,34.21,34.26,33.96,34.13,9828789,338013105.3904,34.16,0.5,1976130880,1976130000.0,68097483957.72,68097440000.0
2023-12-21,CSX,34.13,34.08,34.6,33.99,34.35,9863969,340604802.6359,34.3,0.5,1976130880,1976130000.0,67899859012.93,67899810000.0
2023-12-20,CSX,34.35,34.08,34.38,33.96,34.1,9939906,342675287.3181,34.24,0.5,1976130880,1976130000.0,68334609782.66,68334560000.0
2023-12-19,CSX,34.1,33.95,34.32,33.89,33.77,10947766,376579032.4715,34.17,0.55,1976130880,1976130000.0,67840577062.66,67840560000.0
2023-12-16,CSX,33.77,33.53,33.85,33.32,33.61,32750551,1110459865.2872,33.68,1.66,1976130880,1976130000.0,67188449920.0,67188440000.0
2023-12-15,CSX,33.61,33.29,33.81,33.18,33.02,17306153,584442597.1201,33.54,0.88,1976130880,1976130000.0,66872263050.81,66872190000.0
2023-12-14,CSX,33.02,32.95,33.11,32.55,33.0,19160688,634697790.0,32.9,0.97,1976130880,1976130000.0,65686602307.99,65686560000.0
2023-12-13,CSX,33.0,33.16,33.21,32.91,32.98,9729106,323364369.759,33.01,0.49,1976130880,1976130000.0,65647071785.86,65647000000.0
2023-12-12,CSX,32.98,33.02,33.1,32.89,32.74,11108911,369032446.7467,33.0,0.56,1976130880,1976130000.0,65607539287.61,65607500000.0
2023-12-09,CSX,32.74,33.22,33.26,32.71,33.27,15756848,521616208.8494,32.88,0.8,1976130880,1976130000.0,65133287637.72,65133280000.0
2023-12-08,CSX,33.27,33.5,33.57,33.21,33.29,10666579,357907383.7578,33.33,0.54,1976130880,1976130000.0,66200384480.0,66200310000.0
2023-12-07,CSX,33.29,33.29,33.34,33.01,33.07,10669657,356766655.9375,33.21,0.54,1976130880,1976130000.0,66239916978.25,66239880000.0
2023-12-06,CSX,33.07,33.22,33.22,32.91,33.43,7736012,257522587.2096,33.06,0.39,1976130880,1976130000.0,65785385138.41,65785310000.0
2023-12-05,CSX,33.43,33.09,33.6,33.05,33.17,16935739,570109509.4024,33.44,0.86,1976130880,1976130000.0,66516573325.32,66516500000.0
2023-12-02,CSX,33.17,32.19,33.2,32.15,32.08,12861602,426317090.693,32.92,0.65,1976130880,1976130000.0,66002759535.21,66002690000.0
2023-12-01,CSX,32.08,31.55,32.11,31.51,31.52,17186821,552245162.1294,31.91,0.87,1976130880,1976130000.0,63829035328.52,63829030000.0
2023-11-30,CSX,31.52,31.87,31.94,31.43,31.72,9414133,299713930.183,31.62,0.48,1976130880,1976130000.0,62702624917.88,62702590000.0
2023-11-29,CSX,31.72,31.59,31.95,31.55,31.62,11123168,356540859.1394,31.73,0.56,1976130880,1976130000.0,63335002608.52,63334970000.0
2023-11-28,CSX,31.62,32.19,32.22,31.59,32.31,9971785,319734356.9486,31.74,0.5,1976130880,1976130000.0,63117626235.59,63117600000.0
2023-11-25,CSX,32.31,32.21,32.31,32.05,32.22,7221879,234965299.3064,32.2,0.37,1976130880,1976130000.0,64500911923.2,64500900000.0
2023-11-23,CSX,32.22,32.1,32.28,31.93,31.92,13128618,426623605.6854,32.17,0.66,1976130880,1976130000.0,64323068048.52,64323050000.0
2023-11-22,CSX,31.92,31.77,32.0,31.61,31.73,14009602,451268837.8244,31.88,0.71,1976130880,1976130000.0,63730220880.0,63730200000.0
2023-11-21,CSX,31.73,31.18,31.79,31.13,31.3,13216004,422160137.3724,31.62,0.67,1976130880,1976130000.0,63354752060.54,63354710000.0
2023-11-18,CSX,31.3,31.12,31.44,31.12,31.01,13336918,421561266.284,31.29,0.67,1976130880,1976130000.0,62485250521.08,62485210000.0
2023-11-17,CSX,31.01,30.86,31.07,30.55,30.68,13475086,419641114.7369,30.83,0.68,1976130880,1976130000.0,61912184422.66,61912140000.0
2023-11-16,CSX,30.68,30.79,31.0,30.58,30.79,14571852,452677511.3223,30.75,0.74,1976130880,1976130000.0,61240307827.99,61240280000.0
2023-11-15,CSX,30.79,30.63,31.06,30.63,30.14,13300614,414298218.5657,30.83,0.67,1976130880,1976130000.0,61477433652.93,61477390000.0
2023-11-14,CSX,30.14,30.28,30.36,29.99,30.39,10154868,309218807.525,30.14,0.51,1976130880,1976130000.0,60173179367.61,60173140000.0
2023-11-11,CSX,30.39,30.08,30.47,29.92,29.86,11374219,347961279.1926,30.28,0.58,1976130880,1976130000.0,60667212087.61,60667210000.0
2023-11-10,CSX,29.86,30.13,30.21,29.82,30.06,9203535,278642590.2637,29.97,0.47,1976130880,1976130000.0,59619866673.47,59619860000.0
2023-11-09,CSX,30.06,30.15,30.28,29.89,30.04,7847137,238173948.0829,30.04,0.4,1976130880,1976130000.0,60015086921.08,60015080000.0
2023-11-08,CSX,30.04,29.89,30.07,29.7,30.07,11292008,341759340.8648,29.96,0.57,1976130880,1976130000.0,59975586040.92,59975550000.0
2023-11-07,CSX,30.07,30.11,30.27,29.84,30.09,8744582,265052670.2002,30.0,0.44,1976130880,1976130000.0,60034866015.05,60034820000.0
2023-11-04,CSX,30.09,30.24,30.38,29.96,30.08,9469207,288422576.013,30.15,0.48,1976130880,1976130000.0,60074366895.21,60074350000.0
2023-11-03,CSX,30.08,29.5,30.17,29.34,29.27,16593266,501184698.7771,29.9,0.84,1976130880,1976130000.0,60054617443.2,60054610000.0
2023-11-02,CSX,29.27,29.55,29.69,29.08,29.55,16273446,481412519.8045,29.28,0.82,1976130880,1976130000.0,58434205930.65,58434190000.0
2023-11-01,CSX,29.55,29.08,29.64,28.98,29.1,11067758,329468296.2004,29.47,0.56,1976130880,1976130000.0,58987520600.92,58987480000.0
2023-10-31,CSX,29.1,29.09,29.26,28.96,28.94,10692727,314608888.0102,29.12,0.54,1976130880,1976130000.0,58098236015.21,58098200000.0
2023-10-28,CSX,28.94,29.27,29.39,28.74,29.29,14364059,421069505.0241,29.02,0.73,1976130880,1976130000.0,57782078787.99,57782070000.0
2023-10-27,CSX,29.29,29.22,29.79,29.22,29.3,14729633,438878164.637,29.49,0.75,1976130880,1976130000.0,58473706810.81,58473680000.0
2023-10-26,CSX,29.3,29.21,29.5,28.75,29.38,15522977,458671341.0523,29.25,0.79,1976130880,1976130000.0,58493487880.92,58493460000.0
2023-10-25,CSX,29.38,29.96,30.1,29.26,29.85,14734504,439754218.7808,29.54,0.75,1976130880,1976130000.0,58651550685.48,58651520000.0
2023-10-24,CSX,29.85,30.4,30.64,29.83,30.45,11479817,348818911.8305,30.08,0.58,1976130880,1976130000.0,59600115245.32,59600070000.0
2023-10-21,CSX,30.45,30.91,31.18,30.09,30.23,21527114,663767033.076,30.52,1.09,1976130880,1976130000.0,60785775988.15,60785740000.0
2023-10-20,CSX,30.23,30.58,30.84,30.18,30.36,22045622,677265758.0242,30.41,1.12,1976130880,1976130000.0,60351025218.41,60351000000.0
2023-10-19,CSX,30.36,30.74,30.78,30.32,31.05,14342219,442068882.4106,30.51,0.73,1976130880,1976130000.0,60607932113.47,60607890000.0
2023-10-18,CSX,31.05,31.09,31.32,30.91,31.09,8664684,272144675.4259,31.09,0.44,1976130880,1976130000.0,61991217801.08,61991200000.0
2023-10-17,CSX,31.09,31.01,31.39,30.98,30.82,11420172,359153057.749,31.13,0.58,1976130880,1976130000.0,62070278845.32,62070250000.0
2023-10-14,CSX,30.82,30.78,31.24,30.73,30.84,9054074,282617505.5737,30.9,0.46,1976130880,1976130000.0,61536715603.2,61536700000.0
2023-10-13,CSX,30.84,31.34,31.36,30.48,31.29,12984907,404257876.0648,30.82,0.66,1976130880,1976130000.0,61576246125.32,61576230000.0
2023-10-12,CSX,31.29,31.61,31.67,31.12,31.22,10968270,346657657.485,31.28,0.56,1976130880,1976130000.0,62465499092.93,62465470000.0
2023-10-11,CSX,31.22,30.86,31.25,30.83,30.76,11805532,371337094.4885,31.13,0.6,1976130880,1976130000.0,62327156098.41,62327150000.0
2023-10-10,CSX,30.76,30.45,30.86,30.41,30.6,11418399,353601531.8755,30.65,0.58,1976130880,1976130000.0,61418151702.66,61418130000.0
2023-10-07,CSX,30.6,29.92,30.79,29.82,30.1,11781903,362764722.6786,30.48,0.6,1976130880,1976130000.0,61082213405.32,61082170000.0
2023-10-06,CSX,30.1,30.53,30.56,29.92,30.54,13856993,421702884.0445,30.12,0.7,1976130880,1976130000.0,60094147965.32,60094130000.0
2023-10-05,CSX,30.54,30.48,30.65,30.16,30.46,11907676,366255167.1788,30.45,0.6,1976130880,1976130000.0,60963651480.92,60963630000.0
2023-10-04,CSX,30.46,30.11,30.65,30.02,30.23,17736926,545532806.0786,30.44,0.9,1976130880,1976130000.0,60805557058.25,60805530000.0
2023-10-03,CSX,30.23,30.29,30.38,29.85,30.44,16786114,510630230.6572,30.11,0.85,1976130880,1976130000.0,60351025218.41,60351000000.0
2023-09-30,CSX,30.44,30.68,30.85,30.39,30.26,15052379,464635404.996,30.55,0.74,2033054880,2033054000.0,62516437560.0,62516430000.0
2023-09-29,CSX,30.26,29.97,30.51,29.91,29.97,12098864,370219225.2646,30.29,0.6,2033054880,2033054000.0,62150503946.04,62150490000.0
2023-09-28,CSX,29.97,30.35,30.39,29.72,30.31,13493094,408244339.9521,29.95,0.66,2033054880,2033054000.0,61560899733.35,61560870000.0
2023-09-27,CSX,30.31,30.72,30.73,30.27,30.83,9247074,284213489.1624,30.42,0.45,2033054880,2033054000.0,62252132293.38,62252110000.0
2023-09-26,CSX,30.83,30.73,31.01,30.65,30.88,8789047,273793781.797,30.84,0.43,2033054880,2033054000.0,63329647313.67,63329610000.0
2023-09-23,CSX,30.88,30.69,31.19,30.66,30.7,16176622,505453048.6433,30.93,0.8,2033054880,2033054000.0,63431306156.84,63431270000.0
2023-09-22,CSX,30.7,30.82,31.07,30.65,30.99,15185438,473357421.063,30.86,0.75,2033054880,2033054000.0,63065372542.87,63065330000.0
2023-09-21,CSX,30.99,30.9,31.25,30.85,30.6,13149993,412771652.6735,31.07,0.65,2033054880,2033054000.0,63654944226.69,63654910000.0
2023-09-20,CSX,30.6,30.7,30.78,30.13,30.78,15039809,463120838.537,30.48,0.74,2033054880,2033054000.0,62841734473.02,62841730000.0
2023-09-19,CSX,30.78,30.67,30.93,30.42,30.54,13835321,430151281.1587,30.77,0.68,2033054880,2033054000.0,63228020999.38,63227980000.0
2023-09-16,CSX,30.54,30.73,30.88,30.37,30.72,25501239,787804880.1891,30.58,1.25,2033054880,2033054000.0,62719757279.38,62719750000.0
2023-09-15,CSX,30.72,30.49,30.87,30.38,30.19,12407360,384877498.3066,30.7,0.61,2033054880,2033054000.0,63106011276.87,63106000000.0
2023-09-14,CSX,30.19,30.29,30.35,29.77,30.28,11156817,339828891.8322,30.15,0.55,2033054880,2033054000.0,62008173840.0,62008150000.0
2023-09-13,CSX,30.28,29.88,30.53,29.8,29.87,12738629,388929387.6204,30.22,0.63,2033054880,2033054000.0,62191142680.04,62191120000.0
2023-09-12,CSX,29.87,29.8,30.0,29.72,29.65,13313907,401717933.013,29.87,0.65,2033054880,2033054000.0,61357582047.02,61357550000.0
2023-09-09,CSX,29.65,30.06,30.23,29.46,29.19,32686879,981884230.8476,29.73,1.61,2033054880,2033054000.0,60889987556.84,60889950000.0
2023-09-08,CSX,29.19,29.35,29.65,29.15,29.43,10474098,309676165.4805,29.27,0.52,2033054880,2033054000.0,59954800609.53,59954790000.0
2023-09-07,CSX,29.43,29.61,29.92,29.38,29.62,16137102,481908796.4152,29.56,0.79,2033054880,2033054000.0,60442713450.18,60442700000.0
2023-09-06,CSX,29.62,30.32,30.32,29.48,30.32,11426184,342667841.731,29.68,0.56,2033054880,2033054000.0,60828999976.55,60828960000.0
2023-09-02,CSX,30.32,30.17,30.45,30.03,29.89,12304598,376643757.0846,30.3,0.61,2033054880,2033054000.0,62272481139.67,62272470000.0
2023-09-01,CSX,29.89,30.4,30.42,29.87,30.42,11113411,336988549.9358,30.01,0.55,2033054880,2033054000.0,61398251276.84,61398220000.0
2023-08-31,CSX,30.42,30.42,30.68,30.34,30.33,8916527,274203757.8447,30.44,0.44,2033054880,2033054000.0,62475768330.18,62475750000.0
2023-08-30,CSX,30.33,30.51,30.64,30.21,30.44,10469864,322519930.6949,30.38,0.51,2033054880,2033054000.0,62516437560.0,62516430000.0
2023-08-29,CSX,30.44,30.53,30.86,30.27,30.49,12167504,375884641.655,30.47,0.6,2033054880,2033054000.0,62740075629.85,62740070000.0
2023-08-26,CSX,30.49,30.24,30.65,30.22,30.14,10905762,336697930.7193,30.45,0.54,2033054880,2033054000.0,62841734473.02,62841730000.0
2023-08-25,CSX,30.14,30.53,30.64,30.13,30.58,14328602,440862512.3076,30.35,0.7,2033054880,2033054000.0,62130153066.69,62130130000.0
2023-08-24,CSX,30.58,30.24,30.62,30.18,30.09,12092458,373779037.656,30.49,0.59,2033054880,2033054000.0,63024701280.0,63024660000.0
2023-08-23,CSX,30.09,30.23,30.48,30.01,30.29,7457188,228337582.7508,30.2,0.37,2033054880,2033054000.0,62028494223.53,62028470000.0
2023-08-22,CSX,30.29,30.34,30.53,30.14,30.45,9629676,296038340.3464,30.32,0.47,2033054880,2033054000.0,62435129596.18,62435120000.0
2023-08-19,CSX,30.45,29.8,30.58,29.73,29.86,13792040,424305159.4118,30.34,0.68,2033054880,2033054000.0,62760396013.38,62760380000.0
2023-08-18,CSX,29.86,29.85,30.1,29.78,29.78,8545738,259323043.1516,29.93,0.42,2033054880,2033054000.0,61540581382.87,61540550000.0
2023-08-17,CSX,29.78,29.9,30.21,29.71,29.87,8296082,251165608.1351,29.86,0.41,2033054880,2033054000.0,61377932926.36,61377900000.0
2023-08-16,CSX,29.87,30.27,30.32,29.75,30.4,10972149,332709626.2026,29.91,0.54,2033054880,2033054000.0,61560899733.35,61560870000.0
2023-08-15,CSX,30.4,30.27,30.48,30.16,30.33,12786219,393659514.9695,30.37,0.63,2033054880,2033054000.0,62658767666.04,62658760000.0
2023-08-12,CSX,30.33,30.39,30.6,30.28,30.5,12305133,379073243.8472,30.38,0.61,2033054880,2033054000.0,62516437560.0,62516430000.0
2023-08-11,CSX,30.5,30.81,30.94,30.48,30.68,9687410,301039201.0352,30.65,0.48,2033054880,2033054000.0,62862054856.55,62862050000.0
2023-08-10,CSX,30.68,30.78,30.88,30.52,30.88,10967618,341589698.0573,30.72,0.54,2033054880,2033054000.0,63248339349.85,63248300000.0
2023-08-09,CSX,30.88,31.07,31.3,30.8,31.34,10594122,332631127.8841,30.97,0.52,2033054880,2033054000.0,63654944226.69,63654910000.0
2023-08-08,CSX,31.34,31.1,31.37,31.07,31.09,12071032,382743405.9591,31.27,0.59,2033054880,2033054000.0,64610482053.35,64610460000.0
2023-08-05,CSX,31.09,31.98,32.11,31.01,32.46,32864657,1043771811.2462,31.32,1.62,2033054880,2033054000.0,64081899982.87,64081880000.0
2023-08-04,CSX,32.46,32.41,32.76,32.29,32.51,7892481,260458984.1254,32.55,0.39,2033054880,2033054000.0,66907844233.02,66907810000.0
2023-08-03,CSX,32.51,32.64,32.65,32.22,32.85,9710836,319962393.629,32.5,0.48,2033054880,2033054000.0,67009503076.18,67009440000.0
2023-08-02,CSX,32.85,32.86,32.96,32.64,32.86,11443899,380994920.2871,32.84,0.56,2033054880,2033054000.0,67721053986.69,67721000000.0
2023-08-01,CSX,32.86,32.98,33.14,32.69,33.34,13774145,458932555.4129,32.86,0.68,2033054880,2033054000.0,67741404866.04,67741310000.0
2023-07-29,CSX,33.34,32.83,33.53,32.74,32.58,12014161,405881609.5596,33.32,0.59,2033054880,2033054000.0,68717263076.22,68717190000.0
2023-07-28,CSX,32.58,32.65,32.99,32.43,32.5,12733836,421777819.9628,32.67,0.63,2033054880,2033054000.0,67151800653.35,67151750000.0
2023-07-27,CSX,32.5,32.85,32.85,32.38,32.72,23107442,762684161.3297,32.55,1.14,2033054880,2033054000.0,66989152196.84,66989130000.0
2023-07-26,CSX,32.72,31.9,32.85,31.9,32.07,13887774,460042262.9673,32.67,0.68,2033054880,2033054000.0,67436428336.55,67436380000.0
2023-07-25,CSX,32.07,31.93,32.39,31.88,32.02,13605395,442523703.639,32.08,0.67,2033054880,2033054000.0,66114954862.87,66114880000.0
2023-07-22,CSX,32.02,31.5,32.18,31.39,33.25,48304239,1563985375.9281,31.93,2.38,2033054880,2033054000.0,65992975636.18,65992940000.0
2023-07-21,CSX,33.25,33.51,33.63,33.2,33.34,15919930,538427952.53,33.36,0.78,2033054880,2033054000.0,68534294236.18,68534250000.0
2023-07-20,CSX,33.34,33.22,33.46,33.13,33.29,10626497,359184067.9181,33.34,0.52,2033054880,2033054000.0,68717263076.22,68717190000.0
2023-07-19,CSX,33.29,32.74,33.3,32.66,32.76,12822965,430600281.063,33.12,0.63,2033054880,2033054000.0,68615602200.0,68615560000.0
2023-07-18,CSX,32.76,32.97,32.98,32.34,33.17,14879309,492698663.0722,32.66,0.73,2033054880,2033054000.0,67538087179.71,67538060000.0
2023-07-15,CSX,33.17,33.14,33.26,32.99,33.26,7892211,265322732.8457,33.16,0.39,2033054880,2033054000.0,68371645779.67,68371560000.0
2023-07-14,CSX,33.26,33.1,33.34,32.99,33.07,9960840,335615532.6575,33.23,0.49,2033054880,2033054000.0,68554614619.71,68554560000.0
2023-07-13,CSX,33.07,33.57,33.57,33.01,33.31,11777336,395995315.8827,33.16,0.59,2006330880,2006330000.0,67272272400.07,67272250000.0
2023-07-12,CSX,33.31,33.32,33.4,33.09,33.15,10103493,340501869.0937,33.24,0.5,2006330880,2006330000.0,67753803849.25,67753750000.0
2023-07-11,CSX,33.15,32.84,33.19,32.84,32.84,12307961,413003502.3397,33.1,0.61,2006330880,2006330000.0,67432782883.13,67432750000.0
2023-07-08,CSX,32.84,32.94,33.23,32.79,33.0,16723051,559518201.499,33.0,0.83,2006330880,2006330000.0,66810826329.32,66810750000.0
2023-07-07,CSX,33.0,33.01,33.29,32.87,33.41,13812934,462146308.3697,33.0,0.69,2006330880,2006330000.0,67131845289.12,67131810000.0
2023-07-06,CSX,33.41,33.65,33.68,33.27,33.87,9974297,338163618.2367,33.44,0.5,2006330880,2006330000.0,67954418880.28,67954380000.0
2023-07-04,CSX,33.87,33.4,33.91,33.07,33.63,4292516,146655551.9015,33.7,0.21,2006330880,2006330000.0,68897396400.21,68897380000.0
2023-07-01,CSX,33.63,33.53,33.71,33.25,33.41,9416301,320296486.0592,33.55,0.47,2006330880,2006330000.0,68415897052.32,68415810000.0
2023-06-30,CSX,33.41,32.98,33.41,32.88,33.13,6311211,212728240.3177,33.24,0.31,2033054880,2033054000.0,68859560653.38,68859500000.0
2023-06-29,CSX,33.13,33.02,33.17,32.92,33.01,9303961,311847382.9137,33.06,0.46,2033054880,2033054000.0,68290307320.04,68290250000.0
2023-06-28,CSX,33.01,32.69,33.19,32.69,32.66,8861594,296544425.924,33.01,0.44,2033054880,2033054000.0,68046350899.71,68046310000.0
2023-06-27,CSX,32.66,32.35,32.81,32.29,32.29,8194328,270784059.8357,32.59,0.4,2033054880,2033054000.0,67314449109.85,67314440000.0
2023-06-24,CSX,32.29,32.33,32.44,32.17,32.66,13571426,444476429.3548,32.3,0.67,2033054880,2033054000.0,66562228969.53,66562190000.0
2023-06-23,CSX,32.66,32.61,32.7,32.41,32.68,6223680,205865673.4224,32.62,0.31,2033054880,2033054000.0,67314449109.85,67314440000.0
2023-06-22,CSX,32.68,32.32,32.75,32.09,32.46,8878387,293256638.4513,32.58,0.44,2033054880,2033054000.0,67355118339.67,67355060000.0
2023-06-17,CSX,32.75,33.21,33.29,32.67,33.1,30050012,1001194189.6612,32.86,1.48,2033054880,2033054000.0,67517766796.18,67517690000.0
2023-06-16,CSX,33.1,32.66,33.12,32.53,32.64,11338297,378921373.0978,32.96,0.56,2033054880,2033054000.0,68229317706.69,68229250000.0
2023-06-15,CSX,32.64,32.35,33.04,32.26,32.21,14398215,477557129.8752,32.71,0.71,2033054880,2033054000.0,67273779880.04,67273750000.0
2023-06-14,CSX,32.21,32.11,32.51,31.95,31.96,16266020,532110279.728,32.26,0.8,2033054880,2033054000.0,66399580513.02,66399500000.0
2023-06-13,CSX,31.96,31.85,32.04,31.3,31.87,11769383,379244922.5641,31.78,0.58,2033054880,2033054000.0,65870965913.67,65870880000.0
2023-06-10,CSX,31.87,32.1,32.27,31.7,32.11,9226145,298545107.9186,31.92,0.45,2033054880,2033054000.0,65687999106.69,65687940000.0
2023-06-09,CSX,32.11,32.14,32.2,31.61,32.13,8662840,281203643.5959,32.02,0.43,2033054880,2033054000.0,66196262826.69,66196190000.0
2023-06-08,CSX,32.13,31.5,32.17,31.37,31.5,12490196,404161596.6582,31.91,0.61,2033054880,2033054000.0,66236932056.51,66236880000.0
2023-06-07,CSX,31.5,31.61,31.64,31.35,31.69,10984790,350729020.918,31.49,0.54,2033054880,2033054000.0,64935778966.36,64935770000.0
2023-06-06,CSX,31.69,31.53,31.75,31.49,31.48,10404379,334051284.4641,31.67,0.51,2033054880,2033054000.0,65322063459.67,65322020000.0
2023-06-03,CSX,31.48,31.18,31.75,31.1,30.95,10738141,343022461.9751,31.51,0.53,2033054880,2033054000.0,64895109736.55,64895100000.0
2023-06-02,CSX,30.95,30.71,31.01,30.62,30.25,17447458,546187490.795,30.88,0.86,2033054880,2033054000.0,63797272299.67,63797250000.0
2023-06-01,CSX,30.25,30.54,30.54,30.0,30.55,14024723,430328906.4945,30.26,0.69,2033054880,2033054000.0,62353791136.55,62353770000.0
2023-05-31,CSX,30.55,30.3,30.69,29.98,30.28,9079422,280310811.2904,30.45,0.45,2033054880,2033054000.0,62963713699.71,62963710000.0
2023-05-27,CSX,30.28,30.39,30.47,30.1,30.39,12295637,378811288.3044,30.28,0.6,2033054880,2033054000.0,62638416786.69,62638410000.0
2023-05-26,CSX,30.39,30.17,30.53,30.02,30.36,11791086,364133449.7963,30.35,0.58,2033054880,2033054000.0,62862054856.55,62862050000.0
2023-05-25,CSX,30.36,30.94,30.96,30.11,31.07,15527438,480170430.6022,30.39,0.76,2033054880,2033054000.0,62801065243.2,62801060000.0
2023-05-24,CSX,31.07,31.14,31.43,30.93,31.35,11195575,354890815.8223,31.15,0.55,2033054880,2033054000.0,64264866789.85,64264840000.0
2023-05-23,CSX,31.35,32.42,32.5,30.98,31.75,14019778,448983306.3313,31.47,0.69,2033054880,2033054000.0,64854438473.67,64854420000.0
2023-05-20,CSX,31.75,32.0,32.12,31.45,31.83,9766078,315256888.831,31.72,0.48,2033054880,2033054000.0,65687999106.69,65687940000.0
2023-05-19,CSX,31.83,31.3,31.86,31.02,31.4,10551477,338571583.9367,31.53,0.52,2033054880,2033054000.0,65850647563.2,65850560000.0
2023-05-18,CSX,31.4,31.22,31.59,31.16,31.13,16734926,534537082.4809,31.39,0.82,2033054880,2033054000.0,64956097316.84,64956090000.0
2023-05-17,CSX,31.13,31.35,31.41,31.1,31.46,7801563,247587251.5365,31.19,0.38,2033054880,2033054000.0,64407164367.02,64407140000.0
2023-05-16,CSX,31.46,31.31,31.67,31.25,31.27,6837504,218978538.9919,31.47,0.34,2033054880,2033054000.0,65078076543.53,65078070000.0
2023-05-13,CSX,31.27,31.25,31.49,31.08,31.24,6915293,219965747.428,31.26,0.34,2033054880,2033054000.0,64691822546.04,64691810000.0
2023-05-12,CSX,31.24,31.2,31.36,30.94,31.26,6927527,219817380.0196,31.18,0.34,2033054880,2033054000.0,64630802436.87,64630780000.0
2023-05-11,CSX,31.26,31.69,31.77,30.86,31.47,9976356,317346956.5589,31.26,0.49,2033054880,2033054000.0,64671471666.69,64671460000.0
2023-05-10,CSX,31.47,31.14,31.59,30.9,31.33,9081043,290266503.8572,31.41,0.45,2033054880,2033054000.0,65098427422.87,65098420000.0
2023-05-09,CSX,31.33,31.45,31.69,31.14,31.31,8938074,285070914.2799,31.34,0.44,2033054880,2033054000.0,64813799739.67,64813790000.0
2023-05-06,CSX,31.31,31.02,31.48,30.88,30.77,8863262,281904911.172,31.26,0.44,2033054880,2033054000.0,64773130509.85,64773120000.0
2023-05-05,CSX,30.77,30.31,30.83,30.26,30.4,12353086,384967829.1189,30.63,0.61,2033054880,2033054000.0,63654944226.69,63654910000.0
2023-05-04,CSX,30.4,30.61,30.95,30.37,30.53,8549602,266507389.8814,30.64,0.42,2033054880,2033054000.0,62882373207.02,62882360000.0
2023-05-03,CSX,30.53,30.76,30.8,30.16,30.76,9846477,305207289.2852,30.46,0.48,2033054880,2033054000.0,63167031386.04,63167000000.0
2023-05-02,CSX,30.76,30.12,31.01,30.11,30.11,11293133,353364469.2485,30.75,0.56,2033054880,2033054000.0,63634625876.22,63634590000.0
2023-04-29,CSX,30.11,29.85,30.43,29.81,29.87,12036918,369500846.8106,30.17,0.59,2033054880,2033054000.0,62292801523.2,62292790000.0
2023-04-28,CSX,29.87,29.68,30.0,29.41,29.62,14161086,428929481.3074,29.77,0.7,2033054880,2033054000.0,61784537803.2,61784510000.0
2023-04-27,CSX,29.62,30.06,30.26,29.5,30.37,13958137,422965036.6707,29.78,0.69,2033054880,2033054000.0,61276274083.2,61276240000.0
2023-04-26,CSX,30.37,30.53,30.61,30.14,30.84,13623895,421319007.3706,30.39,0.67,2033054880,2033054000.0,62821383593.67,62821380000.0
2023-04-25,CSX,30.84,31.25,31.29,30.64,31.27,14661188,461075303.0556,30.91,0.72,2033054880,2033054000.0,63797272299.67,63797250000.0
2023-04-22,CSX,31.27,31.35,31.71,30.86,30.28,25062032,796506538.9909,31.23,1.23,2033054880,2033054000.0,64691822546.04,64691810000.0
2023-04-21,CSX,30.28,29.96,30.67,29.96,30.03,21944344,677202477.7843,30.33,1.08,2033054880,2033054000.0,62638416786.69,62638410000.0
2023-04-20,CSX,30.03,29.77,30.08,29.71,29.89,9847098,300049958.1424,29.95,0.48,2033054880,2033054000.0,62130153066.69,62130130000.0
2023-04-19,CSX,29.89,29.92,30.2,29.81,29.93,12721461,387508410.7995,29.94,0.63,2033054880,2033054000.0,61825207033.02,61825190000.0
2023-04-18,CSX,29.93,30.07,30.21,29.74,29.94,16325520,497195246.1989,29.93,0.8,2033054880,2033054000.0,61906514996.84,61906490000.0
2023-04-15,CSX,29.94,29.97,30.21,29.72,29.9,16727540,510743601.3914,30.01,0.82,2033054880,2033054000.0,61926865876.18,61926850000.0
2023-04-14,CSX,29.9,29.68,29.95,29.43,29.64,11801266,357506372.0774,29.77,0.58,2033054880,2033054000.0,61845527416.55,61845500000.0
2023-04-13,CSX,29.64,29.91,29.96,29.58,29.79,11862305,358849032.1898,29.73,0.58,2033054880,2033054000.0,61316943313.02,61316910000.0
2023-04-12,CSX,29.79,29.56,29.91,29.56,29.47,13468403,407937697.3287,29.77,0.66,2033054880,2033054000.0,61621889346.69,61621860000.0
2023-04-11,CSX,29.47,29.32,29.52,29.25,29.5,16722821,501034212.6,29.45,0.82,2033054880,2033054000.0,60971328049.53,60971290000.0
2023-04-07,CSX,29.5,28.83,29.58,28.65,28.79,18372715,548543128.126,29.34,0.9,2033054880,2033054000.0,61032317662.87,61032280000.0
2023-04-06,CSX,28.79,28.96,29.18,28.67,29.0,13043161,382752772.559,28.84,0.64,2033054880,2033054000.0,59548165236.87,59548140000.0
2023-04-05,CSX,29.0,29.43,29.49,28.85,29.34,10742688,317592520.2141,29.05,0.53,2033054880,2033054000.0,59995439343.53,59995420000.0
2023-04-04,CSX,29.34,29.25,29.69,29.22,29.42,8281606,247566139.2714,29.38,0.41,2033054880,2033054000.0,60686702399.38,60686660000.0
2023-04-01,CSX,29.42,29.1,29.46,28.95,28.99,11340782,338369276.1653,29.32,0.56,2033054880,2033054000.0,60869669206.36,60869630000.0
2023-03-31,CSX,28.99,29.26,29.42,28.88,29.08,10652778,315264757.0627,29.08,0.52,2062604960,2062604000.0,60846846320.0,60846820000.0
2023-03-30,CSX,29.08,28.82,29.17,28.82,28.61,11877258,351040614.8843,29.05,0.58,2062604960,2062604000.0,61032474578.59,61032450000.0
2023-03-29,CSX,28.61,28.28,28.68,28.24,28.25,10687899,310589350.9654,28.56,0.52,2062604960,2062604000.0,60042432448.2,60042400000.0
2023-03-28,CSX,28.25,27.94,28.38,27.79,27.76,11472360,328888388.9375,28.17,0.56,2062604960,2062604000.0,59299892600.0,59299880000.0
2023-03-25,CSX,27.76,27.3,27.83,27.12,27.6,13728606,384653615.5362,27.54,0.67,2062604960,2062604000.0,58268590120.0,58268590000.0
2023-03-24,CSX,27.6,27.86,28.02,27.5,27.8,17661649,498454069.7527,27.74,0.86,2062604960,2062604000.0,57917951402.01,57917930000.0
2023-03-23,CSX,27.8,28.85,28.95,27.77,28.82,24089563,694321309.1197,28.33,1.17,2062604960,2062604000.0,58351081942.77,58351040000.0
2023-03-22,CSX,28.82,28.93,29.1,28.53,28.68,13456563,394262560.9635,28.79,0.65,2062604960,2062604000.0,60475593928.04,60475550000.0
2023-03-21,CSX,28.68,28.48,28.89,28.46,28.41,11786883,343928221.4343,28.68,0.57,2062604960,2062604000.0,60186798294.57,60186790000.0
2023-03-18,CSX,28.41,28.82,28.82,28.25,28.82,21490860,622510569.0728,28.47,1.04,2062604960,2062604000.0,59629917644.02,59629890000.0
2023-03-17,CSX,28.82,28.25,28.89,28.14,28.48,14007696,408321480.83,28.65,0.68,2062604960,2062604000.0,60496207602.01,60496200000.0
2023-03-16,CSX,28.48,28.58,28.82,28.2,28.76,15821497,458554479.194,28.48,0.77,2062604960,2062604000.0,59774283490.38,59774280000.0
2023-03-15,CSX,28.76,28.82,29.18,28.3,28.56,13376797,391768942.4752,28.78,0.65,2062604960,2062604000.0,60351810816.58,60351770000.0
2023-03-14,CSX,28.56,28.65,29.33,28.5,28.98,17488364,511929866.538,28.77,0.85,2062604960,2062604000.0,59939296012.39,59939270000.0
2023-03-11,CSX,28.98,29.25,29.99,28.9,29.25,18598770,554418230.2343,29.3,0.9,2062604960,2062604000.0,60826232646.03,60826210000.0
2023-03-10,CSX,29.25,29.93,29.96,29.18,29.75,12299833,368489380.7649,29.44,0.6,2062604960,2062604000.0,61383113296.58,61383110000.0
2023-03-09,CSX,29.75,29.26,29.86,29.25,29.18,12528004,377627878.6988,29.62,0.61,2062604960,2062604000.0,62435062452.22,62435040000.0
2023-03-08,CSX,29.18,30.08,30.08,29.16,30.01,19224387,575476122.9582,29.42,0.93,2062604960,2062604000.0,61238747450.21,61238720000.0
2023-03-07,CSX,30.01,30.6,30.61,29.96,30.61,15042551,461892118.4109,30.18,0.73,2062604960,2062604000.0,62991943102.77,62991930000.0
2023-03-04,CSX,30.61,30.84,30.9,30.46,30.74,14602649,455498999.1974,30.66,0.71,2062604960,2062604000.0,64250132128.37,64250100000.0
2023-03-03,CSX,30.74,30.15,30.8,29.93,30.33,9548059,296653457.2927,30.53,0.46,2062604960,2062604000.0,64518281086.2,64518270000.0
2023-03-02,CSX,30.33,29.87,30.44,29.83,29.96,10816422,332790002.2147,30.24,0.52,2062604960,2062604000.0,63651991128.2,63651960000.0
2023-03-01,CSX,29.96,30.23,30.46,29.91,30.24,12607684,386008175.0442,30.09,0.61,2062604960,2062604000.0,62888837606.03,62888790000.0
2023-02-28,CSX,30.24,30.78,31.24,30.11,30.11,18854633,583079600.9435,30.39,0.91,2062604960,2062604000.0,63466364932.22,63466330000.0
2023-02-25,CSX,30.11,29.76,30.18,29.58,30.01,12648012,387465612.1501,30.0,0.61,2062604960,2062604000.0,63425102520.0,63425080000.0
2023-02-24,CSX,30.01,29.68,30.13,29.54,29.37,16513555,503358042.3274,29.85,0.8,2062604960,2062604000.0,63218829648.37,63218810000.0
2023-02-23,CSX,29.37,30.02,30.23,29.14,29.96,18353797,554763795.2707,29.6,0.89,2062604960,2062604000.0,61857535126.03,61857500000.0
2023-02-22,CSX,29.96,30.3,30.36,29.93,30.56,16185950,497162768.2291,30.08,0.78,2062604960,2062604000.0,63095079538.59,63095070000.0
2023-02-18,CSX,30.56,30.37,30.74,30.16,30.46,12394329,386662188.303,30.55,0.6,2062604960,2062604000.0,64373915239.83,64373880000.0
2023-02-17,CSX,30.46,30.56,30.95,30.44,31.01,14411469,450691340.0068,30.62,0.7,2062604960,2062604000.0,64167642368.2,64167610000.0
2023-02-16,CSX,31.01,30.57,31.13,30.34,30.79,11797036,372273213.7221,30.9,0.57,2062604960,2062604000.0,65322697020.6,65322680000.0
2023-02-15,CSX,30.79,30.85,31.02,30.21,30.97,13794223,431720500.8987,30.65,0.67,2062604960,2062604000.0,64848306130.21,64848280000.0
2023-02-14,CSX,30.97,30.62,31.4,30.62,30.92,18021547,571681442.2395,31.06,0.87,2062604960,2062604000.0,65240205197.82,65240180000.0
2023-02-11,CSX,30.92,30.4,31.0,30.23,30.48,10760918,338781730.8314,30.83,0.52,2062604960,2062604000.0,65116455088.04,65116450000.0
2023-02-10,CSX,30.48,31.46,31.63,30.45,31.29,10854450,341224853.6889,30.78,0.53,2062604960,2062604000.0,64208902717.82,64208890000.0
2023-02-09,CSX,31.29,31.54,31.75,31.21,31.62,8305219,266350848.2853,31.41,0.4,2062604960,2062604000.0,65900222284.19,65900190000.0
2023-02-08,CSX,31.62,31.16,31.73,31.02,31.39,10300633,330594747.385,31.43,0.5,2062604960,2062604000.0,66601501782.77,66601440000.0
2023-02-07,CSX,31.39,31.42,31.78,31.3,31.6,9061719,291230101.3901,31.47,0.44,2062604960,2062604000.0,66106497218.42,66106440000.0
2023-02-04,CSX,31.6,31.72,32.02,31.55,31.96,9577078,310227424.1077,31.72,0.46,2062604960,2062604000.0,66560272372.22,66560190000.0
2023-02-03,CSX,31.96,31.04,32.2,31.0,30.93,15828614,513898129.3982,31.79,0.77,2062604960,2062604000.0,67323425894.4,67323380000.0
2023-02-02,CSX,30.93,30.13,31.18,30.1,30.28,15597348,487961425.6532,30.64,0.76,2062604960,2062604000.0,65157684498.59,65157650000.0
2023-02-01,CSX,30.28,29.5,30.33,29.41,29.26,15414051,473037279.408,30.05,0.75,2062604960,2062604000.0,63775743300.6,63775700000.0
2023-01-31,CSX,29.26,29.27,29.76,29.09,29.46,13657387,410595628.1385,29.44,0.64,2141240960,2141240000.0,63980290591.0,63980250000.0
2023-01-28,CSX,29.46,29.51,30.09,29.27,29.52,19432563,586501898.6305,29.56,0.91,2141240960,2141240000.0,64408532359.28,64408490000.0
2023-01-27,CSX,29.52,29.96,30.03,28.78,30.41,25564743,769905397.1022,29.49,1.19,2141240960,2141240000.0,64558402096.55,64558360000.0
2023-01-26,CSX,30.41,30.82,30.87,29.63,31.2,22213497,686439307.3713,30.26,1.04,2141240960,2141240000.0,66485540372.96,66485500000.0
2023-01-25,CSX,31.2,31.07,31.25,30.41,31.39,12999583,412546940.339,31.08,0.61,2141240960,2141240000.0,68219939126.84,68219880000.0
2023-01-24,CSX,31.39,31.43,31.82,31.11,31.35,9323418,299637014.6131,31.47,0.44,2141240960,2141240000.0,68626781332.96,68626750000.0
2023-01-21,CSX,31.35,30.85,31.37,30.61,30.9,24049086,766966091.6917,31.23,1.12,2141240960,2141240000.0,68541112423.4,68541060000.0
2023-01-20,CSX,30.9,31.3,31.41,30.87,31.56,10024270,317603988.6178,31.03,0.47,2141240960,2141240000.0,67556160852.96,67556130000.0
2023-01-19,CSX,31.56,31.89,32.35,31.55,31.92,11891735,386304295.7824,31.81,0.56,2141240960,2141240000.0,69012187575.84,69012130000.0
2023-01-18,CSX,31.92,31.89,32.18,31.58,31.75,13345598,434890439.6712,31.91,0.62,2141240960,2141240000.0,69804470284.69,69804440000.0
2023-01-14,CSX,31.75,31.59,31.8,31.41,31.82,7459801,241041067.5326,31.64,0.35,2141240960,2141240000.0,69419029781.96,69419000000.0
2023-01-13,CSX,31.82,31.76,32.02,31.58,31.78,10568688,343626051.882,31.84,0.49,2141240960,2141240000.0,69568931637.85,69568880000.0
2023-01-12,CSX,31.78,31.91,31.95,31.38,31.73,10993465,355179043.9261,31.64,0.51,2141240960,2141240000.0,69483262728.28,69483190000.0
2023-01-11,CSX,31.73,31.23,31.73,31.23,31.47,11177047,359808110.3788,31.52,0.52,2141240960,2141240000.0,69376194256.55,69376130000.0
2023-01-10,CSX,31.47,31.52,31.95,31.39,31.53,14682606,474453671.5536,31.64,0.69,2141240960,2141240000.0,68819484454.4,68819440000.0
2023-01-07,CSX,31.53,30.46,31.69,30.46,30.27,10799360,345665871.6826,31.34,0.5,2141240960,2141240000.0,68947952488.28,68947880000.0
2023-01-06,CSX,30.27,30.46,30.63,30.16,30.63,11660797,361550007.4632,30.36,0.54,2141240960,2141240000.0,66185766638.56,66185690000.0
2023-01-05,CSX,30.63,30.37,30.84,30.26,30.24,9543234,297912118.7311,30.57,0.45,2141240960,2141240000.0,66978015087.56,66977940000.0
2023-01-04,CSX,30.24,30.44,30.52,29.92,30.34,8329504,256811977.1739,30.19,0.39,2141240960,2141240000.0,66121531551.0,66121500000.0
2022-12-31,CSX,30.34,30.38,30.47,30.09,30.59,7328770,226601200.4531,30.28,0.34,2141240960,2141240000.0,66335636375.84,66335560000.0
2022-12-30,CSX,30.59,30.42,30.71,30.34,30.2,5542879,173121853.9257,30.59,0.26,2141240960,2141240000.0,66892380437.85,66892310000.0
2022-12-29,CSX,30.2,30.59,30.74,30.2,30.59,7626981,236546277.6613,30.37,0.36,2141240960,2141240000.0,66035864782.68,66035810000.0
2022-12-28,CSX,30.59,30.66,30.71,30.4,30.6,10152270,317221879.1757,30.6,0.47,2141240960,2141240000.0,66892380437.85,66892310000.0
2022-12-24,CSX,30.6,30.4,30.67,30.22,30.33,6855074,213822748.4252,30.55,0.32,2141240960,2141240000.0,66913780000.0,66913750000.0
2022-12-23,CSX,30.33,30.31,30.38,29.89,30.57,8421297,259644536.4465,30.19,0.39,2141240960,2141240000.0,66314236813.68,66314190000.0
2022-12-22,CSX,30.57,30.44,30.6,30.26,30.09,11474618,357381590.4064,30.5,0.54,2141240960,2141240000.0,66849547053.68,66849500000.0
2022-12-21,CSX,30.09,30.44,30.56,29.9,30.53,17911211,550314703.9345,30.09,0.84,2141240960,2141240000.0,65800326135.84,65800310000.0
2022-12-20,CSX,30.53,30.97,31.13,30.23,30.99,10633211,331801906.0073,30.56,0.5,2141240960,2141240000.0,66763878144.11,66763810000.0
2022-12-17,CSX,30.99,30.79,31.1,30.43,31.11,33977071,1070553052.7063,30.85,1.59,2141240960,2141240000.0,67770263536.55,67770190000.0
2022-12-16,CSX,31.11,31.6,31.6,30.79,31.99,14795055,469711852.6592,31.09,0.69,2141240960,2141240000.0,68027236005.4,68027190000.0
2022-12-15,CSX,31.99,32.03,32.45,31.76,32.06,11698411,383930162.3074,32.14,0.55,2141240960,2141240000.0,69954340021.96,69954310000.0
2022-12-14,CSX,32.06,32.56,32.64,31.7,31.55,15517997,507786058.4788,32.04,0.72,2141240960,2141240000.0,70104241877.85,70104190000.0
2022-12-13,CSX,31.55,30.85,31.58,30.75,30.77,14105985,450334911.1936,31.26,0.66,2141240960,2141240000.0,68990788013.68,68990750000.0
2022-12-10,CSX,30.77,30.89,30.98,30.68,30.87,10533176,331541268.1906,30.82,0.49,2141240960,2141240000.0,67277788821.96,67277750000.0
2022-12-09,CSX,30.87,30.39,30.98,30.38,30.27,11740215,369570274.9459,30.83,0.55,2141240960,2141240000.0,67491925765.4,67491880000.0
2022-12-08,CSX,30.27,30.51,30.76,30.22,30.51,14573942,451901623.1565,30.36,0.68,2141240960,2141240000.0,66185766638.56,66185690000.0
2022-12-07,CSX,30.51,30.74,30.81,30.09,30.7,14309782,444590631.2678,30.42,0.67,2141240960,2141240000.0,66721076878.56,66721000000.0
2022-12-06,CSX,30.7,31.15,31.17,30.63,31.39,18867489,593580543.3471,30.81,0.88,2141240960,2141240000.0,67127919084.69,67127880000.0
2022-12-03,CSX,31.39,31.44,31.66,31.08,32.0,11178543,357988345.8007,31.36,0.52,2141240960,2141240000.0,68626781332.96,68626750000.0
2022-12-02,CSX,32.0,32.19,32.31,31.71,32.01,11298047,368355886.6625,31.93,0.53,2141240960,2141240000.0,69975739584.11,69975690000.0
2022-12-01,CSX,32.01,31.61,32.06,31.05,31.5,24182465,780491500.304,31.61,1.13,2141240960,2141240000.0,69997173406.12,69997130000.0
2022-11-30,CSX,31.5,31.22,31.54,30.86,30.94,13413672,429016258.894,31.32,0.63,2141240960,2141240000.0,68883719541.96,68883690000.0
2022-11-29,CSX,30.94,31.15,31.28,30.82,31.26,16922895,538063429.6021,31.04,0.79,2141240960,2141240000.0,67877332008.28,67877310000.0
2022-11-26,CSX,31.26,31.51,31.56,31.22,31.31,5838391,187769094.3053,31.39,0.27,2141240960,2141240000.0,68562546245.4,68562500000.0
2022-11-24,CSX,31.31,31.16,31.42,31.05,31.16,9659039,309635022.3397,31.29,0.45,2141240960,2141240000.0,68669614717.13,68669560000.0
2022-11-23,CSX,31.16,30.77,31.43,30.75,30.54,15708211,501450172.3601,31.16,0.73,2141240960,2141240000.0,68348409301.96,68348380000.0
2022-11-22,CSX,30.54,30.02,30.59,29.7,30.14,19909430,618134105.7673,30.31,0.93,2141240960,2141240000.0,66999416790.95,66999380000.0
2022-11-19,CSX,30.14,30.39,30.5,29.79,30.21,15351504,473375922.3947,30.1,0.72,2141240960,2141240000.0,66121531551.0,66121500000.0
2022-11-18,CSX,30.21,30.11,30.21,29.74,30.5,12225383,376547994.6692,30.07,0.57,2141240960,2141240000.0,66271401288.28,66271380000.0
2022-11-17,CSX,30.5,30.49,30.68,30.3,30.56,10016309,312857438.4021,30.49,0.47,2141240960,2141240000.0,66892380437.85,66892310000.0
2022-11-16,CSX,30.56,31.38,31.75,30.15,31.04,16846278,531550508.6563,30.8,0.79,2141240960,2141240000.0,67042250175.12,67042190000.0
2022-11-15,CSX,31.04,30.92,31.64,30.79,31.18,12305075,393954297.6446,31.25,0.57,2141240960,2141240000.0,68091471092.96,68091440000.0
2022-11-12,CSX,31.18,31.01,31.3,30.6,30.48,14690844,467350917.5205,31.05,0.69,2141240960,2141240000.0,68391242686.12,68391190000.0
2022-11-11,CSX,30.48,29.78,30.55,29.52,28.73,18324719,565411092.1911,30.12,0.86,2141240960,2141240000.0,66849547053.68,66849500000.0
2022-11-10,CSX,28.73,29.02,29.2,28.66,29.27,10546610,312016225.7314,28.88,0.49,2141240960,2141240000.0,63016706464.11,63016670000.0
2022-11-09,CSX,29.27,29.26,29.4,28.75,29.25,14559090,434999475.6335,29.17,0.68,2141240960,2141240000.0,64194395415.84,64194350000.0
2022-11-08,CSX,29.25,29.1,29.3,28.96,28.92,9927453,296528126.8757,29.16,0.46,2141240960,2141240000.0,64151594150.29,64151590000.0
2022-11-05,CSX,28.92,28.51,29.06,28.51,28.31,13867711,409401135.7678,28.82,0.65,2141240960,2141240000.0,63444980351.0,63444950000.0
2022-11-04,CSX,28.31,27.58,28.53,27.45,27.85,19382036,560462504.6695,28.23,0.91,2141240960,2141240000.0,62095987840.0,62095970000.0
2022-11-03,CSX,27.85,28.39,29.03,27.84,28.38,15289817,444369419.2934,28.37,0.71,2141240960,2141240000.0,61089602447.56,61089590000.0
2022-11-02,CSX,28.38,28.63,28.74,28.21,28.37,16785184,487839652.9319,28.37,0.78,2141240960,2141240000.0,62245891837.13,62245890000.0
2022-11-01,CSX,28.37,28.57,28.66,28.27,28.52,15539086,452891245.5004,28.45,0.73,2141240960,2141240000.0,62224458015.12,62224420000.0
2022-10-29,CSX,28.52,28.33,28.66,28.17,28.12,14182774,413827929.789,28.48,0.66,2141240960,2141240000.0,62567065133.68,62567050000.0
2022-10-28,CSX,28.12,28.24,28.64,28.08,28.08,14100598,408772119.9412,28.3,0.66,2141240960,2141240000.0,61689147775.12,61689120000.0
2022-10-27,CSX,28.08,28.39,28.67,27.98,28.07,21083352,609783269.3034,28.23,0.98,2141240960,2141240000.0,61603513125.4,61603470000.0
2022-10-26,CSX,28.07,27.56,28.14,27.5,27.49,19664215,563012078.2579,27.95,0.92,2141240960,2141240000.0,61582079303.4,61582050000.0
2022-10-25,CSX,27.49,27.09,27.86,27.08,26.88,21072020,595018994.3319,27.56,0.98,2141240960,2141240000.0,60297353998.56,60297340000.0
2022-10-22,CSX,26.88,27.08,27.8,26.32,26.43,29374743,807722977.5964,26.84,1.37,2141240960,2141240000.0,58969763190.95,58969740000.0
2022-10-21,CSX,26.43,26.67,27.18,26.15,27.25,20922911,569017562.6482,26.55,0.98,2141240960,2141240000.0,57984809479.28,57984780000.0
2022-10-20,CSX,27.25,27.35,27.57,27.04,27.73,15446532,431644022.4812,27.28,0.72,2141240960,2141240000.0,59783445461.96,59783410000.0
2022-10-19,CSX,27.73,28.0,28.24,27.45,27.48,16408665,466283408.8472,27.74,0.77,2141240960,2141240000.0,60832664238.56,60832640000.0
2022-10-18,CSX,27.48,27.2,27.59,27.17,26.66,17761672,499552460.0716,27.46,0.83,2141240960,2141240000.0,60275920176.55,60275910000.0
2022-10-15,CSX,26.66,27.19,27.24,26.54,26.84,15482481,424148790.9524,26.74,0.72,2141240960,2141240000.0,58477286335.12,58477280000.0
2022-10-14,CSX,26.84,25.54,27.1,25.19,26.01,18585950,504370791.0276,26.49,0.87,2141240960,2141240000.0,58884126400.0,58884090000.0
2022-10-13,CSX,26.01,25.94,26.53,25.87,25.88,13763200,368937811.8624,26.17,0.64,2141240960,2141240000.0,57064058736.55,57064040000.0
2022-10-12,CSX,25.88,25.85,26.18,25.72,25.96,18070719,479788413.8107,25.92,0.84,2141240960,2141240000.0,56764287143.4,56764250000.0
2022-10-11,CSX,25.96,26.29,26.59,25.94,26.13,16063083,430169346.6769,26.14,0.75,2141240960,2141240000.0,56935590702.68,56935590000.0
2022-10-08,CSX,26.13,26.44,26.59,26.0,26.71,14487829,389395117.2133,26.24,0.68,2141240960,2141240000.0,57321031205.4,57321020000.0
2022-10-07,CSX,26.71,27.13,27.22,26.68,27.16,15166340,417591582.8594,26.88,0.71,2141240960,2141240000.0,58584354806.84,58584350000.0
2022-10-06,CSX,27.16,27.11,27.39,26.77,27.45,16028684,445033237.5806,27.1,0.76,2102408960,2102408000.0,58489034086.47,58488990000.0
2022-10-05,CSX,27.45,27.12,27.53,27.12,26.77,15531485,435487338.978,27.37,0.74,2102408960,2102408000.0,59119731545.56,59119700000.0
2022-10-04,CSX,26.77,26.39,26.97,26.27,26.01,16035040,439119490.2248,26.73,0.76,2102408960,2102408000.0,57648051580.79,57648040000.0
2022-10-01,CSX,26.01,26.51,26.61,25.98,26.54,24138743,646879714.5499,26.16,1.15,2102408960,2102408000.0,56008174694.4,56008170000.0
2022-09-30,CSX,26.54,26.71,26.75,26.14,26.97,15427262,417315258.7218,26.41,0.72,2141240960,2141240000.0,58220348126.12,58220340000.0
2022-09-29,CSX,26.97,26.27,27.11,26.22,26.57,18306629,502793469.3744,26.81,0.85,2141240960,2141240000.0,59162498431.0,59162460000.0
2022-09-28,CSX,26.57,26.8,27.08,26.26,26.78,18481504,502562067.7468,26.54,0.86,2141240960,2141240000.0,58284583213.68,58284560000.0
2022-09-27,CSX,26.78,26.9,27.13,26.58,27.02,17252063,474076357.2543,26.82,0.81,2141240960,2141240000.0,58734224544.11,58734220000.0
2022-09-24,CSX,27.02,27.86,27.91,26.83,27.89,23944254,664093908.6343,27.07,1.12,2141240960,2141240000.0,59269534784.11,59269530000.0
2022-09-23,CSX,27.89,28.29,28.36,27.83,28.45,17156172,492380523.7198,28.02,0.8,2141240960,2141240000.0,61175271357.13,61175230000.0
2022-09-22,CSX,28.45,29.0,29.29,28.44,28.77,12784547,379074615.8815,28.94,0.6,2141240960,2141240000.0,62395761574.4,62395720000.0
2022-09-21,CSX,28.77,28.77,28.95,28.38,29.17,17563125,515590122.75,28.66,0.82,2141240960,2141240000.0,63102375373.68,63102360000.0
2022-09-20,CSX,29.17,28.62,29.2,28.56,28.79,19382407,576054924.1555,29.01,0.91,2141240960,2141240000.0,63980290591.0,63980250000.0
2022-09-17,CSX,28.79,28.7,29.09,28.21,29.45,48494387,1420608975.6109,28.6,2.26,2141240960,2141240000.0,63145208757.85,63145200000.0
2022-09-16,CSX,29.45,30.55,30.71,29.32,30.49,34773821,1059544590.2107,29.74,1.62,2141240960,2141240000.0,64601237621.96,64601210000.0
2022-09-15,CSX,30.49,30.44,30.58,29.7,30.81,23037149,712631305.3889,30.2,1.08,2141240960,2141240000.0,66870946615.84,66870880000.0
2022-09-14,CSX,30.81,31.52,31.57,30.68,32.06,14156297,450344395.3657,31.05,0.66,2141240960,2141240000.0,67577560415.12,67577500000.0
2022-09-13,CSX,32.06,31.97,32.14,31.71,31.85,13870899,454815681.4908,32.01,0.65,2141240960,2141240000.0,70318346702.68,70318310000.0
2022-09-10,CSX,31.85,31.57,31.97,31.52,31.44,13841321,451373727.2373,31.83,0.65,2141240960,2141240000.0,69868703231.0,69868630000.0
2022-09-09,CSX,31.44,30.98,31.47,30.88,31.13,15374461,492752935.6238,31.29,0.72,2141240960,2141240000.0,68969386310.29,68969310000.0
2022-09-08,CSX,31.13,30.74,31.34,30.65,30.74,11452758,364142696.8033,31.04,0.53,2141240960,2141240000.0,68284174214.4,68284130000.0
2022-09-07,CSX,30.74,30.5,31.01,30.41,30.5,16149012,508428985.7562,30.73,0.75,2141240960,2141240000.0,67427690677.85,67427630000.0
2022-09-03,CSX,30.5,31.19,31.21,30.32,30.86,10934083,343836508.9133,30.7,0.51,2141240960,2141240000.0,66892380437.85,66892310000.0
2022-09-02,CSX,30.86,30.76,30.96,30.47,30.9,10492981,330420834.2887,30.74,0.49,2141240960,2141240000.0,67684628886.84,67684560000.0
2022-09-01,CSX,30.9,31.14,31.14,30.64,30.92,13664602,432643244.6708,30.91,0.64,2141240960,2141240000.0,64381750359.73,67770190000.0
2022-08-31,CSX,30.92,31.76,31.84,30.78,31.84,15548208,493647783.2514,30.99,0.73,2141240960,2141240000.0,64422444108.86,67813060000.0
2022-08-30,CSX,31.84,31.64,32.16,31.5,31.76,9410781,308473185.9863,31.9,0.44,2141240960,2141240000.0,66558338069.0,70061380000.0
2022-08-27,CSX,31.76,33.01,33.16,31.71,33.07,13515235,445827056.945,32.1,0.63,2141240960,2141240000.0,66375268069.45,69868630000.0
2022-08-26,CSX,33.07,32.99,33.12,32.76,32.72,6782785,229669142.6399,32.95,0.32,2141240960,2141240000.0,69121391293.04,72759310000.0
2022-08-25,CSX,32.72,32.63,32.99,32.58,32.73,13376145,450598277.4045,32.78,0.62,2141240960,2141240000.0,68389086884.72,71988440000.0
2022-08-24,CSX,32.73,32.65,32.94,32.51,32.66,12986497,436629352.8886,32.72,0.61,2141240960,2141240000.0,68409446981.45,72009880000.0
2022-08-23,CSX,32.66,32.51,32.75,32.49,32.92,20808137,698100365.8108,32.65,0.97,2141240960,2141240000.0,68267040218.36,71860000000.0
2022-08-20,CSX,32.92,33.18,33.27,32.87,33.43,12433856,422102056.7168,33.04,0.58,2141240960,2141240000.0,68816276661.32,72438130000.0
2022-08-19,CSX,33.43,33.68,33.77,33.31,33.56,13585879,466976455.0626,33.45,0.63,2141240960,2141240000.0,69874059866.45,73551630000.0
2022-08-18,CSX,33.56,33.28,33.74,33.02,33.52,12172239,417477379.2747,33.38,0.57,2141240960,2141240000.0,70138480749.04,73829940000.0
2022-08-17,CSX,33.52,33.09,33.6,33.07,33.22,12763168,438280718.1938,33.42,0.6,2141240960,2141240000.0,70057127831.82,73744310000.0
2022-08-16,CSX,33.22,33.38,33.45,33.0,33.43,13192750,450475776.0243,33.23,0.62,2141240960,2141240000.0,69446868055.68,73101880000.0
2022-08-13,CSX,33.43,33.33,33.46,33.2,33.24,11880993,406985838.9376,33.34,0.55,2141240960,2141240000.0,69874059866.45,73551630000.0
2022-08-12,CSX,33.24,33.22,33.78,33.2,33.15,14382262,494759822.8544,33.48,0.67,2141240960,2141240000.0,69487559770.64,73144750000.0
2022-08-11,CSX,33.15,32.32,33.26,32.27,31.79,16833184,571030383.8472,33.01,0.79,2141240960,2141240000.0,69284129674.36,72930630000.0
2022-08-10,CSX,31.79,32.08,32.12,31.76,31.94,14140887,463190438.3216,31.88,0.66,2141240960,2141240000.0,66456623020.86,69954310000.0
2022-08-09,CSX,31.94,32.5,32.53,31.91,32.22,14688840,484414352.923,32.09,0.69,2141240960,2141240000.0,66761768165.27,70275500000.0
2022-08-06,CSX,32.22,31.67,32.26,31.67,31.95,11474122,377804938.435,32.04,0.54,2141240960,2141240000.0,67351665810.5,70896440000.0
2022-08-05,CSX,31.95,31.87,32.18,31.68,31.63,10669348,350624574.769,31.98,0.5,2141240960,2141240000.0,66782097749.32,70296880000.0
2022-08-04,CSX,31.63,31.35,31.73,31.25,31.29,9168234,297373466.7639,31.57,0.43,2141240960,2141240000.0,66110814640.0,69590250000.0
2022-08-03,CSX,31.29,31.77,31.77,31.28,31.73,12985844,419147956.5695,31.41,0.61,2141240960,2141240000.0,65398839815.73,68840810000.0
2022-08-02,CSX,31.73,31.09,31.81,31.04,31.46,11749141,381249015.9757,31.58,0.55,2141240960,2141240000.0,66314246770.45,69804440000.0
2022-07-30,CSX,31.46,31.01,31.5,30.84,30.86,11526852,370424656.609,31.27,0.54,2141240960,2141240000.0,65765008293.32,69226250000.0
2022-07-29,CSX,30.86,30.97,31.07,30.65,30.98,13342606,423388934.5378,30.88,0.62,2141240960,2141240000.0,64503827538.77,67898690000.0
2022-07-28,CSX,30.98,30.31,31.04,30.28,30.32,16271633,513256119.719,30.7,0.76,2141240960,2141240000.0,64747918837.32,68155630000.0
2022-07-27,CSX,30.32,30.42,30.66,30.29,30.51,12999711,406666059.2997,30.44,0.61,2141240960,2141240000.0,63385023034.64,66721000000.0
2022-07-26,CSX,30.51,30.12,30.58,29.99,30.06,10861250,339313139.765,30.4,0.51,2141240960,2141240000.0,63771523130.45,67127880000.0
2022-07-23,CSX,30.06,30.0,30.78,29.98,30.16,21023680,655291391.7744,30.33,0.98,2141240960,2141240000.0,62835786591.68,66142880000.0
2022-07-22,CSX,30.16,29.46,30.41,29.26,28.93,26968661,832201476.1921,30.03,1.26,2141240960,2141240000.0,63039216687.95,66357000000.0
2022-07-21,CSX,28.93,28.71,29.03,28.6,28.92,14328649,424787085.2681,28.85,0.67,2141240960,2141240000.0,60476130917.04,63659050000.0
2022-07-20,CSX,28.92,28.4,28.97,28.31,28.06,19617868,579911927.1379,28.77,0.92,2141240960,2141240000.0,60455801333.0,63637660000.0
2022-07-19,CSX,28.06,28.11,28.51,28.03,28.09,13425188,389186856.1892,28.21,0.63,2141240960,2141240000.0,58645382101.32,61731960000.0
2022-07-16,CSX,28.09,27.96,28.16,27.8,27.42,15870801,456707644.4442,28.01,0.74,2141240960,2141240000.0,58706405434.5,61796190000.0
2022-07-15,CSX,27.42,27.1,27.53,26.86,27.47,12467247,349898273.9538,27.31,0.58,2141240960,2141240000.0,57323147500.91,60340140000.0
2022-07-14,CSX,27.47,27.31,27.74,27.21,27.66,22263629,629924892.5631,27.54,1.04,2141240960,2141240000.0,57424862549.04,60447210000.0
2022-07-13,CSX,27.66,27.8,27.87,27.39,28.08,14560415,414169563.1939,27.68,0.68,2141240960,2141240000.0,57811362644.86,60854020000.0
2022-07-12,CSX,28.08,27.98,28.39,27.92,28.21,11972047,346188475.9267,28.14,0.56,2141240960,2141240000.0,58686075850.45,61774800000.0
2022-07-09,CSX,28.21,28.44,28.55,27.82,28.46,9779746,283292846.0855,28.19,0.46,2141240960,2141240000.0,58970858863.95,62074550000.0
2022-07-08,CSX,28.46,28.18,28.56,28.05,28.12,13955317,406705427.3238,28.36,0.65,2141240960,2141240000.0,59479403591.95,62609860000.0
2022-07-07,CSX,28.12,27.93,28.28,27.81,27.75,13716391,395321558.9484,28.05,0.64,2141240960,2141240000.0,58767428767.68,61860410000.0
2022-07-06,CSX,27.75,28.21,28.21,27.34,28.55,23077641,655490437.827,27.64,1.08,2141240960,2141240000.0,57994430610.23,61046740000.0
2022-07-02,CSX,28.55,28.31,28.74,28.05,28.28,13838786,404111939.3392,28.42,0.65,2141240960,2141240000.0,59682803175.54,62824000000.0
2022-07-01,CSX,28.28,28.16,28.46,27.81,28.34,16745536,485153460.7644,28.2,0.78,2141240960,2141240000.0,59113235114.36,62224420000.0
2022-06-30,CSX,28.34,28.5,28.5,27.93,28.36,17330079,503366129.9288,28.27,0.8,2174260960,2174260000.0,60148746935.25,63314450000.0
2022-06-29,CSX,28.36,29.02,29.33,28.3,28.53,13123872,386065047.615,28.63,0.6,2174260960,2174260000.0,60190066155.68,63357950000.0
2022-06-28,CSX,28.53,28.8,28.85,28.28,28.78,16602442,485734424.7203,28.47,0.76,2174260960,2174260000.0,60561881304.22,63749320000.0
2022-06-25,CSX,28.78,28.06,28.89,28.05,27.94,24261774,716037760.3238,28.72,1.12,2174260960,2174260000.0,61078268282.22,64292900000.0
2022-06-24,CSX,27.94,28.27,28.28,27.68,28.06,16883250,484611827.4412,27.93,0.78,2174260960,2174260000.0,59301895012.36,62423040000.0
2022-06-23,CSX,28.06,27.97,28.38,27.74,28.21,17127172,495194447.2201,28.14,0.79,2174260960,2174260000.0,59549750434.06,62683910000.0
2022-06-22,CSX,28.21,28.5,28.6,28.18,28.15,17013938,495437486.6886,28.34,0.78,2174260960,2174260000.0,59880246362.17,63031830000.0
2022-06-18,CSX,28.15,28.13,28.38,27.9,28.27,28779915,832758208.5914,28.16,1.32,2174260960,2174260000.0,59756286635.32,62901330000.0
2022-06-17,CSX,28.27,28.15,28.59,27.99,28.63,16523786,479910148.4507,28.26,0.76,2174260960,2174260000.0,60004175105.79,63162290000.0
2022-06-16,CSX,28.63,28.88,29.17,28.2,28.55,15410973,453896382.6293,28.66,0.71,2174260960,2174260000.0,60768417505.49,63966740000.0
2022-06-15,CSX,28.55,29.02,29.34,28.33,28.67,14891450,438784019.975,28.68,0.68,2174260960,2174260000.0,60603169541.44,63792780000.0
2022-06-14,CSX,28.67,29.05,29.21,28.56,29.49,18695551,553666854.6143,28.82,0.86,2174260960,2174260000.0,60851055946.36,64053740000.0
2022-06-11,CSX,29.49,29.93,30.01,29.31,30.33,13214801,401356037.6057,29.56,0.61,2174260960,2174260000.0,62586109995.79,65880060000.0
2022-06-10,CSX,30.33,30.8,31.1,30.32,30.96,11128403,350610418.8481,30.66,0.51,2174260960,2174260000.0,64383126351.49,67771630000.0
2022-06-09,CSX,30.96,31.4,31.55,30.82,31.69,14814860,472651826.7689,31.05,0.68,2174260960,2174260000.0,65705074949.62,69163190000.0
2022-06-08,CSX,31.69,30.8,31.76,30.56,31.28,11283086,364846416.2717,31.47,0.52,2174260960,2174260000.0,67254235883.62,70793880000.0
2022-06-07,CSX,31.28,31.41,31.48,31.01,31.25,12707004,407734758.2706,31.23,0.58,2174260960,2174260000.0,66386709891.68,69880690000.0
2022-06-04,CSX,31.25,31.52,31.63,31.2,31.72,17055915,549737843.7139,31.37,0.78,2174260960,2174260000.0,66324745519.87,69815500000.0
2022-06-03,CSX,31.72,31.2,31.76,30.93,31.14,13838442,447500535.1443,31.47,0.64,2174260960,2174260000.0,67316200255.44,70859060000.0
2022-06-02,CSX,31.14,31.13,31.37,30.94,30.94,15230055,487643424.6372,31.16,0.7,2174260960,2174260000.0,66097533184.0,69576310000.0
2022-06-01,CSX,30.94,31.16,31.18,30.68,31.19,31840133,1012961863.9015,30.96,1.46,2174260960,2174260000.0,64972558300.46,69119690000.0
2022-05-28,CSX,31.19,30.98,31.28,30.82,30.64,12497309,399002759.19,31.07,0.57,2174260960,2174260000.0,65503968117.14,69685000000.0
2022-05-27,CSX,30.64,30.44,31.09,30.12,30.22,19762153,627434504.4807,30.8,0.91,2174260960,2174260000.0,64543375537.4,68663130000.0
2022-05-26,CSX,30.22,29.98,30.32,29.82,29.99,22264028,691358271.3317,30.12,1.02,2174260960,2174260000.0,63664522906.93,67728130000.0
2022-05-25,CSX,29.99,30.05,30.18,29.67,30.3,18649215,575634036.6299,29.94,0.86,2174260960,2174260000.0,63174030072.41,67206380000.0
2022-05-24,CSX,30.3,30.22,30.42,29.91,30.02,17331040,540402607.117,30.25,0.8,2174260960,2174260000.0,63828031418.73,67902130000.0
2022-05-21,CSX,30.02,30.18,30.34,29.39,30.02,21816762,669940313.5242,29.79,1.0,2174260960,2174260000.0,63235342187.67,67271630000.0
2022-05-20,CSX,30.02,30.48,30.83,29.7,31.35,33489231,1043219518.5117,30.22,1.54,2174260960,2174260000.0,63235342187.67,67271630000.0
2022-05-19,CSX,31.35,32.68,32.77,31.25,32.75,20443950,666315372.0289,31.62,0.94,2174260960,2174260000.0,66055803724.01,70272060000.0
2022-05-18,CSX,32.75,32.68,32.98,32.34,32.27,26286352,885208649.1248,32.67,1.21,2174260960,2174260000.0,68998856790.0,73403000000.0
2022-05-17,CSX,32.27,32.19,32.62,32.0,32.43,17849219,594752184.1709,32.32,0.82,2174260960,2174260000.0,67976954138.8,72315880000.0
2022-05-14,CSX,32.43,32.13,32.86,32.09,32.01,11309504,379325355.8186,32.54,0.52,2174260960,2174260000.0,68324396952.59,72685500000.0
2022-05-13,CSX,32.01,32.06,32.38,31.39,32.18,20225430,666440215.5614,31.97,0.93,2174260960,2174260000.0,67445574979.2,71750560000.0
2022-05-12,CSX,32.18,31.74,32.77,31.74,31.8,16936590,563294097.6198,32.26,0.78,2174260960,2174260000.0,67793019836.8,72120190000.0
2022-05-11,CSX,31.8,33.0,33.05,31.59,32.61,24685477,814045569.3859,31.99,1.14,2174260960,2174260000.0,66995935768.87,71272190000.0
2022-05-10,CSX,32.61,33.45,33.52,32.48,33.74,17607465,597248681.4706,32.91,0.81,2174260960,2174260000.0,68712726091.47,73098560000.0
2022-05-07,CSX,33.74,33.7,33.99,32.68,33.61,23166731,802393744.0573,33.6,1.07,2174260960,2174260000.0,71083546373.67,75620750000.0
2022-05-06,CSX,33.61,34.04,34.25,33.29,34.44,14006875,485831204.7225,33.65,0.64,2174260960,2174260000.0,70817841465.33,75338060000.0
2022-05-05,CSX,34.44,33.55,34.49,33.37,33.5,14403204,504329729.2028,33.97,0.66,2174260960,2174260000.0,72555088235.2,77186250000.0
2022-05-04,CSX,33.5,33.32,33.79,33.08,33.26,12127293,418984693.7642,33.52,0.56,2174260960,2174260000.0,70572595048.07,75077190000.0
2022-05-03,CSX,33.26,33.41,33.6,32.64,33.31,13671157,468070243.4365,33.21,0.63,2174260960,2174260000.0,70082071556.46,74555380000.0
2022-04-30,CSX,33.31,34.0,34.17,33.15,34.16,16045891,553795029.2153,33.48,0.74,2174260960,2174260000.0,70184267953.0,74664060000.0
2022-04-29,CSX,34.16,33.49,34.3,33.38,33.45,12859477,450527905.9924,33.99,0.59,2174260960,2174260000.0,71962399004.14,76555690000.0
2022-04-28,CSX,33.45,33.19,33.88,33.09,33.09,13241625,457900675.9084,33.55,0.61,2174260960,2174260000.0,70470398651.53,74968440000.0
2022-04-27,CSX,33.09,33.64,33.66,33.07,33.6,10713442,367608256.9383,33.29,0.49,2174260960,2174260000.0,69714200908.67,74164000000.0
2022-04-26,CSX,33.6,33.49,33.66,32.81,33.49,11718204,402173507.1526,33.29,0.54,2174260960,2174260000.0,70797415675.14,75316380000.0
2022-04-23,CSX,33.49,34.97,35.19,33.47,35.21,21027926,738143223.2942,34.05,0.97,2174260960,2174260000.0,70552169257.87,75055440000.0
2022-04-22,CSX,35.21,36.28,37.03,34.92,34.24,17399020,637322744.5891,35.53,0.8,2174260960,2174260000.0,74190140652.34,78925630000.0
2022-04-21,CSX,34.24,34.43,34.75,34.15,34.24,13958118,495059536.2069,34.41,0.64,2174260960,2174260000.0,72146335349.94,76751380000.0
2022-04-20,CSX,34.24,33.79,34.26,33.69,33.71,12754075,447407925.8944,34.03,0.59,2174260960,2174260000.0,72125876858.86,76729630000.0
2022-04-19,CSX,33.71,33.66,34.14,33.56,34.01,10228000,355486372.688,33.72,0.47,2174260960,2174260000.0,71022234258.4,75555500000.0
2022-04-15,CSX,34.01,33.86,34.14,33.82,33.85,12727145,446235428.9365,34.01,0.59,2174260960,2174260000.0,71655809814.53,76229500000.0
2022-04-14,CSX,33.85,33.4,33.95,33.4,33.38,8527012,297162130.275,33.81,0.39,2174260960,2174260000.0,71308367000.74,75859880000.0
2022-04-13,CSX,33.38,33.34,33.85,33.17,33.22,13771918,475146306.3379,33.47,0.63,2174260960,2174260000.0,70327348630.81,74816250000.0
2022-04-12,CSX,33.22,33.1,33.79,33.02,33.3,11151375,383434531.7471,33.36,0.51,2174260960,2174260000.0,69979905817.01,74446630000.0
2022-04-09,CSX,33.3,33.45,33.64,32.9,33.7,11181692,384485833.9276,33.36,0.51,2174260960,2174260000.0,70163840119.0,74642310000.0
2022-04-08,CSX,33.7,33.45,33.85,32.85,33.63,13719879,472929689.6418,33.44,0.63,2174260960,2174260000.0,71001808468.21,75533750000.0
2022-04-07,CSX,33.63,33.91,34.22,33.43,34.22,14482430,503919004.8887,33.76,0.67,2174260960,2174260000.0,70858727790.4,75381560000.0
2022-04-06,CSX,34.22,34.53,35.63,34.17,34.55,14895094,533420112.4141,34.74,0.69,2174260960,2174260000.0,72085023234.67,76686130000.0
2022-04-05,CSX,34.55,34.36,34.6,33.8,34.45,11727153,415312397.4523,34.36,0.54,2174260960,2174260000.0,72779908862.27,77425380000.0
2022-04-02,CSX,34.45,36.63,36.65,34.19,36.33,21039274,755718182.6727,34.85,0.97,2174260960,2174260000.0,72575516069.2,77207940000.0
2022-04-01,CSX,36.33,36.7,36.92,36.32,36.67,16183719,609873788.8348,36.56,0.74,2174260960,2174260000.0,76540502443.46,81426060000.0
2022-03-31,CSX,36.67,36.62,36.85,36.3,36.55,8796945,331922792.3681,36.6,0.4,2178580960,2178580000.0,77409346862.18,82350310000.0
2022-03-30,CSX,36.55,36.59,36.71,36.05,36.41,15244559,572640501.2078,36.44,0.7,2178580960,2178580000.0,77163580403.37,82088880000.0
2022-03-29,CSX,36.41,35.78,36.44,35.53,35.82,15776352,589204245.7077,36.23,0.72,2178580960,2178580000.0,76856412775.21,81762130000.0
2022-03-26,CSX,35.82,35.62,35.84,35.36,35.58,8588797,315339356.6704,35.62,0.39,2178580960,2178580000.0,75607214452.74,80433190000.0
2022-03-25,CSX,35.58,35.48,35.93,35.26,35.3,11401926,418602364.0216,35.62,0.52,2178580960,2178580000.0,75115714300.97,79910250000.0
2022-03-24,CSX,35.3,35.67,35.83,35.25,35.68,19368825,706948534.9537,35.41,0.89,2178580960,2178580000.0,74521847466.34,79278500000.0
2022-03-23,CSX,35.68,35.8,35.94,35.4,35.76,20471973,752025767.803,35.64,0.94,2178580960,2178580000.0,75320513198.41,80128190000.0
2022-03-22,CSX,35.76,35.0,35.98,35.0,35.22,15313813,562655523.1021,35.64,0.7,2178580960,2178580000.0,75484346582.33,80302440000.0
2022-03-19,CSX,35.22,35.18,35.26,34.85,35.21,23024125,833781733.1544,35.13,1.06,2178580960,2178580000.0,74358014082.41,79104190000.0
2022-03-18,CSX,35.21,34.97,35.24,34.28,34.55,17775153,638671983.4824,34.86,0.82,2178580960,2178580000.0,74337547708.58,79082440000.0
2022-03-17,CSX,34.55,33.61,34.56,33.42,33.33,23601094,828263873.1642,34.05,1.08,2178580960,2178580000.0,72924513954.33,77579250000.0
2022-03-16,CSX,33.33,33.59,33.76,32.97,33.21,24581360,844991771.8962,33.35,1.13,2178580960,2178580000.0,70364681326.33,74856000000.0
2022-03-15,CSX,33.21,33.75,33.97,33.0,33.65,14321458,492202661.2283,33.34,0.66,2178580960,2178580000.0,70098448493.69,74572750000.0
2022-03-12,CSX,33.65,34.24,34.53,33.59,33.85,21957297,768312082.9572,33.95,1.01,2178580960,2178580000.0,71040481235.85,75574940000.0
2022-03-11,CSX,33.85,33.26,34.09,32.87,33.58,24267692,845301906.2854,33.79,1.11,2178580960,2178580000.0,71450048312.74,76010630000.0
2022-03-10,CSX,33.58,34.62,34.66,33.24,33.94,21741833,753658942.5957,33.63,1.0,2178580960,2178580000.0,70876647851.93,75400630000.0
2022-03-09,CSX,33.94,35.62,36.17,33.9,35.9,27806075,993363715.3586,34.66,1.27,2193388960,2193388000.0,72141891298.49,76746630000.0
2022-03-08,CSX,35.9,36.1,37.48,35.86,36.31,25773993,970834303.7736,36.54,1.18,2193388960,2193388000.0,76306675576.1,81177310000.0
2022-03-05,CSX,36.31,33.99,36.36,33.88,34.24,30152575,1110754527.335,35.74,1.37,2193388960,2193388000.0,77172621413.93,82098500000.0
2022-03-04,CSX,34.24,33.66,34.83,33.66,33.58,20974969,744548369.7182,34.44,0.96,2193388960,2193388000.0,72760402243.78,77404630000.0
2022-03-03,CSX,33.58,32.5,33.71,32.36,32.34,15046004,517218334.0272,33.35,0.69,2193388960,2193388000.0,71358402453.05,75913130000.0
2022-03-02,CSX,32.34,32.76,33.23,32.18,32.9,17105012,572636579.9675,32.48,0.78,2193388960,2193388000.0,68739926465.46,73127560000.0
2022-03-01,CSX,32.9,32.69,33.06,32.46,33.28,18286700,618364815.3601,32.8,0.83,2193388960,2193388000.0,64708710714.23,74377750000.0
2022-02-26,CSX,33.28,32.66,33.47,32.56,32.5,11361602,388695219.949,33.19,0.52,2193388960,2193388000.0,65471998622.82,75255130000.0
2022-02-25,CSX,32.5,32.08,32.55,31.65,32.31,13506004,448670708.9384,32.13,0.62,2193388960,2193388000.0,64117159436.46,73697810000.0
2022-02-24,CSX,32.31,33.24,33.39,32.25,33.12,13017110,437963308.4233,32.54,0.59,2193388960,2193388000.0,63735484950.19,73259130000.0
2022-02-23,CSX,33.12,33.7,33.95,32.95,33.52,20566766,708665004.4091,33.33,0.94,2193388960,2193388000.0,65338436501.14,75101630000.0
2022-02-19,CSX,33.52,33.9,34.23,33.48,33.95,14074442,490789909.2053,33.73,0.64,2193388960,2193388000.0,66139897010.63,76022810000.0
2022-02-18,CSX,33.95,33.85,34.25,33.75,34.02,14982958,526898252.4388,34.01,0.68,2193388960,2193388000.0,66979532029.26,76987940000.0
2022-02-17,CSX,34.02,33.54,34.11,33.34,33.42,10911387,381048591.5982,33.78,0.5,2193388960,2193388000.0,67113094150.94,77141440000.0
2022-02-16,CSX,33.42,33.13,33.82,33.13,32.81,18213313,630896376.5743,33.5,0.83,2193388960,2193388000.0,65929989687.15,75781560000.0
2022-02-15,CSX,32.81,32.32,32.92,32.28,32.28,14018243,473682122.3767,32.68,0.64,2193388960,2193388000.0,64727783656.94,74399690000.0
2022-02-12,CSX,32.28,32.81,33.07,32.02,32.88,12043649,404407752.252,32.48,0.55,2193388960,2193388000.0,63678241314.83,73193310000.0
2022-02-11,CSX,32.88,32.9,33.52,32.7,33.6,10937668,373759792.4247,33.05,0.5,2193388960,2193388000.0,64861374402.34,74553250000.0
2022-02-10,CSX,33.6,33.09,33.68,33.06,32.99,11172989,387379785.3989,33.53,0.51,2193388960,2193388000.0,66292560698.74,76198310000.0
2022-02-09,CSX,32.99,32.67,33.37,32.56,32.55,13581215,463806708.8851,33.03,0.62,2193388960,2193388000.0,65090354668.52,74816440000.0
2022-02-08,CSX,32.55,33.29,33.39,32.4,33.18,12304879,415881481.7104,32.69,0.56,2193388960,2193388000.0,64212547048.99,73807500000.0
2022-02-05,CSX,33.18,32.96,33.42,32.84,33.48,13627168,466966308.5151,33.14,0.62,2193388960,2193388000.0,65452927588.35,75233190000.0
2022-02-04,CSX,33.48,33.73,34.13,33.41,34.06,13095618,457398481.0656,33.78,0.6,2193388960,2193388000.0,66044478866.12,75913130000.0
2022-02-03,CSX,34.06,33.58,34.12,33.49,33.58,10085555,353814370.5359,33.93,0.46,2193388960,2193388000.0,67189439352.73,77229190000.0
2022-02-02,CSX,33.58,33.12,33.63,33.1,33.1,12299614,425141077.7556,33.43,0.56,2193388960,2193388000.0,66254388097.84,76154380000.0
2022-02-01,CSX,33.1,32.78,33.24,32.78,33.3,14354801,490661452.981,33.06,0.65,2193388960,2193388000.0,65300263900.24,75057750000.0
2022-01-29,CSX,33.3,32.44,33.33,32.12,32.46,15047485,510789978.1069,32.83,0.68,2217981920,2217981000.0,66437638722.36,76365060000.0
2022-01-28,CSX,32.46,32.79,33.03,32.3,32.55,16046282,541313268.0364,32.63,0.72,2217981920,2217981000.0,64758857855.34,74435440000.0
2022-01-27,CSX,32.55,32.84,33.68,32.27,32.61,21782508,739831840.4884,32.85,0.98,2217981920,2217981000.0,64932518121.09,74635000000.0
2022-01-26,CSX,32.61,32.55,32.9,32.06,33.23,19911868,670880712.1493,32.59,0.9,2217981920,2217981000.0,65067608657.18,74790310000.0
2022-01-25,CSX,33.23,33.31,33.37,32.3,32.98,29000317,984642108.0392,32.84,1.31,2217981920,2217981000.0,66302579060.59,76209810000.0
2022-01-22,CSX,32.98,33.9,33.99,32.31,34.08,34378809,1171141494.117,32.95,1.55,2217981920,2217981000.0,65800883128.15,75633130000.0
2022-01-21,CSX,34.08,33.78,34.93,33.78,34.09,18196579,648602428.4055,34.48,0.82,2217981920,2217981000.0,68000675666.76,78161630000.0
2022-01-20,CSX,34.09,34.17,34.39,33.81,34.09,17662352,623322082.0944,34.13,0.8,2217981920,2217981000.0,68019960531.6,78183810000.0
2022-01-19,CSX,34.09,34.87,34.91,33.92,35.25,20631528,731020550.1908,34.27,0.93,2217981920,2217981000.0,68019960531.6,78183810000.0
2022-01-15,CSX,35.25,35.24,35.54,35.02,35.54,13695684,498821449.8155,35.23,0.62,2217981920,2217981000.0,70316243002.31,80823250000.0
2022-01-14,CSX,35.54,35.48,35.77,35.38,35.44,9293109,341858110.5371,35.58,0.42,2217981920,2217981000.0,70895142072.36,81488630000.0
2022-01-13,CSX,35.44,35.24,35.54,35.07,35.11,11545032,422220234.566,35.37,0.52,2217981920,2217981000.0,70702166067.46,81266810000.0
2022-01-12,CSX,35.11,35.35,35.4,34.31,35.34,15075368,543608770.0853,34.88,0.68,2217981920,2217981000.0,70046094734.1,80512690000.0
2022-01-11,CSX,35.34,36.35,36.37,35.1,36.28,16150481,591506440.7283,35.42,0.73,2217981920,2217981000.0,70509190062.55,81045000000.0
2022-01-08,CSX,36.28,36.35,36.54,36.11,36.47,9770254,367178836.8799,36.35,0.44,2217981920,2217981000.0,72380946934.48,83196440000.0
2022-01-07,CSX,36.47,36.25,36.63,36.04,36.21,10031395,377582781.1593,36.41,0.45,2217981920,2217981000.0,72766898944.29,83640060000.0
2022-01-06,CSX,36.21,36.47,36.68,36.17,36.4,9791152,368144387.6456,36.37,0.44,2217981920,2217981000.0,72245887272.71,83041190000.0
2022-01-05,CSX,36.4,35.89,36.76,35.86,35.86,8150984,307153521.921,36.45,0.37,2217981920,2217981000.0,72612523543.37,83462630000.0
2022-01-04,CSX,35.86,36.23,36.5,35.64,36.37,8723008,323790162.6378,35.9,0.39,2217981920,2217981000.0,71551213405.72,82242750000.0
2022-01-01,CSX,36.37,36.04,36.58,35.94,36.1,6413500,240858947.6055,36.32,0.29,2217981920,2217981000.0,72554638074.55,83396060000.0
2021-12-31,CSX,36.1,36.18,36.44,35.98,36.35,6479637,242198483.0797,36.15,0.29,2217981920,2217981000.0,72014339608.48,82775060000.0
2021-12-30,CSX,36.35,36.19,36.52,36.1,36.19,5866602,220780766.367,36.4,0.26,2217981920,2217981000.0,72516035540.92,83351750000.0
2021-12-29,CSX,36.19,35.94,36.37,35.94,35.97,5301977,198401023.8295,36.19,0.24,2217981920,2217981000.0,72207286668.72,82996880000.0
2021-12-28,CSX,35.97,35.65,36.05,35.62,35.58,6070317,225274933.2256,35.89,0.27,2217981920,2217981000.0,71763476205.11,82486690000.0
2021-12-24,CSX,35.58,35.11,35.73,34.95,34.9,11146122,409706900.9594,35.55,0.5,2217981920,2217981000.0,70991601130.15,81599500000.0
2021-12-23,CSX,34.9,34.78,34.92,34.64,34.77,6111496,220118955.3967,34.84,0.28,2217981920,2217981000.0,69621569135.32,80024750000.0
2021-12-22,CSX,34.77,34.44,34.92,34.38,34.15,9657164,346772293.7754,34.73,0.44,2217981920,2217981000.0,69370705731.95,79736380000.0
2021-12-21,CSX,34.15,34.05,34.28,33.79,34.55,11861848,417694847.7639,34.06,0.53,2217981920,2217981000.0,68135735328.54,78316880000.0
2021-12-18,CSX,34.55,35.28,35.35,34.46,35.37,29595688,1061840161.18,34.7,1.33,2217981920,2217981000.0,68926897197.98,79226250000.0
2021-12-17,CSX,35.37,35.18,35.69,35.18,35.27,11190481,409968855.485,35.43,0.5,2217981920,2217981000.0,70567106405.68,81111560000.0
2021-12-16,CSX,35.27,35.09,35.34,34.71,34.74,11198434,407157131.5472,35.17,0.5,2217981920,2217981000.0,70374130400.78,80889750000.0
2021-12-15,CSX,34.74,34.66,35.11,34.54,34.83,11096899,398895734.1089,34.77,0.5,2217982880,2217982000.0,69312850263.51,79669880000.0
2021-12-14,CSX,34.83,35.57,35.71,34.79,35.54,14655239,530411159.0657,35.01,0.66,2217982880,2217982000.0,69486510604.43,79869500000.0
2021-12-11,CSX,35.54,35.74,35.77,35.34,35.41,12150711,445847253.7941,35.49,0.55,2217982880,2217982000.0,70895172757.61,81488690000.0
2021-12-10,CSX,35.41,35.6,35.84,35.35,35.74,10872786,399229141.778,35.51,0.49,2217982880,2217982000.0,70644309245.66,81200310000.0
2021-12-09,CSX,35.74,35.94,36.07,35.37,35.87,11080684,407855611.6159,35.6,0.5,2217982880,2217982000.0,71300380862.98,81954440000.0
2021-12-08,CSX,35.87,35.79,36.13,35.65,35.55,10565668,392017948.107,35.89,0.48,2217982880,2217982000.0,71570531177.77,82264940000.0
2021-12-07,CSX,35.55,35.02,35.81,34.97,34.67,14666813,539575843.4416,35.58,0.66,2217982880,2217982000.0,70933744433.63,81533000000.0
2021-12-04,CSX,34.67,34.77,35.29,34.31,34.4,21822911,782344834.2996,34.67,0.98,2217982880,2217982000.0,69158474795.77,79492440000.0
2021-12-03,CSX,34.4,33.36,34.55,33.3,33.31,12215204,432536696.8636,34.25,0.55,2217982880,2217982000.0,68637491843.35,78893630000.0
2021-12-02,CSX,33.31,34.11,34.45,33.29,33.52,15993875,560319852.4128,33.88,0.72,2217982880,2217982000.0,66456983225.8,76387310000.0
2021-12-01,CSX,33.52,34.12,34.57,33.45,34.45,23366504,815579642.1162,33.76,1.05,2217982880,2217982000.0,66112754123.75,76875250000.0
2021-11-30,CSX,34.45,34.8,35.06,34.41,34.31,13836422,496257083.7792,34.69,0.62,2217982880,2217982000.0,67943905529.75,79004500000.0
2021-11-27,CSX,34.31,34.4,34.54,33.53,34.97,11401661,403809241.3437,34.17,0.51,2217982880,2217982000.0,67848555155.5,78893630000.0
2021-11-25,CSX,34.97,35.01,35.23,34.83,35.19,16542352,600146671.3182,35.0,0.75,2217982880,2217982000.0,69145616284.0,80401810000.0
2021-11-24,CSX,35.19,34.73,35.28,34.62,34.78,16304977,593661049.4045,35.12,0.74,2217982880,2217982000.0,69584325667.8,80911940000.0
2021-11-23,CSX,34.78,34.9,35.23,34.76,34.81,10025684,363142375.4806,34.94,0.45,2217982880,2217982000.0,68764130858.5,79958250000.0
2021-11-20,CSX,34.81,34.89,35.03,34.53,34.93,10882536,392811633.794,34.82,0.49,2217982880,2217982000.0,68821351001.87,80024810000.0
2021-11-19,CSX,34.93,34.11,35.14,34.11,34.28,17516594,631736015.1598,34.79,0.79,2217982880,2217982000.0,69069331025.18,80313130000.0
2021-11-18,CSX,34.28,33.88,34.36,33.71,33.91,11951489,422539013.4624,34.11,0.54,2217982880,2217982000.0,67791304492.68,78827060000.0
2021-11-17,CSX,33.91,34.1,34.3,33.86,33.95,9157656,323015307.7371,34.03,0.41,2217982880,2217982000.0,67047393034.73,77962060000.0
2021-11-16,CSX,33.95,34.05,34.2,33.91,33.99,13052575,460173778.7601,34.01,0.59,2217982880,2217982000.0,67123708812.99,78050750000.0
2021-11-13,CSX,33.99,33.99,34.28,33.82,33.88,7348348,259366548.8249,34.05,0.33,2217982880,2217982000.0,67199994071.8,78139500000.0
2021-11-12,CSX,33.88,34.16,34.25,33.72,34.22,8109789,285080939.2314,33.91,0.37,2217982880,2217982000.0,66990172891.35,77895500000.0
2021-11-11,CSX,34.22,34.33,34.54,34.09,34.28,8920660,316470270.8293,34.22,0.4,2217982880,2217982000.0,67657797183.03,78671810000.0
2021-11-10,CSX,34.28,34.12,34.34,33.91,34.22,10849723,384178970.0782,34.16,0.49,2217982880,2217982000.0,67791304492.68,78827060000.0
2021-11-09,CSX,34.22,34.41,34.5,34.05,34.16,10883286,385698203.3137,34.19,0.49,2217982880,2217982000.0,67657797183.03,78671810000.0
2021-11-06,CSX,34.16,34.49,34.66,34.14,34.18,9028090,321118345.6482,34.31,0.41,2217982880,2217982000.0,67543353081.35,78538750000.0
2021-11-05,CSX,34.18,34.24,34.49,34.04,34.42,9697375,344075403.7059,34.23,0.44,2217982880,2217982000.0,67581481404.77,78583060000.0
2021-11-04,CSX,34.42,34.47,34.52,34.02,34.43,8398734,298686646.4698,34.31,0.38,2217982880,2217982000.0,68058347723.97,79137560000.0
2021-11-03,CSX,34.43,34.5,34.56,34.16,34.43,12068079,430082211.4701,34.38,0.54,2217982880,2217982000.0,68077441451.39,79159750000.0
2021-11-02,CSX,34.43,34.86,34.91,34.2,34.89,10976063,391631382.9433,34.42,0.49,2217982880,2217982000.0,68077441451.39,79159750000.0
2021-10-30,CSX,34.89,34.75,35.16,34.65,34.96,9951274,360223182.1438,34.92,0.45,2217982880,2217982000.0,68993017154.39,80224380000.0
2021-10-29,CSX,34.96,34.58,35.01,34.58,34.59,8995106,325227934.0564,34.88,0.41,2217982880,2217982000.0,69126553076.02,80379690000.0
2021-10-28,CSX,34.59,34.73,35.0,34.43,34.43,10844438,389987744.4226,34.69,0.49,2217982880,2217982000.0,68401706733.51,79536810000.0
2021-10-27,CSX,34.43,34.53,34.73,34.33,34.47,10596770,379720449.2623,34.57,0.48,2217982880,2217982000.0,68077441451.39,79159750000.0
2021-10-26,CSX,34.47,34.32,34.79,34.08,34.17,11664551,417104525.6879,34.5,0.53,2217982880,2217982000.0,68153726710.2,79248500000.0
2021-10-23,CSX,34.17,33.88,34.4,33.53,33.77,14922165,525961475.1442,34.0,0.67,2217982880,2217982000.0,67562418196.79,78560880000.0
2021-10-22,CSX,33.77,34.08,34.62,33.72,33.24,21688809,764027488.7029,33.98,0.98,2217982880,2217982000.0,66780349803.44,77651500000.0
2021-10-21,CSX,33.24,32.91,33.32,32.67,32.91,14134653,485511195.897,33.14,0.64,2217982880,2217982000.0,65731266790.78,76431690000.0
2021-10-20,CSX,32.91,33.13,33.21,32.75,33.02,10274293,350777688.778,32.94,0.46,2217982880,2217982000.0,65063642499.11,75655310000.0
2021-10-19,CSX,33.02,32.79,33.13,32.61,32.95,10913360,372994591.7546,32.97,0.49,2217982880,2217982000.0,65292528795.0,75921500000.0
2021-10-16,CSX,32.95,32.41,33.2,32.38,32.25,20535114,700988581.8047,32.93,0.93,2217982880,2217982000.0,65159021485.35,75766250000.0
2021-10-15,CSX,32.25,31.67,32.26,31.63,31.43,11005629,366027344.374,32.08,0.5,2217982880,2217982000.0,63766550851.17,74147130000.0
2021-10-14,CSX,31.43,31.13,31.55,30.85,31.0,8349563,271028534.99,31.31,0.38,2217982880,2217982000.0,62145222533.07,72261880000.0
2021-10-13,CSX,31.0,31.41,31.41,30.92,31.35,7468883,240517503.978,31.07,0.34,2217982880,2217982000.0,61286868880.91,71263750000.0
2021-10-12,CSX,31.35,31.55,31.82,31.34,31.55,8718254,285282168.5348,31.57,0.39,2217982880,2217982000.0,61992621496.0,72084440000.0
2021-10-09,CSX,31.55,31.05,31.64,30.97,31.04,9871586,321932162.632,31.46,0.45,2217982880,2217982000.0,62393202556.38,72550190000.0
2021-10-07,CSX,31.39,30.07,31.44,30.05,30.32,17573754,563648354.4632,30.94,0.79,2217982880,2217982000.0,62068908662.28,72173060000.0
2021-10-06,CSX,30.32,29.36,30.54,29.36,29.43,16226364,509278956.7358,30.28,0.73,2217982880,2217982000.0,59951620297.57,69711130000.0
2021-10-02,CSX,29.27,28.73,29.48,28.73,28.69,12352200,373332892.8,29.16,0.56,2217982880,2217982000.0,57872490775.72,67293500000.0
2021-10-01,CSX,28.69,29.39,29.47,28.67,29.29,10401129,311486801.818,28.89,0.47,2217982880,2217982000.0,56728028776.82,65962750000.0
2021-09-30,CSX,29.29,29.34,29.54,29.17,29.42,11565926,351369362.1022,29.31,0.51,2254496960,2254496000.0,58864015765.68,68446440000.0
2021-09-29,CSX,29.42,29.46,29.58,29.11,29.48,16501278,502366689.57,29.37,0.73,2254496960,2254496000.0,59135455260.8,68762130000.0
2021-09-28,CSX,29.48,29.27,29.73,29.18,29.35,10214114,312913539.5344,29.55,0.45,2254496960,2254496000.0,59251783426.2,68897380000.0
2021-09-25,CSX,29.35,29.05,29.61,29.0,29.14,10131223,308866573.5055,29.41,0.45,2254496960,2254496000.0,58980343931.08,68581750000.0
2021-09-24,CSX,29.14,28.82,29.33,28.82,28.81,9476414,286612217.718,29.18,0.42,2254496960,2254496000.0,58573197291.05,68108310000.0
2021-09-23,CSX,28.81,28.82,29.09,28.76,28.66,8814953,264207025.028,28.91,0.39,2254496960,2254496000.0,57894582072.88,67319250000.0
2021-09-21,CSX,28.72,28.84,28.93,28.44,29.24,15750231,468355247.8596,28.69,0.7,2254496960,2254496000.0,57720091763.65,67116310000.0
2021-09-18,CSX,29.24,29.74,29.91,29.13,29.82,24017614,731309902.907,29.37,1.07,2254496960,2254496000.0,58767066579.8,68333750000.0
2021-09-17,CSX,29.82,29.9,29.96,29.65,29.76,12604114,389438208.7625,29.81,0.56,2254496960,2254496000.0,59930398644.37,69686440000.0
2021-09-16,CSX,29.76,29.6,29.91,29.45,29.42,11871442,366281518.9538,29.76,0.53,2254496960,2254496000.0,59814072417.83,69551190000.0
2021-09-14,CSX,29.81,30.13,30.17,29.58,29.86,12953973,400759588.7257,29.84,0.57,2254496960,2254496000.0,59910990581.84,69663880000.0
2021-09-11,CSX,29.86,30.19,30.46,29.82,30.24,9316195,289850154.2023,30.01,0.41,2254496960,2254496000.0,60007939767.72,69776630000.0
2021-09-10,CSX,30.24,30.58,30.6,30.11,30.57,8042957,253005713.8865,30.35,0.36,2254496960,2254496000.0,60783506110.63,70678440000.0
2021-09-09,CSX,30.57,30.34,30.64,30.17,30.4,10216536,322336890.5838,30.44,0.45,2254496960,2254496000.0,61442713266.27,71445000000.0
2021-09-08,CSX,30.4,30.75,30.87,30.36,30.87,11167364,353254969.6045,30.52,0.5,2254496960,2254496000.0,61093701625.92,71039130000.0
2021-09-03,CSX,31.43,31.46,31.61,31.28,31.39,11128196,362316212.1336,31.41,0.49,2254496960,2254496000.0,63168303300.58,73451440000.0
2021-09-01,CSX,31.38,31.93,32.05,31.2,31.93,14636676,477629880.5391,31.48,0.65,2254496960,2254496000.0,63071354114.7,73338750000.0
2021-08-28,CSX,32.18,32.04,32.28,32.02,32.02,6921391,231459572.2595,32.17,0.31,2254496960,2254496000.0,64855108231.72,75412880000.0
2021-08-27,CSX,32.02,32.19,32.38,31.84,32.19,6249231,208051929.3906,32.03,0.28,2254496960,2254496000.0,64525504653.9,75029630000.0
2021-08-26,CSX,32.19,32.14,32.28,32.01,32.1,7536688,252011803.4908,32.17,0.33,2254496960,2254496000.0,64874516294.25,75435440000.0
2021-08-24,CSX,32.58,32.5,33.03,32.48,32.45,7973328,271150583.8816,32.71,0.35,2254496960,2254496000.0,65669430594.8,76359750000.0
2021-08-21,CSX,32.45,32.46,32.57,32.31,32.31,6301586,212561318.0004,32.45,0.28,2254496960,2254496000.0,65397989160.82,76044130000.0
2021-08-20,CSX,32.31,32.4,32.63,32.12,32.48,7632352,256341677.8453,32.31,0.34,2254496960,2254496000.0,65126549665.7,75728500000.0
2021-08-19,CSX,32.48,32.39,32.91,32.35,32.46,8526305,288993941.0342,32.61,0.38,2254496960,2254496000.0,65456153243.52,76111750000.0
2021-08-18,CSX,32.46,32.55,32.57,31.99,32.58,6734551,225971750.5672,32.28,0.3,2254496960,2254496000.0,65417397223.35,76066690000.0
2021-08-17,CSX,32.58,32.52,32.6,32.19,32.58,6929039,234101102.5668,32.5,0.31,2254496960,2254496000.0,65669430594.8,76359750000.0
2021-08-14,CSX,32.58,32.87,32.98,32.41,32.83,5625484,190487303.9641,32.57,0.25,2254496960,2254496000.0,65669430594.8,76359750000.0
2021-08-12,CSX,32.69,31.76,32.7,31.75,31.7,15003926,507140305.7905,32.52,0.67,2254496960,2254496000.0,65882706007.22,76607750000.0
2021-08-11,CSX,31.7,31.31,31.94,31.21,31.16,10382805,342487133.0504,31.73,0.46,2254496960,2254496000.0,63885674538.92,74285630000.0
2021-08-10,CSX,31.16,31.05,31.24,30.93,31.07,6174856,199851042.1974,31.14,0.27,2254496960,2254496000.0,62799914619.58,73023060000.0
2021-08-07,CSX,31.07,30.98,31.24,30.92,30.93,5975832,193024136.3381,31.07,0.27,2254496960,2254496000.0,62625424310.35,72820190000.0
2021-08-06,CSX,30.93,30.8,31.1,30.75,30.71,6037422,193856192.7776,30.89,0.27,2254496960,2254496000.0,62334574813.84,72482000000.0
2021-08-05,CSX,30.71,31.02,31.16,30.5,31.2,8051035,257378707.294,30.75,0.36,2254496960,2254496000.0,61888645009.48,71963500000.0
2021-08-04,CSX,31.2,30.99,31.3,30.82,30.87,5371695,173818386.5207,31.13,0.24,2254496960,2254496000.0,62877455742.94,73113310000.0
2021-08-03,CSX,30.87,31.22,31.39,30.75,31.09,6722777,216357794.3584,30.96,0.3,2254496960,2254496000.0,62218248587.3,72346750000.0
2021-07-31,CSX,31.09,30.81,31.12,30.81,30.87,7802746,251559032.9128,31.01,0.35,2254496960,2254496000.0,62664209413.53,72865310000.0
2021-07-30,CSX,30.87,30.86,31.06,30.81,30.7,6283027,201982982.1798,30.93,0.28,2254496960,2254496000.0,62218248587.3,72346750000.0
2021-07-29,CSX,30.7,31.02,31.23,30.64,31.15,10612204,339339061.214,30.76,0.47,2254496960,2254496000.0,61869266029.97,71940940000.0
2021-07-28,CSX,31.15,31.49,31.76,31.09,31.64,9081293,295299165.1941,31.28,0.4,2254496960,2254496000.0,62780535640.06,73000560000.0
2021-07-27,CSX,31.64,31.55,31.74,31.27,31.56,10950028,359088604.4151,31.55,0.49,2254496960,2254496000.0,63769348312.38,74150380000.0
2021-07-24,CSX,31.56,31.15,31.61,31.15,31.43,10394961,340003550.6836,31.47,0.46,2254496960,2254496000.0,63614235043.8,73970000000.0
2021-07-23,CSX,31.43,31.53,32.01,31.35,30.37,14926797,489652752.7032,31.56,0.66,2254496960,2254496000.0,63342795548.68,73654380000.0
2021-07-22,CSX,30.37,30.05,30.51,30.05,30.0,11236590,354155933.5692,30.32,0.5,2254496960,2254496000.0,61210058874.33,71174440000.0
2021-07-21,CSX,30.0,29.71,30.24,29.69,29.65,11295903,352811682.0531,30.05,0.5,2254496960,2254496000.0,60453871510.94,70295130000.0
2021-07-20,CSX,29.65,29.95,29.99,29.48,30.31,13505340,416194089.7907,29.65,0.6,2254496960,2254496000.0,59755908335.13,69483560000.0
2021-07-17,CSX,30.31,30.55,30.76,30.21,30.6,13642516,430527805.0673,30.36,0.61,2254496960,2254496000.0,61093701625.92,71039130000.0
2021-07-16,CSX,30.6,30.25,30.75,30.25,30.44,12351028,392756514.886,30.59,0.55,2254496960,2254496000.0,61675367658.2,71715500000.0
2021-07-15,CSX,30.44,30.61,30.75,30.37,30.5,11147211,353200550.9922,30.48,0.49,2254496960,2254496000.0,61345764080.38,71332190000.0
2021-07-14,CSX,30.5,30.38,30.71,30.38,30.53,8716578,276800164.3368,30.55,0.39,2254496960,2254496000.0,61462090306.92,71467500000.0
2021-07-10,CSX,30.62,30.42,30.73,30.39,29.77,15171262,482336913.6849,30.58,0.67,2254496960,2254496000.0,61714152761.38,71760560000.0
2021-07-09,CSX,29.77,30.88,30.98,29.67,31.73,24349184,759227085.1656,30.0,1.08,2254496960,2254496000.0,60007939767.72,69776630000.0
2021-07-07,CSX,31.17,31.24,31.32,30.76,31.34,10507458,339224823.0263,31.06,0.47,2254496960,2254496000.0,62819291660.24,73045630000.0
2021-07-03,CSX,31.34,31.15,31.55,31.01,31.05,11422700,372111677.9316,31.34,0.51,2254496960,2254496000.0,63168303300.58,73451440000.0
2021-07-01,CSX,30.86,30.74,30.91,30.37,30.36,15063356,481436923.5082,30.75,0.67,2254496960,2254496000.0,62198869607.78,72324250000.0
2021-06-22,CSX,30.72,30.56,30.9,30.52,30.38,3548771,340250116.3742,30.74,0.47,757400160,757400000.0,62407196720.73,72566440000.0
2021-06-19,CSX,30.38,30.6,30.68,30.31,30.86,6578176,624863589.2449,30.46,0.87,757400160,757400000.0,61716752037.6,71763630000.0
2021-06-17,CSX,31.18,31.59,31.6,31.07,31.56,3761728,366434073.666,31.24,0.5,757400160,757400000.0,63332132493.39,73641940000.0
2021-06-16,CSX,31.56,31.44,31.62,31.23,31.2,4237926,416062601.7864,31.48,0.56,757400160,757400000.0,64100747386.67,74535690000.0
2021-06-15,CSX,31.2,31.23,31.33,30.97,31.18,2872369,278804181.8556,31.13,0.38,757400160,757400000.0,63371213038.92,73687440000.0
2021-06-12,CSX,31.18,31.19,31.26,31.04,31.0,2961124,287860327.7923,31.17,0.39,757400160,757400000.0,63332132493.39,73641940000.0
2021-06-11,CSX,31.0,31.44,31.54,30.98,31.37,3842318,372766703.4775,31.11,0.51,757400160,757400000.0,62967370530.43,73217810000.0
2021-06-10,CSX,31.37,31.47,31.58,31.28,31.47,2904171,284319787.1772,31.39,0.38,757400160,757400000.0,63716445150.95,74088810000.0
2021-06-09,CSX,31.47,31.44,31.64,31.13,31.45,4982024,488224900.5352,31.42,0.66,757400160,757400000.0,63931386197.26,74338750000.0
2021-06-08,CSX,31.45,32.0,32.1,31.44,31.94,3128259,308115661.6541,31.58,0.41,757400160,757400000.0,63879286185.35,74278190000.0
2021-06-05,CSX,31.94,32.23,32.23,31.72,31.97,2626910,261483687.9255,31.92,0.35,757400160,757400000.0,64888892782.26,75452130000.0
2021-06-04,CSX,31.97,31.68,32.24,31.6,31.93,3164498,315482719.9177,31.97,0.42,757400160,757400000.0,64941002564.63,75512750000.0
2021-06-03,CSX,31.93,32.21,32.31,31.9,32.16,2644842,264216269.5709,32.03,0.35,757400160,757400000.0,64862842124.94,75421880000.0
2021-06-02,CSX,32.16,32.25,32.44,32.13,32.11,3043456,306125139.1578,32.25,0.4,757400160,757400000.0,65331829514.92,75967190000.0
2021-05-29,CSX,32.11,32.1,32.19,31.99,32.02,2017541,202032318.9039,32.11,0.27,757400160,757400000.0,63697959376.13,75830880000.0
2021-05-28,CSX,32.02,32.24,32.43,32.0,32.12,4087965,410215841.448,32.18,0.54,757400160,757400000.0,63538902797.66,75641500000.0
2021-05-27,CSX,32.12,31.7,32.18,31.68,31.68,4435348,444446707.5488,32.04,0.59,757400160,757400000.0,63901554901.3,76073190000.0
2021-05-26,CSX,31.68,31.78,32.1,31.61,31.77,2724033,270854946.0226,31.8,0.36,757400160,757400000.0,63023569001.23,75028000000.0
2021-05-25,CSX,31.77,31.72,31.85,31.52,31.43,2810264,278729295.8269,31.72,0.37,757400160,757400000.0,63208077406.15,75247690000.0
2021-05-22,CSX,31.43,31.52,31.84,31.28,31.43,4004207,394186978.5718,31.48,0.53,757400160,757400000.0,62533680032.88,74444810000.0
2021-05-21,CSX,31.43,31.36,31.6,31.16,31.45,3338946,328369973.2705,31.45,0.44,757400160,757400000.0,62527321052.62,74437250000.0
2021-05-20,CSX,31.45,31.3,31.52,31.04,31.63,3908165,383195593.8827,31.35,0.52,757400160,757400000.0,62578219615.8,74497810000.0
2021-05-19,CSX,31.63,32.07,32.14,31.61,32.11,3822553,380049706.0318,31.79,0.5,757400160,757400000.0,62921771874.86,74906810000.0
2021-05-15,CSX,32.52,32.47,32.78,32.37,32.21,3593158,366466938.9832,32.61,0.47,757400160,757400000.0,64709549391.99,77035130000.0
2021-05-14,CSX,32.21,31.82,32.38,31.74,31.86,5057817,509976147.6381,32.24,0.67,757400160,757400000.0,64086051218.11,76292810000.0
2021-05-13,CSX,31.86,32.28,32.46,31.81,32.47,3785811,379010032.3863,32.01,0.5,757400160,757400000.0,63392575631.62,75467310000.0
2021-05-12,CSX,32.47,32.88,32.9,32.4,32.99,4637707,472641705.9496,32.59,0.61,757400160,757400000.0,64601386286.98,76906310000.0
2021-05-11,CSX,32.99,33.14,33.53,32.97,32.98,3420347,355400766.2101,33.23,0.45,757400160,757400000.0,65632062786.87,78133310000.0
2021-05-08,CSX,32.98,32.73,33.11,32.57,32.8,2461061,253840230.2986,32.98,0.32,757400160,757400000.0,65612976302.83,78110630000.0
2021-05-07,CSX,32.8,32.56,32.81,32.48,32.36,2778267,283808864.5044,32.67,0.37,757400160,757400000.0,65250326744.06,77678880000.0
2021-05-06,CSX,32.36,32.6,32.73,32.3,32.5,2927332,297411369.2692,32.49,0.39,757400160,757400000.0,64385072801.28,76648810000.0
2021-05-05,CSX,32.5,32.32,32.63,32.26,32.42,4043839,410807133.8676,32.49,0.53,757400160,757400000.0,64671370061.76,76989630000.0
2021-05-01,CSX,32.22,32.32,32.54,32.15,32.36,4600961,464144485.5839,32.26,0.61,757400160,757400000.0,64098775540.8,76308000000.0
2021-04-30,CSX,32.36,32.62,32.62,31.94,32.46,4490125,452424096.975,32.22,0.59,757400160,757400000.0,64378717002.1,76641310000.0
2021-04-29,CSX,32.46,32.49,32.78,32.41,32.59,4255942,433561323.424,32.58,0.56,757400160,757400000.0,64575937641.6,76876060000.0
2021-04-28,CSX,32.59,32.65,32.71,32.42,32.72,3345251,340578699.6621,32.56,0.44,757400160,757400000.0,64843148418.05,77194190000.0
2021-04-27,CSX,32.72,32.95,33.14,32.68,32.97,3264709,335278791.0582,32.84,0.43,757400160,757400000.0,65097641233.97,77497130000.0
2021-04-24,CSX,32.97,32.55,33.13,32.44,32.56,3182465,327876670.9147,32.94,0.42,757400160,757400000.0,65600251980.15,78095500000.0
2021-04-23,CSX,32.56,32.53,33.17,32.39,32.84,5154836,528673330.4216,32.8,0.68,757400160,757400000.0,64779533166.77,77118440000.0
2021-04-22,CSX,32.84,31.64,33.05,31.58,31.48,7214524,738261519.4676,32.72,0.95,757400160,757400000.0,65333041203.7,77777380000.0
2021-04-21,CSX,31.48,32.03,32.41,31.36,31.56,5135594,507636493.7618,31.61,0.68,757400160,757400000.0,62635476523.03,74566000000.0
2021-04-20,CSX,31.56,31.47,31.61,31.33,31.54,2705582,266499291.2948,31.5,0.36,757400160,757400000.0,62800899080.14,74762880000.0
2021-04-17,CSX,31.54,31.87,31.9,31.4,31.62,3810251,376478335.1022,31.6,0.5,757400160,757400000.0,62756359497.22,74709880000.0
2021-04-16,CSX,31.62,31.56,31.77,31.44,31.45,2941904,290606887.3309,31.59,0.39,757400160,757400000.0,62902686663.26,74884130000.0
2021-04-15,CSX,31.45,31.34,31.52,31.22,31.27,3211171,315600940.8227,31.43,0.42,757400160,757400000.0,62578219615.8,74497810000.0
2021-04-14,CSX,31.27,31.36,31.48,31.08,31.53,2150935,210232825.6907,31.25,0.28,757400160,757400000.0,62221940489.18,74073690000.0
2021-04-13,CSX,31.53,31.22,31.59,31.05,31.43,2243500,220722491.5805,31.46,0.3,757400160,757400000.0,62737273649.4,74687190000.0
2021-04-10,CSX,31.43,30.97,31.49,30.91,30.85,2152359,210685587.0763,31.3,0.28,757400160,757400000.0,62533680032.88,74444810000.0
2021-04-09,CSX,30.85,31.08,31.08,30.81,31.0,2520640,243519532.0074,30.89,0.33,757400160,757400000.0,61382130102.05,73073940000.0
2021-04-08,CSX,31.0,31.21,31.22,30.85,31.05,2013652,195049771.1505,30.97,0.27,757400160,757400000.0,61681152321.43,73429880000.0
2021-04-07,CSX,31.05,31.44,31.5,31.04,31.52,3020352,294669177.6238,31.2,0.4,757400160,757400000.0,61782949447.8,73551060000.0
2021-04-06,CSX,31.52,31.38,31.61,31.22,31.1,2413028,237608220.0683,31.49,0.32,757400160,757400000.0,62711829457.54,74656880000.0
2021-04-02,CSX,31.1,31.05,31.13,30.81,30.83,2679626,259875762.0539,31.01,0.35,757400160,757400000.0,61878378050.66,73664690000.0
2021-04-01,CSX,30.83,30.59,31.05,30.59,30.82,3421916,329999980.5656,30.84,0.45,757400160,757400000.0,61343959042.63,73028440000.0
2021-03-31,CSX,30.82,30.7,31.11,30.69,30.89,3471870,335185432.8403,30.87,0.46,759495840,759496000.0,61481793292.77,73192560000.0
2021-03-30,CSX,30.89,31.32,31.36,30.71,31.23,4585305,443329787.4916,30.92,0.6,759495840,759496000.0,61634910843.99,73374880000.0
2021-03-27,CSX,31.23,30.61,31.25,30.5,30.55,3135679,303852014.2969,30.99,0.41,759495840,759496000.0,62304788088.8,74172310000.0
2021-03-26,CSX,30.55,30.05,30.64,29.75,30.11,3258218,308533349.9209,30.28,0.43,759495840,759496000.0,60952271517.16,72562190000.0
2021-03-25,CSX,30.11,29.8,30.47,29.75,29.71,4092721,387083441.7475,30.24,0.54,759495840,759496000.0,60078246894.38,71521690000.0
2021-03-24,CSX,29.71,29.89,30.34,29.61,29.99,3564392,333061040.7997,29.88,0.47,759495840,759496000.0,59280776262.38,70572310000.0
2021-03-23,CSX,29.99,30.32,30.44,29.81,29.03,6986930,656311714.9406,30.04,0.92,759495840,759496000.0,59829436057.19,71225500000.0
2021-03-20,CSX,29.03,29.69,29.74,28.93,29.58,10785950,981601276.816,29.1,1.42,759495840,759496000.0,57909130603.19,68939380000.0
2021-03-19,CSX,29.58,29.25,29.79,29.23,29.46,4142266,382939650.6754,29.56,0.55,759495840,759496000.0,59019203343.17,70260940000.0
2021-03-18,CSX,29.46,29.35,29.64,29.1,29.4,3874971,356436491.0803,29.41,0.51,759495840,759496000.0,58783155225.98,69979880000.0
2021-03-17,CSX,29.4,29.99,30.02,29.24,29.89,3024678,278336329.1038,29.43,0.4,759495840,759496000.0,58655561838.79,69828000000.0
2021-03-16,CSX,29.89,29.95,30.05,29.5,30.01,2715013,252754968.744,29.77,0.36,759495840,759496000.0,59638041191.58,70997630000.0
2021-03-13,CSX,30.01,29.92,30.15,29.9,30.0,2237107,209884917.896,30.0,0.29,759495840,759496000.0,59874099516.4,71278630000.0
2021-03-12,CSX,30.0,30.1,30.34,29.95,29.93,3796932,357119660.8889,30.08,0.5,759495840,759496000.0,59854960859.2,71255880000.0
2021-03-10,CSX,29.66,29.84,30.07,29.64,29.59,2855253,266109311.2062,29.8,0.38,759495840,759496000.0,59165944957.2,70435630000.0
2021-03-09,CSX,29.59,29.35,30.2,29.29,29.3,3497708,325875151.4902,29.79,0.46,759495840,759496000.0,59031965425.19,70276130000.0
2021-03-06,CSX,29.3,28.63,29.37,28.12,28.22,3077707,277565489.5045,28.84,0.4,762504960,762505000.0,58689399969.75,69868250000.0
2021-03-05,CSX,28.22,29.12,29.25,27.87,29.13,4327367,384228672.841,28.39,0.57,762504960,762505000.0,56530894523.94,67298630000.0
2021-03-04,CSX,29.13,29.44,29.49,29.12,29.47,2417891,221447876.2668,29.29,0.32,762504960,762505000.0,58343522595.86,69456560000.0
2021-03-03,CSX,29.47,29.72,29.75,29.29,29.72,2270049,209239487.4458,29.47,0.3,762504960,762505000.0,59028866537.44,70272440000.0
2021-03-02,CSX,29.72,29.74,29.91,29.57,29.28,2568258,239119728.5377,29.77,0.34,762504960,762505000.0,59522047700.02,70859560000.0
2021-02-27,CSX,29.28,29.59,29.71,29.12,29.48,3844167,353711404.555,29.42,0.5,762504960,762505000.0,58638158995.94,69807250000.0
2021-02-26,CSX,29.48,29.84,29.85,29.33,29.77,4505504,416706874.1756,29.58,0.59,762504960,762505000.0,59048081021.93,70295250000.0
2021-02-25,CSX,29.77,29.04,29.94,29.0,29.23,2712262,252119933.4304,29.64,0.36,762504960,762505000.0,59803871454.75,71195060000.0
2021-02-24,CSX,29.23,29.56,29.88,29.02,29.52,3786131,348026817.9997,29.31,0.5,762504960,762505000.0,58727828938.73,69914000000.0
2021-02-23,CSX,29.52,29.2,29.83,29.12,29.36,4420320,410321521.645,29.59,0.58,762504960,762505000.0,59297877006.32,70592630000.0
2021-02-20,CSX,29.36,28.76,29.44,28.72,28.7,3294308,301962217.5059,29.22,0.43,762504960,762505000.0,58984026762.26,70219000000.0
2021-02-19,CSX,28.7,28.48,28.85,28.25,28.69,3621959,324266361.4243,28.54,0.48,762504960,762505000.0,57658188261.85,68640630000.0
2021-02-18,CSX,28.69,28.79,28.92,28.41,28.93,3321126,298177988.7938,28.62,0.44,762504960,762505000.0,57638973777.36,68617750000.0
2021-02-17,CSX,28.93,28.83,29.05,28.72,28.74,4950067,448980957.2337,28.92,0.65,762504960,762505000.0,58125753100.8,69197250000.0
2021-02-13,CSX,28.74,28.25,28.82,28.25,28.29,3345517,300940270.9375,28.68,0.44,762504960,762505000.0,57735045559.3,68732190000.0
2021-02-12,CSX,28.29,28.36,28.43,27.95,28.11,3919094,346981666.6882,28.23,0.51,762504960,762505000.0,56844744768.0,67672250000.0
2021-02-11,CSX,28.11,28.43,28.5,27.93,28.21,3179020,281218992.5711,28.2,0.42,762504960,762505000.0,56479652909.62,67237630000.0
2021-02-10,CSX,28.21,27.68,28.28,27.42,27.82,3702667,324476931.7138,27.94,0.49,762504960,762505000.0,56665404882.42,67458750000.0
2021-02-09,CSX,27.82,28.14,28.22,27.73,28.23,5056524,441878983.3205,27.86,0.66,762504960,762505000.0,55890390357.54,66536130000.0
2021-02-06,CSX,28.23,28.51,28.54,28.22,28.19,3112782,276787952.8836,28.35,0.41,762504960,762505000.0,56716646496.74,67519810000.0
2021-02-05,CSX,28.19,28.48,28.63,28.01,28.48,4014025,355264919.3316,28.22,0.53,762504960,762505000.0,56633377752.58,67420630000.0
2021-02-04,CSX,28.48,28.55,28.7,28.4,28.58,3197704,286172456.6332,28.53,0.42,762504960,762505000.0,57209837266.88,68106880000.0
2021-02-03,CSX,28.58,27.92,28.74,27.78,27.75,3945209,351945380.1443,28.44,0.52,762504960,762505000.0,57414793476.1,68350880000.0
2021-02-02,CSX,27.75,27.47,27.92,27.47,27.34,4268145,371801956.5486,27.77,0.56,762504960,762505000.0,55755890247.14,66376000000.0
2021-01-30,CSX,27.34,27.42,27.9,27.27,27.64,5596340,481826976.9047,27.45,0.73,764774880,764775000.0,55089949872.95,65583250000.0
2021-01-29,CSX,27.64,27.22,28.0,26.92,26.75,5112508,444111846.9792,27.69,0.67,764774880,764775000.0,55697023033.41,66305940000.0
2021-01-28,CSX,26.75,27.21,27.39,26.5,27.68,6883754,581617978.2968,26.94,0.9,764774880,764775000.0,53891850333.89,64156960000.0
2021-01-27,CSX,27.68,28.04,28.29,27.61,28.02,3767214,329014893.7207,27.84,0.49,764774880,764775000.0,55780539662.36,66405380000.0
2021-01-26,CSX,28.02,27.97,28.08,27.38,27.94,5045207,440717493.6707,27.85,0.66,764774880,764775000.0,56455073033.75,67208380000.0
2021-01-23,CSX,27.94,28.52,28.85,27.91,29.21,6615395,585271272.5845,28.21,0.87,764774880,764775000.0,56300891205.89,67024810000.0
2021-01-22,CSX,29.21,29.52,29.58,29.07,29.72,4307309,395130534.5402,29.25,0.56,764774880,764775000.0,58851263118.12,70061000000.0
2021-01-21,CSX,29.72,29.65,29.76,29.37,29.54,4378008,407417017.3253,29.67,0.57,764774880,764775000.0,59879124411.31,71284630000.0
2021-01-16,CSX,29.78,29.7,29.91,29.3,29.81,4171152,388464374.4578,29.69,0.55,764774880,764775000.0,60014025560.85,71445250000.0
2021-01-15,CSX,29.81,30.19,30.24,29.74,30.17,3286205,308365985.3411,29.92,0.43,764774880,764775000.0,60058998820.67,71498750000.0
2021-01-14,CSX,30.17,30.53,30.6,29.98,30.57,5135617,485848364.8473,30.16,0.67,764774880,764775000.0,60797767500.29,72378250000.0
2021-01-13,CSX,30.57,30.33,30.75,30.21,30.6,3170295,303567454.1494,30.53,0.41,764774880,764775000.0,61600781124.29,73334250000.0
2021-01-09,CSX,30.56,29.92,30.69,29.92,29.98,4176891,399620299.7538,30.5,0.55,764774880,764775000.0,61568658652.1,73295940000.0
2021-01-08,CSX,29.98,29.55,30.12,29.35,29.29,3895153,365324058.883,29.9,0.51,764774880,764775000.0,60405896209.37,71911750000.0
2021-01-07,CSX,29.29,28.46,29.34,28.45,28.53,4488051,409414400.9115,29.08,0.59,764774880,764775000.0,59011865842.92,70252190000.0
2021-01-06,CSX,28.53,28.02,28.72,28.0,28.05,3454633,308133223.274,28.44,0.45,764774880,764775000.0,57482924690.77,68432000000.0
2021-01-05,CSX,28.05,28.9,29.02,27.86,28.93,5186942,458833284.3953,28.2,0.68,764774880,764775000.0,56525738875.07,67292500000.0
2020-12-31,CSX,28.8,28.59,28.85,28.53,28.48,1978332,178369380.618,28.74,0.26,764774880,764775000.0,58028977809.56,69082060000.0
2020-12-30,CSX,28.48,29.0,29.08,28.28,28.9,2740177,245606470.7146,28.58,0.36,764774880,764775000.0,57386566910.36,68317250000.0
2020-12-29,CSX,28.9,28.87,29.09,28.8,28.71,1672104,151702794.1681,28.92,0.22,764774880,764775000.0,58228123903.49,69319190000.0
2020-12-25,CSX,28.71,28.63,28.76,28.42,28.59,876389,78743022.311,28.65,0.11,764774880,764775000.0,57849104042.6,68867940000.0
2020-12-24,CSX,28.59,28.66,28.86,28.44,28.55,4027333,361494618.2799,28.62,0.53,764774880,764775000.0,57604984688.85,68577310000.0
2020-12-22,CSX,28.59,28.3,28.81,28.24,28.9,2763096,247481128.0091,28.56,0.36,764774880,764775000.0,57617835476.48,68592630000.0
2020-12-19,CSX,28.9,28.85,29.01,28.52,28.87,5637234,509510098.0731,28.82,0.74,764774880,764775000.0,58240974691.12,69334440000.0
2020-12-18,CSX,28.87,28.48,29.0,28.48,28.41,2947433,266336839.7131,28.81,0.39,764774880,764775000.0,58170309492.2,69250310000.0
2020-12-17,CSX,28.41,28.71,28.81,28.36,28.76,3040876,271567267.8691,28.47,0.4,764774880,764775000.0,57238815615.6,68141380000.0
2020-12-16,CSX,28.76,28.65,28.86,28.32,28.35,3981658,358224976.3438,28.68,0.52,764774880,764775000.0,57958312610.65,68997940000.0
2020-12-15,CSX,28.35,29.08,29.12,28.34,28.83,2612330,234288365.1617,28.59,0.34,764774880,764775000.0,57123176514.45,68003750000.0
2020-12-12,CSX,28.83,28.44,28.91,28.37,28.69,3345981,301052977.5224,28.69,0.44,764774880,764775000.0,58093213117.78,69158560000.0
2020-12-11,CSX,28.69,28.55,28.87,28.55,29.24,4333852,390301939.5489,28.71,0.57,764774880,764775000.0,57816980928.0,68829690000.0
2020-12-10,CSX,29.24,29.23,29.42,29.08,29.17,2837471,260249988.4616,29.24,0.37,764774880,764775000.0,58928349213.97,70152750000.0
2020-12-09,CSX,29.17,29.06,29.36,29.01,29.34,3707121,339097379.1572,29.16,0.48,764774880,764775000.0,58780597276.8,69976880000.0
2020-12-08,CSX,29.34,29.16,29.43,29.04,29.28,4456692,409427844.152,29.29,0.58,764774880,764775000.0,59124289677.52,70386000000.0
2020-12-05,CSX,29.28,28.9,29.32,28.84,28.83,4674848,428547518.8484,29.23,0.61,764774880,764775000.0,59005445588.4,70244500000.0
2020-12-04,CSX,28.83,29.01,29.2,28.68,28.91,5120953,463202453.2905,28.84,0.67,764774880,764775000.0,58093213117.78,69158560000.0
2020-12-03,CSX,28.91,28.7,29.13,28.7,28.89,5072910,460411711.1074,28.94,0.66,764774880,764775000.0,58253815842.58,69349690000.0
2020-12-02,CSX,28.89,28.99,29.36,28.8,28.71,4968867,451931859.6532,29.0,0.65,764774880,764775000.0,58215273115.86,69303810000.0
2020-12-01,CSX,28.71,29.04,29.28,28.68,29.1,6642820,600930727.6527,28.84,0.87,764774880,764775000.0,57849104042.6,68867940000.0
2020-11-28,CSX,29.1,29.49,29.56,29.06,29.32,1380240,126531569.664,29.23,0.18,764774880,764775000.0,58645687133.5,69816250000.0
2020-11-26,CSX,29.32,29.56,29.6,29.11,29.54,2375222,219118761.4236,29.33,0.31,764774880,764775000.0,59255985196.67,70542810000.0
2020-11-25,CSX,29.54,29.71,29.71,29.32,29.27,7772820,720298679.298,29.46,1.02,764774880,764775000.0,59689604844.7,71059000000.0
2020-11-24,CSX,29.27,29.24,29.46,29.01,29.1,3077553,282781271.3154,29.21,0.4,764774880,764775000.0,59140346095.53,70405130000.0
2020-11-21,CSX,29.1,29.1,29.34,28.91,29.15,2132066,195076785.7115,29.09,0.28,764774880,764775000.0,58806289858.3,70007440000.0
2020-11-20,CSX,29.15,28.88,29.2,28.67,29.04,2775630,253076375.4862,28.99,0.36,764774880,764775000.0,58909077529.41,70129810000.0
2020-11-19,CSX,29.04,29.52,29.77,29.02,29.41,2632852,243011444.4787,29.34,0.34,764774880,764775000.0,58671388708.76,69846880000.0
2020-11-18,CSX,29.41,29.19,29.54,29.07,29.57,2456151,226619957.6428,29.33,0.32,764774880,764775000.0,59423008176.0,70741630000.0
2020-11-17,CSX,29.57,29.32,29.59,29.02,28.8,3589498,331594942.8731,29.37,0.47,764774880,764775000.0,59744213625.6,71124000000.0
2020-11-14,CSX,28.8,28.65,29.14,28.53,28.53,3409269,308833391.7045,28.8,0.45,764774880,764775000.0,58202431964.4,69288560000.0
2020-11-13,CSX,28.53,28.45,28.79,28.27,28.63,4070615,365380865.1221,28.54,0.53,764774880,764775000.0,57643527415.57,68623190000.0
2020-11-12,CSX,28.63,29.12,29.21,28.39,29.06,4393008,396199706.9676,28.67,0.57,764774880,764775000.0,57842673509.5,68860310000.0
2020-11-11,CSX,29.06,27.9,29.21,27.72,28.04,7164051,649856038.0614,28.84,0.94,764774880,764775000.0,58716352332.41,69900380000.0
2020-11-10,CSX,28.04,28.72,29.79,27.98,27.4,5963524,534595952.4038,28.5,0.78,764774880,764775000.0,56660639382.21,67453130000.0
2020-11-07,CSX,27.4,27.72,27.88,27.22,27.67,2890551,249128482.6944,27.4,0.38,764774880,764775000.0,55362966796.18,65908250000.0
2020-11-06,CSX,27.67,27.18,27.94,27.02,26.97,6103973,531771395.0778,27.7,0.8,764774880,764775000.0,55909019914.97,66558310000.0
2020-11-05,CSX,26.97,27.18,27.83,26.88,26.77,6449129,553776343.4797,27.3,0.84,764774880,764775000.0,54495717863.96,64875850000.0
2020-11-04,CSX,26.77,26.27,26.96,26.14,25.99,5598438,469856786.1523,26.68,0.73,764774880,764775000.0,54103847215.45,64409310000.0
2020-11-03,CSX,25.99,25.54,26.1,25.19,25.1,5828477,474554055.2916,25.88,0.76,764774880,764775000.0,52523511906.54,62527980000.0
2020-10-31,CSX,25.1,24.69,25.12,24.64,24.76,5884117,461054094.6487,24.91,0.77,764774880,764775000.0,50711918310.08,60371310000.0
2020-10-30,CSX,24.76,24.06,25.1,23.97,24.14,5506172,428210068.4161,24.72,0.72,764774880,764775000.0,50037384938.69,59568290000.0
2020-10-29,CSX,24.14,24.31,24.66,24.08,24.83,6200629,473872499.2526,24.3,0.81,764774880,764775000.0,48778255079.38,58069320000.0
2020-10-28,CSX,24.83,25.11,25.26,24.68,25.07,5462070,428261261.6342,24.93,0.71,764774880,764775000.0,50165865191.3,59721230000.0
2020-10-27,CSX,25.07,25.54,25.56,24.9,25.84,3331765,263500641.2563,25.14,0.44,764774880,764775000.0,50666945050.26,60317780000.0
2020-10-24,CSX,25.84,25.97,26.25,25.55,25.98,3178494,258332080.779,25.84,0.42,764774880,764775000.0,52221578141.5,62168510000.0
2020-10-23,CSX,25.98,26.12,26.96,25.76,25.03,7153012,587907494.0354,26.13,0.94,764774880,764775000.0,52504240221.97,62505040000.0
2020-10-22,CSX,25.03,25.18,25.46,25.0,25.47,4684285,370762132.0813,25.16,0.61,764774880,764775000.0,50570587269.85,60203050000.0
2020-10-21,CSX,25.47,25.21,25.82,25.17,25.13,2805022,225296564.823,25.53,0.37,764774880,764775000.0,51476388564.95,61281400000.0
2020-10-17,CSX,25.47,25.74,25.86,25.46,25.76,5290324,425411844.8445,25.56,0.69,764774880,764775000.0,51463537777.32,61266080000.0
2020-10-16,CSX,25.76,25.29,25.8,25.2,25.58,2739606,220505426.9052,25.59,0.36,764774880,764775000.0,52054554519.77,61969690000.0
2020-10-15,CSX,25.58,25.26,25.83,25.26,25.18,4131852,333230562.4503,25.64,0.54,764774880,764775000.0,51694806343.45,61541410000.0
2020-10-14,CSX,25.18,25.6,25.75,25.1,25.29,4323477,345061904.8363,25.37,0.57,764774880,764775000.0,50872521034.88,60562510000.0
2020-10-13,CSX,25.29,25.09,25.5,24.93,24.95,4698867,373384696.3518,25.26,0.61,764774880,764775000.0,51110209855.53,60845460000.0
2020-10-10,CSX,24.95,24.79,25.1,24.79,24.71,2123986,166623099.4197,24.94,0.28,764774880,764775000.0,50416404799.57,60019500000.0
2020-10-09,CSX,24.71,25.09,25.18,24.54,25.02,3444616,268072397.0699,24.74,0.45,764774880,764775000.0,49921755473.71,59430630000.0
2020-10-08,CSX,25.02,24.51,25.16,24.49,24.39,3496465,274292763.2202,24.94,0.46,764774880,764775000.0,50551315585.28,60180110000.0
2020-10-07,CSX,24.39,24.79,24.92,24.31,24.71,3297151,255037267.5708,24.59,0.43,764774880,764775000.0,49285765471.45,58673520000.0
2020-10-06,CSX,24.71,24.64,24.89,24.58,24.53,2865253,222639899.9602,24.7,0.37,764774880,764775000.0,49941027158.27,59453560000.0
2020-10-03,CSX,24.53,24.41,24.76,24.26,24.43,3549426,273828987.3924,24.53,0.46,764774880,764775000.0,49561997018.81,59002340000.0
2020-10-02,CSX,24.43,24.91,24.91,24.25,24.69,4249219,327729509.5638,24.52,0.56,764774880,764775000.0,49375702354.92,58780590000.0
2020-10-01,CSX,24.69,24.92,25.19,24.6,24.67,4877625,381067877.2178,24.84,0.64,764774880,764775000.0,49896053898.45,59400030000.0
2020-09-30,CSX,24.67,25.1,25.26,24.66,25.22,3827980,299294053.826,24.86,0.5,765052480,765052000.0,49869185354.83,59368040000.0
2020-09-29,CSX,25.22,25.17,25.34,24.96,24.82,2896853,229821236.0033,25.22,0.38,765052480,765052000.0,50980956405.54,60691580000.0
2020-09-25,CSX,24.35,24.18,24.65,23.96,24.32,4245871,324663948.187,24.31,0.55,765052480,765052000.0,49213685176.74,58587710000.0
2020-09-24,CSX,24.32,25.01,25.11,24.19,24.78,4486969,346707224.158,24.57,0.59,765052480,765052000.0,49162272364.8,58526470000.0
2020-09-23,CSX,24.78,24.69,24.89,24.52,24.66,3634290,282511925.6533,24.71,0.48,765052480,765052000.0,50081248905.27,59620520000.0
2020-09-19,CSX,25.38,25.35,25.62,25.19,25.27,6739133,538241054.2266,25.39,0.88,765052480,765052000.0,51302278447.14,61074100000.0
2020-09-18,CSX,25.27,24.79,25.43,24.6,25.23,4618637,365479678.3841,25.16,0.6,765052480,765052000.0,51090204614.4,60821660000.0
2020-09-17,CSX,25.23,25.81,25.88,25.16,25.52,4985465,398952374.2124,25.44,0.65,765052480,765052000.0,50993812500.43,60706890000.0
2020-09-16,CSX,25.52,25.35,25.78,25.19,25.1,4996234,401151105.2389,25.53,0.65,765052480,765052000.0,51585043771.68,61410750000.0
2020-09-15,CSX,25.1,24.75,25.24,24.56,24.53,3498188,275029982.2952,24.99,0.46,765052480,765052000.0,50743181307.98,60408540000.0
2020-09-12,CSX,24.53,24.24,24.61,24.18,24.1,2892741,222437906.4214,24.45,0.38,765052480,765052000.0,49592843257.9,59039090000.0
2020-09-11,CSX,24.1,24.27,24.48,23.93,24.37,3725096,283198184.6173,24.17,0.49,765052480,765052000.0,48725279529.38,58006280000.0
2020-09-10,CSX,24.37,24.08,24.76,24.06,23.93,3663347,281864860.2226,24.46,0.48,765052480,765052000.0,49265097988.69,58648900000.0
2020-09-09,CSX,23.93,23.96,24.34,23.57,24.01,4100824,309177516.4544,23.97,0.54,765052480,765052000.0,48365390488.41,57577840000.0
2020-09-05,CSX,24.01,24.23,24.47,23.66,24.05,4178930,315744894.1152,24.02,0.55,765052480,765052000.0,48526051509.21,57769080000.0
2020-09-04,CSX,24.05,24.9,24.93,23.87,24.7,4697828,357172560.2669,24.17,0.61,765052480,765052000.0,48616021038.22,57876190000.0
2020-09-03,CSX,24.7,24.78,25.0,24.53,24.81,8116098,630388710.4294,24.69,1.06,765052480,765052000.0,49920587884.47,59429230000.0
2020-09-02,CSX,24.81,24.23,24.82,24.08,24.31,3319198,257101402.7278,24.63,0.43,765052480,765052000.0,50151940397.06,59704690000.0
2020-09-01,CSX,24.31,24.54,24.66,24.21,24.5,3215515,246411358.3421,24.36,0.42,765052480,765052000.0,49721530279.74,58495880000.0
2020-08-29,CSX,24.5,24.15,24.54,24.09,24.14,2654548,203526337.3802,24.37,0.35,765052480,765052000.0,50118210640.92,58962570000.0
2020-08-28,CSX,24.14,24.08,24.31,23.85,23.89,2542020,193567207.1081,24.13,0.33,765052480,765052000.0,49545948134.4,58289310000.0
2020-08-27,CSX,23.89,23.91,24.01,23.75,24.03,2820142,212839780.1045,23.91,0.37,765052480,765052000.0,49038718990.46,57692570000.0
2020-08-26,CSX,24.03,23.95,24.06,23.71,23.8,2533531,191396871.2276,23.94,0.33,765052480,765052000.0,49311841425.23,58013900000.0
2020-08-25,CSX,23.8,23.63,23.82,23.57,23.49,2602616,194514848.1443,23.68,0.34,765052480,765052000.0,48843628657.17,57463070000.0
2020-08-22,CSX,23.49,23.41,23.53,23.26,23.42,3025038,223924820.0046,23.45,0.4,765052480,765052000.0,48206342542.51,56713340000.0
2020-08-21,CSX,23.42,23.22,23.5,23.21,23.46,2548152,188157829.3723,23.4,0.33,765052480,765052000.0,48063277078.46,56544990000.0
2020-08-20,CSX,23.46,23.67,23.71,23.42,23.58,2713921,201644878.512,23.54,0.35,765052480,765052000.0,48154318323.58,56652100000.0
2020-08-19,CSX,23.58,23.82,23.82,23.55,23.76,2414928,180130431.0016,23.63,0.32,765052480,765052000.0,48388424382.46,56927520000.0
2020-08-18,CSX,23.76,23.58,23.85,23.56,23.52,2988666,224011589.7075,23.75,0.39,765052480,765052000.0,48765596555.69,57371280000.0
2020-08-15,CSX,23.52,23.34,23.66,23.28,23.45,2383121,177080663.2671,23.54,0.31,765052480,765052000.0,48284374644.0,56805130000.0
2020-08-14,CSX,23.45,23.61,23.75,23.37,23.77,2558589,189676922.2413,23.49,0.33,765052480,765052000.0,48121800992.0,56613840000.0
2020-08-13,CSX,23.77,23.95,24.18,23.74,23.81,3025124,228360581.6879,23.92,0.4,765052480,765052000.0,48791603787.95,57401880000.0
2020-08-12,CSX,23.81,23.79,24.23,23.66,23.47,5479461,413886675.6689,23.93,0.72,765052480,765052000.0,48863136845.12,57486010000.0
2020-08-11,CSX,23.47,23.24,23.58,23.11,23.11,3904021,288933834.0672,23.45,0.51,765052480,765052000.0,48173825861.23,56675080000.0
2020-08-07,CSX,22.9,22.64,23.02,22.56,22.63,2376540,171410088.7625,22.85,0.31,765052480,765052000.0,46996794571.63,55290300000.0
2020-08-06,CSX,22.63,22.55,22.66,22.43,22.42,2171929,154814666.9061,22.58,0.28,765052480,765052000.0,46450539297.38,54647680000.0
2020-08-05,CSX,22.42,22.23,22.43,22.11,22.29,3119864,219569189.5781,22.3,0.41,765052480,765052000.0,46014843210.61,54135070000.0
2020-08-04,CSX,22.29,22.56,22.7,22.27,22.6,2742687,193790029.8736,22.39,0.36,765052480,765052000.0,45748230224.86,53821440000.0
2020-08-01,CSX,22.6,22.15,22.62,21.57,22.25,5576367,390560965.648,22.19,0.73,765052480,765052000.0,46392015383.84,54578830000.0
2020-07-31,CSX,22.25,22.49,22.59,22.2,22.79,3217032,226483257.4608,22.31,0.42,765052480,765052000.0,45676697167.69,53737270000.0
2020-07-30,CSX,22.79,22.4,22.85,22.3,22.21,3883094,278495862.8077,22.72,0.51,765052480,765052000.0,46769187557.07,55022550000.0
2020-07-28,CSX,22.68,22.49,22.88,22.47,22.6,3412068,244146076.4033,22.67,0.45,765052480,765052000.0,46554589035.84,54770070000.0
2020-07-25,CSX,22.6,22.73,23.01,22.57,22.66,2954189,211739703.3823,22.71,0.39,765052480,765052000.0,46392015383.84,54578830000.0
2020-07-24,CSX,22.66,22.83,23.11,22.47,23.21,5102840,365454710.3502,22.69,0.67,765052480,765052000.0,46515572659.95,54724200000.0
2020-07-23,CSX,23.21,22.97,23.37,22.9,22.95,4209359,308532157.4902,23.22,0.55,765052480,765052000.0,47640579730.61,56047740000.0
2020-07-22,CSX,22.95,22.79,23.0,22.69,22.67,2541277,183500008.6542,22.88,0.33,765052480,765052000.0,47100833905.38,55412730000.0
2020-07-21,CSX,22.67,22.77,22.82,22.46,22.86,2973624,212419055.1865,22.63,0.39,765052480,765052000.0,46535080847.89,54747130000.0
2020-07-18,CSX,22.86,22.7,22.95,22.49,22.52,2947822,212220471.0315,22.81,0.39,765052480,765052000.0,46925261514.46,55206170000.0
2020-07-17,CSX,22.52,22.27,22.77,22.24,22.39,2779829,197585797.5936,22.52,0.36,765052480,765052000.0,46216442992.92,54372270000.0
2020-07-16,CSX,22.39,22.34,22.5,21.98,21.97,4396633,309649128.9806,22.31,0.57,765052480,765052000.0,45949819602.46,54058600000.0
2020-07-15,CSX,21.97,21.56,22.0,21.48,21.75,3874486,266951709.5749,21.83,0.51,765052480,765052000.0,45091426167.84,53048730000.0
2020-07-14,CSX,21.75,21.61,22.17,21.41,21.4,4019815,277113178.6722,21.84,0.53,765052480,765052000.0,44636221893.12,52513180000.0
2020-07-11,CSX,21.4,21.45,21.57,21.28,21.5,3667548,248042168.6572,21.43,0.48,765052480,765052000.0,43920893922.55,51671610000.0
2020-07-10,CSX,21.5,21.64,21.88,21.38,21.89,4275391,291075481.2826,21.57,0.56,765052480,765052000.0,44128992749.17,51916430000.0
2020-07-08,CSX,21.71,22.0,22.19,21.66,22.26,2908001,200397016.9563,21.83,0.38,765052480,765052000.0,44558189791.63,52421380000.0
2020-07-07,CSX,22.26,22.09,22.39,22.08,21.82,2774359,194776378.8412,22.24,0.36,765052480,765052000.0,45683196212.0,53744930000.0
2020-07-03,CSX,21.82,21.91,22.14,21.76,21.62,2543244,175784938.2869,21.9,0.33,765052480,765052000.0,44779287357.17,52681480000.0
2020-07-01,CSX,22.1,21.6,22.28,21.54,21.7,3621438,251366180.8214,21.99,0.47,765052480,765052000.0,45351549863.69,53354740000.0
2020-06-30,CSX,21.7,21.09,21.71,21.02,20.88,3561109,242140092.1091,21.54,0.47,765465920,765466000.0,44569253192.0,52434410000.0
2020-06-27,CSX,20.88,21.54,21.64,20.71,21.61,9397387,622947136.4004,21.0,1.23,765465920,765466000.0,42884082571.7,50451820000.0
2020-06-26,CSX,21.61,21.33,21.66,21.04,21.39,2918607,197206200.6146,21.41,0.38,765465920,765466000.0,44387073604.33,52220070000.0
2020-06-25,CSX,21.39,21.68,21.82,21.37,22.0,3738329,253988416.2043,21.53,0.49,765465920,765466000.0,43918607160.0,51668910000.0
2020-06-23,CSX,21.73,21.47,21.76,21.25,21.54,3226660,220260510.6754,21.63,0.42,765465920,765466000.0,44634322349.72,52510960000.0
2020-06-20,CSX,21.54,22.3,22.33,21.47,22.01,7092688,486369050.4012,21.73,0.93,765465920,765466000.0,44237427619.56,52044020000.0
2020-06-19,CSX,22.01,21.94,22.22,21.89,22.15,2789468,193780983.4405,22.01,0.36,765465920,765466000.0,45200381144.33,53176890000.0
2020-06-18,CSX,22.15,22.52,22.52,22.12,22.29,3058703,214853071.2761,22.26,0.4,765465920,765466000.0,45480153732.92,53506050000.0
2020-06-17,CSX,22.29,22.99,22.99,22.05,22.23,3888445,275225676.9242,22.43,0.51,765465920,765466000.0,45779455462.17,53858180000.0
2020-06-13,CSX,22.04,22.34,22.39,21.56,21.64,4171152,289435411.3919,21.98,0.54,765465920,765466000.0,45265449651.41,53253450000.0
2020-06-12,CSX,21.64,22.74,22.94,21.61,23.22,4971051,346281459.037,22.07,0.65,765465920,765466000.0,44432613621.4,52273640000.0
2020-06-11,CSX,23.22,23.34,23.49,22.93,23.34,4080540,298567815.2591,23.18,0.53,765465920,765466000.0,47685843781.4,56100980000.0
2020-06-10,CSX,23.34,23.31,23.52,23.15,23.55,3437480,253446070.7086,23.36,0.45,765465920,765466000.0,47926589319.7,56384180000.0
2020-06-09,CSX,23.55,23.71,24.08,23.39,23.79,4632020,344770971.21,23.58,0.61,765465920,765466000.0,48362520859.85,56897040000.0
2020-06-06,CSX,23.79,24.06,24.37,23.74,23.46,5925442,448958925.0087,24.01,0.77,765465920,765466000.0,48850505383.85,57471180000.0
2020-06-05,CSX,23.46,23.48,23.6,23.35,23.66,3136342,232341181.3533,23.47,0.41,765465920,765466000.0,48173828305.4,56675080000.0
2020-06-04,CSX,23.66,23.26,23.72,23.13,22.87,3919466,291390732.1981,23.55,0.51,765465920,765466000.0,48583738558.79,57157300000.0
2020-06-03,CSX,22.87,22.71,22.96,22.54,22.45,3035163,218550262.635,22.81,0.4,765465920,765466000.0,46963626035.24,55251310000.0
2020-06-02,CSX,22.45,22.49,22.68,22.28,22.68,2749887,195185626.3156,22.49,0.36,765465920,765466000.0,46108034961.56,54244720000.0
2020-05-30,CSX,22.68,22.48,22.92,22.18,22.57,5284813,377684466.9973,22.64,0.69,765465920,765466000.0,47121164792.7,54792030000.0
2020-05-29,CSX,22.57,23.44,23.45,22.4,23.24,5480379,394801033.7418,22.82,0.72,765465920,765466000.0,46903924248.0,54539430000.0
2020-05-28,CSX,23.24,22.98,23.34,22.96,22.78,5586734,409977418.5957,23.17,0.73,765465920,765466000.0,48450935480.42,56338270000.0
2020-05-23,CSX,21.64,21.31,21.67,21.29,21.41,2723613,185582918.0186,21.51,0.36,765465920,765466000.0,45113345709.64,52457350000.0
2020-05-22,CSX,21.41,21.5,21.56,21.13,21.58,3357786,226934606.9067,21.34,0.44,765465920,765466000.0,44632789496.56,51898570000.0
2020-05-21,CSX,21.58,21.73,22.04,21.5,20.82,5168074,355759867.6759,21.73,0.68,765465920,765466000.0,45001435908.73,52327220000.0
2020-05-20,CSX,20.82,21.04,21.33,20.82,20.96,4534875,302954578.2079,21.09,0.59,765465920,765466000.0,43421518199.66,50490120000.0
2020-05-19,CSX,20.96,20.36,21.12,20.22,19.57,3996135,263820828.5727,20.84,0.52,765465920,765466000.0,43704582888.77,50819270000.0
2020-05-15,CSX,19.88,19.55,19.92,18.94,19.68,3893345,241034271.3952,19.55,0.51,765465920,765466000.0,41453195841.47,48201360000.0
2020-05-14,CSX,19.68,20.23,20.23,19.47,20.26,4144067,258671012.8013,19.71,0.54,765465920,765466000.0,41031883399.1,47711480000.0
2020-05-13,CSX,20.26,20.9,20.9,20.25,20.81,2893170,187973013.1278,20.51,0.38,765465920,765466000.0,42236574980.59,49112270000.0
2020-05-12,CSX,20.81,20.58,21.06,20.56,20.87,3146035,207431939.5421,20.82,0.41,765465920,765466000.0,43388601190.19,50451820000.0
2020-05-09,CSX,20.87,20.44,20.93,20.42,20.18,2830006,186075141.5248,20.76,0.37,765465920,765466000.0,43520259353.53,50604930000.0
2020-05-08,CSX,20.18,20.08,20.34,19.95,19.77,3361282,214537201.7384,20.15,0.44,765465920,765466000.0,42078579523.2,48928560000.0
2020-05-07,CSX,19.77,20.19,20.27,19.74,20.13,5289906,332962034.9472,19.87,0.69,765465920,765466000.0,41229375581.36,47941100000.0
2020-05-06,CSX,20.13,20.32,20.51,20.07,20.12,4341883,278365079.1684,20.24,0.57,765465920,765466000.0,41979838369.33,48813750000.0
2020-05-05,CSX,20.12,20.43,20.43,19.91,20.52,3871464,246179825.8856,20.08,0.51,765465920,765466000.0,41960090006.89,48790770000.0
2020-05-02,CSX,20.52,20.71,20.71,20.38,20.91,7579277,492267197.0629,20.51,0.99,765465920,765466000.0,42789544928.0,49755260000.0
2020-05-01,CSX,20.91,21.16,21.41,20.84,21.52,8379156,556224270.5389,20.96,1.09,765465920,765466000.0,43599252144.97,50696760000.0
2020-04-30,CSX,21.52,21.59,21.87,21.4,21.11,4067586,277893847.2333,21.57,0.53,765465920,765466000.0,44863188155.48,52166490000.0
2020-04-29,CSX,21.11,21.2,21.35,20.78,20.97,6002359,400849526.7333,21.08,0.78,765465920,765466000.0,44007405814.82,51171370000.0
2020-04-28,CSX,20.97,20.68,21.08,20.45,20.15,7198629,475649389.5791,20.86,0.94,765465920,765466000.0,43717751535.79,50834550000.0
2020-04-25,CSX,20.15,19.76,20.21,19.38,19.41,3991240,251600984.492,19.9,0.52,765465920,765466000.0,42012755378.79,48852010000.0
2020-04-24,CSX,19.41,20.17,20.24,19.35,19.22,4662192,291018215.9506,19.71,0.61,765465920,765466000.0,40465744804.67,47053170000.0
2020-04-23,CSX,19.22,19.15,19.7,18.78,18.78,5274402,318305445.3846,19.05,0.69,765465920,765466000.0,40083929087.17,46609200000.0
2020-04-22,CSX,18.78,18.73,19.04,18.56,19.26,4565180,271972397.1809,18.81,0.6,765465920,765466000.0,39155722479.37,45529910000.0
2020-04-21,CSX,19.26,19.26,19.75,19.03,19.82,4797156,293855086.8402,19.34,0.63,765465920,765466000.0,40156342163.2,46693410000.0
2020-04-18,CSX,19.82,19.86,20.1,19.58,19.14,6837555,428849377.8208,19.8,0.89,765465920,765466000.0,41321537678.13,48048290000.0
2020-04-17,CSX,19.14,19.32,19.32,18.62,19.22,4927457,297497172.5754,19.06,0.64,765465920,765466000.0,39919353914.37,46417840000.0
2020-04-16,CSX,19.22,19.06,19.26,18.91,19.74,3180568,192570978.6431,19.12,0.42,765465920,765466000.0,40083929087.17,46609200000.0
2020-04-15,CSX,19.74,19.61,20.01,19.59,19.44,3244881,202895575.2106,19.74,0.42,765465920,765466000.0,41170121277.84,47872200000.0
2020-04-14,CSX,19.44,19.99,20.17,19.24,20.21,4186070,258336591.4076,19.48,0.55,765465920,765466000.0,40531578823.59,47129720000.0
2020-04-10,CSX,20.21,20.17,20.46,19.92,20.05,5150602,329843496.2066,20.22,0.67,765465920,765466000.0,42131244236.8,48989800000.0
2020-04-09,CSX,20.05,19.65,20.17,19.51,19.31,3771610,238322751.8744,19.95,0.49,765465920,765466000.0,41815263196.53,48622390000.0
2020-04-08,CSX,19.31,20.31,20.46,19.2,19.34,5647445,352457584.6047,19.7,0.74,765465920,765466000.0,40255083317.08,46808230000.0
2020-04-07,CSX,19.34,19.15,19.48,18.69,17.92,6486817,392545871.0989,19.11,0.85,765465920,765466000.0,40334086641.33,46900060000.0
2020-04-04,CSX,17.92,17.87,18.2,17.65,17.95,5271820,298696033.5645,17.89,0.69,765465920,765466000.0,37371733530.93,43455480000.0
2020-04-03,CSX,17.95,17.1,18.03,16.93,17.32,5459117,304595259.856,17.62,0.71,765465920,765466000.0,37430977959.93,43524380000.0
2020-04-02,CSX,17.32,17.08,17.44,16.81,18.09,4703727,256535644.9225,17.22,0.61,765465920,765466000.0,36107797520.42,41985810000.0
2020-04-01,CSX,18.09,18.22,18.36,17.78,18.32,5591758,320604596.8321,18.1,0.73,765465920,765466000.0,37720632238.96,43861200000.0
2020-03-31,CSX,18.32,17.71,18.39,17.6,17.77,5029344,289760620.1867,18.19,0.65,770711040,770711000.0,38456326219.15,44716640000.0
2020-03-28,CSX,17.77,17.77,18.25,17.37,18.49,5588524,314676899.3037,17.78,0.73,770711040,770711000.0,37309655042.91,43383320000.0
2020-03-27,CSX,18.49,18.03,18.67,17.63,17.85,6366192,367198803.295,18.21,0.83,770711040,770711000.0,38820874529.5,45140540000.0
2020-03-26,CSX,17.85,17.4,19.12,17.37,17.52,7658188,442150048.46,18.23,0.99,770711040,770711000.0,37468733115.62,43568290000.0
2020-03-25,CSX,17.52,16.09,17.58,15.63,15.05,7611981,409018426.7354,16.96,0.99,770711040,770711000.0,36786037939.2,42774460000.0
2020-03-24,CSX,15.05,15.61,16.03,14.78,15.74,7631567,368571061.4158,15.25,0.99,770711040,770711000.0,31589598474.35,36732090000.0
2020-03-21,CSX,15.74,17.21,17.42,15.66,17.37,9862012,517298022.7812,16.56,1.28,770711040,770711000.0,33054406574.48,38435350000.0
2020-03-20,CSX,17.37,15.95,17.74,15.4,16.09,6092520,324161092.6831,16.8,0.79,770711040,770711000.0,36461256992.89,42396800000.0
2020-03-18,CSX,17.13,15.63,17.34,15.21,15.45,8822067,461985226.6993,16.53,1.14,770711040,770711000.0,35964148372.09,41818770000.0
2020-03-17,CSX,15.45,15.48,16.85,15.02,18.29,11278641,565725320.0831,15.84,1.46,770711040,770711000.0,32431361781.31,37710880000.0
2020-03-14,CSX,18.29,17.84,18.56,17.05,16.86,12273309,689296046.9931,17.73,1.59,770711040,770711000.0,38403299973.97,44654960000.0
2020-03-13,CSX,16.86,16.91,17.81,16.38,18.41,12256735,662132075.7263,17.06,1.59,770711040,770711000.0,35400764567.15,41163680000.0
2020-03-12,CSX,18.41,19.22,19.52,18.33,19.85,10872458,646404594.4572,18.77,1.41,770711040,770711000.0,38648536912.84,44940120000.0
2020-03-11,CSX,19.85,19.68,19.94,18.74,19.07,8233223,505873113.9331,19.4,1.07,770711040,770711000.0,41677590081.93,48462270000.0
2020-03-10,CSX,19.07,19.87,20.12,18.81,21.55,8465727,521696168.1143,19.46,1.1,770711040,770711000.0,40027186146.82,46543210000.0
2020-03-07,CSX,21.55,20.82,21.73,20.75,21.77,5189535,351895071.8638,21.41,0.67,770711040,770711000.0,45236884492.8,52600990000.0
2020-03-06,CSX,21.77,22.08,22.28,21.67,22.73,4894742,339470406.5632,21.9,0.63,773825440,773825000.0,45892186672.89,53362970000.0
2020-03-05,CSX,22.73,22.06,22.81,21.9,21.76,5576336,396633069.3744,22.46,0.72,773825440,773825000.0,47915271244.8,55715430000.0
2020-03-03,CSX,22.34,22.2,22.54,21.78,22.24,10651336,748366062.7608,22.18,1.38,773825440,773825000.0,47083408896.8,54748120000.0
2020-02-29,CSX,22.24,22.13,22.4,21.6,22.82,11539036,804936680.8114,22.02,1.49,773825440,773825000.0,46883759936.81,54516000000.0
2020-02-28,CSX,22.82,23.26,23.82,22.79,23.69,8697176,638975432.6968,23.2,1.12,773825440,773825000.0,48094956839.42,55924370000.0
2020-02-27,CSX,23.69,23.95,24.14,23.51,23.78,6862668,518550091.0613,23.77,0.89,773825440,773825000.0,50118041411.32,58276780000.0
2020-02-26,CSX,23.78,24.58,24.74,23.72,24.56,8901125,686257101.6182,24.26,1.15,773825440,773825000.0,50291075434.61,58477980000.0
2020-02-25,CSX,24.56,24.53,24.73,24.41,25.03,7515926,586443617.2372,24.55,0.97,773825440,773825000.0,51948138576.92,60404770000.0
2020-02-22,CSX,25.03,25.14,25.31,25.0,25.31,3853566,307599722.9015,25.11,0.5,773825440,773825000.0,52946373394.52,61565540000.0
2020-02-21,CSX,25.31,25.19,25.36,25.04,25.22,2241944,180054793.5433,25.27,0.29,773825440,773825000.0,53538658720.81,62254240000.0
2020-02-20,CSX,25.22,25.11,25.25,25.04,25.02,2251772,180181170.5135,25.18,0.29,773825440,773825000.0,53352322885.84,62037560000.0
2020-02-15,CSX,25.04,25.07,25.15,24.9,25.12,2341693,186180744.1566,25.01,0.3,773825440,773825000.0,52966337425.39,61588720000.0
2020-02-14,CSX,25.12,24.95,25.16,24.82,25.01,2443786,194516321.148,25.04,0.32,773825440,773825000.0,53132709894.99,61782180000.0
2020-02-13,CSX,25.01,24.88,25.01,24.69,24.7,2761611,218919827.3288,24.94,0.36,773825440,773825000.0,52896463650.11,61507500000.0
2020-02-11,CSX,24.82,24.35,24.83,24.32,24.5,3284554,257601684.2992,24.68,0.42,773825440,773825000.0,52493844935.64,61039330000.0
2020-02-08,CSX,24.5,24.83,24.91,24.44,24.64,3097688,242221845.2541,24.6,0.4,773825440,773825000.0,51821694169.05,60257770000.0
2020-02-07,CSX,24.64,24.7,24.74,24.47,24.59,2262101,176844482.5145,24.6,0.29,773825440,773825000.0,52121172600.21,60606010000.0
2020-02-06,CSX,24.59,24.8,24.8,24.51,24.47,3599047,281253638.9968,24.59,0.47,773825440,773825000.0,52021343129.04,60489930000.0
2020-02-05,CSX,24.47,24.62,24.71,24.4,24.26,2937824,228704909.6329,24.49,0.38,773825440,773825000.0,51755151170.62,60180390000.0
2020-02-04,CSX,24.26,24.28,24.41,24.12,24.02,3439678,265318547.825,24.27,0.44,773825440,773825000.0,51309274283.07,59661930000.0
2020-02-01,CSX,24.02,24.31,24.34,23.87,24.47,4648988,355065965.7073,24.03,0.6,773825440,773825000.0,50803495320.59,59073820000.0
2020-01-31,CSX,24.47,24.04,24.49,24.02,24.39,3225793,249417011.5396,24.33,0.41,782336480,782336000.0,52331112343.57,60850090000.0
2020-01-30,CSX,24.39,24.14,24.67,24.07,23.98,4944567,384925141.3281,24.49,0.63,782336480,782336000.0,52162910000.37,60654510000.0
2020-01-29,CSX,23.98,23.82,24.11,23.69,23.65,3653356,278366375.3733,23.97,0.47,782336480,782336000.0,51281531740.43,59629650000.0
2020-01-28,CSX,23.65,23.6,23.86,23.47,24.13,3677943,276137385.8799,23.62,0.47,782336480,782336000.0,50575079880.57,58808200000.0
2020-01-25,CSX,24.13,24.13,24.24,23.92,24.11,3604050,276025543.3841,24.1,0.46,782336480,782336000.0,51604476875.33,60005170000.0
2020-01-24,CSX,24.11,23.45,24.14,23.26,23.47,4368602,331471145.42,23.87,0.56,782336480,782336000.0,51564110331.39,59958230000.0
2020-01-23,CSX,23.47,23.63,23.66,23.35,23.54,4259914,318022188.4841,23.49,0.54,782336480,782336000.0,50198307977.42,58370090000.0
2020-01-22,CSX,23.54,23.82,23.93,23.49,24.04,4927192,369509329.3472,23.59,0.63,782336480,782336000.0,50346326712.24,58542200000.0
2020-01-17,CSX,24.14,23.8,24.18,23.8,23.59,7035543,537948192.2011,24.06,0.9,782336480,782336000.0,51631395305.53,60036500000.0
2020-01-15,CSX,23.49,23.43,23.7,23.35,23.5,3083345,230540496.9788,23.52,0.39,782336480,782336000.0,50231950464.49,58409200000.0
2020-01-11,CSX,23.08,23.19,23.24,23.05,23.2,2036527,149660497.7922,23.12,0.26,782336480,782336000.0,49357296261.42,57392170000.0
2020-01-10,CSX,23.2,23.09,23.2,23.04,23.09,2154302,158419630.8272,23.14,0.28,782336480,782336000.0,49612967187.13,57689450000.0
2020-01-09,CSX,23.09,23.12,23.23,22.99,22.97,2870862,210795066.3077,23.1,0.37,782336480,782336000.0,49370755140.11,57407810000.0
2020-01-08,CSX,22.97,22.87,23.13,22.7,22.81,4787016,350215701.839,23.02,0.61,782336480,782336000.0,49115084214.4,57110530000.0
2020-01-07,CSX,22.81,22.71,22.89,22.57,22.93,4878820,352566961.2936,22.74,0.62,782336480,782336000.0,48785404257.68,56727180000.0
2020-01-01,CSX,22.77,22.71,22.9,22.68,22.76,2079474,150452844.7662,22.76,0.27,782336480,782336000.0,48684486888.62,56609830000.0
2019-12-31,CSX,22.76,22.91,22.96,22.68,22.92,1892233,137031931.8629,22.78,0.24,782336480,782336000.0,48671028009.92,56594180000.0
2019-12-28,CSX,22.92,22.95,23.0,22.84,22.93,2050872,149430416.2207,22.92,0.26,782336480,782336000.0,49014167518.15,56993180000.0
2019-12-27,CSX,22.93,22.97,23.04,22.78,22.96,1678008,122005951.4264,22.88,0.21,782336480,782336000.0,49027616304.7,57008820000.0
2019-12-25,CSX,22.96,22.92,23.0,22.9,22.88,862337,62919640.5147,22.96,0.11,782336480,782336000.0,49101625335.71,57094880000.0
2019-12-24,CSX,22.88,22.94,23.04,22.81,23.02,3807151,277156016.6045,22.9,0.49,782336480,782336000.0,48926698935.63,56891470000.0
2019-12-21,CSX,23.02,22.84,23.04,22.7,22.84,11847165,865293178.0342,22.98,1.51,782336480,782336000.0,49236185191.84,57251350000.0
2019-12-20,CSX,22.84,22.93,23.03,22.75,22.95,3325788,241549970.3383,22.85,0.43,782336480,782336000.0,48839230353.12,56789770000.0
2019-12-19,CSX,22.95,22.75,23.15,22.69,22.68,4703609,343209150.4031,22.96,0.6,782336480,782336000.0,49074717670.46,57063590000.0
2019-12-18,CSX,22.68,22.88,23.12,22.56,22.9,7769633,561832223.9047,22.75,0.99,782336480,782336000.0,48509560488.55,56406420000.0
2019-12-17,CSX,22.9,23.02,23.14,22.88,22.9,3107227,226680925.4217,22.95,0.4,782336480,782336000.0,48973790209.26,56946230000.0
2019-12-14,CSX,22.9,22.83,23.01,22.54,22.74,4701578,341576214.506,22.86,0.6,782336480,782336000.0,48967065479.57,56938410000.0
2019-12-13,CSX,22.74,22.52,23.09,22.4,22.57,6627594,480890320.548,22.83,0.85,782336480,782336000.0,48630660793.17,56547240000.0
2019-12-11,CSX,22.15,21.99,22.21,21.84,22.15,3483630,244320227.1121,22.07,0.45,782336480,782336000.0,47365775808.26,55076450000.0
2019-12-10,CSX,22.15,22.35,22.36,22.11,22.42,3801820,268113877.5627,22.19,0.49,782336480,782336000.0,47372510630.09,55084280000.0
2019-12-07,CSX,22.42,22.42,22.64,22.38,22.23,4365074,311823849.6762,22.48,0.56,782336480,782336000.0,47951127363.5,55757090000.0
2019-12-06,CSX,22.23,22.2,22.25,21.96,22.17,4832977,340017369.331,22.13,0.62,782336480,782336000.0,47533978151.46,55272040000.0
2019-12-05,CSX,22.17,22.06,22.25,21.99,21.93,4901988,345417148.1375,22.17,0.63,782336480,782336000.0,47399418295.33,55115570000.0
2019-12-03,CSX,22.03,22.47,22.57,22.02,22.51,4452742,313928098.1269,22.18,0.57,782336480,782336000.0,47103380825.68,54771340000.0
2019-11-30,CSX,22.51,22.53,22.61,22.42,22.62,1500947,107351791.0026,22.5,0.19,782336480,782336000.0,48132778493.26,55968320000.0
2019-11-28,CSX,22.62,22.56,22.65,22.47,22.56,1972817,141631499.5468,22.59,0.25,782336480,782336000.0,48368265810.59,56242130000.0
2019-11-27,CSX,22.56,22.47,22.71,22.4,22.51,4562109,328480552.504,22.58,0.58,782336480,782336000.0,48408632354.53,56289070000.0
2019-11-26,CSX,22.51,22.07,22.56,21.98,22.11,3488867,249851396.8734,22.46,0.45,782336480,782336000.0,48300980836.46,56163900000.0
2019-11-23,CSX,22.11,21.69,22.13,21.68,21.76,2526021,177306471.084,22.01,0.32,782336480,782336000.0,47439785512.08,55162510000.0
2019-11-22,CSX,21.76,21.82,21.91,21.69,21.81,2795973,194199046.6852,21.78,0.36,782336480,782336000.0,46692966435.46,54294120000.0
2019-11-21,CSX,21.81,22.12,22.15,21.77,22.27,3365995,235042045.258,21.9,0.43,782336480,782336000.0,46800618626.35,54419290000.0
2019-11-20,CSX,22.27,22.44,22.44,22.23,22.27,2365910,168280549.0202,22.3,0.3,782336480,782336000.0,47776190198.48,55553680000.0
2019-11-19,CSX,22.27,22.31,22.42,22.19,22.45,4512957,320675840.6878,22.28,0.58,782336480,782336000.0,47782925020.3,55561500000.0
2019-11-16,CSX,22.45,22.67,22.67,22.38,22.53,2860936,204936850.5789,22.46,0.37,782336480,782336000.0,48179879859.02,56023080000.0
2019-11-15,CSX,22.53,22.56,22.61,22.4,22.56,1606420,115289878.2697,22.5,0.21,782336480,782336000.0,48334623323.52,56203020000.0
2019-11-14,CSX,22.56,22.64,22.69,22.51,22.81,2473802,178149379.1178,22.58,0.32,782336480,782336000.0,48408632354.53,56289070000.0
2019-11-13,CSX,22.81,23.06,23.09,22.74,23.17,2718226,198012994.7958,22.84,0.35,782336480,782336000.0,48946881871.2,56914940000.0
2019-11-12,CSX,23.17,23.1,23.22,22.96,23.21,1336002,98561134.7304,23.13,0.17,782336480,782336000.0,49720608613.06,57814630000.0
2019-11-09,CSX,23.21,23.22,23.27,23.08,23.23,2258839,167054683.531,23.19,0.29,782336480,782336000.0,49808077195.57,57916330000.0
2019-11-08,CSX,23.23,23.18,23.43,23.13,23.09,3467250,257565370.1017,23.29,0.44,782336480,782336000.0,49841719682.64,57955450000.0
2019-11-07,CSX,23.09,23.14,23.14,22.82,23.17,3125285,229228088.0702,23.0,0.4,782336480,782336000.0,49545682212.99,57611220000.0
2019-11-06,CSX,23.17,22.99,23.31,22.94,23.04,3418263,252699173.681,23.18,0.44,782336480,782336000.0,49707159826.51,57798980000.0
2019-11-05,CSX,23.04,22.8,23.05,22.69,22.66,4229035,309151326.7864,22.92,0.54,782336480,782336000.0,49444764843.93,57493870000.0
2019-11-02,CSX,22.66,22.24,22.67,22.11,22.03,4647336,333292549.7677,22.49,0.59,782336480,782336000.0,48623936736.3,56539420000.0
2019-11-01,CSX,22.03,22.18,22.28,21.84,22.28,3865178,271150767.1478,22.0,0.49,782336480,782336000.0,47278317990.7,54974750000.0
2019-10-31,CSX,22.28,22.23,22.35,21.97,22.21,2699557,191065992.3798,22.19,0.35,782336480,782336000.0,47803108628.68,55584970000.0
2019-10-30,CSX,22.21,22.3,22.4,22.16,22.43,3934290,279318443.6738,22.26,0.5,782336480,782336000.0,47655089221.04,55412860000.0
2019-10-29,CSX,22.43,22.74,22.77,22.36,22.68,5512680,394981305.9026,22.47,0.7,782336480,782336000.0,48119329706.7,55952670000.0
2019-10-26,CSX,22.68,22.56,22.73,22.44,22.47,2675467,193265015.4837,22.65,0.34,782336480,782336000.0,48657579223.37,56578540000.0
2019-10-25,CSX,22.47,22.74,22.81,22.35,22.66,3080631,221103340.7919,22.51,0.39,782336480,782336000.0,48213522346.09,56062200000.0
2019-10-24,CSX,22.66,22.58,22.71,22.44,22.67,7080582,509989574.8259,22.59,0.91,782336480,782336000.0,48617201914.48,56531600000.0
2019-10-23,CSX,22.67,22.19,22.68,21.94,22.19,7640180,546668661.8847,22.44,0.98,782336480,782336000.0,48637385522.86,56555070000.0
2019-10-22,CSX,22.19,21.61,22.2,21.61,21.53,8702027,611883846.4955,22.05,1.11,782336480,782336000.0,47601263125.6,55350270000.0
2019-10-19,CSX,21.53,21.5,21.7,21.42,21.88,20265579,1393625302.4332,21.56,2.59,782336480,782336000.0,46201818957.37,53723010000.0
2019-10-18,CSX,21.88,22.25,22.61,21.81,21.64,11549051,815141212.6246,22.13,1.48,782336480,782336000.0,46948637361.17,54591400000.0
2019-10-17,CSX,21.64,21.92,21.92,21.49,21.69,4667266,321761756.763,21.62,0.6,782336480,782336000.0,46423846723.2,53981180000.0
2019-10-16,CSX,21.69,21.5,21.82,21.45,21.5,4224957,292342515.4244,21.7,0.54,782336480,782336000.0,46538223643.77,54114180000.0
2019-10-15,CSX,21.5,21.51,21.62,21.33,21.65,3964030,271266528.7082,21.46,0.51,782336480,782336000.0,46127809253.55,53636950000.0
2019-10-12,CSX,21.65,21.32,21.84,21.18,20.99,4399199,304156254.8546,21.68,0.56,782336480,782336000.0,46457489883.08,54020300000.0
2019-10-11,CSX,20.99,20.77,21.02,20.76,20.76,6256418,417781058.4224,20.94,0.8,782336480,782336000.0,45037861433.66,52369570000.0
2019-10-10,CSX,20.76,20.75,20.97,20.71,20.65,4043543,268127760.902,20.79,0.52,782336480,782336000.0,44550070601.52,51802400000.0
2019-10-09,CSX,20.65,20.71,20.95,20.58,20.94,4062138,268964722.6009,20.76,0.52,782336480,782336000.0,44307858554.51,51520750000.0
2019-10-08,CSX,20.94,20.88,21.14,20.77,20.92,3520465,235673635.7907,20.99,0.45,782336480,782336000.0,44936933972.46,52252220000.0
2019-10-03,CSX,20.78,20.89,21.11,20.73,21.02,6953535,462776556.6086,20.87,0.89,782336480,782336000.0,44587080499.5,51845410000.0
2019-10-02,CSX,21.02,21.83,21.95,20.92,21.72,5341152,360492471.0087,21.16,0.68,782336480,782336000.0,45091687529.1,52432160000.0
2019-10-01,CSX,21.72,21.62,21.92,21.62,21.61,3137681,217952440.361,21.78,0.4,782336480,782336000.0,46605508617.9,54192410000.0
2019-09-27,CSX,21.77,21.6,21.87,21.54,21.6,2963359,205583347.7044,21.75,0.37,798175680,798176000.0,47652045220.38,55409340000.0
2019-09-26,CSX,21.6,21.59,21.7,21.39,21.52,3110392,214212398.4424,21.6,0.39,798175680,798176000.0,47274506064.45,54970320000.0
2019-09-25,CSX,21.52,21.71,22.07,21.43,21.59,5397481,373102525.7542,21.68,0.68,798175680,798176000.0,47109768781.98,54778800000.0
2019-09-21,CSX,21.52,22.18,22.26,21.45,22.2,13404286,925419761.1569,21.65,1.68,798175680,798176000.0,47102898293.25,54770810000.0
2019-09-19,CSX,22.31,22.24,22.34,21.98,22.32,3678138,260129711.4704,22.18,0.46,798175680,798176000.0,48839567564.93,56790180000.0
2019-09-17,CSX,22.7,22.49,22.84,22.44,22.72,5189973,376192587.5386,22.73,0.65,798175680,798176000.0,49690746228.67,57779890000.0
2019-09-14,CSX,22.72,22.57,22.81,22.57,22.44,5511328,398929794.4888,22.7,0.69,798175680,798176000.0,49745662088.32,57843750000.0
2019-09-13,CSX,22.44,22.28,22.52,22.1,22.25,6672922,475930767.2189,22.36,0.84,798175680,798176000.0,49114146863.16,57109460000.0
2019-09-12,CSX,22.25,22.17,22.34,21.87,22.17,8121567,573686425.5352,22.15,1.02,798175680,798176000.0,48716015461.12,56646490000.0
2019-09-11,CSX,22.17,21.65,22.2,21.65,21.65,6610680,464220419.8399,22.02,0.83,798175680,798176000.0,48523815443.81,56423010000.0
2019-09-10,CSX,21.65,21.29,21.66,21.17,21.17,4890832,335039608.7769,21.48,0.61,798175680,798176000.0,47398069151.16,55114010000.0
2019-09-07,CSX,21.17,21.46,21.51,21.05,21.34,5419922,366045787.0066,21.18,0.68,798175680,798176000.0,46347830277.85,53892790000.0
2019-09-06,CSX,21.34,21.33,21.57,21.31,21.17,5767234,393857662.9637,21.41,0.72,798175680,798176000.0,46718498258.63,54323810000.0
2019-09-05,CSX,21.17,20.87,21.18,20.87,20.81,6065914,408548418.9028,21.12,0.76,798175680,798176000.0,46334098224.0,53876820000.0
2019-09-04,CSX,20.81,20.8,20.92,20.52,21.02,3794629,250954354.7758,20.74,0.48,798175680,798176000.0,45544707281.5,52958940000.0
2019-08-31,CSX,21.02,21.05,21.22,20.98,20.86,3897687,261847419.4812,21.07,0.49,798175680,798176000.0,47074489496.74,53493720000.0
2019-08-30,CSX,20.86,20.66,21.01,20.65,20.43,4669914,310806093.5806,20.87,0.59,798175680,798176000.0,46716261227.61,53086660000.0
2019-08-29,CSX,20.43,20.07,20.44,20.02,20.12,3703219,241125465.7059,20.34,0.46,798175680,798176000.0,45929582789.38,52192700000.0
2019-08-28,CSX,20.12,20.47,20.51,20.12,20.32,3526938,228378761.7595,20.23,0.44,798175680,798176000.0,45241238892.52,51410490000.0
2019-08-27,CSX,20.32,20.38,20.51,20.16,20.19,3951987,256344455.1109,20.27,0.5,798175680,798176000.0,45676720031.56,51905330000.0
2019-08-24,CSX,20.19,20.53,20.7,20.08,20.66,5330551,346344043.6656,20.3,0.67,798175680,798176000.0,45388736139.03,51578100000.0
2019-08-23,CSX,20.66,20.54,20.86,20.43,20.41,5539262,367181586.4239,20.71,0.69,798175680,798176000.0,46456378738.18,52791340000.0
2019-08-22,CSX,20.41,20.38,20.49,20.26,20.24,3416985,222956552.5065,20.39,0.43,798175680,798176000.0,45894460952.27,52152770000.0
2019-08-21,CSX,20.24,20.33,20.41,20.22,20.4,3311331,215114999.0863,20.3,0.41,798175680,798176000.0,45508141815.97,51713760000.0
2019-08-17,CSX,20.34,20.32,20.46,20.19,20.12,3869052,251964281.1341,20.35,0.48,798175680,798176000.0,45718862302.67,51953210000.0
2019-08-16,CSX,20.12,20.18,20.28,19.99,20.18,3046464,196421064.9535,20.14,0.38,798175680,798176000.0,45241238892.52,51410490000.0
2019-08-15,CSX,20.18,20.44,20.59,20.14,20.73,4464059,289803572.0465,20.28,0.56,798175680,798176000.0,45360644569.46,51546150000.0
2019-08-14,CSX,20.73,20.44,20.99,20.36,20.57,5073684,337182365.5459,20.76,0.64,798175680,798176000.0,46603886520.6,52958940000.0
2019-08-13,CSX,20.57,20.63,20.69,20.39,20.8,4534492,298627119.1421,20.58,0.57,798175680,798176000.0,46238637817.46,52543890000.0
2019-08-10,CSX,20.8,20.69,20.89,20.61,20.85,3959221,263245848.6722,20.77,0.5,798175680,798176000.0,46758414034.64,53134540000.0
2019-08-09,CSX,20.85,20.56,20.92,20.53,20.59,3608767,240328378.937,20.81,0.45,798175680,798176000.0,46877819711.58,53270240000.0
2019-08-08,CSX,20.59,20.38,20.71,20.24,20.77,7397383,486842532.2867,20.56,0.93,798175680,798176000.0,46280780088.58,52591780000.0
2019-08-07,CSX,20.77,20.52,20.88,20.38,20.34,5499309,364383680.907,20.7,0.69,798175680,798176000.0,46702221061.98,53070680000.0
2019-08-06,CSX,20.34,20.6,20.6,20.19,20.97,8096793,528605592.2458,20.4,1.01,798175680,798176000.0,45732913004.22,51969190000.0
2019-08-03,CSX,20.97,21.14,21.17,20.75,21.18,6322426,423486873.2163,20.93,0.79,798175680,798176000.0,47144722635.03,53573510000.0
2019-08-01,CSX,21.99,22.02,22.26,21.78,21.94,6599777,466477531.3812,22.08,0.83,798175680,798176000.0,49448575512.99,56191550000.0
2019-07-31,CSX,21.94,21.57,21.98,21.53,21.75,4523848,316112510.502,21.83,0.57,798175680,798176000.0,49315129670.43,56039910000.0
2019-07-30,CSX,21.75,21.49,21.85,21.49,21.54,4182270,291147475.5513,21.75,0.52,798175680,798176000.0,48900709131.03,55568960000.0
2019-07-27,CSX,21.54,21.72,21.79,21.51,21.71,5806406,401478746.1366,21.6,0.73,798175680,798176000.0,48437136422.43,55042170000.0
2019-07-26,CSX,21.71,21.56,21.91,21.46,21.63,6220215,433544034.2089,21.78,0.78,798175680,798176000.0,48816424588.8,55473190000.0
2019-07-25,CSX,21.63,21.62,21.98,21.33,21.85,7694488,535037785.0611,21.72,0.96,798175680,798176000.0,48619755506.04,55249710000.0
2019-07-24,CSX,21.85,22.29,22.29,21.78,22.16,6834508,480487837.5017,21.96,0.86,798175680,798176000.0,49125480319.28,55824380000.0
2019-07-23,CSX,22.16,21.93,22.23,21.87,21.97,5708910,404441991.4955,22.13,0.72,798175680,798176000.0,49813824216.13,56606590000.0
2019-07-20,CSX,21.97,22.49,22.7,21.94,22.44,7970590,565977201.0145,22.18,1.0,798175680,798176000.0,49385362808.71,56119700000.0
2019-07-18,CSX,22.3,22.91,23.01,21.89,24.85,34589817,2478671592.6335,22.39,4.33,798175680,798176000.0,50136929945.77,56973760000.0
2019-07-17,CSX,24.85,24.49,25.07,24.49,24.53,8630563,686745160.7947,24.86,1.08,798175680,798176000.0,55875493112.3,63494840000.0
2019-07-16,CSX,24.53,24.53,24.55,24.35,24.55,3433124,268933425.2276,24.47,0.43,798175680,798176000.0,55137975974.4,62656750000.0
2019-07-13,CSX,24.55,24.21,24.61,24.16,24.13,3416932,267601837.2033,24.47,0.43,798175680,798176000.0,55194168947.06,62720610000.0
2019-07-12,CSX,24.13,23.94,24.3,23.86,23.93,2729987,210969559.7283,24.14,0.34,798175680,798176000.0,54259982726.4,61659050000.0
2019-07-11,CSX,23.93,24.03,24.09,23.84,23.96,3037927,232624384.1522,23.92,0.38,798175680,798176000.0,53789379750.26,61124280000.0
2019-07-10,CSX,23.96,24.05,24.07,23.85,24.13,3394825,260262218.3352,23.95,0.43,798175680,798176000.0,53873663590.1,61220040000.0
2019-07-09,CSX,24.13,24.4,24.45,24.02,24.49,2894274,223829539.3894,24.16,0.36,798175680,798176000.0,54238912293.24,61635090000.0
2019-07-06,CSX,24.49,24.45,24.54,24.18,24.58,2489237,194628206.1646,24.43,0.31,798175680,798176000.0,55067732300.19,62576960000.0
2019-07-04,CSX,24.58,24.48,24.66,24.47,24.46,1306157,102755109.9586,24.58,0.16,798175680,798176000.0,55264402085.35,62800450000.0
2019-07-03,CSX,24.46,24.53,24.56,24.28,24.57,2994502,233919425.5661,24.41,0.38,798175680,798176000.0,54983448460.36,62481160000.0
2019-07-02,CSX,24.57,24.54,24.81,24.38,24.17,3485352,274326123.8509,24.59,0.44,798175680,798176000.0,55229290784.17,62760550000.0
2019-06-29,CSX,24.17,23.99,24.27,23.88,23.88,4624586,357875469.8165,24.18,0.57,809163680,809164000.0,55092391802.75,62604980000.0
2019-06-28,CSX,23.88,23.81,24.1,23.81,23.8,2278019,174585776.9907,23.94,0.28,809163680,809164000.0,54437293599.49,61860540000.0
2019-06-27,CSX,23.8,23.86,23.99,23.8,23.77,2702239,206385938.3423,23.86,0.33,809163680,809164000.0,54245033460.86,61642050000.0
2019-06-26,CSX,23.77,24.26,24.32,23.7,24.22,4534801,345711456.6604,23.82,0.56,809163680,809164000.0,54180950545.66,61569230000.0
2019-06-25,CSX,24.22,24.58,24.62,24.16,24.58,2689667,209266321.4036,24.31,0.33,809163680,809164000.0,55199207817.09,62726350000.0
2019-06-22,CSX,24.58,24.65,24.91,24.56,24.7,5052094,399000718.2057,24.67,0.62,809163680,809164000.0,56018077188.86,63656880000.0
2019-06-21,CSX,24.7,24.52,24.77,24.44,24.18,5102859,402998325.245,24.67,0.63,809163680,809164000.0,56288665083.78,63964360000.0
2019-06-20,CSX,24.18,24.26,24.32,23.94,24.29,2546261,196552264.9738,24.12,0.31,809163680,809164000.0,55106635931.78,62621160000.0
2019-06-18,CSX,23.96,24.08,24.18,23.93,24.11,2983232,229485995.687,24.03,0.37,809163680,809164000.0,54615309609.09,62062840000.0
2019-06-14,CSX,24.26,24.46,24.46,24.17,24.44,3788763,294365656.6609,24.27,0.47,809163680,809164000.0,55284651941.38,62823460000.0
2019-06-13,CSX,24.44,24.54,24.65,24.4,24.56,2768839,217142025.9346,24.5,0.34,809163680,809164000.0,55704766875.78,63300850000.0
2019-06-12,CSX,24.56,24.72,24.9,24.39,24.58,2653514,208737084.0481,24.58,0.33,809163680,809164000.0,55968238402.69,63600230000.0
2019-06-08,CSX,24.39,24.35,24.51,24.26,24.22,2610979,204015363.7796,24.41,0.32,809163680,809164000.0,55590845174.4,63171380000.0
2019-06-07,CSX,24.22,24.43,24.49,24.09,24.38,3322229,257260141.4551,24.19,0.41,809163680,809164000.0,55192080056.06,62718240000.0
2019-06-06,CSX,24.38,23.98,24.49,23.97,23.95,4704684,366643099.9647,24.35,0.58,809163680,809164000.0,55562356204.29,63139020000.0
2019-06-05,CSX,23.95,23.48,23.97,23.46,23.28,4392219,335081487.1051,23.83,0.54,809163680,809164000.0,54586832032.0,62030480000.0
2019-06-04,CSX,23.28,23.28,23.6,23.18,23.27,4395492,328571813.5885,23.35,0.54,809163680,809164000.0,53063015701.89,60298850000.0
2019-06-01,CSX,23.27,23.14,23.44,22.97,23.43,5826973,434216098.798,23.28,0.72,809163680,809164000.0,53629994572.46,60258380000.0
2019-05-31,CSX,23.43,23.11,23.51,23.06,23.03,4346422,324518674.7798,23.33,0.54,809163680,809164000.0,54018873595.97,60695340000.0
2019-05-30,CSX,23.03,22.96,23.11,22.79,23.21,5447039,401937557.9609,22.98,0.67,809163680,809164000.0,53255510020.57,59837640000.0
2019-05-29,CSX,23.21,23.47,23.56,23.16,23.32,7510211,561818584.8097,23.3,0.93,809163680,809164000.0,53666004516.68,60298850000.0
2019-05-25,CSX,23.32,23.6,23.64,23.21,23.47,4548613,341055471.2471,23.35,0.56,809163680,809164000.0,53939655751.55,60606340000.0
2019-05-23,CSX,24.12,24.33,24.33,24.07,24.4,3912837,303606026.2679,24.16,0.48,809163680,809164000.0,55768857647.96,62661630000.0
2019-05-22,CSX,24.4,24.4,24.5,24.27,24.31,8234621,644053638.2186,24.36,1.02,809163680,809164000.0,56416993434.7,63389860000.0
2019-05-21,CSX,24.31,24.29,24.46,24.14,24.41,2718769,212496010.7067,24.34,0.34,809163680,809164000.0,56215350565.8,63163310000.0
2019-05-18,CSX,24.41,24.26,24.53,24.11,24.36,3522717,275934429.6554,24.39,0.44,809163680,809164000.0,56460200614.75,63438390000.0
2019-05-17,CSX,24.36,24.16,24.47,24.08,24.1,3622575,283253131.3277,24.35,0.45,809163680,809164000.0,56330578354.46,63292740000.0
2019-05-16,CSX,24.1,24.16,24.45,24.08,24.36,4185227,325280002.5556,24.2,0.52,809163680,809164000.0,55732847703.73,62621160000.0
2019-05-14,CSX,23.91,24.04,24.16,23.8,24.5,4919098,377823599.9586,23.92,0.61,809163680,809164000.0,55286354785.88,62119480000.0
2019-05-11,CSX,24.5,24.26,24.58,23.91,24.34,2989999,232906259.1449,24.26,0.37,809163680,809164000.0,56669052241.96,63673050000.0
2019-05-10,CSX,24.34,24.16,24.4,23.96,24.35,2841025,221086031.3057,24.23,0.35,809163680,809164000.0,56294568410.23,63252310000.0
2019-05-07,CSX,24.93,24.64,25.01,24.62,25.07,2883955,230477891.1536,24.89,0.36,809163680,809164000.0,57662870674.51,64789710000.0
2019-05-04,CSX,25.07,24.7,25.14,24.64,24.57,2464000,197774199.392,25.0,0.3,809163680,809164000.0,57986938567.88,65153840000.0
2019-05-03,CSX,24.57,24.6,24.66,24.31,24.64,2807979,221014634.3324,24.51,0.35,809163680,809164000.0,56827487210.65,63851070000.0
2019-05-02,CSX,24.64,24.77,24.85,24.57,24.8,3613091,286407205.2456,24.69,0.45,809163680,809164000.0,56985922179.35,64029120000.0
2019-05-01,CSX,24.8,24.71,24.86,24.45,24.72,3507623,278407407.0259,24.72,0.43,809163680,809164000.0,57346000016.95,64433680000.0
2019-04-30,CSX,24.72,24.63,24.78,24.52,24.65,2681635,212681284.3854,24.7,0.33,809163680,809164000.0,57158753060.0,64223310000.0
2019-04-26,CSX,24.46,24.56,24.61,24.3,24.7,3041144,239007442.2003,24.47,0.38,809163680,809164000.0,56561022409.27,63551690000.0
2019-04-25,CSX,24.7,24.63,25.03,24.63,24.61,3753580,299129557.9047,24.82,0.46,809163680,809164000.0,57122753918.11,64182840000.0
2019-04-24,CSX,24.61,24.54,24.63,24.36,24.55,3437526,271179186.7102,24.57,0.42,809163680,809164000.0,56906705055.08,63940110000.0
2019-04-23,CSX,24.55,24.5,24.68,24.35,24.59,3478198,274222500.73,24.55,0.43,809163680,809164000.0,56762676080.51,63778280000.0
2019-04-19,CSX,24.59,24.86,24.86,24.44,24.58,6296113,497488615.3254,24.61,0.78,809163680,809164000.0,56870695110.86,63899640000.0
2019-04-18,CSX,24.58,24.73,25.07,24.51,23.63,8194645,650693278.6636,24.73,1.01,809163680,809164000.0,56849091160.76,63875360000.0
2019-04-16,CSX,23.63,23.79,23.87,23.52,23.87,3678637,279286550.1189,23.64,0.45,809163680,809164000.0,54638208196.8,61391210000.0
2019-04-11,CSX,23.38,23.3,23.43,23.12,23.26,2555724,191308709.7971,23.31,0.32,809163680,809164000.0,54062092298.51,60743880000.0
2019-04-10,CSX,23.26,23.38,23.46,23.08,23.55,4356356,325317414.4776,23.25,0.54,809163680,809164000.0,53788429541.16,60436390000.0
2019-04-09,CSX,23.55,23.21,23.59,23.16,23.17,4186430,315061503.2811,23.44,0.52,809163680,809164000.0,54458169278.0,61188910000.0
2019-04-06,CSX,23.17,23.28,23.43,23.1,23.29,4410477,329118186.8777,23.24,0.55,809163680,809164000.0,53593984628.23,60217960000.0
2019-04-05,CSX,23.29,23.36,23.43,23.23,23.42,7786289,582748417.8529,23.31,0.96,809163680,809164000.0,53867647385.58,60525440000.0
2019-04-04,CSX,23.42,23.77,23.85,23.38,23.72,7191934,542865150.9631,23.51,0.89,809163680,809164000.0,54170111328.86,60865290000.0
2019-04-03,CSX,23.72,23.95,24.03,23.7,23.88,3603633,275569822.7173,23.81,0.45,809163680,809164000.0,54861454295.65,61642050000.0
2019-04-02,CSX,23.88,23.46,23.91,23.4,23.3,4763625,363654170.2477,23.77,0.59,809163680,809164000.0,55235938127.37,62062840000.0
2019-03-30,CSX,23.3,23.33,23.41,23.25,23.18,3910359,292698989.5812,23.31,0.48,812686720,812687000.0,54116651933.79,60805200000.0
2019-03-29,CSX,23.18,22.9,23.2,22.86,22.86,3220520,238670824.2111,23.08,0.4,812686720,812687000.0,53834557523.91,60488250000.0
2019-03-28,CSX,22.86,22.71,22.9,22.64,22.75,1988927,145716946.6207,22.81,0.24,812686720,812687000.0,53089568330.97,59651190000.0
2019-03-27,CSX,22.75,22.79,22.92,22.57,22.66,2864948,208829208.2979,22.7,0.35,812686720,812687000.0,52829183505.88,59358620000.0
2019-03-26,CSX,22.66,22.49,22.81,22.49,22.58,2867846,208716973.7489,22.66,0.35,812686720,812687000.0,52626662698.55,59131040000.0
2019-03-23,CSX,22.58,22.87,22.89,22.55,22.93,3323974,241780866.1791,22.65,0.41,812686720,812687000.0,52445839903.35,58927880000.0
2019-03-22,CSX,22.93,22.52,22.98,22.5,22.68,2180257,159982012.9617,22.85,0.27,812686720,812687000.0,53263162554.11,59846250000.0
2019-03-21,CSX,22.68,22.68,22.94,22.53,22.72,4782617,348308885.2246,22.68,0.59,812686720,812687000.0,52670069572.19,59179820000.0
2019-03-20,CSX,22.72,23.06,23.16,22.67,23.0,4504754,329635801.9016,22.79,0.55,812686720,812687000.0,52764089469.49,59285460000.0
2019-03-19,CSX,23.0,22.85,23.08,22.68,22.67,3996435,294690738.5897,22.96,0.49,812686720,812687000.0,53429516632.53,60033140000.0
2019-03-16,CSX,22.67,22.69,22.95,22.61,22.73,13633555,994085168.5023,22.71,1.68,812686720,812687000.0,52662829427.47,59171710000.0
2019-03-15,CSX,22.73,23.07,23.09,22.67,23.03,4276227,312760240.8686,22.78,0.53,812686720,812687000.0,52800256198.4,59326090000.0
2019-03-14,CSX,23.03,22.75,23.17,22.59,22.63,4749828,350968125.2993,23.01,0.58,812686720,812687000.0,53501850090.36,60114410000.0
2019-03-13,CSX,22.63,22.77,22.84,22.5,22.72,5575770,405013890.8382,22.62,0.69,812686720,812687000.0,52554340090.09,59049780000.0
2019-03-12,CSX,22.72,22.31,22.72,22.18,22.35,4423723,320602264.1631,22.57,0.54,812686720,812687000.0,52764089469.49,59285460000.0
2019-03-09,CSX,22.35,22.26,22.37,21.98,22.43,5604609,398688367.3206,22.15,0.69,812686720,812687000.0,51910611662.47,58326500000.0
2019-03-08,CSX,22.43,22.36,22.5,22.3,22.44,5960469,428468922.0328,22.39,0.73,812686720,812687000.0,52091434457.67,58529670000.0
2019-03-07,CSX,22.44,22.4,22.55,22.27,22.56,5379512,387664859.9174,22.44,0.66,812686720,812687000.0,52113132469.8,58554040000.0
2019-03-06,CSX,22.56,22.71,22.78,22.55,22.68,3800400,276390957.3228,22.65,0.47,812686720,812687000.0,52409684023.81,58887250000.0
2019-03-05,CSX,22.68,22.67,22.9,22.48,22.56,4144863,301827249.1353,22.68,0.51,812686720,812687000.0,52677298144.25,59187930000.0
2019-03-02,CSX,22.56,22.83,22.84,22.55,22.63,4905555,356274766.7796,22.62,0.6,815630400,815630000.0,52592253829.47,59092420000.0
2019-03-01,CSX,22.63,22.57,22.7,22.52,22.63,5183078,376599306.5347,22.63,0.64,815630400,815630000.0,56308267334.75,59271820000.0
2019-02-28,CSX,22.63,22.53,22.7,22.44,22.58,3600936,261376823.9097,22.6,0.44,815630400,815630000.0,56300522720.2,59263670000.0
2019-02-27,CSX,22.58,22.59,22.73,22.54,22.6,6866887,499903214.0024,22.6,0.84,815630400,815630000.0,56378000634.56,59345220000.0
2019-02-26,CSX,22.6,22.81,22.81,22.58,22.75,5131285,374685435.2307,22.66,0.63,815630400,815630000.0,56424501640.39,59394170000.0
2019-02-23,CSX,22.75,22.56,22.76,22.54,22.52,2756467,201530520.362,22.69,0.34,815630400,815630000.0,56804169843.1,59793860000.0
2019-02-22,CSX,22.52,22.77,22.78,22.43,22.74,3255317,237140425.8179,22.61,0.4,815630400,815630000.0,56230789420.39,59190270000.0
2019-02-21,CSX,22.74,22.53,22.76,22.53,22.51,3863578,282242876.6352,22.67,0.47,815630400,815630000.0,56757680460.0,59744910000.0
2019-02-20,CSX,22.51,22.15,22.62,22.1,22.51,4707922,341438785.168,22.51,0.58,815630400,815630000.0,56184288414.56,59141320000.0
2019-02-16,CSX,22.51,22.41,22.54,22.2,22.23,5807160,420142218.84,22.46,0.71,815630400,815630000.0,56207533106.11,59165820000.0
2019-02-15,CSX,22.23,21.94,22.3,21.91,22.08,3246794,232315256.8936,22.21,0.4,815630400,815630000.0,55502429148.64,58423580000.0
2019-02-14,CSX,22.08,22.14,22.2,21.97,22.07,4644266,330551893.9159,22.09,0.57,815630400,815630000.0,55115004708.64,58015780000.0
2019-02-13,CSX,22.07,21.73,22.11,21.69,21.48,5484031,388305062.9376,21.98,0.67,815630400,815630000.0,55107249246.2,58007590000.0
2019-02-12,CSX,21.48,21.41,21.88,21.4,21.34,6234660,432972198.36,21.55,0.76,815630400,815630000.0,53627296408.74,56449760000.0
2019-02-09,CSX,21.34,21.02,21.34,21.0,21.17,4336742,296338258.6807,21.21,0.53,815630400,815630000.0,53270860500.0,56074570000.0
2019-02-08,CSX,21.17,21.0,21.24,20.92,21.13,4844379,329592668.615,21.12,0.59,815630400,815630000.0,52852447528.74,55634120000.0
2019-02-07,CSX,21.13,21.13,21.24,21.06,21.19,5384305,366865511.6047,21.15,0.66,815630400,815630000.0,52759457914.65,55536230000.0
2019-02-06,CSX,21.19,20.91,21.19,20.66,20.93,6025852,409130030.1699,21.07,0.74,815630400,815630000.0,52898936911.84,55683070000.0
2019-02-05,CSX,20.93,20.5,20.94,20.5,20.55,5189707,347521982.6359,20.78,0.64,815630400,815630000.0,52240310714.75,54989780000.0
2019-02-02,CSX,20.55,20.37,20.64,20.3,20.39,4347317,287577184.5139,20.53,0.53,815630400,815630000.0,51294993531.45,53994700000.0
2019-02-01,CSX,20.39,20.62,20.62,20.29,20.58,5938445,390167149.2377,20.39,0.73,815630400,815630000.0,50907569091.45,53586900000.0
2019-01-31,CSX,20.58,20.38,20.69,20.27,20.31,6250301,413513645.1081,20.53,0.74,844420320,844420000.0,53185817064.0,55985030000.0
2019-01-30,CSX,20.31,20.44,20.52,20.28,20.36,4407981,289432017.2748,20.38,0.52,844420320,844420000.0,52479877665.48,55241970000.0
2019-01-29,CSX,20.36,20.29,20.45,20.18,20.55,4275559,280072604.4211,20.33,0.51,844420320,844420000.0,52632297137.64,55402410000.0
2019-01-26,CSX,20.55,20.35,20.78,20.27,20.19,8043758,532660856.1757,20.55,0.95,844420320,844420000.0,53105591518.2,55900610000.0
2019-01-25,CSX,20.19,20.35,20.39,20.06,20.2,7096695,461450535.0902,20.18,0.84,844420320,844420000.0,52183067934.0,54929530000.0
2019-01-24,CSX,20.2,20.51,20.61,19.9,20.43,5275453,342325189.7097,20.14,0.62,844420320,844420000.0,52207132308.72,54954840000.0
2019-01-23,CSX,20.43,20.83,20.87,20.31,20.91,6280414,415657883.284,20.54,0.74,844420320,844420000.0,52808781786.72,55588160000.0
2019-01-19,CSX,20.91,20.3,21.03,20.29,20.2,7687645,515022245.3075,20.79,0.91,844420320,844420000.0,54036145919.64,56880130000.0
2019-01-18,CSX,20.2,19.85,20.26,19.6,20.29,11251145,725067595.7586,20.0,1.33,844420320,844420000.0,52215150290.76,54963280000.0
2019-01-17,CSX,20.29,20.22,20.38,20.12,20.21,5792496,378574385.9535,20.29,0.69,844420320,844420000.0,52447794506.52,55208180000.0
2019-01-16,CSX,20.21,20.26,20.31,19.96,20.26,4178109,271484326.8021,20.17,0.49,844420320,844420000.0,52231197485.64,54980200000.0
2019-01-15,CSX,20.26,20.14,20.35,20.08,20.24,4477442,291973070.4669,20.24,0.53,844420320,844420000.0,52359552583.08,55115280000.0
2019-01-12,CSX,20.24,20.01,20.35,19.96,20.08,3836190,249742900.9953,20.21,0.45,844420320,844420000.0,52319440211.28,55073050000.0
2019-01-11,CSX,20.08,19.81,20.17,19.67,19.86,5404055,348414033.0107,20.01,0.64,844420320,844420000.0,51894275382.36,54625520000.0
2019-01-10,CSX,19.86,19.78,19.95,19.59,19.66,4430715,282794363.6571,19.81,0.52,844420320,844420000.0,51324708261.12,54025990000.0
2019-01-09,CSX,19.66,19.8,19.92,19.44,19.38,5079285,321149451.0841,19.62,0.6,844420320,844420000.0,50819331523.8,53494000000.0
2019-01-08,CSX,19.38,19.38,19.58,19.04,19.49,6262465,389998126.5826,19.33,0.74,844420320,844420000.0,50097344128.2,52734030000.0
2019-01-05,CSX,19.49,18.93,19.5,18.79,18.93,6181152,385180959.3408,19.34,0.73,844420320,844420000.0,50370089484.96,53021120000.0
2019-01-04,CSX,18.93,19.04,19.18,18.73,19.23,7842379,479445353.7441,18.98,0.93,844420320,844420000.0,48918110349.12,51492740000.0
2019-01-03,CSX,19.23,18.86,19.32,18.63,19.28,5013090,308714128.2095,19.11,0.59,844420320,844420000.0,49696244476.2,52311820000.0
2019-01-01,CSX,19.28,19.4,19.48,19.1,19.27,3445041,213644899.7331,19.25,0.41,844420320,844420000.0,52463838703.7,52463820000.0
2018-12-29,CSX,19.27,19.4,19.55,19.16,19.26,3416055,212640876.7804,19.32,0.4,844420320,844420000.0,52421615154.44,52421590000.0
2018-12-28,CSX,19.26,18.9,19.27,18.51,19.16,4170817,254076174.1917,18.91,0.49,844420320,844420000.0,52404723370.36,52404710000.0
2018-12-27,CSX,19.16,18.37,19.16,18.15,18.24,5067762,305547558.9476,18.71,0.6,844420320,844420000.0,52117623839.24,52117580000.0
2018-12-25,CSX,18.24,18.75,18.78,18.21,18.84,3037308,180142455.0104,18.41,0.36,844420320,844420000.0,49618133781.1,49618120000.0
2018-12-22,CSX,18.84,19.19,19.47,18.77,19.12,10004290,614083368.7972,19.05,1.18,844420320,844420000.0,51256310890.74,51256280000.0
2018-12-21,CSX,19.12,19.21,19.37,18.88,19.26,8491129,524378137.0506,19.17,1.01,844420320,844420000.0,52024736759.62,52024730000.0
2018-12-20,CSX,19.26,19.73,20.35,19.15,19.83,7321875,462260735.2688,19.6,0.87,844420320,844420000.0,52396284233.68,52396280000.0
2018-12-19,CSX,19.83,20.23,20.4,19.66,20.08,6468770,415658552.9989,19.94,0.77,844420320,844420000.0,53950014244.8,53950010000.0
2018-12-18,CSX,20.08,20.32,20.34,19.88,20.43,8842402,571954839.3616,20.08,1.05,844420320,844420000.0,54617100386.66,54617090000.0
2018-12-15,CSX,20.43,21.19,21.19,20.35,21.37,5722184,380243738.8803,20.62,0.68,844420320,844420000.0,55588191354.44,55588160000.0
2018-12-14,CSX,21.37,21.51,21.61,21.09,21.38,4522176,310451909.0982,21.31,0.54,844420320,844420000.0,58129892295.54,58129860000.0
2018-12-13,CSX,21.38,21.5,21.85,21.37,21.13,5538117,385543740.6282,21.61,0.66,844420320,844420000.0,58163675863.7,58163650000.0
2018-12-12,CSX,21.13,21.57,21.69,21.0,21.2,3720697,255213382.3685,21.29,0.44,844420320,844420000.0,57496577055.54,57496570000.0
2018-12-11,CSX,21.2,21.02,21.28,20.62,21.12,5262043,355996125.9946,21.0,0.62,844420320,844420000.0,57673911233.68,57673890000.0
2018-12-08,CSX,21.12,21.55,21.85,21.1,21.67,8215875,564970411.9193,21.34,0.97,844420320,844420000.0,57445913525.18,57445910000.0
2018-12-07,CSX,21.67,21.52,21.67,21.18,21.91,9115395,630913833.7233,21.48,1.08,844420320,844420000.0,58957433497.76,58957410000.0
2018-12-05,CSX,21.91,22.73,22.8,21.86,22.7,6819602,485952522.3188,22.12,0.81,844420320,844420000.0,59616080502.94,59616050000.0
2018-12-04,CSX,22.7,22.91,22.94,22.6,22.54,8515590,624181736.3421,22.75,1.01,844420320,844420000.0,61769341341.48,61769320000.0
2018-12-01,CSX,22.54,22.27,22.69,22.24,22.28,6820598,494948991.4082,22.52,0.81,844420320,844420000.0,61330252063.7,61330230000.0
2018-11-30,CSX,22.28,22.4,22.56,22.2,22.51,3922003,282082598.2813,22.32,0.46,844420320,844420000.0,60604050588.5,60604050000.0
2018-11-29,CSX,22.51,21.79,22.52,21.69,21.79,5109059,368017755.9663,22.29,0.61,844420320,844420000.0,61431578280.0,61431560000.0
2018-11-28,CSX,21.79,21.65,21.89,21.62,21.79,4050211,284572685.1132,21.74,0.48,844420320,844420000.0,59455638108.88,59455610000.0
2018-11-27,CSX,21.79,21.78,21.99,21.71,21.59,3603199,254066987.9077,21.82,0.43,844420320,844420000.0,59464078089.98,59464050000.0
2018-11-24,CSX,21.59,21.47,21.73,21.35,21.73,2195925,153462207.6454,21.63,0.26,844420320,844420000.0,58923649085.18,58923620000.0
2018-11-22,CSX,21.73,21.52,21.87,21.45,21.42,3601705,252770545.4674,21.72,0.43,844420320,844420000.0,59286756578.14,59286730000.0
2018-11-21,CSX,21.42,22.23,22.33,21.33,22.3,6883637,479065360.9385,21.54,0.82,844420320,844420000.0,58450776239.24,58450740000.0
2018-11-20,CSX,22.3,22.41,22.53,22.05,22.47,7473149,537326893.7221,22.25,0.89,844420320,844420000.0,60865818354.44,60865780000.0
2018-11-17,CSX,22.47,22.36,22.78,22.27,22.35,4661020,338989920.613,22.51,0.55,844420320,844420000.0,61313360279.62,61313350000.0
2018-11-16,CSX,22.35,21.62,22.43,21.5,21.82,5219867,373874571.1543,22.16,0.62,844420320,844420000.0,60984037199.24,60984030000.0
2018-11-15,CSX,21.82,22.01,22.23,21.69,21.75,5576340,395276619.2113,21.93,0.66,844420320,844420000.0,59531632560.0,59531590000.0
2018-11-14,CSX,21.75,21.69,22.08,21.55,21.55,4569223,321979907.771,21.81,0.54,844420320,844420000.0,59345859245.18,59345840000.0
2018-11-13,CSX,21.55,21.87,22.05,21.51,21.87,4040181,283583952.6734,21.72,0.48,844420320,844420000.0,58805431084.8,58805410000.0
2018-11-10,CSX,21.87,22.0,22.13,21.62,22.18,5616180,395975487.8513,21.82,0.67,844420320,844420000.0,59666743188.88,59666710000.0
2018-11-09,CSX,22.18,22.29,22.52,22.04,22.38,3898076,279899417.6324,22.22,0.46,844420320,844420000.0,60519603489.98,60519590000.0
2018-11-08,CSX,22.38,22.03,22.43,21.89,21.78,5340266,384082109.267,22.26,0.63,844420320,844420000.0,61060031650.36,61060010000.0
2018-11-07,CSX,21.78,21.39,21.81,21.37,21.38,4391234,307089550.1465,21.64,0.52,844420320,844420000.0,59421854540.72,59421820000.0
2018-11-06,CSX,21.38,21.58,21.71,21.38,21.41,5462617,379625628.1627,21.5,0.65,844420320,844420000.0,58340997375.54,58340960000.0
2018-11-03,CSX,21.41,21.68,21.81,21.22,21.53,5254734,364836144.8369,21.48,0.62,844420320,844420000.0,58416991826.66,58416980000.0
2018-11-02,CSX,21.53,21.39,21.63,21.31,21.31,5907531,409843257.2985,21.47,0.7,844420320,844420000.0,58763207535.54,58763180000.0
2018-11-01,CSX,21.31,21.56,21.65,21.3,21.29,7714188,534518393.0622,21.44,0.91,844420320,844420000.0,58146784079.62,58146770000.0
2018-10-31,CSX,21.29,20.42,21.35,20.4,20.33,8156652,554802442.8668,21.05,0.97,844420320,844420000.0,58104560530.36,58104540000.0
2018-10-30,CSX,20.33,20.72,20.88,20.0,20.4,7825422,518925690.9541,20.52,0.93,844420320,844420000.0,55469973354.06,55469960000.0
2018-10-27,CSX,20.4,19.82,20.58,19.7,20.54,6332754,416343789.6823,20.34,0.75,844420320,844420000.0,55664186649.98,55664150000.0
2018-10-26,CSX,20.54,20.47,20.88,20.35,20.4,7085051,472629532.5126,20.64,0.84,844420320,844420000.0,56061065044.8,56061050000.0
2018-10-25,CSX,20.4,20.69,20.95,20.37,20.68,7937695,527691637.2571,20.57,0.94,844420320,844420000.0,55655746668.88,55655710000.0
2018-10-24,CSX,20.68,20.72,20.83,20.34,21.14,7858531,522961646.7399,20.59,0.93,844420320,844420000.0,56424172537.76,56424160000.0
2018-10-23,CSX,21.14,20.97,21.33,20.84,21.02,6782047,463659444.8443,21.16,0.8,844420320,844420000.0,57682350370.36,57682330000.0
2018-10-20,CSX,21.02,21.27,21.44,20.99,21.24,9908793,677403803.1343,21.15,1.17,844420320,844420000.0,57369919074.06,57369890000.0
2018-10-19,CSX,21.24,21.78,21.83,21.18,21.88,10882719,752166828.6501,21.39,1.29,844420320,844420000.0,57969449901.48,57969420000.0
2018-10-18,CSX,21.88,22.59,22.6,21.61,22.34,10764481,762765719.8905,21.93,1.27,844420320,844420000.0,59708966738.14,59708950000.0
2018-10-17,CSX,22.34,22.02,22.42,21.9,21.93,9077809,653074781.9081,22.26,1.08,844420320,844420000.0,60967144570.74,60967110000.0
2018-10-16,CSX,21.93,21.68,22.03,21.64,21.72,5489930,388666204.2257,21.91,0.65,844420320,844420000.0,59835624719.62,59835590000.0
2018-10-13,CSX,21.72,21.85,22.08,21.59,21.28,7779996,547834665.6768,21.79,0.92,844420320,844420000.0,59278303930.74,59278290000.0
2018-10-12,CSX,21.28,21.49,21.84,21.23,21.52,11471602,796504231.3558,21.49,1.36,844420320,844420000.0,58070789628.5,58070750000.0
2018-10-11,CSX,21.52,23.07,23.09,21.52,23.09,10835356,767689339.2485,21.92,1.28,844420320,844420000.0,58737875770.36,58737870000.0
2018-10-10,CSX,23.09,23.24,23.31,23.07,23.13,5806754,434364355.6814,23.15,0.69,844420320,844420000.0,63002200919.62,63002170000.0
2018-10-09,CSX,23.13,23.04,23.21,22.71,23.07,3907244,290661072.8694,23.02,0.46,844420320,844420000.0,63128858901.1,63128820000.0
2018-10-06,CSX,23.07,23.41,23.41,22.9,23.11,4338473,323461379.5784,23.07,0.51,844420320,844420000.0,62951538233.68,62951500000.0
2018-10-05,CSX,23.11,23.22,23.33,22.82,23.2,4523406,337040822.0862,23.06,0.54,844420320,844420000.0,63052864449.98,63052840000.0
2018-10-04,CSX,23.2,23.1,23.41,23.03,23.0,4045666,304061345.3988,23.26,0.48,844420320,844420000.0,63323084863.32,63323050000.0
2018-10-03,CSX,23.0,23.23,23.24,22.94,23.22,4824746,358773419.7806,23.01,0.57,844420320,844420000.0,62765764074.44,62765750000.0
2018-10-02,CSX,23.22,23.02,23.32,23.01,22.91,4154438,311257146.2152,23.18,0.49,844420320,844420000.0,63356855765.18,63356840000.0
2018-09-29,CSX,22.91,22.9,23.03,22.82,22.96,3124444,231318224.0378,22.91,0.36,858810560,858811000.0,63594925403.24,63594900000.0
2018-09-28,CSX,22.96,22.97,23.17,22.67,22.87,2776150,206418673.2881,23.01,0.32,858810560,858811000.0,63732337669.27,63732320000.0
2018-09-27,CSX,22.87,22.74,23.05,22.73,22.69,4065973,300655551.6997,22.88,0.47,858810560,858811000.0,63466095231.14,63466090000.0
2018-09-26,CSX,22.69,22.76,22.8,22.59,22.68,3955031,289860274.8691,22.68,0.46,858810560,858811000.0,62967997129.68,62967970000.0
2018-09-25,CSX,22.68,22.77,22.88,22.61,22.9,4770117,349925307.9431,22.7,0.56,858810560,858811000.0,62950817483.24,62950810000.0
2018-09-22,CSX,22.9,22.51,22.94,22.49,22.6,18291735,1349802000.855,22.83,2.13,858810560,858811000.0,63543398487.26,63543380000.0
2018-09-21,CSX,22.6,22.98,23.06,22.56,22.9,5317106,390385649.8113,22.72,0.62,858810560,858811000.0,62736114843.24,62736090000.0
2018-09-20,CSX,22.9,22.98,23.11,22.86,22.93,5525945,409593559.2733,22.94,0.64,858810560,858811000.0,63543398487.26,63543380000.0
2018-09-19,CSX,22.93,22.89,23.1,22.76,22.69,5146199,381656511.7586,22.95,0.6,858810560,858811000.0,63646451460.41,63646430000.0
2018-09-18,CSX,22.69,22.78,22.86,22.65,22.74,4427051,325084132.2316,22.72,0.52,858810560,858811000.0,62985163893.97,62985130000.0
2018-09-15,CSX,22.74,22.68,22.94,22.58,22.64,4109867,302279916.4259,22.76,0.48,858810560,858811000.0,63105396513.56,63105390000.0
2018-09-14,CSX,22.64,22.9,22.94,22.56,22.94,5175766,379614989.0129,22.7,0.6,858810560,858811000.0,62847750769.13,62847710000.0
2018-09-13,CSX,22.94,22.95,23.13,22.87,22.93,3529261,262042353.0048,22.98,0.41,858810560,858811000.0,63672214918.4,63672200000.0
2018-09-12,CSX,22.93,22.99,23.12,22.79,23.0,5182555,384787632.2313,22.97,0.6,858810560,858811000.0,63646451460.41,63646430000.0
2018-09-11,CSX,23.0,22.92,23.14,22.79,22.78,5135481,382286237.8717,23.03,0.6,858810560,858811000.0,63826807689.68,63826780000.0
2018-09-08,CSX,22.78,22.82,23.01,22.77,22.92,5258305,388663407.431,22.87,0.61,858810560,858811000.0,63234225826.85,63234210000.0
2018-09-07,CSX,22.92,22.95,23.18,22.9,22.99,4587137,340968342.7246,23.0,0.53,858810560,858811000.0,63603508355.98,63603500000.0
2018-09-06,CSX,22.99,22.87,23.11,22.72,23.16,4759387,353601993.4953,22.99,0.55,858810560,858811000.0,63809628043.24,63809620000.0
2018-09-05,CSX,23.16,22.95,23.17,22.91,22.95,5915383,441421827.3326,23.09,0.69,858810560,858811000.0,64273379733.97,64273360000.0
2018-09-01,CSX,22.95,22.86,23.05,22.84,22.96,4924727,365168029.3515,22.95,0.57,858810560,858811000.0,57957349054.01,63689360000.0
2018-08-31,CSX,22.96,23.0,23.11,22.88,23.08,4229215,314142279.6773,22.99,0.49,858810560,858811000.0,57996427279.04,63732320000.0
2018-08-30,CSX,23.08,23.25,23.3,23.05,23.2,3392115,254182696.5725,23.12,0.39,858810560,858811000.0,58473153802.41,64256200000.0
2018-08-29,CSX,23.2,23.43,23.52,23.16,23.29,3135607,236492164.5369,23.27,0.37,858810560,858811000.0,58777944888.64,64591130000.0
2018-08-28,CSX,23.29,23.14,23.33,23.09,23.03,3630967,273925589.6686,23.28,0.42,858810560,858811000.0,59004579524.8,64840170000.0
2018-08-25,CSX,23.03,22.84,23.14,22.83,22.82,4292055,320346083.2827,23.03,0.5,858810560,858811000.0,58340284867.53,64110180000.0
2018-08-24,CSX,22.82,22.8,23.0,22.75,22.75,4415844,327096556.8704,22.85,0.51,858810560,858811000.0,57793224885.37,63509010000.0
2018-08-23,CSX,22.75,22.94,23.04,22.74,23.04,3094842,228992004.9378,22.83,0.36,858810560,858811000.0,57621290229.74,63320060000.0
2018-08-22,CSX,23.04,22.78,23.18,22.77,22.76,4936817,369269483.2752,23.08,0.57,858810560,858811000.0,58371552605.58,64144550000.0
2018-08-21,CSX,22.76,22.8,23.06,22.73,22.74,6092590,451600408.848,22.87,0.71,858810560,858811000.0,57652557967.78,63354430000.0
2018-08-18,CSX,22.74,22.68,22.86,22.59,22.66,3553278,261986370.6771,22.75,0.41,858810560,858811000.0,57590034995.98,63285740000.0
2018-08-17,CSX,22.66,22.64,22.74,22.41,22.57,5267086,385889921.8738,22.6,0.61,858810560,858811000.0,57394655593.58,63071020000.0
2018-08-16,CSX,22.57,22.5,22.69,22.41,22.74,4728981,345716393.172,22.56,0.55,858810560,858811000.0,57175831444.41,62830550000.0
2018-08-15,CSX,22.74,22.47,22.83,22.47,22.4,5312254,391456283.9945,22.74,0.62,858810560,858811000.0,57597845482.97,63294300000.0
2018-08-14,CSX,22.4,22.35,22.54,22.3,22.33,3884808,282479532.6616,22.43,0.45,858810560,858811000.0,56745994414.57,62358200000.0
2018-08-11,CSX,22.33,22.06,22.46,22.06,22.27,3357562,242832999.0306,22.31,0.39,858810560,858811000.0,56574059758.94,62169290000.0
2018-08-10,CSX,22.27,22.43,22.49,22.24,22.38,3390565,245281636.5805,22.32,0.39,858810560,858811000.0,56402125103.31,61980340000.0
2018-08-09,CSX,22.38,22.4,22.48,22.27,22.4,3136839,227594912.654,22.39,0.37,858810560,858811000.0,56691282711.28,62298110000.0
2018-08-08,CSX,22.4,22.32,22.49,22.28,22.26,3086612,224241448.1628,22.41,0.36,858810560,858811000.0,56730360936.31,62341040000.0
2018-08-07,CSX,22.26,22.02,22.34,22.0,21.99,5091613,366732097.3419,22.22,0.59,858810560,858811000.0,56386490843.53,61963140000.0
2018-08-04,CSX,21.99,21.94,22.04,21.74,21.93,4265981,303137218.4051,21.92,0.5,858810560,858811000.0,55690940952.51,61198820000.0
2018-08-03,CSX,21.93,21.62,22.02,21.62,21.79,4902012,347730123.2424,21.89,0.57,858810560,858811000.0,55558084521.91,61052800000.0
2018-08-02,CSX,21.79,21.83,21.96,21.64,21.81,4262504,300622889.8342,21.76,0.5,858810560,858811000.0,55190770463.88,60649180000.0
2018-08-01,CSX,21.81,21.74,21.99,21.72,21.69,8092082,572939684.3575,21.84,0.94,858810560,858811000.0,55237659175.9,60700710000.0
2018-07-31,CSX,21.69,21.69,21.99,21.65,21.68,6677246,471104384.4012,21.77,0.78,858810560,858811000.0,54932868089.68,60365780000.0
2018-07-28,CSX,21.68,21.86,21.98,21.58,21.87,5912074,415427848.1219,21.68,0.69,858810560,858811000.0,54917246334.18,60348620000.0
2018-07-27,CSX,21.87,22.11,22.28,21.82,21.89,4527129,321560175.5998,21.91,0.53,858810560,858811000.0,55401783344.54,60881060000.0
2018-07-26,CSX,21.89,21.3,21.93,21.22,21.33,6655125,467044746.516,21.65,0.77,858810560,858811000.0,55448672056.57,60932590000.0
2018-07-25,CSX,21.33,21.58,21.87,21.22,21.68,9236242,641274193.9621,21.42,1.08,858810560,858811000.0,54041938014.73,59386710000.0
2018-07-24,CSX,21.68,21.21,21.73,21.21,21.43,6201442,435121678.7489,21.65,0.72,858810560,858811000.0,54925056821.17,60357180000.0
2018-07-21,CSX,21.43,21.21,21.57,21.16,21.33,8665320,601653999.0293,21.42,1.01,858810560,858811000.0,54284218633.44,59652950000.0
2018-07-20,CSX,21.33,21.14,21.46,20.58,21.29,10896645,746326416.8698,21.13,1.27,858810560,858811000.0,54041938014.73,59386710000.0
2018-07-19,CSX,21.29,20.56,21.32,20.46,19.88,16577989,1128178503.5072,21.0,1.93,858810560,858811000.0,53924715062.4,59257890000.0
2018-07-18,CSX,19.88,19.67,19.93,19.51,19.75,8707559,557894167.1783,19.77,1.01,858810560,858811000.0,50360997107.18,55341750000.0
2018-07-17,CSX,19.75,20.02,20.12,19.53,19.97,8317902,532371496.8604,19.75,0.97,858810560,858811000.0,50017127014.4,54963850000.0
2018-07-14,CSX,19.97,19.93,20.17,19.89,19.96,4937008,320594473.685,20.04,0.57,858810560,858811000.0,50572009987.84,55573630000.0
2018-07-13,CSX,19.96,20.17,20.24,19.89,20.0,6347996,412218540.3048,20.04,0.74,858810560,858811000.0,50548553518.3,55547820000.0
2018-07-12,CSX,20.0,20.27,20.27,19.85,20.38,4162004,270185671.0408,20.03,0.48,858810560,858811000.0,50650154715.14,55659480000.0
2018-07-11,CSX,20.38,20.58,20.58,20.14,20.52,3748389,246786082.6334,20.31,0.44,858810560,858811000.0,51619241240.15,56724440000.0
2018-07-10,CSX,20.52,20.15,20.57,20.14,20.05,4535242,300580887.0671,20.45,0.53,858810560,858811000.0,51970921038.4,57110890000.0
2018-07-07,CSX,20.05,19.92,20.15,19.8,19.86,2786645,180611641.6586,20.0,0.32,858810560,858811000.0,50798644624.0,55822660000.0
2018-07-06,CSX,19.86,19.84,19.94,19.7,19.7,3685343,236651363.5266,19.81,0.43,858810560,858811000.0,50298474135.37,55273020000.0
2018-07-04,CSX,19.7,19.88,19.96,19.67,19.83,1738796,111491246.5444,19.78,0.2,858810560,858811000.0,49899904843.58,54835040000.0
2018-07-03,CSX,19.83,19.6,19.9,19.52,19.68,3186163,204205016.4379,19.77,0.37,858810560,858811000.0,50220317685.31,55187130000.0
2018-06-30,CSX,19.68,19.73,19.92,19.64,19.62,5002277,320491880.5661,19.77,0.57,875353440,875353000.0,50805337790.34,55830040000.0
2018-06-29,CSX,19.62,19.71,19.78,19.35,19.68,5293848,335624118.7918,19.56,0.6,875353440,875353000.0,50653987587.42,55663700000.0
2018-06-28,CSX,19.68,19.8,20.18,19.68,19.8,5115207,329072519.7654,19.85,0.58,875353440,875353000.0,50805337790.34,55830040000.0
2018-06-27,CSX,19.8,19.74,19.92,19.74,19.77,3653011,234974796.4415,19.85,0.42,875353440,875353000.0,51123961663.07,56180160000.0
2018-06-26,CSX,19.77,19.96,20.03,19.58,19.99,4684445,300503905.1141,19.79,0.54,875353440,875353000.0,51044311669.18,56092630000.0
2018-06-23,CSX,19.99,19.96,20.13,19.92,19.76,8645649,561055077.6761,20.02,0.99,875353440,875353000.0,51601909420.74,56705390000.0
2018-06-22,CSX,19.76,19.98,20.04,19.7,20.01,4697067,301612321.7467,19.81,0.54,875353440,875353000.0,51020416113.41,56066380000.0
2018-06-21,CSX,20.01,20.05,20.12,19.93,20.0,3336991,216597428.513,20.03,0.38,875353440,875353000.0,51673598477.76,56784160000.0
2018-06-20,CSX,20.0,20.14,20.21,19.96,20.4,5967637,387670852.1919,20.04,0.68,875353440,875353000.0,51641740391.98,56749140000.0
2018-06-19,CSX,20.4,20.38,20.53,20.32,20.56,3477310,230027537.2873,20.41,0.4,875353440,875353000.0,52661351282.32,57869600000.0
2018-06-16,CSX,20.56,20.35,20.6,20.13,20.33,8033238,533509065.4888,20.49,0.92,875353440,875353000.0,53091494386.73,58342270000.0
2018-06-15,CSX,20.33,20.49,20.56,20.26,20.4,4054956,267512320.4704,20.35,0.46,875353440,875353000.0,52486104727.06,57677000000.0
2018-06-14,CSX,20.4,20.59,20.7,20.32,20.59,4886922,324805375.8532,20.51,0.56,875353440,875353000.0,52677285901.21,57887090000.0
2018-06-13,CSX,20.59,20.75,20.88,20.57,20.76,4210742,281736140.6683,20.64,0.48,875353440,875353000.0,53171156329.2,58429810000.0
2018-06-12,CSX,20.76,20.69,20.88,20.55,20.69,5123520,344400990.6096,20.74,0.59,875353440,875353000.0,53593338496.74,58893760000.0
2018-06-09,CSX,20.69,20.33,20.71,20.29,20.29,5162742,344485018.3121,20.59,0.59,875353440,875353000.0,53426065623.5,58709930000.0
2018-06-08,CSX,20.29,20.16,20.3,20.09,20.16,5640992,369579146.7204,20.21,0.64,875353440,875353000.0,52374584698.8,57554450000.0
2018-06-07,CSX,20.16,19.98,20.16,19.79,19.96,2864267,185835057.9079,20.02,0.33,875353440,875353000.0,52040026207.18,57186840000.0
2018-06-06,CSX,19.96,19.96,20.04,19.67,19.96,3576948,230942056.3642,19.92,0.41,875353440,875353000.0,51530221160.29,56626580000.0
2018-06-05,CSX,19.96,20.24,20.31,19.86,20.19,3903537,253069051.8,20.0,0.45,875353440,875353000.0,51530221160.29,56626580000.0
2018-06-02,CSX,20.19,20.12,20.35,20.09,19.95,4425754,289734672.0427,20.2,0.51,875353440,875353000.0,52127649883.09,57283090000.0
2018-06-01,CSX,19.95,20.23,20.33,19.89,20.25,6681211,433502999.6781,20.02,0.76,875353440,875353000.0,50932435179.49,56591560000.0
2018-05-31,CSX,20.25,19.86,20.34,19.84,19.75,4722785,309196922.6625,20.2,0.54,875353440,875353000.0,51712379821.44,57458200000.0
2018-05-30,CSX,19.75,19.71,19.82,19.56,19.89,3794838,243176645.7787,19.7,0.43,875353440,875353000.0,50593679700.76,56215180000.0
2018-05-26,CSX,19.89,19.81,19.93,19.78,19.81,3847635,248616486.1219,19.87,0.44,875353440,875353000.0,50956068934.55,56617820000.0
2018-05-25,CSX,19.81,19.56,19.88,19.53,19.54,3698990,237980417.8401,19.78,0.42,875353440,875353000.0,50759114410.55,56399010000.0
2018-05-24,CSX,19.54,19.37,19.56,19.25,19.52,3057360,193351103.0026,19.45,0.35,875353440,875353000.0,50065843152.07,55628680000.0
2018-05-23,CSX,19.52,19.71,19.84,19.5,19.68,3447597,219998049.4212,19.62,0.39,875353440,875353000.0,50002816128.76,55558680000.0
2018-05-22,CSX,19.68,19.69,19.88,19.64,19.6,3194213,204931117.0526,19.73,0.36,875353440,875353000.0,50428232385.87,56031350000.0
2018-05-19,CSX,19.6,19.54,19.67,19.41,19.53,2702384,172114555.9121,19.58,0.31,875353440,875353000.0,50231277861.87,55812500000.0
2018-05-18,CSX,19.53,19.4,19.7,19.38,19.46,3052908,194311195.3048,19.57,0.35,875353440,875353000.0,50042209397.01,55602420000.0
2018-05-17,CSX,19.46,19.26,19.57,19.25,19.25,4475629,283168562.2497,19.45,0.51,875353440,875353000.0,49853128327.06,55392340000.0
2018-05-16,CSX,19.25,19.16,19.32,19.03,19.34,3314398,207225131.721,19.22,0.38,875353440,875353000.0,49325291778.38,54805870000.0
2018-05-15,CSX,19.34,19.61,19.61,19.28,19.4,3419126,215537247.9188,19.38,0.39,875353440,875353000.0,49553753511.49,55059700000.0
2018-05-12,CSX,19.4,19.36,19.64,19.31,19.31,4599219,290968679.3896,19.45,0.53,875353440,875353000.0,49703441313.19,55226040000.0
2018-05-11,CSX,19.31,19.31,19.38,19.08,19.14,4329211,271194327.4227,19.26,0.49,875353440,875353000.0,49482853034.12,54980930000.0
2018-05-10,CSX,19.14,18.71,19.2,18.64,18.62,6151891,381365523.0524,19.06,0.7,875353440,875353000.0,49041676476.0,54490720000.0
2018-05-09,CSX,18.62,18.55,18.81,18.49,18.6,5020942,304525158.2629,18.65,0.57,875353440,875353000.0,47718148377.26,53020140000.0
2018-05-08,CSX,18.6,18.53,18.68,18.49,18.44,3622761,219058967.4735,18.59,0.41,875353440,875353000.0,47662994808.0,52958860000.0
2018-05-05,CSX,18.44,18.05,18.57,18.01,18.17,4186109,251021675.5119,18.44,0.48,875353440,875353000.0,47245452792.76,52494910000.0
2018-05-04,CSX,18.17,18.17,18.3,17.83,18.26,5613195,330594715.8804,18.11,0.64,875353440,875353000.0,46552168929.19,51724610000.0
2018-05-03,CSX,18.26,18.34,18.57,18.21,18.4,5144797,307586339.5415,18.38,0.59,875353440,875353000.0,46780642479.57,51978480000.0
2018-05-02,CSX,18.4,18.23,18.48,18.15,18.26,4936891,294114817.2572,18.32,0.56,875353440,875353000.0,47150918560.33,52389890000.0
2018-05-01,CSX,18.26,18.62,18.78,18.26,18.53,5228914,312811387.643,18.39,0.6,875353440,875353000.0,46788516721.44,51987210000.0
2018-04-28,CSX,18.53,18.15,18.56,18.15,18.21,4434942,266125351.5579,18.45,0.51,875353440,875353000.0,47489674039.06,52766270000.0
2018-04-27,CSX,18.21,18.3,18.52,18.1,18.45,6698942,398784640.9932,18.3,0.77,875353440,875353000.0,46670348733.95,51855930000.0
2018-04-26,CSX,18.45,18.23,18.5,18.12,18.2,6057313,361430150.7799,18.35,0.69,875353440,875353000.0,47261212305.95,52512440000.0
2018-04-25,CSX,18.2,18.64,18.79,18.01,18.55,5202067,310126972.489,18.33,0.59,875353440,875353000.0,46630955465.69,51812140000.0
2018-04-24,CSX,18.55,18.5,18.66,18.43,18.46,5995567,361740748.266,18.55,0.68,875353440,875353000.0,47536941549.19,52818820000.0
2018-04-21,CSX,18.46,18.75,18.91,18.43,18.81,5486723,331591766.9821,18.58,0.63,875353440,875353000.0,47300593756.93,52556180000.0
2018-04-20,CSX,18.81,18.79,18.89,18.55,18.76,7502406,457528288.0044,18.75,0.86,875353440,875353000.0,48206591657.69,53562860000.0
2018-04-19,CSX,18.76,18.2,18.81,18.2,17.39,20293641,1223081426.9826,18.53,2.32,875353440,875353000.0,48064778097.87,53405290000.0
2018-04-18,CSX,17.39,17.37,17.57,17.25,17.34,6937004,392090613.8454,17.38,0.79,875353440,875353000.0,44566875993.26,49518710000.0
2018-04-17,CSX,17.34,17.27,17.42,17.2,17.09,8621844,486115135.7703,17.34,0.98,875353440,875353000.0,44440821946.63,49378670000.0
2018-04-14,CSX,17.09,17.32,17.41,17.03,17.25,4956379,276856377.1403,17.18,0.57,875353440,875353000.0,43794805593.19,48660890000.0
2018-04-13,CSX,17.25,17.03,17.36,16.98,16.91,7446547,418313553.1243,17.27,0.85,875353440,875353000.0,44204474154.38,49116070000.0
2018-04-12,CSX,16.91,16.9,17.02,16.8,16.99,4951840,272237788.0085,16.9,0.57,875353440,875353000.0,43337869521.87,48153150000.0
2018-04-11,CSX,16.99,17.01,17.15,16.91,16.73,5214508,288928587.9688,17.04,0.6,875353440,875353000.0,43534824045.87,48372000000.0
2018-04-10,CSX,16.73,16.8,17.05,16.71,16.71,4604539,252942052.5857,16.89,0.53,875353440,875353000.0,42873059996.5,47636720000.0
2018-04-07,CSX,16.71,16.93,17.02,16.46,17.1,5405293,294105808.2669,16.73,0.62,875353440,875353000.0,42817919032.33,47575450000.0
2018-04-06,CSX,17.1,17.15,17.23,16.91,17.06,4924692,272983084.2968,17.04,0.56,875353440,875353000.0,43802691652.33,48669650000.0
2018-04-05,CSX,17.06,16.86,17.14,16.73,17.14,6046184,333647212.5675,16.97,0.69,875353440,875353000.0,43700271360.76,48555820000.0
2018-04-04,CSX,17.14,16.94,17.23,16.88,16.83,6100027,338578308.1187,17.07,0.7,875353440,875353000.0,43905099338.81,48783440000.0
2018-04-03,CSX,16.83,17.06,17.22,16.58,17.13,5791160,316459113.8055,16.8,0.66,875353440,875353000.0,43125167301.95,47916850000.0
2018-03-30,CSX,17.13,16.76,17.34,16.7,16.7,4948719,275681238.7695,17.13,0.56,878521920,878522000.0,44048216081.57,48942450000.0
2018-03-29,CSX,16.7,16.87,16.91,16.51,16.82,7638133,415095865.5116,16.71,0.87,878521920,878522000.0,42941271346.34,47712500000.0
2018-03-28,CSX,16.82,17.21,17.39,16.72,17.11,5470281,303165133.781,17.04,0.62,878521920,878522000.0,43249631749.59,48055130000.0
2018-03-27,CSX,17.11,16.98,17.18,16.71,16.69,5647383,312040488.9872,16.99,0.64,878521920,878522000.0,44000765619.18,48889730000.0
2018-03-24,CSX,16.69,17.01,17.29,16.66,17.0,5257250,289913164.6645,16.96,0.6,878521920,878522000.0,42909650091.91,47677360000.0
2018-03-23,CSX,17.0,17.35,17.42,16.96,17.5,5113336,285467337.548,17.17,0.58,878521920,878522000.0,43716124517.1,48573440000.0
2018-03-22,CSX,17.5,17.5,17.76,17.38,17.52,3806813,217982680.5556,17.61,0.43,878521920,878522000.0,44989102779.18,49987870000.0
2018-03-21,CSX,17.52,17.53,17.67,17.46,17.43,3595023,205279073.9859,17.56,0.41,887236000,887236000.0,45491253025.02,50545820000.0
2018-03-20,CSX,17.43,17.4,17.52,17.19,17.5,4583317,258731938.8035,17.36,0.52,887236000,887236000.0,45267670351.54,50297400000.0
2018-03-17,CSX,17.5,17.46,17.68,17.39,17.45,8754203,498964192.5655,17.53,0.99,887236000,887236000.0,45451325009.49,50501460000.0
2018-03-16,CSX,17.45,17.48,17.55,17.3,17.47,5018746,284889116.69,17.45,0.57,887236000,887236000.0,45315578700.0,50350610000.0
2018-03-15,CSX,17.47,17.79,17.81,17.37,17.67,5209352,296476167.3641,17.5,0.59,887236000,887236000.0,45379461289.02,50421590000.0
2018-03-14,CSX,17.67,17.86,17.96,17.63,17.71,4928563,284584133.5333,17.75,0.56,887236000,887236000.0,45898489557.95,50998310000.0
2018-03-13,CSX,17.71,17.83,17.85,17.64,17.83,4071118,234912070.1612,17.74,0.46,887236000,887236000.0,45986326720.46,51095880000.0
2018-03-10,CSX,17.83,17.47,17.83,17.4,17.3,6168367,355738940.4303,17.73,0.7,887236000,887236000.0,46313719200.0,51459680000.0
2018-03-09,CSX,17.3,17.33,17.46,17.01,17.3,4660375,260907403.358,17.21,0.53,887236000,887236000.0,44916322500.0,49907020000.0
2018-03-08,CSX,17.3,17.2,17.44,17.12,17.26,5510801,310395849.7926,17.32,0.62,887236000,887236000.0,44916322500.0,49907020000.0
2018-03-07,CSX,17.26,17.37,17.57,17.15,17.34,7768047,437565573.7305,17.32,0.88,887236000,887236000.0,44828486136.0,49809410000.0
2018-03-06,CSX,17.34,16.86,17.36,16.54,16.92,9658594,536693365.2518,17.09,1.09,887236000,887236000.0,45020133104.56,50022360000.0
2018-03-03,CSX,16.92,16.72,17.02,16.47,16.76,11229008,612870206.0596,16.78,1.27,887236000,887236000.0,43950117704.93,48833450000.0
2018-03-02,CSX,16.76,16.59,17.14,16.34,16.52,13347696,729051102.1292,16.79,1.5,887236000,887236000.0,43534900040.56,48372080000.0
2018-03-01,CSX,16.52,16.92,17.04,16.49,16.88,9933527,537902553.2236,16.65,1.12,887236000,887236000.0,42896087725.02,47662280000.0
2018-02-28,CSX,16.88,17.22,17.45,16.87,17.21,7013395,391098437.4239,17.08,0.79,887236000,887236000.0,44014000293.95,48904440000.0
2018-02-27,CSX,17.21,17.22,17.36,17.04,17.1,6677500,375115206.6125,17.2,0.75,887236000,887236000.0,44884387593.59,49871500000.0
2018-02-24,CSX,17.1,16.98,17.11,16.71,16.84,4568055,252646358.9043,16.94,0.51,887236000,887236000.0,44588930020.46,49543250000.0
2018-02-23,CSX,16.84,16.93,17.05,16.7,16.83,5161031,284429543.3138,16.88,0.58,887236000,887236000.0,43910201667.07,48789090000.0
2018-02-22,CSX,16.83,16.72,17.26,16.68,16.72,5810727,322701675.7943,17.01,0.65,887236000,887236000.0,43886247093.59,48762470000.0
2018-02-21,CSX,16.72,17.07,17.14,16.64,17.18,6388391,350471621.2989,16.8,0.72,887236000,887236000.0,43590789520.46,48434180000.0
2018-02-17,CSX,17.18,17.04,17.28,16.95,17.02,7596285,425047134.2387,17.14,0.86,887236000,887236000.0,44796551229.59,49773930000.0
2018-02-16,CSX,17.02,17.06,17.12,16.76,16.89,5622883,311479631.8994,16.96,0.63,887236000,887236000.0,44365347346.98,49294820000.0
2018-02-15,CSX,16.89,16.31,16.91,16.27,16.4,9448660,516580862.292,16.74,1.06,887236000,887236000.0,44037954068.93,48931020000.0
2018-02-14,CSX,16.4,16.14,16.45,15.99,16.28,7490844,398935339.4565,16.31,0.84,887236000,887236000.0,42768322546.98,47520320000.0
2018-02-13,CSX,16.28,15.79,16.41,15.72,15.58,11144719,587110528.3303,16.13,1.26,887236000,887236000.0,42448922378.05,47165440000.0
2018-02-10,CSX,15.58,15.57,15.73,14.83,15.46,12278165,612924854.9307,15.29,1.38,887236000,887236000.0,40636296036.0,45151430000.0
2018-02-09,CSX,15.46,16.2,16.28,15.45,16.22,7798145,401170867.2436,15.75,0.88,887236000,887236000.0,40300922425.02,44778780000.0
2018-02-08,CSX,16.22,16.35,16.65,16.21,16.48,6496219,347857579.6501,16.4,0.73,887236000,887236000.0,42297203425.02,46996890000.0
2018-02-07,CSX,16.48,15.7,16.54,15.35,15.92,10563696,557052180.3681,16.15,1.19,887236000,887236000.0,42975943756.1,47751040000.0
2018-02-06,CSX,15.92,16.81,16.86,15.91,16.92,9070246,484670372.7782,16.36,1.02,887236000,887236000.0,41514664467.07,46127390000.0
2018-02-03,CSX,16.92,17.21,17.26,16.9,17.33,9275832,516544221.2705,17.05,1.05,887236000,887236000.0,44117810100.0,49019780000.0
2018-02-02,CSX,17.33,17.18,17.49,17.16,17.39,4079061,230875688.8075,17.33,0.46,887236000,887236000.0,45179833189.02,50199800000.0
2018-02-01,CSX,17.39,17.51,17.68,17.27,17.41,6199613,352111366.2637,17.39,0.7,887236000,887236000.0,45331552940.56,50368390000.0
2018-01-31,CSX,17.41,17.52,17.69,17.3,17.53,6402020,365622595.2201,17.49,0.72,893723040,893723000.0,45735383653.31,50817060000.0
2018-01-30,CSX,17.53,17.63,17.77,17.47,17.73,4166492,238912042.7206,17.56,0.47,893723040,893723000.0,46032989403.88,51147730000.0
2018-01-27,CSX,17.73,17.26,17.77,17.2,17.19,6081852,348988205.0332,17.57,0.68,893723040,893723000.0,46579954339.16,51755500000.0
2018-01-26,CSX,17.19,17.24,17.37,17.11,17.42,9482277,532851852.8056,17.21,1.06,893723040,893723000.0,45156250319.04,50173580000.0
2018-01-25,CSX,17.42,17.55,17.55,17.19,17.49,6556961,372358668.3563,17.39,0.73,893723040,893723000.0,45743423138.92,50825990000.0
2018-01-24,CSX,17.49,17.59,17.64,17.26,17.68,9878035,562978819.1209,17.45,1.11,893723040,893723000.0,45928432656.06,51031570000.0
2018-01-23,CSX,17.68,17.65,17.7,17.44,17.61,6000160,344627601.8243,17.59,0.67,893723040,893723000.0,46435164771.88,51594610000.0
2018-01-20,CSX,17.61,17.79,17.81,17.53,17.78,7541324,433689537.4522,17.61,0.84,893723040,893723000.0,46242128638.74,51380140000.0
2018-01-19,CSX,17.78,17.67,17.84,17.64,17.67,6911328,400846691.5646,17.76,0.77,893723040,893723000.0,46692563442.2,51880590000.0
2018-01-18,CSX,17.67,17.5,17.83,17.33,17.8,11145625,642077187.2912,17.64,1.25,893723040,893723000.0,46402996372.89,51558850000.0
2018-01-17,CSX,17.8,18.34,18.39,17.75,18.15,10054868,588369650.4012,17.92,1.13,893723040,893723000.0,46756912305.43,51952110000.0
2018-01-13,CSX,18.15,17.96,18.18,17.96,17.97,4744242,280658444.9634,18.12,0.53,893723040,893723000.0,47657781108.0,52953090000.0
2018-01-12,CSX,17.97,17.95,18.06,17.9,17.91,5460738,320273419.5335,17.96,0.61,893723040,893723000.0,47207347108.89,52452600000.0
2018-01-11,CSX,17.91,18.11,18.15,17.84,18.15,6474313,380191134.0935,17.98,0.72,893723040,893723000.0,47038427823.88,52264920000.0
2018-01-10,CSX,18.15,18.0,18.3,17.95,17.99,5862422,347487425.3141,18.15,0.66,893723040,893723000.0,47665820593.61,52962020000.0
2018-01-09,CSX,17.99,17.56,18.06,17.56,17.68,6224727,363900055.2097,17.9,0.7,893723040,893723000.0,47247567058.74,52497280000.0
2018-01-06,CSX,17.68,17.63,17.75,17.43,17.39,6308766,362783021.1622,17.61,0.71,893723040,893723000.0,46427126090.62,51585680000.0
2018-01-05,CSX,17.39,17.56,17.75,17.35,17.47,5840250,334100249.9445,17.52,0.65,893723040,893723000.0,45671033985.73,50745590000.0
2018-01-04,CSX,17.47,17.2,17.53,17.17,17.25,7735785,440021522.7921,17.42,0.87,893723040,893723000.0,45888212706.2,50986880000.0
2018-01-03,CSX,17.25,17.04,17.34,16.85,16.85,5881336,329625392.744,17.16,0.66,893723040,893723000.0,45317118053.19,50352330000.0
2017-12-30,CSX,16.85,16.84,16.96,16.83,16.84,3135655,172774897.7942,16.87,0.35,893723040,893723000.0,44247329965.61,49163670000.0
2017-12-29,CSX,16.84,16.95,16.98,16.68,16.89,4310824,236720718.016,16.82,0.48,893723040,893723000.0,44239290480.0,49154740000.0
2017-12-28,CSX,16.89,16.87,16.97,16.77,16.8,6914078,380839142.5163,16.87,0.77,893723040,893723000.0,44351899583.04,49279880000.0
2017-12-27,CSX,16.8,16.87,16.96,16.77,16.84,4403270,241971165.8249,16.83,0.49,893723040,893723000.0,44134721666.92,49038540000.0
2017-12-23,CSX,16.84,16.8,16.93,16.72,16.81,5647176,310026054.5542,16.81,0.63,893723040,893723000.0,44239290480.0,49154740000.0
2017-12-22,CSX,16.81,17.1,17.17,16.79,16.97,9212344,508033171.4174,16.89,1.03,893723040,893723000.0,44142772413.43,49047510000.0
2017-12-21,CSX,16.97,16.95,17.12,16.84,16.8,10416184,578321045.4243,17.0,1.17,893723040,893723000.0,44569077499.16,49521170000.0
2017-12-20,CSX,16.8,16.52,16.83,16.35,16.41,9924789,539222748.4545,16.64,1.11,893723040,893723000.0,44118643500.06,49020680000.0
2017-12-19,CSX,16.41,15.83,16.45,15.77,16.21,28695508,1517840287.0076,16.2,3.21,893723040,893723000.0,43105153529.19,47894610000.0
2017-12-16,CSX,16.21,15.94,16.41,15.81,17.55,49877067,2637085572.6892,16.19,5.58,893723040,893723000.0,42574278826.02,47304740000.0
2017-12-15,CSX,17.55,17.69,17.86,17.51,17.67,7152645,411949400.3668,17.64,0.8,893723040,893723000.0,46097339071.46,51219250000.0
2017-12-14,CSX,17.67,17.54,17.87,17.48,17.45,6821418,394266329.8823,17.7,0.76,893723040,893723000.0,46402996372.89,51558850000.0
2017-12-13,CSX,17.45,17.48,17.58,17.28,17.45,5625371,320041430.8682,17.42,0.63,893723040,893723000.0,45831901719.88,50924300000.0
2017-12-12,CSX,17.45,17.27,17.45,17.2,17.29,6465453,366294414.3418,17.35,0.72,893723040,893723000.0,45823863038.62,50915370000.0
2017-12-09,CSX,17.29,17.26,17.38,17.21,17.2,3918345,221100821.6394,17.28,0.44,893723040,893723000.0,45413648185.02,50459610000.0
2017-12-08,CSX,17.2,16.99,17.28,16.96,17.04,4991012,280193891.4213,17.19,0.56,893723040,893723000.0,45172340551.16,50191480000.0
2017-12-07,CSX,17.04,17.1,17.26,17.02,17.09,5744633,321030198.2555,17.11,0.64,893723040,893723000.0,44746035465.43,49717780000.0
2017-12-06,CSX,17.09,17.54,17.58,17.05,17.45,8104137,455469542.4001,17.21,0.91,893723040,893723000.0,44874722735.34,49860770000.0
2017-12-05,CSX,17.45,17.29,17.84,17.28,17.19,11689403,673002181.5011,17.63,1.31,893723040,893723000.0,45839953270.74,50933270000.0
2017-12-02,CSX,17.19,16.91,17.25,16.78,17.07,10325547,576613651.3398,17.1,1.16,893723040,893723000.0,45156250319.04,50173580000.0
2017-12-01,CSX,17.07,16.66,17.2,16.58,16.67,14537934,807013727.7909,17.0,1.63,893723040,893723000.0,44344302937.2,49825050000.0
2017-11-30,CSX,16.67,15.9,16.76,15.78,15.9,11155715,598461662.2544,16.43,1.25,893723040,893723000.0,43302313631.1,48654250000.0
2017-11-29,CSX,15.9,15.46,15.92,15.39,15.45,6799078,349837032.9817,15.7,0.76,893723040,893723000.0,41464910024.0,46589750000.0
2017-11-28,CSX,15.45,15.53,15.59,15.32,15.53,4525305,229086800.294,15.44,0.51,893723040,893723000.0,40295651375.35,45276000000.0
2017-11-25,CSX,15.53,15.52,15.66,15.46,15.56,2446254,124603599.7472,15.54,0.27,893723040,893723000.0,40486542662.56,45490460000.0
2017-11-23,CSX,15.56,15.38,15.62,15.29,15.32,4665742,237420956.7435,15.52,0.52,893723040,893723000.0,40574038943.59,45588770000.0
2017-11-22,CSX,15.32,15.18,15.33,15.12,15.17,3796171,190099336.6986,15.28,0.42,893723040,893723000.0,39945667842.06,44882740000.0
2017-11-21,CSX,15.17,15.18,15.23,15.04,15.23,4843469,240454483.478,15.15,0.54,893723040,893723000.0,39540010931.27,44426980000.0
2017-11-18,CSX,15.23,15.24,15.27,15.1,15.29,6174313,308054374.9034,15.22,0.69,893723040,893723000.0,39707041404.14,44614610000.0
2017-11-17,CSX,15.29,14.86,15.3,14.75,14.84,7205594,356962222.9056,15.11,0.81,893723040,893723000.0,39866121719.02,44793360000.0
2017-11-16,CSX,14.84,15.03,15.05,14.72,15.07,5287137,257128831.443,14.84,0.59,893723040,893723000.0,38680962754.4,43461750000.0
2017-11-15,CSX,15.07,15.09,15.14,14.95,15.18,4419738,218416835.6122,15.08,0.49,893723040,893723000.0,39293422404.16,44149880000.0
2017-11-14,CSX,15.18,15.06,15.24,14.88,15.28,4913590,244572487.8274,15.18,0.55,893723040,893723000.0,39571821903.6,44462690000.0
2017-11-11,CSX,15.28,15.24,15.37,15.18,15.32,3462415,173515832.326,15.29,0.39,893723040,893723000.0,39834309951.28,44757640000.0
2017-11-10,CSX,15.32,15.62,15.63,15.31,15.71,5455512,275505025.3867,15.41,0.61,893723040,893723000.0,39953617204.63,44891670000.0
2017-11-09,CSX,15.71,15.6,15.82,15.56,15.81,3896621,200268757.3292,15.68,0.44,893723040,893723000.0,40955846175.83,46017780000.0
2017-11-08,CSX,15.81,15.6,15.99,15.53,15.6,5507406,286425283.0194,15.87,0.62,893723040,893723000.0,41218334223.5,46312690000.0
2017-11-07,CSX,15.6,15.57,15.63,15.43,15.65,4578317,233466225.5313,15.56,0.51,893723040,893723000.0,40685396038.96,45713900000.0
2017-11-04,CSX,15.65,15.75,15.78,15.61,15.75,4002162,205783958.1441,15.69,0.45,893723040,893723000.0,40812665381.51,45856890000.0
2017-11-03,CSX,15.75,15.32,15.75,15.28,15.3,6117106,311543609.1036,15.54,0.68,893723040,893723000.0,41059241977.42,46133940000.0
2017-11-02,CSX,15.3,15.48,15.55,15.18,15.38,6119848,307089076.7616,15.31,0.68,893723040,893723000.0,39889982533.36,44820190000.0
2017-11-01,CSX,15.38,15.74,15.74,15.37,15.74,7431184,377982002.0559,15.52,0.83,893723040,893723000.0,40112697519.51,45070410000.0
2017-10-31,CSX,15.74,15.99,16.03,15.65,16.03,6320402,327190753.2132,15.79,0.71,893723040,893723000.0,41043342456.85,46116080000.0
2017-10-28,CSX,16.03,15.9,16.23,15.86,15.97,6438649,339128156.3229,16.07,0.72,893723040,893723000.0,41791020811.74,46956170000.0
2017-10-27,CSX,15.97,16.0,16.15,15.46,16.14,13005129,678503564.1777,15.92,1.46,893723040,893723000.0,41639902586.05,46786390000.0
2017-10-26,CSX,16.14,16.62,16.78,16.08,16.57,7776926,413623625.1206,16.23,0.87,893723040,893723000.0,42093281920.94,47295810000.0
2017-10-25,CSX,16.57,16.52,16.77,16.52,16.51,4027974,219551997.391,16.63,0.45,893723040,893723000.0,43214817350.08,48555950000.0
2017-10-24,CSX,16.51,16.64,16.71,16.51,16.63,4514797,245376490.0126,16.58,0.51,893723040,893723000.0,43047775741.42,48368270000.0
2017-10-21,CSX,16.63,16.61,16.76,16.51,16.49,6114426,334150922.9007,16.67,0.68,893723040,893723000.0,43365948302.38,48725770000.0
2017-10-20,CSX,16.49,16.22,16.51,16.17,16.38,5174086,277959645.5267,16.39,0.58,893723040,893723000.0,43000052521.91,48314650000.0
2017-10-19,CSX,16.38,16.56,16.77,16.35,16.54,7465957,404560753.5461,16.53,0.84,893723040,893723000.0,42697791412.71,47975010000.0
2017-10-18,CSX,16.54,15.94,16.56,15.89,16.12,9782344,524307284.7653,16.35,1.09,893723040,893723000.0,43135271227.03,48466570000.0
2017-10-17,CSX,16.12,16.11,16.26,16.05,16.12,6598371,348835406.6232,16.13,0.74,893723040,893723000.0,42029647249.66,47224300000.0
2017-10-14,CSX,16.12,16.39,16.46,16.09,16.35,3946709,209470005.4381,16.19,0.44,893723040,893723000.0,42021697091.68,47215370000.0
2017-10-13,CSX,16.35,16.23,16.43,16.2,16.19,5134344,275083277.3254,16.34,0.57,893723040,893723000.0,42618257220.88,47885680000.0
2017-10-12,CSX,16.19,15.91,16.2,15.87,15.98,4600242,243495409.302,16.15,0.51,893723040,893723000.0,42220550468.08,47438800000.0
2017-10-11,CSX,15.98,16.13,16.15,15.97,16.11,3013128,158209727.3492,16.02,0.34,893723040,893723000.0,41671713558.38,46822110000.0
2017-10-10,CSX,16.11,16.0,16.14,15.97,15.97,3060584,161340543.3345,16.08,0.34,893723040,893723000.0,42005785639.91,47197470000.0
2017-10-07,CSX,15.97,15.94,15.98,15.8,15.97,4447965,231912482.7187,15.91,0.5,893723040,893723000.0,41639902586.05,46786390000.0
2017-10-06,CSX,15.97,15.84,15.98,15.71,15.81,5032899,262024307.6735,15.88,0.56,893723040,893723000.0,41639902586.05,46786390000.0
2017-10-05,CSX,15.81,15.86,15.93,15.75,15.9,4825422,250190873.2653,15.82,0.54,893723040,893723000.0,41218334223.5,46312690000.0
2017-10-04,CSX,15.9,16.07,16.18,15.85,16.1,6921949,360839865.4338,15.9,0.77,893723040,893723000.0,41456948730.22,46580820000.0
2017-10-03,CSX,16.1,16.11,16.31,15.98,16.55,8076945,425740633.2709,16.08,0.9,893723040,893723000.0,41981924030.15,47170680000.0
2017-09-30,CSX,16.55,16.37,16.56,16.23,16.38,4581461,247172116.262,16.46,0.5,913312960,913313000.0,44105157412.3,49556310000.0
2017-09-29,CSX,16.38,16.37,16.5,16.35,16.42,4549719,244558297.3767,16.4,0.5,913312960,913313000.0,43641840250.48,49035750000.0
2017-09-28,CSX,16.42,16.41,16.54,16.37,16.35,5078938,274063562.7093,16.46,0.56,913312960,913313000.0,43755638232.45,49163630000.0
2017-09-27,CSX,16.35,16.27,16.4,16.2,16.27,5054168,270509199.9127,16.33,0.55,913312960,913313000.0,43552426098.85,48935280000.0
2017-09-26,CSX,16.27,16.18,16.28,16.07,16.2,4161203,221129627.254,16.21,0.46,913312960,913313000.0,43349213965.25,48706970000.0
2017-09-23,CSX,16.2,16.03,16.24,15.97,16.12,3796058,200560928.372,16.12,0.42,913312960,913313000.0,43162262866.58,48496880000.0
2017-09-22,CSX,16.12,16.1,16.17,15.98,16.11,3707473,195763865.3273,16.11,0.41,913312960,913313000.0,42959050732.98,48268570000.0
2017-09-21,CSX,16.11,15.81,16.12,15.75,15.8,4503543,236614334.2922,16.03,0.49,913312960,913313000.0,42926529475.97,48232040000.0
2017-09-20,CSX,15.8,15.85,15.92,15.61,15.82,6379758,329681025.1433,15.76,0.7,913312960,913313000.0,42089296298.38,47291310000.0
2017-09-19,CSX,15.82,16.0,16.07,15.81,16.01,5646418,294356849.7801,15.9,0.62,913312960,913313000.0,42146202198.58,47355250000.0
2017-09-16,CSX,16.01,15.83,16.02,15.82,15.89,9369129,490024203.6963,15.96,1.03,913312960,913313000.0,42658287833.92,47930650000.0
2017-09-15,CSX,15.89,15.81,16.02,15.77,15.89,5714770,298267030.2744,15.92,0.63,913312960,913313000.0,42333153297.25,47565330000.0
2017-09-14,CSX,15.89,15.86,15.89,15.71,15.84,3919166,203447034.5545,15.84,0.43,913312960,913313000.0,42325029689.0,47556200000.0
2017-09-13,CSX,15.84,15.88,15.99,15.78,15.89,4385152,227929211.7691,15.86,0.48,913312960,913313000.0,42203095093.2,47419180000.0
2017-09-12,CSX,15.89,15.7,15.9,15.69,15.6,5691020,294825595.9631,15.8,0.62,913312960,913313000.0,42325029689.0,47556200000.0
2017-09-09,CSX,15.6,15.69,15.73,15.49,15.7,5629059,288037220.9089,15.61,0.62,913312960,913313000.0,41569074049.22,46706810000.0
2017-09-08,CSX,15.7,15.33,15.74,15.28,15.32,8642887,442349888.2554,15.61,0.95,913312960,913313000.0,41837315691.27,47008190000.0
2017-09-07,CSX,15.32,14.99,15.66,14.97,14.95,9366285,473427295.6152,15.42,1.03,913312960,913313000.0,40813130602.16,45857420000.0
2017-09-06,CSX,14.95,15.15,15.16,14.85,15.19,7853274,384896827.7205,14.95,0.86,913312960,913313000.0,39821454577.35,44743190000.0
2017-09-02,CSX,15.19,15.37,15.43,15.18,15.31,4534629,227006701.9803,15.27,0.5,913312960,913313000.0,40463599229.58,45464700000.0
2017-09-01,CSX,15.31,15.37,15.52,15.19,15.38,5919649,297367612.3481,15.33,0.65,913312960,913313000.0,41721960145.38,45848290000.0
2017-08-31,CSX,15.38,15.16,15.45,15.1,15.19,6197488,311850171.5694,15.35,0.68,913312960,913313000.0,41896500069.84,46040100000.0
2017-08-30,CSX,15.19,14.95,15.23,14.92,15.04,5912984,293751682.0435,15.16,0.65,913312960,913313000.0,41372893594.29,45464700000.0
2017-08-29,CSX,15.04,14.89,15.06,14.86,14.84,5519168,272458728.6862,15.0,0.6,913312960,913313000.0,41140182283.2,45208980000.0
2017-08-26,CSX,14.84,14.71,14.92,14.71,14.7,4292797,209605236.2144,14.84,0.47,913312960,913313000.0,40599963485.16,44615310000.0
2017-08-25,CSX,14.7,14.92,14.95,14.62,14.85,5472867,265121559.74,14.72,0.6,913312960,913313000.0,40209337869.94,44186050000.0
2017-08-24,CSX,14.85,15.06,15.11,14.74,15.17,5171402,252990658.868,14.86,0.57,913312960,913313000.0,40616576638.77,44633580000.0
2017-08-23,CSX,15.17,14.91,15.19,14.88,14.8,5843496,289644577.919,15.06,0.64,913312960,913313000.0,41489249665.4,45592570000.0
2017-08-22,CSX,14.8,14.8,14.83,14.62,14.82,5743488,278919278.9541,14.76,0.63,913312960,913313000.0,40475287954.98,44478300000.0
2017-08-19,CSX,14.82,14.79,14.98,14.63,14.85,6910758,337385264.9659,14.83,0.76,913312960,913313000.0,40541778800.69,44551370000.0
2017-08-18,CSX,14.85,15.23,15.3,14.85,15.31,7630594,376350037.5316,14.99,0.84,913312960,913313000.0,40624895266.74,44642710000.0
2017-08-17,CSX,15.31,15.61,15.61,15.29,15.54,5793953,293744117.8054,15.4,0.63,913312960,913313000.0,41871567457.14,46012700000.0
2017-08-16,CSX,15.54,15.46,15.54,15.38,15.42,5510285,280643234.2986,15.47,0.6,913312960,913313000.0,42494903552.34,46697680000.0
2017-08-15,CSX,15.42,15.39,15.48,15.34,15.27,6039871,306283102.6234,15.41,0.66,913312960,913313000.0,42179075775.2,46350620000.0
2017-08-12,CSX,15.27,15.22,15.41,15.22,15.14,4785820,241166596.3587,15.31,0.52,913312960,913313000.0,41780144829.85,45912230000.0
2017-08-11,CSX,15.14,15.33,15.42,15.1,15.4,7081762,354344417.2938,15.2,0.78,913312960,913313000.0,41422758819.68,45519500000.0
2017-08-10,CSX,15.4,15.2,15.41,15.14,15.23,6759969,341099213.9805,15.33,0.74,913312960,913313000.0,42137517542.18,46304950000.0
2017-08-09,CSX,15.23,15.02,15.26,14.96,15.08,7443223,371649837.796,15.17,0.81,913312960,913313000.0,41672095751.1,45793480000.0
2017-08-08,CSX,15.08,14.83,15.11,14.72,14.81,6396442,315758446.7938,15.0,0.7,913312960,913313000.0,41239912733.97,45318550000.0
2017-08-05,CSX,14.81,15.03,15.03,14.78,14.97,6483547,316839932.8272,14.85,0.71,913312960,913313000.0,40508540026.75,44514880000.0
2017-08-04,CSX,14.97,14.58,14.98,14.58,14.63,8560652,418192087.7227,14.84,0.94,913312960,913313000.0,40949030036.25,44998900000.0
2017-08-03,CSX,14.63,14.69,14.78,14.58,14.77,8841223,426214106.5299,14.65,0.97,913312960,913313000.0,40009866163.9,43966870000.0
2017-08-02,CSX,14.77,14.98,15.01,14.71,14.99,12204543,595014126.1278,14.81,1.34,913312960,913313000.0,40392184786.76,44387000000.0
2017-08-01,CSX,14.99,15.18,15.22,14.97,15.19,6718984,332648868.6541,15.04,0.74,913312960,913313000.0,41007201422.88,45062840000.0
2017-07-29,CSX,15.19,15.0,15.26,14.85,15.19,9918395,494909085.3863,15.16,1.09,913312960,913313000.0,41547433518.75,45656510000.0
2017-07-28,CSX,15.19,15.83,15.83,14.98,15.82,15549883,782726732.2791,15.29,1.7,913312960,913313000.0,41555739680.0,45665610000.0
2017-07-27,CSX,15.82,15.63,15.92,15.45,15.67,9478641,491814425.6747,15.77,1.04,913312960,913313000.0,43267834492.59,47547060000.0
2017-07-26,CSX,15.67,15.49,15.73,15.47,15.44,8340547,430228726.0889,15.67,0.91,913312960,913313000.0,42852277095.79,47090400000.0
2017-07-25,CSX,15.44,15.66,15.79,15.36,15.7,13998192,717723685.141,15.58,1.53,913312960,913313000.0,42237260459.67,46414560000.0
2017-07-22,CSX,15.7,15.41,15.75,15.35,15.46,12033231,617192793.1188,15.58,1.32,913312960,913313000.0,42952006715.44,47199970000.0
2017-07-21,CSX,15.46,15.76,15.84,15.29,15.76,22332430,1134476277.785,15.43,2.45,913312960,913313000.0,42278806225.97,46460190000.0
2017-07-20,CSX,15.76,16.12,16.15,15.4,16.6,29960590,1547581349.7616,15.69,3.28,913312960,913313000.0,43109921019.57,47373520000.0
2017-07-19,CSX,16.6,16.56,16.66,16.46,16.6,7593711,414085053.2363,16.57,0.83,913312960,913313000.0,45412112322.3,49903410000.0
2017-07-18,CSX,16.6,16.71,16.71,16.52,16.74,3910457,213851568.6465,16.62,0.43,913312960,913313000.0,45395486701.97,49885140000.0
2017-07-15,CSX,16.74,16.71,16.77,16.67,16.66,3930760,216340370.9357,16.72,0.43,913312960,913313000.0,45777804493.72,50305270000.0
2017-07-14,CSX,16.66,16.75,16.86,16.65,16.77,2749168,151133850.3025,16.7,0.3,913312960,913313000.0,45570025795.32,50076910000.0
2017-07-13,CSX,16.77,16.63,16.84,16.58,16.45,4355539,240374766.8605,16.77,0.48,913312960,913313000.0,45869227952.13,50405700000.0
2017-07-12,CSX,16.45,16.66,16.67,16.38,16.68,4556172,247445277.596,16.5,0.5,913312960,913313000.0,44996554925.5,49446750000.0
2017-07-11,CSX,16.68,16.6,16.78,16.53,16.67,4962910,272049877.1206,16.66,0.54,913312960,913313000.0,45619891020.7,50131720000.0
2017-07-08,CSX,16.67,16.63,16.8,16.52,16.59,4172496,228820114.5796,16.66,0.46,913312960,913313000.0,45586652246.76,50095180000.0
2017-07-07,CSX,16.59,16.6,16.73,16.54,16.74,4794758,262480372.1718,16.63,0.52,913312960,913313000.0,45370554089.28,49857740000.0
2017-07-06,CSX,16.74,16.56,16.81,16.56,16.56,4603567,253486651.6634,16.73,0.5,913312960,913313000.0,45786111486.08,50314400000.0
2017-07-04,CSX,16.56,16.64,16.71,16.53,16.58,3479907,190022750.7101,16.59,0.38,913312960,913313000.0,45287450089.95,49766400000.0
2017-07-01,CSX,16.58,16.64,16.67,16.4,16.35,5874465,320299881.8597,16.57,0.64,913312960,913313000.0,45345621476.59,49830340000.0
2017-06-30,CSX,16.35,16.58,16.63,16.26,16.58,6543149,352419900.5172,16.37,0.71,922621280,922621000.0,45186491050.22,49655480000.0
2017-06-29,CSX,16.58,16.32,16.61,16.23,16.2,5801031,314657783.1927,16.48,0.63,922621280,922621000.0,45824570889.95,50356630000.0
2017-06-28,CSX,16.2,16.14,16.29,16.09,16.14,8908649,475563309.3737,16.22,0.97,922621280,922621000.0,44766698367.82,49194140000.0
2017-06-27,CSX,16.14,16.13,16.33,16.04,16.0,4766121,253178292.0974,16.14,0.52,922621280,922621000.0,44598771219.83,49009620000.0
2017-06-24,CSX,16.0,15.96,16.12,15.89,15.98,22625547,1192006535.4516,16.01,2.45,922621280,922621000.0,44204164419.21,48575980000.0
2017-06-23,CSX,15.98,15.84,16.02,15.78,15.86,4233422,222156016.2674,15.94,0.46,922621280,922621000.0,44162196065.58,48529860000.0
2017-06-22,CSX,15.86,15.88,15.91,15.73,15.84,4335879,226107001.8476,15.84,0.47,922621280,922621000.0,43817962707.67,48151590000.0
2017-06-21,CSX,15.84,16.12,16.12,15.81,16.18,7118492,372443793.8907,15.9,0.77,922621280,922621000.0,43767589264.95,48096210000.0
2017-06-20,CSX,16.18,16.1,16.31,16.02,16.02,11266649,599286501.4223,16.16,1.22,922621280,922621000.0,44716312331.32,49138770000.0
2017-06-17,CSX,16.02,16.12,16.15,15.95,16.19,10921247,576492231.4373,16.04,1.18,922621280,922621000.0,44279737177.06,48659040000.0
2017-06-16,CSX,16.19,15.97,16.22,15.96,16.16,6220781,330429255.4809,16.14,0.67,922621280,922621000.0,44741499052.68,49166460000.0
2017-06-15,CSX,16.16,16.43,16.44,16.08,16.37,5928332,316348825.9937,16.21,0.64,922621280,922621000.0,44649143822.97,49064960000.0
2017-06-14,CSX,16.37,16.21,16.39,16.18,16.26,4441004,238515244.535,16.32,0.48,922621280,922621000.0,45228460243.43,49701600000.0
2017-06-13,CSX,16.26,16.13,16.27,15.95,16.12,7076457,375741446.6824,16.13,0.77,922621280,922621000.0,44934612922.02,49378670000.0
2017-06-10,CSX,16.12,16.35,16.39,15.91,16.33,8599774,456475109.5435,16.13,0.93,922621280,922621000.0,44540006960.98,48945030000.0
2017-06-09,CSX,16.33,16.37,16.4,16.26,16.34,5310934,285329398.0566,16.32,0.58,922621280,922621000.0,45136105013.72,49600100000.0
2017-06-08,CSX,16.34,16.36,16.4,16.19,16.39,7877652,422338238.7991,16.29,0.85,922621280,922621000.0,45144509263.22,49609320000.0
2017-06-07,CSX,16.39,16.44,16.54,16.38,16.42,6060285,328292935.0331,16.46,0.66,922621280,922621000.0,45295627912.2,49775410000.0
2017-06-06,CSX,16.42,16.59,16.71,16.33,16.57,7890703,428208740.8339,16.49,0.86,922621280,922621000.0,45362796420.56,49849220000.0
2017-06-03,CSX,16.57,16.65,16.73,16.52,16.59,5367094,293628345.646,16.62,0.58,922621280,922621000.0,45790980758.68,50319730000.0
2017-06-02,CSX,16.59,16.47,16.63,16.38,16.46,7915664,429767559.8295,16.5,0.86,922621280,922621000.0,45832962545.68,50365890000.0
2017-06-01,CSX,16.46,16.51,16.54,16.33,16.47,10188516,550963411.823,16.43,1.1,922621280,922621000.0,46979690186.08,49978370000.0
2017-05-31,CSX,16.47,16.4,16.53,16.35,16.4,7624137,413168757.1314,16.47,0.83,922621280,922621000.0,47023055988.03,50024490000.0
2017-05-27,CSX,16.4,16.29,16.48,16.25,16.28,10793500,582956881.0325,16.41,1.17,922621280,922621000.0,46797571683.52,49784630000.0
2017-05-26,CSX,16.28,15.65,16.36,15.65,15.84,7101734,378647391.4132,16.14,0.77,922621280,922621000.0,46650125528.54,49627790000.0
2017-05-25,CSX,15.84,15.7,15.89,15.7,15.68,6620609,346245953.4656,15.83,0.72,922621280,922621000.0,45383927021.98,48280740000.0
2017-05-24,CSX,15.68,15.57,15.78,15.46,15.58,8949715,463131641.763,15.66,0.97,922621280,922621000.0,44924278834.82,47791760000.0
2017-05-23,CSX,15.58,15.33,15.6,15.28,15.25,7261359,371075769.4438,15.47,0.79,922621280,922621000.0,44629411675.52,47478090000.0
2017-05-20,CSX,15.25,15.18,15.43,15.17,15.21,6714129,338958814.3724,15.28,0.73,922621280,922621000.0,43692764817.54,46481650000.0
2017-05-19,CSX,15.21,14.83,15.32,14.76,14.98,10579297,528345939.9669,15.12,1.15,922621280,922621000.0,43562667411.68,46343250000.0
2017-05-18,CSX,14.98,15.29,15.31,14.88,15.47,10342481,514590193.8674,15.06,1.12,922621280,922621000.0,42903551972.83,45642050000.0
2017-05-17,CSX,15.47,15.6,15.63,15.42,15.54,9479070,484905579.5617,15.49,1.03,922621280,922621000.0,44334532374.53,47164380000.0
2017-05-16,CSX,15.54,15.77,15.82,15.53,15.78,8694231,448930956.1063,15.63,0.94,922621280,922621000.0,44525331322.5,47367370000.0
2017-05-13,CSX,15.78,15.76,15.88,15.67,15.78,3837416,199769721.7447,15.76,0.42,922621280,922621000.0,45219145126.85,48105470000.0
2017-05-12,CSX,15.78,15.59,15.84,15.54,15.66,8876016,461386788.3687,15.74,0.96,922621280,922621000.0,45219145126.85,48105470000.0
2017-05-11,CSX,15.66,15.69,15.72,15.6,15.68,4499692,232511230.3087,15.64,0.49,922621280,922621000.0,44854895980.03,47717950000.0
2017-05-10,CSX,15.68,15.65,15.8,15.64,15.68,4351570,225791213.7094,15.71,0.47,922621280,922621000.0,44932946271.26,47800970000.0
2017-05-09,CSX,15.68,15.89,15.94,15.67,15.89,6674063,347496415.9799,15.76,0.72,922621280,922621000.0,44932946271.26,47800970000.0
2017-05-06,CSX,15.89,15.67,15.89,15.64,15.66,6749516,352266014.4108,15.8,0.73,922621280,922621000.0,45531360168.0,48437610000.0
2017-05-05,CSX,15.66,15.62,15.7,15.56,15.6,5960899,307591341.6703,15.62,0.65,922621280,922621000.0,44854895980.03,47717950000.0
2017-05-04,CSX,15.6,15.6,15.63,15.5,15.59,4606270,236845683.7309,15.56,0.5,922621280,922621000.0,44681445781.18,47533420000.0
2017-05-03,CSX,15.59,15.67,15.67,15.47,15.6,6668109,342542766.4308,15.55,0.72,922621280,922621000.0,44655428728.35,47505730000.0
2017-05-02,CSX,15.6,15.4,15.61,15.4,15.39,7773656,398295726.3306,15.51,0.84,922621280,922621000.0,44681445781.18,47533420000.0
2017-04-29,CSX,15.39,15.59,15.61,15.36,15.51,6610363,337090794.2687,15.44,0.72,922621280,922621000.0,44091699320.9,46906040000.0
2017-04-28,CSX,15.51,15.37,15.63,15.34,15.37,7861785,403220708.7441,15.53,0.85,922621280,922621000.0,44447280164.0,47284300000.0
2017-04-27,CSX,15.37,15.46,15.61,15.33,15.42,8186313,418127405.4995,15.46,0.89,922621280,922621000.0,44048333518.94,46859920000.0
2017-04-26,CSX,15.42,15.19,15.47,15.17,15.17,11098864,561747902.4195,15.32,1.2,922621280,922621000.0,44178430924.8,46998320000.0
2017-04-25,CSX,15.17,15.58,15.64,15.16,15.37,11196961,565068095.6121,15.28,1.21,922621280,922621000.0,43475948816.74,46251010000.0
2017-04-22,CSX,15.37,15.08,15.38,14.98,15.0,16235465,818064443.9811,15.25,1.76,922621280,922621000.0,44030997778.78,46841450000.0
2017-04-21,CSX,15.0,15.2,15.52,14.94,14.21,25360715,1269894791.8524,15.16,2.75,922621280,922621000.0,42981602264.06,45725080000.0
2017-04-20,CSX,14.21,14.22,14.32,14.13,14.12,6857090,322548578.8117,14.24,0.74,922621280,922621000.0,40700693599.33,43298570000.0
2017-04-19,CSX,14.12,14.21,14.33,14.08,14.3,5290520,247724387.7461,14.17,0.57,922621280,922621000.0,40440524805.54,43021800000.0
2017-04-18,CSX,14.3,14.12,14.31,14.04,14.05,3899674,183072902.3038,14.21,0.42,922621280,922621000.0,40960875402.08,43575380000.0
2017-04-14,CSX,14.05,14.04,14.22,13.94,14.05,4677149,218211956.2973,14.12,0.51,922687040,922687000.0,40261263585.67,42831130000.0
2017-04-13,CSX,14.05,14.38,14.38,14.02,14.29,5615059,262077241.3058,14.13,0.61,922687040,922687000.0,40243912732.69,42812670000.0
2017-04-12,CSX,14.29,14.37,14.4,14.07,14.43,6174348,289804785.5129,14.21,0.67,922687040,922687000.0,40946457920.18,43560060000.0
2017-04-11,CSX,14.43,14.41,14.51,14.37,14.36,5679891,271018839.0105,14.44,0.62,922687040,922687000.0,41354088911.89,43993700000.0
2017-04-08,CSX,14.36,14.4,14.51,14.29,14.44,5623965,266943714.5672,14.37,0.61,922687040,922687000.0,41137257457.49,43763020000.0
2017-04-07,CSX,14.44,14.32,14.51,14.29,14.27,4381297,208864309.9433,14.43,0.47,922687040,922687000.0,41380120828.98,44021390000.0
2017-04-06,CSX,14.27,14.38,14.58,14.2,14.32,5104813,242351032.9087,14.37,0.55,922687040,922687000.0,40885739041.66,43495460000.0
2017-04-05,CSX,14.32,14.11,14.32,14.08,14.11,3155914,148516681.6572,14.25,0.34,922687040,922687000.0,41015832710.35,43633820000.0
2017-04-04,CSX,14.11,14.12,14.24,14.04,14.09,6484598,302493495.081,14.12,0.7,922687040,922687000.0,40417389171.44,42997180000.0
2017-04-01,CSX,14.09,14.26,14.37,14.09,14.33,6293738,294332995.3642,14.16,0.68,922687040,922687000.0,40374020278.58,42951060000.0
2017-03-31,CSX,14.33,14.3,14.44,14.29,14.31,4761055,225608304.441,14.34,0.51,926447040,926447000.0,41226520088.6,43857960000.0
2017-03-30,CSX,14.31,14.28,14.32,14.19,14.33,3488979,164398600.5816,14.26,0.38,926447040,926447000.0,41174270217.27,43802380000.0
2017-03-29,CSX,14.33,13.99,14.4,13.99,13.99,8647254,408313847.8424,14.29,0.93,926447040,926447000.0,41226520088.6,43857960000.0
2017-03-28,CSX,13.99,13.89,14.08,13.78,14.02,5431922,250685405.6603,13.97,0.59,926447040,926447000.0,40242456751.32,42811120000.0
2017-03-25,CSX,14.02,14.0,14.17,13.94,13.96,5742567,266694028.3,14.06,0.62,926447040,926447000.0,40338252246.11,42913030000.0
2017-03-24,CSX,13.96,14.05,14.12,13.92,14.06,5970391,276433312.4257,14.02,0.64,926447040,926447000.0,40155365504.4,42718470000.0
2017-03-23,CSX,14.06,13.82,14.14,13.75,13.81,8984758,416359966.0658,14.03,0.97,926447040,926447000.0,40451454494.94,43033430000.0
2017-03-22,CSX,13.81,14.24,14.24,13.75,14.19,17325594,792886768.5822,13.85,1.87,926447040,926447000.0,39728639643.47,42264510000.0
2017-03-21,CSX,14.19,14.22,14.29,14.08,14.19,6905277,324259426.7583,14.21,0.75,926447040,926447000.0,40825931355.39,43431810000.0
2017-03-18,CSX,14.19,14.48,14.48,14.19,14.41,15533317,732184627.9055,14.27,1.68,926447040,926447000.0,40825931355.39,43431810000.0
2017-03-17,CSX,14.41,14.5,14.55,14.37,14.51,7606367,362928727.0092,14.44,0.82,926447040,926447000.0,41452952453.78,44098840000.0
2017-03-16,CSX,14.51,14.56,14.58,14.42,14.48,8727543,417910498.1286,14.5,0.94,926447040,926447000.0,41757744821.34,44423130000.0
2017-03-15,CSX,14.48,14.54,14.59,14.35,14.55,4845352,231687764.2173,14.47,0.52,926447040,926447000.0,41653245949.53,44311960000.0
2017-03-14,CSX,14.55,14.5,14.65,14.49,14.47,17191336,827577265.1192,14.57,1.86,926447040,926447000.0,41870961003.93,44543550000.0
2017-03-11,CSX,14.47,14.55,14.56,14.39,14.4,7224895,345295107.9225,14.47,0.78,926447040,926447000.0,41627121884.72,44284150000.0
2017-03-10,CSX,14.4,14.43,14.59,14.37,14.42,10637110,508075230.0695,14.46,1.15,926447040,926447000.0,41435530895.13,44080330000.0
2017-03-09,CSX,14.42,14.62,14.73,14.38,14.66,11796485,566386981.8055,14.53,1.27,926447040,926447000.0,41496484143.48,44145170000.0
2017-03-08,CSX,14.66,15.04,15.23,14.64,15.07,17913907,880771291.9922,14.88,1.93,926447040,926447000.0,42184471553.12,44877090000.0
2017-03-07,CSX,15.07,14.87,15.12,14.82,14.98,11810555,583754384.8969,14.96,1.27,926447040,926447000.0,43360125009.14,46127760000.0
2017-03-04,CSX,14.98,14.69,15.02,14.6,14.7,11631145,569843582.0262,14.83,1.26,926447040,926447000.0,43090160083.41,45840590000.0
2017-03-03,CSX,14.7,14.9,14.91,14.67,14.9,8222348,400531077.6159,14.75,0.89,926447040,926447000.0,42288970424.94,44988250000.0
2017-03-02,CSX,14.9,14.89,15.07,14.88,14.7,9461500,467275043.731,14.95,1.02,926447040,926447000.0,42855037404.12,45590450000.0
2017-03-01,CSX,14.7,14.96,15.01,14.64,14.75,8033008,391317541.8096,14.75,0.87,926447040,926447000.0,42288970424.94,44988250000.0
2017-02-28,CSX,14.75,14.61,14.77,14.53,14.68,8619027,418690784.0925,14.7,0.93,926447040,926447000.0,42419607295.32,45127230000.0
2017-02-25,CSX,14.68,14.42,14.68,14.4,14.45,8378555,403078096.1564,14.56,0.9,926447040,926447000.0,42219299865.81,44914110000.0
2017-02-24,CSX,14.45,14.65,14.69,14.34,14.59,8500727,406889814.0702,14.43,0.92,926447040,926447000.0,41722916508.66,44386050000.0
2017-02-23,CSX,14.59,14.71,14.71,14.48,14.75,8314723,402761016.4438,14.61,0.9,926447040,926447000.0,42140925929.66,44830760000.0
2017-02-22,CSX,14.75,14.64,14.78,14.61,14.64,8221535,401543008.6848,14.73,0.89,926447040,926447000.0,42593776726.26,45312490000.0
2017-02-18,CSX,14.64,14.33,14.67,14.32,14.38,11766426,568021814.7991,14.56,1.27,926447040,926447000.0,42271549737.14,44969700000.0
2017-02-17,CSX,14.38,14.33,14.39,13.94,14.28,17713954,835462591.5677,14.22,1.91,926447040,926447000.0,41531326389.92,44182240000.0
2017-02-16,CSX,14.28,14.17,14.43,14.1,14.48,12546926,595287661.9243,14.31,1.35,926447040,926447000.0,41226520088.6,43857960000.0
2017-02-15,CSX,14.48,14.36,14.54,14.36,14.45,6407422,307187182.0854,14.46,0.69,926447040,926447000.0,41801290444.8,44469450000.0
2017-02-14,CSX,14.45,14.51,14.61,14.4,14.41,6695754,321545467.1397,14.48,0.72,926447040,926447000.0,41722916508.66,44386050000.0
2017-02-11,CSX,14.41,14.63,14.76,14.3,14.4,15428520,740269754.7116,14.47,1.67,926447040,926447000.0,41600996949.05,44256380000.0
2017-02-10,CSX,14.4,14.51,14.52,14.33,14.46,6108289,292053783.362,14.42,0.66,926447040,926447000.0,41583575390.4,44237820000.0
2017-02-09,CSX,14.46,14.35,14.49,14.16,14.38,8601313,410826224.4803,14.4,0.93,926447040,926447000.0,41766462132.12,44432380000.0
2017-02-08,CSX,14.38,14.26,14.56,14.26,14.25,14773743,706857194.5752,14.43,1.59,926447040,926447000.0,41522609079.15,44172980000.0
2017-02-07,CSX,14.25,14.04,14.25,14.03,14.11,8877461,417454560.5453,14.18,0.96,926447040,926447000.0,41156849529.47,43783860000.0
2017-02-04,CSX,14.11,13.94,14.16,13.92,13.97,8474918,395421088.3848,14.07,0.91,926447040,926447000.0,40747544356.34,43348420000.0
2017-02-03,CSX,13.97,14.08,14.15,13.9,14.2,10377200,481839297.4912,14.0,1.12,926447040,926447000.0,40329534935.34,42903760000.0
2017-02-02,CSX,14.2,14.04,14.23,14.0,13.99,11808918,552088184.3613,14.1,1.27,926447040,926447000.0,41008805034.2,43626370000.0
2017-02-01,CSX,13.99,14.16,14.32,13.89,14.32,17976348,836286673.482,14.03,1.94,926447040,926447000.0,40399205494.46,42977850000.0
2017-01-31,CSX,14.32,14.42,14.5,14.09,14.49,15181305,719633389.1182,14.3,1.64,926447040,926447000.0,41357156958.99,43996940000.0
2017-01-28,CSX,14.49,14.73,14.76,14.38,14.66,12813125,615701394.9369,14.49,1.38,926447040,926447000.0,41853540316.14,44525040000.0
2017-01-27,CSX,14.66,14.41,14.82,14.34,14.41,18203047,882006744.1195,14.61,1.94,936661120,936661000.0,42790432769.31,45521710000.0
2017-01-26,CSX,14.41,14.25,14.43,14.14,14.08,18040043,857286331.496,14.33,1.93,936661120,936661000.0,42077247546.54,44763010000.0
2017-01-25,CSX,14.08,13.84,14.26,13.83,13.87,16824563,786484403.7352,14.1,1.8,936661120,936661000.0,41108747872.62,43732700000.0
2017-01-24,CSX,13.87,13.47,13.89,13.44,13.37,23485055,1065756586.8512,13.69,2.51,936661120,936661000.0,40492427497.04,43077020000.0
2017-01-21,CSX,13.37,13.42,13.48,12.93,13.72,45342352,1976686096.7073,13.15,4.84,936661120,936661000.0,39030857963.55,41522190000.0
2017-01-20,CSX,13.72,13.04,13.75,12.87,11.12,98506125,4334161340.2747,13.27,10.52,936661120,936661000.0,40069796314.62,42627440000.0
2017-01-19,CSX,11.12,11.02,11.28,10.92,11.49,20660657,763700628.6513,11.15,2.21,936661120,936661000.0,32471422781.57,34544070000.0
2017-01-18,CSX,11.49,11.69,11.7,11.42,11.7,18270997,696386334.0411,11.49,1.95,936661120,936661000.0,33536774095.77,35677410000.0
2017-01-14,CSX,11.7,11.52,11.71,11.49,11.57,13828079,532737847.4224,11.62,1.48,936661120,936661000.0,34161907890.49,36342450000.0
2017-01-13,CSX,11.57,11.48,11.58,11.4,11.47,8134469,310388536.1234,11.51,0.87,936661120,936661000.0,33792114960.77,35949050000.0
2017-01-12,CSX,11.47,11.25,11.49,11.25,11.28,9882617,374993866.2459,11.44,1.06,936661120,936661000.0,33492748381.74,35630580000.0
2017-01-11,CSX,11.28,11.13,11.33,11.09,11.16,8163500,305380999.8595,11.28,0.87,936661120,936661000.0,32946866683.31,35049860000.0
2017-01-10,CSX,11.16,11.33,11.35,11.15,11.32,7406906,275730260.4811,11.23,0.79,936661120,936661000.0,32568274421.84,34647100000.0
2017-01-07,CSX,11.32,11.07,11.38,10.84,11.16,12350243,460309636.6264,11.24,1.32,936661120,936661000.0,33034918111.36,35143530000.0
2017-01-06,CSX,11.16,10.98,11.27,10.98,11.05,11583172,429757677.6436,11.19,1.24,936661120,936661000.0,32568274421.84,34647100000.0
2017-01-05,CSX,11.05,10.87,11.07,10.84,10.82,7255930,264033105.3743,10.97,0.77,936661120,936661000.0,32251307418.37,34309900000.0
2017-01-04,CSX,10.82,10.9,11.05,10.73,10.84,6535008,234970114.0398,10.84,0.7,936661120,936661000.0,31599761540.99,33616760000.0
2016-12-31,CSX,10.84,10.96,10.98,10.79,10.93,5453781,196118504.6843,10.84,0.58,936661120,936661000.0,31634973835.87,33654220000.0
2016-12-30,CSX,10.93,11.04,11.05,10.9,11.01,3472928,126112448.3557,10.95,0.37,936661120,936661000.0,31899114913.1,33935230000.0
2016-12-29,CSX,11.01,11.1,11.16,11.01,11.12,3520441,129106868.3704,11.06,0.38,936661120,936661000.0,32154456658.56,34206860000.0
2016-12-28,CSX,11.12,11.1,11.16,11.05,11.05,2624445,96802640.7028,11.12,0.28,936661120,936661000.0,32453810030.67,34525320000.0
2016-12-24,CSX,11.05,11.06,11.1,11.02,11.06,2270127,83242610.4652,11.06,0.24,936661120,936661000.0,32268906962.35,34328620000.0
2016-12-23,CSX,11.06,10.97,11.07,10.93,11.01,4885430,178420324.9141,11.01,0.52,936661120,936661000.0,32304133344.62,34366100000.0
2016-12-22,CSX,11.01,11.04,11.11,11.01,11.04,4585527,168132937.5675,11.06,0.49,936661120,936661000.0,32136843027.2,34188130000.0
2016-12-21,CSX,11.04,10.98,11.05,10.97,10.93,4256992,155507526.1167,11.02,0.45,936661120,936661000.0,32242494879.69,34300520000.0
2016-12-20,CSX,10.93,10.91,10.95,10.84,10.87,4473442,161794971.5977,10.91,0.48,936661120,936661000.0,31899114913.1,33935230000.0
2016-12-17,CSX,10.87,11.04,11.07,10.82,11.06,12175618,440579546.6991,10.91,1.3,936661120,936661000.0,31731825476.14,33757260000.0
2016-12-16,CSX,11.06,10.98,11.16,10.89,11.0,7048086,258757121.367,11.07,0.75,936661120,936661000.0,32286520593.71,34347360000.0
2016-12-15,CSX,11.0,11.16,11.19,10.99,11.17,7710848,283564862.187,11.09,0.82,936661120,936661000.0,32119230276.3,34169390000.0
2016-12-14,CSX,11.17,11.17,11.22,11.05,11.16,7776859,287060158.2096,11.13,0.83,936661120,936661000.0,32612286928.94,34693920000.0
2016-12-13,CSX,11.16,11.24,11.27,11.04,11.24,6193266,228912983.426,11.15,0.66,936661120,936661000.0,32594687384.96,34675200000.0
2016-12-10,CSX,11.24,11.22,11.28,11.13,11.22,5703938,212164282.4654,11.22,0.61,936661120,936661000.0,32814802748.16,34909360000.0
2016-12-09,CSX,11.22,11.2,11.26,11.09,11.2,6643406,246609183.2118,11.19,0.71,936661120,936661000.0,32770777034.14,34862530000.0
2016-12-08,CSX,11.2,10.87,11.2,10.81,10.87,12752829,467707516.7733,11.06,1.36,936661120,936661000.0,32691538144.77,34778230000.0
2016-12-07,CSX,10.87,10.93,10.98,10.81,11.02,12799079,461159788.5244,10.87,1.37,936661120,936661000.0,31740638895.29,33766630000.0
2016-12-06,CSX,11.02,11.06,11.08,10.95,11.0,12168743,445185005.3786,11.03,1.3,936661120,936661000.0,32163255990.32,34216230000.0
2016-12-03,CSX,11.0,11.06,11.06,10.91,11.04,15058020,549373729.8439,11.0,1.61,936661120,936661000.0,32119230276.3,34169390000.0
2016-12-02,CSX,11.04,10.88,11.12,10.87,10.8,12083270,442774524.6553,11.05,1.29,936661120,936661000.0,32242494879.69,34300520000.0
2016-12-01,CSX,10.8,10.67,10.88,10.66,10.49,11318036,406195325.5194,10.82,1.21,936661120,936661000.0,31529322863.85,33541830000.0
2016-11-30,CSX,10.49,10.45,10.61,10.4,10.46,5548570,193503077.3509,10.52,0.59,936661120,936661000.0,30640062079.29,32595810000.0
2016-11-29,CSX,10.46,10.49,10.54,10.39,10.56,6822762,236605219.3139,10.46,0.73,936661120,936661000.0,30525597688.11,32474040000.0
2016-11-26,CSX,10.56,10.5,10.57,10.45,10.48,2516480,88314373.3274,10.53,0.27,936661120,936661000.0,30983441165.42,32961110000.0
2016-11-24,CSX,10.48,10.51,10.57,10.45,10.51,5466012,191091232.9188,10.49,0.58,936661120,936661000.0,30754512383.07,32717560000.0
2016-11-23,CSX,10.51,10.38,10.52,10.38,10.38,8761090,305712926.3295,10.47,0.94,936661120,936661000.0,30833764479.36,32801870000.0
2016-11-22,CSX,10.38,10.2,10.44,10.2,10.2,7400692,256008430.6093,10.38,0.79,936661120,936661000.0,30472771761.87,32417840000.0
2016-11-19,CSX,10.2,10.17,10.24,10.15,10.19,8719797,296511421.5078,10.2,0.93,936661120,936661000.0,29935689395.2,31846480000.0
2016-11-18,CSX,10.19,10.17,10.23,10.14,10.16,10947872,371881695.2448,10.19,1.17,936661120,936661000.0,29900477100.32,31809020000.0
2016-11-17,CSX,10.16,10.35,10.35,10.15,10.36,12210450,415206547.2586,10.2,1.3,936661120,936661000.0,29821225884.49,31724700000.0
2016-11-16,CSX,10.36,10.4,10.43,10.2,10.44,9680461,332269239.2257,10.3,1.03,936661120,936661000.0,30402333084.72,32342910000.0
2016-11-15,CSX,10.44,10.42,10.54,10.36,10.38,11102254,386695936.6193,10.45,1.19,936661120,936661000.0,30622448447.92,32577070000.0
2016-11-12,CSX,10.38,10.26,10.38,10.22,10.36,12422000,426532959.378,10.3,1.33,936661120,936661000.0,30446358798.75,32389740000.0
2016-11-11,CSX,10.36,10.22,10.43,10.18,10.17,15571903,536260508.3712,10.33,1.66,936661120,936661000.0,30402333084.72,32342910000.0
2016-11-10,CSX,10.17,9.72,10.29,9.72,9.62,23753047,800748373.6236,10.11,2.54,936661120,936661000.0,29830038423.17,31734080000.0
2016-11-09,CSX,9.62,9.62,9.64,9.49,9.62,10589086,338768188.8965,9.6,1.13,936661120,936661000.0,28236405834.99,30038730000.0
2016-11-08,CSX,9.62,9.39,9.62,9.39,9.28,10621665,338472058.7363,9.56,1.13,936661120,936661000.0,28218793084.09,30019990000.0
2016-11-05,CSX,9.28,9.28,9.41,9.28,9.34,9336852,289980233.3489,9.32,1.0,936661120,936661000.0,27223867240.11,28961560000.0
2016-11-04,CSX,9.34,9.26,9.36,9.19,9.22,12008473,372781405.0167,9.31,1.28,936661120,936661000.0,27408769427.97,29158260000.0
2016-11-03,CSX,9.22,9.16,9.27,9.13,9.12,10859407,334002824.5366,9.23,1.16,936661120,936661000.0,27065390341.84,28792960000.0
2016-11-02,CSX,9.12,9.19,9.23,9.05,9.15,6559945,199261635.5873,9.11,0.7,936661120,936661000.0,26774836301.49,28483860000.0
2016-11-01,CSX,9.15,9.14,9.26,9.11,9.08,5869602,179704885.274,9.19,0.63,936661120,936661000.0,26862874522.62,28577520000.0
2016-10-29,CSX,9.08,9.07,9.2,9.0,9.09,6987266,212148753.7707,9.11,0.75,936661120,936661000.0,26660371910.32,28362090000.0
2016-10-28,CSX,9.09,9.12,9.14,9.07,9.11,5938602,180115458.8508,9.1,0.63,936661120,936661000.0,26686784873.45,28390190000.0
2016-10-27,CSX,9.11,9.24,9.25,9.1,9.26,8839781,269311053.0285,9.14,0.94,936661120,936661000.0,26748423338.37,28455770000.0
2016-10-26,CSX,9.26,9.1,9.31,9.05,9.12,8970344,275554615.1296,9.22,0.96,936661120,936661000.0,27162241982.11,28896000000.0
2016-10-25,CSX,9.12,9.17,9.21,9.11,9.09,8805301,268451649.4587,9.15,0.94,936661120,936661000.0,26774836301.49,28483860000.0
2016-10-22,CSX,9.09,9.04,9.12,9.01,9.1,7414484,224266646.4109,9.08,0.79,936661120,936661000.0,26669172122.54,28371460000.0
2016-10-21,CSX,9.1,9.25,9.28,9.07,9.32,13692059,417491430.6906,9.15,1.46,936661120,936661000.0,26713197836.57,28418290000.0
2016-10-20,CSX,9.32,9.15,9.39,9.15,9.31,6244645,194476348.5259,9.34,0.67,936661120,936661000.0,27355944382.19,29102070000.0
2016-10-19,CSX,9.31,9.41,9.43,9.29,9.3,6884504,213904327.5041,9.32,0.74,936661120,936661000.0,27311918668.16,29055230000.0
2016-10-18,CSX,9.3,9.31,9.36,9.25,9.31,6586875,204106191.4238,9.3,0.7,936661120,936661000.0,27303105249.02,29045850000.0
2016-10-15,CSX,9.31,9.44,9.52,9.3,9.35,9925996,309995783.4252,9.37,1.06,936661120,936661000.0,27316311290.35,29059900000.0
2016-10-14,CSX,9.35,9.19,9.38,9.08,9.06,15005821,462737563.3645,9.25,1.6,936661120,936661000.0,27426368971.95,29176980000.0
2016-10-13,CSX,9.06,9.13,9.13,9.03,9.14,12394219,374566931.8209,9.07,1.32,936661120,936661000.0,26598746652.32,28296540000.0
2016-10-12,CSX,9.14,9.24,9.25,9.09,9.25,9900629,301970243.8673,9.15,1.06,936661120,936661000.0,26827662227.74,28540060000.0
2016-10-11,CSX,9.25,9.33,9.39,9.23,9.32,9235918,285403766.2566,9.27,0.99,936661120,936661000.0,27144628350.75,28877260000.0
2016-10-08,CSX,9.32,9.29,9.35,9.25,9.32,10591622,328244936.2188,9.3,1.13,936661120,936661000.0,27338331631.29,29083330000.0
2016-10-07,CSX,9.32,9.23,9.35,9.18,9.21,13303391,411700134.4007,9.29,1.42,936661120,936661000.0,27347130963.05,29092690000.0
2016-10-06,CSX,9.21,9.11,9.23,9.07,9.05,5291770,162043501.4189,9.19,0.56,936661120,936661000.0,27038977378.72,28764870000.0
2016-10-05,CSX,9.05,9.14,9.2,9.05,9.13,5863067,177982767.9661,9.11,0.63,936661120,936661000.0,26563521150.51,28259060000.0
2016-10-04,CSX,9.13,9.1,9.15,9.07,9.15,4285801,130263475.611,9.12,0.46,936661120,936661000.0,26792435845.47,28502590000.0
2016-10-01,CSX,9.15,9.05,9.18,9.0,9.0,7140934,217299335.7134,9.13,0.76,936661120,936661000.0,26854074310.4,28568160000.0
2016-09-30,CSX,9.0,9.02,9.07,8.94,9.0,7146863,214728906.767,9.01,0.76,936661120,936661000.0,26405044252.24,28090470000.0
2016-09-29,CSX,9.0,8.93,9.02,8.88,8.89,4422438,132083629.0146,8.96,0.47,936661120,936661000.0,26422643796.22,28109190000.0
2016-09-28,CSX,8.89,8.93,8.97,8.88,8.91,5256563,156267089.0943,8.92,0.56,936661120,936661000.0,26079264710.09,27743890000.0
2016-09-27,CSX,8.91,8.83,8.98,8.82,8.89,6884047,204843781.5142,8.93,0.73,936661120,936661000.0,26158515925.92,27828200000.0
2016-09-24,CSX,8.89,8.81,8.91,8.8,8.87,4995727,147840547.4018,8.88,0.53,936661120,936661000.0,26096877460.99,27762630000.0
2016-09-23,CSX,8.87,8.99,9.03,8.87,8.91,5364059,159645091.7736,8.93,0.57,945990880,945991000.0,26294580416.16,27972950000.0
2016-09-22,CSX,8.91,8.77,8.93,8.76,8.73,6671215,196645403.1905,8.84,0.71,945990880,945991000.0,26419071926.73,28105390000.0
2016-09-21,CSX,8.73,8.85,8.86,8.73,8.78,5871930,172024630.8572,8.79,0.62,945990880,945991000.0,25876640756.14,27528340000.0
2016-09-20,CSX,8.78,8.84,8.88,8.76,8.8,4565035,134104312.4341,8.81,0.48,945990880,945991000.0,26027808320.3,27689150000.0
2016-09-17,CSX,8.8,8.74,8.82,8.66,8.77,11223813,328122538.7009,8.77,1.19,945990880,945991000.0,26081159538.24,27745910000.0
2016-09-16,CSX,8.77,8.7,8.8,8.62,8.69,9497094,276559252.0944,8.74,1.0,945990880,945991000.0,25992231060.13,27651300000.0
2016-09-15,CSX,8.69,8.55,8.76,8.54,8.58,9971172,288370232.8529,8.68,1.05,945990880,945991000.0,25743247149.75,27386430000.0
2016-09-14,CSX,8.58,8.55,8.66,8.52,8.6,10849532,310944321.4109,8.6,1.15,945990880,945991000.0,25423123835.95,27045880000.0
2016-09-13,CSX,8.6,8.4,8.66,8.37,8.37,10806176,308345533.1883,8.56,1.14,945990880,945991000.0,25494264128.59,27121550000.0
2016-09-10,CSX,8.37,8.59,8.63,8.37,8.69,8438188,237820270.4599,8.46,0.89,945990880,945991000.0,24800664504.61,26383680000.0
2016-09-09,CSX,8.69,8.6,8.69,8.57,8.64,6043695,174225814.2641,8.65,0.64,945990880,945991000.0,25743247149.75,27386430000.0
2016-09-08,CSX,8.64,8.48,8.65,8.46,8.44,7999473,229265664.1294,8.6,0.85,945990880,945991000.0,25618755639.17,27253990000.0
2016-09-07,CSX,8.44,8.44,8.48,8.41,8.44,4791137,134676015.1346,8.43,0.51,945990880,945991000.0,25005184175.94,26601250000.0
2016-09-03,CSX,8.44,8.48,8.53,8.44,8.45,2972358,83899857.5586,8.47,0.31,945990880,945991000.0,25022972361.41,26620180000.0
2016-09-02,CSX,8.45,8.51,8.51,8.38,8.48,4122078,115804002.2566,8.43,0.44,945990880,945991000.0,25058535393.88,26658010000.0
2016-09-01,CSX,8.48,8.52,8.55,8.47,8.55,5260938,149009229.6306,8.5,0.56,945990880,945991000.0,25147463871.98,26752620000.0
2016-08-31,CSX,8.55,8.52,8.57,8.5,8.51,5001055,142208499.6635,8.53,0.53,945990880,945991000.0,25334208696.32,26951280000.0
2016-08-30,CSX,8.51,8.44,8.62,8.4,8.4,6833266,194474798.1929,8.54,0.72,945990880,945991000.0,25236392350.09,26847220000.0
2016-08-27,CSX,8.4,8.4,8.47,8.35,8.36,5108285,144077630.6146,8.41,0.54,945990880,945991000.0,25067436600.46,26667480000.0
2016-08-26,CSX,8.36,8.49,8.49,8.35,8.49,5197879,146556303.546,8.41,0.55,945990880,945991000.0,24942945089.89,26535040000.0
2016-08-25,CSX,8.49,8.49,8.52,8.47,8.51,4305910,122637492.5038,8.49,0.46,945990880,945991000.0,25325307489.73,26941810000.0
2016-08-24,CSX,8.51,8.53,8.57,8.47,8.48,2964663,84863478.375,8.53,0.31,945990880,945991000.0,25369771728.78,26989120000.0
2016-08-23,CSX,8.48,8.52,8.52,8.45,8.55,3336636,94915268.9639,8.48,0.35,945990880,945991000.0,25298631436.15,26913430000.0
2016-08-20,CSX,8.55,8.52,8.57,8.5,8.55,4782293,136944805.0186,8.54,0.51,945990880,945991000.0,25494264128.59,27121550000.0
2016-08-19,CSX,8.55,8.39,8.55,8.38,8.4,7246996,206820598.4328,8.51,0.77,945990880,945991000.0,25494264128.59,27121550000.0
2016-08-18,CSX,8.4,8.33,8.4,8.29,8.34,4209402,117845147.1526,8.35,0.44,945990880,945991000.0,25058535393.88,26658010000.0
2016-08-17,CSX,8.34,8.34,8.38,8.32,8.35,3761333,105252241.6551,8.34,0.4,945990880,945991000.0,24871804797.25,26459360000.0
2016-08-16,CSX,8.35,8.37,8.44,8.35,8.37,4359117,122634158.0194,8.39,0.46,945990880,945991000.0,24907367829.71,26497200000.0
2016-08-13,CSX,8.37,8.34,8.39,8.31,8.37,3444981,96524915.749,8.35,0.36,945990880,945991000.0,24951832068.77,26544500000.0
2016-08-12,CSX,8.37,8.35,8.42,8.33,8.35,4644531,130654864.9751,8.39,0.49,945990880,945991000.0,24969620254.24,26563420000.0
2016-08-11,CSX,8.35,8.45,8.45,8.33,8.42,3453138,96941307.0635,8.37,0.37,945990880,945991000.0,24898479961.6,26487740000.0
2016-08-10,CSX,8.42,8.51,8.54,8.41,8.49,3503411,99247793.8915,8.45,0.37,945990880,945991000.0,25129675686.51,26733700000.0
2016-08-09,CSX,8.49,8.51,8.61,8.48,8.54,4825891,138063442.6817,8.53,0.51,945990880,945991000.0,25325307489.73,26941810000.0
2016-08-06,CSX,8.54,8.43,8.56,8.38,8.36,4882856,139647704.0433,8.53,0.52,945990880,945991000.0,25458700206.89,27083720000.0
2016-08-05,CSX,8.36,8.35,8.4,8.32,8.41,3899856,109339502.2001,8.36,0.41,945990880,945991000.0,24942945089.89,26535040000.0
2016-08-04,CSX,8.41,8.27,8.43,8.25,8.25,5645059,158755401.5258,8.38,0.6,945990880,945991000.0,25076323579.35,26676940000.0
2016-08-03,CSX,8.25,8.31,8.35,8.19,8.37,5901664,163349826.6987,8.25,0.62,945990880,945991000.0,24596144833.28,26166110000.0
2016-08-02,CSX,8.37,8.45,8.48,8.35,8.45,4877399,137361197.925,8.4,0.52,945990880,945991000.0,24951832068.77,26544500000.0
2016-07-30,CSX,8.45,8.44,8.48,8.38,8.45,3960540,112253597.1016,8.45,0.42,945990880,945991000.0,25191928111.04,26799920000.0
2016-07-29,CSX,8.45,8.39,8.5,8.36,8.41,4739805,134357375.3722,8.45,0.5,945990880,945991000.0,25209717185.74,26818840000.0
2016-07-28,CSX,8.41,8.58,8.59,8.36,8.56,9551723,270132335.4733,8.43,1.01,945990880,945991000.0,25085224785.93,26686410000.0
2016-07-27,CSX,8.56,8.46,8.57,8.45,8.46,5137942,147079236.3483,8.53,0.54,945990880,945991000.0,25538728367.65,27168860000.0
2016-07-26,CSX,8.46,8.48,8.5,8.41,8.49,5065277,143667955.9383,8.46,0.54,945990880,945991000.0,25227492032.74,26837750000.0
2016-07-23,CSX,8.49,8.47,8.5,8.43,8.45,4184250,118997592.924,8.48,0.44,945990880,945991000.0,25325307489.73,26941810000.0
2016-07-22,CSX,8.45,8.47,8.54,8.41,8.53,4756410,135111990.3574,8.47,0.5,945990880,945991000.0,25200815979.15,26809380000.0
2016-07-21,CSX,8.53,8.46,8.54,8.38,8.44,6079484,173349154.4023,8.5,0.64,945990880,945991000.0,25449799889.54,27074250000.0
2016-07-20,CSX,8.44,8.42,8.47,8.38,8.49,6318973,178501540.3854,8.42,0.67,945990880,945991000.0,25165252946.69,26771540000.0
2016-07-19,CSX,8.49,8.54,8.55,8.46,8.5,6947438,198303474.0194,8.51,0.73,945990880,945991000.0,25316420510.85,26932360000.0
2016-07-16,CSX,8.5,8.66,8.67,8.46,8.66,8868926,254011317.651,8.54,0.94,945990880,945991000.0,25360884749.9,26979660000.0
2016-07-15,CSX,8.66,8.43,8.77,8.35,8.41,19014301,550551593.8204,8.63,2.01,945990880,945991000.0,25832176517.09,27481040000.0
2016-07-14,CSX,8.41,8.1,8.5,7.98,8.06,21925793,607423377.029,8.26,2.32,945990880,945991000.0,25085224785.93,26686410000.0
2016-07-13,CSX,8.06,8.04,8.1,7.99,7.95,8840223,238547220.6587,8.04,0.93,945990880,945991000.0,24027037609.1,25560680000.0
2016-07-12,CSX,7.95,7.91,8.02,7.9,7.91,7435582,198281661.2189,7.95,0.79,945990880,945991000.0,23715801274.19,25229570000.0
2016-07-09,CSX,7.91,7.82,7.96,7.77,7.72,9883750,262586577.5438,7.92,1.04,945990880,945991000.0,23591308874.38,25097130000.0
2016-07-08,CSX,7.72,7.72,7.82,7.69,7.74,4433207,114991653.0101,7.73,0.47,945990880,945991000.0,23013313782.09,24482250000.0
2016-07-07,CSX,7.74,7.6,7.75,7.55,7.65,5281508,135926463.7774,7.67,0.56,945990880,945991000.0,23093341942.85,24567380000.0
2016-07-06,CSX,7.65,7.76,7.79,7.61,7.81,6718942,172663364.7971,7.66,0.71,945990880,945991000.0,22826569846.99,24283580000.0
2016-07-02,CSX,7.81,7.78,7.91,7.78,7.77,4843438,127244381.417,7.83,0.51,945990880,945991000.0,23306761931.53,24794430000.0
2016-07-01,CSX,7.77,7.67,7.77,7.53,7.66,8080926,208828122.0274,7.7,0.85,945990880,945991000.0,23191157399.84,24671440000.0
2016-06-30,CSX,7.66,7.57,7.67,7.53,7.48,6385004,163554450.6166,7.64,0.67,945990880,945991000.0,22835456825.88,24293040000.0
2016-06-29,CSX,7.48,7.38,7.49,7.34,7.3,8498574,211425892.2458,7.42,0.9,945990880,945991000.0,22319715047.34,23744380000.0
2016-06-28,CSX,7.3,7.58,7.63,7.28,7.66,10105696,249349913.7147,7.36,1.07,945990880,945991000.0,21768381780.93,23157850000.0
2016-06-25,CSX,7.66,7.71,7.85,7.6,8.05,13484430,348594009.6814,7.71,1.43,945990880,945991000.0,22853245011.35,24311960000.0
2016-06-24,CSX,8.05,8.0,8.06,7.99,7.91,3813552,102727152.7635,8.03,0.4,955867040,955867000.0,24259905475.2,25808410000.0
2016-06-23,CSX,7.91,7.96,7.99,7.9,7.94,5077063,135263107.3689,7.94,0.53,955867040,955867000.0,23855577311.34,25378270000.0
2016-06-22,CSX,7.94,7.97,8.0,7.86,8.05,7624067,203455074.3072,7.96,0.8,955867040,955867000.0,23927459411.26,25454740000.0
2016-06-21,CSX,8.05,8.07,8.17,8.05,7.97,6512031,176888251.6623,8.1,0.68,955867040,955867000.0,24259905475.2,25808410000.0
2016-06-18,CSX,7.97,7.89,8.01,7.84,7.88,8708379,232695741.8379,7.97,0.91,955867040,955867000.0,24035276720.8,25569440000.0
2016-06-17,CSX,7.88,7.8,7.89,7.71,7.87,5632738,147555801.7182,7.81,0.59,955867040,955867000.0,23747745625.56,25263550000.0
2016-06-16,CSX,7.87,7.91,7.99,7.86,7.87,5599313,148801216.6396,7.92,0.59,955867040,955867000.0,23711811314.46,25225330000.0
2016-06-15,CSX,7.87,7.91,8.0,7.82,7.93,5878477,155582752.6698,7.89,0.61,955867040,955867000.0,23711811314.46,25225330000.0
2016-06-14,CSX,7.93,7.98,8.04,7.92,7.98,6491719,173648335.3168,7.97,0.68,955867040,955867000.0,23891511622.44,25416500000.0
2016-06-11,CSX,7.98,7.95,8.03,7.93,8.06,4399016,117653007.0238,7.97,0.46,955867040,955867000.0,24062231272.81,25598110000.0
2016-06-10,CSX,8.06,8.03,8.08,7.93,8.05,5244031,140897170.2872,8.01,0.55,955867040,955867000.0,24304834820.14,25856200000.0
2016-06-09,CSX,8.05,7.89,8.13,7.86,7.89,7618391,205991365.8765,8.06,0.8,955867040,955867000.0,24259905475.2,25808410000.0
2016-06-08,CSX,7.89,7.96,7.98,7.86,7.9,6609731,175665485.6213,7.92,0.69,955867040,955867000.0,23783694312.9,25301800000.0
2016-06-07,CSX,7.9,7.96,7.99,7.82,7.94,7867426,208310566.525,7.89,0.82,955867040,955867000.0,23810647966.4,25330470000.0
2016-06-04,CSX,7.94,7.88,7.97,7.81,7.88,4857231,128741898.5301,7.9,0.51,955867040,955867000.0,23936440068.86,25464300000.0
2016-06-03,CSX,7.88,7.77,7.89,7.77,7.82,5173250,136240099.5088,7.85,0.54,955867040,955867000.0,23738765866.48,25254000000.0
2016-06-02,CSX,7.82,7.8,7.83,7.71,7.88,5931859,154865457.1796,7.78,0.62,955867040,955867000.0,23559065558.5,25062830000.0
2016-06-01,CSX,7.88,7.75,7.92,7.73,7.72,8628301,227695729.5509,7.87,0.9,955867040,955867000.0,23747745625.56,25263550000.0
2016-05-28,CSX,7.72,7.7,7.73,7.65,7.69,6004906,155046720.9592,7.7,0.63,955867040,955867000.0,23262553805.66,24747390000.0
2016-05-27,CSX,7.69,7.63,7.73,7.62,7.65,3835980,98768410.2621,7.68,0.4,955867040,955867000.0,23163716255.21,24642250000.0
2016-05-26,CSX,7.65,7.55,7.67,7.55,7.54,5070883,130756764.7196,7.63,0.53,955867040,955867000.0,23208644701.64,24690040000.0
2016-05-25,CSX,7.54,7.57,7.63,7.47,7.57,8525008,217629012.8764,7.56,0.89,955867040,955867000.0,22876198637.7,24336380000.0
2016-05-24,CSX,7.57,7.61,7.66,7.56,7.64,4702895,120840421.4384,7.61,0.49,955867040,955867000.0,22984015947.24,24451080000.0
2016-05-21,CSX,7.64,7.57,7.7,7.57,7.56,5530688,143003681.2032,7.65,0.58,955867040,955867000.0,23199664942.55,24680490000.0
2016-05-20,CSX,7.56,7.51,7.61,7.48,7.62,6642781,169048114.7865,7.53,0.69,955867040,955867000.0,22957062293.74,24422400000.0
2016-05-19,CSX,7.62,7.48,7.69,7.47,7.53,8356152,215148352.3896,7.62,0.87,955867040,955867000.0,23136761703.2,24613570000.0
2016-05-18,CSX,7.53,7.44,7.66,7.42,7.47,9096109,232625747.1722,7.57,0.95,955867040,955867000.0,22840250848.88,24298140000.0
2016-05-17,CSX,7.47,7.44,7.53,7.44,7.44,6084070,154009154.6176,7.49,0.64,955867040,955867000.0,22669530299.99,24116520000.0
2016-05-14,CSX,7.44,7.54,7.59,7.38,7.56,8820813,222445035.2174,7.47,0.92,955867040,955867000.0,22570693648.05,24011370000.0
2016-05-13,CSX,7.56,7.69,7.71,7.51,7.66,8039426,205981341.277,7.58,0.84,955867040,955867000.0,22948068158.41,24412830000.0
2016-05-12,CSX,7.66,7.81,7.81,7.66,7.81,4430559,115466105.1139,7.72,0.46,955867040,955867000.0,23262553805.66,24747390000.0
2016-05-11,CSX,7.81,7.66,7.84,7.66,7.65,6106746,160689256.3031,7.79,0.64,955867040,955867000.0,23693837420.05,25206210000.0
2016-05-10,CSX,7.65,7.75,7.75,7.6,7.74,5604004,145072527.1452,7.66,0.59,955867040,955867000.0,23226619494.57,24709170000.0
2016-05-07,CSX,7.74,7.67,7.79,7.65,7.71,4732324,123574703.3796,7.73,0.5,955867040,955867000.0,23505156454.48,25005480000.0
2016-05-06,CSX,7.71,7.76,7.85,7.7,7.75,6580840,172326514.5815,7.75,0.69,955867040,955867000.0,23397325667.21,24890770000.0
2016-05-05,CSX,7.75,7.84,7.88,7.71,7.86,5953285,156063621.9625,7.76,0.62,955867040,955867000.0,23514137112.08,25015040000.0
2016-05-04,CSX,7.86,7.93,7.98,7.77,8.11,9652703,256117137.8504,7.85,1.01,955867040,955867000.0,23846583176.01,25368700000.0
2016-05-03,CSX,8.11,8.07,8.15,7.98,8.07,6854582,187026563.8481,8.08,0.72,955867040,955867000.0,24601345674.46,26171640000.0
2016-04-30,CSX,8.07,8.0,8.1,7.94,8.1,10537954,285589070.2781,8.02,1.1,955867040,955867000.0,24502509022.53,26066490000.0
2016-04-29,CSX,8.1,8.17,8.27,8.08,8.24,7697781,212583428.8611,8.18,0.81,955867040,955867000.0,24592352437.65,26162070000.0
2016-04-28,CSX,8.24,8.16,8.28,8.12,8.19,6554805,181841433.8685,8.21,0.69,955867040,955867000.0,25005674736.84,26601780000.0
2016-04-27,CSX,8.19,8.02,8.2,8.02,8.03,8080817,222829369.18,8.16,0.85,955867040,955867000.0,24843934845.55,26429710000.0
2016-04-26,CSX,8.03,8.11,8.18,7.97,8.15,6535379,177431612.0872,8.04,0.68,955867040,955867000.0,24385697577.66,25942230000.0
2016-04-23,CSX,8.15,7.99,8.18,7.99,7.93,12616735,345745246.153,8.11,1.32,955867040,955867000.0,24736117536.01,26315020000.0
2016-04-22,CSX,7.93,7.87,8.02,7.85,7.85,6900133,185158907.2362,7.94,0.72,955867040,955867000.0,24080206065.74,25617240000.0
2016-04-21,CSX,7.85,7.83,7.9,7.77,7.82,6956992,184304666.849,7.84,0.73,955867040,955867000.0,23828622759.33,25349590000.0
2016-04-20,CSX,7.82,7.78,7.92,7.73,7.72,8125578,214977555.8347,7.83,0.85,955867040,955867000.0,23729785208.88,25244450000.0
2016-04-19,CSX,7.72,7.62,7.78,7.58,7.68,5884313,153393489.3368,7.72,0.62,955867040,955867000.0,23424293696.95,24919460000.0
2016-04-16,CSX,7.68,7.8,7.83,7.63,7.74,7462375,193841160.525,7.69,0.78,955867040,955867000.0,23298488116.76,24785620000.0
2016-04-15,CSX,7.74,7.82,7.82,7.63,7.71,8684981,226176064.3081,7.71,0.91,955867040,955867000.0,23487182560.06,24986360000.0
2016-04-14,CSX,7.71,7.67,7.79,7.42,7.4,17213493,445263075.9263,7.66,1.8,955867040,955867000.0,23388345009.61,24881210000.0
2016-04-13,CSX,7.4,7.3,7.44,7.27,7.26,10777954,268608148.0321,7.38,1.13,955867040,955867000.0,22453895680.91,23887120000.0
2016-04-12,CSX,7.26,7.32,7.39,7.21,7.34,11923137,294239103.3472,7.31,1.25,955867040,955867000.0,22040572483.21,23447410000.0
2016-04-09,CSX,7.34,7.36,7.48,7.3,7.29,9359461,233727324.0871,7.39,0.98,955867040,955867000.0,22283176030.54,23705500000.0
2016-04-08,CSX,7.29,7.3,7.37,7.24,7.36,8911113,219664326.6734,7.3,0.93,955867040,955867000.0,22121436139.25,23533440000.0
2016-04-07,CSX,7.36,7.4,7.42,7.24,7.42,10246372,253880547.8527,7.34,1.07,955867040,955867000.0,22328104476.97,23753300000.0
2016-04-06,CSX,7.42,7.41,7.46,7.32,7.45,9088359,226677287.8218,7.38,0.95,955867040,955867000.0,22507804784.94,23944470000.0
2016-04-05,CSX,7.45,7.56,7.62,7.41,7.58,19195762,485228437.0852,7.48,2.01,955867040,955867000.0,22606641436.88,24049620000.0
2016-04-02,CSX,7.58,7.59,7.61,7.45,7.62,10800661,274705070.3388,7.53,1.13,955867040,955867000.0,23019951156.85,24489300000.0
2016-04-01,CSX,7.62,7.71,7.78,7.6,7.79,9411859,243201542.4334,7.65,0.98,955867040,955867000.0,23136761703.2,24613570000.0
2016-03-31,CSX,7.79,7.7,7.83,7.68,7.66,6534348,171724651.8818,7.78,0.68,955867040,955867000.0,23630948556.94,25139300000.0
2016-03-30,CSX,7.66,7.52,7.69,7.41,7.58,6010274,153477142.7887,7.56,0.63,955867040,955867000.0,23262553805.66,24747390000.0
2016-03-29,CSX,7.58,7.71,7.74,7.53,7.75,5605035,143656480.9415,7.59,0.59,955867040,955867000.0,23019951156.85,24489300000.0
2016-03-25,CSX,7.75,7.63,7.75,7.55,7.66,4321676,112300073.2929,7.69,0.45,957310880,957311000.0,23549655285.95,25052820000.0
2016-03-24,CSX,7.66,7.8,7.81,7.64,7.81,6385785,166114114.8698,7.7,0.67,957310880,957311000.0,23270696695.26,24756050000.0
2016-03-23,CSX,7.81,7.82,7.87,7.79,7.89,4972949,131369369.3055,7.82,0.52,957310880,957311000.0,23729627031.78,25244280000.0
2016-03-22,CSX,7.89,8.01,8.03,7.82,8.0,4819988,128625708.1292,7.9,0.5,957310880,957311000.0,23990597176.64,25521910000.0
2016-03-19,CSX,8.0,7.95,8.07,7.9,7.9,13520661,364815854.2094,7.99,1.41,957310880,957311000.0,24314552078.31,25866540000.0
2016-03-18,CSX,7.9,7.77,7.93,7.74,7.75,6423516,170794211.7254,7.87,0.67,957310880,957311000.0,24017592443.58,25550630000.0
2016-03-17,CSX,7.75,7.66,7.79,7.62,7.68,5184301,135090452.1062,7.71,0.54,957310880,957311000.0,23558648608.99,25062390000.0
2016-03-16,CSX,7.68,7.69,7.7,7.58,7.75,7185317,185585241.6028,7.65,0.75,957310880,957311000.0,23351681596.22,24842210000.0
2016-03-15,CSX,7.75,7.75,7.82,7.69,7.73,10799372,283138950.237,7.76,1.13,957310880,957311000.0,23558648608.99,25062390000.0
2016-03-12,CSX,7.73,7.58,7.75,7.55,7.49,8732231,226687843.5369,7.69,0.91,963149920,963150000.0,23629926474.81,25138210000.0
2016-03-11,CSX,7.49,7.48,7.6,7.36,7.42,8714481,219740928.105,7.46,0.9,963149920,963150000.0,22896572356.03,24358050000.0
2016-03-10,CSX,7.42,7.32,7.45,7.31,7.31,8301457,207425210.3806,7.4,0.86,963149920,963150000.0,22706453804.71,24155800000.0
2016-03-09,CSX,7.31,7.47,7.5,7.3,7.56,7759617,193519424.0077,7.38,0.81,963149920,963150000.0,22362412126.48,23789800000.0
2016-03-08,CSX,7.56,7.46,7.6,7.42,7.47,7707574,196040603.1752,7.53,0.8,963149920,963150000.0,23122912587.23,24598840000.0
2016-03-05,CSX,7.47,7.42,7.55,7.36,7.37,10427024,263144740.1372,7.47,1.08,963149920,963150000.0,22842252511.26,24300270000.0
2016-03-04,CSX,7.37,7.27,7.42,7.24,7.27,27055731,669391143.5943,7.32,2.81,963149920,963150000.0,22543481595.35,23982420000.0
2016-03-03,CSX,7.27,7.44,7.47,7.25,7.29,26099524,648038105.0585,7.35,2.71,963149920,963150000.0,22226614325.28,23645330000.0
2016-03-02,CSX,7.29,7.24,7.39,7.18,7.15,13852977,342598015.7459,7.32,1.44,963149920,963150000.0,22308093187.07,23732010000.0
2016-03-01,CSX,7.15,7.18,7.25,7.11,7.2,8625770,209404342.1047,7.19,0.9,963149920,963150000.0,21157899552.61,23250430000.0
2016-02-27,CSX,7.2,7.25,7.34,7.18,7.21,8390754,205206788.6594,7.24,0.87,963149920,963150000.0,21306897092.3,23414170000.0
2016-02-26,CSX,7.21,7.23,7.31,7.12,7.2,6817496,165241786.2984,7.18,0.71,963149920,963150000.0,21350723043.06,23462330000.0
2016-02-25,CSX,7.2,7.06,7.26,6.93,7.16,9136289,220471389.5569,7.09,0.95,963149920,963150000.0,21464668060.93,23587540000.0
2016-02-24,CSX,7.16,7.31,7.46,7.16,7.43,9002774,221770787.623,7.24,0.93,963149920,963150000.0,21368255877.47,23481590000.0
2016-02-23,CSX,7.43,7.48,7.56,7.41,7.2,9755332,247733729.5404,7.46,1.01,963149920,963150000.0,22174604114.03,24367700000.0
2016-02-20,CSX,7.2,7.24,7.32,7.17,7.29,32691040,803728898.4061,7.22,3.39,963149920,963150000.0,21482187748.34,23606790000.0
2016-02-19,CSX,7.29,7.29,7.37,7.21,7.3,9067402,225146384.4198,7.3,0.94,963149920,963150000.0,21753903734.84,23905390000.0
2016-02-18,CSX,7.3,7.16,7.4,6.98,7.28,12621004,311607616.0844,7.26,1.31,963149920,963150000.0,21762663140.31,23915010000.0
2016-02-17,CSX,7.28,7.28,7.34,7.04,7.11,11678262,286757329.3663,7.22,1.21,963149920,963150000.0,21701304355.14,23847580000.0
2016-02-13,CSX,7.11,6.84,7.12,6.84,6.88,8227317,196799923.7444,7.03,0.85,963149920,963150000.0,21201725503.37,23298600000.0
2016-02-12,CSX,6.88,6.95,7.04,6.77,7.09,8209273,192156940.5207,6.88,0.85,963149920,963150000.0,20518082566.62,22547340000.0
2016-02-11,CSX,7.09,7.06,7.16,7.01,7.02,12241887,295475069.1449,7.09,1.27,963149920,963150000.0,21149139270.67,23240810000.0
2016-02-10,CSX,7.02,6.63,7.03,6.63,6.76,16839528,396710719.8405,6.92,1.75,963149920,963150000.0,20930022663.87,23000020000.0
2016-02-09,CSX,6.76,6.65,6.78,6.55,6.71,11306981,256913773.6528,6.68,1.17,963149920,963150000.0,20167488107.54,22162070000.0
2016-02-06,CSX,6.71,6.77,6.83,6.66,6.77,6624797,151374630.6357,6.71,0.69,963149920,963150000.0,20009730285.91,21988710000.0
2016-02-05,CSX,6.77,6.57,6.89,6.57,6.57,10388243,239120763.8359,6.76,1.08,963149920,963150000.0,20202554652.83,22200610000.0
2016-02-04,CSX,6.57,6.56,6.62,6.36,6.47,7298883,162108242.5222,6.53,0.76,963149920,963150000.0,19597790188.66,21536030000.0
2016-02-03,CSX,6.47,6.64,6.66,6.42,6.72,6987652,154807265.4194,6.51,0.73,963149920,963150000.0,19308554514.75,21218190000.0
2016-02-02,CSX,6.72,6.64,6.76,6.58,6.76,8454402,192247217.2162,6.68,0.88,963149920,963150000.0,20036023402.26,22017610000.0
2016-01-30,CSX,6.76,6.63,6.77,6.62,6.57,8511715,194273902.6276,6.71,0.88,963149920,963150000.0,20176261536.48,22171710000.0
2016-01-29,CSX,6.57,6.54,6.62,6.47,6.46,6289742,140336125.9785,6.56,0.65,963149920,963150000.0,19606550470.6,21545660000.0
2016-01-28,CSX,6.46,6.55,6.66,6.4,6.54,9713106,216333152.4852,6.54,1.01,963149920,963150000.0,19255969158.52,21160400000.0
2016-01-27,CSX,6.54,6.51,6.57,6.47,6.46,9213477,204600044.4156,6.53,0.96,963149920,963150000.0,19518911716.08,21449350000.0
2016-01-26,CSX,6.46,6.57,6.62,6.44,6.59,5609320,123949744.2372,6.49,0.58,963149920,963150000.0,19255969158.52,21160400000.0
2016-01-23,CSX,6.59,6.74,6.82,6.5,6.57,9452399,212968164.195,6.62,0.98,963149920,963150000.0,19650376421.36,21593820000.0
2016-01-22,CSX,6.57,6.46,6.7,6.37,6.55,10706684,239279430.1625,6.57,1.1,974944800,974945000.0,19837787699.68,21799760000.0
2016-01-21,CSX,6.55,6.55,6.64,6.27,6.68,10577735,232010971.1388,6.45,1.08,974944800,974945000.0,19775677505.52,21731510000.0
2016-01-20,CSX,6.68,6.79,6.85,6.6,6.69,10900708,248733445.2148,6.71,1.12,974944800,974945000.0,20166047177.84,22160490000.0
2016-01-16,CSX,6.69,6.54,6.71,6.51,6.84,12619434,284974582.4748,6.64,1.29,974944800,974945000.0,20192662283.68,22189730000.0
2016-01-15,CSX,6.84,6.66,6.99,6.63,6.57,16585868,384609626.7085,6.81,1.7,974944800,974945000.0,20636262167.68,22677210000.0
2016-01-14,CSX,6.57,6.91,7.03,6.39,6.96,22024247,496560809.214,6.63,2.26,974944800,974945000.0,19828921025.2,21790020000.0
2016-01-13,CSX,6.96,6.93,7.09,6.82,6.91,11894493,280091580.6365,6.92,1.22,974944800,974945000.0,21026631840.0,23106180000.0
2016-01-12,CSX,6.91,6.87,6.99,6.81,6.9,11067575,259234680.3323,6.88,1.14,974944800,974945000.0,20866942979.36,22930700000.0
2016-01-09,CSX,6.9,6.99,7.01,6.89,6.94,9672106,228652425.6661,6.95,0.99,974944800,974945000.0,20831447003.84,22891700000.0
2016-01-08,CSX,6.94,7.0,7.14,6.93,7.16,9836559,234641317.7322,7.01,1.01,974944800,974945000.0,20955654971.36,23028190000.0
2016-01-07,CSX,7.16,7.37,7.41,7.1,7.5,8385098,205615180.607,7.21,0.86,974944800,974945000.0,21621054797.36,23759390000.0
2016-01-06,CSX,7.5,7.58,7.64,7.41,7.58,5216375,132820404.3905,7.48,0.54,974944800,974945000.0,22650209189.84,24890340000.0
2016-01-05,CSX,7.58,7.46,7.58,7.37,7.63,9561227,243739512.3689,7.49,0.98,974944800,974945000.0,22880876693.52,25143820000.0
2016-01-01,CSX,7.63,7.49,7.68,7.49,7.61,4742250,122947118.244,7.62,0.49,974944800,974945000.0,23022831318.0,25299810000.0
2015-12-31,CSX,7.61,7.68,7.7,7.6,7.75,4584008,119367540.816,7.65,0.47,974944800,974945000.0,22978468668.0,25251060000.0
2015-12-30,CSX,7.75,7.66,7.76,7.65,7.62,4108633,107924782.7865,7.72,0.42,974944800,974945000.0,23404334315.84,25719050000.0
2015-12-29,CSX,7.62,7.68,7.71,7.6,7.68,3084831,80127235.8684,7.63,0.32,974944800,974945000.0,23013964643.52,25290070000.0
2015-12-25,CSX,7.68,7.68,7.76,7.66,7.68,1594078,41710330.9146,7.69,0.16,974944800,974945000.0,23182534373.84,25475310000.0
2015-12-24,CSX,7.68,7.57,7.75,7.51,7.57,5730559,149624901.2206,7.67,0.59,974944800,974945000.0,23191401935.52,25485050000.0
2015-12-23,CSX,7.57,7.45,7.59,7.42,7.38,6003449,153944647.6757,7.54,0.62,974944800,974945000.0,22845394026.0,25104820000.0
2015-12-22,CSX,7.38,7.49,7.52,7.35,7.41,6115918,154063069.0745,7.4,0.63,974944800,974945000.0,22286454623.36,24490610000.0
2015-12-19,CSX,7.41,7.48,7.5,7.35,7.52,13482700,340962584.6165,7.43,1.38,974944800,974945000.0,22357431492.0,24568600000.0
2015-12-18,CSX,7.52,7.76,7.8,7.52,7.77,7939668,205727976.9325,7.61,0.81,974944800,974945000.0,22712320271.2,24958590000.0
2015-12-17,CSX,7.77,7.76,7.88,7.62,7.73,9639938,254026845.4869,7.74,0.99,974944800,974945000.0,23448683657.84,25767780000.0
2015-12-16,CSX,7.73,7.52,7.76,7.51,7.43,13111211,341735952.8781,7.66,1.34,974944800,974945000.0,23324476577.52,25631290000.0
2015-12-15,CSX,7.43,7.53,7.57,7.35,7.56,9381606,236898723.2748,7.42,0.96,974944800,974945000.0,22437276809.52,24656340000.0
2015-12-12,CSX,7.56,7.43,7.6,7.22,7.26,20106422,512217072.0573,7.49,2.06,974944800,974945000.0,22818779807.36,25075580000.0
2015-12-11,CSX,7.26,7.36,7.44,7.24,7.35,8987996,223325698.3276,7.3,0.92,974944800,974945000.0,21913831608.0,24081130000.0
2015-12-10,CSX,7.35,7.31,7.44,7.24,7.34,11337278,283817383.4402,7.36,1.16,974944800,974945000.0,22188861761.68,24383360000.0
2015-12-09,CSX,7.34,7.53,7.54,7.33,7.65,14228493,359054512.6347,7.42,1.46,974944800,974945000.0,22171127525.52,24363880000.0
2015-12-08,CSX,7.65,7.86,7.92,7.62,7.89,11233754,295080431.3792,7.72,1.15,974944800,974945000.0,23093809073.84,25377810000.0
2015-12-05,CSX,7.89,7.79,7.94,7.7,7.96,13329290,356100073.229,7.85,1.37,974944800,974945000.0,23830186655.68,26187020000.0
2015-12-04,CSX,7.96,8.08,8.1,7.85,8.09,14231403,385412052.4596,7.96,1.46,974944800,974945000.0,24043119923.2,26421010000.0
2015-12-03,CSX,8.09,8.38,8.39,8.03,8.4,12603442,351469615.9518,8.19,1.29,974944800,974945000.0,24424608725.84,26840230000.0
2015-12-02,CSX,8.4,8.37,8.42,8.28,8.35,5861602,166784833.4028,8.36,0.6,974944800,974945000.0,25373919575.2,27883420000.0
2015-12-01,CSX,8.35,8.51,8.54,8.35,8.52,8371070,239242644.1658,8.4,0.86,974944800,974945000.0,25223083193.84,27717670000.0
2015-11-28,CSX,8.52,8.46,8.54,8.44,8.47,2522458,73067798.73,8.51,0.26,974944800,974945000.0,25719926597.52,28263650000.0
2015-11-26,CSX,8.47,8.47,8.51,8.42,8.48,5594465,161136832.7319,8.46,0.57,974944800,974945000.0,25577971085.84,28107660000.0
2015-11-25,CSX,8.48,8.43,8.52,8.41,8.49,5004090,145010036.2593,8.46,0.51,974944800,974945000.0,25755408377.84,28302640000.0
2015-11-24,CSX,8.49,8.7,8.74,8.47,8.73,7546344,221275445.7685,8.56,0.77,974944800,974945000.0,25799771027.84,28351390000.0
2015-11-21,CSX,8.73,8.57,8.92,8.53,8.53,18374637,550162484.8943,8.74,1.88,974944800,974945000.0,26518401065.52,29141090000.0
2015-11-20,CSX,8.53,8.28,8.65,8.18,8.26,16391133,474164350.9284,8.45,1.68,974944800,974945000.0,25915111433.68,28478140000.0
2015-11-19,CSX,8.26,8.09,8.31,8.07,7.93,12417520,349782949.3726,8.23,1.27,974944800,974945000.0,25081141877.36,27561690000.0
2015-11-18,CSX,7.93,7.98,8.05,7.78,7.98,7157328,194513958.6939,7.94,0.73,974944800,974945000.0,24105216809.36,26489250000.0
2015-11-17,CSX,7.98,7.85,7.98,7.79,7.86,5109356,138225482.2665,7.9,0.52,974944800,974945000.0,24229423889.68,26625730000.0
2015-11-14,CSX,7.86,7.87,8.01,7.84,7.9,6386981,173122313.4955,7.92,0.66,974944800,974945000.0,23892283541.84,26255250000.0
2015-11-13,CSX,7.9,7.96,8.07,7.89,8.04,6506359,177266414.6036,7.96,0.67,974944800,974945000.0,23998757273.2,26372250000.0
2015-11-12,CSX,8.04,8.19,8.25,8.0,8.16,6034426,166413188.1987,8.05,0.62,974944800,974945000.0,24424608725.84,26840230000.0
2015-11-11,CSX,8.16,8.11,8.26,8.06,8.11,10153188,283668944.826,8.16,1.04,974944800,974945000.0,24797230854.0,27249700000.0
2015-11-10,CSX,8.11,7.89,8.3,7.7,7.91,20425157,565625641.4627,8.09,2.1,974944800,974945000.0,24646408667.84,27083960000.0
2015-11-07,CSX,7.91,7.95,8.0,7.84,7.96,5719078,154557528.1994,7.89,0.59,974944800,974945000.0,24016504817.36,26391760000.0
2015-11-06,CSX,7.96,8.03,8.08,7.95,8.01,5704590,156418716.882,8.01,0.59,974944800,974945000.0,24176193678.0,26567240000.0
2015-11-05,CSX,8.01,8.07,8.11,7.98,8.05,4516930,124074217.6757,8.02,0.46,974944800,974945000.0,24344764295.52,26752480000.0
2015-11-04,CSX,8.05,7.99,8.09,7.96,8.01,4756602,131042006.799,8.05,0.49,974944800,974945000.0,24442357157.2,26859730000.0
2015-11-03,CSX,8.01,7.88,8.03,7.87,7.88,5091871,138811526.9875,7.96,0.52,974944800,974945000.0,24335883425.84,26742730000.0
2015-10-31,CSX,7.88,7.98,8.03,7.88,7.96,6448422,174876652.0541,7.92,0.66,974944800,974945000.0,23945527061.52,26313760000.0
2015-10-30,CSX,7.96,7.89,8.0,7.88,7.97,5715156,155344792.552,7.94,0.59,974944800,974945000.0,24176193678.0,26567240000.0
2015-10-29,CSX,7.97,7.89,8.05,7.85,7.84,7075164,192673745.6397,7.95,0.73,974944800,974945000.0,24220557215.2,26615990000.0
2015-10-28,CSX,7.84,8.07,8.09,7.8,8.14,7523434,202578248.4376,7.86,0.77,974944800,974945000.0,23803571549.84,26157770000.0
2015-10-27,CSX,8.14,8.27,8.31,8.13,8.29,6221027,174067445.9735,8.17,0.64,974944800,974945000.0,24744001529.52,27191210000.0
2015-10-24,CSX,8.29,8.26,8.35,8.19,8.22,6541711,185260607.8906,8.27,0.67,974944800,974945000.0,25169853869.36,27659180000.0
2015-10-23,CSX,8.22,8.1,8.29,8.09,8.03,7064848,198889551.4421,8.22,0.72,974944800,974945000.0,24956933909.84,27425200000.0
2015-10-22,CSX,8.03,8.16,8.2,8.01,8.11,7883828,218500269.3685,8.09,0.81,974944800,974945000.0,24389126945.52,26801230000.0
2015-10-21,CSX,8.11,7.96,8.16,7.94,7.98,7143438,198441107.3472,8.11,0.73,974944800,974945000.0,24628661123.68,27064460000.0
2015-10-20,CSX,7.98,7.97,8.0,7.9,8.01,7968973,217397591.8334,7.97,0.82,974944800,974945000.0,24247171433.84,26645240000.0
2015-10-17,CSX,8.01,8.17,8.19,8.0,8.14,10190676,280955928.4431,8.05,1.05,974944800,974945000.0,24335883425.84,26742730000.0
2015-10-16,CSX,8.14,8.05,8.19,7.93,7.94,11025020,304227709.386,8.06,1.13,974944800,974945000.0,24744001529.52,27191210000.0
2015-10-15,CSX,7.94,8.01,8.13,7.85,8.09,13325688,361759208.2598,7.93,1.37,974944800,974945000.0,24122964353.52,26508750000.0
2015-10-14,CSX,8.09,8.22,8.25,8.07,8.29,11205938,312612097.2098,8.15,1.15,974944800,974945000.0,24584311781.68,27015720000.0
2015-10-13,CSX,8.29,8.45,8.47,8.24,8.49,8680871,246607025.4125,8.3,0.89,974944800,974945000.0,25169853869.36,27659180000.0
2015-10-10,CSX,8.49,8.55,8.66,8.43,8.5,7545606,219875155.8546,8.51,0.77,974944800,974945000.0,25799771027.84,28351390000.0
2015-10-09,CSX,8.5,8.27,8.52,8.25,8.29,8454426,244412332.2778,8.44,0.87,974944800,974945000.0,25808638589.52,28361140000.0
2015-10-08,CSX,8.29,8.17,8.34,8.15,8.09,6882629,194710999.1142,8.26,0.71,974944800,974945000.0,25169853869.36,27659180000.0
2015-10-07,CSX,8.09,8.13,8.19,8.07,8.13,5280383,146768240.2046,8.12,0.54,974944800,974945000.0,24575430912.0,27005960000.0
2015-10-06,CSX,8.13,8.03,8.16,7.99,7.98,6412676,177767708.7861,8.1,0.66,974944800,974945000.0,24690771317.84,27132710000.0
2015-10-03,CSX,7.98,7.75,7.98,7.72,7.89,5656863,152903881.1743,7.89,0.58,974944800,974945000.0,24229423889.68,26625730000.0
2015-10-02,CSX,7.89,7.92,7.96,7.8,7.86,9032887,243576314.3985,7.88,0.93,974944800,974945000.0,23981008841.84,26352750000.0
2015-10-01,CSX,7.86,7.7,7.89,7.67,7.58,12728309,340161423.265,7.8,1.31,974944800,974945000.0,23865668436.0,26226000000.0
2015-09-30,CSX,7.58,7.61,7.62,7.5,7.59,12032051,311589296.151,7.56,1.23,974944800,974945000.0,23013964643.52,25290070000.0
2015-09-29,CSX,7.59,7.73,7.77,7.58,7.74,10146200,266419964.6586,7.67,1.04,974944800,974945000.0,23058327293.52,25338820000.0
2015-09-26,CSX,7.74,7.8,7.87,7.72,7.71,8083004,215530044.2094,7.79,0.83,974944800,974945000.0,23528542283.36,25855540000.0
2015-09-25,CSX,7.71,7.67,7.76,7.6,7.76,8748637,229738359.0022,7.67,0.89,983737280,983737000.0,23624352405.47,25960820000.0
2015-09-24,CSX,7.76,7.98,8.0,7.73,7.96,13957942,372625476.8043,7.8,1.42,983737280,983737000.0,23794442371.59,26147730000.0
2015-09-23,CSX,7.96,8.1,8.1,7.91,8.21,10078981,275037178.7713,7.97,1.02,983737280,983737000.0,24412133695.3,26826520000.0
2015-09-22,CSX,8.21,8.26,8.33,8.19,8.22,7838918,221431372.6329,8.25,0.8,983737280,983737000.0,25155152253.29,27643020000.0
2015-09-19,CSX,8.22,8.44,8.44,8.14,8.52,15215090,430864068.1436,8.27,1.55,983737280,983737000.0,25208861623.17,27702040000.0
2015-09-18,CSX,8.52,8.52,8.65,8.49,8.54,7466000,218602994.266,8.55,0.76,983737280,983737000.0,26121956719.26,28705450000.0
2015-09-17,CSX,8.54,8.43,8.56,8.42,8.44,7976488,232198740.3222,8.5,0.81,983737280,983737000.0,26184627050.4,28774310000.0
2015-09-16,CSX,8.44,8.32,8.45,8.3,8.29,6611184,189890367.1137,8.39,0.67,983737280,983737000.0,25862354717.47,28420160000.0
2015-09-15,CSX,8.29,8.31,8.34,8.25,8.32,7280692,206706177.5368,8.29,0.74,983737280,983737000.0,25414754255.07,27928300000.0
2015-09-12,CSX,8.32,8.19,8.37,8.19,8.18,12344727,350234731.0071,8.29,1.25,983737280,983737000.0,25513226356.8,28036510000.0
2015-09-11,CSX,8.18,8.13,8.21,8.12,8.12,7848902,219633446.4487,8.17,0.8,983737280,983737000.0,25083534388.9,27564320000.0
2015-09-10,CSX,8.12,8.23,8.36,8.1,8.18,10450965,293864341.0992,8.21,1.06,983737280,983737000.0,24895535928.29,27357730000.0
2015-09-09,CSX,8.18,8.02,8.19,8.0,7.84,8316789,231210060.9156,8.12,0.85,983737280,983737000.0,25065625894.4,27544640000.0
2015-09-05,CSX,7.84,7.87,7.94,7.81,7.97,5389313,145110480.7235,7.86,0.55,983737280,983737000.0,24036151097.29,26413350000.0
2015-09-04,CSX,7.97,7.9,8.03,7.89,7.88,8053461,219691159.9116,7.97,0.82,983737280,983737000.0,24421080333.34,26836350000.0
2015-09-03,CSX,7.88,7.91,7.94,7.75,7.81,6163156,165204012.8956,7.83,0.63,983737280,983737000.0,24161478331.56,26551070000.0
2015-09-02,CSX,7.81,7.79,7.87,7.76,8.0,7851180,210096815.2355,7.81,0.8,983737280,983737000.0,23928717139.1,26295290000.0
2015-09-01,CSX,8.0,8.06,8.08,7.97,8.12,6141234,168635239.5879,8.02,0.62,983737280,983737000.0,24779953113.48,26934730000.0
2015-08-29,CSX,8.12,8.0,8.14,7.96,8.03,9956192,275730733.8562,8.09,1.01,983737280,983737000.0,25160068293.43,27347900000.0
2015-08-28,CSX,8.03,7.79,8.03,7.74,7.65,13925067,377833034.3562,7.92,1.42,983737280,983737000.0,24879508231.25,27042940000.0
2015-08-27,CSX,7.65,7.58,7.67,7.43,7.34,15569946,404982064.8631,7.54,1.58,983737280,983737000.0,23865856287.56,25941140000.0
2015-08-26,CSX,7.34,7.85,7.86,7.34,7.62,13115184,341539116.5967,7.55,1.33,983737280,983737000.0,22906517502.18,24898380000.0
2015-08-25,CSX,7.62,7.18,7.82,7.1,7.94,17265145,455652987.9418,7.65,1.76,983737280,983737000.0,23775360603.14,25842780000.0
2015-08-22,CSX,7.94,8.14,8.2,7.94,8.23,9974715,276227737.6784,8.03,1.01,983737280,983737000.0,24779953113.48,26934730000.0
2015-08-21,CSX,8.23,8.28,8.37,8.22,8.39,7364770,210192060.3074,8.28,0.75,983737280,983737000.0,25666887024.97,27898790000.0
2015-08-20,CSX,8.39,8.51,8.55,8.36,8.59,6419422,186200464.2282,8.41,0.65,983737280,983737000.0,26173706661.55,28449680000.0
2015-08-19,CSX,8.59,8.61,8.63,8.57,8.61,4543875,134635943.2005,8.59,0.46,983737280,983737000.0,26807230754.76,29138290000.0
2015-08-18,CSX,8.61,8.56,8.62,8.5,8.59,5480258,162300547.9175,8.59,0.56,983737280,983737000.0,26861530337.5,29197310000.0
2015-08-15,CSX,8.59,8.52,8.61,8.52,8.52,3321328,98248894.4042,8.58,0.34,983737280,983737000.0,26807230754.76,29138290000.0
2015-08-14,CSX,8.52,8.56,8.61,8.52,8.56,4498488,132657280.1724,8.55,0.46,983737280,983737000.0,26599075566.46,28912040000.0
2015-08-13,CSX,8.56,8.45,8.59,8.33,8.51,8716250,254463937.0337,8.47,0.89,983737280,983737000.0,26716735070.34,29039930000.0
2015-08-12,CSX,8.51,8.7,8.72,8.48,8.77,12869774,379871996.9879,8.56,1.31,983737280,983737000.0,26544775078.68,28853010000.0
2015-08-11,CSX,8.77,8.75,8.83,8.75,8.69,6247156,189285034.7763,8.79,0.64,983737280,983737000.0,27368363549.65,29748220000.0
2015-08-08,CSX,8.69,8.81,8.82,8.65,8.83,5240141,157474092.0214,8.72,0.53,983737280,983737000.0,27114953731.36,29472770000.0
2015-08-07,CSX,8.83,8.92,8.92,8.77,8.92,7076762,215086879.4011,8.82,0.72,983737280,983737000.0,27540309060.7,29935110000.0
2015-08-06,CSX,8.92,9.01,9.07,8.92,8.95,3810704,117959187.6767,8.98,0.39,983737280,983737000.0,27838973508.98,30259750000.0
2015-08-05,CSX,8.95,9.03,9.1,8.9,9.03,6619063,204749487.9742,8.97,0.67,983737280,983737000.0,27938528626.76,30367960000.0
2015-08-04,CSX,9.03,9.09,9.09,8.96,9.07,5750293,178861173.1789,9.02,0.58,983737280,983737000.0,28182892587.26,30633570000.0
2015-08-01,CSX,9.07,9.13,9.17,9.05,9.12,5739563,179571446.1932,9.07,0.58,983737280,983737000.0,28309597043.89,30771300000.0
2015-07-31,CSX,9.12,9.1,9.15,9.08,9.13,5643715,177469417.4576,9.12,0.57,983737280,983737000.0,28472511177.76,30948380000.0
2015-07-30,CSX,9.13,9.02,9.15,8.99,9.01,6882738,215676108.3031,9.09,0.7,983737280,983737000.0,28499661421.65,30977890000.0
2015-07-29,CSX,9.01,8.92,9.03,8.91,8.85,7301176,226262042.4142,8.99,0.74,983737280,983737000.0,28128592099.48,30574550000.0
2015-07-28,CSX,8.85,8.88,8.97,8.82,8.94,7335969,224381637.8264,8.87,0.75,983737280,983737000.0,27621773367.94,30023660000.0
2015-07-25,CSX,8.94,8.95,9.04,8.89,8.95,7596129,234349672.2164,8.95,0.77,983737280,983737000.0,27884228138.98,30308940000.0
2015-07-24,CSX,8.95,9.15,9.16,8.89,9.16,7469524,231570175.5785,8.99,0.76,983737280,983737000.0,27920437816.23,30348300000.0
2015-07-23,CSX,9.16,9.25,9.3,9.04,9.24,8867770,279353430.5236,9.14,0.9,983737280,983737000.0,28572066295.54,31056590000.0
2015-07-22,CSX,9.24,9.29,9.37,9.15,9.28,7728734,246060461.7739,9.23,0.79,983737280,983737000.0,28834521066.57,31341870000.0
2015-07-21,CSX,9.28,9.37,9.41,9.27,9.33,6202176,199294496.5993,9.32,0.63,983737280,983737000.0,28961225523.2,31479590000.0
2015-07-18,CSX,9.33,9.37,9.42,9.24,9.33,6642246,213410030.2565,9.32,0.68,983737280,983737000.0,29124126081.5,31656660000.0
2015-07-17,CSX,9.33,9.5,9.5,9.3,9.4,6914969,223157161.9852,9.36,0.7,983737280,983737000.0,29115081128.75,31646820000.0
2015-07-16,CSX,9.4,9.52,9.6,9.34,9.3,14437879,470549159.2254,9.45,1.47,983737280,983737000.0,29323235412.01,31873080000.0
2015-07-15,CSX,9.3,9.26,9.37,9.25,9.25,12428368,398964346.1466,9.31,1.26,983737280,983737000.0,29024585444.34,31548460000.0
2015-07-14,CSX,9.25,9.38,9.39,9.25,9.32,10270477,329258151.2704,9.3,1.04,983737280,983737000.0,28870716263.21,31381210000.0
2015-07-11,CSX,9.32,9.37,9.39,9.27,9.25,6025766,193445792.5777,9.31,0.61,983737280,983737000.0,29078885027.08,31607480000.0
2015-07-10,CSX,9.25,9.32,9.42,9.25,9.22,6876137,220334155.1128,9.29,0.7,983737280,983737000.0,28870716263.21,31381210000.0
2015-07-09,CSX,9.22,9.41,9.45,9.2,9.51,6816000,218381272.896,9.29,0.69,983737280,983737000.0,28771162050.47,31273000000.0
2015-07-08,CSX,9.51,9.45,9.56,9.32,9.43,8526844,277877064.2208,9.45,0.87,983737280,983737000.0,29676200348.07,32256730000.0
2015-07-07,CSX,9.43,9.39,9.5,9.34,9.48,6036793,196108818.5336,9.42,0.61,983737280,983737000.0,29413744672.0,31971460000.0
2015-07-03,CSX,9.48,9.59,9.61,9.46,9.54,6735270,220979467.0699,9.52,0.68,983737280,983737000.0,29576645230.3,32148520000.0
2015-07-02,CSX,9.54,9.55,9.62,9.49,9.47,6203129,204238611.6223,9.55,0.63,983737280,983737000.0,29775754560.81,32364950000.0
2015-07-01,CSX,9.47,9.51,9.55,9.4,9.42,11046727,360230409.265,9.46,1.12,983737280,983737000.0,29549494986.41,32119010000.0
2015-06-30,CSX,9.42,9.67,9.75,9.42,9.77,14840360,487145190.4116,9.52,1.51,983737280,983737000.0,29395640285.89,31951780000.0
2015-06-27,CSX,9.77,9.78,9.83,9.68,9.77,11074754,372540360.6041,9.76,1.13,983737280,983737000.0,30472638575.15,33122430000.0
2015-06-26,CSX,9.77,9.86,9.91,9.77,9.83,7915336,268025965.2436,9.82,0.8,987981280,987981000.0,30631368878.29,33294960000.0
2015-06-25,CSX,9.83,10.08,10.14,9.79,10.11,16653926,567933799.8828,9.89,1.69,987981280,987981000.0,30804070732.86,33482680000.0
2015-06-24,CSX,10.11,10.22,10.28,10.09,10.17,9118285,318990407.7711,10.15,0.92,987981280,987981000.0,31685746136.08,34441020000.0
2015-06-23,CSX,10.17,10.22,10.27,10.14,10.15,7553289,265359875.608,10.19,0.76,987981280,987981000.0,31858447990.65,34628750000.0
2015-06-20,CSX,10.15,10.26,10.31,10.15,10.31,9072734,319900127.9821,10.23,0.92,987981280,987981000.0,31803913241.88,34569470000.0
2015-06-19,CSX,10.31,10.14,10.35,10.14,10.1,8336469,295453648.1488,10.28,0.84,987981280,987981000.0,32303820862.25,35112840000.0
2015-06-18,CSX,10.1,10.04,10.14,9.99,10.03,6349942,220370292.1506,10.07,0.64,987981280,987981000.0,31649394787.57,34401510000.0
2015-06-17,CSX,10.03,10.06,10.13,9.98,10.06,6081164,210183855.1237,10.02,0.62,987981280,987981000.0,31431243067.29,34164390000.0
2015-06-16,CSX,10.06,10.02,10.16,9.99,10.08,4151899,144244029.4883,10.08,0.42,987981280,987981000.0,31513045190.45,34253300000.0
2015-06-13,CSX,10.08,10.07,10.33,10.04,10.14,8155438,285212850.3679,10.14,0.83,987981280,987981000.0,31585761521.6,34332350000.0
2015-06-12,CSX,10.14,9.87,10.29,9.84,9.85,10898493,379947589.6677,10.11,1.1,987981280,987981000.0,31785730750.56,34549700000.0
2015-06-11,CSX,9.85,9.82,9.87,9.77,9.79,5976129,202520888.2475,9.83,0.6,987981280,987981000.0,30876787972.96,33561720000.0
2015-06-10,CSX,9.79,9.84,9.88,9.76,9.87,4350399,147262298.2185,9.82,0.44,987981280,987981000.0,30685903627.06,33354240000.0
2015-06-09,CSX,9.87,9.95,9.95,9.8,9.99,6707832,228541209.2134,9.88,0.68,987981280,987981000.0,30931321812.79,33621000000.0
2015-06-06,CSX,9.99,9.87,10.02,9.86,9.87,4428926,152249198.6397,9.97,0.45,987981280,987981000.0,31294893470.17,34016180000.0
2015-06-05,CSX,9.87,9.83,9.95,9.82,9.89,7492445,255447382.3678,9.89,0.76,987981280,987981000.0,30940406695.85,33630870000.0
2015-06-04,CSX,9.89,9.89,10.02,9.87,9.89,6939266,237594264.1362,9.93,0.7,987981280,987981000.0,30994955078.76,33690160000.0
2015-06-03,CSX,9.89,9.91,9.99,9.85,9.93,6401449,219111318.5429,9.93,0.65,987981280,987981000.0,30994955078.76,33690160000.0
2015-06-02,CSX,9.93,9.93,10.0,9.85,9.88,8229273,281869931.0989,9.93,0.83,987981280,987981000.0,31122206158.68,33828480000.0
2015-05-30,CSX,9.88,10.08,10.09,9.86,10.07,8608922,294345112.47,9.92,0.87,987981280,987981000.0,30976771678.49,33670400000.0
2015-05-29,CSX,10.07,10.15,10.17,9.97,10.18,4340879,150348110.9028,10.05,0.44,987981280,987981000.0,31558495056.16,34302710000.0
2015-05-28,CSX,10.18,10.13,10.22,10.05,10.04,6175024,216183224.498,10.15,0.63,987981280,987981000.0,31903897856.36,34678140000.0
2015-05-27,CSX,10.04,10.17,10.22,10.02,10.23,6081652,212323212.3809,10.07,0.62,987981280,987981000.0,31613028895.99,34361980000.0
2015-05-23,CSX,10.23,10.22,10.29,10.18,10.26,4322067,153317110.5756,10.24,0.44,987981280,987981000.0,32240202139.36,35043700000.0
2015-05-22,CSX,10.26,10.17,10.35,10.14,10.18,7946340,282246034.5673,10.25,0.8,987981280,987981000.0,32312919379.45,35122730000.0
2015-05-21,CSX,10.18,10.21,10.29,10.13,10.27,8118746,286532426.3605,10.18,0.82,987981280,987981000.0,32058416310.67,34846100000.0
2015-05-20,CSX,10.27,10.31,10.4,10.25,10.31,4860953,173614259.1385,10.31,0.49,987981280,987981000.0,32358369245.16,35172140000.0
2015-05-19,CSX,10.31,10.2,10.38,10.15,10.24,8285817,295466450.7197,10.29,0.84,987981280,987981000.0,32476521807.88,35300560000.0
2015-05-16,CSX,10.24,10.07,10.24,10.04,10.07,10495497,370150927.0242,10.18,1.06,987981280,987981000.0,32267468604.8,35073330000.0
2015-05-15,CSX,10.07,9.96,10.16,9.9,10.04,14828833,516801215.9105,10.06,1.5,987981280,987981000.0,31722097484.58,34480540000.0
2015-05-14,CSX,10.04,10.31,10.41,10.02,10.3,10684836,373839973.4844,10.1,1.08,987981280,987981000.0,31613028895.99,34361980000.0
2015-05-13,CSX,10.3,10.35,10.4,10.24,10.4,6886461,245750281.6783,10.3,0.7,987981280,987981000.0,32440170459.37,35261050000.0
2015-05-12,CSX,10.4,10.53,10.62,10.4,10.58,7169309,260358510.6978,10.48,0.73,987981280,987981000.0,32776474742.37,35626600000.0
2015-05-09,CSX,10.58,10.5,10.72,10.46,10.36,11656024,427986984.8983,10.59,1.18,987981280,987981000.0,33340014719.77,36239140000.0
2015-05-08,CSX,10.36,10.28,10.48,10.23,10.29,8309777,299262541.8928,10.39,0.84,987981280,987981000.0,32640138779.39,35478410000.0
2015-05-07,CSX,10.29,10.23,10.4,10.11,10.22,10387446,369854321.9816,10.27,1.05,987981280,987981000.0,32403804567.78,35221520000.0
2015-05-06,CSX,10.22,10.51,10.6,10.19,10.56,13027782,465361544.5985,10.31,1.32,987981280,987981000.0,32185667390.59,34984420000.0
2015-05-05,CSX,10.56,10.81,10.86,10.39,10.81,19848575,729331859.1143,10.6,2.01,987981280,987981000.0,33276395996.88,36169990000.0
2015-05-02,CSX,10.81,10.51,10.87,10.47,10.41,15666379,582665424.7412,10.73,1.59,987981280,987981000.0,34049002811.5,37009780000.0
2015-05-01,CSX,10.41,10.58,10.61,10.38,10.66,8872684,321672033.6547,10.46,0.9,987981280,987981000.0,32803742116.76,35656240000.0
2015-04-30,CSX,10.66,10.6,10.69,10.46,10.62,11309665,413920178.7117,10.56,1.14,987981280,987981000.0,33585432905.49,36505900000.0
2015-04-29,CSX,10.62,10.62,10.68,10.53,10.65,8562824,315170099.0263,10.62,0.87,987981280,987981000.0,33458181825.57,36367590000.0
2015-04-28,CSX,10.65,10.7,10.83,10.6,10.71,14914520,552834946.8154,10.7,1.51,987981280,987981000.0,33549081556.99,36466390000.0
2015-04-25,CSX,10.71,10.62,10.73,10.47,10.64,11592895,427769803.2167,10.65,1.17,987981280,987981000.0,33739952268.74,36673860000.0
2015-04-24,CSX,10.64,10.35,10.74,10.34,10.46,15457602,568716216.4448,10.62,1.56,987981280,987981000.0,33530899065.66,36446630000.0
2015-04-23,CSX,10.46,10.18,10.51,10.18,10.2,25233129,910529940.4926,10.41,2.55,987981280,987981000.0,32958260571.06,35824190000.0
2015-04-22,CSX,10.2,10.07,10.29,9.7,10.07,28097727,976204808.2178,10.02,2.84,987981280,987981000.0,32131133550.76,34925140000.0
2015-04-21,CSX,10.07,9.62,10.1,9.55,9.61,21352520,737776562.8965,9.97,2.16,987981280,987981000.0,31713013510.46,34470660000.0
2015-04-18,CSX,9.61,9.3,9.61,9.3,9.35,15362118,504490495.7188,9.48,1.55,987981280,987981000.0,30267798129.85,32899780000.0
2015-04-17,CSX,9.35,9.38,9.42,9.22,9.48,11139883,360732760.7348,9.34,1.13,987981280,987981000.0,29467923940.85,32030350000.0
2015-04-16,CSX,9.48,9.73,9.85,9.47,9.58,14157993,469810288.2842,9.57,1.43,987981280,987981000.0,29867860580.88,32465060000.0
2015-04-15,CSX,9.58,9.2,9.6,9.2,9.55,19032567,625097979.4561,9.48,1.93,987981280,987981000.0,30185996006.7,32810860000.0
2015-04-14,CSX,9.55,9.68,9.73,9.52,9.74,8282559,276246525.5326,9.62,0.84,987981280,987981000.0,30067828900.89,32682420000.0
2015-04-11,CSX,9.74,9.8,9.83,9.73,9.75,8002984,271169108.364,9.78,0.81,987981280,987981000.0,30676818744.0,33344360000.0
2015-04-10,CSX,9.75,9.62,9.77,9.61,9.59,6499930,218108381.6152,9.68,0.66,987981280,987981000.0,30713171001.45,33383880000.0
2015-04-09,CSX,9.59,9.68,9.71,9.58,9.68,6767293,225855724.027,9.63,0.68,987981280,987981000.0,30222347355.2,32850380000.0
2015-04-08,CSX,9.68,9.65,9.72,9.57,9.59,6559133,219847760.5405,9.67,0.66,987981280,987981000.0,30495033824.25,33146770000.0
2015-04-07,CSX,9.59,9.52,9.65,9.52,9.61,6827742,227018987.1458,9.59,0.69,987981280,987981000.0,30213263381.08,32840500000.0
2015-04-03,CSX,9.61,9.6,9.64,9.5,9.65,9257266,307503224.0977,9.58,0.94,987981280,987981000.0,30285980621.17,32919540000.0
2015-04-02,CSX,9.65,9.58,9.7,9.51,9.56,9978484,332560968.9476,9.62,1.01,987981280,987981000.0,30404133183.89,33047970000.0
2015-04-01,CSX,9.56,9.59,9.62,9.47,9.62,9094594,301650466.9136,9.57,0.92,987981280,987981000.0,30104181158.34,32721930000.0
2015-03-31,CSX,9.62,9.62,9.7,9.59,9.58,7334172,244668770.0106,9.63,0.74,987981280,987981000.0,30313247995.56,32949180000.0
2015-03-28,CSX,9.58,9.57,9.6,9.46,9.6,6591496,217869383.0291,9.54,0.67,987981280,987981000.0,30176897489.49,32800970000.0
2015-03-27,CSX,9.6,9.55,9.65,9.44,9.61,9833969,325897732.66,9.56,0.99,991591040,991591000.0,30351019750.05,32990230000.0
2015-03-26,CSX,9.61,9.8,9.81,9.61,9.74,7976184,267443874.2799,9.68,0.8,991591040,991591000.0,30387503914.48,33029890000.0
2015-03-25,CSX,9.74,9.71,9.85,9.66,9.72,9378656,317568748.1915,9.77,0.95,991591040,991591000.0,30798019868.25,33476110000.0
2015-03-24,CSX,9.72,10.1,10.1,9.71,10.15,9363895,318843368.3712,9.83,0.94,991591040,991591000.0,30743285867.37,33416610000.0
2015-03-21,CSX,10.15,10.07,10.2,10.07,10.03,12272774,431635879.3165,10.15,1.24,991591040,991591000.0,32075197338.14,34864340000.0
2015-03-20,CSX,10.03,10.07,10.11,9.96,10.12,4715817,164083537.2956,10.04,0.48,991591040,991591000.0,31701165548.8,34457790000.0
2015-03-19,CSX,10.12,9.95,10.15,9.9,9.99,5892293,204418404.364,10.01,0.59,991591040,991591000.0,31983965488.88,34765180000.0
2015-03-18,CSX,9.99,9.93,10.02,9.92,10.0,4376703,151407239.0418,9.98,0.44,991591040,991591000.0,31591698459.3,34338800000.0
2015-03-17,CSX,10.0,9.92,10.01,9.87,9.85,5758676,198472751.064,9.94,0.58,991591040,991591000.0,31619065459.74,34368550000.0
2015-03-14,CSX,9.85,9.84,9.87,9.74,9.86,8170809,277910490.8766,9.81,0.82,991591040,991591000.0,31135566580.9,33843000000.0
2015-03-13,CSX,9.86,9.75,9.9,9.75,9.71,5509313,187778834.7955,9.83,0.56,991591040,991591000.0,31181168821.58,33892570000.0
2015-03-12,CSX,9.71,9.7,9.76,9.66,9.65,4563363,153626979.8405,9.71,0.46,991591040,991591000.0,30706801702.94,33376960000.0
2015-03-11,CSX,9.65,9.68,9.74,9.65,9.8,7926223,265834462.3389,9.68,0.8,991591040,991591000.0,30496971003.98,33148880000.0
2015-03-10,CSX,9.8,9.69,9.82,9.69,9.72,5559367,188413646.6672,9.78,0.56,991591040,991591000.0,30971351806.57,33664510000.0
2015-03-07,CSX,9.72,9.7,9.8,9.68,9.78,6931606,233619431.3422,9.72,0.7,991591040,991591000.0,30725036943.18,33396770000.0
2015-03-06,CSX,9.78,9.85,9.86,9.75,9.88,7065688,239445603.1164,9.78,0.71,990564800,990565000.0,30875513146.68,33560340000.0
2015-03-05,CSX,9.88,9.81,9.89,9.71,9.85,12541051,426562605.2246,9.81,1.27,990564800,990565000.0,31203589119.76,33916940000.0
2015-03-04,CSX,9.85,9.89,9.92,9.82,10.0,6730367,229885127.5899,9.86,0.68,990564800,990565000.0,31094221652.64,33798060000.0
2015-03-03,CSX,10.0,9.94,10.02,9.9,9.9,8529832,294792665.7671,9.97,0.86,990564800,990565000.0,31595450175.4,34342880000.0
2015-02-28,CSX,9.9,9.95,10.03,9.85,9.9,11347461,391350100.2219,9.95,1.15,990564800,990565000.0,30927511439.25,33986270000.0
2015-02-27,CSX,9.9,10.18,10.21,9.89,10.16,9977828,345722700.2878,10.0,1.01,990564800,990565000.0,30927511439.25,33986270000.0
2015-02-26,CSX,10.16,10.25,10.29,10.15,10.22,5886027,207927482.4794,10.19,0.59,990564800,990565000.0,31738792123.18,34877790000.0
2015-02-25,CSX,10.22,10.27,10.29,10.2,10.27,2973194,105935508.7516,10.23,0.3,990564800,990565000.0,32063302053.07,35234390000.0
2015-02-24,CSX,10.27,10.23,10.28,10.17,10.21,3859992,137733029.7024,10.25,0.39,990564800,990565000.0,32243582142.43,35432500000.0
2015-02-21,CSX,10.21,10.17,10.25,10.1,10.21,5792192,205126998.5726,10.17,0.58,990564800,990565000.0,32045270168.06,35214580000.0
2015-02-20,CSX,10.21,10.11,10.28,10.09,10.17,6136602,218094233.693,10.21,0.62,990564800,990565000.0,32027237381.63,35194760000.0
2015-02-19,CSX,10.17,10.31,10.31,10.14,10.3,7729141,273971730.7249,10.18,0.78,990564800,990565000.0,31901040327.52,35056090000.0
2015-02-18,CSX,10.3,10.02,10.33,10.02,10.36,6732453,240574149.6702,10.26,0.68,990564800,990565000.0,32315697062.7,35511750000.0
2015-02-14,CSX,10.36,10.52,10.61,10.31,10.5,7623266,276625476.2118,10.42,0.77,990564800,990565000.0,32523017768.27,35739580000.0
2015-02-13,CSX,10.5,10.35,10.52,10.35,10.32,5193484,189049049.7808,10.46,0.52,990564800,990565000.0,32964716021.07,36224960000.0
2015-02-12,CSX,10.32,10.17,10.41,10.17,10.21,6557543,235722044.0732,10.33,0.66,990564800,990565000.0,32396820714.16,35600900000.0
2015-02-11,CSX,10.21,10.18,10.24,10.1,10.14,4045281,143277797.2343,10.17,0.41,990564800,990565000.0,32027237381.63,35194760000.0
2015-02-10,CSX,10.14,10.14,10.22,10.11,10.18,4786543,169176059.2328,10.15,0.48,990564800,990565000.0,31819916676.06,34966940000.0
2015-02-07,CSX,10.18,10.13,10.25,10.12,10.11,6979238,247518012.6424,10.19,0.7,990564800,990565000.0,31946113730.16,35105620000.0
2015-02-06,CSX,10.11,9.94,10.12,9.94,9.93,5089828,178499764.067,10.07,0.51,990564800,990565000.0,31729768969.36,34867880000.0
2015-02-05,CSX,9.93,9.91,9.99,9.86,9.96,5683285,196339304.5547,9.92,0.57,990564800,990565000.0,31161888085.07,34243830000.0
2015-02-04,CSX,9.96,9.73,9.97,9.71,9.67,6117684,210531560.6908,9.89,0.62,990564800,990565000.0,31243011736.54,34332980000.0
2015-02-03,CSX,9.67,9.61,9.68,9.54,9.57,6155387,205834282.3531,9.61,0.62,990564800,990565000.0,30359616132.34,33362210000.0
2015-01-31,CSX,9.57,9.63,9.73,9.55,9.7,7672922,256940798.7728,9.62,0.77,990564800,990565000.0,30017088740.06,32985810000.0
2015-01-30,CSX,9.7,9.68,9.73,9.58,9.68,7452887,250486307.5962,9.65,0.75,990564800,990565000.0,30431731052.61,33441460000.0
2015-01-29,CSX,9.68,9.95,9.98,9.66,9.86,8821504,301095609.814,9.8,0.89,990564800,990565000.0,30377648017.36,33382030000.0
2015-01-28,CSX,9.86,9.93,9.98,9.8,10.04,5919109,203509023.9862,9.88,0.6,990564800,990565000.0,30936534593.07,33996190000.0
2015-01-27,CSX,10.04,9.9,10.05,9.88,9.9,4828188,168315944.6868,10.01,0.49,990564800,990565000.0,31513438631.18,34630150000.0
2015-01-24,CSX,9.9,10.06,10.07,9.89,10.13,5979660,207104310.229,9.95,0.6,990564800,990565000.0,31071741279.79,34144770000.0
2015-01-23,CSX,10.13,10.06,10.18,10.0,9.97,5676172,199910804.5196,10.12,0.57,995397280,995397000.0,31929856249.2,35087750000.0
2015-01-22,CSX,9.97,9.91,10.05,9.87,9.92,4724297,163950609.4204,9.97,0.47,995397280,995397000.0,31431657193.13,34540280000.0
2015-01-21,CSX,9.92,10.01,10.09,9.89,10.01,6282406,217561573.0898,9.95,0.63,995397280,995397000.0,31286724631.72,34381010000.0
2015-01-17,CSX,10.01,9.81,10.03,9.81,9.8,8396793,290922822.2013,9.95,0.84,995397280,995397000.0,31576590660.34,34699550000.0
2015-01-16,CSX,9.8,9.71,9.95,9.69,9.67,9834215,336699870.3129,9.83,0.99,995397280,995397000.0,30897232016.74,33953000000.0
2015-01-15,CSX,9.67,9.51,9.81,9.48,9.64,11787704,396860143.3038,9.67,1.18,995397280,995397000.0,30480552374.65,33495110000.0
2015-01-14,CSX,9.64,9.79,9.85,9.51,9.74,9912973,334034497.115,9.68,1.0,995397280,995397000.0,30389980280.29,33395580000.0
2015-01-13,CSX,9.74,9.82,9.83,9.69,9.88,10455649,355151295.4878,9.76,1.05,995397280,995397000.0,30716072429.21,33753920000.0
2015-01-10,CSX,9.88,9.93,9.97,9.83,9.9,8376164,288422326.703,9.89,0.84,995397280,995397000.0,31159911018.25,34241660000.0
2015-01-09,CSX,9.9,9.81,9.97,9.72,9.75,9576125,329411048.6761,9.88,0.96,995397280,995397000.0,31223325071.48,34311340000.0
2015-01-08,CSX,9.75,9.7,9.82,9.57,9.62,9713336,328485538.568,9.71,0.98,995397280,995397000.0,30734178695.78,33773820000.0
2015-01-07,CSX,9.62,9.86,9.91,9.58,10.02,14541317,490596392.5364,9.69,1.46,995397280,995397000.0,30335633400.42,33335860000.0
2015-01-06,CSX,10.02,10.17,10.21,9.99,10.3,8631317,302801239.0736,10.08,0.87,995397280,995397000.0,31594710514.08,34719460000.0
2015-01-03,CSX,10.3,10.37,10.47,10.2,10.41,4688586,167951269.1247,10.29,0.47,995397280,995397000.0,32473349504.76,35685000000.0
2015-01-01,CSX,10.41,10.49,10.5,10.39,10.46,4871578,177095495.8468,10.44,0.49,995397280,995397000.0,32817547920.26,36063230000.0
2014-12-31,CSX,10.46,10.54,10.55,10.44,10.57,4089428,149179446.3038,10.48,0.41,995397280,995397000.0,32998707507.78,36262310000.0
2014-12-30,CSX,10.57,10.5,10.62,10.47,10.54,2885272,106251278.1972,10.58,0.29,995397280,995397000.0,33342920416.26,36640570000.0
2014-12-27,CSX,10.54,10.55,10.59,10.52,10.5,1781098,65421325.4038,10.55,0.18,995397280,995397000.0,33225160388.98,36511160000.0
2014-12-25,CSX,10.5,10.53,10.56,10.48,10.52,1570745,57526953.8848,10.52,0.16,995397280,995397000.0,33116467535.06,36391720000.0
2014-12-24,CSX,10.52,10.53,10.56,10.43,10.46,3545429,129691799.9109,10.51,0.36,995397280,995397000.0,33179880682.48,36461410000.0
2014-12-23,CSX,10.46,10.33,10.48,10.33,10.27,4800313,174083864.5785,10.42,0.48,995397280,995397000.0,32998707507.78,36262310000.0
2014-12-20,CSX,10.27,10.3,10.41,10.27,10.36,11798215,423761266.4321,10.32,1.19,995397280,995397000.0,32391815597.79,35595400000.0
2014-12-19,CSX,10.36,10.44,10.53,10.32,10.27,10018274,361978332.6228,10.38,1.01,995397280,995397000.0,32663561772.66,35894020000.0
2014-12-18,CSX,10.27,9.97,10.3,9.87,9.96,7984211,281374733.6143,10.12,0.8,995397280,995397000.0,32400882771.15,35605360000.0
2014-12-17,CSX,9.96,9.89,10.23,9.88,9.92,5946609,208320417.1662,10.06,0.6,995397280,995397000.0,31404484659.0,34510420000.0
2014-12-16,CSX,9.92,10.08,10.17,9.86,10.01,8142031,282250783.5907,9.96,0.82,995397280,995397000.0,31277671045.53,34371060000.0
2014-12-13,CSX,10.01,10.07,10.26,10.0,10.16,5704020,200890981.2559,10.12,0.57,995397280,995397000.0,31558470806.6,34679630000.0
2014-12-12,CSX,10.16,10.11,10.27,10.1,10.05,6770684,240302360.8596,10.19,0.68,995397280,995397000.0,32047616276.48,35217160000.0
2014-12-11,CSX,10.05,10.35,10.38,10.02,10.4,6762942,238510007.8136,10.13,0.68,995397280,995397000.0,31694350687.62,34828950000.0
2014-12-10,CSX,10.4,10.15,10.41,10.13,10.3,6546465,234857731.2934,10.31,0.66,995397280,995397000.0,32790374480.33,36033380000.0
2014-12-09,CSX,10.3,10.53,10.57,10.28,10.61,6929641,250367963.9782,10.38,0.7,995397280,995397000.0,32473349504.76,35685000000.0
2014-12-06,CSX,10.61,10.53,10.73,10.52,10.5,5506817,204010531.7582,10.64,0.55,995397280,995397000.0,33469733123.93,36779920000.0
2014-12-05,CSX,10.5,10.71,10.78,10.45,10.7,7566129,277716285.7369,10.54,0.76,995397280,995397000.0,33098347681.32,36371810000.0
2014-12-04,CSX,10.7,10.51,10.75,10.5,10.47,9509090,352725486.9695,10.66,0.96,995397280,995397000.0,33750532884.99,37088500000.0
2014-12-03,CSX,10.47,9.95,10.49,9.94,10.07,12010430,431371384.0311,10.32,1.21,995397280,995397000.0,33025894534.89,36292190000.0
2014-12-02,CSX,10.07,10.33,10.36,9.94,10.48,13854817,485699965.1143,10.07,1.39,995397280,995397000.0,31757750247.86,34898620000.0
2014-11-29,CSX,10.48,10.87,10.88,10.43,10.89,6717738,247709212.6737,10.59,0.67,995397280,995397000.0,33053067974.82,36322050000.0
2014-11-27,CSX,10.89,10.87,10.91,10.84,10.88,2557997,96902561.6274,10.88,0.26,995397280,995397000.0,34339318528.41,37735510000.0
2014-11-26,CSX,10.88,10.86,10.91,10.84,10.83,3897154,147619933.9307,10.88,0.39,995397280,995397000.0,34312145088.48,37705650000.0
2014-11-25,CSX,10.83,10.77,10.85,10.77,10.74,4632461,175184374.0013,10.82,0.47,995397280,995397000.0,34312145088.48,37705650000.0
2014-11-22,CSX,10.74,10.78,10.79,10.69,10.67,5442781,204325786.9156,10.74,0.55,995397280,995397000.0,34022279059.86,37387120000.0
2014-11-21,CSX,10.67,10.52,10.67,10.49,10.55,4386977,163063527.1011,10.63,0.44,995397280,995397000.0,33777706324.92,37118360000.0
2014-11-20,CSX,10.55,10.47,10.55,10.39,10.49,4227379,155243298.7759,10.5,0.42,995397280,995397000.0,33397267296.13,36700290000.0
2014-11-19,CSX,10.49,10.41,10.55,10.41,10.49,4378348,160603054.2793,10.49,0.44,995397280,995397000.0,33216107708.6,36501210000.0
2014-11-18,CSX,10.49,10.46,10.52,10.43,10.52,3122731,114413766.0908,10.48,0.31,995397280,995397000.0,33216107708.6,36501210000.0
2014-11-15,CSX,10.52,10.46,10.54,10.44,10.48,3894796,143143856.1008,10.51,0.39,995397280,995397000.0,33324800562.52,36620660000.0
2014-11-14,CSX,10.48,10.54,10.57,10.42,10.52,4972391,182424594.8125,10.49,0.5,995397280,995397000.0,33179880682.48,36461410000.0
2014-11-13,CSX,10.52,10.45,10.54,10.41,10.5,7237453,265296120.5927,10.48,0.73,995397280,995397000.0,33306694295.95,36600760000.0
2014-11-12,CSX,10.5,10.45,10.51,10.39,10.46,6521750,238682360.8467,10.47,0.66,995397280,995397000.0,33252347416.09,36541040000.0
2014-11-11,CSX,10.46,10.19,10.46,10.18,10.14,7539484,273683299.3579,10.38,0.76,995397280,995397000.0,33116467535.06,36391720000.0
2014-11-08,CSX,10.14,10.07,10.18,10.07,10.05,11893309,421133770.1603,10.13,1.19,995397280,995397000.0,32111015836.73,35286830000.0
2014-11-07,CSX,10.05,9.91,10.08,9.91,9.89,6048504,212159104.5642,10.03,0.61,995397280,995397000.0,31821163395.28,34968310000.0
2014-11-06,CSX,9.89,9.91,9.95,9.84,9.9,14856200,513051216.057,9.88,1.49,995397280,995397000.0,31322950752.03,34420820000.0
2014-11-05,CSX,9.9,9.96,10.09,9.89,10.12,17315149,603806915.2381,9.97,1.74,995397280,995397000.0,31341070605.78,34440730000.0
2014-11-04,CSX,10.12,10.22,10.23,10.03,10.19,5472242,193552592.1211,10.12,0.55,995397280,995397000.0,32038550008.93,35207200000.0
2014-11-01,CSX,10.19,10.22,10.28,10.14,10.09,6253777,222789473.5705,10.19,0.63,995397280,995397000.0,32274055570.51,35465990000.0
2014-10-31,CSX,10.09,10.12,10.2,10.02,10.13,6752387,238636750.4438,10.11,0.68,995397280,995397000.0,31966083275.32,35127560000.0
2014-10-30,CSX,10.13,10.1,10.15,9.99,10.09,5464820,192999392.0995,10.1,0.55,995397280,995397000.0,32065722543.05,35237050000.0
2014-10-29,CSX,10.09,10.06,10.15,10.0,10.0,5540340,195692543.1146,10.1,0.56,995397280,995397000.0,31966083275.32,35127560000.0
2014-10-28,CSX,10.0,10.09,10.12,9.95,10.1,5792047,202816037.99,10.02,0.58,995397280,995397000.0,31676216340.89,34809020000.0
2014-10-25,CSX,10.1,9.97,10.11,9.91,9.96,5082465,178405179.4291,10.04,0.51,995397280,995397000.0,31975135955.7,35137510000.0
2014-10-24,CSX,9.96,9.86,10.11,9.85,9.72,8917465,312191425.1754,10.01,0.9,995397280,995397000.0,31540350952.86,34659720000.0
2014-10-23,CSX,9.72,9.75,9.81,9.64,9.78,12060622,410109366.3668,9.73,1.21,995397280,995397000.0,30779471989.46,33823590000.0
2014-10-22,CSX,9.78,9.67,9.85,9.63,9.58,13052200,444697512.2268,9.75,1.31,995397280,995397000.0,30978751430.73,34042580000.0
2014-10-21,CSX,9.58,9.26,9.61,9.25,9.69,19288055,635707058.0663,9.43,1.94,995397280,995397000.0,30353739666.99,33355750000.0
2014-10-18,CSX,9.69,9.52,9.73,9.51,9.43,10143727,341684302.8112,9.63,1.02,995397280,995397000.0,30670765548.37,33704130000.0
2014-10-17,CSX,9.43,9.34,9.65,9.29,9.43,15307973,508400546.2859,9.5,1.54,995397280,995397000.0,29873660464.66,32828200000.0
2014-10-16,CSX,9.43,8.87,9.51,8.87,9.33,16090903,517929142.4022,9.21,1.62,995397280,995397000.0,29873660464.66,32828200000.0
2014-10-15,CSX,9.33,9.09,9.44,9.09,9.07,19081610,622783564.5293,9.34,1.92,995397280,995397000.0,29538501142.37,32459890000.0
2014-10-14,CSX,9.07,9.58,9.75,9.04,8.56,40334938,1333359709.1042,9.46,4.05,995397280,995397000.0,28714222618.73,31554090000.0
2014-10-11,CSX,8.56,8.8,8.8,8.51,8.79,12252629,371098964.5433,8.66,1.23,995397280,995397000.0,27119986182.77,29802180000.0
2014-10-10,CSX,8.79,8.95,9.0,8.76,9.01,7717473,238225989.5309,8.83,0.78,995397280,995397000.0,27835584533.86,30588550000.0
2014-10-09,CSX,9.01,8.88,9.02,8.78,8.9,7420574,230766427.5816,8.9,0.75,995397280,995397000.0,28523996763.65,31345050000.0
2014-10-08,CSX,8.9,9.12,9.12,8.89,9.17,5709039,179393939.3078,8.99,0.57,995397280,995397000.0,28170730268.98,30956840000.0
2014-10-07,CSX,9.17,9.2,9.25,9.15,9.13,6435527,206932993.4822,9.2,0.65,995397280,995397000.0,29049369259.66,31922380000.0
2014-10-04,CSX,9.13,9.05,9.16,9.02,8.96,4383363,139763910.6076,9.12,0.44,995397280,995397000.0,28922555646.18,31783020000.0
2014-10-03,CSX,8.96,8.93,9.0,8.86,8.89,8520852,266515208.856,8.95,0.86,995397280,995397000.0,28388130469.8,31195740000.0
2014-10-02,CSX,8.89,9.11,9.12,8.81,9.17,10564004,329577877.9008,8.92,1.06,995397280,995397000.0,28161677588.6,30946890000.0
2014-10-01,CSX,9.17,9.21,9.29,9.15,9.23,6116820,196908944.2966,9.21,0.61,995397280,995397000.0,29040315673.46,31912430000.0
2014-09-30,CSX,9.23,9.15,9.25,9.12,9.24,4665449,150001636.0721,9.2,0.47,995397280,995397000.0,29221475260.99,32111510000.0
2014-09-27,CSX,9.24,9.09,9.3,9.09,9.09,6257027,201765925.9509,9.22,0.63,995397280,995397000.0,29275822140.86,32171230000.0
2014-09-26,CSX,9.09,9.16,9.16,9.04,9.16,5971961,189606118.8538,9.08,0.6,999572320,999572000.0,28907430670.33,31766400000.0
2014-09-25,CSX,9.16,9.09,9.18,9.08,9.07,7612070,243303763.6944,9.14,0.76,999572320,999572000.0,29143924933.18,32026290000.0
2014-09-24,CSX,9.07,9.15,9.17,9.07,9.17,5023840,160114739.3301,9.12,0.5,999572320,999572000.0,28852842196.71,31706420000.0
2014-09-23,CSX,9.17,9.27,9.3,9.16,9.28,5652910,181774408.669,9.2,0.57,999572320,999572000.0,29162120787.85,32046280000.0
2014-09-20,CSX,9.28,9.33,9.34,9.24,9.26,5378113,174729997.2872,9.29,0.54,999572320,999572000.0,29525959654.67,32446110000.0
2014-09-19,CSX,9.26,9.26,9.3,9.23,9.25,3750985,121447471.8257,9.26,0.38,999572320,999572000.0,29462294174.77,32376140000.0
2014-09-18,CSX,9.25,9.12,9.28,9.12,9.12,8609336,277817142.8728,9.23,0.86,999572320,999572000.0,29416810905.38,32326160000.0
2014-09-17,CSX,9.12,9.01,9.12,8.98,9.01,4746027,150503573.5121,9.07,0.47,999572320,999572000.0,28989292914.5,31856360000.0
2014-09-16,CSX,9.01,8.97,9.02,8.93,8.95,4421512,138872153.242,8.98,0.44,999572320,999572000.0,28643636258.19,31476520000.0
2014-09-13,CSX,8.95,8.98,9.0,8.9,8.97,6509781,203716435.6359,8.95,0.65,999572320,999572000.0,28461716824.78,31276610000.0
2014-09-12,CSX,8.97,8.87,8.98,8.84,8.87,7161684,223561884.9923,8.93,0.72,999572320,999572000.0,28525382304.68,31346570000.0
2014-09-11,CSX,8.87,8.92,8.96,8.84,8.9,4302496,133524895.6804,8.88,0.43,999572320,999572000.0,28197935147.2,30986740000.0
2014-09-10,CSX,8.9,8.93,8.94,8.87,8.92,3131970,97536091.6173,8.91,0.31,999572320,999572000.0,28288888041.82,31086690000.0
2014-09-09,CSX,8.92,9.0,9.01,8.9,9.01,3653005,114082608.243,8.93,0.37,999572320,999572000.0,28370750286.0,31176640000.0
2014-09-06,CSX,9.01,8.94,9.01,8.89,8.93,4155102,130232929.8554,8.97,0.42,999572320,999572000.0,28643636258.19,31476520000.0
2014-09-05,CSX,8.93,8.92,9.01,8.88,8.9,5465199,171014799.1676,8.95,0.55,999572320,999572000.0,28388946140.67,31196640000.0
2014-09-04,CSX,8.9,8.92,8.98,8.88,8.88,6443477,201138224.9018,8.93,0.64,999572320,999572000.0,28297979601.88,31096680000.0
2014-09-03,CSX,8.88,8.86,8.95,8.85,8.84,3616149,112450282.5276,8.89,0.36,999572320,999572000.0,28252509976.65,31046710000.0
2014-08-30,CSX,8.84,8.8,8.84,8.78,8.8,3455848,106586252.3885,8.82,0.35,999572320,999572000.0,28116060168.47,30896770000.0
2014-08-29,CSX,8.8,8.79,8.81,8.74,8.8,2925204,89849372.5808,8.79,0.29,999572320,999572000.0,27988715564.52,30756830000.0
2014-08-28,CSX,8.8,8.8,8.84,8.79,8.77,3117263,96048480.9861,8.81,0.31,999572320,999572000.0,27997819859.13,30766830000.0
2014-08-27,CSX,8.77,8.78,8.8,8.76,8.75,4947176,152672270.5291,8.78,0.49,999572320,999572000.0,28043289484.36,30816800000.0
2014-08-26,CSX,8.75,8.78,8.78,8.73,8.74,3973422,122187093.2908,8.75,0.4,999572320,999572000.0,27961428149.79,30726840000.0
2014-08-23,CSX,8.74,8.72,8.76,8.7,8.72,3705712,113795374.6672,8.74,0.37,999572320,999572000.0,27934140735.07,30696850000.0
2014-08-22,CSX,8.72,8.81,8.82,8.7,8.78,5511836,169054563.693,8.73,0.55,999572320,999572000.0,27861370050.95,30616890000.0
2014-08-21,CSX,8.78,8.71,8.8,8.71,8.7,6185149,190616334.0901,8.77,0.62,999572320,999572000.0,28079682103.3,30856790000.0
2014-08-20,CSX,8.7,8.74,8.79,8.69,8.72,5507281,168967715.3101,8.73,0.55,999572320,999572000.0,27815886781.56,30566910000.0
2014-08-19,CSX,8.72,8.65,8.72,8.64,8.6,4645106,141802535.1036,8.69,0.46,999572320,999572000.0,27870475255.17,30626890000.0
2014-08-16,CSX,8.6,8.62,8.62,8.52,8.58,5383254,162189831.0988,8.57,0.54,999572320,999572000.0,27488425979.91,30207060000.0
2014-08-15,CSX,8.58,8.47,8.58,8.47,8.46,5437734,163025402.3495,8.53,0.54,999572320,999572000.0,27433852060.07,30147090000.0
2014-08-14,CSX,8.46,8.48,8.51,8.43,8.43,4518117,134237769.6689,8.45,0.45,999572320,999572000.0,27033620574.31,29707270000.0
2014-08-13,CSX,8.43,8.43,8.52,8.4,8.48,5389090,159995599.0247,8.45,0.54,999572320,999572000.0,26951759239.75,29617310000.0
2014-08-12,CSX,8.48,8.45,8.55,8.43,8.41,5240156,156631380.7328,8.51,0.52,999572320,999572000.0,27106391258.43,29787240000.0
2014-08-09,CSX,8.41,8.33,8.42,8.3,8.33,5234817,153975797.4568,8.37,0.52,999572320,999572000.0,26869897905.18,29527360000.0
2014-08-08,CSX,8.33,8.36,8.4,8.31,8.34,5823684,170646671.7732,8.34,0.58,999572320,999572000.0,26624299347.72,29257470000.0
2014-08-07,CSX,8.34,8.32,8.37,8.27,8.37,5575524,163069023.0852,8.32,0.56,999572320,999572000.0,26660691057.05,29297460000.0
2014-08-06,CSX,8.37,8.4,8.47,8.33,8.46,6369707,188100556.127,8.4,0.64,999572320,999572000.0,26769839806.34,29417400000.0
2014-08-05,CSX,8.46,8.43,8.46,8.36,8.42,6103184,180463747.7178,8.41,0.61,999572320,999572000.0,27033620574.31,29707270000.0
2014-08-02,CSX,8.42,8.5,8.54,8.35,8.51,8666820,256829926.5004,8.43,0.87,999572320,999572000.0,26915381174.58,29577340000.0
2014-08-01,CSX,8.51,8.61,8.62,8.5,8.67,5805086,174255864.0901,8.54,0.58,999572320,999572000.0,27215554561.49,29907200000.0
2014-07-31,CSX,8.67,8.71,8.76,8.63,8.68,4808484,146546214.6235,8.67,0.48,999572320,999572000.0,27706738032.27,30446960000.0
2014-07-30,CSX,8.68,8.74,8.76,8.66,8.74,7635020,233490348.86,8.7,0.76,999572320,999572000.0,27761312861.72,30506930000.0
2014-07-29,CSX,8.74,8.83,8.84,8.72,8.82,6405617,197097542.6029,8.76,0.64,999572320,999572000.0,27952336589.73,30716850000.0
2014-07-26,CSX,8.82,8.84,8.9,8.8,8.85,3554739,110403787.7003,8.84,0.36,999572320,999572000.0,28197935147.2,30986740000.0
2014-07-25,CSX,8.85,8.87,8.91,8.85,8.86,3558326,110909811.8099,8.87,0.36,999572320,999572000.0,28288888041.82,31086690000.0
2014-07-24,CSX,8.86,8.92,8.95,8.84,8.92,4989274,155597429.813,8.87,0.5,999572320,999572000.0,28316175456.55,31116670000.0
2014-07-23,CSX,8.92,8.91,8.99,8.9,8.86,6809399,214073810.8586,8.95,0.68,999572320,999572000.0,28516290744.62,31336580000.0
2014-07-22,CSX,8.86,8.84,8.89,8.82,8.85,4834570,150474961.4866,8.86,0.48,999572320,999572000.0,28325280660.77,31126680000.0
2014-07-19,CSX,8.85,8.8,8.86,8.78,8.75,4864207,150861896.5219,8.83,0.49,999572320,999572000.0,28279797391.38,31076700000.0
2014-07-18,CSX,8.75,8.84,8.9,8.75,8.88,6325379,196148718.7381,8.82,0.63,999572320,999572000.0,27979624004.46,30746840000.0
2014-07-17,CSX,8.88,8.78,8.91,8.71,8.86,11628364,361601386.2409,8.85,1.16,999572320,999572000.0,28370750286.0,31176640000.0
2014-07-16,CSX,8.86,8.82,8.88,8.78,8.83,10500739,326245223.3336,8.84,1.05,999572320,999572000.0,28334371311.22,31136670000.0
2014-07-15,CSX,8.83,8.85,8.88,8.81,8.82,7832219,243486457.8282,8.85,0.78,999572320,999572000.0,28225222561.93,31016730000.0
2014-07-12,CSX,8.82,8.79,8.83,8.75,8.78,5587133,172790463.1374,8.8,0.56,999572320,999572000.0,28197935147.2,30986740000.0
2014-07-11,CSX,8.78,8.77,8.84,8.76,8.85,6823844,210890891.9962,8.79,0.68,999572320,999572000.0,28052394688.58,30826800000.0
2014-07-10,CSX,8.85,8.81,8.87,8.8,8.79,5012434,155733301.8823,8.84,0.5,999572320,999572000.0,28288888041.82,31086690000.0
2014-07-09,CSX,8.79,8.83,8.87,8.76,8.82,6442430,199575445.5174,8.81,0.64,999572320,999572000.0,28106968608.42,30886770000.0
2014-07-08,CSX,8.82,8.83,8.86,8.78,8.88,4570660,141385546.7007,8.8,0.46,999572320,999572000.0,28207026707.26,30996730000.0
2014-07-04,CSX,8.88,8.84,8.88,8.84,8.83,2512310,78266721.9999,8.86,0.25,999572320,999572000.0,28379854580.61,31186650000.0
2014-07-03,CSX,8.83,8.83,8.87,8.81,8.81,4014982,124554746.9751,8.83,0.4,999572320,999572000.0,28216118267.32,31006720000.0
2014-07-02,CSX,8.81,8.82,8.84,8.75,8.77,4463344,138170793.9791,8.81,0.45,999572320,999572000.0,28170634088.31,30956740000.0
2014-07-01,CSX,8.77,8.75,8.86,8.74,8.76,7351192,227062839.2696,8.79,0.74,999572320,999572000.0,28025107273.85,30796820000.0
2014-06-28,CSX,8.76,8.73,8.77,8.71,8.72,10678583,327978794.6871,8.74,1.07,999572320,999572000.0,27988715564.52,30756830000.0
2014-06-27,CSX,8.72,8.72,8.72,8.61,8.72,5671633,173216135.3952,8.69,0.56,1004362560,1004363000.0,28013172858.42,30783700000.0
2014-06-26,CSX,8.72,8.62,8.74,8.61,8.61,5955449,182063394.146,8.7,0.59,1004362560,1004363000.0,28004038642.94,30773660000.0
2014-06-25,CSX,8.61,8.76,8.8,8.6,8.77,8738996,267208785.0936,8.7,0.87,1004362560,1004363000.0,27665860629.29,30402040000.0
2014-06-24,CSX,8.77,8.82,8.85,8.72,8.82,7954617,245094477.1572,8.77,0.79,1004362560,1004363000.0,28159411703.04,30944410000.0
2014-06-21,CSX,8.82,8.81,8.84,8.77,8.77,5758813,178302559.8387,8.81,0.57,1004362560,1004363000.0,28333067817.6,31135230000.0
2014-06-20,CSX,8.77,8.76,8.79,8.71,8.76,7094274,218431894.807,8.76,0.71,1004362560,1004363000.0,28177681047.96,30964480000.0
2014-06-19,CSX,8.76,8.68,8.77,8.65,8.67,5617629,171970718.2591,8.71,0.56,1004362560,1004363000.0,28150262864.04,30934350000.0
2014-06-18,CSX,8.67,8.6,8.67,8.56,8.61,4903703,149042163.3377,8.65,0.49,1004362560,1004363000.0,27839516743.86,30592870000.0
2014-06-17,CSX,8.61,8.61,8.64,8.57,8.64,5240129,158458812.7738,8.6,0.52,1004362560,1004363000.0,27656725499.85,30392000000.0
2014-06-14,CSX,8.64,8.58,8.68,8.58,8.53,4846137,147072450.8233,8.64,0.48,1004362560,1004363000.0,27738979137.63,30482390000.0
2014-06-13,CSX,8.53,8.63,8.63,8.51,8.64,6078582,182473494.0518,8.54,0.61,1004362560,1004363000.0,27409949962.97,30120820000.0
2014-06-12,CSX,8.64,8.62,8.68,8.6,8.64,4683586,142218475.2315,8.64,0.47,1004362560,1004363000.0,27748114267.08,30492430000.0
2014-06-11,CSX,8.64,8.64,8.65,8.58,8.66,4823027,146084158.3852,8.62,0.48,1004362560,1004363000.0,27757263106.07,30502480000.0
2014-06-10,CSX,8.66,8.64,8.68,8.59,8.65,6698465,203702906.2575,8.65,0.67,1004362560,1004363000.0,27802964344.46,30552700000.0
2014-06-07,CSX,8.65,8.49,8.66,8.48,8.48,7184203,217227208.6916,8.6,0.72,1004362560,1004363000.0,27775546160.54,30522570000.0
2014-06-06,CSX,8.48,8.31,8.52,8.29,8.29,8502344,252180339.265,8.44,0.85,1004362560,1004363000.0,27227158718.96,29919950000.0
2014-06-05,CSX,8.29,8.26,8.32,8.24,8.27,6055781,176619220.6754,8.3,0.6,1004362560,1004363000.0,26614800694.07,29247030000.0
2014-06-04,CSX,8.27,8.35,8.38,8.23,8.41,8421070,245024412.7302,8.28,0.84,1004362560,1004363000.0,26559964326.24,29186770000.0
2014-06-03,CSX,8.41,8.38,8.43,8.35,8.37,3815301,112623862.5884,8.4,0.38,1004362560,1004363000.0,27007800452.04,29678900000.0
2014-05-31,CSX,8.37,8.39,8.42,8.34,8.4,9641348,283473814.7823,8.37,0.96,1004362560,1004363000.0,26870710446.42,29528250000.0
2014-05-30,CSX,8.4,8.45,8.47,8.36,8.42,4672617,138043124.031,8.41,0.47,1004362560,1004363000.0,26980383182.09,29648770000.0
2014-05-29,CSX,8.42,8.36,8.46,8.36,8.34,5756781,170460576.6088,8.43,0.57,1004362560,1004363000.0,27044367474.95,29719080000.0
2014-05-28,CSX,8.34,8.4,8.43,8.33,8.37,4925621,144729502.1405,8.36,0.49,1004362560,1004363000.0,26797591938.08,29447900000.0
2014-05-24,CSX,8.37,8.35,8.43,8.33,8.33,3565802,105031739.1242,8.38,0.36,1004362560,1004363000.0,26898128630.34,29558380000.0
2014-05-23,CSX,8.33,8.39,8.41,8.33,8.39,4230945,124999842.9596,8.36,0.42,1004362560,1004363000.0,26916411684.81,29578470000.0
2014-05-22,CSX,8.39,8.29,8.41,8.28,8.26,5373840,158926465.4225,8.37,0.54,1004362560,1004363000.0,27108338058.27,29789380000.0
2014-05-21,CSX,8.26,8.28,8.31,8.21,8.28,7771758,226490726.8683,8.25,0.77,1004362560,1004363000.0,26687919202.41,29327380000.0
2014-05-20,CSX,8.28,8.26,8.32,8.25,8.28,6200090,181433810.2784,8.28,0.62,1004362560,1004363000.0,26742755570.25,29387640000.0
2014-05-17,CSX,8.28,8.24,8.28,8.21,8.23,4639164,135209803.3334,8.25,0.46,1004362560,1004363000.0,26751890699.69,29397680000.0
2014-05-16,CSX,8.23,8.29,8.29,8.16,8.31,6781637,196751504.2641,8.21,0.68,1004362560,1004363000.0,26569099455.68,29196810000.0
2014-05-15,CSX,8.31,8.39,8.39,8.28,8.36,5027848,147757864.0721,8.32,0.5,1004362560,1004363000.0,26834144337.48,29488070000.0
2014-05-14,CSX,8.36,8.26,8.37,8.26,8.25,5705738,168033966.9828,8.33,0.57,1004362560,1004363000.0,26989531107.12,29658820000.0
2014-05-13,CSX,8.25,8.14,8.26,8.12,8.12,6472258,187924509.3216,8.22,0.64,1004362560,1004363000.0,26642217964.02,29277160000.0
2014-05-10,CSX,8.12,8.02,8.12,8.0,8.03,7344383,209486715.3071,8.07,0.73,1004362560,1004363000.0,26221786312.58,28815140000.0
2014-05-09,CSX,8.03,7.95,8.04,7.95,7.94,4920184,139294305.8257,8.01,0.49,1004362560,1004363000.0,25929323246.87,28493760000.0
2014-05-08,CSX,7.94,7.93,7.95,7.88,7.9,4793512,134272023.3344,7.93,0.48,1004362560,1004363000.0,25645994396.64,28182410000.0
2014-05-07,CSX,7.9,7.88,7.96,7.88,7.92,6540711,183007772.5564,7.92,0.65,1004362560,1004363000.0,25527173735.94,28051840000.0
2014-05-06,CSX,7.92,7.85,7.93,7.81,7.88,4537746,126669350.8784,7.9,0.45,1004362560,1004363000.0,25572874974.33,28102060000.0
2014-05-03,CSX,7.88,7.88,7.96,7.86,7.89,5463699,152544219.5723,7.9,0.54,1004362560,1004363000.0,25435771259.16,27951390000.0
2014-05-02,CSX,7.89,7.98,8.01,7.84,7.99,7058234,196802557.6277,7.89,0.7,1004362560,1004363000.0,25472338282.07,27991570000.0
2014-05-01,CSX,7.99,7.97,8.03,7.93,7.97,6187203,174363362.0319,7.98,0.62,1004362560,1004363000.0,25792218617.73,28343090000.0
2014-04-30,CSX,7.97,7.99,8.02,7.95,7.97,3791002,106871364.0176,7.98,0.38,1004362560,1004363000.0,25746532002.86,28292890000.0
2014-04-29,CSX,7.97,7.97,8.01,7.88,7.93,3821144,107342801.5558,7.95,0.38,1004362560,1004363000.0,25728248034.42,28272800000.0
2014-04-26,CSX,7.93,8.02,8.05,7.91,8.04,4171121,117270199.3218,7.96,0.42,1004362560,1004363000.0,25618576212.72,28152280000.0
2014-04-25,CSX,8.04,8.01,8.07,7.94,7.97,5304547,150362089.8482,8.02,0.53,1004362560,1004363000.0,25956740516.82,28523890000.0
2014-04-24,CSX,7.97,7.98,8.01,7.94,7.98,4154602,117066705.006,7.97,0.41,1004362560,1004363000.0,25737383163.87,28282840000.0
2014-04-23,CSX,7.98,7.98,8.05,7.98,7.98,6345586,179488022.0383,8.0,0.63,1004362560,1004363000.0,25783084402.26,28333050000.0
2014-04-22,CSX,7.98,8.0,8.02,7.94,7.97,4604531,129845863.3196,7.98,0.46,1004362560,1004363000.0,25755666218.34,28302930000.0
2014-04-18,CSX,7.97,7.85,7.99,7.82,7.86,8658703,242334558.3661,7.92,0.86,1004362560,1004363000.0,25728248034.42,28272800000.0
2014-04-17,CSX,7.86,7.71,7.88,7.68,8.01,16488793,453835823.6975,7.79,1.64,1004362560,1004363000.0,25399218859.76,27911230000.0
2014-04-16,CSX,8.01,8.0,8.08,7.9,8.03,14881223,419814167.1718,7.98,1.48,1004362560,1004363000.0,25856203824.56,28413410000.0
2014-04-15,CSX,8.03,7.99,8.04,7.95,7.93,5689078,160699357.8206,7.99,0.57,1004362560,1004363000.0,25938457462.35,28503800000.0
2014-04-12,CSX,7.93,7.88,7.99,7.86,7.92,7988172,224059357.7291,7.94,0.8,1004362560,1004363000.0,25600293158.25,28132190000.0
2014-04-11,CSX,7.92,8.07,8.13,7.91,8.07,6719574,189661971.8635,7.99,0.67,1004362560,1004363000.0,25563726135.33,28092000000.0
2014-04-10,CSX,8.07,8.02,8.07,8.01,8.0,4226199,120183759.6602,8.05,0.42,1004362560,1004363000.0,26057278123.05,28634370000.0
2014-04-09,CSX,8.0,8.01,8.08,7.99,8.03,6114481,173255635.1359,8.02,0.61,1004362560,1004363000.0,25828785640.65,28383280000.0
2014-04-08,CSX,8.03,8.09,8.18,8.0,8.14,4625660,131706875.1203,8.06,0.46,1004362560,1004363000.0,25947606301.34,28513850000.0
2014-04-05,CSX,8.14,8.28,8.28,8.13,8.23,4519192,130705851.5856,8.19,0.45,1004362560,1004363000.0,26285770605.45,28885460000.0
2014-04-04,CSX,8.23,8.21,8.24,8.11,8.27,6936781,200972315.0803,8.2,0.69,1004362560,1004363000.0,26587382510.15,29216900000.0
2014-04-03,CSX,8.27,8.2,8.28,8.2,8.24,7395727,215609773.9918,8.25,0.74,1004362560,1004363000.0,26706188547.33,29347460000.0
2014-04-02,CSX,8.24,8.23,8.26,8.17,8.2,4271918,124007777.4952,8.22,0.43,1004362560,1004363000.0,26614800694.07,29247030000.0
2014-04-01,CSX,8.2,8.13,8.23,8.11,8.09,4411024,127682779.901,8.19,0.44,1004362560,1004363000.0,26477696064.93,29096370000.0
2014-03-29,CSX,8.09,8.03,8.12,8.03,8.0,3964343,113118551.269,8.08,0.39,1004362560,1004363000.0,26121248706.36,28704670000.0
2014-03-28,CSX,8.0,8.1,8.13,7.99,8.11,6112484,173508891.3617,8.03,0.61,1005387040,1005387000.0,25864276225.91,28422280000.0
2014-03-27,CSX,8.11,8.26,8.27,8.11,8.23,5405367,156230749.4321,8.18,0.54,1005387040,1005387000.0,26211942723.95,28804330000.0
2014-03-26,CSX,8.23,8.33,8.33,8.2,8.12,7333328,213359496.8293,8.23,0.73,1005387040,1005387000.0,26596200735.73,29226590000.0
2014-03-25,CSX,8.12,8.17,8.22,8.06,8.14,5906840,169292314.4402,8.11,0.59,1005387040,1005387000.0,26248533322.79,28844540000.0
2014-03-22,CSX,8.14,8.2,8.24,8.13,8.1,5600656,161945158.0965,8.18,0.56,1005387040,1005387000.0,26312582881.55,28914920000.0
2014-03-21,CSX,8.1,8.06,8.16,8.05,8.08,4055315,116237039.6497,8.11,0.4,1005387040,1005387000.0,26193641020.21,28784220000.0
2014-03-20,CSX,8.08,8.14,8.19,8.05,8.13,4981219,142852359.8573,8.12,0.5,1005387040,1005387000.0,26120447013.89,28703790000.0
2014-03-19,CSX,8.13,8.12,8.16,8.11,8.1,3192027,91724166.2717,8.13,0.32,1005387040,1005387000.0,26294281177.82,28894810000.0
2014-03-18,CSX,8.1,8.09,8.17,8.06,8.03,3883198,111168157.3952,8.1,0.39,1005387040,1005387000.0,26193641020.21,28784220000.0
2014-03-15,CSX,8.03,8.08,8.09,8.0,8.05,5340832,151761338.1888,8.04,0.53,1005387040,1005387000.0,25964915468.61,28532870000.0
2014-03-14,CSX,8.05,8.21,8.26,8.01,8.18,9000242,258363637.9244,8.12,0.9,1005387040,1005387000.0,26038109474.93,28613300000.0
2014-03-13,CSX,8.18,8.11,8.18,8.04,8.16,10274012,294744822.0246,8.12,1.02,1005387040,1005387000.0,26431524742.9,29045630000.0
2014-03-12,CSX,8.16,8.2,8.22,8.12,8.18,6129227,176774182.0724,8.16,0.61,1005387040,1005387000.0,26385776887.87,28995360000.0
2014-03-11,CSX,8.18,8.17,8.2,8.09,8.17,5571496,160318660.8148,8.14,0.55,1005387040,1005387000.0,26431524742.9,29045630000.0
2014-03-08,CSX,8.17,8.21,8.24,8.14,8.13,5385160,155646708.653,8.18,0.54,1005387040,1005387000.0,26413223039.16,29025520000.0
2014-03-07,CSX,8.13,8.1,8.17,8.09,8.08,5003613,143861814.4838,8.14,0.5,1007591680,1007592000.0,26342775491.79,28948100000.0
2014-03-06,CSX,8.08,8.05,8.11,8.02,8.01,6080621,173656400.4134,8.08,0.6,1007591680,1007592000.0,26168561056.5,28756660000.0
2014-03-05,CSX,8.01,7.91,8.04,7.91,7.81,7274910,205847899.7465,8.01,0.72,1007591680,1007592000.0,25948497532.14,28514830000.0
2014-03-04,CSX,7.81,7.79,7.85,7.74,7.84,5743359,158366800.9867,7.8,0.57,1007591680,1007592000.0,25306664382.7,27809520000.0
2014-03-01,CSX,7.84,7.78,7.92,7.78,7.77,6000145,166571225.374,7.86,0.6,1007591680,1007592000.0,25407525226.78,27920360000.0
2014-02-28,CSX,7.77,7.68,7.78,7.66,7.7,5116633,140076966.6815,7.75,0.51,1007591680,1007592000.0,25178298119.58,27668450000.0
2014-02-27,CSX,7.7,7.72,7.8,7.68,7.69,5581125,152461221.3135,7.73,0.55,1007591680,1007592000.0,24949071012.38,27416560000.0
2014-02-26,CSX,7.69,7.78,7.8,7.67,7.79,6721680,184178710.2893,7.71,0.67,1007591680,1007592000.0,25040767356.71,27517320000.0
2014-02-25,CSX,7.79,7.69,7.84,7.69,7.69,6525645,180607601.1506,7.79,0.65,1007591680,1007592000.0,25389183390.57,27900200000.0
2014-02-22,CSX,7.69,7.72,7.77,7.69,7.7,5603344,153696352.7069,7.72,0.56,1007591680,1007592000.0,25049931856.46,27527390000.0
2014-02-21,CSX,7.7,7.65,7.71,7.62,7.62,8479008,230831606.5381,7.66,0.84,1007591680,1007592000.0,25077437275.5,27557620000.0
2014-02-20,CSX,7.62,7.68,7.77,7.62,7.71,7564242,206890263.7238,7.7,0.75,1007591680,1007592000.0,24839046585.47,27295650000.0
2014-02-19,CSX,7.71,7.75,7.75,7.65,7.75,4357410,119108037.5989,7.69,0.43,1007591680,1007592000.0,25132449947.42,27618070000.0
2014-02-15,CSX,7.75,7.69,7.77,7.68,7.7,5820328,159991440.1716,7.74,0.58,1007591680,1007592000.0,25242488127.96,27738990000.0
2014-02-14,CSX,7.7,7.65,7.7,7.61,7.71,5536770,150725756.701,7.66,0.55,1007591680,1007592000.0,25095780028.62,27577780000.0
2014-02-13,CSX,7.71,7.71,7.75,7.66,7.69,4672945,127863901.4923,7.7,0.46,1007591680,1007592000.0,25114121864.83,27597930000.0
2014-02-12,CSX,7.69,7.65,7.72,7.64,7.62,4197797,114637600.4928,7.69,0.42,1007591680,1007592000.0,25040767356.71,27517320000.0
2014-02-11,CSX,7.62,7.65,7.66,7.57,7.67,4643883,125624418.924,7.61,0.46,1007591680,1007592000.0,24820704749.26,27275500000.0
2014-02-08,CSX,7.67,7.65,7.73,7.6,7.61,5818988,158383542.9792,7.66,0.58,1007591680,1007592000.0,24985754684.8,27456870000.0
2014-02-07,CSX,7.61,7.5,7.62,7.49,7.46,5257859,141527836.0102,7.58,0.52,1007591680,1007592000.0,24784033913.56,27235200000.0
2014-02-06,CSX,7.46,7.39,7.48,7.37,7.42,6735281,177933266.3686,7.44,0.67,1007591680,1007592000.0,24307237862.95,26711250000.0
2014-02-05,CSX,7.42,7.34,7.47,7.32,7.32,8696551,228696628.0881,7.4,0.86,1007591680,1007592000.0,24160528846.7,26550030000.0
2014-02-04,CSX,7.32,7.58,7.62,7.27,7.57,9549008,250209772.8236,7.37,0.95,1007591680,1007592000.0,23857948148.29,26217520000.0
2014-02-01,CSX,7.57,7.43,7.62,7.39,7.53,7427129,199366334.6215,7.55,0.74,1007591680,1007592000.0,24673995733.02,27114280000.0
2014-01-31,CSX,7.53,7.43,7.56,7.42,7.35,5531453,147688091.4125,7.51,0.55,1007591680,1007592000.0,24545629469.89,26973210000.0
2014-01-30,CSX,7.35,7.37,7.42,7.32,7.46,7286098,190697520.1595,7.37,0.72,1007591680,1007592000.0,23958808075.46,26328360000.0
2014-01-29,CSX,7.46,7.37,7.51,7.37,7.36,4908770,130154539.3751,7.46,0.49,1007591680,1007592000.0,24316402362.69,26721320000.0
2014-01-28,CSX,7.36,7.34,7.42,7.29,7.37,7424973,193866735.5525,7.35,0.74,1007591680,1007592000.0,23967986328.83,26338440000.0
2014-01-25,CSX,7.37,7.53,7.55,7.37,7.6,9396313,248283410.7813,7.44,0.93,1007591680,1007592000.0,24022998083.83,26398890000.0
2014-01-24,CSX,7.6,7.65,7.69,7.57,7.66,8603504,232685164.0641,7.61,0.85,1013674240,1013674000.0,24924415723.53,27389460000.0
2014-01-23,CSX,7.66,7.66,7.71,7.64,7.61,7842555,213781665.4602,7.67,0.77,1013674240,1013674000.0,25108900745.44,27592200000.0
2014-01-22,CSX,7.61,7.7,7.75,7.57,7.66,9571055,259077873.2632,7.62,0.94,1013674240,1013674000.0,24942868284.47,27409740000.0
2014-01-18,CSX,7.66,7.71,7.71,7.62,7.67,11726567,319179458.3504,7.66,1.16,1013674240,1013674000.0,25118134405.46,27602340000.0
2014-01-17,CSX,7.67,7.73,7.74,7.53,8.23,27364543,743343854.6781,7.65,2.7,1013674240,1013674000.0,25127354228.82,27612470000.0
2014-01-16,CSX,8.23,8.15,8.23,8.11,8.13,12063555,350029935.3398,8.17,1.19,1013674240,1013674000.0,26963021522.26,29629690000.0
2014-01-15,CSX,8.13,8.06,8.16,8.0,8.0,8011680,230779566.9552,8.11,0.79,1013674240,1013674000.0,26640160742.16,29274900000.0
2014-01-14,CSX,8.0,8.11,8.16,7.97,8.13,6856688,196800631.5492,8.08,0.68,1013674240,1013674000.0,26225063908.21,28818750000.0
2014-01-11,CSX,8.13,8.09,8.15,8.06,8.07,4576164,131830548.9429,8.11,0.45,1013674240,1013674000.0,26640160742.16,29274900000.0
2014-01-10,CSX,8.07,7.97,8.07,7.94,7.95,4581356,130426110.8521,8.01,0.45,1013674240,1013674000.0,26437222236.86,29051890000.0
2014-01-09,CSX,7.95,7.96,8.0,7.89,7.98,5023973,141611174.0846,7.93,0.5,1013674240,1013674000.0,26040577963.86,28616020000.0
2014-01-08,CSX,7.98,7.97,8.0,7.94,7.94,3842830,108851960.3089,7.97,0.38,1013674240,1013674000.0,26151266578.65,28737650000.0
2014-01-07,CSX,7.94,8.04,8.09,7.9,8.0,5073219,143555858.326,7.96,0.5,1013674240,1013674000.0,26031344303.84,28605870000.0
2014-01-04,CSX,8.0,7.96,8.1,7.95,7.95,4632582,132148547.7109,8.03,0.46,1013674240,1013674000.0,26225063908.21,28818750000.0
2014-01-03,CSX,7.95,8.05,8.07,7.93,8.1,4485695,127178859.7524,7.98,0.44,1013674240,1013674000.0,26059030524.8,28636290000.0
2014-01-01,CSX,8.1,8.0,8.11,8.0,7.98,4025189,115502770.1787,8.08,0.4,1013674240,1013674000.0,26538691950.73,29163390000.0
2013-12-31,CSX,7.98,7.97,8.01,7.95,7.96,3721843,105540625.7513,7.98,0.37,1013674240,1013674000.0,26142047677.73,28727520000.0
2013-12-28,CSX,7.96,8.03,8.04,7.94,8.0,3043282,86167474.3749,7.97,0.3,1013674240,1013674000.0,26095922732.47,28676830000.0
2013-12-27,CSX,8.0,7.98,8.02,7.97,7.98,2574438,73182493.5064,8.0,0.25,1013674240,1013674000.0,26225063908.21,28818750000.0
2013-12-25,CSX,7.98,7.96,7.99,7.96,7.95,1590406,45074478.9258,7.98,0.16,1013674240,1013674000.0,26160486402.01,28747790000.0
2013-12-24,CSX,7.95,7.97,7.99,7.93,7.9,3221483,91033932.6568,7.95,0.32,1013674240,1013674000.0,26049797787.22,28626150000.0
2013-12-21,CSX,7.9,7.84,7.95,7.82,7.85,9628090,270063996.2393,7.89,0.95,1013674240,1013674000.0,25902203128.11,28463960000.0
2013-12-20,CSX,7.85,7.84,7.87,7.82,7.86,6828395,190155737.3106,7.84,0.67,1013674240,1013674000.0,25717717183.76,28261220000.0
2013-12-19,CSX,7.86,7.8,7.89,7.71,7.79,9028594,251415546.3659,7.84,0.89,1013674240,1013674000.0,25763842129.01,28311910000.0
2013-12-18,CSX,7.79,7.86,7.87,7.75,7.84,4255551,117817908.3207,7.79,0.42,1013674240,1013674000.0,25524012338.48,28048360000.0
2013-12-17,CSX,7.84,7.8,7.86,7.8,7.76,7022070,195544980.6819,7.84,0.69,1013674240,1013674000.0,25680825898.53,28220680000.0
2013-12-14,CSX,7.76,7.72,7.85,7.71,7.68,6276203,173594722.6366,7.78,0.62,1013674240,1013674000.0,25431762447.98,27946990000.0
2013-12-13,CSX,7.68,7.67,7.72,7.67,7.7,4254289,116247983.2075,7.69,0.42,1013674240,1013674000.0,25164259350.71,27653030000.0
2013-12-12,CSX,7.7,7.87,7.87,7.69,7.88,6214067,170991238.8256,7.74,0.61,1013674240,1013674000.0,25228823020.25,27723980000.0
2013-12-11,CSX,7.88,7.89,7.95,7.87,7.9,4781410,134256240.7638,7.9,0.47,1013674240,1013674000.0,25819186897.62,28372730000.0
2013-12-10,CSX,7.9,7.84,7.92,7.84,7.81,4215215,118192929.8684,7.89,0.42,1013674240,1013674000.0,25902203128.11,28463960000.0
2013-12-07,CSX,7.81,7.82,7.85,7.79,7.76,5065055,140789226.0754,7.82,0.5,1013674240,1013674000.0,25597808745.6,28129460000.0
2013-12-06,CSX,7.76,7.67,7.79,7.66,7.66,5863469,161443576.8887,7.75,0.58,1013674240,1013674000.0,25440981348.91,27957120000.0
2013-12-05,CSX,7.66,7.68,7.75,7.6,7.71,4619879,125922651.3194,7.67,0.46,1013674240,1013674000.0,25090462021.15,27571930000.0
2013-12-04,CSX,7.71,7.7,7.79,7.67,7.69,6621152,181582392.17,7.72,0.65,1013674240,1013674000.0,25284167788.86,27784800000.0
2013-12-03,CSX,7.69,7.68,7.76,7.67,7.68,3905277,107090853.4637,7.72,0.39,1013674240,1013674000.0,25210370459.31,27703700000.0
2013-11-30,CSX,7.68,7.69,7.73,7.66,7.68,2250868,61518014.1309,7.69,0.22,1013674240,1013674000.0,24878597749.25,27642880000.0
2013-11-28,CSX,7.68,7.66,7.7,7.62,7.63,3021920,82428567.3411,7.68,0.3,1013674240,1013674000.0,24905965129.12,27673290000.0
2013-11-27,CSX,7.63,7.68,7.69,7.6,7.67,4646246,126037293.4907,7.63,0.46,1013674240,1013674000.0,24732625009.46,27480690000.0
2013-11-26,CSX,7.67,7.65,7.71,7.65,7.66,3127561,85801814.975,7.68,0.31,1013674240,1013674000.0,24997201284.56,27774660000.0
2013-11-23,CSX,7.66,7.57,7.66,7.56,7.57,3930803,106952381.566,7.62,0.39,1013674240,1013674000.0,24951583206.84,27723980000.0
2013-11-22,CSX,7.57,7.54,7.59,7.49,7.53,4638356,125031496.5059,7.55,0.46,1013674240,1013674000.0,24677888425.12,27419870000.0
2013-11-21,CSX,7.53,7.54,7.56,7.49,7.53,4638039,124801225.3633,7.53,0.46,1013674240,1013674000.0,24550166383.19,27277960000.0
2013-11-20,CSX,7.53,7.61,7.63,7.49,7.62,6256531,168307522.2884,7.53,0.62,1013674240,1013674000.0,24541047876.56,27267830000.0
2013-11-19,CSX,7.62,7.58,7.69,7.57,7.56,6664570,181891430.4819,7.64,0.66,1013674240,1013674000.0,24842110950.45,27602340000.0
2013-11-16,CSX,7.56,7.57,7.58,7.51,7.56,7559715,203702462.611,7.54,0.75,1013674240,1013674000.0,24632284032.0,27369200000.0
2013-11-15,CSX,7.56,7.55,7.6,7.54,7.53,7416297,200330438.493,7.56,0.73,1013674240,1013674000.0,24632284032.0,27369200000.0
2013-11-14,CSX,7.53,7.47,7.53,7.44,7.5,4599156,123170866.0765,7.5,0.45,1013674240,1013674000.0,24531930282.24,27257700000.0
2013-11-13,CSX,7.5,7.52,7.53,7.46,7.54,4712617,126064375.6589,7.49,0.46,1013674240,1013674000.0,24431575620.17,27146190000.0
2013-11-12,CSX,7.54,7.45,7.54,7.42,7.45,5805875,155837726.1369,7.51,0.57,1013674240,1013674000.0,24577534675.36,27308370000.0
2013-11-09,CSX,7.45,7.35,7.45,7.34,7.34,6095707,161167439.1308,7.4,0.6,1013674240,1013674000.0,24276471601.46,26973850000.0
2013-11-08,CSX,7.34,7.37,7.46,7.33,7.35,5244219,138390219.6129,7.39,0.52,1013674240,1013674000.0,23929804134.45,26588670000.0
2013-11-07,CSX,7.35,7.41,7.43,7.33,7.41,6704043,176459770.604,7.37,0.66,1013674240,1013674000.0,23948053920.0,26608950000.0
2013-11-06,CSX,7.41,7.4,7.42,7.36,7.41,4329984,114434973.484,7.4,0.43,1013674240,1013674000.0,24139631052.91,26821810000.0
2013-11-05,CSX,7.41,7.41,7.46,7.38,7.36,5185317,137232484.1127,7.41,0.51,1013674240,1013674000.0,24157880838.45,26842090000.0
2013-11-02,CSX,7.36,7.3,7.38,7.29,7.29,4104496,107659661.7907,7.34,0.4,1013674240,1013674000.0,23975422212.17,26639360000.0
2013-11-01,CSX,7.29,7.35,7.37,7.27,7.33,5827547,152094303.0073,7.31,0.57,1013674240,1013674000.0,23774713800.35,26416350000.0
2013-10-31,CSX,7.33,7.45,7.48,7.32,7.46,6983770,183644510.5592,7.36,0.69,1013674240,1013674000.0,23893304563.36,26548110000.0
2013-10-30,CSX,7.46,7.48,7.52,7.44,7.47,4561375,121796425.7851,7.47,0.45,1013674240,1013674000.0,24322089679.19,27024540000.0
2013-10-29,CSX,7.47,7.45,7.5,7.42,7.45,4872359,129995473.6129,7.47,0.48,1013674240,1013674000.0,24349457971.36,27054950000.0
2013-10-26,CSX,7.45,7.4,7.45,7.37,7.4,4380602,116073656.6502,7.42,0.43,1013674240,1013674000.0,24276471601.46,26973850000.0
2013-10-25,CSX,7.4,7.34,7.41,7.29,7.33,6261649,164813433.1391,7.37,0.62,1013674240,1013674000.0,24130512546.28,26811680000.0
2013-10-24,CSX,7.33,7.32,7.39,7.29,7.3,8278648,216884012.0254,7.33,0.82,1013674240,1013674000.0,23875068462.41,26527850000.0
2013-10-23,CSX,7.3,7.3,7.36,7.28,7.29,4221777,110233953.7827,7.31,0.42,1013674240,1013674000.0,23802082092.52,26446750000.0
2013-10-22,CSX,7.29,7.18,7.29,7.16,7.19,5583070,144341822.082,7.24,0.55,1013674240,1013674000.0,23747345508.17,26385940000.0
2013-10-19,CSX,7.19,7.13,7.21,7.11,7.1,9432918,241887363.5493,7.18,0.93,1013674240,1013674000.0,23446282434.28,26051420000.0
2013-10-18,CSX,7.1,7.2,7.2,7.08,7.25,11196176,284285430.0803,7.11,1.1,1013674240,1013674000.0,23145220272.69,25716910000.0
2013-10-17,CSX,7.25,7.34,7.34,7.1,7.31,10794290,278729076.951,7.23,1.06,1013674240,1013674000.0,23619623466.24,26244020000.0
2013-10-16,CSX,7.31,7.28,7.33,7.26,7.28,7205438,187930043.4628,7.3,0.71,1013674240,1013674000.0,23811199686.84,26456890000.0
2013-10-15,CSX,7.28,7.21,7.3,7.2,7.23,7246617,188012651.9507,7.26,0.71,1013674240,1013674000.0,23738214229.25,26375790000.0
2013-10-12,CSX,7.23,7.29,7.3,7.2,7.3,8675797,224153044.7154,7.23,0.86,1013674240,1013674000.0,23564873197.29,26183190000.0
2013-10-11,CSX,7.3,7.2,7.3,7.2,7.13,5338567,138470143.9373,7.26,0.53,1013674240,1013674000.0,23783832306.97,26426480000.0
2013-10-10,CSX,7.13,7.09,7.16,7.06,7.07,6182981,157372323.9025,7.12,0.61,1013674240,1013674000.0,23227324236.91,25808130000.0
2013-10-09,CSX,7.07,7.11,7.16,7.02,7.1,8349496,211663856.6005,7.1,0.82,1013674240,1013674000.0,23035747104.0,25595270000.0
2013-10-08,CSX,7.1,7.11,7.17,7.07,7.16,5537774,140939632.2,7.12,0.55,1013674240,1013674000.0,23136088081.46,25706760000.0
2013-10-05,CSX,7.16,7.07,7.18,7.01,7.19,6913504,175690733.9658,7.11,0.68,1013674240,1013674000.0,23327678898.97,25919640000.0
2013-10-04,CSX,7.19,7.28,7.29,7.13,7.3,4941430,126943315.6551,7.19,0.49,1013674240,1013674000.0,23428032648.73,26031140000.0
2013-10-03,CSX,7.3,7.27,7.3,7.19,7.32,5577906,144587060.0756,7.26,0.55,1013674240,1013674000.0,23783832306.97,26426480000.0
2013-10-02,CSX,7.32,7.21,7.35,7.2,7.2,4841738,126496684.9842,7.31,0.48,1013674240,1013674000.0,23856817764.56,26507570000.0
2013-10-01,CSX,7.2,7.15,7.25,7.13,7.24,5232742,134873893.6535,7.21,0.52,1013674240,1013674000.0,23482769233.08,26091960000.0
2013-09-28,CSX,7.24,7.24,7.29,7.18,7.27,5766574,148861749.2812,7.23,0.57,1013674240,1013674000.0,23583122982.84,26203470000.0
2013-09-27,CSX,7.27,7.28,7.31,7.24,7.26,4022887,104422451.9875,7.27,0.39,1018837280,1018837000.0,23822449613.15,26469380000.0
2013-09-26,CSX,7.26,7.31,7.34,7.25,7.3,5161176,134352574.9923,7.29,0.51,1018837280,1018837000.0,23785764135.44,26428630000.0
2013-09-25,CSX,7.3,7.33,7.38,7.23,7.33,7373070,192555752.3232,7.31,0.72,1018837280,1018837000.0,23914136715.76,26571260000.0
2013-09-24,CSX,7.33,7.39,7.39,7.3,7.4,5712422,149747635.3029,7.34,0.56,1018837280,1018837000.0,24024180311.54,26693530000.0
2013-09-21,CSX,7.4,7.5,7.52,7.37,7.49,6553547,174054298.1888,7.43,0.64,1018837280,1018837000.0,24225911926.89,26917680000.0
2013-09-20,CSX,7.49,7.49,7.53,7.43,7.47,5905879,157671005.7091,7.47,0.58,1018837280,1018837000.0,24528507516.0,27253890000.0
2013-09-19,CSX,7.47,7.36,7.49,7.31,7.34,8108641,214747594.0812,7.41,0.8,1018837280,1018837000.0,24473479299.44,27192750000.0
2013-09-18,CSX,7.34,7.29,7.34,7.15,7.34,8137481,211926777.5525,7.29,0.8,1018837280,1018837000.0,24033345262.29,26703710000.0
2013-09-17,CSX,7.34,7.38,7.42,7.32,7.29,5134090,135182088.8543,7.37,0.5,1018837280,1018837000.0,24033345262.29,26703710000.0
2013-09-14,CSX,7.29,7.23,7.29,7.2,7.22,4612863,119653948.2524,7.26,0.45,1018837280,1018837000.0,23895807731.21,26550890000.0
2013-09-13,CSX,7.22,7.31,7.31,7.17,7.33,6803262,175069599.6495,7.2,0.67,1018837280,1018837000.0,23648226604.36,26275800000.0
2013-09-12,CSX,7.33,7.3,7.33,7.27,7.29,3823997,99778398.8739,7.3,0.38,1018837280,1018837000.0,23996673538.89,26662960000.0
2013-09-11,CSX,7.29,7.24,7.29,7.21,7.18,5684754,147596030.8924,7.27,0.56,1018837280,1018837000.0,23895807731.21,26550890000.0
2013-09-10,CSX,7.18,7.14,7.21,7.1,7.12,4285043,109743747.7781,7.17,0.42,1018837280,1018837000.0,23529018057.83,26143350000.0
2013-09-07,CSX,7.12,7.14,7.19,7.1,7.12,4377590,111852651.3425,7.15,0.43,1018837280,1018837000.0,23336465147.54,25929400000.0
2013-09-06,CSX,7.12,7.07,7.14,7.07,7.08,2988727,75979092.0228,7.12,0.29,1018837280,1018837000.0,23318122408.69,25909020000.0
2013-09-05,CSX,7.08,6.97,7.15,6.97,6.97,6543539,165592695.5603,7.08,0.64,1018837280,1018837000.0,23189749828.36,25766390000.0
2013-09-04,CSX,6.97,6.98,7.01,6.91,6.89,6513512,161890038.4094,6.96,0.64,1018837280,1018837000.0,22841302893.83,25379220000.0
2013-08-31,CSX,6.89,6.96,6.97,6.85,6.95,4309645,106065496.2372,6.89,0.42,1018837280,1018837000.0,22566214077.37,25073570000.0
2013-08-30,CSX,6.95,6.9,6.98,6.87,6.92,3495398,86676761.3928,6.94,0.34,1018837280,1018837000.0,22767944775.76,25297710000.0
2013-08-29,CSX,6.92,6.91,6.94,6.85,6.9,4482227,110528109.6273,6.9,0.44,1018837280,1018837000.0,22676257673.15,25195840000.0
2013-08-28,CSX,6.9,7.0,7.02,6.9,7.08,6062145,151477223.7866,6.95,0.6,1018837280,1018837000.0,22749615791.21,25277350000.0
2013-08-27,CSX,7.08,7.06,7.13,7.05,7.06,5789692,147607022.2325,7.09,0.57,1018837280,1018837000.0,23336465147.54,25929400000.0
2013-08-24,CSX,7.06,7.03,7.07,6.98,7.01,4489090,113470696.5064,7.03,0.44,1018837280,1018837000.0,23253929241.37,25837700000.0
2013-08-23,CSX,7.01,6.87,7.03,6.84,6.85,3834367,96001410.8439,6.97,0.38,1018837280,1018837000.0,23088884020.69,25654310000.0
2013-08-22,CSX,6.85,6.9,6.91,6.83,6.91,4890692,120715454.0842,6.87,0.48,1018837280,1018837000.0,22584556816.22,25093950000.0
2013-08-21,CSX,6.91,6.94,6.96,6.88,6.92,5686121,141445648.8031,6.92,0.56,1018837280,1018837000.0,22758780741.97,25287530000.0
2013-08-20,CSX,6.92,6.98,7.0,6.92,7.0,3828164,95533712.2485,6.94,0.38,1018837280,1018837000.0,22822973909.28,25358860000.0
2013-08-17,CSX,7.0,7.0,7.02,6.92,7.0,4494547,112796904.3853,6.98,0.44,1018837280,1018837000.0,23070541281.83,25633930000.0
2013-08-16,CSX,7.0,6.97,7.04,6.9,7.04,5436149,136316812.5264,6.98,0.53,1018837280,1018837000.0,23070541281.83,25633930000.0
2013-08-15,CSX,7.04,7.01,7.06,7.0,7.04,5591961,141413916.2333,7.04,0.55,1018837280,1018837000.0,23198913862.16,25776570000.0
2013-08-14,CSX,7.04,7.07,7.09,6.99,7.07,5833059,147809073.4235,7.05,0.57,1018837280,1018837000.0,23217257517.97,25796950000.0
2013-08-13,CSX,7.07,7.1,7.14,7.06,7.15,6570234,167270884.391,7.08,0.64,1018837280,1018837000.0,23290614719.08,25878460000.0
2013-08-10,CSX,7.15,7.19,7.19,7.09,7.18,6271793,160771737.5823,7.13,0.62,1018837280,1018837000.0,23565703535.54,26184110000.0
2013-08-09,CSX,7.18,7.11,7.23,7.1,7.07,6918875,178436367.8806,7.18,0.68,1018837280,1018837000.0,23675734293.97,26306370000.0
2013-08-08,CSX,7.07,7.09,7.09,7.03,7.13,7800215,198095781.1819,7.07,0.77,1018837280,1018837000.0,23299779669.83,25888640000.0
2013-08-07,CSX,7.13,7.17,7.19,7.05,7.19,8726445,222833141.4828,7.1,0.86,1018837280,1018837000.0,23483167629.37,26092400000.0
2013-08-06,CSX,7.19,7.31,7.31,7.15,7.25,10513016,273061860.6011,7.23,1.03,1018837280,1018837000.0,23712406017.37,26347110000.0
2013-08-03,CSX,7.25,7.42,7.42,7.13,7.08,23905411,622181231.4877,7.24,2.35,1018837280,1018837000.0,23886629026.16,26540700000.0
2013-08-02,CSX,7.08,6.97,7.1,6.95,6.9,7094902,179954328.0786,7.06,0.7,1018837280,1018837000.0,23327287359.44,25919200000.0
2013-08-01,CSX,6.9,6.87,6.96,6.87,6.87,6766859,168220717.7768,6.92,0.66,1018837280,1018837000.0,22749615791.21,25277350000.0
2013-07-31,CSX,6.87,6.91,6.91,6.83,6.86,4229449,104499068.873,6.87,0.42,1018837280,1018837000.0,22657914934.29,25175460000.0
2013-07-30,CSX,6.86,6.86,6.91,6.85,6.87,4986832,123239569.2423,6.88,0.49,1018837280,1018837000.0,22602899555.08,25114330000.0
2013-07-27,CSX,6.87,6.91,6.92,6.8,6.94,7119957,175175762.3701,6.85,0.7,1018837280,1018837000.0,22630407244.69,25144890000.0
2013-07-26,CSX,6.94,6.93,6.96,6.87,6.94,4548859,113132811.7057,6.92,0.45,1018837280,1018837000.0,22887153322.29,25430170000.0
2013-07-25,CSX,6.94,7.04,7.06,6.89,7.03,6157328,153529864.2294,6.94,0.6,1018837280,1018837000.0,22868810583.44,25409790000.0
2013-07-24,CSX,7.03,7.07,7.08,7.02,7.04,4918676,124503464.8703,7.04,0.48,1018837280,1018837000.0,23171407089.5,25746000000.0
2013-07-23,CSX,7.04,7.07,7.13,7.03,7.06,4460879,113306710.2356,7.07,0.44,1018837280,1018837000.0,23217257517.97,25796950000.0
2013-07-20,CSX,7.06,7.11,7.15,7.04,7.11,6975785,177390013.1274,7.07,0.68,1018837280,1018837000.0,23281450685.28,25868280000.0
2013-07-19,CSX,7.11,6.99,7.18,6.97,6.98,10105747,258051219.7967,7.1,0.99,1018837280,1018837000.0,23428152250.16,26031280000.0
2013-07-18,CSX,6.98,6.99,7.01,6.83,6.86,11236555,281083445.8515,6.96,1.1,1018837280,1018837000.0,23015525902.62,25572800000.0
2013-07-17,CSX,6.86,6.79,6.88,6.76,6.77,7170106,176193846.9299,6.84,0.7,1018837280,1018837000.0,22593735521.28,25104150000.0
2013-07-16,CSX,6.77,6.8,6.86,6.75,6.78,8738199,213471475.2519,6.8,0.86,1018837280,1018837000.0,22318646704.82,24798490000.0
2013-07-13,CSX,6.78,6.76,6.9,6.75,6.79,5778070,141373159.6356,6.81,0.57,1018837280,1018837000.0,22336975689.37,24818860000.0
2013-07-12,CSX,6.79,6.8,6.82,6.71,6.65,5651926,137468337.1193,6.77,0.55,1018837280,1018837000.0,22364497133.28,24849440000.0
2013-07-11,CSX,6.65,6.69,6.71,6.61,6.69,6565789,157106159.7973,6.66,0.64,1018837280,1018837000.0,21924349341.83,24360380000.0
2013-07-10,CSX,6.69,6.54,6.72,6.53,6.47,10041899,240210177.264,6.66,0.99,1018837280,1018837000.0,22061900627.21,24513220000.0
2013-07-09,CSX,6.47,6.5,6.51,6.42,6.47,4924426,114453006.8005,6.47,0.48,1018837280,1018837000.0,21337499985.5,23708330000.0
2013-07-06,CSX,6.47,6.45,6.5,6.4,6.41,5363359,124187998.4022,6.44,0.53,1018837280,1018837000.0,21328335034.75,23698140000.0
2013-07-04,CSX,6.41,6.4,6.43,6.37,6.43,2801441,64378514.9005,6.39,0.27,1018837280,1018837000.0,21117439385.61,23463820000.0
2013-07-03,CSX,6.43,6.44,6.51,6.39,6.46,8765453,203029726.2234,6.44,0.86,1018837280,1018837000.0,21190783749.37,23545310000.0
2013-07-02,CSX,6.46,6.49,6.54,6.42,6.45,6105234,142156020.6582,6.48,0.6,1018837280,1018837000.0,21291648640.09,23657380000.0
2013-06-29,CSX,6.45,6.52,6.55,6.45,6.53,8782602,204806730.4688,6.49,0.86,1018837280,1018837000.0,21264141867.44,23626820000.0
2013-06-28,CSX,6.53,6.5,6.56,6.46,6.46,6067852,142138158.8511,6.52,0.59,1021960640,1021961000.0,21577669594.84,23975180000.0
2013-06-27,CSX,6.46,6.51,6.55,6.39,6.44,9296625,215767210.3568,6.46,0.91,1021960640,1021961000.0,21366127421.42,23740140000.0
2013-06-26,CSX,6.44,6.37,6.46,6.34,6.3,9250219,213528244.3058,6.42,0.91,1021960640,1021961000.0,21283352288.64,23648160000.0
2013-06-25,CSX,6.3,6.46,6.47,6.23,6.53,13786098,313572946.5939,6.33,1.35,1021960640,1021961000.0,20832662127.81,23147400000.0
2013-06-22,CSX,6.53,6.71,6.71,6.49,6.67,15674680,369350196.7826,6.56,1.53,1021960640,1021961000.0,21586861722.02,23985400000.0
2013-06-21,CSX,6.67,6.76,6.76,6.62,6.84,12478114,299266251.6713,6.67,1.22,1021960640,1021961000.0,22037551882.84,24486160000.0
2013-06-20,CSX,6.84,7.03,7.05,6.84,7.04,7453719,185302420.9202,6.92,0.73,1021960640,1021961000.0,22626200291.72,25140220000.0
2013-06-19,CSX,7.04,6.92,7.04,6.9,6.91,4558805,114561402.0085,6.99,0.45,1021960640,1021961000.0,23260840608.45,25845380000.0
2013-06-18,CSX,6.91,6.97,6.99,6.85,6.94,8151223,202184565.5366,6.9,0.8,1021960640,1021961000.0,22846949308.55,25385500000.0
2013-06-15,CSX,6.94,6.99,7.08,6.93,6.97,7345551,184949941.1624,7.01,0.72,1021960640,1021961000.0,22938917488.27,25487680000.0
2013-06-14,CSX,6.97,6.9,6.99,6.89,6.91,6835184,170628666.725,6.95,0.67,1021960640,1021961000.0,23049298435.03,25610330000.0
2013-06-13,CSX,6.91,6.97,6.99,6.89,6.89,7237629,180338510.8414,6.93,0.71,1021960640,1021961000.0,22856141435.72,25395710000.0
2013-06-12,CSX,6.89,6.92,7.01,6.88,6.98,6526887,162832770.3491,6.94,0.64,1021960640,1021961000.0,22782559349.87,25313950000.0
2013-06-11,CSX,6.98,7.0,7.04,6.96,6.96,6823938,171676563.9646,7.0,0.67,1021960640,1021961000.0,23067683609.14,25630760000.0
2013-06-08,CSX,6.96,6.94,7.05,6.91,6.88,7539035,189391106.31,6.99,0.74,1021960640,1021961000.0,23012500493.87,25569440000.0
2013-06-07,CSX,6.88,6.74,6.89,6.71,6.74,9287156,227748880.1522,6.82,0.91,1021960640,1021961000.0,22745774285.42,25273080000.0
2013-06-06,CSX,6.74,6.85,6.86,6.73,6.88,8778383,213858966.646,6.78,0.86,1021960640,1021961000.0,22276685154.02,24751870000.0
2013-06-05,CSX,6.88,7.0,7.08,6.88,7.01,9815332,245032843.5709,6.95,0.96,1021960640,1021961000.0,22754967332.36,25283290000.0
2013-06-04,CSX,7.01,7.04,7.07,6.92,7.01,5727399,143603590.5929,6.98,0.56,1021960640,1021961000.0,23159665585.33,25732960000.0
2013-06-01,CSX,7.01,7.04,7.18,7.01,7.08,6716500,171266041.7335,7.09,0.66,1021960640,1021961000.0,23187257602.84,25763620000.0
2013-05-31,CSX,7.08,7.04,7.14,7.02,7.01,4258899,108496261.2158,7.09,0.42,1021960640,1021961000.0,23417198746.84,26019110000.0
2013-05-30,CSX,7.01,6.97,7.11,6.91,7.0,8679809,219172069.0183,7.03,0.85,1021960640,1021961000.0,23168858632.27,25743170000.0
2013-05-29,CSX,7.0,7.14,7.19,6.97,7.05,10429665,266072164.2035,7.06,1.02,1021960640,1021961000.0,23270032735.63,25855590000.0
2013-05-25,CSX,7.05,6.98,7.07,6.94,7.01,4221801,107235011.9403,7.02,0.41,1021960640,1021961000.0,23453996688.0,26060000000.0
2013-05-24,CSX,7.01,7.01,7.03,6.95,7.12,7205094,182090680.4742,6.99,0.71,1021960640,1021961000.0,23316023723.72,25906690000.0
2013-05-23,CSX,7.12,7.23,7.28,7.1,7.23,5790617,150547298.1683,7.19,0.57,1021960640,1021961000.0,23693130878.94,26325700000.0
2013-05-22,CSX,7.23,7.25,7.29,7.22,7.22,4090633,107219577.4724,7.25,0.4,1021960640,1021961000.0,24042646016.64,26714050000.0
2013-05-21,CSX,7.22,7.16,7.25,7.16,7.17,4315016,112475578.1474,7.21,0.42,1021960640,1021961000.0,24024247046.06,26693610000.0
2013-05-18,CSX,7.17,7.13,7.19,7.1,7.11,5560695,144108686.1744,7.17,0.54,1021960640,1021961000.0,23840296890.16,26489210000.0
2013-05-17,CSX,7.11,7.15,7.17,7.07,7.16,5021207,129265897.7747,7.12,0.49,1021960640,1021961000.0,23637946843.91,26264380000.0
2013-05-16,CSX,7.16,7.09,7.19,7.07,7.12,5145590,133098882.2749,7.15,0.5,1021960640,1021961000.0,23821896999.81,26468770000.0
2013-05-15,CSX,7.12,7.01,7.14,6.99,7.0,6521106,166496865.3498,7.06,0.64,1021960640,1021961000.0,23693130878.94,26325700000.0
2013-05-14,CSX,7.0,7.01,7.03,6.93,7.03,4836449,122266828.4538,6.99,0.47,1021960640,1021961000.0,23279239579.03,25865820000.0
2013-05-11,CSX,7.03,7.04,7.06,6.98,7.03,6223891,157957355.7955,7.02,0.61,1021960640,1021961000.0,23389606729.33,25988450000.0
2013-05-10,CSX,7.03,7.09,7.12,7.01,7.09,7946074,203219245.3891,7.07,0.78,1021960640,1021961000.0,23389606729.33,25988450000.0
2013-05-09,CSX,7.09,6.99,7.09,6.94,7.01,6136504,156566720.1005,7.06,0.6,1021960640,1021961000.0,23573556885.23,26192840000.0
2013-05-08,CSX,7.01,6.99,7.01,6.94,6.98,4930328,124496200.4305,6.98,0.48,1021960640,1021961000.0,23297624753.14,25886250000.0
2013-05-07,CSX,6.98,6.86,6.99,6.86,6.86,6723520,168997692.256,6.95,0.66,1021960640,1021961000.0,23205656573.42,25784060000.0
2013-05-04,CSX,6.86,6.8,6.91,6.8,6.72,5641367,140033323.1564,6.87,0.55,1021960640,1021961000.0,22819357291.03,25354840000.0
2013-05-03,CSX,6.72,6.67,6.79,6.67,6.66,3948253,96088234.4874,6.73,0.39,1021960640,1021961000.0,22359475003.03,24843860000.0
2013-05-02,CSX,6.66,6.79,6.8,6.65,6.8,6127863,148480528.7402,6.7,0.6,1021960640,1021961000.0,22138726905.97,24598580000.0
2013-05-01,CSX,6.8,6.8,6.81,6.73,6.81,5072895,124354355.7807,6.78,0.5,1021960640,1021961000.0,22617008164.55,25130000000.0
2013-04-30,CSX,6.81,6.77,6.83,6.72,6.74,4925727,120982687.1033,6.79,0.48,1021960640,1021961000.0,22635393338.66,25150430000.0
2013-04-27,CSX,6.74,6.75,6.76,6.69,6.72,4878973,118639537.1966,6.73,0.48,1021960640,1021961000.0,22414659038.06,24905170000.0
2013-04-26,CSX,6.72,6.67,6.75,6.64,6.63,6614817,160507118.9342,6.71,0.65,1021960640,1021961000.0,22350268159.63,24833630000.0
2013-04-25,CSX,6.63,6.6,6.64,6.53,6.58,5595961,133662830.102,6.61,0.55,1021960640,1021961000.0,22065143900.36,24516820000.0
2013-04-24,CSX,6.58,6.63,6.65,6.54,6.58,6027344,143700228.8314,6.59,0.59,1021960640,1021961000.0,21890385871.63,24322650000.0
2013-04-23,CSX,6.58,6.58,6.61,6.5,6.55,5500840,130439141.5722,6.56,0.54,1021960640,1021961000.0,21890385871.63,24322650000.0
2013-04-20,CSX,6.55,6.59,6.6,6.5,6.57,7675418,181858199.4952,6.55,0.75,1021960640,1021961000.0,21798417691.91,24220460000.0
2013-04-19,CSX,6.57,6.54,6.63,6.51,6.5,10623239,252598250.8787,6.58,1.04,1021960640,1021961000.0,21853601726.94,24281770000.0
2013-04-18,CSX,6.5,6.6,6.65,6.44,6.68,12485227,294013237.248,6.51,1.22,1021960640,1021961000.0,21623660582.94,24026290000.0
2013-04-17,CSX,6.68,6.56,6.75,6.54,6.49,12126301,291812072.9003,6.66,1.19,1021960640,1021961000.0,22203116864.64,24670130000.0
2013-04-16,CSX,6.49,6.74,6.75,6.49,6.78,8416527,200201385.9578,6.58,0.82,1021960640,1021961000.0,21586861722.02,23985400000.0
2013-04-13,CSX,6.78,6.73,6.82,6.71,6.72,7435930,182050148.7891,6.77,0.73,1021960640,1021961000.0,22543425158.94,25048250000.0
2013-04-12,CSX,6.72,6.73,6.75,6.68,6.7,5827199,141541469.1342,6.72,0.57,1021960640,1021961000.0,22331882985.52,24813200000.0
2013-04-11,CSX,6.7,6.63,6.71,6.62,6.61,4513250,109134898.25,6.69,0.44,1021960640,1021961000.0,22295085044.36,24772310000.0
2013-04-10,CSX,6.61,6.62,6.66,6.52,6.62,7588164,181286451.0287,6.61,0.74,1021960640,1021961000.0,21982367847.81,24424850000.0
2013-04-09,CSX,6.62,6.55,6.64,6.55,6.59,5870746,140139967.2084,6.6,0.57,1021960640,1021961000.0,22028358835.91,24475950000.0
2013-04-06,CSX,6.59,6.48,6.61,6.43,6.57,6548242,154622282.8599,6.53,0.64,1021960640,1021961000.0,21927184732.55,24363540000.0
2013-04-05,CSX,6.57,6.62,6.63,6.51,6.62,7002961,166042929.4618,6.56,0.69,1021960640,1021961000.0,21862794773.87,24291990000.0
2013-04-04,CSX,6.62,6.67,6.72,6.59,6.69,8408156,201778044.8316,6.64,0.82,1021960640,1021961000.0,22028358835.91,24475950000.0
2013-04-03,CSX,6.69,6.72,6.78,6.67,6.69,7407930,180456389.5594,6.74,0.72,1021960640,1021961000.0,22249094056.27,24721210000.0
2013-04-02,CSX,6.69,6.81,6.83,6.66,6.81,5692160,138070666.6099,6.71,0.56,1021960640,1021961000.0,22258299979.91,24731440000.0
2013-03-29,CSX,6.81,6.76,6.82,6.73,6.73,6118609,150335391.7843,6.8,0.6,1021960640,1021961000.0,22653792309.23,25170880000.0
2013-03-28,CSX,6.73,6.65,6.75,6.61,6.68,7740051,187230200.5392,6.69,0.76,1021960640,1021961000.0,22396259147.72,24884730000.0
2013-03-27,CSX,6.68,6.62,6.69,6.62,6.61,5902297,142095982.3675,6.66,0.58,1021960640,1021961000.0,22203116864.64,24670130000.0
2013-03-26,CSX,6.61,6.68,6.71,6.59,6.65,5021457,120440113.1405,6.63,0.49,1021960640,1021961000.0,21973175720.64,24414640000.0
2013-03-23,CSX,6.65,6.65,6.67,6.62,6.62,4112047,98726901.2637,6.64,0.4,1021960640,1021961000.0,22101941841.52,24557710000.0
2013-03-22,CSX,6.62,6.7,6.7,6.58,6.72,7794367,187072540.0121,6.64,0.76,1021960640,1021961000.0,22000767738.16,24445290000.0
2013-03-21,CSX,6.72,6.66,6.73,6.61,6.62,8674617,209316703.8897,6.67,0.85,1021960640,1021961000.0,22350268159.63,24833630000.0
2013-03-20,CSX,6.62,6.64,6.66,6.54,6.62,7157711,171009075.0774,6.61,0.7,1021960640,1021961000.0,22028358835.91,24475950000.0
2013-03-19,CSX,6.62,6.58,6.72,6.57,6.64,7161617,172346411.4588,6.66,0.7,1021960640,1021961000.0,22019152912.27,24465720000.0
2013-03-16,CSX,6.64,6.58,6.71,6.57,6.6,11988106,288195087.229,6.65,1.17,1021960640,1021961000.0,22092735917.87,24547480000.0
2013-03-15,CSX,6.6,6.54,6.61,6.52,6.52,8198727,194807468.0327,6.57,0.8,1021960640,1021961000.0,21945569906.66,24383960000.0
2013-03-14,CSX,6.52,6.47,6.52,6.42,6.47,7195250,168737160.457,6.49,0.7,1021960640,1021961000.0,21688036745.14,24097820000.0
2013-03-13,CSX,6.47,6.45,6.49,6.41,6.46,8865508,206725862.351,6.45,0.87,1021960640,1021961000.0,21504086589.23,23893430000.0
2013-03-12,CSX,6.46,6.37,6.49,6.37,6.36,8547754,199431905.3555,6.45,0.84,1021960640,1021961000.0,21467302444.55,23852550000.0
2013-03-09,CSX,6.36,6.33,6.4,6.29,6.28,12026973,275254102.8402,6.33,1.18,1021542240,1021542000.0,21136722213.35,23485240000.0
2013-03-08,CSX,6.28,6.42,6.45,6.26,6.42,13217723,301895370.776,6.32,1.29,1020796640,1020797000.0,20864055175.22,23182280000.0
2013-03-07,CSX,6.42,6.56,6.58,6.39,6.52,9810981,229211918.2299,6.46,0.96,1020796640,1020797000.0,21314231087.05,23682480000.0
2013-03-06,CSX,6.52,6.44,6.56,6.42,6.4,8298930,195521131.014,6.52,0.81,1020796640,1020797000.0,21663334350.76,24070370000.0
2013-03-05,CSX,6.4,6.32,6.42,6.31,6.35,8355660,192782606.3747,6.38,0.82,1020796640,1020797000.0,21268292482.1,23631430000.0
2013-03-02,CSX,6.35,6.32,6.37,6.28,6.34,6912922,158689518.7547,6.35,0.68,1020796640,1020797000.0,21102916076.68,23447680000.0
2013-03-01,CSX,6.34,6.32,6.38,6.27,6.31,7720379,177145570.7474,6.35,0.76,1020796640,1020797000.0,21075356404.84,23417060000.0
2013-02-28,CSX,6.31,6.12,6.33,6.11,6.12,9589070,217117611.9868,6.26,0.94,1020796640,1020797000.0,20946736028.2,23274150000.0
2013-02-27,CSX,6.12,6.15,6.17,6.04,6.11,9624234,212306617.6071,6.1,0.94,1020796640,1020797000.0,20340393848.64,22600430000.0
2013-02-26,CSX,6.11,6.31,6.33,6.11,6.28,8297734,188032386.1742,6.23,0.81,1020796640,1020797000.0,20413878344.68,22682090000.0
2013-02-23,CSX,6.28,6.22,6.31,6.19,6.2,6063348,138073287.3529,6.26,0.59,1020796640,1020797000.0,21001857209.32,23335390000.0
2013-02-22,CSX,6.2,6.25,6.25,6.17,6.27,6583133,148622048.237,6.2,0.64,1020796640,1020797000.0,20717056784.2,23018950000.0
2013-02-21,CSX,6.27,6.34,6.35,6.25,6.34,8113977,186079441.1084,6.3,0.79,1020796640,1020797000.0,20965114961.3,23294570000.0
2013-02-20,CSX,6.34,6.27,6.34,6.25,6.26,7829012,179603767.1736,6.3,0.77,1020796640,1020797000.0,21203975862.76,23559970000.0
2013-02-16,CSX,6.26,6.32,6.32,6.24,6.3,7451949,170168154.2232,6.28,0.73,1020796640,1020797000.0,20937554370.74,23263950000.0
2013-02-15,CSX,6.3,6.27,6.3,6.26,6.29,5413774,123814559.7194,6.29,0.53,1020796640,1020797000.0,21066173828.66,23406860000.0
2013-02-14,CSX,6.29,6.25,6.3,6.23,6.22,6711727,153289783.9905,6.28,0.66,1020796640,1020797000.0,21011053566.25,23345610000.0
2013-02-13,CSX,6.22,6.24,6.24,6.17,6.22,8004070,180695770.228,6.2,0.78,1020796640,1020797000.0,20799752336.64,23110830000.0
2013-02-12,CSX,6.22,6.14,6.25,6.12,6.04,15489176,349890975.4859,6.21,1.52,1020796640,1020797000.0,20808933994.1,23121040000.0
2013-02-09,CSX,6.04,5.97,6.04,5.95,5.97,7617336,166495914.0027,6.01,0.75,1020796640,1020797000.0,20184199100.68,22426890000.0
2013-02-08,CSX,5.97,5.93,5.97,5.89,5.93,6031875,130320384.4912,5.94,0.59,1020796640,1020797000.0,19954519856.68,22171680000.0
2013-02-07,CSX,5.93,5.94,5.98,5.91,5.95,8448520,182678884.0668,5.94,0.83,1020796640,1020797000.0,19816718741.3,22018570000.0
2013-02-06,CSX,5.95,5.98,5.98,5.94,5.95,6421024,139238621.2352,5.96,0.63,1020796640,1020797000.0,19881035360.64,22090040000.0
2013-02-05,CSX,5.95,5.99,6.03,5.94,6.02,7620695,165746283.0404,5.98,0.75,1020796640,1020797000.0,19890217018.1,22100240000.0
2013-02-02,CSX,6.02,6.11,6.11,5.97,6.05,9527020,208914105.9748,6.03,0.93,1020796640,1020797000.0,20138275195.2,22375860000.0
2013-02-01,CSX,6.05,6.06,6.11,6.0,6.08,7435543,163680087.7321,6.05,0.73,1020796640,1020797000.0,20239334062.56,22488150000.0
2013-01-31,CSX,6.08,6.18,6.2,6.07,6.19,9396793,209205397.5908,6.12,0.92,1020796640,1020797000.0,20331197491.71,22590210000.0
2013-01-30,CSX,6.19,6.15,6.23,6.11,6.13,9372391,210942445.4073,6.19,0.92,1020796640,1020797000.0,20689497112.35,22988330000.0
2013-01-29,CSX,6.13,6.15,6.16,6.09,6.11,8012809,178651922.7997,6.13,0.78,1020796640,1020797000.0,20505756473.3,22784170000.0
2013-01-26,CSX,6.11,6.1,6.17,6.02,6.07,11657528,258257226.5057,6.09,1.14,1020796640,1020797000.0,20432257277.79,22702500000.0
2013-01-25,CSX,6.07,5.99,6.11,5.99,5.96,14907911,328785002.5426,6.06,1.45,1031377920,1031378000.0,20504821642.8,22783130000.0
2013-01-24,CSX,5.96,5.84,6.0,5.79,5.72,18306352,395356700.7066,5.94,1.77,1031377920,1031378000.0,20124239477.36,22360260000.0
2013-01-23,CSX,5.72,5.75,5.77,5.65,5.75,12722020,264848284.562,5.72,1.23,1031377920,1031378000.0,19316675207.2,21462970000.0
2013-01-19,CSX,5.75,5.68,5.82,5.66,5.74,15334098,320980945.0486,5.75,1.49,1031377920,1031378000.0,19409490865.84,21566100000.0
2013-01-18,CSX,5.74,5.75,5.76,5.68,5.72,7998563,166868340.8893,5.73,0.78,1031377920,1031378000.0,19390936273.92,21545480000.0
2013-01-17,CSX,5.72,5.7,5.74,5.69,5.71,4814297,100263964.7253,5.72,0.47,1031377920,1031378000.0,19325952967.28,21473280000.0
2013-01-16,CSX,5.71,5.66,5.72,5.66,5.68,5428414,112514682.6939,5.7,0.53,1031377920,1031378000.0,19288828931.6,21432030000.0
2013-01-15,CSX,5.68,5.64,5.71,5.62,5.64,6582715,135549930.9889,5.66,0.64,1031377920,1031378000.0,19168153073.76,21297950000.0
2013-01-12,CSX,5.64,5.67,5.68,5.58,5.64,6853152,140435448.6866,5.63,0.66,1031377920,1031378000.0,19066046659.68,21184490000.0
2013-01-11,CSX,5.64,5.61,5.66,5.5,5.64,20701497,420287836.9311,5.58,2.01,1031377920,1031378000.0,19066046659.68,21184490000.0
2013-01-10,CSX,5.64,5.65,5.71,5.63,5.64,8186387,168632130.7742,5.66,0.79,1031377920,1031378000.0,19066046659.68,21184490000.0
2013-01-09,CSX,5.64,5.62,5.64,5.58,5.62,8460176,172701785.8556,5.61,0.82,1031377920,1031378000.0,19038200384.08,21153550000.0
2013-01-08,CSX,5.62,5.72,5.72,5.61,5.75,10994411,226021913.9416,5.65,1.07,1031377920,1031378000.0,18991785592.96,21101980000.0
2013-01-05,CSX,5.75,5.63,5.78,5.61,5.6,9248012,192194007.2424,5.71,0.9,1031377920,1031378000.0,19437337141.44,21597040000.0
2013-01-04,CSX,5.6,5.53,5.68,5.53,5.54,7604422,155455640.0395,5.62,0.74,1031377920,1031378000.0,18898956010.72,20998840000.0
2013-01-03,CSX,5.54,5.53,5.61,5.51,5.42,12526875,253339686.7762,5.56,1.21,1031377920,1031378000.0,18722602453.52,20802890000.0
2013-01-01,CSX,5.42,5.33,5.43,5.32,5.34,6391918,124895501.777,5.37,0.62,1031377920,1031378000.0,18314174012.48,20349080000.0
2012-12-29,CSX,5.34,5.36,5.4,5.34,5.39,4528684,88432065.3364,5.37,0.44,1031377920,1031378000.0,18035699189.36,20039660000.0
2012-12-28,CSX,5.39,5.42,5.43,5.34,5.41,8546352,166950413.868,5.37,0.83,1031377920,1031378000.0,18212067598.4,20235630000.0
2012-12-27,CSX,5.41,5.47,5.48,5.4,5.46,5212289,102896818.7576,5.43,0.51,1031377920,1031378000.0,18286327736.88,20318140000.0
2012-12-25,CSX,5.46,5.47,5.49,5.44,5.48,3304880,65531794.6294,5.45,0.32,1031377920,1031378000.0,18425558186.64,20472840000.0
2012-12-22,CSX,5.48,5.43,5.5,5.43,5.52,12708797,253348482.9361,5.48,1.23,1031377920,1031378000.0,18518387768.88,20575980000.0
2012-12-21,CSX,5.52,5.52,5.55,5.5,5.5,10894622,218868598.1312,5.52,1.06,1031377920,1031378000.0,18657618218.64,20730680000.0
2012-12-20,CSX,5.5,5.56,5.57,5.48,5.56,10117020,202958519.5709,5.51,0.98,1031377920,1031378000.0,18574080320.08,20637860000.0
2012-12-19,CSX,5.56,5.49,5.57,5.46,5.47,8936340,180009111.172,5.54,0.87,1031377920,1031378000.0,18787571836.56,20875070000.0
2012-12-18,CSX,5.47,5.46,5.5,5.42,5.43,6042758,119942703.542,5.46,0.59,1031377920,1031378000.0,18481250737.84,20534720000.0
2012-12-15,CSX,5.43,5.44,5.51,5.41,5.43,8598207,171034605.0376,5.47,0.83,1031377920,1031378000.0,18351298048.16,20390330000.0
2012-12-14,CSX,5.43,5.4,5.47,5.39,5.4,8148879,161101634.7143,5.43,0.79,1031377920,1031378000.0,18323451772.56,20359390000.0
2012-12-13,CSX,5.4,5.4,5.42,5.34,5.38,16433141,322135559.9617,5.39,1.59,1031377920,1031378000.0,18230636113.92,20256260000.0
2012-12-12,CSX,5.38,5.52,5.52,5.38,5.48,10704793,211480593.4318,5.43,1.04,1031377920,1031378000.0,18184221322.8,20204680000.0
2012-12-11,CSX,5.48,5.45,5.51,5.44,5.47,9477949,189018680.0393,5.48,0.92,1031377920,1031378000.0,18499819253.36,20555350000.0
2012-12-08,CSX,5.47,5.55,5.57,5.44,5.57,13871571,276898668.4442,5.49,1.34,1031377920,1031378000.0,18481250737.84,20534720000.0
2012-12-07,CSX,5.57,5.57,5.58,5.49,5.54,9160770,184734136.576,5.54,0.89,1031377920,1031378000.0,18796862592.0,20885400000.0
2012-12-06,CSX,5.54,5.42,5.57,5.42,5.4,11812708,236653417.7177,5.51,1.15,1031377920,1031378000.0,18713310769.84,20792560000.0
2012-12-05,CSX,5.4,5.36,5.43,5.36,5.38,7012609,137669429.0927,5.4,0.68,1031377920,1031378000.0,18230636113.92,20256260000.0
2012-12-04,CSX,5.38,5.46,5.47,5.36,5.43,7144180,140228079.7173,5.39,0.69,1031377920,1031378000.0,18165652807.28,20184050000.0
2012-12-01,CSX,5.43,5.45,5.48,5.4,5.45,9573141,189270541.9916,5.43,0.93,1031377920,1031378000.0,18342020288.08,20380020000.0
2012-11-30,CSX,5.45,5.46,5.49,5.39,5.44,8449734,167221858.2089,5.44,0.82,1031377920,1031378000.0,18416281354.8,20462530000.0
2012-11-29,CSX,5.44,5.46,5.46,5.38,5.46,10690961,210652525.2789,5.42,1.04,1031377920,1031378000.0,18360588803.6,20400650000.0
2012-11-28,CSX,5.46,5.48,5.53,5.44,5.46,10448102,209630676.7356,5.48,1.01,1031377920,1031378000.0,18574080320.08,20637860000.0
2012-11-27,CSX,5.46,5.36,5.46,5.35,5.38,9295922,184639293.245,5.42,0.9,1031377920,1031378000.0,18574080320.08,20637860000.0
2012-11-24,CSX,5.38,5.31,5.38,5.28,5.29,5461133,106844833.5416,5.34,0.53,1031377920,1031378000.0,18295605496.96,20328450000.0
2012-11-22,CSX,5.29,5.34,5.34,5.27,5.33,5373016,104285345.7424,5.3,0.52,1031377920,1031378000.0,17980007566.4,19977780000.0
2012-11-21,CSX,5.33,5.35,5.37,5.29,5.37,6147762,119998154.1825,5.33,0.6,1031377920,1031378000.0,18119238016.16,20132480000.0
2012-11-20,CSX,5.37,5.24,5.37,5.23,5.19,8490336,165637082.0291,5.32,0.82,1031377920,1031378000.0,18267759221.36,20297510000.0
2012-11-17,CSX,5.19,5.31,5.31,5.15,5.29,15473887,295343798.7709,5.21,1.5,1031377920,1031378000.0,17645840192.08,19606480000.0
2012-11-16,CSX,5.29,5.34,5.37,5.24,5.35,8396379,162813345.5511,5.29,0.81,1031377920,1031378000.0,17980007566.4,19977780000.0
2012-11-15,CSX,5.35,5.45,5.47,5.33,5.43,9632430,189911997.7397,5.38,0.93,1031377920,1031378000.0,18184221322.8,20204680000.0
2012-11-14,CSX,5.43,5.42,5.51,5.42,5.45,6667277,133457550.2536,5.46,0.65,1031377920,1031378000.0,18471972977.76,20524410000.0
2012-11-13,CSX,5.45,5.44,5.49,5.42,5.43,6070684,121480378.6051,5.46,0.59,1031377920,1031378000.0,18527665528.96,20586290000.0
2012-11-10,CSX,5.43,5.46,5.49,5.41,5.47,18515817,369492219.5011,5.45,1.8,1031377920,1031378000.0,18453404462.24,20503780000.0
2012-11-09,CSX,5.47,5.53,5.56,5.47,5.52,9821988,198427661.6173,5.51,0.95,1031377920,1031378000.0,18601926595.68,20668800000.0
2012-11-08,CSX,5.52,5.54,5.61,5.5,5.69,13666114,277646115.4746,5.54,1.33,1031377920,1031378000.0,18778294076.48,20864770000.0
2012-11-07,CSX,5.69,5.65,5.71,5.64,5.65,9046820,188233519.7779,5.68,0.88,1031377920,1031378000.0,19363076074.72,21514520000.0
2012-11-06,CSX,5.65,5.61,5.67,5.61,5.64,7017977,145115545.8152,5.64,0.68,1031377920,1031378000.0,19223845624.96,21359820000.0
2012-11-03,CSX,5.64,5.73,5.75,5.63,5.68,10012473,208376504.2343,5.68,0.97,1031377920,1031378000.0,19177430833.84,21308250000.0
2012-11-02,CSX,5.68,5.59,5.69,5.59,5.59,15405336,318862679.3792,5.65,1.49,1031377920,1031378000.0,19335229799.12,21483590000.0
2012-11-01,CSX,5.59,5.65,5.68,5.58,5.61,10486266,215682567.7146,5.61,1.02,1031377920,1031378000.0,19001062424.8,21112290000.0
2012-10-27,CSX,5.61,5.61,5.67,5.58,5.62,11585477,238157958.5708,5.61,1.12,1031377920,1031378000.0,19075323491.52,21194800000.0
2012-10-26,CSX,5.62,5.67,5.68,5.58,5.62,11923309,245710663.3153,5.62,1.16,1031377920,1031378000.0,19103169767.12,21225740000.0
2012-10-25,CSX,5.62,5.84,5.85,5.59,5.82,15084887,312450247.4536,5.65,1.46,1031377920,1031378000.0,19112461450.8,21236060000.0
2012-10-24,CSX,5.82,5.72,5.86,5.72,5.81,9128848,193792589.622,5.79,0.89,1031377920,1031378000.0,19780795271.2,21978660000.0
2012-10-23,CSX,5.81,5.75,5.85,5.74,5.76,7578848,160958815.9392,5.8,0.73,1031377920,1031378000.0,19762226755.68,21958030000.0
2012-10-20,CSX,5.76,5.81,5.83,5.74,5.83,9721625,205552084.9534,5.77,0.94,1031377920,1031378000.0,19585858346.64,21762060000.0
2012-10-19,CSX,5.83,5.75,5.85,5.73,5.78,15081047,320797878.7168,5.81,1.46,1031377920,1031378000.0,19827196138.72,22030210000.0
2012-10-18,CSX,5.78,5.73,5.84,5.62,5.9,20866610,439379755.793,5.75,2.02,1031377920,1031378000.0,19669397173.44,21854880000.0
2012-10-17,CSX,5.9,5.88,5.94,5.85,5.85,9444645,204249817.2128,5.9,0.92,1031377920,1031378000.0,20077824686.24,22308690000.0
2012-10-16,CSX,5.85,5.83,5.86,5.78,5.82,5290766,112927130.6218,5.82,0.51,1031377920,1031378000.0,19910747960.88,22123050000.0
2012-10-13,CSX,5.82,5.8,5.85,5.75,5.77,5063082,107682584.8985,5.8,0.49,1031377920,1031378000.0,19780795271.2,21978660000.0
2012-10-12,CSX,5.77,5.8,5.83,5.77,5.76,5341535,113565243.2296,5.8,0.52,1031377920,1031378000.0,19641550897.84,21823940000.0
2012-10-11,CSX,5.76,5.81,5.83,5.71,5.79,7862641,166006274.6374,5.76,0.76,1031377920,1031378000.0,19576581514.8,21751750000.0
2012-10-10,CSX,5.79,5.88,5.93,5.78,5.9,7733367,165005243.1387,5.82,0.75,1031377920,1031378000.0,19687965688.96,21875510000.0
2012-10-09,CSX,5.9,5.83,5.93,5.81,5.85,5847531,126231224.755,5.89,0.57,1031377920,1031378000.0,20059256170.72,22288060000.0
2012-10-06,CSX,5.85,5.84,5.89,5.83,5.81,4697465,100784050.508,5.86,0.46,1031377920,1031378000.0,19882902613.52,22092110000.0
2012-10-05,CSX,5.81,5.82,5.86,5.79,5.78,5979981,127481832.9561,5.82,0.58,1031377920,1031378000.0,19762226755.68,21958030000.0
2012-10-04,CSX,5.78,5.7,5.79,5.68,5.65,10172801,214069201.5553,5.74,0.99,1031377920,1031378000.0,19660119413.36,21844570000.0
2012-10-03,CSX,5.65,5.71,5.74,5.64,5.68,9425535,195329028.3381,5.66,0.91,1031377920,1031378000.0,19214567864.88,21349520000.0
2012-10-02,CSX,5.68,5.68,5.73,5.66,5.66,7058598,147345332.1662,5.7,0.68,1031377920,1031378000.0,19316675207.2,21462970000.0
2012-09-29,CSX,5.66,5.73,5.73,5.64,5.76,10742336,223384728.6528,5.67,1.04,1031377920,1031378000.0,19260982656.0,21401090000.0
2012-09-28,CSX,5.76,5.77,5.8,5.72,5.73,4491176,94747191.7576,5.76,0.43,1039988640,1039989000.0,19758731067.5,21954140000.0
2012-09-27,CSX,5.73,5.75,5.77,5.71,5.78,6971211,146524997.9276,5.74,0.67,1039988640,1039989000.0,19655785296.0,21839760000.0
2012-09-26,CSX,5.78,5.85,5.9,5.76,5.83,9739762,208308098.1409,5.84,0.94,1039988640,1039989000.0,19814902621.93,22016550000.0
2012-09-25,CSX,5.83,5.73,5.86,5.7,5.77,11288418,240509826.0473,5.81,1.09,1039988640,1039989000.0,19992728511.5,22214140000.0
2012-09-22,CSX,5.77,5.93,5.93,5.76,5.86,13705602,292521212.728,5.82,1.32,1039988640,1039989000.0,19777454606.98,21974950000.0
2012-09-21,CSX,5.86,5.93,6.06,5.83,6.22,26118258,566157564.8338,5.92,2.51,1039988640,1039989000.0,20114411862.33,22349340000.0
2012-09-20,CSX,6.22,6.18,6.24,6.14,6.28,6833875,155335933.2382,6.2,0.66,1039988640,1039989000.0,21331201379.1,23701330000.0
2012-09-19,CSX,6.28,6.31,6.32,6.22,6.35,5005789,115066544.9774,6.27,0.48,1039988640,1039989000.0,21537120065.81,23930130000.0
2012-09-18,CSX,6.35,6.31,6.36,6.28,6.32,6359567,147544460.0694,6.33,0.61,1039988640,1039989000.0,21771117509.81,24190130000.0
2012-09-15,CSX,6.32,6.31,6.36,6.3,6.29,7106285,164684601.7325,6.32,0.68,1039988640,1039989000.0,21677512916.27,24086120000.0
2012-09-14,CSX,6.29,6.23,6.3,6.16,6.23,7981942,182958770.0,6.26,0.77,1039988640,1039989000.0,21565198823.1,23961330000.0
2012-09-13,CSX,6.23,6.22,6.24,6.15,6.18,5191551,118089090.4748,6.21,0.5,1039988640,1039989000.0,21378003675.87,23753340000.0
2012-09-12,CSX,6.18,6.09,6.21,6.09,6.08,4380301,99208513.1055,6.18,0.42,1039988640,1039989000.0,21209518028.27,23566130000.0
2012-09-11,CSX,6.08,6.07,6.14,6.05,6.09,4700043,105035089.8505,6.1,0.45,1039988640,1039989000.0,20853851273.29,23170940000.0
2012-09-08,CSX,6.09,6.02,6.09,5.99,6.02,7638805,169217787.494,6.05,0.73,1039988640,1039989000.0,20881930030.58,23202140000.0
2012-09-07,CSX,6.02,5.87,6.03,5.86,5.84,7538918,165243176.4217,5.98,0.72,1039988640,1039989000.0,20647932586.58,22942140000.0
2012-09-06,CSX,5.84,5.92,5.93,5.82,5.93,8373844,179481572.5153,5.85,0.81,1039988640,1039989000.0,20030175590.46,22255750000.0
2012-09-05,CSX,5.93,6.04,6.06,5.91,6.13,9512645,207532600.6172,5.95,0.91,1039988640,1039989000.0,20339054088.52,22598950000.0
2012-09-01,CSX,6.13,6.15,6.18,6.1,6.12,4446141,100025216.4451,6.14,0.43,1039988640,1039989000.0,21022322881.04,23358130000.0
2012-08-31,CSX,6.12,6.14,6.14,6.09,6.17,3504140,78549821.9447,6.12,0.34,1039988640,1039989000.0,20975520584.27,23306130000.0
2012-08-30,CSX,6.17,6.2,6.2,6.12,6.16,3867740,87302592.4703,6.16,0.37,1039988640,1039989000.0,21153360513.69,23503730000.0
2012-08-29,CSX,6.16,6.15,6.21,6.14,6.18,3826766,87073816.4465,6.17,0.37,1039988640,1039989000.0,21246965107.23,23607740000.0
2012-08-28,CSX,6.18,6.24,6.26,6.17,6.24,4585371,104999021.1616,6.21,0.44,1039988640,1039989000.0,21321846161.29,23690940000.0
2012-08-25,CSX,6.24,6.18,6.24,6.17,6.19,3351925,76908869.9725,6.22,0.32,1039988640,1039989000.0,21518396526.33,23909320000.0
2012-08-24,CSX,6.19,6.28,6.29,6.17,6.3,4906832,112245730.0123,6.2,0.47,1039988640,1039989000.0,21378003675.87,23753340000.0
2012-08-23,CSX,6.3,6.3,6.32,6.26,6.31,3655646,84810588.7346,6.29,0.35,1039988640,1039989000.0,21733669494.86,24148520000.0
2012-08-22,CSX,6.31,6.34,6.37,6.29,6.34,5547770,129580334.6096,6.33,0.53,1039988640,1039989000.0,21771117509.81,24190130000.0
2012-08-21,CSX,6.34,6.35,6.36,6.31,6.34,5052598,118096383.988,6.34,0.49,1039988640,1039989000.0,21892800860.64,24325330000.0
2012-08-18,CSX,6.34,6.31,6.35,6.29,6.29,5233914,121994616.4281,6.32,0.5,1039988640,1039989000.0,21892800860.64,24325330000.0
2012-08-17,CSX,6.29,6.24,6.31,6.23,6.24,7389020,171190278.386,6.28,0.71,1039988640,1039989000.0,21705591673.56,24117320000.0
2012-08-16,CSX,6.24,6.22,6.3,6.2,6.23,5159020,118946839.7498,6.25,0.5,1039988640,1039989000.0,21527764848.0,23919730000.0
2012-08-15,CSX,6.23,6.25,6.26,6.21,6.21,4847606,111411059.8734,6.23,0.47,1039988640,1039989000.0,21490317769.04,23878130000.0
2012-08-14,CSX,6.21,6.23,6.24,6.18,6.23,5220785,119499069.9435,6.21,0.5,1039988640,1039989000.0,21415436714.98,23794930000.0
2012-08-11,CSX,6.23,6.12,6.24,6.09,6.14,4864297,110938051.6387,6.19,0.47,1039988640,1039989000.0,21509041308.52,23898930000.0
2012-08-10,CSX,6.14,6.15,6.17,6.1,6.19,5714231,129397046.7257,6.14,0.55,1039988640,1039989000.0,21200162810.46,23555730000.0
2012-08-08,CSX,6.19,6.22,6.25,6.18,6.21,7392254,169491026.417,6.22,0.71,1039988640,1039989000.0,21378003675.87,23753340000.0
2012-08-07,CSX,6.21,6.31,6.31,6.21,6.27,4556301,104951144.8924,6.25,0.44,1039988640,1039989000.0,21443515472.27,23826130000.0
2012-08-04,CSX,6.27,6.24,6.29,6.19,6.13,6454168,149170008.7413,6.27,0.62,1039988640,1039989000.0,21630710619.5,24034120000.0
2012-08-03,CSX,6.13,6.06,6.13,6.0,6.11,6226352,139485165.7813,6.08,0.6,1039988640,1039989000.0,21153360513.69,23503730000.0
2012-08-02,CSX,6.11,6.27,6.29,6.1,6.22,8006324,182791478.5294,6.19,0.77,1039988640,1039989000.0,21069125177.81,23410140000.0
2012-08-01,CSX,6.22,6.19,6.29,6.19,6.21,7952578,183298095.5384,6.25,0.76,1039988640,1039989000.0,21471594229.56,23857320000.0
2012-07-31,CSX,6.21,6.19,6.24,6.16,6.2,4856910,110969679.1565,6.2,0.47,1039988640,1039989000.0,21424805972.64,23805340000.0
2012-07-28,CSX,6.2,6.08,6.23,6.06,6.03,6562070,149401246.2697,6.17,0.63,1039988640,1039989000.0,21387357957.69,23763730000.0
2012-07-27,CSX,6.03,6.02,6.08,5.99,5.92,6332754,140811305.6261,6.03,0.61,1039988640,1039989000.0,20825772516.0,23139740000.0
2012-07-25,CSX,5.87,5.91,5.97,5.83,5.94,8692410,188383613.2324,5.88,0.84,1039988640,1039989000.0,20264173034.46,22515740000.0
2012-07-21,CSX,6.07,6.13,6.13,6.04,6.18,7931641,177591742.1659,6.07,0.76,1039988640,1039989000.0,20938087545.16,23264540000.0
2012-07-20,CSX,6.18,6.16,6.23,6.13,6.14,9175301,208995006.178,6.18,0.88,1039988640,1039989000.0,21321846161.29,23690940000.0
2012-07-19,CSX,6.14,6.19,6.22,6.05,6.18,12193864,275803193.7555,6.13,1.17,1039988640,1039989000.0,21181439270.98,23534930000.0
2012-07-17,CSX,6.13,6.12,6.16,6.07,6.15,4913949,111006540.3375,6.13,0.47,1039988640,1039989000.0,21144006231.87,23493340000.0
2012-07-13,CSX,6.0,6.04,6.06,5.94,6.03,9163645,202194873.9059,5.98,0.88,1039988640,1039989000.0,20704090101.16,23004540000.0
2012-07-11,CSX,6.03,6.11,6.16,5.98,6.08,8177336,183356201.9773,6.08,0.79,1039988640,1039989000.0,20797679718.86,23108530000.0
2012-07-10,CSX,6.08,6.07,6.14,6.04,6.08,7355320,165151942.088,6.09,0.71,1039988640,1039989000.0,20966165366.46,23295740000.0
2012-07-07,CSX,6.08,5.98,6.09,5.97,6.04,5411266,120572746.7588,6.04,0.52,1039988640,1039989000.0,20975520584.27,23306130000.0
2012-07-04,CSX,6.03,6.04,6.06,6.0,6.02,4785906,106420832.016,6.03,0.46,1039988640,1039989000.0,20797679718.86,23108530000.0
2012-07-03,CSX,6.02,6.05,6.06,5.95,6.06,5430055,120077993.6573,6.0,0.52,1039988640,1039989000.0,20760246679.75,23066940000.0
2012-06-29,CSX,5.93,5.86,5.95,5.79,5.92,6782555,147055891.6244,5.88,0.65,1039157920,1039158000.0,20463088408.22,22736760000.0
2012-06-28,CSX,5.92,5.84,5.93,5.78,5.81,8567758,186003344.4717,5.89,0.82,1039157920,1039158000.0,20425685269.79,22695200000.0
2012-06-27,CSX,5.81,5.78,5.84,5.77,5.78,6756988,144724466.3941,5.81,0.65,1039157920,1039158000.0,20042232256.35,22269140000.0
2012-06-23,CSX,5.87,5.96,5.96,5.8,5.99,14643805,315983848.5643,5.85,1.41,1039157920,1039158000.0,20229277876.22,22476970000.0
2012-06-22,CSX,5.99,6.11,6.12,5.97,6.09,7548453,167498579.3464,6.02,0.73,1039157920,1039158000.0,20668842611.62,22965380000.0
2012-06-21,CSX,6.09,6.14,6.14,6.03,6.14,9382320,210305500.2972,6.08,0.9,1039157920,1039158000.0,21014877522.77,23349860000.0
2012-06-20,CSX,6.14,6.18,6.21,6.13,6.15,7793410,177241572.3711,6.17,0.75,1039157920,1039158000.0,21183228587.75,23536920000.0
2012-06-19,CSX,6.15,6.01,6.17,5.99,6.05,7114254,160024472.349,6.1,0.68,1039157920,1039158000.0,21220632661.41,23578480000.0
2012-06-12,CSX,5.69,5.8,5.81,5.68,5.72,6038113,127798467.0408,5.74,0.58,1039157920,1039158000.0,19621376104.47,21801530000.0
2012-06-09,CSX,5.72,5.66,5.72,5.6,5.69,5273914,110500074.5412,5.68,0.51,1039157920,1039158000.0,19714891900.09,21905430000.0
2012-06-08,CSX,5.69,5.77,5.84,5.68,5.67,6930633,146625150.95,5.74,0.67,1039157920,1039158000.0,19630723849.54,21811910000.0
2012-06-07,CSX,5.67,5.58,5.68,5.55,5.51,7370137,153182364.5847,5.64,0.71,1039157920,1039158000.0,19537208053.92,21708000000.0
2012-06-06,CSX,5.51,5.47,5.55,5.45,5.52,6592195,133951339.043,5.51,0.63,1039157920,1039158000.0,19013460304.09,21126060000.0
2012-06-05,CSX,5.52,5.52,5.55,5.39,5.51,11170204,224968925.0486,5.46,1.07,1039157920,1039158000.0,19022822077.79,21136460000.0
2012-06-02,CSX,5.51,5.55,5.6,5.48,5.67,8891020,181365223.0009,5.53,0.86,1039157920,1039158000.0,19004113494.27,21115680000.0
2012-06-01,CSX,5.67,5.67,5.72,5.54,5.66,8556734,177727583.6499,5.63,0.82,1039157920,1039158000.0,19537208053.92,21708000000.0
2012-05-31,CSX,5.66,5.73,5.75,5.64,5.8,6131348,128496444.2583,5.68,0.59,1039157920,1039158000.0,19527846280.22,21697600000.0
2012-05-30,CSX,5.8,5.83,5.86,5.76,5.76,6610684,141383967.9593,5.8,0.64,1039157920,1039158000.0,20014175927.75,22237970000.0
2012-05-24,CSX,5.78,5.64,5.81,5.6,5.69,6377109,134576698.7897,5.69,0.61,1039157920,1039158000.0,20079635394.77,22310700000.0
2012-05-23,CSX,5.69,5.78,5.84,5.65,5.75,10153543,216508008.0385,5.75,0.98,1039157920,1039158000.0,19761656812.22,21957390000.0
2012-05-22,CSX,5.75,5.62,5.76,5.6,5.6,5291844,112045207.8787,5.7,0.51,1039157920,1039158000.0,19948702432.09,22165220000.0
2012-05-18,CSX,5.66,5.79,5.84,5.65,5.8,8539676,180791704.3434,5.7,0.82,1039157920,1039158000.0,19658780178.14,21843090000.0
2012-05-17,CSX,5.8,5.83,5.89,5.77,5.8,6056051,130832454.9352,5.82,0.58,1039157920,1039158000.0,20126401242.14,22362660000.0
2012-05-16,CSX,5.8,5.79,5.86,5.77,5.8,6036602,130399024.2598,5.82,0.58,1039157920,1039158000.0,20117053497.07,22352280000.0
2012-05-12,CSX,5.84,5.79,5.9,5.78,5.84,5107508,110964697.3064,5.85,0.49,1039157920,1039158000.0,20257334204.82,22508140000.0
2012-05-11,CSX,5.84,5.91,5.94,5.81,5.84,6304570,137127480.4347,5.86,0.61,1039157920,1039158000.0,20276042788.35,22528930000.0
2012-05-10,CSX,5.84,5.84,5.91,5.81,5.93,8808508,191533034.7603,5.86,0.85,1039157920,1039158000.0,20257334204.82,22508140000.0
2012-05-09,CSX,5.93,5.88,5.94,5.83,5.93,8082035,176430718.9835,5.88,0.78,1039157920,1039158000.0,20565965977.54,22851070000.0
2012-05-05,CSX,5.97,6.03,6.03,5.9,6.05,9789969,215995978.3573,5.94,0.94,1039157920,1039158000.0,20715607523.75,23017340000.0
2012-05-04,CSX,6.05,6.13,6.2,6.04,6.08,6403781,145310698.5494,6.11,0.62,1039157920,1039158000.0,21005530712.94,23339470000.0
2012-05-03,CSX,6.08,6.07,6.09,6.02,6.11,5465231,122966030.6045,6.06,0.53,1039157920,1039158000.0,21089698763.49,23433000000.0
2012-05-02,CSX,6.11,6.02,6.19,6.01,6.01,7489152,170366210.3785,6.13,0.72,1039157920,1039158000.0,21211284916.35,23568090000.0
2012-05-01,CSX,6.01,6.02,6.05,5.97,6.03,8341961,185807079.1602,6.0,0.8,1039157920,1039158000.0,20846541421.67,23162820000.0
2012-04-28,CSX,6.03,6.06,6.09,5.99,6.03,5129567,114908456.2804,6.04,0.49,1039157920,1039158000.0,20940071245.92,23266740000.0
2012-04-27,CSX,6.03,5.97,6.05,5.89,5.97,10563747,235221813.5643,6.0,1.02,1039157920,1039158000.0,20940071245.92,23266740000.0
2012-04-26,CSX,5.97,5.93,6.01,5.9,5.88,9861106,217956988.6974,5.96,0.95,1039157920,1039158000.0,20724955268.82,23027730000.0
2012-04-25,CSX,5.88,5.81,5.9,5.79,5.79,7170520,155856185.5178,5.86,0.69,1039157920,1039158000.0,20397628941.2,22664030000.0
2012-04-24,CSX,5.79,5.76,5.8,5.69,5.82,8513289,182358796.3517,5.77,0.82,1039157920,1039158000.0,20098344913.54,22331490000.0
2012-04-21,CSX,5.82,5.82,5.88,5.78,5.81,9862305,213543529.4256,5.83,0.95,1039157920,1039158000.0,20210569292.69,22456180000.0
2012-04-20,CSX,5.81,5.99,6.01,5.76,5.98,15326012,333667005.8174,5.87,1.47,1039157920,1039158000.0,20163818409.2,22404240000.0
2012-04-19,CSX,5.98,6.06,6.2,5.94,6.05,15520368,348154431.4924,6.04,1.49,1039157920,1039158000.0,20771720180.94,23079690000.0
2012-04-17,CSX,5.95,5.91,6.01,5.87,5.91,8291152,182891918.5463,5.94,0.8,1039157920,1039158000.0,20650134028.09,22944590000.0
2012-04-13,CSX,5.94,5.79,5.97,5.76,5.74,9540676,209687715.302,5.92,0.92,1039157920,1039158000.0,20631439473.2,22923820000.0
2012-04-11,CSX,5.67,5.83,5.83,5.65,5.84,12014762,254402913.4666,5.71,1.16,1039157920,1039158000.0,19696197345.2,21884660000.0
2012-04-06,CSX,6.01,6.03,6.04,5.97,6.06,10525950,234553817.3927,6.0,1.01,1039157920,1039158000.0,20874597750.27,23193990000.0
2012-04-05,CSX,6.06,5.92,6.09,5.92,5.97,17979926,401079989.2947,6.01,1.73,1039157920,1039158000.0,21033587041.54,23370650000.0
2012-04-03,CSX,5.96,5.75,6.0,5.74,5.8,13504141,296668273.8411,5.92,1.3,1039157920,1039158000.0,20687552130.39,22986160000.0
2012-03-30,CSX,5.82,5.75,5.82,5.66,5.8,15717458,336498123.2263,5.77,1.51,1039090400,1039090000.0,20190562756.86,22433950000.0
2012-03-28,CSX,5.94,5.83,5.97,5.81,5.81,14454618,316344981.1403,5.9,1.39,1039090400,1039090000.0,20630098931.24,22922330000.0
2012-03-24,CSX,5.7,5.7,5.73,5.61,5.66,9863887,208151560.7983,5.69,0.95,1039090400,1039090000.0,19797788456.02,21997540000.0
2012-03-20,CSX,5.95,5.97,6.01,5.93,6.0,7871172,174129144.6123,5.96,0.76,1039090400,1039090000.0,20639446068.93,22932710000.0
2012-03-16,CSX,5.91,5.46,5.92,5.45,5.45,32277516,692284677.1963,5.78,3.11,1039090400,1039090000.0,20499174476.02,22776860000.0
2012-03-15,CSX,5.45,5.59,5.6,5.42,5.61,13463290,273985840.9879,5.48,1.3,1039090400,1039090000.0,18900007804.15,21000000000.0
2012-03-14,CSX,5.61,5.5,5.62,5.49,5.56,12079122,248744103.1173,5.55,1.16,1039090400,1039090000.0,19461122231.24,21623460000.0
2012-03-13,CSX,5.56,5.64,5.66,5.55,5.63,8559953,177388753.4543,5.58,0.82,1039090400,1039090000.0,19283435902.47,21426040000.0
2012-03-10,CSX,5.63,5.64,5.67,5.55,5.63,11619461,242845433.5204,5.63,1.12,1039090400,1039090000.0,19545284812.91,21716980000.0
2012-03-09,CSX,5.63,5.5,5.67,5.42,5.46,17968387,369997819.7808,5.55,1.71,1052268960,1052268000.0,19783708716.96,21981890000.0
2012-03-06,CSX,5.51,5.59,5.61,5.46,5.59,11026696,225771501.3597,5.52,1.05,1052268960,1052268000.0,19376473053.1,21529410000.0
2012-03-03,CSX,5.59,5.7,5.71,5.59,5.68,13483000,281539722.987,5.63,1.28,1052268960,1052268000.0,19660588513.43,21845090000.0
2012-03-02,CSX,5.68,5.69,5.74,5.66,5.66,11841438,250183450.8863,5.69,1.13,1052268960,1052268000.0,19973114288.63,22192350000.0
2012-03-01,CSX,5.66,5.82,5.85,5.66,5.8,15872547,336407380.0292,5.71,1.51,1052268960,1052268000.0,19897349029.43,22108160000.0
2012-02-29,CSX,5.8,5.89,5.9,5.78,5.88,8898535,192178003.0971,5.82,0.85,1052268960,1052268000.0,20380335746.86,22644810000.0
2012-02-25,CSX,5.8,5.81,5.88,5.8,5.81,8952363,194984238.7079,5.84,0.85,1052268960,1052268000.0,20512920688.78,22792130000.0
2012-02-24,CSX,5.81,5.72,5.83,5.68,5.72,10138086,218237406.8981,5.77,0.96,1052268960,1052268000.0,20541331003.66,22823700000.0
2012-02-23,CSX,5.72,5.65,5.74,5.64,5.67,10869333,231691636.9906,5.71,1.03,1052268960,1052268000.0,20200394913.57,22444880000.0
2012-02-18,CSX,5.79,5.82,5.88,5.77,5.77,9425977,204657736.3697,5.82,0.9,1052268960,1052268000.0,20446635320.63,22718480000.0
2012-02-15,CSX,5.85,5.83,5.89,5.78,5.88,9475520,206258258.4182,5.83,0.9,1052268960,1052268000.0,20664451207.19,22960500000.0
2012-02-14,CSX,5.88,5.99,5.99,5.84,5.91,12320047,270381763.6449,5.88,1.17,1052268960,1052268000.0,20778091519.66,23086770000.0
2012-02-10,CSX,5.97,5.91,6.03,5.88,5.88,13047579,290446806.6116,5.96,1.24,1052268960,1052268000.0,21100096238.88,23444550000.0
2012-02-07,CSX,5.98,6.12,6.14,5.97,6.21,14461747,325425288.3265,6.03,1.37,1052268960,1052268000.0,21137972239.19,23486630000.0
2012-02-04,CSX,6.21,6.14,6.25,6.13,6.05,9543348,221288280.8763,6.21,0.91,1052268960,1052268000.0,21942963675.84,24381070000.0
2012-02-03,CSX,6.05,6.09,6.12,6.03,6.07,7845188,177840103.383,6.07,0.75,1052268960,1052268000.0,21384197493.57,23760210000.0
2012-02-02,CSX,6.07,6.12,6.22,6.06,6.04,13006004,297150761.5828,6.12,1.24,1052268960,1052268000.0,21450497067.35,23833880000.0
2012-02-01,CSX,6.04,6.11,6.14,6.03,6.07,12689395,287333406.9705,6.07,1.21,1052268960,1052268000.0,21355787178.7,23728650000.0
2012-01-28,CSX,6.1,6.1,6.16,6.1,6.16,10479028,239591364.457,6.13,1.0,1052268960,1052268000.0,21554672641.43,23949630000.0
2012-01-26,CSX,6.07,5.89,6.08,5.86,5.85,17112899,382488557.3559,5.99,1.63,1049952960,1049952000.0,21412730271.71,23791920000.0
2012-01-25,CSX,5.85,5.92,5.92,5.79,6.08,24447364,534035553.4252,5.85,2.33,1049952960,1049952000.0,20647316453.78,22941460000.0
2012-01-24,CSX,6.08,6.15,6.17,6.02,6.11,13250344,301139229.8033,6.09,1.26,1049952960,1049952000.0,21441078056.67,23823420000.0
2012-01-21,CSX,6.11,6.18,6.2,6.1,6.18,8613469,197043362.0166,6.13,0.82,1049952960,1049952000.0,21563927277.78,23959920000.0
2012-01-20,CSX,6.18,6.21,6.24,6.15,6.13,12169063,281223346.5348,6.19,1.16,1049952960,1049952000.0,21781262815.71,24201400000.0
2012-01-18,CSX,6.15,6.19,6.24,5.85,6.15,12031766,275422728.9405,6.13,1.15,1049952960,1049952000.0,21686775553.93,24096410000.0
2012-01-14,CSX,6.15,6.25,6.25,5.99,6.35,12864563,292987797.9541,6.1,1.23,1049952960,1049952000.0,21677317472.67,24085900000.0
2012-01-11,CSX,6.3,6.26,6.33,6.25,6.17,10381829,243998811.4906,6.3,0.99,1049952960,1049952000.0,22234852888.96,24705390000.0
2012-01-10,CSX,6.17,6.12,6.18,6.05,6.08,7656715,175321086.4884,6.14,0.73,1049952960,1049952000.0,21762374056.96,24180410000.0
2012-01-07,CSX,6.08,6.11,6.19,6.07,6.1,10238973,234377126.1445,6.13,0.98,1049952960,1049952000.0,21441078056.67,23823420000.0
2012-01-05,CSX,6.07,5.89,6.1,5.87,5.91,11617473,260579838.0677,6.01,1.11,1049952960,1049952000.0,21412730271.71,23791920000.0
2011-12-31,CSX,5.64,5.62,5.68,5.62,5.63,3788718,79874855.3929,5.65,0.36,1049952960,1049952000.0,19900806513.92,22112000000.0
2011-12-30,CSX,5.63,5.61,5.65,5.57,5.59,4027786,84614483.7021,5.63,0.38,1049952960,1049952000.0,19863000647.7,22070000000.0
2011-12-29,CSX,5.59,5.71,5.72,5.58,5.69,4300672,90139883.1759,5.62,0.41,1049952960,1049952000.0,19711803641.63,21902000000.0
2011-12-28,CSX,5.69,5.72,5.77,5.69,5.72,3410335,72806198.3525,5.72,0.32,1049952960,1049952000.0,20080350360.0,22311500000.0
2011-12-24,CSX,5.72,5.66,5.75,5.65,5.65,4308512,91725631.0643,5.7,0.41,1049952960,1049952000.0,20165393714.89,22405990000.0
2011-12-23,CSX,5.65,5.64,5.67,5.61,5.63,9576942,201866614.2528,5.65,0.91,1049952960,1049952000.0,19929154298.89,22143500000.0
2011-12-22,CSX,5.63,5.62,5.65,5.52,5.61,9090516,189744413.2786,5.59,0.87,1049952960,1049952000.0,19863000647.7,22070000000.0
2011-12-17,CSX,5.47,5.41,5.5,5.39,5.35,17672383,359473748.2068,5.45,1.68,1049952960,1049952000.0,19286575527.71,21429520000.0
2011-12-16,CSX,5.35,5.47,5.49,5.32,5.37,11062618,222092997.2792,5.38,1.05,1049952960,1049952000.0,18880250346.89,20978050000.0
2011-12-15,CSX,5.37,5.43,5.45,5.35,5.47,11890258,239340073.4052,5.39,1.13,1049952960,1049952000.0,18936945916.81,21041050000.0
2011-12-14,CSX,5.47,5.65,5.67,5.43,5.6,12273504,253633003.4078,5.54,1.17,1049952960,1049952000.0,19305478460.82,21450530000.0
2011-12-13,CSX,5.6,5.66,5.67,5.54,5.71,4827875,100745131.1848,5.59,0.46,1049952960,1049952000.0,19749609507.85,21944010000.0
2011-12-08,CSX,5.77,5.81,5.84,5.7,5.85,7690215,165126534.3326,5.75,0.73,1049952960,1049952000.0,20335479479.7,22594970000.0
2011-12-07,CSX,5.85,5.92,5.94,5.78,5.9,6387820,139208394.2665,5.84,0.61,1049952960,1049952000.0,20628413520.67,22920460000.0
2011-12-03,CSX,5.8,5.91,5.96,5.78,5.82,9773336,213463194.3104,5.85,0.93,1049952960,1049952000.0,20458327755.85,22731470000.0
2011-12-02,CSX,5.82,5.8,5.87,5.75,5.82,7572770,164408585.2212,5.82,0.72,1049952960,1049952000.0,20533926258.89,22815470000.0
2011-12-01,CSX,5.82,5.74,5.83,5.7,5.54,8975606,193686343.1416,5.78,0.85,1049952960,1049952000.0,20515023325.78,22794460000.0
2011-11-29,CSX,5.54,5.52,5.56,5.47,5.33,6851789,141048098.5651,5.52,0.65,1049952960,1049952000.0,19541717876.82,21713020000.0
2011-11-26,CSX,5.33,5.39,5.41,5.32,5.39,4200938,84670737.1757,5.37,0.4,1049952960,1049952000.0,18899153280.0,20999050000.0
2011-11-24,CSX,5.39,5.52,5.52,5.37,5.58,8141086,165511526.6733,5.41,0.78,1049952960,1049952000.0,19116489762.89,21240540000.0
2011-11-23,CSX,5.58,5.58,5.64,5.53,5.58,7752477,162547689.2395,5.58,0.74,1049952960,1049952000.0,19787402144.67,21986000000.0
2011-11-22,CSX,5.58,5.63,5.67,5.55,5.76,8284699,173595014.5893,5.58,0.79,1049952960,1049952000.0,19787402144.67,21986000000.0
2011-11-19,CSX,5.76,5.78,5.79,5.69,5.71,6298996,135929751.0916,5.75,0.6,1049952960,1049952000.0,20448883848.96,22720980000.0
2011-11-18,CSX,5.71,5.85,5.86,5.67,5.87,7681059,165414570.4538,5.74,0.73,1049952960,1049952000.0,20269339057.93,22521480000.0
2011-11-17,CSX,5.87,5.87,6.01,5.84,5.95,7723102,171744743.5939,5.92,0.74,1049952960,1049952000.0,20817416392.96,23130460000.0
2011-11-16,CSX,5.95,5.92,5.99,5.86,5.94,5466484,121962669.8592,5.94,0.52,1049952960,1049952000.0,21119795285.78,23466430000.0
2011-11-15,CSX,5.94,6.02,6.02,5.91,5.99,5931402,132742362.6794,5.96,0.56,1049952960,1049952000.0,21082003593.92,23424450000.0
2011-11-12,CSX,5.99,5.86,6.0,5.83,5.78,7403402,165357182.4804,5.95,0.71,1049952960,1049952000.0,21252089358.74,23613430000.0
2011-11-11,CSX,5.78,5.74,5.82,5.69,5.64,6656805,143900087.117,5.76,0.63,1049952960,1049952000.0,20505578473.93,22783970000.0
2011-11-10,CSX,5.64,5.76,5.78,5.63,5.9,8867324,189542570.8276,5.69,0.84,1049952960,1049952000.0,20004752801.92,22227500000.0
2011-11-09,CSX,5.9,5.89,5.92,5.77,5.84,8487899,186461282.4905,5.85,0.81,1049952960,1049952000.0,20940251439.71,23266940000.0
2011-11-08,CSX,5.84,5.78,5.87,5.74,5.8,7500313,163655284.5955,5.81,0.71,1049952960,1049952000.0,20713471049.92,23014960000.0
2011-11-05,CSX,5.8,5.73,5.81,5.66,5.82,8106531,174887867.8347,5.75,0.77,1049952960,1049952000.0,20562274043.85,22846960000.0
2011-11-03,CSX,5.77,5.83,5.84,5.73,5.72,11880708,258248407.3245,5.79,1.13,1049952960,1049952000.0,20486675540.82,22762970000.0
2011-11-02,CSX,5.72,5.6,5.86,5.6,5.92,15667254,338786930.0963,5.76,1.49,1049952960,1049952000.0,20307131694.74,22563470000.0
2011-11-01,CSX,5.92,6.06,6.11,5.91,6.16,10269418,231585593.9709,6.01,0.98,1049952960,1049952000.0,20987502157.78,23319440000.0
2011-10-29,CSX,6.16,6.02,6.16,5.98,6.04,11071395,254061799.9739,6.11,1.05,1049952960,1049952000.0,21837958385.63,24264390000.0
2011-10-27,CSX,5.71,5.72,5.75,5.62,5.64,9074133,193749971.3286,5.69,0.86,1049952960,1049952000.0,20250436124.82,22500480000.0
2011-10-26,CSX,5.64,5.77,5.77,5.6,5.82,9868227,210199146.168,5.67,0.94,1049952960,1049952000.0,20004752801.92,22227500000.0
2011-10-25,CSX,5.82,5.86,5.87,5.76,5.82,10325133,226050088.2191,5.83,0.98,1049952960,1049952000.0,20656761305.63,22951950000.0
2011-10-22,CSX,5.82,5.73,5.82,5.68,5.65,8267742,178690641.7041,5.76,0.79,1049952960,1049952000.0,20656761305.63,22951950000.0
2011-10-21,CSX,5.65,5.62,5.72,5.57,5.61,11842875,251260650.6176,5.65,1.13,1049952960,1049952000.0,20042544493.78,22269490000.0
2011-10-19,CSX,5.68,5.42,5.74,5.39,5.43,12340625,259857762.3469,5.61,1.18,1049952960,1049952000.0,20165393714.89,22405990000.0
2011-10-18,CSX,5.43,5.63,5.63,5.42,5.63,8784070,180652199.8042,5.48,0.84,1049952960,1049952000.0,19267686768.96,21408540000.0
2011-10-15,CSX,5.63,5.62,5.67,5.54,5.53,6540211,137624260.4678,5.6,0.62,1049952960,1049952000.0,19966945990.74,22185490000.0
2011-10-14,CSX,5.53,5.58,5.59,5.43,5.62,8086098,166950366.278,5.5,0.77,1049952960,1049952000.0,19626761231.7,21807510000.0
2011-10-11,CSX,5.56,5.46,5.56,5.44,5.35,6317449,130495677.7142,5.5,0.6,1049952960,1049952000.0,19730706574.74,21923000000.0
2011-10-08,CSX,5.35,5.42,5.45,5.28,5.38,9839016,198551274.0069,5.37,0.94,1049952960,1049952000.0,18984196634.89,21093550000.0
2011-10-06,CSX,5.23,5.15,5.25,5.07,5.12,11265739,218450418.7727,5.16,1.07,1049952960,1049952000.0,18549509494.74,20610560000.0
2011-10-05,CSX,5.12,4.82,5.12,4.75,4.9,15436715,284342623.1348,4.91,1.47,1049952960,1049952000.0,18152629165.78,20169590000.0
2011-10-04,CSX,4.9,4.95,5.04,4.89,4.97,11445551,212368627.7931,4.94,1.09,1049952960,1049952000.0,17377771440.96,19308630000.0
2011-10-01,CSX,4.97,5.09,5.13,4.97,5.21,9741977,184359958.9534,5.04,0.93,1049952960,1049952000.0,17642358641.92,19602620000.0
2011-09-30,CSX,5.21,5.14,5.23,5.09,5.03,11779934,228448154.0426,5.17,1.08,1095282880,1095282000.0,19301062096.55,21445620000.0
2011-09-28,CSX,5.21,5.24,5.33,5.19,5.07,11134805,219999227.9594,5.26,1.02,1095282880,1095282000.0,19301062096.55,21445620000.0
2011-09-27,CSX,5.07,5.2,5.2,5.0,5.13,16162430,306224486.207,5.05,1.48,1095282880,1095282000.0,18778613148.54,20865120000.0
2011-09-24,CSX,5.13,4.92,5.14,4.92,4.96,13682895,260834153.9771,5.08,1.25,1095282880,1095282000.0,18975775896.0,21084190000.0
2011-09-23,CSX,4.96,4.76,5.04,4.71,4.95,27446415,508342929.3361,4.93,2.51,1095282880,1095282000.0,18344879156.56,20383200000.0
2011-09-22,CSX,4.95,5.29,5.29,4.95,5.39,27644008,524616511.5607,5.05,2.52,1095282880,1095282000.0,18325174908.02,20361300000.0
2011-09-21,CSX,5.39,5.52,5.55,5.38,5.46,7894625,161715014.268,5.46,0.72,1095282880,1095282000.0,19941811453.14,22157560000.0
2011-09-20,CSX,5.46,5.58,5.59,5.39,5.71,13023407,268069837.5489,5.48,1.19,1095282880,1095282000.0,20217821753.15,22464240000.0
2011-09-17,CSX,5.71,5.64,5.71,5.59,5.6,12793028,271904168.4845,5.66,1.17,1095282880,1095282000.0,21124714006.28,23471900000.0
2011-09-15,CSX,5.49,5.42,5.55,5.24,5.39,8694582,176850293.225,5.42,0.79,1095282880,1095282000.0,20306535723.41,22562810000.0
2011-09-14,CSX,5.39,5.19,5.4,5.18,5.2,11859360,237680501.9386,5.34,1.08,1095282880,1095282000.0,19931944049.68,22146600000.0
2011-09-13,CSX,5.2,5.13,5.2,5.05,5.21,10675352,205185496.3625,5.12,0.97,1095282880,1095282000.0,19232067161.15,21368960000.0
2011-09-10,CSX,5.21,5.33,5.34,5.15,5.38,12343184,242445931.0146,5.23,1.13,1095282880,1095282000.0,19301062096.55,21445620000.0
2011-09-09,CSX,5.38,5.5,5.5,5.36,5.55,10872043,221484042.3272,5.43,0.99,1095282880,1095282000.0,19912239801.14,22124710000.0
2011-09-08,CSX,5.55,5.54,5.58,5.46,5.42,10852555,225175290.1153,5.53,0.99,1095282880,1095282000.0,20523403705.16,22803780000.0
2011-09-07,CSX,5.42,5.32,5.43,5.26,5.48,9463594,190177432.3827,5.35,0.86,1095282880,1095282000.0,20069949692.56,22299940000.0
2011-09-02,CSX,5.73,5.82,5.91,5.73,5.84,6841973,149068070.4491,5.8,0.62,1095282880,1095282000.0,21223295380.01,23581430000.0
2011-09-01,CSX,5.84,5.89,5.94,5.78,5.83,7405106,162954481.8634,5.86,0.68,1095282880,1095282000.0,19945309392.36,24030490000.0
2011-08-31,CSX,5.83,5.81,5.87,5.76,5.81,8628633,188173219.8354,5.81,0.79,1095282880,1095282000.0,19899866061.86,23975740000.0
2011-08-30,CSX,5.81,5.79,5.81,5.7,5.68,5334352,115532398.4742,5.77,0.49,1095282880,1095282000.0,19818037521.7,23877150000.0
2011-08-27,CSX,5.68,5.5,5.71,5.39,5.54,9652266,204157886.9754,5.6,0.88,1095282880,1095282000.0,19499866026.83,23493810000.0
2011-08-26,CSX,5.54,5.6,5.67,5.52,5.56,10500758,220739447.6355,5.57,0.96,1095282880,1095282000.0,19008952967.33,22902350000.0
2011-08-25,CSX,5.56,5.42,5.58,5.38,5.43,14217086,293653897.1129,5.47,1.3,1095282880,1095282000.0,19090780598.4,23000940000.0
2011-08-20,CSX,5.4,5.51,5.68,5.39,5.61,13263254,275993712.8973,5.51,1.21,1095282880,1095282000.0,18545324269.65,22343760000.0
2011-08-19,CSX,5.61,5.68,5.79,5.49,5.98,16955407,359157840.9559,5.61,1.55,1095282880,1095282000.0,19254409497.08,23198080000.0
2011-08-18,CSX,5.98,5.99,6.06,5.88,5.94,9157559,206328879.411,5.97,0.84,1095282880,1095282000.0,20508951053.25,24709580000.0
2011-08-17,CSX,5.94,6.03,6.08,5.91,6.09,13513610,305161476.1347,5.98,1.23,1095282880,1095282000.0,20372580152.93,24545270000.0
2011-08-16,CSX,6.09,6.05,6.16,6.0,5.99,10531692,241539037.5155,6.07,0.96,1095282880,1095282000.0,20890764847.05,25169590000.0
2011-08-13,CSX,5.99,6.12,6.12,5.94,5.91,12347172,280874616.943,6.02,1.13,1095282880,1095282000.0,20545308081.28,24753380000.0
2011-08-12,CSX,5.91,5.76,5.99,5.67,5.7,15171375,335182613.9843,5.85,1.39,1095282880,1095282000.0,20272579916.9,24424790000.0
2011-08-11,CSX,5.7,5.74,5.92,5.66,5.85,18438625,402382425.65,5.78,1.68,1095282880,1095282000.0,19581680930.71,23592380000.0
2011-08-09,CSX,5.45,5.41,5.69,5.3,5.82,26437825,553586746.613,5.55,2.41,1095282880,1095282000.0,18718053107.08,22551870000.0
2011-08-06,CSX,5.82,5.89,5.96,5.65,5.83,19549911,428387248.8383,5.8,1.78,1095282880,1095282000.0,19972580117.9,24063340000.0
2011-08-03,CSX,6.22,6.45,6.52,6.22,6.54,14561079,349374146.6412,6.35,1.33,1095282880,1095282000.0,21336207303.5,25706270000.0
2011-08-02,CSX,6.54,6.58,6.61,6.41,6.51,11247297,276708126.5331,6.52,1.03,1095282880,1095282000.0,22454391595.63,27053480000.0
2011-07-30,CSX,6.51,6.48,6.56,6.29,6.55,8329781,203642279.3486,6.47,0.76,1095282880,1095282000.0,22336206936.53,26911090000.0
2011-07-29,CSX,6.55,6.56,6.68,6.54,6.54,7160348,178668583.47,6.61,0.65,1095282880,1095282000.0,22481663230.25,27086340000.0
2011-07-27,CSX,6.63,6.73,6.73,6.6,6.74,6939508,174135107.5198,6.65,0.63,1095282880,1095282000.0,22772563090.5,27436820000.0
2011-07-26,CSX,6.74,6.63,6.8,6.62,6.72,6818809,173550949.2686,6.74,0.62,1095282880,1095282000.0,23145291490.91,27885890000.0
2011-07-23,CSX,6.72,6.75,6.78,6.68,6.75,5824039,147918913.4018,6.73,0.53,1095282880,1095282000.0,23072562889.5,27798270000.0
2011-07-22,CSX,6.75,6.69,6.81,6.66,6.63,10062391,257106104.5449,6.77,0.92,1095282880,1095282000.0,23172563125.53,27918750000.0
2011-07-21,CSX,6.63,6.91,6.91,6.61,6.75,16024782,403625670.9049,6.67,1.46,1095282880,1095282000.0,22772563090.5,27436820000.0
2011-07-20,CSX,6.75,6.72,6.76,6.64,6.67,8380840,212440029.8103,6.71,0.77,1095282880,1095282000.0,23163476823.05,27907800000.0
2011-07-19,CSX,6.67,6.68,6.72,6.56,6.71,7228070,181071010.4121,6.63,0.66,1095282880,1095282000.0,22899834961.16,27590160000.0
2011-07-15,CSX,6.69,6.85,6.91,6.67,6.85,8247512,210112724.9807,6.75,0.75,1095282880,1095282000.0,22954390957.6,27655890000.0
2011-07-14,CSX,6.85,6.85,6.96,6.83,6.81,5066391,131816849.3325,6.89,0.46,1095282880,1095282000.0,23508919952.56,28324000000.0
2011-07-13,CSX,6.81,6.85,6.89,6.8,6.88,4687336,121015751.8516,6.84,0.43,1095282880,1095282000.0,23372562688.51,28159710000.0
2011-07-12,CSX,6.88,6.95,6.97,6.82,7.05,7906692,205567603.3929,6.89,0.72,1095282880,1095282000.0,23599833886.11,28433530000.0
2011-07-08,CSX,7.15,7.15,7.17,7.1,7.07,8036809,216412693.3044,7.13,0.73,1095282880,1095282000.0,24554375643.28,29583580000.0
2011-07-07,CSX,7.07,7.0,7.09,6.98,7.02,4291863,114227500.2668,7.05,0.39,1095282880,1095282000.0,24281647478.91,29254990000.0
2011-07-06,CSX,7.02,7.05,7.08,6.96,7.1,5541094,147045635.0185,7.03,0.51,1095282880,1095282000.0,24090746945.6,29024990000.0
2011-07-02,CSX,7.1,6.98,7.12,6.93,6.94,6875934,183689187.8713,7.08,0.63,1095282880,1095282000.0,24372561412.45,29364530000.0
2011-07-01,CSX,6.94,6.85,7.01,6.83,6.82,7099141,186376503.1397,6.95,0.64,1102766880,1102766000.0,23999061688.54,28914530000.0
2011-06-30,CSX,6.82,6.8,6.87,6.77,6.76,6809356,175435471.7174,6.82,0.62,1102766880,1102766000.0,23578033531.42,28407270000.0
2011-06-29,CSX,6.76,6.68,6.78,6.63,6.65,6062867,154257488.7038,6.74,0.55,1102766880,1102766000.0,23349209403.82,28131570000.0
2011-06-28,CSX,6.65,6.64,6.67,6.56,6.62,6815719,170814179.6185,6.64,0.62,1102766880,1102766000.0,22992244680.06,27701500000.0
2011-06-25,CSX,6.62,6.72,6.74,6.57,6.7,16574934,413947191.8719,6.61,1.5,1102766880,1102766000.0,22873251557.23,27558130000.0
2011-06-18,CSX,6.57,6.52,6.61,6.48,6.44,11704559,289781424.9038,6.56,1.06,1102766880,1102766000.0,22708504592.43,27359640000.0
2011-06-17,CSX,6.44,6.52,6.55,6.38,6.44,10878883,264937723.9789,6.45,0.99,1102766880,1102766000.0,22241694219.16,26797220000.0
2011-06-16,CSX,6.44,6.52,6.62,6.44,6.57,4158574,307236673.8993,6.52,1.13,367588160,367588000.0,22266063430.55,26826580000.0
2011-06-14,CSX,6.47,6.49,6.56,6.44,6.49,2165310,159358570.4995,6.5,0.59,367588160,367588000.0,22363692405.06,26944210000.0
2011-06-10,CSX,6.64,6.54,6.68,6.54,6.53,2268678,170606829.3225,6.64,0.62,367588160,367588000.0,22958637503.2,27661000000.0
2011-06-09,CSX,6.53,6.57,6.58,6.46,6.59,2956864,218767421.0495,6.53,0.8,367588160,367588000.0,22577264787.2,27201520000.0
2011-06-08,CSX,6.59,6.63,6.66,6.59,6.59,2858452,214475627.7247,6.62,0.78,367588160,367588000.0,22787778865.25,27455150000.0
2011-06-07,CSX,6.59,6.66,6.73,6.59,6.69,2929871,220532254.4819,6.65,0.8,367588160,367588000.0,22790832592.87,27458830000.0
2011-06-04,CSX,6.69,6.7,6.74,6.66,6.82,2710790,205656249.2712,6.7,0.74,367588160,367588000.0,23108132861.99,27841120000.0
2011-06-03,CSX,6.82,6.78,6.84,6.72,6.74,2827165,217548053.9192,6.79,0.77,367588160,367588000.0,23574932761.27,28403530000.0
2011-06-02,CSX,6.74,6.99,7.01,6.73,7.0,3505786,272654782.9034,6.87,0.95,367588160,367588000.0,23278986923.46,28046970000.0
2011-06-01,CSX,7.0,6.94,7.0,6.88,6.88,3333521,262454758.7044,6.95,0.91,367588160,367588000.0,23902784075.09,29149730000.0
2011-05-27,CSX,6.82,6.73,6.85,6.68,6.74,2092844,160858291.9684,6.79,0.57,367588160,367588000.0,23281855059.49,28392500000.0
2011-05-24,CSX,6.69,6.68,6.71,6.63,6.8,2611440,198193656.2674,6.67,0.71,367588160,367588000.0,22947276014.83,27984480000.0
2011-05-21,CSX,6.8,6.76,6.83,6.71,6.77,3536350,272845301.9296,6.78,0.96,367588160,367588000.0,23330083530.35,28451320000.0
2011-05-19,CSX,6.63,6.5,6.64,6.45,6.49,3225454,241370721.7274,6.58,0.88,367588160,367588000.0,22739294031.06,27730840000.0
2011-05-18,CSX,6.49,6.52,6.56,6.46,6.54,4020760,297069413.681,6.49,1.09,367588160,367588000.0,22247978710.63,27131680000.0
2011-05-17,CSX,6.54,6.56,6.63,6.54,6.57,3437012,257308095.1707,6.58,0.94,367588160,367588000.0,22431846609.68,27355910000.0
2011-05-14,CSX,6.57,6.77,6.77,6.54,6.77,4361594,327945138.6819,6.61,1.19,367588160,367588000.0,22531316267.2,27477210000.0
2011-05-13,CSX,6.77,6.79,6.83,6.73,6.8,2641307,203829375.9288,6.78,0.72,367588160,367588000.0,23206499486.69,28300610000.0
2011-05-12,CSX,6.8,6.91,6.93,6.76,6.95,3047335,236399749.1318,6.82,0.83,367588160,367588000.0,23327071115.97,28447640000.0
2011-05-10,CSX,6.88,6.94,6.94,6.84,6.91,2469927,193582489.747,6.89,0.67,367588160,367588000.0,23586294286.4,28763770000.0
2011-05-07,CSX,6.91,6.93,6.97,6.87,6.84,2973958,234161119.8897,6.92,0.81,367588160,367588000.0,23691789375.52,28892420000.0
2011-05-06,CSX,6.84,6.73,6.91,6.68,6.75,3741448,291089862.4956,6.84,1.02,367588160,367588000.0,23459693005.61,28609380000.0
2011-04-30,CSX,6.91,6.85,6.94,6.82,6.86,2382251,187156539.9411,6.9,0.65,367588160,367588000.0,23718916477.46,28925500000.0
2011-04-29,CSX,6.86,6.8,6.91,6.78,6.76,4355172,340183351.5992,6.86,1.18,367588160,367588000.0,23544090945.72,28712300000.0
2011-04-27,CSX,6.73,6.61,6.76,6.58,6.56,4096090,312301864.0627,6.7,1.11,367588160,367588000.0,23094974746.05,28164600000.0
2011-04-22,CSX,6.56,6.57,6.65,6.55,6.5,5145234,385780363.3179,6.59,1.4,367588160,367588000.0,22501172229.55,27440450000.0
2011-04-21,CSX,6.5,6.77,6.77,6.34,6.68,12665528,936039463.4139,6.49,3.45,367588160,367588000.0,22314291916.11,27212550000.0
2011-04-19,CSX,6.62,6.66,6.69,6.56,6.74,3174183,239239416.9897,6.62,0.86,367588160,367588000.0,22712166929.12,27697760000.0
2011-04-16,CSX,6.74,6.7,6.76,6.66,6.69,3562601,272503318.4266,6.72,0.97,367588160,367588000.0,23107029527.75,28179300000.0
2011-04-15,CSX,6.69,6.66,6.7,6.6,6.69,3406606,258725583.5894,6.67,0.93,367588160,367588000.0,22941246363.32,27977130000.0
2011-04-13,CSX,6.62,6.57,6.71,6.56,6.7,5594281,422236162.497,6.63,1.52,367588160,367588000.0,22718196882.05,27705110000.0
2011-04-12,CSX,6.7,6.76,6.79,6.67,6.76,2541427,193991936.3727,6.71,0.69,367588160,367588000.0,22971390400.97,28013890000.0
2011-04-09,CSX,6.76,6.87,6.88,6.71,6.85,2955238,227946044.6226,6.78,0.8,367588160,367588000.0,23185402337.68,28274880000.0
2011-04-08,CSX,6.85,6.89,6.89,6.81,6.85,3200981,249340722.2892,6.84,0.87,367588160,367588000.0,23483807391.75,28638790000.0
2011-04-07,CSX,6.85,6.86,6.88,6.77,6.82,3429363,266219007.9835,6.82,0.93,367588160,367588000.0,23480794675.95,28635110000.0
2011-04-06,CSX,6.82,6.9,6.92,6.82,6.93,3099402,241843545.4988,6.86,0.84,367588160,367588000.0,23405439103.15,28543210000.0
2011-04-05,CSX,6.93,6.94,6.97,6.89,6.98,2534714,199746108.9988,6.92,0.69,367588160,367588000.0,23785229682.95,29006380000.0
2011-04-02,CSX,6.98,6.96,7.02,6.94,6.91,3798122,301972724.3095,6.99,1.03,367588160,367588000.0,23929915698.37,29182820000.0
2011-04-01,CSX,6.91,6.82,6.93,6.81,6.82,4105391,322630764.8453,6.91,1.11,368619520,368620000.0,23758262582.63,28973490000.0
2011-03-31,CSX,6.82,7.07,7.07,6.82,7.03,6310973,496128900.2643,6.91,1.71,368619520,368620000.0,23446927140.57,28593810000.0
2011-03-30,CSX,7.03,6.99,7.05,6.96,7.01,3638309,290498235.2887,7.02,0.99,368619520,368620000.0,24184461680.72,29493240000.0
2011-03-29,CSX,7.01,6.99,7.05,6.97,6.96,2443499,195124373.791,7.02,0.66,368619520,368620000.0,24114941248.32,29408460000.0
2011-03-26,CSX,6.96,6.94,6.99,6.91,6.94,3156703,249975803.473,6.96,0.86,368619520,368620000.0,23927532061.68,29179910000.0
2011-03-25,CSX,6.94,6.92,6.96,6.9,6.88,3471857,273710759.0623,6.93,0.94,368619520,368620000.0,23867079367.2,29106190000.0
2011-03-24,CSX,6.88,6.92,6.93,6.84,6.89,3598002,281558757.3144,6.88,0.98,368619520,368620000.0,23682695581.03,28881330000.0
2011-03-23,CSX,6.89,6.88,6.93,6.85,6.86,4537567,355963949.9167,6.89,1.23,368619520,368620000.0,23688742452.5,28888710000.0
2011-03-22,CSX,6.86,6.79,6.87,6.75,6.7,3274533,254809393.1907,6.84,0.89,368619520,368620000.0,23604107712.97,28785490000.0
2011-03-19,CSX,6.7,6.74,6.76,6.68,6.65,3462681,264683859.1083,6.72,0.94,368619520,368620000.0,23038863216.06,28096170000.0
2011-03-18,CSX,6.65,6.59,6.79,6.54,6.48,5327293,406310468.9017,6.7,1.45,368619520,368620000.0,22887729212.86,27911860000.0
2011-03-17,CSX,6.48,6.56,6.6,6.43,6.57,4719942,349923751.3167,6.51,1.28,368619520,368620000.0,22289240071.52,27182000000.0
2011-03-16,CSX,6.57,6.37,6.61,6.32,6.54,4603078,340817837.6937,6.51,1.25,368619520,368620000.0,22591508077.92,27550620000.0
2011-03-15,CSX,6.54,6.55,6.61,6.46,6.58,2846308,210870703.5178,6.51,0.77,368619520,368620000.0,22494784734.02,27432660000.0
2011-03-12,CSX,6.58,6.49,6.62,6.41,6.55,3264464,242869576.3497,6.54,0.89,368619520,368620000.0,22636850999.3,27605910000.0
2011-03-10,CSX,6.67,6.63,6.7,6.57,6.65,3364235,254620427.0363,6.65,0.91,368619520,368620000.0,22936093302.95,27970840000.0
2011-03-09,CSX,6.65,6.55,6.67,6.51,6.52,2365388,178525509.1623,6.63,0.64,368619520,368620000.0,22869594039.28,27889750000.0
2011-03-08,CSX,6.52,6.61,6.64,6.45,6.59,2981247,221052578.3694,6.52,0.81,368619520,368620000.0,22437352906.0,27362620000.0
2011-03-05,CSX,6.59,6.64,6.65,6.5,6.65,2655021,198092699.2025,6.56,0.72,368619520,368620000.0,22658007341.6,27631710000.0
2011-03-03,CSX,6.48,6.39,6.5,6.37,6.38,2746473,202035494.7849,6.46,0.74,370373920,370374000.0,22413544498.24,27333590000.0
2011-03-02,CSX,6.38,6.57,6.61,6.36,6.56,4137738,303531206.5052,6.45,1.12,370373920,370374000.0,22043022124.97,26881730000.0
2011-03-01,CSX,6.56,6.49,6.58,6.48,6.44,3078179,229546549.242,6.55,0.83,370373920,370374000.0,9954760605.51,27652110000.0
2011-02-26,CSX,6.44,6.37,6.46,6.34,6.32,2439614,178303560.9783,6.42,0.66,370373920,370374000.0,9776092759.84,27155810000.0
2011-02-24,CSX,6.26,6.38,6.4,6.16,6.39,4123899,294298740.6441,6.25,1.11,370373920,370374000.0,9538757285.24,26496540000.0
2011-02-23,CSX,6.39,6.48,6.51,6.36,6.55,3060051,225072831.3713,6.44,0.83,370373920,370374000.0,9724092261.47,27011360000.0
2011-02-18,CSX,6.56,6.52,6.57,6.49,6.54,2234010,167015018.7639,6.55,0.6,370373920,370374000.0,9988094258.31,27744700000.0
2011-02-16,CSX,6.49,6.47,6.53,6.45,6.49,3612378,268045657.9065,6.5,0.98,370373920,370374000.0,9885428074.37,27459520000.0
2011-02-15,CSX,6.49,6.41,6.51,6.38,6.41,3443019,253956382.5071,6.46,0.93,370373920,370374000.0,9886760620.47,27463220000.0
2011-02-12,CSX,6.41,6.27,6.43,6.27,6.29,2930105,213846651.872,6.39,0.79,370373920,370374000.0,9765425724.28,27126180000.0
2011-02-11,CSX,6.29,6.18,6.3,6.17,6.22,2242485,160543977.1501,6.27,0.61,370373920,370374000.0,9584090519.71,26622470000.0
2011-02-10,CSX,6.22,6.15,6.24,6.13,6.19,2168752,153350285.168,6.19,0.59,370373920,370374000.0,9465422849.08,26292840000.0
2011-02-08,CSX,6.19,6.1,6.23,6.1,6.1,3138392,222075715.5129,6.2,0.85,370373920,370374000.0,9426756611.84,26185430000.0
2011-02-04,CSX,6.08,6.2,6.25,6.08,6.21,3835926,269005434.9354,6.14,1.04,370373920,370374000.0,9266755478.4,25740980000.0
2011-02-03,CSX,6.21,6.28,6.31,6.21,6.29,3228730,230550665.3214,6.25,0.87,370373920,370374000.0,9462755490.18,26285430000.0
2011-02-02,CSX,6.29,6.24,6.3,6.23,6.18,3062259,219479105.9163,6.27,0.83,370373920,370374000.0,9582757973.61,26618770000.0
2011-01-27,CSX,6.22,6.2,6.26,6.16,6.15,5742363,407239701.5071,6.21,1.53,374184640,374185000.0,9566852180.74,26574590000.0
2011-01-26,CSX,6.15,6.05,6.15,5.97,5.93,8808637,611277020.6388,6.08,2.35,374184640,374185000.0,9463129545.6,26286470000.0
2011-01-25,CSX,5.93,5.92,5.95,5.9,5.92,3765811,254455419.9675,5.92,1.01,374184640,374185000.0,9120974033.13,25336040000.0
2011-01-22,CSX,5.92,5.96,5.99,5.88,5.93,3791143,256530674.7245,5.92,1.01,374184640,374185000.0,9111545657.86,25309840000.0
2011-01-21,CSX,5.93,5.88,5.97,5.84,5.98,5511844,372292531.2967,5.91,1.47,374184640,374185000.0,9125015092.54,25347260000.0
2011-01-20,CSX,5.98,6.03,6.06,5.95,6.04,4109340,281575256.0533,6.0,1.1,374184640,374185000.0,9201798723.61,25560550000.0
2011-01-19,CSX,6.04,6.06,6.08,6.02,6.06,3733295,258062878.22,6.05,1.0,374184640,374185000.0,9286662452.9,25796280000.0
2011-01-15,CSX,6.06,6.07,6.09,6.02,6.06,2942745,203468125.2433,6.05,0.79,374184640,374185000.0,9323033738.73,25897310000.0
2011-01-14,CSX,6.06,6.02,6.08,6.0,6.01,4005345,276622319.3064,6.05,1.07,374184640,374185000.0,9331115857.54,25919760000.0
2011-01-13,CSX,6.01,5.99,6.04,5.96,5.95,3596010,246674020.0099,6.01,0.96,374184640,374185000.0,9254334112.36,25706480000.0
2011-01-12,CSX,5.95,6.02,6.02,5.92,5.95,3200407,217731010.7412,5.96,0.86,374184640,374185000.0,9160039987.2,25444550000.0
2011-01-11,CSX,5.95,5.88,5.98,5.87,5.94,3995203,271270236.5594,5.94,1.07,374184640,374185000.0,9157345318.97,25437070000.0
2011-01-08,CSX,5.94,5.82,5.96,5.82,5.8,5786379,389703303.7934,5.9,1.55,374184640,374185000.0,9131750820.18,25365970000.0
2011-01-07,CSX,5.8,5.79,5.84,5.76,5.77,3262964,216507440.5031,5.81,0.87,374184640,374185000.0,8921608995.77,24782250000.0
2011-01-05,CSX,5.73,5.76,5.76,5.67,5.75,3999764,260866995.9391,5.71,1.07,374184640,374185000.0,8811148747.09,24475410000.0
2011-01-04,CSX,5.75,5.7,5.8,5.69,5.66,3942189,259410969.2119,5.76,1.05,374184640,374185000.0,8842132717.06,24561480000.0
2011-01-01,CSX,5.66,5.63,5.67,5.61,5.64,1268297,81870840.3333,5.65,0.34,374184640,374185000.0,8703383166.65,24176060000.0
2010-12-31,CSX,5.64,5.64,5.67,5.62,5.63,1331747,85803780.019,5.64,0.36,374184640,374185000.0,8683178004.33,24119940000.0
2010-12-30,CSX,5.63,5.64,5.65,5.62,5.63,1708751,110054662.7377,5.64,0.46,374184640,374185000.0,8669706549.05,24082520000.0
2010-12-22,CSX,5.6,5.56,5.63,5.55,5.54,2008476,128346231.8778,5.59,0.54,374184640,374185000.0,8619865828.54,23944070000.0
2010-12-21,CSX,5.54,5.59,5.61,5.53,5.57,2707529,171958954.6231,5.56,0.72,374184640,374185000.0,8524225312.21,23678400000.0
2010-12-17,CSX,5.6,5.54,5.6,5.51,5.52,2640433,167857060.1064,5.57,0.71,374184640,374185000.0,8614478377.96,23929110000.0
2010-12-16,CSX,5.52,5.56,5.63,5.52,5.57,2536336,161091548.6363,5.56,0.68,374184640,374185000.0,8497282401.65,23603560000.0
2010-12-14,CSX,5.58,5.64,5.64,5.57,5.61,2530780,161724434.34,5.59,0.68,374184640,374185000.0,8591578547.41,23865490000.0
2010-12-11,CSX,5.61,5.56,5.62,5.55,5.6,2191517,139943891.731,5.59,0.59,374184640,374185000.0,8634683540.28,23985230000.0
2010-12-10,CSX,5.6,5.58,5.62,5.56,5.53,1610920,102785870.1894,5.59,0.43,374184640,374185000.0,8609089041.49,23914130000.0
2010-12-09,CSX,5.53,5.62,5.62,5.51,5.61,3262639,207039876.821,5.56,0.87,374184640,374185000.0,8501323461.05,23614790000.0
2010-12-08,CSX,5.61,5.65,5.67,5.6,5.6,2907591,187106074.4212,5.63,0.78,374184640,374185000.0,8636029931.45,23988970000.0
2010-12-04,CSX,5.64,5.56,5.64,5.56,5.61,2447175,157102729.9667,5.62,0.65,374184640,374185000.0,8676442276.69,24101230000.0
2010-12-02,CSX,5.51,5.42,5.53,5.41,5.32,4350336,273124513.1347,5.5,1.16,374184640,374185000.0,8478423630.5,23551170000.0
2010-12-01,CSX,5.32,5.35,5.38,5.31,5.41,4682809,285382541.715,5.34,1.25,374184640,374185000.0,9556750228.21,22754160000.0
2010-11-30,CSX,5.41,5.37,5.42,5.32,5.4,3117207,191276154.4377,5.37,0.83,374184640,374185000.0,9709193207.71,23117130000.0
2010-11-27,CSX,5.4,5.35,5.43,5.34,5.4,1261605,77863722.2507,5.4,0.34,374184640,374185000.0,9691905877.34,23075960000.0
2010-11-23,CSX,5.39,5.41,5.45,5.34,5.44,2489788,153902757.027,5.39,0.67,374184640,374185000.0,9713907777.01,23128350000.0
2010-11-17,CSX,5.25,5.32,5.33,5.23,5.35,4083565,246194866.998,5.26,1.09,374184640,374185000.0,9471883894.6,22552100000.0
2010-11-13,CSX,5.31,5.26,5.35,5.24,5.32,3719283,225529090.3467,5.29,0.99,374184640,374185000.0,9563035430.06,22769130000.0
2010-11-12,CSX,5.32,5.31,5.37,5.29,5.38,4140117,252739627.5998,5.32,1.11,374184640,374185000.0,9586610476.8,22825260000.0
2010-11-11,CSX,5.38,5.31,5.38,5.3,5.33,4578422,280681525.0798,5.34,1.22,374184640,374185000.0,9698191079.19,23090930000.0
2010-11-10,CSX,5.33,5.45,5.45,5.31,5.43,4416395,271799946.3774,5.37,1.18,374184640,374185000.0,9613327102.94,22888870000.0
2010-11-09,CSX,5.43,5.37,5.45,5.37,5.39,5161762,320455584.8942,5.41,1.38,374184640,374185000.0,9779913633.19,23285500000.0
2010-11-06,CSX,5.39,5.45,5.46,5.35,5.45,14219981,882214688.5706,5.41,3.8,374184640,374185000.0,9712334629.95,23124600000.0
2010-11-04,CSX,5.48,5.46,5.48,5.4,5.44,2841332,177749172.4235,5.45,0.76,374184640,374185000.0,9871065325.81,23502540000.0
2010-11-03,CSX,5.44,5.41,5.45,5.4,5.38,2806043,174689365.1521,5.43,0.75,374184640,374185000.0,9805059469.63,23345380000.0
2010-11-02,CSX,5.38,5.37,5.44,5.33,5.36,3264181,201759021.0816,5.39,0.87,374184640,374185000.0,9691905877.34,23075960000.0
2010-10-30,CSX,5.36,5.28,5.38,5.25,5.28,3229244,198082111.1335,5.35,0.86,374184640,374185000.0,9657330902.29,22993640000.0
2010-10-28,CSX,5.27,5.29,5.29,5.19,5.34,4199887,252062047.7482,5.23,1.12,374184640,374185000.0,9501744143.19,22623200000.0
2010-10-26,CSX,5.34,5.37,5.42,5.34,5.33,3941165,242743016.86,5.37,1.05,374184640,374185000.0,9624326874.09,22915060000.0
2010-10-21,CSX,5.28,5.18,5.3,5.18,5.16,3841243,231994175.7308,5.27,1.03,374184640,374185000.0,9514317061.41,22653130000.0
2010-10-20,CSX,5.16,5.16,5.21,5.1,5.24,4172551,246770904.1037,5.16,1.12,374184640,374185000.0,9299012005.34,22140500000.0
2010-10-19,CSX,5.24,5.15,5.24,5.15,5.19,2466765,147702485.4382,5.22,0.66,374184640,374185000.0,9448311205.23,22495980000.0
2010-10-14,CSX,5.2,5.21,5.24,5.14,4.99,10953731,653855478.1802,5.2,2.93,374184640,374185000.0,9376017632.67,22323850000.0
2010-10-13,CSX,4.99,5.04,5.06,4.96,5.07,6021746,345432623.828,5.0,1.61,374184640,374185000.0,8998840458.5,21425810000.0
2010-10-09,CSX,5.01,4.96,5.04,4.92,4.94,2113042,121245489.9519,5.0,0.56,374184640,374185000.0,9034986066.09,21511870000.0
2010-10-07,CSX,4.95,4.87,4.95,4.85,4.89,3011122,169781502.7122,4.92,0.8,374184640,374185000.0,8928120033.01,21257430000.0
2010-10-06,CSX,4.89,4.81,4.91,4.79,4.75,2516250,140664658.0762,4.87,0.67,374184640,374185000.0,8810251871.41,20976790000.0
2010-10-02,CSX,4.81,4.85,4.85,4.75,4.82,2741697,150801285.9213,4.8,0.73,374184640,374185000.0,8668808663.07,20640020000.0
2010-10-01,CSX,4.82,4.88,4.91,4.78,4.85,2521084,139936780.9857,4.84,0.67,374184640,374185000.0,8693954499.51,20699890000.0
2010-09-30,CSX,4.85,4.84,4.88,4.81,4.87,2348532,130642003.2804,4.85,0.63,374184640,374185000.0,8747387437.47,20827110000.0
2010-09-28,CSX,4.87,4.89,4.9,4.86,4.89,1706465,95616983.0536,4.89,0.46,374184640,374185000.0,8775677053.52,20894460000.0
2010-09-24,CSX,4.74,4.79,4.82,4.73,4.83,2227157,121656889.8879,4.76,0.59,379647360,379647000.0,8672588362.37,20649020000.0
2010-09-22,CSX,4.89,4.83,4.95,4.82,4.82,3406526,191117670.3492,4.89,0.9,379647360,379647000.0,8937276588.34,21279230000.0
2010-09-21,CSX,4.82,4.8,4.84,4.79,4.79,2769314,152995725.6179,4.82,0.73,379647360,379647000.0,8811310710.45,20979310000.0
2010-09-18,CSX,4.79,4.79,4.83,4.76,4.77,5651270,310398265.258,4.79,1.49,379647360,379647000.0,8753907870.17,20842640000.0
2010-09-17,CSX,4.77,4.81,4.82,4.74,4.84,3156550,173012715.085,4.78,0.83,379647360,379647000.0,8731584764.85,20789480000.0
2010-09-16,CSX,4.84,4.81,4.86,4.79,4.81,2387845,132435110.6927,4.84,0.63,379647360,379647000.0,8847984007.62,21066630000.0
2010-09-15,CSX,4.81,4.79,4.86,4.77,4.8,1954542,108066019.3174,4.82,0.51,379647360,379647000.0,8788987605.14,20926160000.0
2010-09-14,CSX,4.8,4.83,4.84,4.78,4.77,1793285,98876891.2372,4.81,0.47,379647360,379647000.0,8782608094.42,20910970000.0
2010-09-09,CSX,4.76,4.69,4.79,4.68,4.66,4177387,228046856.4657,4.76,1.1,379647360,379647000.0,8714044897.37,20747720000.0
2010-09-08,CSX,4.66,4.66,4.71,4.63,4.68,3189519,171020729.7829,4.67,0.84,379647360,379647000.0,8525890390.14,20299730000.0
2010-08-31,CSX,4.28,4.32,4.37,4.28,4.34,2406478,118949069.4927,4.31,0.63,379647360,379647000.0,7084901083.12,18644470000.0
2010-08-28,CSX,4.34,4.23,4.37,4.21,4.2,3813565,188321074.0328,4.31,1.0,379647360,379647000.0,7183003115.08,18902640000.0
2010-08-27,CSX,4.2,4.18,4.26,4.17,4.15,4656758,226490710.9055,4.22,1.23,379647360,379647000.0,6991129050.8,18397700000.0
2010-08-26,CSX,4.15,4.07,4.17,4.03,4.12,3323201,157735064.1784,4.12,0.88,379647360,379647000.0,6895912915.85,18147140000.0
2010-08-25,CSX,4.12,4.16,4.17,4.06,4.22,5316231,251995728.8772,4.11,1.4,379647360,379647000.0,6845421115.36,18014260000.0
2010-08-24,CSX,4.22,4.32,4.33,4.21,4.32,3378566,165666605.3551,4.25,0.89,379647360,379647000.0,7017098084.35,18466040000.0
2010-08-21,CSX,4.32,4.32,4.35,4.26,4.36,2840225,141067991.3959,4.31,0.75,379647360,379647000.0,7183003115.08,18902640000.0
2010-08-20,CSX,4.36,4.46,4.46,4.31,4.49,2781196,139960073.1452,4.37,0.73,379647360,379647000.0,7255136113.48,19092460000.0
2010-08-19,CSX,4.49,4.45,4.51,4.42,4.45,2382566,122921080.6072,4.48,0.63,379647360,379647000.0,7459993540.4,19631560000.0
2010-08-18,CSX,4.45,4.41,4.49,4.41,4.36,2462861,126674770.5083,4.46,0.65,379647360,379647000.0,7395074274.64,19460720000.0
2010-08-17,CSX,4.36,4.34,4.39,4.31,4.37,2305276,115941777.061,4.36,0.61,379647360,379647000.0,7253694174.84,19088670000.0
2010-08-14,CSX,4.37,4.38,4.42,4.37,4.4,2575341,130291129.0778,4.39,0.68,379647360,379647000.0,7269563578.75,19130430000.0
2010-08-12,CSX,4.43,4.53,4.55,4.38,4.63,4146672,211316457.7226,4.42,1.09,379647360,379647000.0,7364777405.45,19380990000.0
2010-08-11,CSX,4.63,4.62,4.64,4.55,4.67,2843632,150843840.5184,4.6,0.75,379647360,379647000.0,7696589630.89,20254180000.0
2010-08-10,CSX,4.67,4.65,4.68,4.62,4.63,2581647,138696914.5941,4.66,0.68,379647360,379647000.0,7771608670.55,20451600000.0
2010-08-06,CSX,4.74,4.68,4.74,4.66,4.71,2560333,139132315.2368,4.71,0.67,379647360,379647000.0,7875480332.51,20724950000.0
2010-08-05,CSX,4.71,4.68,4.71,4.66,4.66,2270171,122718858.4939,4.69,0.6,379647360,379647000.0,7835085997.68,20618640000.0
2010-08-04,CSX,4.66,4.65,4.69,4.59,4.67,2140661,114736633.8967,4.65,0.56,379647360,379647000.0,7749967328.37,20394650000.0
2010-07-31,CSX,4.57,4.5,4.59,4.47,4.55,3110766,163097439.6046,4.55,0.82,379647360,379647000.0,7605701331.57,20015000000.0
2010-07-28,CSX,4.6,4.71,4.71,4.58,4.67,5210063,277199823.2659,4.62,1.37,379647360,379647000.0,7644653872.04,20117510000.0
2010-07-23,CSX,4.49,4.41,4.54,4.41,4.34,4027617,208734066.3293,4.5,1.06,379647360,379647000.0,7461435334.77,19635350000.0
2010-07-22,CSX,4.34,4.42,4.42,4.3,4.39,3746406,188149716.8243,4.36,0.99,379647360,379647000.0,7216183717.28,18989950000.0
2010-07-21,CSX,4.39,4.25,4.4,4.25,4.32,5008293,250649033.1041,4.34,1.32,379647360,379647000.0,7301300078.32,19213950000.0
2010-07-17,CSX,4.35,4.48,4.49,4.3,4.51,8173934,410766258.3495,4.36,2.15,379647360,379647000.0,7230611182.55,19027920000.0
2010-07-16,CSX,4.51,4.51,4.52,4.42,4.51,5884067,303518951.9178,4.47,1.55,379647360,379647000.0,7504715710.88,19749250000.0
2010-07-15,CSX,4.51,4.46,4.56,4.42,4.49,7934070,412284355.2594,4.51,2.09,379647360,379647000.0,7493174142.6,19718880000.0
2010-07-09,CSX,4.4,4.31,4.41,4.3,4.28,8020379,404027329.9999,4.37,2.11,379647360,379647000.0,7322941276.24,19270890000.0
2010-07-02,CSX,4.26,4.32,4.37,4.17,4.31,5376602,264256756.9622,4.26,1.42,379647360,379647000.0,7087786980.12,18652070000.0
2010-07-01,CSX,4.31,4.33,4.37,4.29,4.33,4659020,232914175.1059,4.34,1.23,379647360,379647000.0,7159919978.52,18841890000.0
2010-06-30,CSX,4.33,4.45,4.46,4.29,4.54,5578133,279245242.6731,4.34,1.47,379647360,379647000.0,7206086107.36,18963380000.0
2010-06-29,CSX,4.54,4.55,4.59,4.52,4.53,3333101,175058754.221,4.56,0.88,379647360,379647000.0,7553765572.72,19878330000.0
2010-06-25,CSX,4.48,4.59,4.59,4.46,4.63,4120410,214398068.1671,4.51,1.06,389225920,389226000.0,7645251590.95,20119080000.0
2010-06-23,CSX,4.64,4.87,4.88,4.61,4.86,4245629,230498994.0023,4.71,1.09,389225920,389226000.0,7910004244.98,20815800000.0
2010-06-18,CSX,4.77,4.7,4.78,4.64,4.66,4671035,254405053.2595,4.72,1.2,389225920,389226000.0,8131863019.38,21399640000.0
2010-06-16,CSX,4.65,4.56,4.65,4.54,4.5,2794355,148211164.0789,4.6,0.72,389225920,389226000.0,7930711063.93,20870290000.0
2010-06-15,CSX,4.5,4.59,4.63,4.49,4.52,3330564,174848614.9848,4.55,0.86,389225920,389226000.0,7671875827.13,20189140000.0
2010-06-12,CSX,4.52,4.43,4.53,4.42,4.49,1882320,97572310.337,4.5,0.48,389225920,389226000.0,7713289169.2,20298130000.0
2010-06-11,CSX,4.49,4.35,4.49,4.35,4.27,3440348,176370121.4089,4.45,0.88,389225920,389226000.0,7657084354.73,20150220000.0
2010-06-10,CSX,4.27,4.31,4.42,4.25,4.27,6183117,309098959.1405,4.34,1.59,389225920,389226000.0,7275486966.95,19146020000.0
2010-06-09,CSX,4.27,4.24,4.3,4.16,4.22,5619199,273846527.3171,4.23,1.44,389225920,389226000.0,7284363092.8,19169370000.0
2010-06-05,CSX,4.34,4.52,4.53,4.32,4.6,5864645,297378471.91,4.4,1.51,389225920,389226000.0,7398249117.93,19469070000.0
2010-06-04,CSX,4.6,4.68,4.68,4.55,4.64,5310758,281845612.7261,4.6,1.36,389225920,389226000.0,7841966666.73,20636750000.0
2010-06-03,CSX,4.64,4.51,4.64,4.48,4.47,3279291,173381653.8925,4.59,0.84,389225920,389226000.0,7912962953.6,20823580000.0
2010-06-02,CSX,4.47,4.53,4.62,4.43,4.53,3149823,164595219.8465,4.53,0.81,389225920,389226000.0,7621588281.98,20056810000.0
2010-05-28,CSX,4.56,4.48,4.57,4.42,4.41,4218402,219418893.4174,4.51,1.08,389225920,389226000.0,7577994550.79,20481060000.0
2010-05-27,CSX,4.41,4.41,4.51,4.39,4.36,3549591,182016956.6794,4.45,0.91,389225920,389226000.0,7318769656.03,19780450000.0
2010-05-26,CSX,4.36,4.2,4.37,4.17,4.36,4715457,233681059.1284,4.28,1.21,389225920,389226000.0,7269805467.34,19648120000.0
2010-05-21,CSX,4.3,4.45,4.46,4.28,4.59,7500852,378470384.3521,4.36,1.93,389225920,389226000.0,7166115538.24,19367880000.0
2010-05-20,CSX,4.59,4.61,4.67,4.46,4.65,4682801,247139013.8819,4.56,1.2,389225920,389226000.0,7650001345.99,20675680000.0
2010-05-19,CSX,4.65,4.77,4.81,4.63,4.72,3328207,181703770.6883,4.71,0.86,389225920,389226000.0,7760892386.66,20975380000.0
2010-05-13,CSX,4.9,4.82,4.93,4.81,4.8,3335135,188881335.2116,4.89,0.86,389225920,389226000.0,8171329823.17,22084670000.0
2010-05-08,CSX,4.55,4.56,4.66,4.46,4.59,8136574,430371828.0496,4.57,2.09,389225920,389226000.0,7585195662.35,20500520000.0
2010-05-06,CSX,4.65,4.71,4.73,4.62,4.78,5207359,281839963.6859,4.67,1.34,389225920,389226000.0,7750810427.23,20948130000.0
2010-05-05,CSX,4.78,4.92,4.92,4.73,4.96,4314824,239619820.0353,4.79,1.11,389225920,389226000.0,7968270084.66,21535860000.0
2010-05-04,CSX,4.96,4.88,5.0,4.86,4.84,3552688,204193584.9504,4.96,0.91,389225920,389226000.0,8280781448.0,22380490000.0
2010-05-01,CSX,4.84,4.96,5.0,4.84,4.95,3973704,225394439.5149,4.9,1.02,389225920,389226000.0,8071960013.76,21816110000.0
2010-04-30,CSX,4.95,4.86,4.97,4.84,4.82,3789877,216697158.8499,4.94,0.97,389225920,389226000.0,8249098314.1,22294860000.0
2010-04-29,CSX,4.82,4.85,4.86,4.76,4.81,4330699,241572002.8059,4.82,1.11,389225920,389226000.0,8047477991.42,21749940000.0
2010-04-28,CSX,4.81,4.91,4.95,4.79,4.92,4796094,270398024.4072,4.87,1.23,389225920,389226000.0,8024435240.9,21687660000.0
2010-04-24,CSX,4.91,4.82,4.91,4.81,4.81,3696954,208745169.2605,4.88,0.95,389225920,389226000.0,8182851198.43,22115810000.0
2010-04-23,CSX,4.81,4.75,4.82,4.68,4.79,3518822,194980034.7944,4.78,0.9,389225920,389226000.0,8021556553.24,21679880000.0
2010-04-22,CSX,4.79,4.76,4.83,4.73,4.77,3837852,212910546.5859,4.79,0.99,389225920,389226000.0,7991312835.17,21598140000.0
2010-04-14,CSX,4.6,4.56,4.62,4.52,4.57,5327188,282532151.4501,4.58,1.37,389225920,389226000.0,7673043952.5,20737950000.0
2010-04-13,CSX,4.57,4.58,4.59,4.53,4.57,2099685,110738199.4781,4.55,0.54,389225920,389226000.0,7615437220.22,20582260000.0
2010-04-10,CSX,4.57,4.6,4.62,4.52,4.57,2566697,135393777.5227,4.55,0.66,389225920,389226000.0,7626958595.48,20613400000.0
2010-04-09,CSX,4.57,4.46,4.59,4.45,4.48,3004001,158299431.4882,4.55,0.77,389225920,389226000.0,7629839443.34,20621180000.0
2010-04-08,CSX,4.48,4.54,4.54,4.45,4.53,3939174,204421831.4862,4.48,1.01,389225920,389226000.0,7477185469.55,20208610000.0
2010-04-06,CSX,4.54,4.54,4.59,4.47,4.51,3032749,159815821.7698,4.55,0.78,389225920,389226000.0,7576552974.75,20477170000.0
2010-04-01,CSX,4.39,4.42,4.44,4.37,4.43,3450615,175666979.4674,4.4,0.89,389225920,389226000.0,7330290887.28,19811590000.0
2010-03-31,CSX,4.43,4.46,4.47,4.41,4.45,3479125,179051776.475,4.44,0.89,389225920,389226000.0,7392215723.06,19978960000.0
2010-03-27,CSX,4.4,4.43,4.44,4.36,4.42,2455394,125081448.5402,4.4,0.63,389225920,389226000.0,7343251678.37,19846630000.0
2010-03-26,CSX,4.42,4.47,4.52,4.41,4.41,3410856,176611364.2975,4.47,0.88,389135040,389135000.0,7368893590.6,19915930000.0
2010-03-25,CSX,4.41,4.45,4.45,4.38,4.47,2354705,120411600.6389,4.42,0.61,389135040,389135000.0,7357374905.46,19884790000.0
2010-03-24,CSX,4.47,4.49,4.49,4.38,4.47,3161331,162408315.6727,4.44,0.81,389135040,389135000.0,7450963178.4,20137730000.0
2010-03-20,CSX,4.45,4.5,4.53,4.42,4.48,3713876,191702442.8416,4.46,0.95,389135040,389135000.0,7416407266.95,20044340000.0
2010-03-19,CSX,4.48,4.43,4.48,4.41,4.42,3071150,158571738.9647,4.46,0.79,389135040,389135000.0,7465359879.06,20176640000.0
2010-03-18,CSX,4.42,4.45,4.47,4.4,4.45,2585785,132851649.7935,4.44,0.66,389135040,389135000.0,7376093020.78,19935380000.0
2010-03-17,CSX,4.45,4.42,4.46,4.4,4.41,2554437,131269166.0087,4.44,0.66,389135040,389135000.0,7420726521.91,20056010000.0
2010-03-16,CSX,4.41,4.39,4.42,4.37,4.4,2966875,151189570.5662,4.4,0.76,389135040,389135000.0,7360255224.66,19892580000.0
2010-03-13,CSX,4.4,4.4,4.42,4.36,4.38,2384827,121349980.6458,4.39,0.61,389135040,389135000.0,7340098029.58,19838100000.0
2010-03-12,CSX,4.38,4.28,4.4,4.28,4.31,4655399,235455174.8324,4.37,1.2,389135040,389135000.0,7296903608.2,19721360000.0
2010-03-10,CSX,4.28,4.22,4.32,4.22,4.23,3242116,161018682.8419,4.29,0.83,389135040,389135000.0,7129886417.1,19269960000.0
2010-03-05,CSX,4.15,4.13,4.16,4.11,4.14,2885316,138337026.7154,4.14,0.74,390035360,390035000.0,6935686489.97,18745100000.0
2010-03-04,CSX,4.14,4.11,4.2,4.1,4.18,3753985,180819314.1825,4.16,0.96,390035360,390035000.0,6924141154.68,18713890000.0
2010-03-03,CSX,4.18,4.18,4.22,4.16,4.17,3438132,166591547.0455,4.18,0.88,390035360,390035000.0,6994853122.32,18905000000.0
2010-02-27,CSX,4.1,4.1,4.13,4.06,4.1,2910513,138256029.6643,4.1,0.75,390035360,390035000.0,6108654771.55,18511070000.0
2010-02-25,CSX,4.08,4.06,4.09,4.03,4.04,3275417,154220382.5606,4.07,0.84,390035360,390035000.0,6085487572.15,18440870000.0
2010-02-23,CSX,4.02,4.04,4.05,4.0,4.02,3643306,170395548.9607,4.02,0.93,390035360,390035000.0,6026279432.23,18261450000.0
2010-02-20,CSX,4.02,3.99,4.05,3.97,3.99,3769761,176102473.8462,4.01,0.97,390035360,390035000.0,6019843462.66,18241950000.0
2010-02-19,CSX,3.99,3.94,3.99,3.93,3.96,2809145,129557197.1436,3.96,0.72,390035360,390035000.0,5972220660.05,18097630000.0
2010-02-18,CSX,3.96,4.0,4.0,3.91,3.96,4035545,185165296.2421,3.94,1.03,390035360,390035000.0,5934893246.4,17984520000.0
2010-02-13,CSX,3.86,3.82,3.86,3.8,3.87,5209820,232836728.4089,3.84,1.34,390035360,390035000.0,5779153156.85,17512580000.0
2010-02-11,CSX,3.7,3.7,3.72,3.66,3.7,3554099,152895512.1731,3.7,0.91,390035360,390035000.0,5544897018.65,16802710000.0
2010-02-03,CSX,3.82,3.78,3.83,3.77,3.76,3565570,158067059.3239,3.81,0.91,392558880,392559000.0,5762135746.01,17461010000.0
2010-01-30,CSX,3.68,3.79,3.79,3.66,3.75,5178109,224380905.341,3.72,1.32,392558880,392559000.0,6393525878.37,16825070000.0
2010-01-27,CSX,3.89,3.86,3.94,3.81,3.86,6235902,283492810.2392,3.91,1.59,392558880,392559000.0,6757506770.25,17782910000.0
2010-01-26,CSX,3.86,3.84,3.89,3.78,3.79,6411797,287358102.4461,3.85,1.63,392558880,392559000.0,6705297781.76,17645520000.0
2010-01-20,CSX,4.34,4.33,4.36,4.29,4.3,4491176,226129781.9266,4.32,1.14,392558880,392559000.0,7534695885.08,19828140000.0
2010-01-16,CSX,4.3,4.35,4.36,4.25,4.34,3018154,150975584.3198,4.3,0.77,392558880,392559000.0,7464584719.94,19643640000.0
2010-01-09,CSX,4.5,4.27,4.54,4.26,4.29,6062910,314206042.4614,4.45,1.54,392558880,392559000.0,7813647479.35,20562230000.0
2010-01-08,CSX,4.29,4.3,4.32,4.26,4.32,2597957,129783763.3163,4.29,0.66,392558880,392559000.0,7452650631.65,19612230000.0
2010-01-07,CSX,4.32,4.31,4.36,4.28,4.31,3306344,166561671.5118,4.33,0.84,392558880,392559000.0,7504861857.72,19749630000.0
2010-01-06,CSX,4.31,4.21,4.32,4.19,4.2,3990357,199469566.6803,4.29,1.02,392558880,392559000.0,7480993681.13,19686820000.0
2010-01-01,CSX,4.17,4.23,4.23,4.16,4.22,1702556,83142100.4244,4.19,0.43,392558880,392559000.0,7233367092.1,19035170000.0
2009-12-30,CSX,4.22,4.25,4.28,4.22,4.26,1421193,70141977.1527,4.24,0.36,392558880,392559000.0,7333312284.61,19298190000.0
2009-12-25,CSX,4.33,4.29,4.36,4.29,4.29,934876,47205432.42,4.34,0.24,392558880,392559000.0,7518286774.73,19784960000.0
2009-12-22,CSX,4.22,4.2,4.27,4.2,4.16,1849275,91088420.1419,4.23,0.47,392558880,392559000.0,7334805500.08,19302120000.0
2009-12-19,CSX,4.16,4.21,4.21,4.13,4.16,3052751,148314204.348,4.17,0.78,392558880,392559000.0,7230382898.75,19027320000.0
2009-12-16,CSX,4.26,4.2,4.29,4.19,4.24,2486448,123330797.0783,4.26,0.63,392558880,392559000.0,7398948427.69,19470910000.0
2009-12-15,CSX,4.24,4.25,4.26,4.22,4.2,1885699,93162755.4395,4.24,0.48,392558880,392559000.0,7363146311.97,19376700000.0
2009-12-11,CSX,4.19,4.12,4.21,4.11,4.08,3405933,165591353.5605,4.18,0.87,392558880,392559000.0,7275135207.76,19145090000.0
2009-12-08,CSX,4.22,4.31,4.31,4.21,4.31,3744349,184910144.7027,4.24,0.95,392558880,392559000.0,7322871411.78,19270710000.0
2009-12-01,CSX,4.08,4.07,4.11,4.05,4.08,2335538,110845077.2322,4.08,0.59,392558880,392559000.0,7269090680.34,18638690000.0
2009-11-28,CSX,4.08,4.03,4.11,3.99,4.14,1951897,92392849.3053,4.07,0.5,392558880,392559000.0,7276746037.8,18658320000.0
2009-11-26,CSX,4.14,4.13,4.17,4.09,4.1,1894902,91243510.5942,4.14,0.48,392558880,392559000.0,7379321366.95,18921340000.0
2009-11-25,CSX,4.1,4.14,4.16,4.08,4.16,4056416,194801245.2859,4.11,1.03,392558880,392559000.0,7348702233.6,18842820000.0
2009-11-24,CSX,4.16,4.2,4.26,4.14,4.16,4319383,211037675.8738,4.18,1.1,392558880,392559000.0,7452807776.89,19109760000.0
2009-11-21,CSX,4.16,4.13,4.17,4.12,4.2,4286930,207575238.3349,4.14,1.09,392558880,392559000.0,7443622358.39,19086210000.0
2009-11-20,CSX,4.2,4.25,4.26,4.17,4.28,5019227,246227641.7279,4.19,1.28,392558880,392559000.0,7523233911.65,19290340000.0
2009-11-19,CSX,4.28,4.26,4.28,4.23,4.28,2924815,145565111.8854,4.26,0.75,392558880,392559000.0,7654898160.0,19627940000.0
2009-11-18,CSX,4.28,4.23,4.29,4.22,4.24,4231711,210469639.3459,4.25,1.08,392558880,392559000.0,7657958588.28,19635790000.0
2009-11-17,CSX,4.24,4.21,4.26,4.2,4.19,5226090,259134596.0755,4.24,1.33,392558880,392559000.0,7593657596.84,19470910000.0
2009-11-14,CSX,4.19,4.15,4.2,4.15,4.13,4685391,229040597.4193,4.18,1.19,392558880,392559000.0,7494144839.35,19215750000.0
2009-11-13,CSX,4.13,4.15,4.19,4.11,4.12,4605820,223045985.2643,4.14,1.17,392558880,392559000.0,7394629785.38,18960590000.0
2009-11-12,CSX,4.12,4.14,4.15,4.09,4.08,3079378,148488223.0356,4.12,0.78,392558880,392559000.0,7382381642.13,18929180000.0
2009-11-11,CSX,4.08,4.11,4.15,4.06,4.14,3846300,184008915.15,4.09,0.98,392558880,392559000.0,7310427742.8,18744680000.0
2009-11-10,CSX,4.14,4.13,4.17,4.09,4.08,5801219,280294586.2111,4.13,1.48,392558880,392559000.0,7419126071.89,19023390000.0
2009-11-07,CSX,4.08,3.96,4.12,3.96,4.01,4925918,234345573.6728,4.07,1.25,392558880,392559000.0,7301240027.83,18721130000.0
2009-11-06,CSX,4.01,3.91,4.02,3.9,3.89,4171668,193954557.5927,3.98,1.06,392558880,392559000.0,7178763494.45,18407080000.0
2009-11-05,CSX,3.89,3.94,3.96,3.87,3.93,6336188,289539023.4411,3.91,1.61,392558880,392559000.0,6961362243.33,17849640000.0
2009-11-04,CSX,3.93,3.91,3.94,3.86,3.66,14083786,643147171.6296,3.9,3.59,392558880,392559000.0,7037911224.93,18045920000.0
2009-11-03,CSX,3.66,3.62,3.74,3.61,3.61,5688758,244590380.2031,3.68,1.45,392558880,392559000.0,6558716284.19,16817210000.0
2009-10-31,CSX,3.61,3.69,3.74,3.57,3.69,5349059,228135216.0283,3.65,1.36,392558880,392559000.0,6788833632.3,16558130000.0
2009-10-30,CSX,3.69,3.64,3.72,3.62,3.59,4304465,185647262.3761,3.69,1.1,392558880,392559000.0,6953002399.71,16958540000.0
2009-10-29,CSX,3.59,3.65,3.74,3.58,3.64,6109070,261040536.6637,3.65,1.56,392558880,392559000.0,6753424660.37,16471770000.0
2009-10-28,CSX,3.64,3.72,3.76,3.61,3.72,5948242,253490810.4655,3.64,1.52,392558880,392559000.0,6849995110.55,16707300000.0
2009-10-27,CSX,3.72,3.74,3.82,3.71,3.7,5035793,221337691.0423,3.76,1.28,392558880,392559000.0,7006115938.07,17088090000.0
2009-10-24,CSX,3.7,3.88,3.88,3.68,3.93,9546531,416735596.0239,3.73,2.43,392558880,392559000.0,6972315652.81,17005640000.0
2009-10-23,CSX,3.93,3.9,3.94,3.81,3.89,5278254,239657507.7243,3.88,1.34,392558880,392559000.0,7398829749.29,18045920000.0
2009-10-22,CSX,3.89,3.96,4.03,3.88,3.97,4848774,224122921.6973,3.95,1.24,392558880,392559000.0,7316746653.17,17845720000.0
2009-10-21,CSX,3.97,4.0,4.01,3.95,4.0,4308430,200323852.2013,3.98,1.1,392558880,392559000.0,7477695793.97,18238280000.0
2009-10-20,CSX,4.0,4.01,4.02,3.98,4.0,4098402,191754762.2714,4.0,1.04,392558880,392559000.0,7538857272.22,18387450000.0
2009-10-17,CSX,4.0,3.95,4.0,3.9,3.99,4890957,227068963.6047,3.97,1.25,392558880,392559000.0,7527589705.72,18359970000.0
2009-10-16,CSX,3.99,3.99,4.04,3.93,4.02,4249492,197425852.7329,3.97,1.08,392558880,392559000.0,7508276452.63,18312870000.0
2009-10-15,CSX,4.02,3.96,4.04,3.86,3.79,10194575,474627655.8989,3.98,2.6,392558880,392559000.0,7574266244.15,18473820000.0
2009-10-14,CSX,3.79,3.85,3.86,3.75,3.84,4865918,215373301.551,3.78,1.24,392558880,392559000.0,7126827793.67,17382500000.0
2009-10-08,CSX,3.66,3.62,3.67,3.6,3.65,3573180,151792216.7018,3.63,0.91,392558880,392559000.0,6888621294.85,16801510000.0
2009-10-07,CSX,3.65,3.67,3.73,3.61,3.64,4749590,203849063.8382,3.67,1.21,392558880,392559000.0,6875745041.69,16770110000.0
2009-10-06,CSX,3.64,3.59,3.65,3.54,3.56,5073848,214822142.6353,3.62,1.29,392558880,392559000.0,6856431949.54,16723000000.0
2009-10-02,CSX,3.57,3.58,3.63,3.56,3.58,6021434,252899589.728,3.59,1.53,392558880,392559000.0,6722844001.72,16397180000.0
2009-10-01,CSX,3.58,3.69,3.72,3.55,3.68,7175438,301655370.4674,3.59,1.83,392558880,392559000.0,6737328780.6,16432500000.0
2009-09-30,CSX,3.68,3.76,3.76,3.67,3.74,3628023,156865548.7996,3.7,0.92,392558880,392559000.0,6932078367.61,16907500000.0
2009-09-29,CSX,3.74,3.7,3.78,3.67,3.66,4321606,188781963.8421,3.74,1.1,392558880,392559000.0,7043133596.66,17178370000.0
2009-09-25,CSX,3.78,3.84,3.88,3.71,3.82,4899168,215585374.5668,3.76,1.25,392190080,392190000.0,7108875322.7,17338710000.0
2009-09-24,CSX,3.82,3.94,3.95,3.82,3.92,4995379,225527309.8489,3.86,1.27,392190080,392190000.0,7182843497.38,17519130000.0
2009-09-23,CSX,3.92,3.96,3.97,3.9,3.89,4546363,209323126.9606,3.94,1.16,392190080,392190000.0,7372583771.7,17981910000.0
2009-09-22,CSX,3.89,3.83,3.96,3.81,3.87,5904844,268479031.9108,3.89,1.51,392190080,392190000.0,7309872738.7,17828950000.0
2009-09-19,CSX,3.87,3.88,3.92,3.82,3.86,5067953,229182433.363,3.87,1.29,392190080,392190000.0,7277713634.54,17750520000.0
2009-09-18,CSX,3.86,3.9,3.92,3.82,3.92,7244074,327684919.5182,3.87,1.85,392190080,392190000.0,7255202084.74,17695610000.0
2009-09-17,CSX,3.92,4.05,4.05,3.83,4.0,8707211,397631212.1149,3.9,2.22,392190080,392190000.0,7366152979.97,17966220000.0
2009-09-16,CSX,4.0,3.96,4.03,3.88,4.03,6591410,305884835.0263,3.97,1.68,392190080,392190000.0,7525341325.46,18354490000.0
2009-09-12,CSX,4.01,4.16,4.18,3.95,4.12,8757817,412990624.7056,4.03,2.23,392190080,392190000.0,7546245860.72,18405470000.0
2009-09-11,CSX,4.12,4.02,4.13,4.01,4.01,5501402,263583695.2572,4.1,1.4,392190080,392190000.0,7745636262.18,18891790000.0
2009-09-10,CSX,4.01,3.93,4.07,3.89,3.9,7417738,347150049.3871,4.0,1.89,392190080,392190000.0,7546245860.72,18405470000.0
2009-09-09,CSX,3.9,3.93,3.95,3.88,3.87,5582598,255387082.793,3.91,1.42,392190080,392190000.0,7333991463.84,17887780000.0
2009-09-04,CSX,3.8,3.63,3.8,3.59,3.57,6295043,274488985.7265,3.73,1.61,392190080,392190000.0,7142644014.18,17421080000.0
2009-09-03,CSX,3.57,3.57,3.61,3.51,3.59,3737658,156598152.2892,3.58,0.95,392190080,392190000.0,6710097092.55,16366090000.0
2009-09-02,CSX,3.59,3.62,3.71,3.57,3.63,5809074,246260565.4013,3.62,1.48,392190080,392190000.0,6743863372.06,16448450000.0
2009-09-01,CSX,3.63,3.7,3.7,3.6,3.74,4457984,189351064.9165,3.63,1.14,392190080,392190000.0,7833996848.0,16668070000.0
2009-08-29,CSX,3.74,3.75,3.78,3.67,3.72,3771365,164570628.3408,3.73,0.96,392190080,392190000.0,8060721195.93,17150470000.0
2009-08-25,CSX,3.79,3.85,3.9,3.76,3.83,6051707,271241066.1437,3.81,1.54,392190080,392190000.0,8202655523.2,17452450000.0
2009-08-22,CSX,3.83,3.79,3.86,3.75,3.76,4026755,181204776.3242,3.83,1.03,392190080,392190000.0,8305879583.6,17672080000.0
2009-08-21,CSX,3.76,3.69,3.78,3.67,3.67,4415625,195044280.7219,3.76,1.13,392190080,392190000.0,8151040728.06,17342640000.0
2009-08-20,CSX,3.67,3.65,3.73,3.62,3.69,3660117,158331895.9477,3.68,0.93,392190080,392190000.0,7957497319.86,16930840000.0
2009-08-19,CSX,3.69,3.66,3.71,3.63,3.65,4717918,203808863.1723,3.67,1.2,392190080,392190000.0,8005421841.66,17032810000.0
2009-08-18,CSX,3.65,3.67,3.7,3.58,3.79,5286938,225662369.3671,3.63,1.35,392190080,392190000.0,7902197965.59,16813180000.0
2009-08-14,CSX,3.81,3.78,3.82,3.72,3.76,4838137,215126784.4013,3.78,1.23,392190080,392190000.0,8265326945.0,17585800000.0
2009-08-13,CSX,3.76,3.76,3.81,3.72,3.76,6402203,283073386.4384,3.76,1.63,392190080,392190000.0,8152885864.73,17346560000.0
2009-08-11,CSX,3.69,3.77,3.78,3.67,3.77,5754777,250975579.317,3.71,1.47,392190080,392190000.0,7992517497.73,17005360000.0
2009-08-08,CSX,3.77,3.59,3.82,3.56,3.49,9503180,417304542.9621,3.74,2.42,392190080,392190000.0,8171317139.53,17385780000.0
2009-08-07,CSX,3.49,3.52,3.54,3.48,3.51,4141918,170475546.1948,3.5,1.06,392190080,392190000.0,7572246792.33,16111160000.0
2009-08-06,CSX,3.51,3.59,3.61,3.47,3.57,3914654,161207753.5366,3.5,1.0,392190080,392190000.0,7609114871.8,16189600000.0
2009-08-05,CSX,3.57,3.55,3.59,3.51,3.57,5017141,209665293.8761,3.55,1.28,392190080,392190000.0,7732615159.33,16452370000.0
2009-08-04,CSX,3.57,3.48,3.61,3.46,3.41,7314152,306205452.1364,3.56,1.86,392190080,392190000.0,7738144855.13,16464130000.0
2009-08-01,CSX,3.41,3.43,3.45,3.39,3.44,4351012,175210893.526,3.43,1.11,392190080,392190000.0,7395292287.19,15734660000.0
2009-07-31,CSX,3.44,3.45,3.53,3.43,3.38,5216207,212970898.5788,3.47,1.33,392190080,392190000.0,7459805712.06,15871920000.0
2009-07-30,CSX,3.38,3.31,3.39,3.25,3.38,4807871,188562729.3929,3.34,1.23,392190080,392190000.0,7330775913.06,15597390000.0
2009-07-29,CSX,3.38,3.43,3.47,3.33,3.48,5479567,217714128.6462,3.38,1.4,392190080,392190000.0,7316029197.39,15566020000.0
2009-07-28,CSX,3.48,3.46,3.5,3.4,3.46,4278871,173683212.0373,3.45,1.09,392190080,392190000.0,7542756310.26,16048410000.0
2009-07-25,CSX,3.46,3.45,3.49,3.38,3.47,4763988,192697559.7025,3.44,1.21,392190080,392190000.0,7505888046.46,15969970000.0
2009-07-23,CSX,3.36,3.27,3.42,3.23,3.32,6859719,270958900.5,3.36,1.75,392190080,392190000.0,7279163882.86,15487580000.0
2009-07-22,CSX,3.32,3.37,3.4,3.26,3.31,6715649,261468347.4237,3.31,1.71,392190080,392190000.0,7185156842.33,15287570000.0
2009-07-21,CSX,3.31,3.24,3.36,3.23,3.22,7605633,294274033.7265,3.29,1.94,392190080,392190000.0,7177782194.19,15271870000.0
2009-07-18,CSX,3.22,3.17,3.24,3.13,3.15,5783391,217733607.523,3.2,1.47,392190080,392190000.0,6980551277.59,14852230000.0
2009-07-14,CSX,2.77,2.76,2.77,2.63,2.72,7118606,227951268.1156,2.72,1.82,392190080,392190000.0,5998075539.53,12761860000.0
2009-07-09,CSX,2.67,2.67,2.71,2.57,2.66,7254875,225721644.1076,2.65,1.85,392190080,392190000.0,5795312162.19,12330450000.0
2009-07-07,CSX,2.77,2.75,2.78,2.72,2.83,6426035,208028077.5404,2.75,1.64,392190080,392190000.0,5998075539.53,12761860000.0
2009-07-03,CSX,2.83,2.89,2.89,2.82,2.95,5922125,197586945.1586,2.84,1.51,392190080,392190000.0,6123418014.46,13028540000.0
2009-07-02,CSX,2.95,2.96,3.05,2.93,2.95,5404168,189201542.9304,2.98,1.38,392190080,392190000.0,6383323117.79,13581540000.0
2009-07-01,CSX,2.95,2.96,3.02,2.9,2.96,5893824,203863217.0141,2.94,1.5,392190080,392190000.0,6383323117.79,13581540000.0
2009-06-25,CSX,2.83,2.84,2.91,2.81,2.78,6458422,217539615.9424,2.87,1.65,391460000,391460000.0,6123060552.01,13027790000.0
2009-06-19,CSX,2.88,2.89,2.9,2.81,2.88,5188992,175011696.546,2.87,1.33,391460000,391460000.0,6233450616.14,13262660000.0
2009-06-18,CSX,2.88,2.93,2.95,2.82,2.93,6433828,217346876.2087,2.87,1.64,391460000,391460000.0,6222411996.1,13239170000.0
2009-06-17,CSX,2.93,2.94,3.02,2.9,2.91,8325871,289539615.6795,2.96,2.13,391460000,391460000.0,6329124176.08,13466220000.0
2009-06-16,CSX,2.91,3.06,3.09,2.85,3.11,8305820,284284106.8045,2.91,2.12,391460000,391460000.0,6286808270.01,13376180000.0
2009-06-13,CSX,3.11,2.99,3.11,2.96,2.97,8478098,303607404.0336,3.05,2.17,391460000,391460000.0,6719174184.14,14296110000.0
2009-06-12,CSX,2.97,2.97,3.03,2.92,2.97,5049867,176542845.3333,2.97,1.29,391460000,391460000.0,6413756356.19,13646290000.0
2009-06-11,CSX,2.97,3.03,3.05,2.92,3.0,6241598,217583348.358,2.97,1.59,391460000,391460000.0,6424797920.01,13669780000.0
2009-06-10,CSX,3.0,3.04,3.06,2.96,2.94,7353859,259153623.9663,3.0,1.88,391460000,391460000.0,6489191434.14,13806790000.0
2009-06-09,CSX,2.94,2.86,2.97,2.82,2.89,7416399,254883040.7177,2.92,1.89,391460000,391460000.0,6353043302.01,13517110000.0
2009-06-05,CSX,2.9,2.8,2.91,2.77,2.79,6931051,234202923.3309,2.87,1.77,391460000,391460000.0,6264727902.17,13329200000.0
2009-06-03,CSX,2.92,2.86,2.98,2.86,2.87,9724340,333372624.4899,2.92,2.48,391460000,391460000.0,6308885694.08,13423160000.0
2009-06-02,CSX,2.87,2.75,2.93,2.72,2.7,15267340,515997709.9072,2.88,3.9,391460000,391460000.0,6202173330.11,13196110000.0
2009-05-30,CSX,2.7,2.52,2.71,2.52,2.5,10349649,321115330.4325,2.64,2.64,391460000,391460000.0,6092056144.92,12432760000.0
2009-05-29,CSX,2.5,2.46,2.52,2.39,2.45,6632192,193266631.1959,2.48,1.69,391460000,391460000.0,5641288804.03,11512830000.0
2009-05-28,CSX,2.45,2.56,2.56,2.43,2.52,7128418,207731994.7642,2.48,1.82,391460000,391460000.0,5518527139.85,11262300000.0
2009-05-27,CSX,2.52,2.36,2.54,2.36,2.38,10165918,299611958.3137,2.49,2.6,391460000,391460000.0,5725687963.66,11685070000.0
2009-05-23,CSX,2.38,2.39,2.42,2.34,2.37,3143015,88789504.2878,2.39,0.8,391460000,391460000.0,5401519554.03,11023510000.0
2009-05-22,CSX,2.37,2.44,2.44,2.34,2.48,5555246,155696840.7553,2.37,1.42,391460000,391460000.0,5391928208.58,11003930000.0
2009-05-21,CSX,2.48,2.45,2.58,2.45,2.42,8135242,242707558.2703,2.52,2.08,391460000,391460000.0,5631697458.58,11493260000.0
2009-05-20,CSX,2.42,2.44,2.47,2.41,2.42,5130129,148003159.7133,2.44,1.31,391460000,391460000.0,5497427254.03,11219240000.0
2009-05-19,CSX,2.42,2.37,2.42,2.31,2.34,7622231,214827915.9296,2.38,1.95,391460000,391460000.0,5497427254.03,11219240000.0
2009-05-16,CSX,2.34,2.28,2.37,2.28,2.28,8584902,236621361.375,2.33,2.19,391460000,391460000.0,5307531926.18,10831700000.0
2009-05-15,CSX,2.28,2.27,2.35,2.26,2.28,7022863,190956490.7455,2.3,1.79,391460000,391460000.0,5171341649.48,10553750000.0
2009-05-14,CSX,2.28,2.34,2.34,2.26,2.36,8858223,239729991.6085,2.29,2.26,391460000,391460000.0,5186687265.11,10585070000.0
2009-05-13,CSX,2.36,2.44,2.47,2.31,2.42,9721156,272210770.1483,2.36,2.48,391460000,391460000.0,5370831200.0,10960880000.0
2009-05-08,CSX,2.56,2.67,2.71,2.53,2.65,7167551,220030892.6055,2.59,1.83,391460000,391460000.0,5806250239.85,11849480000.0
2009-05-07,CSX,2.65,2.7,2.74,2.59,2.64,6292051,196949954.835,2.64,1.61,391460000,391460000.0,6011494060.55,12268350000.0
2009-05-06,CSX,2.64,2.73,2.75,2.61,2.71,7451371,233649644.9959,2.65,1.9,391460000,391460000.0,5999985520.18,12244860000.0
2009-05-05,CSX,2.71,2.64,2.75,2.62,2.58,10801665,345926562.1245,2.7,2.76,391460000,391460000.0,6157272613.66,12565860000.0
2009-05-02,CSX,2.58,2.5,2.66,2.43,2.5,11509536,346713181.8972,2.54,2.94,391460000,391460000.0,5863795435.29,11966930000.0
2009-05-01,CSX,2.5,2.57,2.62,2.49,2.51,8020969,241865831.2311,2.55,2.05,391460000,391460000.0,5096652099.27,11583300000.0
2009-04-30,CSX,2.51,2.44,2.56,2.43,2.41,10089844,298665295.0486,2.5,2.58,391460000,391460000.0,5129378499.76,11657680000.0
2009-04-29,CSX,2.41,2.46,2.5,2.4,2.49,9651668,279290287.961,2.44,2.47,391460000,391460000.0,4917518453.09,11176180000.0
2009-04-28,CSX,2.49,2.58,2.59,2.47,2.62,6398453,190280951.2059,2.51,1.63,391460000,391460000.0,5081150800.0,11548070000.0
2009-04-25,CSX,2.62,2.63,2.66,2.58,2.59,7067184,219760355.0722,2.63,1.81,391460000,391460000.0,5334344716.61,12123510000.0
2009-04-24,CSX,2.59,2.49,2.6,2.47,2.44,11650711,351062649.161,2.54,2.98,391460000,391460000.0,5287841163.27,12017820000.0
2009-04-23,CSX,2.44,2.41,2.52,2.35,2.47,28646340,824584581.7903,2.43,7.32,391460000,391460000.0,4969191689.82,11293610000.0
2009-04-22,CSX,2.47,2.43,2.52,2.39,2.44,14620942,421182464.2799,2.43,3.73,391460000,391460000.0,5032920516.61,11438450000.0
2009-04-21,CSX,2.44,2.61,2.61,2.42,2.65,8756086,255462311.4844,2.46,2.24,391460000,391460000.0,4986416963.27,11332760000.0
2009-04-18,CSX,2.65,2.62,2.71,2.57,2.61,8010274,251557023.7474,2.65,2.05,391460000,391460000.0,5404964789.58,12284010000.0
2009-04-17,CSX,2.61,2.62,2.66,2.56,2.58,7853859,243728727.8084,2.62,2.01,391460000,391460000.0,5330901763.27,12115680000.0
2009-04-16,CSX,2.58,2.54,2.68,2.5,2.4,13224586,406084558.6898,2.59,3.38,391460000,391460000.0,5268894499.27,11974760000.0
2009-04-15,CSX,2.4,2.43,2.46,2.36,2.44,7583164,215909354.4576,2.4,1.94,391460000,391460000.0,4889961736.0,11113550000.0
2009-04-14,CSX,2.44,2.49,2.49,2.41,2.51,6468461,187115752.2629,2.44,1.65,391460000,391460000.0,4976082936.0,11309280000.0
2009-04-09,CSX,2.41,2.36,2.43,2.35,2.35,6736555,190478726.618,2.39,1.72,391460000,391460000.0,4924409699.27,11191840000.0
2009-04-08,CSX,2.35,2.39,2.44,2.32,2.42,5102371,143200547.3792,2.37,1.3,391460000,391460000.0,4790060799.52,10886500000.0
2009-04-07,CSX,2.42,2.46,2.46,2.36,2.49,5570496,158059425.9974,2.4,1.42,391460000,391460000.0,4943356363.27,11234900000.0
2009-04-04,CSX,2.49,2.46,2.5,2.42,2.46,6959106,202448013.7611,2.46,1.78,391460000,391460000.0,5072538163.27,11528490000.0
2009-04-03,CSX,2.46,2.3,2.49,2.28,2.24,12036911,348547884.6566,2.45,3.07,391460000,391460000.0,5020864926.55,11411050000.0
2009-04-02,CSX,2.24,2.15,2.27,2.12,2.18,6967371,182959616.0682,2.22,1.78,391460000,391460000.0,4573033653.09,10393250000.0
2009-04-01,CSX,2.18,2.19,2.23,2.14,2.16,6264715,162262965.8335,2.19,1.6,391460000,391460000.0,4452464489.82,10119230000.0
2009-03-31,CSX,2.16,2.27,2.27,2.13,2.31,7502223,192085349.7274,2.16,1.92,391460000,391460000.0,4414570989.58,10033110000.0
2009-03-28,CSX,2.31,2.38,2.38,2.29,2.36,5816500,159656521.0335,2.32,1.49,391460000,391460000.0,4721162289.33,10729910000.0
2009-03-27,CSX,2.36,2.2,2.37,2.2,2.18,7846254,215238376.958,2.32,1.97,399254080,399254000.0,4910026148.82,11159150000.0
2009-03-26,CSX,2.18,2.31,2.32,2.1,2.27,7235512,188447462.9376,2.2,1.81,399254080,399254000.0,4532330208.1,10300750000.0
2009-03-25,CSX,2.27,2.27,2.34,2.2,2.3,8057680,219056870.075,2.3,2.02,399254080,399254000.0,4730840215.03,10751910000.0
2009-03-24,CSX,2.3,2.1,2.3,2.09,2.05,9122277,240387506.8209,2.23,2.28,399254080,399254000.0,4774758163.83,10851720000.0
2009-03-21,CSX,2.05,2.13,2.15,2.03,2.12,6239012,153454034.1436,2.08,1.56,399254080,399254000.0,4258282734.6,9677910000.0
2009-03-20,CSX,2.12,2.14,2.21,2.1,2.12,5964754,151421167.5022,2.14,1.49,399254080,399254000.0,4416388931.33,10037240000.0
2009-03-19,CSX,2.12,2.1,2.15,2.03,2.12,7223867,178479316.2391,2.09,1.81,399254080,399254000.0,4412874792.74,10029260000.0
2009-03-18,CSX,2.12,2.08,2.12,2.01,2.08,7506688,184479012.0195,2.08,1.88,399254080,399254000.0,4405846339.88,10013290000.0
2009-03-17,CSX,2.08,2.0,2.19,1.99,1.96,9919336,248407808.7101,2.11,2.48,399254080,399254000.0,4328553033.73,9837617000.0
2009-03-14,CSX,1.96,2.0,2.02,1.93,1.97,6565559,153106780.86,1.97,1.64,399254080,399254000.0,4077340961.22,9266680000.0
2009-03-13,CSX,1.97,1.9,1.98,1.84,1.9,5452738,124120598.7557,1.92,1.37,399254080,399254000.0,4098420698.28,9314590000.0
2009-03-12,CSX,1.9,1.9,1.93,1.86,1.88,4838680,108981565.4466,1.9,1.21,399254080,399254000.0,3952615392.0,8983215000.0
2009-03-11,CSX,1.88,1.83,1.89,1.8,1.76,8485508,185999730.309,1.85,2.13,399254080,399254000.0,3912209122.39,8891379000.0
2009-03-10,CSX,1.76,1.8,1.84,1.75,1.82,8033219,170317826.9733,1.79,2.01,399254080,399254000.0,3671539465.65,8344406000.0
2009-03-07,CSX,1.82,1.91,1.95,1.78,1.89,9203422,199831076.4354,1.83,2.31,399254080,399254000.0,3792753531.35,8619891000.0
2009-03-06,CSX,1.89,1.94,1.94,1.8,1.99,11867223,263454676.5757,1.87,2.97,399254080,399254000.0,3942072976.23,8959254000.0
2009-03-05,CSX,1.99,1.96,2.02,1.93,1.93,7011375,164623530.2329,1.98,1.76,399254080,399254000.0,4131798866.39,9390449000.0
2009-03-04,CSX,1.93,1.95,2.0,1.9,1.93,7140949,164326711.4608,1.94,1.79,399254080,399254000.0,4010584800.68,9114961000.0
2009-03-03,CSX,1.93,2.04,2.05,1.91,2.08,7605680,175037880.088,1.94,1.9,399254080,399254000.0,4015854778.87,9126938000.0
2009-02-28,CSX,2.08,2.06,2.15,2.03,2.11,8154742,203294423.5442,2.11,2.04,399254080,399254000.0,4434114554.83,9853582000.0
2009-02-27,CSX,2.11,2.17,2.2,2.11,2.14,7064699,178941725.6475,2.14,1.77,399254080,399254000.0,4488014394.62,9973359000.0
2009-02-26,CSX,2.14,2.2,2.23,2.11,2.24,9449145,241352877.4352,2.16,2.37,399254080,399254000.0,4559879051.04,10133060000.0
2009-02-25,CSX,2.24,2.09,2.27,2.08,2.09,7323977,191284701.6952,2.19,1.83,399254080,399254000.0,4802426982.62,10672060000.0
2009-02-24,CSX,2.09,2.26,2.28,2.08,2.23,6531121,167317523.3385,2.15,1.64,399254080,399254000.0,4486215954.62,9969363000.0
2009-02-21,CSX,2.23,2.15,2.27,2.14,2.2,7796250,205726618.5975,2.21,1.95,399254080,399254000.0,4780865465.66,10624140000.0
2009-02-20,CSX,2.2,2.27,2.32,2.18,2.33,10934086,292843175.165,2.24,2.74,399254080,399254000.0,4725169880.83,10500380000.0
2009-02-19,CSX,2.33,2.32,2.37,2.27,2.3,5346024,148617286.0222,2.33,1.34,399254080,399254000.0,5003650140.62,11119220000.0
2009-02-18,CSX,2.3,2.4,2.4,2.27,2.45,6323598,173943140.6264,2.3,1.58,399254080,399254000.0,4937175234.62,10971500000.0
2009-02-14,CSX,2.45,2.45,2.5,2.41,2.46,4229379,124394055.2926,2.46,1.06,399254080,399254000.0,5249789382.62,11666200000.0
2009-02-13,CSX,2.46,2.49,2.49,2.35,2.53,5883813,169906862.1172,2.42,1.47,399254080,399254000.0,5267757073.87,11706120000.0
2009-02-12,CSX,2.53,2.59,2.64,2.48,2.57,3707377,111868981.3471,2.53,0.93,399254080,399254000.0,5427658153.25,12061460000.0
2009-02-11,CSX,2.57,2.71,2.75,2.54,2.75,5277176,163999262.9435,2.6,1.32,399254080,399254000.0,5517490321.25,12261090000.0
2009-02-10,CSX,2.75,2.74,2.8,2.68,2.75,3928342,128611901.8406,2.74,0.98,399254080,399254000.0,5889396754.42,13087550000.0
2009-02-07,CSX,2.75,2.61,2.8,2.58,2.59,8016055,261811482.5729,2.74,2.01,399254080,399254000.0,5889396754.42,13087550000.0
2009-02-06,CSX,2.59,2.52,2.6,2.45,2.54,5350676,163198807.0029,2.55,1.34,399254080,399254000.0,5558812399.87,12352910000.0
2009-02-05,CSX,2.54,2.5,2.61,2.5,2.52,5039731,154467190.7001,2.57,1.26,399254080,399254000.0,5451015415.25,12113360000.0
2009-02-04,CSX,2.52,2.43,2.54,2.41,2.41,5482301,162884639.5287,2.49,1.37,399254080,399254000.0,5411489081.66,12025530000.0
2009-02-03,CSX,2.41,2.37,2.43,2.34,2.43,5580340,159573661.5739,2.39,1.4,399254080,399254000.0,5179720471.24,11510490000.0
2009-01-31,CSX,2.43,2.47,2.5,2.4,2.49,5675317,165114267.6078,2.44,1.42,399254080,399254000.0,5203077733.25,11562390000.0
2009-01-30,CSX,2.49,2.58,2.58,2.47,2.6,4818344,144186019.4652,2.51,1.22,394468960,394469000.0,5273851340.63,11719660000.0
2009-01-29,CSX,2.6,2.53,2.61,2.51,2.48,6614551,202949618.3036,2.57,1.68,394468960,394469000.0,5504616214.76,12232480000.0
2009-01-28,CSX,2.48,2.4,2.51,2.36,2.38,7295598,212909544.8618,2.44,1.85,394468960,394469000.0,5264975256.5,11699940000.0
2009-01-27,CSX,2.38,2.42,2.49,2.31,2.42,5789254,165833122.9375,2.4,1.47,394468960,394469000.0,5039538198.48,11198970000.0
2009-01-24,CSX,2.42,2.38,2.46,2.34,2.43,5230656,150162195.5136,2.4,1.33,394468960,394469000.0,5119417630.35,11376480000.0
2009-01-23,CSX,2.43,2.46,2.49,2.35,2.44,5939453,172093245.1965,2.43,1.51,394468960,394469000.0,5149594150.76,11443540000.0
2009-01-22,CSX,2.44,2.34,2.49,2.33,2.33,8890109,254576227.8626,2.4,2.25,394468960,394469000.0,5163795388.35,11475100000.0
2009-01-21,CSX,2.33,2.43,2.5,2.33,2.5,7158258,202157001.263,2.37,1.81,394468960,394469000.0,4949005797.05,10997790000.0
2009-01-17,CSX,2.5,2.57,2.61,2.44,2.53,4425715,132513820.2784,2.51,1.12,394468960,394469000.0,5295151776.92,11767000000.0
2009-01-16,CSX,2.53,2.53,2.58,2.37,2.52,7407488,218206003.6851,2.47,1.88,394468960,394469000.0,5357281703.18,11905070000.0
2009-01-15,CSX,2.52,2.61,2.61,2.48,2.65,8177676,247268389.212,2.53,2.07,394468960,394469000.0,5343080465.6,11873510000.0
2009-01-14,CSX,2.65,2.63,2.76,2.57,2.7,9042543,286085226.5009,2.65,2.29,394468960,394469000.0,5616449052.48,12480990000.0
2009-01-13,CSX,2.7,2.89,2.89,2.66,2.89,5764106,187407150.6234,2.72,1.46,394468960,394469000.0,5719402965.89,12709780000.0
2009-01-10,CSX,2.89,3.02,3.02,2.85,2.95,4894684,169446094.3228,2.9,1.24,394468960,394469000.0,6127679049.53,13617060000.0
2009-01-09,CSX,2.95,2.9,2.97,2.9,2.91,3722126,130362955.6554,2.93,0.94,394468960,394469000.0,6253712947.32,13897140000.0
2009-01-08,CSX,2.91,3.0,3.07,2.89,3.07,5210356,184741451.2357,2.97,1.32,394468960,394469000.0,6168508362.0,13707790000.0
2009-01-07,CSX,3.07,2.98,3.08,2.97,2.96,5150789,187170854.1092,3.04,1.31,394468960,394469000.0,6512877633.95,14473060000.0
2009-01-06,CSX,2.96,2.89,2.98,2.83,2.9,5183309,181722609.8764,2.94,1.31,394468960,394469000.0,6273239338.35,13940530000.0
2009-01-03,CSX,2.9,2.73,2.93,2.72,2.72,5415039,185057820.6668,2.86,1.37,394468960,394469000.0,6145431217.8,13656510000.0
2009-01-01,CSX,2.72,2.64,2.74,2.61,2.64,4889934,157702762.6777,2.7,1.24,394468960,394469000.0,5635696707.8,12808400000.0
2008-12-31,CSX,2.64,2.58,2.64,2.53,2.56,3667349,113348930.281,2.59,0.93,394468960,394469000.0,5474281397.9,12441540000.0
2008-12-30,CSX,2.56,2.63,2.63,2.51,2.64,4615602,140514151.751,2.55,1.17,394468960,394469000.0,5298980259.91,12043130000.0
2008-12-27,CSX,2.64,2.67,2.67,2.6,2.62,2262728,70812966.5376,2.62,0.57,394468960,394469000.0,5467339785.6,12425770000.0
2008-12-25,CSX,2.62,2.62,2.65,2.59,2.61,2181857,68469714.1687,2.63,0.55,394468960,394469000.0,5434361833.41,12350820000.0
2008-12-24,CSX,2.61,2.67,2.68,2.56,2.65,5237801,163397319.1066,2.61,1.33,394468960,394469000.0,5418738779.8,12315310000.0
2008-12-23,CSX,2.65,2.63,2.69,2.58,2.65,3916617,122575185.8726,2.62,0.99,394468960,394469000.0,5493373695.56,12484940000.0
2008-12-20,CSX,2.65,2.82,2.82,2.62,2.78,8011012,258218845.6528,2.7,2.03,394468960,394469000.0,5484694857.74,12465210000.0
2008-12-19,CSX,2.78,2.98,2.98,2.74,2.96,4858840,164735039.3984,2.84,1.23,394468960,394469000.0,5762402046.98,13096360000.0
2008-12-18,CSX,2.96,2.84,3.01,2.79,2.84,6110094,214308455.3424,2.94,1.55,394468960,394469000.0,6126889803.92,13924750000.0
2008-12-17,CSX,2.84,2.69,2.85,2.62,2.63,5948352,196026137.8093,2.76,1.51,394468960,394469000.0,5892576803.78,13392210000.0
2008-12-16,CSX,2.63,2.69,2.76,2.57,2.67,4585402,144150778.2798,2.63,1.16,394468960,394469000.0,5446510088.85,12378430000.0
2008-12-13,CSX,2.67,2.8,2.8,2.61,2.86,6650305,212767856.4282,2.68,1.69,394468960,394469000.0,5528086443.34,12563830000.0
2008-12-12,CSX,2.86,2.92,3.01,2.83,2.98,5021430,175578804.1727,2.93,1.27,394468960,394469000.0,5929024347.15,13475050000.0
2008-12-11,CSX,2.98,2.89,3.01,2.79,2.86,9375856,325060918.1441,2.9,2.38,394468960,394469000.0,6180695022.94,14047030000.0
2008-12-10,CSX,2.86,3.04,3.04,2.81,3.07,6499336,224976439.4435,2.9,1.65,394468960,394469000.0,5918610713.74,13451390000.0
2008-12-09,CSX,3.07,2.94,3.15,2.91,2.86,7886258,288704840.96,3.07,2.0,394468960,394469000.0,6369884245.38,14477000000.0
2008-12-06,CSX,2.86,2.71,2.88,2.65,2.78,6188621,204155087.6155,2.76,1.57,394468960,394469000.0,5927289551.56,13471110000.0
2008-12-05,CSX,2.78,2.85,2.94,2.73,2.89,6107844,206290531.5605,2.83,1.55,394468960,394469000.0,5769343659.28,13112140000.0
2008-12-04,CSX,2.89,2.78,2.91,2.73,2.85,5136625,173820785.7311,2.83,1.3,394468960,394469000.0,5994980425.1,13624950000.0
2008-12-03,CSX,2.85,2.88,2.91,2.74,2.83,5096192,171887926.0142,2.82,1.29,394468960,394469000.0,5906462458.31,13423770000.0
2008-12-02,CSX,2.83,3.04,3.04,2.82,3.12,7363633,257562887.075,2.93,1.87,394468960,394469000.0,5864805668.3,13329100000.0
2008-11-29,CSX,3.12,3.21,3.27,3.06,3.14,7642621,284832009.0033,3.12,1.94,394468960,394469000.0,7785710875.7,14690020000.0
2008-11-27,CSX,3.14,3.01,3.2,2.94,3.05,6324707,234566862.4953,3.11,1.6,394468960,394469000.0,7837978012.9,14788630000.0
2008-11-26,CSX,3.05,2.99,3.13,2.92,2.91,8830270,320307350.793,3.02,2.24,394468960,394469000.0,7651907004.46,14437560000.0
2008-11-25,CSX,2.91,2.86,2.99,2.75,2.81,8059145,278637660.9671,2.88,2.04,394468960,394469000.0,7304852586.25,13782730000.0
2008-11-22,CSX,2.81,2.71,2.82,2.58,2.64,13344250,429796808.2575,2.68,3.38,394468960,394469000.0,7045609467.35,13293600000.0
2008-11-21,CSX,2.64,2.72,2.82,2.55,2.73,11704297,379496509.3002,2.7,2.97,394468960,394469000.0,6642105704.69,12532270000.0
2008-11-20,CSX,2.73,2.98,2.99,2.69,3.0,10801958,359710515.9633,2.77,2.74,394468960,394469000.0,6849084613.35,12922800000.0
2008-11-19,CSX,3.0,3.13,3.21,2.93,3.13,9377746,340669064.3962,3.02,2.38,394468960,394469000.0,7526467756.8,14200880000.0
2008-11-18,CSX,3.13,3.19,3.24,3.06,3.23,8293762,314001713.2073,3.15,2.1,394468960,394469000.0,7856793346.01,14824130000.0
2008-11-15,CSX,3.23,3.46,3.49,3.23,3.52,7386516,297578339.3642,3.35,1.87,394468960,394469000.0,8116039600.94,15313280000.0
2008-11-14,CSX,3.52,3.41,3.55,3.21,3.46,11064915,446263413.2468,3.36,2.81,394468960,394469000.0,8851961728.99,16701810000.0
2008-11-13,CSX,3.46,3.58,3.64,3.43,3.65,6839996,287995918.0212,3.5,1.73,394468960,394469000.0,8684706262.74,16386230000.0
2008-11-12,CSX,3.65,3.56,3.74,3.47,3.61,6207262,267289617.8715,3.58,1.57,394468960,394469000.0,9163471776.01,17289570000.0
2008-11-08,CSX,3.56,3.58,3.61,3.44,3.55,6672887,282266403.1604,3.52,1.69,394468960,394469000.0,8941859741.49,16871430000.0
2008-11-07,CSX,3.55,3.66,3.73,3.51,3.71,7482215,324677970.2306,3.61,1.9,394468960,394469000.0,8918861992.05,16828040000.0
2008-11-06,CSX,3.71,3.85,3.95,3.7,3.9,7878711,363721363.0054,3.84,2.0,394468960,394469000.0,9305640061.75,17557810000.0
2008-11-01,CSX,3.81,3.75,3.94,3.67,3.75,5229524,240286639.4092,3.82,1.33,394468960,394469000.0,9558611124.18,18035110000.0
2008-10-31,CSX,3.75,3.77,3.85,3.66,3.61,5601418,252448605.0109,3.75,1.42,394468960,394469000.0,9418535614.62,17770820000.0
2008-10-30,CSX,3.61,3.59,3.93,3.5,3.59,7357559,328653279.9563,3.72,1.87,394468960,394469000.0,9061030277.79,17096280000.0
2008-10-29,CSX,3.59,3.52,3.61,3.3,3.38,8327344,343485410.9409,3.43,2.11,394468960,394469000.0,9017124419.06,17013440000.0
2008-10-25,CSX,3.53,3.36,3.67,3.33,3.64,4918856,209103470.685,3.54,1.25,394468960,394469000.0,8860323007.46,16717590000.0
2008-10-24,CSX,3.64,3.67,3.76,3.39,3.63,7368836,316648455.038,3.58,1.87,394468960,394469000.0,9144656442.9,17254070000.0
2008-10-23,CSX,3.63,3.79,3.79,3.45,3.75,7450090,321803627.7136,3.6,1.89,394468960,394469000.0,9107025567.59,17183060000.0
2008-10-22,CSX,3.75,3.78,3.89,3.68,3.79,4263059,194293130.0904,3.79,1.08,394468960,394469000.0,9422718030.94,17778710000.0
2008-10-21,CSX,3.79,3.75,3.82,3.58,3.61,4321238,194164009.15,3.74,1.1,394468960,394469000.0,9527252305.34,17975950000.0
2008-10-18,CSX,3.61,3.64,3.86,3.56,3.68,5881219,261954122.7794,3.71,1.49,394468960,394469000.0,9058937501.61,17092330000.0
2008-10-17,CSX,3.68,3.67,3.68,3.39,3.57,8273188,351738625.1357,3.54,2.1,394468960,394469000.0,9245008300.98,17443410000.0
2008-10-16,CSX,3.57,3.96,3.96,3.48,4.01,10057231,437375841.4463,3.62,2.55,394468960,394469000.0,8958585434.46,16902990000.0
2008-10-15,CSX,4.01,4.3,4.48,3.84,4.15,6209555,299677452.3598,4.02,1.57,394468960,394469000.0,10064559939.23,18989730000.0
2008-10-14,CSX,4.15,3.74,4.15,3.69,3.61,5189027,244486185.7539,3.92,1.32,394468960,394469000.0,10426247692.38,19672160000.0
2008-10-10,CSX,3.74,3.95,4.1,3.68,3.88,7058789,329934842.5314,3.89,1.79,394468960,394469000.0,9382994379.46,17703760000.0
2008-10-09,CSX,3.88,3.68,4.02,3.66,3.83,9821649,454295335.9891,3.85,2.49,394468960,394469000.0,9736320854.14,18370410000.0
2008-10-08,CSX,3.83,3.98,4.07,3.78,3.97,6766008,316973888.6559,3.9,1.72,394468960,394469000.0,9612971037.55,18137680000.0
2008-10-07,CSX,3.97,3.79,4.02,3.55,3.97,7473828,342588960.1444,3.82,1.89,394468960,394469000.0,9976748221.78,18824050000.0
2008-10-04,CSX,3.97,4.01,4.31,3.95,3.93,9278805,456852170.8605,4.1,2.35,394468960,394469000.0,9972569150.55,18816160000.0
2008-10-02,CSX,4.42,4.5,4.54,4.32,4.54,6215695,329442364.3873,4.41,1.58,394468960,394469000.0,11093176781.19,20930520000.0
2008-10-01,CSX,4.54,4.59,4.65,4.43,4.52,6225719,339783512.5706,4.54,1.58,394468960,394469000.0,11408869244.54,21526160000.0
2008-09-30,CSX,4.52,4.61,4.69,4.42,4.69,11804426,648736937.4936,4.57,2.99,394468960,394469000.0,11339876205.3,21395990000.0
2008-09-27,CSX,4.69,4.61,4.71,4.56,4.7,6764789,376878517.6919,4.64,1.71,394468960,394469000.0,11789375466.83,22244100000.0
2008-09-26,CSX,4.7,4.67,4.85,4.64,4.62,4388387,250085363.2489,4.74,1.08,407641920,407642000.0,12206837294.4,23031770000.0
2008-09-25,CSX,4.62,4.85,4.85,4.58,4.74,5414496,303584802.2874,4.67,1.33,407641920,407642000.0,11986465208.25,22615970000.0
2008-09-24,CSX,4.74,4.72,4.88,4.65,4.69,5090734,291835948.0373,4.77,1.25,407641920,407642000.0,12293256085.14,23194820000.0
2008-09-23,CSX,4.69,4.94,4.97,4.67,4.94,6115180,350474951.2167,4.77,1.5,407641920,407642000.0,12161465452.4,22946160000.0
2008-09-20,CSX,4.94,5.16,5.28,4.83,4.71,9787102,587911148.6303,5.0,2.4,407641920,407642000.0,12826900554.71,24201700000.0
2008-09-18,CSX,4.41,4.65,4.75,4.36,4.75,17700223,965180716.9332,4.54,4.34,407641920,407642000.0,11450661532.8,21605020000.0
2008-09-17,CSX,4.75,4.8,4.86,4.59,4.87,11870348,674408966.6477,4.73,2.91,407641920,407642000.0,12327824984.16,23260040000.0
2008-09-16,CSX,4.87,4.96,5.15,4.82,5.13,7117301,422866574.2974,4.95,1.75,407641920,407642000.0,12632453198.37,23834810000.0
2008-09-13,CSX,5.13,5.05,5.17,4.93,5.05,5454934,333105479.2508,5.08,1.34,407641920,407642000.0,13310850881.63,25114810000.0
2008-09-12,CSX,5.05,4.75,5.08,4.75,4.57,12170168,722767888.3962,4.94,2.99,407641920,407642000.0,13114247560.17,24743860000.0
2008-09-11,CSX,4.57,4.65,4.71,4.33,4.49,9694500,528761190.1605,4.54,2.38,407641920,407642000.0,11850352490.91,22359150000.0
2008-09-10,CSX,4.49,4.89,4.92,4.46,4.86,10622336,588170365.1556,4.61,2.61,407641920,407642000.0,11649427516.94,21980050000.0
2008-09-09,CSX,4.86,4.97,5.07,4.78,4.8,8601438,507351502.5081,4.91,2.11,407641920,407642000.0,12615172205.66,23802210000.0
2008-09-05,CSX,4.83,4.95,5.01,4.78,5.01,8652836,509425292.8326,4.9,2.12,407641920,407642000.0,12526590752.25,23635070000.0
2008-09-04,CSX,5.01,5.16,5.24,4.98,5.19,6936777,424046482.1241,5.09,1.7,407641920,407642000.0,12997578714.26,24523730000.0
2008-09-03,CSX,5.19,5.45,5.49,5.13,5.38,5389234,339877894.9181,5.25,1.32,407641920,407642000.0,13457766758.0,25392010000.0
2008-08-27,CSX,5.26,5.25,5.28,5.16,5.25,3256663,204971099.5303,5.22,0.8,407641920,407642000.0,14729040146.02,25840420000.0
2008-08-26,CSX,5.25,5.3,5.3,5.19,5.29,2126425,134427270.3111,5.24,0.52,407641920,407642000.0,14708125327.25,25803730000.0
2008-08-23,CSX,5.29,5.17,5.33,5.14,5.14,3346004,212886493.0964,5.28,0.82,407641920,407642000.0,14808040220.69,25979020000.0
2008-08-22,CSX,5.14,4.97,5.19,4.97,5.01,4032819,248828553.7715,5.12,0.99,407641920,407642000.0,14396769358.18,25257480000.0
2008-08-21,CSX,5.01,4.98,5.05,4.93,4.96,3653775,220057711.8898,5.0,0.9,407641920,407642000.0,14031972462.82,24617490000.0
2008-08-20,CSX,4.96,4.95,5.01,4.91,4.98,3551346,213061902.3527,4.98,0.87,407641920,407642000.0,13906498188.64,24397360000.0
2008-08-19,CSX,4.98,5.08,5.08,4.96,5.05,3714297,224760650.6388,5.02,0.91,407641920,407642000.0,13945998458.33,24466660000.0
2008-08-14,CSX,4.99,4.9,5.04,4.74,4.99,6302399,373240579.042,4.91,1.55,407641920,407642000.0,13971557606.71,24511500000.0
2008-08-13,CSX,4.99,5.35,5.35,4.94,5.35,9623266,584232222.3105,5.04,2.36,407641920,407642000.0,13978528051.19,24523730000.0
2008-08-12,CSX,5.35,5.44,5.53,5.31,5.44,7502641,489912636.3429,5.42,1.84,407641920,407642000.0,14973011046.87,26268440000.0
2008-08-09,CSX,5.44,5.25,5.46,5.18,5.24,3506214,227775565.0365,5.39,0.86,407641920,407642000.0,15244866978.6,26745380000.0
2008-08-08,CSX,5.24,5.39,5.39,5.21,5.39,4938918,315090097.5797,5.29,1.21,407641920,407642000.0,14680243781.7,25754810000.0
2008-08-07,CSX,5.39,5.48,5.51,5.36,5.5,4422953,287736932.3667,5.4,1.09,407641920,407642000.0,15091514644.21,26476340000.0
2008-08-06,CSX,5.5,5.34,5.51,5.34,5.35,4805141,314720825.6781,5.43,1.18,407641920,407642000.0,15398222798.33,27014420000.0
2008-08-05,CSX,5.35,5.49,5.49,5.34,5.49,3917176,254007671.6778,5.38,0.96,407641920,407642000.0,14989277585.96,26296980000.0
2008-08-02,CSX,5.49,5.67,5.67,5.44,5.61,5007996,332783768.0861,5.51,1.23,407641920,407642000.0,15374989300.09,26973660000.0
2008-08-01,CSX,5.61,5.65,5.77,5.59,5.7,6402227,438238769.9525,5.68,1.57,407641920,407642000.0,15702608322.93,27548430000.0
2008-07-31,CSX,5.7,5.39,5.7,5.37,5.38,8506113,574577708.8022,5.6,2.09,407641920,407642000.0,15953553153.59,27988680000.0
2008-07-29,CSX,5.13,5.24,5.3,5.12,5.25,3369896,210945329.3636,5.19,0.83,407641920,407642000.0,14364239765.32,25200420000.0
2008-07-26,CSX,5.25,5.3,5.35,5.17,5.28,2810375,177671311.7005,5.24,0.69,407641920,407642000.0,14717421654.23,25820040000.0
2008-07-25,CSX,5.28,5.41,5.52,5.24,5.4,4955234,320834543.7939,5.37,1.22,407641920,407642000.0,14777832792.64,25926020000.0
2008-07-24,CSX,5.4,5.23,5.41,5.21,5.19,4917281,316824284.7301,5.34,1.21,407641920,407642000.0,15112425977.64,26513020000.0
2008-07-22,CSX,5.14,5.08,5.15,5.04,5.05,2907509,179179856.3418,5.11,0.71,407641920,407642000.0,14385150866.39,25237100000.0
2008-07-19,CSX,5.05,5.07,5.1,4.95,5.06,4333992,262797668.1748,5.03,1.06,407641920,407642000.0,14145824527.51,24817230000.0
2008-07-18,CSX,5.06,5.13,5.16,4.99,5.1,4380063,267586791.2757,5.07,1.07,407641920,407642000.0,14173709558.4,24866150000.0
2008-07-16,CSX,4.8,4.94,4.95,4.63,5.01,8726102,501797069.7101,4.77,2.14,407641920,407642000.0,13451082726.82,23598390000.0
2008-07-15,CSX,5.01,5.08,5.18,4.95,5.03,3471416,210594118.1519,5.03,0.85,407641920,407642000.0,14022676135.84,24601180000.0
2008-07-12,CSX,5.03,4.92,5.13,4.76,4.97,4989297,299357291.1345,4.98,1.22,407641920,407642000.0,14085413389.1,24711250000.0
2008-07-11,CSX,4.97,4.84,5.01,4.78,4.85,4332520,258183908.7692,4.94,1.06,407641920,407642000.0,13920439077.59,24421820000.0
2008-07-10,CSX,4.85,5.06,5.1,4.84,5.04,3971741,237488612.766,4.96,0.97,407641920,407642000.0,13576553283.3,23818510000.0
2008-07-09,CSX,5.04,4.69,5.05,4.69,4.72,5880238,346710540.0339,4.89,1.44,407641920,407642000.0,14124913426.44,24780550000.0
2008-07-08,CSX,4.72,4.79,4.83,4.66,4.76,5495559,313939259.4695,4.74,1.35,407641920,407642000.0,13216400949.91,23186660000.0
2008-07-04,CSX,4.76,4.69,4.83,4.69,4.73,3823304,219470637.3637,4.76,0.94,407641920,407642000.0,13327930849.8,23382330000.0
2008-07-02,CSX,5.05,5.14,5.14,4.9,5.21,6752969,407983978.3606,5.01,1.66,407641920,407642000.0,14157443019.3,24837610000.0
2008-07-01,CSX,5.21,5.17,5.3,5.12,5.15,6692207,421258991.7285,5.22,1.64,407641920,407642000.0,25603988179.92,25603980000.0
2008-06-28,CSX,5.15,5.09,5.18,5.04,5.09,6968031,431713412.0773,5.14,1.71,407641920,407642000.0,25330868908.8,25330870000.0
2008-06-27,CSX,5.09,5.2,5.27,5.09,5.25,3493752,217034630.8103,5.15,0.86,404783680,404784000.0,24845618230.56,24845610000.0
2008-06-26,CSX,5.25,5.17,5.33,5.15,5.16,4334570,275240830.088,5.27,1.07,404783680,404784000.0,25594470467.27,25594460000.0
2008-06-25,CSX,5.16,5.3,5.3,5.12,5.31,5129301,321627115.4223,5.2,1.27,404783680,404784000.0,25193732600.15,25193730000.0
2008-06-24,CSX,5.31,5.41,5.43,5.3,5.38,2873109,184813868.4299,5.34,0.71,404783680,404784000.0,25922344438.5,25922340000.0
2008-06-21,CSX,5.38,5.47,5.49,5.34,5.5,4498676,292859718.3035,5.4,1.11,404783680,404784000.0,26242120712.21,26242120000.0
2008-06-19,CSX,5.33,5.25,5.41,5.23,5.26,9749152,627579197.9538,5.34,2.41,404783680,404784000.0,25991156854.53,25991150000.0
2008-06-18,CSX,5.26,5.44,5.44,5.26,5.4,4729113,302648079.9219,5.31,1.17,404783680,404784000.0,25651140182.47,25651140000.0
2008-06-17,CSX,5.4,5.36,5.45,5.31,5.43,3283614,213222118.6783,5.39,0.81,404783680,404784000.0,26363557030.56,26363550000.0
2008-06-14,CSX,5.43,5.4,5.5,5.35,5.35,4733551,309382517.1174,5.42,1.17,404783680,404784000.0,26480947940.82,26480950000.0
2008-06-13,CSX,5.35,5.29,5.46,5.29,5.28,5230856,339683900.5092,5.39,1.29,404783680,404784000.0,26120690465.62,26120690000.0
2008-06-12,CSX,5.28,5.5,5.51,5.19,5.5,8782285,564274009.8439,5.33,2.17,404783680,404784000.0,25744238404.95,25744230000.0
2008-06-11,CSX,5.5,5.5,5.54,5.43,5.55,3564513,235861319.3574,5.49,0.88,404783680,404784000.0,26825010425.76,26825010000.0
2008-06-10,CSX,5.55,5.44,5.59,5.44,5.43,3673511,244709050.7539,5.53,0.91,404783680,404784000.0,27075980355.2,27075980000.0
2008-06-07,CSX,5.43,5.51,5.61,5.43,5.57,4740199,313723842.1935,5.49,1.17,404783680,404784000.0,26476896056.18,26476890000.0
2008-06-06,CSX,5.57,5.36,5.57,5.36,5.36,3402515,226263821.1674,5.52,0.84,404783680,404784000.0,27189319380.82,27189320000.0
2008-06-05,CSX,5.36,5.41,5.45,5.32,5.43,5199863,337989987.4292,5.39,1.28,404783680,404784000.0,26177360180.82,26177360000.0
2008-06-04,CSX,5.43,5.56,5.61,5.37,5.68,7884391,519060997.094,5.46,1.95,404783680,404784000.0,26497136454.53,26497130000.0
2008-06-03,CSX,5.68,5.75,5.75,5.63,5.73,3091095,211814484.3429,5.68,0.76,404783680,404784000.0,27711487494.53,27711480000.0
2008-05-31,CSX,5.73,5.76,5.79,5.67,5.73,3315525,229204232.565,5.73,0.82,404783680,404784000.0,27954360131.23,27954360000.0
2008-05-30,CSX,5.73,5.64,5.78,5.59,5.64,4030620,276335240.3044,5.69,1.0,404783680,404784000.0,27942217025.62,27942210000.0
2008-05-29,CSX,5.64,5.61,5.67,5.56,5.58,3888260,262971943.4684,5.61,0.96,404783680,404784000.0,27525290240.0,27525290000.0
2008-05-28,CSX,5.58,5.52,5.59,5.46,5.52,4544981,304110523.5556,5.54,1.12,404783680,404784000.0,27278372195.2,27278370000.0
2008-05-23,CSX,5.59,5.7,5.7,5.53,5.7,4808051,325708846.7497,5.6,1.19,404783680,404784000.0,27343132726.6,27343130000.0
2008-05-22,CSX,5.7,5.65,5.85,5.61,5.6,8816379,610567747.9902,5.73,2.18,404783680,404784000.0,27869352724.95,27869350000.0
2008-05-21,CSX,5.6,5.56,5.63,5.47,5.54,6093574,411313740.5411,5.58,1.51,404783680,404784000.0,27411945142.63,27411940000.0
2008-05-20,CSX,5.54,5.44,5.7,5.41,5.42,9730024,658717701.4079,5.6,2.4,404783680,404784000.0,27096214681.8,27096210000.0
2008-05-17,CSX,5.42,5.46,5.5,5.36,5.43,4187359,273944558.8388,5.41,1.03,404783680,404784000.0,26529519958.5,26529520000.0
2008-05-16,CSX,5.43,5.42,5.44,5.33,5.41,3946462,257421378.242,5.4,0.97,404783680,404784000.0,26574046163.3,26574040000.0
2008-05-15,CSX,5.41,5.41,5.49,5.38,5.38,4123605,271475423.8892,5.45,1.02,404783680,404784000.0,26476896056.18,26476890000.0
2008-05-14,CSX,5.38,5.3,5.39,5.27,5.29,4034737,261207606.4726,5.36,1.0,404783680,404784000.0,26302841907.27,26302840000.0
2008-05-10,CSX,5.23,5.25,5.27,5.2,5.3,1867788,117963683.1271,5.23,0.46,404783680,404784000.0,25598516280.15,25598510000.0
2008-05-09,CSX,5.3,5.23,5.34,5.21,5.2,3235272,206346288.7439,5.28,0.8,404783680,404784000.0,25918298625.62,25918300000.0
2008-05-08,CSX,5.2,5.39,5.39,5.18,5.38,4519992,287858370.8753,5.27,1.12,404783680,404784000.0,25424462131.23,25424460000.0
2008-05-07,CSX,5.38,5.34,5.39,5.28,5.34,3612716,233934553.1942,5.36,0.89,404783680,404784000.0,26343316632.21,26343310000.0
2008-05-06,CSX,5.34,5.29,5.38,5.26,5.31,3065635,197327567.426,5.33,0.76,404783680,404784000.0,26116638985.76,26116630000.0
2008-05-03,CSX,5.31,5.39,5.42,5.21,5.34,5074692,326290480.8164,5.32,1.25,404783680,404784000.0,25962825235.2,25962820000.0
2008-05-02,CSX,5.34,5.24,5.38,5.2,5.21,4880098,311945614.5958,5.29,1.21,404783680,404784000.0,26128781686.6,26128780000.0
2008-04-30,CSX,5.12,5.15,5.21,5.08,5.14,4248524,263584368.3966,5.13,1.05,404783680,404784000.0,25072296281.8,25072290000.0
2008-04-29,CSX,5.14,5.15,5.21,5.08,5.12,4050515,252099132.2243,5.15,1.0,404783680,404784000.0,25128965592.21,25128960000.0
2008-04-26,CSX,5.12,5.06,5.15,5.04,5.03,4118442,254023402.1546,5.1,1.02,404783680,404784000.0,25072296281.8,25072290000.0
2008-04-23,CSX,5.02,4.98,5.09,4.93,5.01,3883551,235165677.3673,5.01,0.96,404783680,404784000.0,24554173576.18,24554170000.0
2008-04-19,CSX,5.07,4.97,5.08,4.93,4.87,5202512,315710778.1516,5.02,1.28,404888960,404889000.0,24795396266.4,24795390000.0
2008-04-18,CSX,4.87,4.93,4.98,4.83,4.95,8141945,480095478.1446,4.88,2.01,404888960,404889000.0,23856057118.31,23856050000.0
2008-04-16,CSX,4.78,4.76,4.8,4.69,4.72,4728547,270837894.4,4.74,1.17,404888960,404889000.0,23390431170.31,23390430000.0
2008-04-15,CSX,4.72,4.66,4.76,4.65,4.66,3548109,202623631.1694,4.72,0.88,404888960,404889000.0,23123202837.15,23123200000.0
2008-04-12,CSX,4.66,4.62,4.77,4.6,4.68,3774629,214228283.7722,4.7,0.93,404888960,404889000.0,22799296527.82,22799290000.0
2008-04-11,CSX,4.68,4.69,4.7,4.55,4.66,3735741,209458866.1405,4.64,0.92,404888960,404889000.0,22900518767.82,22900520000.0
2008-04-10,CSX,4.66,4.8,4.81,4.62,4.79,5584145,316829851.7706,4.69,1.38,404888960,404889000.0,22799296527.82,22799290000.0
2008-04-09,CSX,4.79,4.72,4.83,4.7,4.75,3508755,202431651.3327,4.77,0.87,404888960,404889000.0,23439021894.4,23439020000.0
2008-04-08,CSX,4.75,4.76,4.83,4.7,4.74,3147382,181366927.7985,4.77,0.78,404888960,404889000.0,23236577414.4,23236570000.0
2008-04-05,CSX,4.74,4.8,4.82,4.71,4.85,5374660,309691085.6241,4.77,1.33,404888960,404889000.0,23196086089.07,23196080000.0
2008-04-03,CSX,4.77,4.84,4.86,4.74,4.82,4473692,259174394.1623,4.79,1.1,404888960,404889000.0,23325647317.15,23325640000.0
2008-04-02,CSX,4.82,4.69,4.83,4.66,4.64,5390727,310602892.1138,4.77,1.33,404888960,404889000.0,23600975049.07,23600970000.0
2008-04-01,CSX,4.64,4.67,4.67,4.55,4.68,10677407,595297376.3743,4.61,2.64,404888960,404889000.0,22702121152.98,22702120000.0
2008-03-29,CSX,4.68,4.62,4.76,4.6,4.59,8055801,457860238.7139,4.7,1.99,404888960,404889000.0,22896465829.33,22896460000.0
2008-03-28,CSX,4.59,4.72,4.74,4.54,4.71,5043297,280772881.6263,4.61,1.25,403362880,403363000.0,22370502097.9,22370500000.0
2008-03-27,CSX,4.71,4.73,4.78,4.66,4.75,6942953,395713578.4632,4.72,1.72,403362880,403363000.0,22979577626.52,22979570000.0
2008-03-26,CSX,4.75,4.66,4.81,4.62,4.64,7756828,444698848.4012,4.74,1.92,403362880,403363000.0,23165127374.86,23165130000.0
2008-03-25,CSX,4.64,4.53,4.71,4.53,4.52,7530711,423580549.2581,4.65,1.87,403362880,403363000.0,22612522246.07,22612520000.0
2008-03-21,CSX,4.52,4.42,4.55,4.34,4.39,8084781,437502175.5357,4.48,2.0,403362880,403363000.0,22019578409.11,22019570000.0
2008-03-20,CSX,4.39,4.54,4.55,4.37,4.52,8579176,459420794.4314,4.43,2.13,403362880,403363000.0,21398395943.65,21398390000.0
2008-03-19,CSX,4.52,4.33,4.53,4.32,4.24,11424969,616282216.0324,4.46,2.83,403362880,403363000.0,22047810583.81,22047800000.0
2008-03-18,CSX,4.24,4.02,4.34,4.01,4.05,16166543,809418229.9871,4.14,4.01,403362880,403363000.0,20696548566.07,20696550000.0
2008-03-15,CSX,4.05,4.14,4.17,3.98,4.11,6225738,304476552.7503,4.05,1.54,403362880,403363000.0,19752674586.52,19752670000.0
2008-03-14,CSX,4.11,4.02,4.14,3.98,4.08,5191621,256007138.1036,4.08,1.29,403362880,403363000.0,20026964571.82,20026960000.0
2008-03-11,CSX,3.89,3.91,4.01,3.85,3.9,3619521,171612331.0754,3.92,0.9,403362880,403363000.0,18958055360.0,18958050000.0
2008-03-08,CSX,3.9,3.93,4.04,3.85,3.96,4405754,209078091.6345,3.93,1.09,403362880,403363000.0,18994356809.11,18994350000.0
2008-03-07,CSX,3.96,4.08,4.09,3.95,4.09,5217574,252755459.0394,4.01,1.29,403362880,403363000.0,19288810098.06,19288810000.0
2008-03-06,CSX,4.09,4.13,4.18,4.05,4.09,4802781,238683327.0789,4.11,1.19,403362880,403363000.0,19962425300.93,19962420000.0
2008-03-04,CSX,4.05,4.0,4.05,3.96,4.01,5081090,246454652.7139,4.01,1.26,403362880,403363000.0,19724442411.82,19724440000.0
2008-02-29,CSX,4.17,4.22,4.23,4.12,4.24,3496800,176240461.4064,4.17,0.87,403362880,403363000.0,20345618826.85,20345620000.0
2008-02-26,CSX,4.27,4.14,4.28,4.07,4.14,7604020,388257421.1699,4.21,1.89,403362880,403363000.0,20886129523.04,20886130000.0
2008-02-16,CSX,4.02,4.02,4.05,3.95,4.03,4798219,232855586.4056,4.0,1.19,403362880,403363000.0,19676040883.04,19676040000.0
2008-02-15,CSX,4.03,4.13,4.15,4.0,4.12,5540594,272278568.6173,4.05,1.32,420424960,420425000.0,20516733002.9,20516730000.0
2008-02-14,CSX,4.12,4.06,4.16,4.01,4.03,5517305,274404769.7108,4.1,1.31,420424960,420425000.0,20983405128.93,20983400000.0
2008-02-12,CSX,4.03,3.97,4.05,3.86,3.96,4624758,222872110.5072,3.98,1.1,420424960,420425000.0,20554576294.4,20554570000.0
2008-02-05,CSX,4.05,4.12,4.18,4.03,4.12,6389336,317002362.8221,4.09,1.52,420424960,420425000.0,20617637515.85,20617630000.0
2008-01-31,CSX,3.95,3.93,4.05,3.89,3.94,6080684,292055246.4393,3.96,1.45,420424960,420425000.0,20117330552.18,20117330000.0
2008-01-29,CSX,3.9,3.76,3.9,3.73,3.75,5732660,266117506.7274,3.83,1.36,420424960,420425000.0,19852460725.25,19852460000.0
2008-01-26,CSX,3.75,3.91,3.94,3.72,3.86,8339262,384174722.9543,3.8,1.98,420424960,420425000.0,19108313170.73,19108310000.0
2008-01-25,CSX,3.86,3.77,3.89,3.76,3.75,6452824,301528824.6255,3.85,1.53,420424960,420425000.0,19688495411.28,19688490000.0
2008-01-24,CSX,3.75,3.5,3.76,3.49,3.58,12804540,563605900.2895,3.63,3.05,420424960,420425000.0,19133537827.48,19133540000.0
2008-01-23,CSX,3.58,3.36,3.67,3.34,3.4,12462618,538195665.8064,3.56,2.96,420424960,420425000.0,18242239014.4,18242230000.0
2008-01-19,CSX,3.4,3.43,3.51,3.33,3.41,7609039,314492980.2104,3.41,1.81,420424960,420425000.0,17313096909.83,17313090000.0
2008-01-18,CSX,3.41,3.61,3.64,3.38,3.61,7028488,295701844.2872,3.47,1.67,420424960,420425000.0,17388770459.65,17388770000.0
2008-01-17,CSX,3.61,3.51,3.65,3.51,3.53,7599645,331221308.9556,3.6,1.81,420424960,420425000.0,18376771638.2,18376770000.0
2008-01-16,CSX,3.53,3.54,3.58,3.51,3.59,6989570,300033505.9777,3.54,1.66,420424960,420425000.0,18015205752.18,18015200000.0
2008-01-15,CSX,3.59,3.54,3.6,3.51,3.5,4438348,191598126.074,3.56,1.06,420424960,420425000.0,18288485760.0,18288480000.0
2008-01-12,CSX,3.5,3.53,3.57,3.46,3.59,6734969,286491357.0055,3.51,1.6,420424960,420425000.0,17859650619.1,17859640000.0
2008-01-11,CSX,3.59,3.4,3.63,3.4,3.43,8441188,363353376.9633,3.55,2.01,420424960,420425000.0,18271665398.2,18271660000.0
2008-01-10,CSX,3.43,3.34,3.43,3.33,3.33,8448914,346964732.9644,3.39,2.01,420424960,420425000.0,17460248168.38,17460250000.0
2008-01-09,CSX,3.33,3.37,3.44,3.32,3.35,7652203,314046365.2068,3.39,1.82,420424960,420425000.0,16955733171.28,16955730000.0
2008-01-08,CSX,3.35,3.39,3.42,3.29,3.36,5681645,229565650.353,3.33,1.35,420424960,420425000.0,17048227082.9,17048220000.0
2008-01-05,CSX,3.36,3.44,3.45,3.34,3.46,6683859,272603154.3695,3.36,1.59,420424960,420425000.0,17123906939.1,17123910000.0
2008-01-04,CSX,3.46,3.59,3.59,3.44,3.58,6049996,257378240.1325,3.51,1.44,420424960,420425000.0,17657848320.0,17657850000.0
2008-01-03,CSX,3.58,3.63,3.71,3.58,3.63,6397223,281488648.8958,3.63,1.52,420424960,420425000.0,18267463250.73,18267460000.0
2008-01-01,CSX,3.63,3.65,3.66,3.62,3.65,2167900,95626699.8589,3.64,0.52,420424960,420425000.0,18490288059.1,18490290000.0
2007-12-29,CSX,3.65,3.67,3.69,3.64,3.64,2808468,124740316.4843,3.66,0.67,420424960,420425000.0,18612208774.95,18612200000.0
2007-12-22,CSX,3.6,3.53,3.68,3.49,3.5,6746352,293732725.4405,3.59,1.6,420424960,420425000.0,18359957582.78,18359950000.0
2007-12-21,CSX,3.5,3.58,3.58,3.44,3.56,4984813,210147184.2601,3.48,1.19,420424960,420425000.0,17813403873.5,17813400000.0
2007-12-13,CSX,3.57,3.66,3.71,3.48,3.56,6033918,260762928.6307,3.57,1.44,420424960,420425000.0,18174969339.1,18174960000.0
2007-12-12,CSX,3.56,3.64,3.7,3.55,3.64,3720111,163335558.1369,3.62,0.88,420424960,420425000.0,18128722593.5,18128720000.0
2007-12-07,CSX,3.6,3.49,3.61,3.48,3.49,4361348,188151548.9661,3.56,1.04,420424960,420425000.0,18368361457.3,18368360000.0
2007-12-06,CSX,3.49,3.43,3.53,3.43,3.41,7708707,327103556.4223,3.5,1.83,420424960,420425000.0,17804993272.18,17804990000.0
2007-11-28,CSX,3.38,3.32,3.39,3.3,3.31,9353531,381880286.0747,3.36,2.22,420424960,420425000.0,15924183568.15,17308890000.0
2007-11-27,CSX,3.31,3.39,3.45,3.3,3.4,7698824,316468590.7323,3.38,1.83,420424960,420425000.0,15564464878.05,16917890000.0
2007-11-24,CSX,3.4,3.34,3.46,3.34,3.32,5037352,208765945.9363,3.41,1.2,420424960,420425000.0,15978333916.21,17367750000.0
2007-11-22,CSX,3.32,3.36,3.39,3.32,3.39,7701020,313670977.2169,3.35,1.83,420424960,420425000.0,15607011884.0,16964140000.0
2007-11-21,CSX,3.39,3.4,3.5,3.35,3.4,9301801,386999551.6412,3.42,2.21,420424960,420425000.0,15966730574.11,17355140000.0
2007-11-20,CSX,3.4,3.57,3.57,3.37,3.55,15550141,649888457.8758,3.44,3.7,420424960,420425000.0,16013143555.73,17405590000.0
2007-11-17,CSX,3.55,3.62,3.64,3.51,3.58,9345805,404766795.8584,3.56,2.22,420424960,420425000.0,16724837767.65,18179170000.0
2007-11-16,CSX,3.58,3.57,3.65,3.49,3.57,8658586,377845098.9266,3.59,2.06,420424960,420425000.0,16860216925.52,18326320000.0
2007-11-15,CSX,3.57,3.61,3.69,3.56,3.58,9651297,422128350.9756,3.6,2.3,420424960,420425000.0,16813797755.23,18275860000.0
2007-11-14,CSX,3.58,3.53,3.6,3.51,3.51,7175297,310506665.3215,3.56,1.71,420424960,420425000.0,16864082514.4,18330520000.0
2007-11-13,CSX,3.51,3.58,3.62,3.51,3.58,3963400,171896569.8758,3.56,0.94,420424960,420425000.0,16519838943.94,17956340000.0
2007-11-10,CSX,3.58,3.62,3.64,3.57,3.66,5918727,258837106.2666,3.59,1.41,420424960,420425000.0,16848613583.41,18313710000.0
2007-11-09,CSX,3.66,3.61,3.69,3.57,3.61,4735039,209138140.0897,3.63,1.13,420424960,420425000.0,17227667180.18,18725720000.0
2007-11-08,CSX,3.61,3.64,3.66,3.57,3.69,6331520,278072716.2554,3.61,1.51,420424960,420425000.0,16972383597.31,18448240000.0
2007-11-03,CSX,3.59,3.6,3.62,3.52,3.56,5609500,242904807.1905,3.56,1.33,420424960,420425000.0,16871820267.62,18338930000.0
2007-11-02,CSX,3.56,3.64,3.66,3.55,3.68,6950500,303659622.9945,3.59,1.65,420424960,420425000.0,16763519184.72,18221210000.0
2007-10-31,CSX,3.65,3.72,3.72,3.61,3.68,4223297,187613604.7164,3.65,1.0,420424960,420425000.0,17165779078.91,18658450000.0
2007-10-30,CSX,3.68,3.69,3.7,3.63,3.68,2860800,127402858.6176,3.66,0.68,420424960,420425000.0,17297286459.23,18801390000.0
2007-10-27,CSX,3.68,3.68,3.69,3.61,3.63,2765300,122853145.2141,3.65,0.66,420424960,420425000.0,17312761578.88,18818210000.0
2007-10-26,CSX,3.63,3.72,3.73,3.58,3.72,4275297,189112157.8806,3.64,1.02,420424960,420425000.0,17103890977.63,18591180000.0
2007-10-19,CSX,3.78,3.72,3.82,3.71,3.73,9059570,416557198.5669,3.78,2.15,420424960,420425000.0,17776909574.34,19322720000.0
2007-10-18,CSX,3.73,3.67,3.76,3.64,3.52,11063797,497855342.4928,3.7,2.63,420424960,420425000.0,17537101111.12,19062060000.0
2007-10-16,CSX,3.49,3.5,3.53,3.48,3.5,5592098,238528121.7726,3.51,1.33,420424960,420425000.0,16407672272.15,17834420000.0
2007-10-13,CSX,3.5,3.48,3.55,3.46,3.48,4209906,179675420.1552,3.51,1.0,420424960,420425000.0,16477291551.2,17910100000.0
2007-10-11,CSX,3.53,3.6,3.62,3.51,3.59,3527300,151725031.7408,3.54,0.84,420424960,420425000.0,16597195976.21,18040430000.0
2007-10-09,CSX,3.58,3.58,3.6,3.5,3.58,3945500,170350470.0495,3.55,0.94,420424960,420425000.0,16848613583.41,18313710000.0
2007-10-05,CSX,3.46,3.45,3.49,3.41,3.45,3296700,138625542.693,3.46,0.78,420424960,420425000.0,16272293114.29,17687270000.0
2007-10-04,CSX,3.45,3.45,3.48,3.42,3.54,6490598,272379807.8716,3.45,1.54,420424960,420425000.0,16218142379.44,17628410000.0
2007-10-02,CSX,3.58,3.5,3.61,3.49,3.51,5200699,225224014.0358,3.56,1.24,420424960,420425000.0,16848613583.41,18313710000.0
2007-09-29,CSX,3.51,3.53,3.54,3.47,3.51,4013300,171696992.5734,3.52,0.95,420424960,420425000.0,16527576310.37,17964750000.0
2007-09-28,CSX,3.51,3.42,3.53,3.41,3.41,6242297,263874971.8022,3.47,1.42,439010880,439011000.0,17233986305.74,18732590000.0
2007-09-26,CSX,3.34,3.3,3.35,3.27,3.33,4803922,193169037.5419,3.31,1.09,439010880,439011000.0,16430242763.3,17858960000.0
2007-09-25,CSX,3.33,3.33,3.38,3.31,3.31,7093098,288274106.9015,3.34,1.62,439010880,439011000.0,16353502853.69,17775540000.0
2007-09-22,CSX,3.31,3.34,3.35,3.31,3.32,5665500,229372787.133,3.33,1.29,439010880,439011000.0,16272726063.44,17687740000.0
2007-09-21,CSX,3.32,3.33,3.35,3.29,3.34,7156699,288748393.1497,3.32,1.63,439010880,439011000.0,16292921775.59,17709700000.0
2007-09-20,CSX,3.34,3.44,3.46,3.31,3.39,5647199,230106389.417,3.35,1.29,439010880,439011000.0,16406010574.39,17832620000.0
2007-09-19,CSX,3.39,3.22,3.4,3.2,3.21,8347000,335504292.812,3.3,1.9,439010880,439011000.0,16676616073.04,18126750000.0
2007-09-18,CSX,3.21,3.17,3.25,3.16,3.13,7583500,296391201.0325,3.21,1.73,439010880,439011000.0,15775942967.2,17147760000.0
2007-09-15,CSX,3.13,3.18,3.19,3.13,3.21,8398899,322756174.7415,3.16,1.91,439010880,439011000.0,15392242611.4,16730700000.0
2007-09-14,CSX,3.21,3.23,3.27,3.18,3.2,13318000,521968218.784,3.22,3.03,439010880,439011000.0,15788059263.59,17160930000.0
2007-09-13,CSX,3.2,3.18,3.26,3.17,3.21,4608098,179780796.1818,3.21,1.05,439010880,439011000.0,15719398769.74,17086300000.0
2007-09-12,CSX,3.21,3.24,3.26,3.15,3.23,9127098,355704886.7139,3.2,2.08,439010880,439011000.0,15775942967.2,17147760000.0
2007-09-11,CSX,3.23,3.32,3.33,3.19,3.3,8631000,340038959.4,3.24,1.97,439010880,439011000.0,15868836053.84,17248730000.0
2007-09-08,CSX,3.3,3.33,3.35,3.26,3.43,7100445,285464089.6421,3.3,1.62,439010880,439011000.0,16191949273.19,17599940000.0
2007-09-07,CSX,3.43,3.39,3.46,3.35,3.41,4461098,185250199.3742,3.41,1.02,439010880,439011000.0,16854328485.05,18319920000.0
2007-09-06,CSX,3.41,3.42,3.43,3.39,3.45,5439098,225499563.982,3.41,1.24,439010880,439011000.0,16765472279.05,18223340000.0
2007-09-05,CSX,3.45,3.37,3.48,3.36,3.37,6733699,280101576.2975,3.42,1.53,439010880,439011000.0,16971454164.49,18447230000.0
2007-09-01,CSX,3.37,3.37,3.41,3.32,3.29,8336797,341059165.6025,3.36,1.9,439010880,439011000.0,17999446080.0,17999440000.0
2007-08-31,CSX,3.29,3.36,3.42,3.28,3.41,7205797,292656887.8797,3.34,1.64,439010880,439011000.0,17560435200.0,17560430000.0
2007-08-30,CSX,3.41,3.38,3.42,3.35,3.35,7656399,316033947.1629,3.39,1.74,439010880,439011000.0,18218951520.0,18218950000.0
2007-08-29,CSX,3.35,3.51,3.52,3.35,3.52,8633899,359486967.5204,3.41,1.97,439010880,439011000.0,17977494218.97,17977490000.0
2007-08-28,CSX,3.52,3.54,3.56,3.49,3.53,3861100,166071664.039,3.52,0.88,439010880,439011000.0,18846734005.32,18846730000.0
2007-08-25,CSX,3.53,3.52,3.55,3.44,3.47,3563000,152324285.722,3.5,0.81,439010880,439011000.0,18912583003.26,18912580000.0
2007-08-24,CSX,3.47,3.61,3.65,3.44,3.59,4320699,184413007.0217,3.5,0.98,439010880,439011000.0,18614058677.93,18614050000.0
2007-08-18,CSX,3.4,3.5,3.52,3.3,3.41,10652122,440274497.1513,3.38,2.43,439010880,439011000.0,18240896795.87,18240890000.0
2007-08-17,CSX,3.41,3.42,3.47,3.21,3.46,19931590,817922693.035,3.36,4.54,439010880,439011000.0,18254066683.26,18254060000.0
2007-08-16,CSX,3.46,3.65,3.69,3.43,3.7,10305297,444444715.8195,3.53,2.35,439010880,439011000.0,18556985507.49,18556980000.0
2007-08-15,CSX,3.7,3.92,3.92,3.69,3.92,6987883,323619294.6393,3.79,1.59,439010880,439011000.0,19816951123.2,19816950000.0
2007-08-11,CSX,3.85,3.67,3.85,3.57,3.77,8028555,365148203.2662,3.72,1.83,439010880,439011000.0,20633511360.0,20633510000.0
2007-08-10,CSX,3.77,3.81,3.91,3.74,3.9,6456274,300718974.5545,3.81,1.47,439010880,439011000.0,20198888393.75,20198880000.0
2007-08-09,CSX,3.9,3.85,3.98,3.83,3.8,6294785,298972613.8835,3.89,1.43,439010880,439011000.0,20888131963.26,20888130000.0
2007-08-08,CSX,3.8,3.77,3.9,3.7,3.77,7591715,351387774.6501,3.79,1.73,439010880,439011000.0,20361320224.29,20361320000.0
2007-08-07,CSX,3.77,3.85,3.9,3.63,3.83,10642567,488778929.0274,3.76,2.42,439010880,439011000.0,20225228168.52,20225220000.0
2007-08-04,CSX,3.83,4.08,4.08,3.81,4.03,10054098,483156666.9881,3.94,2.29,439010880,439011000.0,20519364580.1,20519360000.0
2007-07-28,CSX,3.8,3.81,3.9,3.71,3.85,6979539,324723652.2154,3.81,1.59,439010880,439011000.0,20374490111.68,20374490000.0
2007-07-26,CSX,4.01,4.08,4.15,3.96,4.08,5471402,268640366.798,4.02,1.25,439010880,439011000.0,21515921033.75,21515920000.0
2007-07-21,CSX,4.16,4.13,4.18,4.08,4.2,4540399,229429962.0064,4.14,1.03,439010880,439011000.0,22284190073.75,22284190000.0
2007-07-20,CSX,4.2,4.24,4.25,4.12,4.18,4736399,241896896.0881,4.18,1.08,439010880,439011000.0,22503695513.75,22503690000.0
2007-07-18,CSX,3.97,4.0,4.07,3.97,3.99,4896953,239882105.3793,4.01,1.12,439010880,439011000.0,21300803507.49,21300800000.0
2007-07-17,CSX,3.99,3.93,4.02,3.92,3.95,6493758,316475185.8136,3.99,1.48,439010880,439011000.0,21401780400.0,21401780000.0
2007-07-14,CSX,3.95,3.92,3.97,3.78,3.92,4457496,212723686.4118,3.91,1.02,439010880,439011000.0,21173492986.36,21173490000.0
2007-07-13,CSX,3.92,3.92,3.93,3.83,3.88,4149277,196711795.3157,3.88,0.95,439010880,439011000.0,21033006431.68,21033000000.0
2007-07-11,CSX,3.75,3.82,3.82,3.74,3.83,5272899,242616597.1506,3.77,1.2,439010880,439011000.0,20119862923.26,20119860000.0
2007-07-10,CSX,3.83,3.81,3.9,3.81,3.8,4869199,229317312.8125,3.86,1.11,439010880,439011000.0,20523758640.0,20523760000.0
2007-07-06,CSX,3.78,3.8,3.81,3.76,3.81,3524300,162793718.4484,3.78,0.8,439010880,439011000.0,20242785530.65,20242780000.0
2007-07-04,CSX,3.81,3.81,3.84,3.8,3.8,1244500,57971908.805,3.81,0.28,439010880,439011000.0,20418393833.75,20418390000.0
2007-07-03,CSX,3.8,3.69,3.8,3.68,3.69,4530914,208214981.2302,3.76,1.03,439010880,439011000.0,20361320224.29,20361320000.0
2007-06-29,CSX,3.68,3.68,3.72,3.64,3.69,3701969,165932219.9825,3.67,0.85,437156960,437157000.0,19637090206.04,19637090000.0
2007-06-28,CSX,3.69,3.56,3.7,3.55,3.59,4954297,219269223.6647,3.62,1.13,437156960,437157000.0,19698291743.29,19698290000.0
2007-06-26,CSX,3.65,3.66,3.69,3.62,3.67,5455098,243644844.1773,3.66,1.25,437156960,437157000.0,19505941806.57,19505940000.0
2007-06-23,CSX,3.67,3.69,3.75,3.65,3.72,5849598,263598048.038,3.69,1.34,437156960,437157000.0,19580257615.46,19580250000.0
2007-06-22,CSX,3.72,3.62,3.72,3.59,3.61,4364918,195278133.6109,3.66,1.0,437156960,437157000.0,19833809526.57,19833800000.0
2007-06-21,CSX,3.61,3.72,3.72,3.61,3.69,4429699,197624761.7203,3.65,1.01,437156960,437157000.0,19291732273.23,19291730000.0
2007-06-20,CSX,3.69,3.66,3.7,3.59,3.66,3322283,148438923.372,3.66,0.76,437156960,437157000.0,19720144345.4,19720140000.0
2007-06-16,CSX,3.69,3.71,3.75,3.69,3.68,4912969,222767269.6504,3.71,1.12,437156960,437157000.0,19698291743.29,19698290000.0
2007-06-15,CSX,3.68,3.68,3.73,3.67,3.66,3553487,160307019.8688,3.69,0.81,437156960,437157000.0,19650204040.53,19650200000.0
2007-06-13,CSX,3.55,3.65,3.66,3.54,3.69,6826399,299078800.5375,3.59,1.56,437156960,437157000.0,18933267063.29,18933270000.0
2007-06-12,CSX,3.69,3.68,3.72,3.65,3.69,3643050,163996620.7859,3.69,0.83,437156960,437157000.0,19672063200.0,19672060000.0
2007-06-09,CSX,3.69,3.59,3.69,3.59,3.6,7006399,312341757.2141,3.65,1.6,437156960,437157000.0,19672063200.0,19672060000.0
2007-06-08,CSX,3.6,3.69,3.71,3.59,3.69,7351531,326465259.5296,3.64,1.68,437156960,437157000.0,19191187921.06,19191180000.0
2007-06-07,CSX,3.69,3.76,3.76,3.6,3.76,3667930,164981631.7595,3.68,0.84,437156960,437157000.0,19698291743.29,19698290000.0
2007-06-06,CSX,3.76,3.78,3.8,3.72,3.79,3577400,164189047.993,3.76,0.82,437156960,437157000.0,20078616112.7,20078610000.0
2007-06-05,CSX,3.79,3.78,3.82,3.75,3.78,3057250,141533517.713,3.79,0.7,437156960,437157000.0,20249107327.1,20249110000.0
2007-06-02,CSX,3.78,3.77,3.81,3.75,3.72,4228399,195277567.4652,3.78,0.97,437156960,437157000.0,20183536406.04,20183530000.0
2007-06-01,CSX,3.72,3.67,3.75,3.66,3.67,6440844,292543128.0392,3.72,1.47,437156960,437157000.0,19864407016.52,19864400000.0
2007-05-31,CSX,3.67,3.65,3.68,3.63,3.66,5570199,249265814.8089,3.66,1.27,437156960,437157000.0,19575888231.64,19575890000.0
2007-05-26,CSX,3.65,3.61,3.66,3.61,3.6,7273395,324929400.7509,3.65,1.66,437156960,437157000.0,19554029072.17,19554030000.0
2007-05-25,CSX,3.6,3.65,3.67,3.59,3.61,9957078,442068374.7972,3.63,2.28,437156960,437157000.0,19287363326.57,19287360000.0
2007-05-24,CSX,3.61,3.67,3.69,3.59,3.66,9595305,425599714.8938,3.62,2.19,437156960,437157000.0,19344195480.0,19344190000.0
2007-05-23,CSX,3.66,3.74,3.76,3.65,3.73,5517078,248323653.1946,3.68,1.26,437156960,437157000.0,19580257615.46,19580250000.0
2007-05-19,CSX,3.8,3.85,3.85,3.77,3.85,5297149,246431804.5412,3.8,1.21,437156960,437157000.0,20349651242.12,20349650000.0
2007-05-18,CSX,3.85,3.78,3.85,3.77,3.79,8670598,405714560.9218,3.82,1.98,437156960,437157000.0,20594458265.4,20594460000.0
2007-05-17,CSX,3.79,3.76,3.8,3.73,3.74,6161113,284368610.3157,3.77,1.41,437156960,437157000.0,20284080321.06,20284070000.0
2007-05-16,CSX,3.74,3.68,3.77,3.66,3.67,6355500,290517512.5335,3.73,1.45,437156960,437157000.0,19995555415.99,19995550000.0
2007-05-15,CSX,3.67,3.71,3.73,3.65,3.71,5184500,233505182.843,3.68,1.19,437156960,437157000.0,19623975934.4,19623970000.0
2007-05-12,CSX,3.71,3.71,3.74,3.69,3.68,5828699,264639802.8549,3.71,1.33,437156960,437157000.0,19842554414.4,19842550000.0
2007-05-11,CSX,3.68,3.78,3.78,3.65,3.79,5911684,268638667.4761,3.71,1.35,437156960,437157000.0,19720144345.4,19720140000.0
2007-05-10,CSX,3.79,3.8,3.82,3.74,3.8,5467836,253378415.7371,3.78,1.25,437156960,437157000.0,20266590545.4,20266590000.0
2007-05-09,CSX,3.8,3.83,3.87,3.73,3.75,14153141,659537757.6078,3.81,3.24,437156960,437157000.0,20327798640.0,20327800000.0
2007-05-05,CSX,3.76,3.72,3.77,3.7,3.7,6994883,320799967.6752,3.75,1.6,437156960,437157000.0,20113589543.82,20113590000.0
2007-05-04,CSX,3.7,3.68,3.71,3.61,3.59,7207617,325111082.557,3.68,1.65,437156960,437157000.0,19825064201.59,19825060000.0
2007-05-03,CSX,3.59,3.53,3.62,3.53,3.54,6130719,269597754.9531,3.59,1.4,437156960,437157000.0,19208671576.52,19208670000.0
2007-05-02,CSX,3.54,3.51,3.57,3.51,3.53,6059887,262425212.3813,3.54,1.39,437156960,437157000.0,18959495606.57,18959490000.0
2007-05-01,CSX,3.53,3.58,3.61,3.53,3.57,7784727,340857276.5996,3.58,1.78,437156960,437157000.0,18872065526.04,18872060000.0
2007-04-28,CSX,3.57,3.54,3.62,3.47,3.53,7092457,309369371.3718,3.56,1.62,437156960,437157000.0,19121241495.99,19121240000.0
2007-04-26,CSX,3.65,3.66,3.69,3.61,3.65,6569188,293898192.4597,3.65,1.5,437156960,437157000.0,19562773960.0,19562770000.0
2007-04-25,CSX,3.65,3.65,3.69,3.63,3.68,5677399,253808655.9705,3.65,1.3,437156960,437157000.0,19514686694.4,19514680000.0
2007-04-24,CSX,3.68,3.68,3.72,3.66,3.68,5368078,242895292.5753,3.7,1.23,437156960,437157000.0,19685177471.64,19685180000.0
2007-04-21,CSX,3.68,3.73,3.74,3.66,3.67,6958527,314343093.0755,3.69,1.59,437156960,437157000.0,19689546855.46,19689540000.0
2007-04-20,CSX,3.67,3.63,3.73,3.6,3.64,10942762,494808674.0688,3.69,2.5,437156960,437157000.0,19645828536.52,19645820000.0
2007-04-19,CSX,3.64,3.6,3.78,3.59,3.54,25784219,1160101423.9275,3.67,5.9,437156960,437157000.0,19479713263.29,19479710000.0
2007-04-18,CSX,3.54,3.53,3.54,3.5,3.54,5973410,257782502.5766,3.52,1.37,437156960,437157000.0,18942005393.76,18942000000.0
2007-04-17,CSX,3.54,3.46,3.54,3.46,3.47,10137137,435209491.74,3.51,2.32,437156960,437157000.0,18942005393.76,18942000000.0
2007-04-13,CSX,3.52,3.42,3.59,3.38,3.41,11937356,514583545.4052,3.52,2.73,437156960,437157000.0,18858951254.4,18858950000.0
2007-04-11,CSX,3.43,3.37,3.45,3.37,3.42,7870727,329753513.1838,3.42,1.8,437156960,437157000.0,18343102544.34,18343100000.0
2007-04-04,CSX,3.36,3.35,3.38,3.32,3.31,9490500,390169525.914,3.36,2.17,437156960,437157000.0,18006489936.52,18006480000.0
2007-04-03,CSX,3.31,3.25,3.31,3.24,3.27,6087297,244954633.1199,3.29,1.39,437156960,437157000.0,17696111992.17,17696110000.0
2007-03-31,CSX,3.27,3.26,3.31,3.21,3.26,9775453,393306416.691,3.29,2.24,437156960,437157000.0,17508131002.12,17508130000.0
2007-03-24,CSX,3.4,3.08,3.44,3.08,3.26,12305899,508551010.1411,3.38,2.82,436792960,436793000.0,18192424163.24,18192420000.0
2007-03-23,CSX,3.26,3.26,3.28,3.22,3.27,5988899,238737259.54,3.26,1.37,436792960,436793000.0,17419298876.87,17419300000.0
2007-03-20,CSX,3.26,3.14,3.27,3.12,3.28,9252000,366525372.348,3.24,2.12,436792960,436793000.0,17449877441.62,17449880000.0
2007-03-17,CSX,3.28,3.13,3.3,3.04,3.09,15308141,593135339.1343,3.16,3.5,436792960,436793000.0,17519759510.5,17519750000.0
2007-03-13,CSX,3.08,3.09,3.11,3.06,3.09,6217399,234894565.265,3.09,1.42,436792960,436793000.0,16488934240.0,16488930000.0
2007-03-10,CSX,3.09,3.1,3.12,3.07,3.08,6262098,236818738.4339,3.09,1.43,436792960,436793000.0,16532609604.86,16532610000.0
2007-03-09,CSX,3.08,3.05,3.09,3.04,3.02,6974399,261977885.0132,3.07,1.6,436792960,436793000.0,16458355675.25,16458350000.0
2007-03-06,CSX,2.9,2.92,2.97,2.9,2.95,5281399,189421035.1445,2.93,1.21,436792960,436793000.0,15497412473.63,15497410000.0
2007-03-03,CSX,2.95,2.99,3.04,2.95,3.01,6669098,243842870.4074,2.99,1.53,436792960,436793000.0,15798800926.41,15798800000.0
2007-03-02,CSX,3.01,2.99,3.06,2.92,3.07,10982219,405281187.6979,3.01,2.51,436792960,436793000.0,16078347984.01,16078340000.0
2007-03-01,CSX,3.07,3.1,3.11,3.04,3.05,6622297,249097642.0543,3.07,1.52,436792960,436793000.0,16432149408.03,16432150000.0
2007-02-27,CSX,3.21,3.28,3.28,3.21,3.29,7485547,296986023.1218,3.23,1.71,436792960,436793000.0,17235846707.26,17235840000.0
2007-02-22,CSX,3.33,3.22,3.34,3.21,3.29,7375399,299806215.2719,3.31,1.69,436792960,436793000.0,17851726528.03,17851720000.0
2007-02-21,CSX,3.29,3.3,3.32,3.27,3.31,8204898,331237459.2788,3.29,1.88,436792960,436793000.0,17655171006.41,17655170000.0
2007-02-16,CSX,3.32,3.38,3.4,3.32,3.43,9774899,401860721.1389,3.35,2.24,436792960,436793000.0,17808044611.27,17808040000.0
2007-02-15,CSX,3.43,3.2,3.46,3.18,3.21,16721211,686888753.8934,3.34,3.83,436792960,436793000.0,18388979684.86,18388980000.0
2007-02-10,CSX,3.02,3.02,3.03,2.98,3.0,7599797,280061616.407,3.0,1.74,436792960,436793000.0,16191911969.65,16191910000.0
2007-02-09,CSX,3.0,3.01,3.03,3.0,3.02,4645797,171987850.9365,3.01,1.06,436792960,436793000.0,16087079038.49,16087080000.0
2007-02-08,CSX,3.02,3.01,3.05,2.99,3.01,5683699,210790770.7594,3.02,1.3,436792960,436793000.0,16205014884.86,16205010000.0
2007-02-07,CSX,3.01,2.99,3.05,2.99,3.09,5249098,194574089.5738,3.02,1.2,436792960,436793000.0,16143864307.26,16143860000.0
2007-02-02,CSX,3.04,2.99,3.06,2.99,3.0,7116797,264966145.2027,3.03,1.63,436792960,436793000.0,16283641112.01,16283640000.0
2007-02-01,CSX,3.0,2.87,3.01,2.87,2.87,7767899,282177444.7923,2.96,1.78,436792960,436793000.0,16069610377.64,16069610000.0
2007-01-31,CSX,2.87,2.86,2.88,2.85,2.86,4310899,151856577.4211,2.87,0.99,435181920,435182000.0,15353217702.42,15353210000.0
2007-01-27,CSX,2.88,2.89,2.94,2.85,2.93,4499098,158783916.7651,2.87,1.03,435181920,435182000.0,15366272724.84,15366270000.0
2007-01-26,CSX,2.93,2.96,2.98,2.91,2.96,4078800,147098634.4872,2.94,0.94,435181920,435182000.0,15649138361.74,15649130000.0
2007-01-23,CSX,2.86,2.9,2.91,2.83,2.91,4163699,146149990.2716,2.86,0.96,435181920,435182000.0,15274881475.36,15274880000.0
2007-01-19,CSX,2.89,2.89,2.94,2.88,2.88,4165399,148554735.7858,2.9,0.96,435181920,435182000.0,15466362825.71,15466360000.0
2007-01-18,CSX,2.88,2.88,2.92,2.87,2.9,4524500,160576255.9815,2.89,1.04,435181920,435182000.0,15405437356.91,15405430000.0
2007-01-17,CSX,2.9,2.81,2.91,2.8,2.83,7564297,268107331.6727,2.89,1.74,435181920,435182000.0,15492472435.36,15492470000.0
2007-01-13,CSX,2.83,2.8,2.83,2.77,2.79,3225400,111302090.2984,2.81,0.74,435181920,435182000.0,15100811318.45,15100810000.0
2007-01-12,CSX,2.79,2.78,2.8,2.77,2.76,3410200,116471578.627,2.78,0.78,435181920,435182000.0,14909330403.29,14909330000.0
2007-01-11,CSX,2.76,2.85,2.85,2.73,2.79,3824800,129151256.64,2.75,0.88,435181920,435182000.0,14748315268.8,14748310000.0
2007-01-10,CSX,2.79,2.82,2.87,2.77,2.82,3493100,119727368.3021,2.79,0.8,435181920,435182000.0,14909330403.29,14909330000.0
2007-01-09,CSX,2.82,2.79,2.83,2.76,2.79,3533700,121840184.4141,2.81,0.81,435181920,435182000.0,15087756731.22,15087750000.0
2007-01-06,CSX,2.79,2.82,2.85,2.78,2.85,4574699,157464273.2488,2.8,1.05,435181920,435182000.0,14918035782.42,14918030000.0
2007-01-05,CSX,2.85,2.83,2.85,2.81,2.83,4089900,142150548.0015,2.83,0.94,435181920,435182000.0,15231367200.0,15231360000.0
2007-01-04,CSX,2.83,2.83,2.88,2.79,2.8,6356500,221987401.137,2.84,1.46,435181920,435182000.0,15118215984.16,15118210000.0
2006-12-30,CSX,2.8,2.83,2.86,2.8,2.84,2790000,96779787.84,2.82,0.64,435181920,435182000.0,14983310459.33,14983310000.0
2006-12-29,CSX,2.84,2.82,2.85,2.81,2.84,2070900,72354945.2301,2.84,0.48,435181920,435182000.0,15196552211.22,15196550000.0
2006-12-28,CSX,2.84,2.79,2.85,2.78,2.78,2755700,95397065.1016,2.82,0.63,435181920,435182000.0,15183497188.8,15183490000.0
2006-12-13,CSX,2.99,2.99,3.0,2.94,2.99,4003400,145887879.383,2.97,0.92,435181920,435182000.0,15953764400.2,15953760000.0
2006-12-05,CSX,2.98,2.94,2.98,2.94,2.94,4215000,153767364.42,2.97,0.97,435181920,435182000.0,15905893953.82,15905890000.0
2006-12-02,CSX,2.94,2.94,2.95,2.9,2.92,7227297,260327165.667,2.93,1.66,435181920,435182000.0,15692659164.84,15692660000.0
2006-12-01,CSX,2.92,2.88,3.0,2.87,2.88,8867098,319281969.1653,2.93,2.04,435181920,435182000.0,15605617558.65,15605610000.0
2006-11-30,CSX,2.88,2.86,2.92,2.85,2.85,5149500,182085223.1565,2.88,1.18,435181920,435182000.0,15383676955.36,15383670000.0
2006-11-25,CSX,2.95,2.98,2.98,2.94,2.99,1128800,40984228.8368,2.96,0.26,435181920,435182000.0,15762283049.85,15762280000.0
2006-11-23,CSX,2.99,2.97,3.0,2.91,2.98,3448300,125288111.4934,2.96,0.79,435181920,435182000.0,15997285203.29,15997280000.0
2006-11-22,CSX,2.98,2.94,2.99,2.94,2.96,3016000,110057124.424,2.97,0.69,435181920,435182000.0,15918948976.24,15918950000.0
2006-11-21,CSX,2.96,2.95,2.96,2.94,2.95,3026100,110068940.52,2.95,0.7,435181920,435182000.0,15858023942.62,15858020000.0
2006-11-10,CSX,2.99,3.0,3.03,2.98,2.99,3443800,127388548.5534,3.0,0.79,435181920,435182000.0,15997285203.29,15997280000.0
2006-11-08,CSX,2.97,2.91,2.99,2.91,2.93,4013000,146293862.831,2.96,0.92,435181920,435182000.0,15923305147.25,15923300000.0
2006-11-04,CSX,2.9,2.94,2.95,2.87,2.92,2522900,90227976.3484,2.9,0.58,435181920,435182000.0,15549048260.87,15549040000.0
2006-11-03,CSX,2.92,2.87,2.93,2.85,2.87,2694100,96192560.3136,2.9,0.62,435181920,435182000.0,15636083339.33,15636080000.0
2006-10-28,CSX,2.96,3.01,3.04,2.95,3.04,3495700,128486180.3758,2.98,0.8,435181920,435182000.0,15858023942.62,15858020000.0
2006-10-25,CSX,2.97,2.95,2.97,2.91,2.94,5696297,206296505.4334,2.94,1.31,435181920,435182000.0,15897195102.42,15897190000.0
2006-10-19,CSX,2.85,2.93,3.0,2.83,2.86,7116399,254501614.0517,2.9,1.64,435181920,435182000.0,15279231118.65,15279230000.0
2006-10-18,CSX,2.86,2.89,2.91,2.83,2.92,3986400,140156243.04,2.85,0.92,435181920,435182000.0,15331457300.87,15331450000.0
2006-10-14,CSX,2.82,2.78,2.83,2.77,2.78,2403500,83275025.9,2.81,0.55,435181920,435182000.0,15131271006.58,15131270000.0
2006-10-13,CSX,2.78,2.76,2.79,2.75,2.75,2161600,73895577.8288,2.78,0.5,435181920,435182000.0,14909330403.29,14909330000.0
2006-10-12,CSX,2.75,2.76,2.78,2.73,2.78,3875600,131306827.8572,2.75,0.89,435181920,435182000.0,14717849488.13,14717840000.0
2006-10-10,CSX,2.74,2.74,2.77,2.71,2.74,1690400,57020564.348,2.74,0.39,435181920,435182000.0,14669979041.74,14669980000.0
2006-10-06,CSX,2.77,2.73,2.78,2.7,2.74,4063600,137787329.72,2.75,0.93,435181920,435182000.0,14844049198.65,14844050000.0
2006-10-05,CSX,2.74,2.68,2.75,2.67,2.7,3945800,131796802.711,2.71,0.91,435181920,435182000.0,14691739443.29,14691730000.0
2006-09-29,CSX,2.65,2.65,2.67,2.64,2.64,4089800,133752798.751,2.66,0.92,443529760,443530000.0,14494549452.09,14494550000.0
2006-09-27,CSX,2.61,2.48,2.62,2.48,2.49,5629598,177980292.4706,2.57,1.27,443529760,443530000.0,14268351935.67,14268350000.0
2006-09-26,CSX,2.49,2.47,2.5,2.42,2.48,4527899,136853428.9907,2.45,1.02,443529760,443530000.0,13589751846.4,13589750000.0
2006-09-19,CSX,2.62,2.57,2.63,2.55,2.57,4176598,133961440.525,2.6,0.94,443529760,443530000.0,14326005925.64,14326000000.0
2006-09-15,CSX,2.61,2.58,2.63,2.57,2.58,4031900,129599724.3934,2.61,0.91,443529760,443530000.0,14263912202.77,14263910000.0
2006-09-14,CSX,2.58,2.52,2.6,2.51,2.5,5331797,169530334.5963,2.58,1.2,443529760,443530000.0,14099808409.22,14099800000.0
2006-09-09,CSX,2.46,2.45,2.49,2.45,2.46,3801700,115666676.8796,2.47,0.86,443529760,443530000.0,13438946405.64,13438940000.0
2006-09-08,CSX,2.46,2.41,2.47,2.41,2.43,3425700,103192679.6901,2.45,0.77,443529760,443530000.0,13430080689.27,13430080000.0
2006-09-07,CSX,2.43,2.44,2.46,2.42,2.44,3448200,103760431.0134,2.44,0.78,443529760,443530000.0,13274842612.09,13274840000.0
2006-09-01,CSX,2.45,2.44,2.47,2.42,2.42,2257400,68109338.2364,2.45,0.51,443529760,443530000.0,13403463137.78,13403460000.0
2006-08-30,CSX,2.43,2.45,2.45,2.39,2.44,2760700,82116715.0623,2.42,0.62,443529760,443530000.0,13248232157.08,13248230000.0
2006-08-26,CSX,2.41,2.33,2.42,2.32,2.37,3738300,109676862.21,2.38,0.84,443529760,443530000.0,13168393252.04,13168390000.0
2006-08-25,CSX,2.37,2.43,2.44,2.35,2.43,3948100,115418731.7114,2.37,0.89,443529760,443530000.0,12946628372.04,12946630000.0
2006-08-23,CSX,2.46,2.43,2.48,2.42,2.44,2354600,71635622.8286,2.46,0.53,443529760,443530000.0,13496607492.09,13496610000.0
2006-08-18,CSX,2.52,2.54,2.57,2.51,2.54,2671600,83546529.002,2.53,0.6,443529760,443530000.0,13802644357.08,13802640000.0
2006-08-16,CSX,2.49,2.44,2.49,2.41,2.4,2154800,131068269.9024,2.46,0.97,221764960,221765000.0,13623019940.45,13623020000.0
2006-08-12,CSX,2.38,2.43,2.43,2.37,2.42,1444800,85574616.8928,2.4,0.65,221764960,221765000.0,13068607540.45,13068600000.0
2006-08-11,CSX,2.42,2.39,2.43,2.38,2.4,2261500,134481678.2885,2.41,1.02,221764960,221765000.0,13281503454.4,13281500000.0
2006-08-08,CSX,2.5,2.5,2.53,2.48,2.51,2342700,145008899.0838,2.5,1.06,221764960,221765000.0,13674024994.19,13674020000.0
2006-08-04,CSX,2.55,2.44,2.56,2.43,2.46,3212200,199782117.2868,2.52,1.45,221764960,221765000.0,13960103566.71,13960100000.0
2006-08-03,CSX,2.46,2.42,2.47,2.42,2.42,2113800,127706472.0282,2.44,0.95,221764960,221765000.0,13501048547.15,13501050000.0
2006-07-28,CSX,2.43,2.41,2.46,2.41,2.39,4241399,254901247.0062,2.43,1.91,221764960,221765000.0,13301461413.74,13301460000.0
2006-07-22,CSX,2.51,2.57,2.57,2.47,2.56,3456600,214255930.3374,2.51,1.56,221764960,221765000.0,13736118961.22,13736120000.0
2006-07-20,CSX,2.67,2.57,2.69,2.54,2.65,6199098,402115030.2366,2.63,2.8,221764960,221765000.0,14625398446.71,14625390000.0
2006-07-19,CSX,2.65,2.59,2.66,2.55,2.58,2939100,188915613.7008,2.6,1.33,221764960,221765000.0,14507863461.44,14507860000.0
2006-07-15,CSX,2.61,2.61,2.62,2.54,2.61,2131600,135836418.8968,2.58,0.96,221764960,221765000.0,14299403733.74,14299400000.0
2006-07-08,CSX,2.72,2.77,2.78,2.69,2.77,2294700,154975515.4842,2.73,1.03,221764960,221765000.0,14931431873.86,14931430000.0
2006-07-04,CSX,2.86,2.86,2.88,2.84,2.85,1050600,74289392.6376,2.86,0.47,221764960,221765000.0,15649951674.85,15649950000.0
2006-07-01,CSX,2.85,2.83,2.86,2.8,2.8,3075400,215227225.146,2.83,1.39,221764960,221765000.0,15621121121.22,15621120000.0
2006-06-27,CSX,2.67,2.65,2.68,2.63,2.65,1212400,79634900.9064,2.66,0.55,221586080,221586000.0,14631328640.81,14631320000.0
2006-06-24,CSX,2.65,2.63,2.67,2.62,2.63,1636700,107264712.3262,2.65,0.74,221586080,221586000.0,14505023024.11,14505020000.0
2006-06-23,CSX,2.63,2.67,2.68,2.6,2.68,1805900,117307997.1269,2.63,0.81,221586080,221586000.0,14378720731.2,14378710000.0
2006-06-22,CSX,2.68,2.58,2.68,2.58,2.58,1731200,113525337.3952,2.65,0.78,221586080,221586000.0,14657917862.48,14657910000.0
2006-06-21,CSX,2.58,2.58,2.62,2.57,2.58,1364600,87436596.2586,2.59,0.62,221586080,221586000.0,14108385492.01,14108380000.0
2006-06-20,CSX,2.58,2.62,2.63,2.55,2.6,1497600,95411627.2512,2.58,0.68,221586080,221586000.0,14112814776.17,14112810000.0
2006-06-13,CSX,2.46,2.51,2.54,2.45,2.5,2017500,124400659.965,2.5,0.91,221586080,221586000.0,13470216473.68,13470210000.0
2006-06-09,CSX,2.55,2.55,2.58,2.45,2.56,3802100,234508163.2369,2.5,1.72,221586080,221586000.0,13970999684.97,13971000000.0
2006-06-08,CSX,2.56,2.63,2.64,2.55,2.63,2288900,147229573.9032,2.6,1.03,221586080,221586000.0,13990945091.2,13990940000.0
2006-06-03,CSX,2.78,2.73,2.79,2.73,2.71,2547100,173644199.6945,2.76,1.15,221586080,221586000.0,15200803093.73,15200800000.0
2006-05-27,CSX,2.72,2.73,2.74,2.71,2.71,1431600,96349809.4776,2.72,0.65,221586080,221586000.0,14919387885.78,14919380000.0
2006-05-26,CSX,2.71,2.69,2.72,2.68,2.66,1691900,112957818.7234,2.7,0.76,221586080,221586000.0,14819674814.54,14819670000.0
2006-05-24,CSX,2.69,2.73,2.77,2.69,2.69,2229800,150308581.5106,2.73,1.01,221586080,221586000.0,14728823635.39,14728820000.0
2006-05-18,CSX,2.75,2.86,2.86,2.72,2.86,2763300,190671833.8968,2.79,1.25,221586080,221586000.0,15087795522.44,15087790000.0
2006-05-16,CSX,2.87,2.85,2.88,2.82,2.86,2305300,162962085.7858,2.86,1.04,221586080,221586000.0,15752553762.44,15752550000.0
2006-05-13,CSX,2.86,2.95,2.95,2.84,2.95,2306600,164057840.7202,2.87,1.04,221586080,221586000.0,15670564475.39,15670560000.0
2006-05-11,CSX,2.99,2.94,3.01,2.94,2.94,1720800,127298738.8296,2.99,0.78,221586080,221586000.0,16397369920.0,16397370000.0
2006-05-09,CSX,2.96,2.99,3.01,2.95,3.0,2028400,149205633.4076,2.97,0.92,221586080,221586000.0,16248904365.78,16248900000.0
2006-05-06,CSX,3.0,2.99,3.02,2.98,2.98,1886900,140190054.5286,3.0,0.85,221586080,221586000.0,16439468616.17,16439460000.0
2006-05-05,CSX,2.98,2.98,3.0,2.96,2.96,2115300,156005249.1558,2.98,0.95,221586080,221586000.0,16335322715.39,16335320000.0
2006-05-04,CSX,2.96,2.91,2.97,2.91,2.9,2888100,210819710.0547,2.95,1.3,221586080,221586000.0,16215667783.3,16215660000.0
2006-05-03,CSX,2.9,2.83,2.91,2.83,2.84,3042300,215578263.3093,2.86,1.37,221586080,221586000.0,15932037822.48,15932040000.0
2006-04-29,CSX,2.77,2.74,2.77,2.72,2.73,1594300,108759938.2684,2.76,0.72,221586080,221586000.0,15176428624.93,15176430000.0
2006-04-27,CSX,2.78,2.73,2.78,2.73,2.72,2697500,184166118.0775,2.76,1.22,221586080,221586000.0,15242905113.68,15242900000.0
2006-04-26,CSX,2.72,2.76,2.76,2.69,2.76,3583700,241269696.1193,2.72,1.62,221586080,221586000.0,14948195184.11,14948190000.0
2006-04-25,CSX,2.76,2.74,2.77,2.74,2.75,2511100,171191224.1578,2.75,1.13,221586080,221586000.0,15134326604.97,15134320000.0
2006-04-22,CSX,2.75,2.76,2.77,2.74,2.76,3651700,249251873.9698,2.76,1.65,221586080,221586000.0,15085577445.78,15085570000.0
2006-04-21,CSX,2.76,2.81,2.81,2.74,2.78,3425500,234976622.2245,2.77,1.55,221586080,221586000.0,15118817352.06,15118820000.0
2006-04-13,CSX,2.62,2.6,2.62,2.58,2.59,1594200,102760198.2354,2.6,0.72,221586080,221586000.0,14374288123.26,14374290000.0
2006-04-06,CSX,2.55,2.52,2.56,2.52,2.52,1738100,109347326.3428,2.54,0.78,221586080,221586000.0,14004239591.24,14004240000.0
2006-04-05,CSX,2.52,2.47,2.52,2.47,2.48,2450100,152119821.7689,2.51,1.11,221586080,221586000.0,13849130000.0,13849130000.0
2006-04-04,CSX,2.48,2.46,2.5,2.45,2.42,2602100,160023909.3706,2.48,1.17,221586080,221586000.0,13629758672.87,13629750000.0
2006-04-01,CSX,2.42,2.42,2.44,2.4,2.42,1221700,73143174.1132,2.42,0.55,221586080,221586000.0,13250844924.97,13250840000.0
2006-03-31,CSX,2.42,2.42,2.44,2.41,2.42,2048800,122935160.556,2.42,0.93,219431200,219431000.0,13161482498.28,13161480000.0
2006-03-25,CSX,2.38,2.35,2.39,2.34,2.36,996100,58525754.8939,2.37,0.45,219431200,219431000.0,12948634014.84,12948630000.0
2006-03-23,CSX,2.39,2.33,2.39,2.33,2.37,1424000,83669539.376,2.37,0.65,219431200,219431000.0,12988130094.83,12988130000.0
2006-03-14,CSX,2.24,2.23,2.25,2.22,2.23,948500,52593555.7665,2.24,0.43,219431200,219431000.0,12195983243.39,12195980000.0
2006-03-11,CSX,2.23,2.21,2.23,2.2,2.21,1097600,60358336.7296,2.22,0.5,219431200,219431000.0,12121377513.12,12121380000.0
2006-03-10,CSX,2.21,2.19,2.22,2.18,2.19,1207700,65859380.9146,2.2,0.55,219431200,219431000.0,11980941545.12,11980940000.0
2006-03-07,CSX,2.24,2.28,2.28,2.23,2.28,1355600,75602066.8528,2.25,0.62,219431200,219431000.0,12189400526.83,12189400000.0
2006-03-03,CSX,2.27,2.27,2.28,2.25,2.28,1509000,84864786.81,2.27,0.69,219431200,219431000.0,12347391429.69,12347390000.0
2006-02-25,CSX,2.24,2.19,2.24,2.19,2.2,1418900,77967404.2721,2.22,0.65,219431360,219431000.0,12147717017.56,12147710000.0
2006-02-24,CSX,2.2,2.21,2.23,2.19,2.23,1327000,72596575.157,2.21,0.6,219431360,219431000.0,11952423107.16,11952420000.0
2006-02-18,CSX,2.19,2.18,2.19,2.17,2.19,1914800,103675482.6624,2.18,0.87,219431360,219431000.0,11943647388.78,11943640000.0
2006-02-17,CSX,2.19,2.2,2.2,2.17,2.2,1397200,75702247.8884,2.18,0.64,219431360,219431000.0,11941454391.77,11941450000.0
2006-02-07,CSX,2.12,2.09,2.12,2.08,2.09,898000,46992602.216,2.11,0.41,219431360,219431000.0,11531115334.82,11531110000.0
2006-01-14,CSX,2.05,2.01,2.05,2.01,2.04,1126400,57124134.7072,2.04,0.52,217238880,217239000.0,11031390109.16,11031390000.0
2006-01-13,CSX,2.04,2.06,2.06,2.03,2.07,1390300,70610549.4485,2.05,0.64,217238880,217239000.0,11003147968.57,11003140000.0
2006-01-06,CSX,2.0,2.0,2.01,1.97,2.01,1137000,56272739.415,1.99,0.52,217238880,217239000.0,10783738003.2,10783730000.0
2005-12-28,CSX,2.03,2.07,2.08,2.03,2.06,817500,41532184.1625,2.05,0.38,217238880,217239000.0,10970563440.0,10970560000.0
2005-12-20,CSX,1.96,1.98,1.98,1.96,1.99,829700,40575971.5533,1.97,0.38,217238880,217239000.0,10588221056.05,10588220000.0
2005-12-16,CSX,1.99,1.98,2.0,1.97,1.98,1197500,58952317.8675,1.98,0.55,217238880,217239000.0,10720736772.85,10720730000.0
2005-12-15,CSX,1.98,1.97,1.99,1.97,1.97,720200,35442332.5984,1.98,0.33,217238880,217239000.0,10696840496.05,10696840000.0
2005-12-14,CSX,1.97,1.96,1.98,1.95,1.97,1068200,52031263.578,1.96,0.49,217238880,217239000.0,10627325792.36,10627320000.0
2005-12-09,CSX,1.95,1.92,1.97,1.92,1.94,1334500,64442731.4275,1.95,0.61,217238880,217239000.0,10503497892.85,10503490000.0
2005-12-07,CSX,1.96,1.97,1.97,1.95,1.95,1393500,67824280.1085,1.96,0.64,217238880,217239000.0,10557807612.85,10557800000.0
2005-11-26,CSX,1.97,1.97,1.97,1.96,1.97,216700,10586444.4499,1.97,0.1,217238880,217239000.0,10625151231.17,10625150000.0
2005-11-18,CSX,1.92,1.88,1.93,1.88,1.86,1775200,84132579.0592,1.9,0.82,217238880,217239000.0,10405741048.57,10405740000.0
2005-11-04,CSX,1.89,1.87,1.89,1.87,1.87,1494100,70045786.6072,1.88,0.69,217238880,217239000.0,10192848032.36,10192840000.0
2005-11-03,CSX,1.87,1.84,1.87,1.83,1.85,1362900,62721329.9097,1.85,0.63,217238880,217239000.0,10095087712.26,10095090000.0
2005-11-02,CSX,1.85,1.83,1.85,1.83,1.84,1693900,77708334.9783,1.84,0.78,217238880,217239000.0,9986468272.26,9986465000.0
2005-11-01,CSX,1.84,1.79,1.85,1.79,1.79,1718600,78302323.8712,1.83,0.79,217238880,217239000.0,9951712658.32,9951707000.0
2005-10-28,CSX,1.77,1.78,1.79,1.76,1.79,1577000,69574705.761,1.77,0.73,217238880,217239000.0,9562853325.21,9562852000.0
2005-10-21,CSX,1.76,1.77,1.79,1.74,1.77,1502000,65943337.874,1.76,0.69,217238880,217239000.0,9502026656.05,9502023000.0
2005-10-13,CSX,1.75,1.78,1.78,1.73,1.77,1671900,72929266.0929,1.75,0.77,217238880,217239000.0,9478130162.01,9478125000.0
2005-10-11,CSX,1.78,1.81,1.81,1.77,1.81,849500,37791447.4025,1.79,0.39,217238880,217239000.0,9643233883.2,9643230000.0
2005-10-07,CSX,1.8,1.81,1.83,1.78,1.8,1156100,52050731.909,1.81,0.53,217238880,217239000.0,9734473778.32,9734469000.0
2005-10-06,CSX,1.8,1.85,1.86,1.8,1.86,1727000,78347078.546,1.82,0.79,217238880,217239000.0,9721439880.0,9721438000.0
2005-09-28,CSX,1.78,1.78,1.79,1.77,1.78,852700,37713460.3249,1.78,0.39,216959360,216959000.0,9600451680.0,9600449000.0
2005-09-27,CSX,1.78,1.8,1.81,1.77,1.79,890400,39546661.896,1.78,0.41,216959360,216959000.0,9587431514.89,9587430000.0
2005-09-16,CSX,1.78,1.78,1.79,1.78,1.77,842700,37375678.9965,1.78,0.39,216959360,216959000.0,9628654227.21,9628652000.0
2005-09-15,CSX,1.77,1.78,1.79,1.76,1.79,1759800,77656438.5618,1.77,0.81,216959360,216959000.0,9567905823.37,9567902000.0
2005-09-09,CSX,1.79,1.8,1.8,1.79,1.8,671600,30052819.2588,1.8,0.31,216959360,216959000.0,9685065830.4,9685063000.0
2005-09-08,CSX,1.8,1.79,1.8,1.78,1.79,1028900,45883373.651,1.79,0.47,216959360,216959000.0,9715439923.84,9715438000.0
2005-09-03,CSX,1.77,1.76,1.78,1.76,1.75,819400,36100786.7878,1.77,0.38,216959360,216959000.0,9550548857.61,9550547000.0
2005-09-02,CSX,1.75,1.77,1.77,1.74,1.77,1638200,71571313.2472,1.76,0.76,216959360,216959000.0,9463766415.36,9463762000.0
2005-09-01,CSX,1.77,1.8,1.81,1.76,1.8,2942700,129773043.5157,1.77,1.36,216959360,216959000.0,9531023166.08,9531020000.0
2005-08-30,CSX,1.83,1.83,1.84,1.82,1.85,914600,41683339.4956,1.83,0.42,216959360,216959000.0,9897685135.36,9897684000.0
2005-08-26,CSX,1.84,1.82,1.84,1.8,1.81,2580500,117534263.1645,1.83,1.19,216959360,216959000.0,9943244648.33,9943242000.0
2005-08-18,CSX,1.78,1.78,1.8,1.77,1.79,1030600,45851179.6352,1.78,0.48,216959360,216959000.0,9643842901.12,9643840000.0
2005-08-17,CSX,1.79,1.81,1.81,1.78,1.81,1116900,50056211.1717,1.8,0.51,216959360,216959000.0,9685065830.4,9685063000.0
2005-08-11,CSX,1.82,1.83,1.84,1.82,1.82,1000400,45760392.8384,1.83,0.46,216959360,216959000.0,9867310824.96,9867309000.0
2005-07-30,CSX,1.83,1.81,1.84,1.81,1.81,2532600,115526572.5474,1.83,1.17,216959360,216959000.0,9880327952.64,9880324000.0
2005-07-27,CSX,1.82,1.83,1.83,1.8,1.82,1471600,66851835.9704,1.82,0.68,216959360,216959000.0,9860802261.12,9860797000.0
2005-07-23,CSX,1.83,1.83,1.84,1.82,1.83,873200,39842535.508,1.83,0.4,216959360,216959000.0,9882496244.49,9882492000.0
2005-07-22,CSX,1.83,1.84,1.84,1.81,1.84,1877100,85598006.8887,1.83,0.87,216959360,216959000.0,9895513372.17,9895508000.0
2005-07-21,CSX,1.84,1.79,1.84,1.79,1.8,2159100,97930056.8808,1.82,1.0,216959360,216959000.0,9945416411.52,9945414000.0
2005-07-20,CSX,1.8,1.8,1.8,1.79,1.79,1121100,50317094.7267,1.8,0.52,216959360,216959000.0,9737133907.21,9737129000.0
2005-07-19,CSX,1.79,1.8,1.8,1.79,1.8,902200,40477552.1514,1.8,0.42,216959360,216959000.0,9702419541.77,9702414000.0
2005-07-16,CSX,1.8,1.79,1.8,1.78,1.77,2405800,107651365.4684,1.79,1.11,216959360,216959000.0,9730625343.37,9730621000.0
2005-07-15,CSX,1.77,1.76,1.77,1.76,1.76,1388900,61170347.6922,1.77,0.64,216959360,216959000.0,9552720403.84,9552719000.0
2005-07-14,CSX,1.76,1.76,1.77,1.76,1.76,1302700,57281927.0765,1.76,0.6,216959360,216959000.0,9524514602.24,9524512000.0
2005-07-13,CSX,1.76,1.76,1.77,1.74,1.76,1447300,63335584.76,1.75,0.67,216959360,216959000.0,9518006255.36,9518004000.0
2005-07-12,CSX,1.76,1.76,1.77,1.75,1.76,1016400,44708790.3108,1.76,0.47,216959360,216959000.0,9531023166.08,9531020000.0
2005-07-09,CSX,1.76,1.72,1.76,1.72,1.72,1386000,60482396.898,1.75,0.64,216959360,216959000.0,9544040293.77,9544035000.0
2005-07-08,CSX,1.72,1.71,1.72,1.7,1.74,1328600,56737318.274,1.71,0.61,216959360,216959000.0,9283689712.64,9283688000.0
2005-07-07,CSX,1.74,1.73,1.75,1.73,1.74,954200,41523439.529,1.74,0.44,216959360,216959000.0,9400846248.33,9400844000.0
2005-07-06,CSX,1.74,1.72,1.74,1.7,1.72,1244200,53357377.6496,1.72,0.57,216959360,216959000.0,9400846248.33,9400844000.0
2005-07-02,CSX,1.72,1.72,1.74,1.72,1.71,1063900,45822376.2049,1.73,0.49,216959360,216959000.0,9311895514.24,9311895000.0
2005-07-01,CSX,1.71,1.74,1.74,1.71,1.73,1240100,53374009.4085,1.73,0.57,216560960,216561000.0,9238488171.43,9238484000.0
2005-06-30,CSX,1.73,1.73,1.74,1.71,1.73,1351100,58315089.2134,1.73,0.62,216560960,216561000.0,9333775426.95,9333773000.0
2005-06-29,CSX,1.73,1.68,1.73,1.68,1.67,1292400,55232253.2484,1.71,0.6,216560960,216561000.0,9346768651.43,9346766000.0
2005-06-28,CSX,1.67,1.68,1.68,1.66,1.69,1105900,46032193.9328,1.67,0.51,216560960,216561000.0,9028423823.67,9028418000.0
2005-06-25,CSX,1.69,1.71,1.71,1.68,1.71,1171800,49451709.4974,1.69,0.54,216560960,216561000.0,9104221459.03,9104219000.0
2005-06-24,CSX,1.71,1.72,1.72,1.7,1.74,1581200,67472648.5788,1.71,0.73,216560960,216561000.0,9244984783.67,9244980000.0
2005-06-23,CSX,1.74,1.74,1.75,1.72,1.73,1366500,58956543.834,1.73,0.63,216560960,216561000.0,9374922659.03,9374922000.0
2005-06-22,CSX,1.73,1.75,1.76,1.73,1.75,1092600,47609375.2362,1.75,0.5,216560960,216561000.0,9370590573.59,9370586000.0
2005-06-21,CSX,1.75,1.76,1.76,1.74,1.77,1456400,63546651.1724,1.75,0.67,216560960,216561000.0,9455049131.43,9455047000.0
2005-06-18,CSX,1.77,1.76,1.77,1.75,1.75,1774000,78005950.138,1.76,0.82,216560960,216561000.0,9550336386.95,9550336000.0
2005-06-17,CSX,1.75,1.72,1.75,1.72,1.72,1324000,57376317.188,1.74,0.61,216560960,216561000.0,9431227209.27,9431227000.0
2005-06-16,CSX,1.72,1.7,1.72,1.7,1.7,1442100,61510596.4869,1.71,0.67,216560960,216561000.0,9279635186.95,9279633000.0
2005-06-15,CSX,1.7,1.69,1.7,1.68,1.69,1301200,55004966.5904,1.69,0.6,216560960,216561000.0,9182183404.63,9182180000.0
2005-06-14,CSX,1.69,1.66,1.7,1.66,1.66,977500,41049422.385,1.68,0.45,216560960,216561000.0,9112882381.51,9112879000.0
2005-06-11,CSX,1.66,1.67,1.68,1.65,1.66,1002100,41638955.5637,1.67,0.46,216560960,216561000.0,8982947754.56,8982941000.0
2005-06-10,CSX,1.66,1.65,1.67,1.64,1.65,1315200,54359567.5776,1.66,0.61,216560960,216561000.0,8989444366.8,8989441000.0
2005-06-09,CSX,1.65,1.71,1.71,1.65,1.7,1590500,66237788.045,1.67,0.73,216560960,216561000.0,8904985808.96,8904984000.0
2005-06-08,CSX,1.7,1.69,1.72,1.69,1.69,1279700,54575487.4715,1.71,0.59,216560960,216561000.0,9201673241.35,9201668000.0
2005-06-07,CSX,1.69,1.69,1.7,1.68,1.69,1037200,43669956.6028,1.69,0.48,216560960,216561000.0,9136704303.67,9136703000.0
2005-06-04,CSX,1.69,1.68,1.69,1.67,1.68,1148600,48049831.754,1.68,0.53,216560960,216561000.0,9110718071.27,9110715000.0
2005-06-03,CSX,1.68,1.68,1.69,1.68,1.68,1135400,47671693.503,1.68,0.52,216560960,216561000.0,9091228234.56,9091227000.0
2005-06-02,CSX,1.68,1.67,1.71,1.67,1.67,1747300,73166427.9689,1.68,0.81,216560960,216561000.0,9099889373.59,9099887000.0
2005-06-01,CSX,1.67,1.67,1.68,1.65,1.67,1912900,79634591.3055,1.67,0.88,216560960,216561000.0,9004601901.51,9004598000.0
2005-05-28,CSX,1.67,1.67,1.67,1.66,1.67,680400,28293275.9592,1.67,0.31,216560960,216561000.0,9000273064.48,9000270000.0
2005-05-27,CSX,1.67,1.66,1.68,1.66,1.66,1495800,62402815.0062,1.67,0.69,216560960,216561000.0,9034920219.35,9034918000.0
2005-05-26,CSX,1.66,1.66,1.67,1.65,1.67,1907900,79054590.1205,1.66,0.88,216560960,216561000.0,8956958273.75,8956953000.0
2005-05-25,CSX,1.67,1.69,1.69,1.66,1.69,1192700,49592214.3403,1.67,0.55,216560960,216561000.0,8998105289.27,8998102000.0
2005-05-24,CSX,1.69,1.69,1.7,1.68,1.68,1359700,57199311.6409,1.69,0.63,216560960,216561000.0,9102056932.24,9102051000.0
2005-05-21,CSX,1.68,1.69,1.7,1.68,1.68,1371400,57880755.7258,1.69,0.63,216560960,216561000.0,9112882381.51,9112879000.0
2005-05-20,CSX,1.68,1.69,1.69,1.66,1.68,965300,40469513.2758,1.68,0.45,216560960,216561000.0,9104221459.03,9104219000.0
2005-05-19,CSX,1.68,1.68,1.69,1.67,1.66,1515000,63753007.395,1.68,0.7,216560960,216561000.0,9106385769.27,9106383000.0
2005-05-18,CSX,1.66,1.63,1.66,1.61,1.63,1248800,51001978.552,1.63,0.58,216560960,216561000.0,8961290359.19,8961289000.0
2005-05-17,CSX,1.63,1.6,1.63,1.6,1.6,1588000,64214581.672,1.62,0.73,216560960,216561000.0,8807534026.64,8807531000.0
2005-05-14,CSX,1.6,1.62,1.64,1.58,1.61,1727600,69406309.2688,1.61,0.8,216560960,216561000.0,8638616694.4,8638613000.0
2005-05-13,CSX,1.61,1.66,1.67,1.6,1.67,1764500,72140523.8,1.64,0.81,216560960,216561000.0,8736068476.72,8736066000.0
2005-05-12,CSX,1.67,1.65,1.67,1.63,1.64,1714200,70803476.2206,1.65,0.79,216560960,216561000.0,9017598374.4,9017594000.0
2005-05-11,CSX,1.64,1.67,1.67,1.63,1.67,1217400,50005555.9626,1.64,0.56,216560960,216561000.0,8859506491.43,8859504000.0
2005-05-10,CSX,1.67,1.66,1.67,1.65,1.65,1059700,44126959.2224,1.67,0.49,216560960,216561000.0,9034920219.35,9034918000.0
2005-05-07,CSX,1.65,1.66,1.66,1.64,1.65,775300,32017171.7982,1.65,0.36,216560960,216561000.0,8954793746.95,8954789000.0
2005-05-06,CSX,1.65,1.66,1.67,1.64,1.66,917000,37958841.781,1.66,0.42,216560960,216561000.0,8956958273.75,8956953000.0
2005-05-05,CSX,1.66,1.65,1.66,1.63,1.63,1690700,69658848.5516,1.65,0.78,216560960,216561000.0,8978615669.11,8978613000.0
2005-05-04,CSX,1.63,1.65,1.65,1.62,1.65,1578000,64491264.642,1.63,0.73,216560960,216561000.0,8829188173.59,8829184000.0
2005-05-03,CSX,1.65,1.61,1.65,1.61,1.61,2398900,98297321.6022,1.64,1.11,216560960,216561000.0,8920143343.67,8920141000.0
2005-04-30,CSX,1.61,1.6,1.61,1.57,1.59,1567600,62503339.362,1.59,0.72,216560960,216561000.0,8690589159.19,8690586000.0
2005-04-29,CSX,1.59,1.57,1.62,1.57,1.57,2651200,106061754.4256,1.6,1.22,216560960,216561000.0,8625620221.51,8625617000.0
2005-04-28,CSX,1.57,1.57,1.58,1.54,1.57,1383200,54072596.6144,1.56,0.64,216560960,216561000.0,8521671826.95,8521668000.0
2005-04-27,CSX,1.57,1.61,1.61,1.57,1.61,1064600,42329871.4632,1.59,0.49,216560960,216561000.0,8515175431.27,8515172000.0
2005-04-26,CSX,1.61,1.59,1.61,1.58,1.58,753100,30229882.0945,1.61,0.35,216560960,216561000.0,8718743166.8,8718742000.0
2005-04-23,CSX,1.58,1.61,1.61,1.57,1.61,956700,38106691.7697,1.59,0.44,216560960,216561000.0,8573647756.72,8573645000.0
2005-04-22,CSX,1.61,1.59,1.61,1.58,1.56,1216800,48572816.1984,1.6,0.56,216560960,216561000.0,8694921244.63,8694918000.0
2005-04-21,CSX,1.56,1.58,1.59,1.56,1.58,888600,34871855.8512,1.57,0.41,216560960,216561000.0,8445877440.0,8445875000.0
2005-04-20,CSX,1.58,1.56,1.59,1.56,1.55,1243800,49087549.602,1.58,0.57,216560960,216561000.0,8567151144.48,8567148000.0
2005-04-19,CSX,1.55,1.54,1.56,1.52,1.53,1190500,45980429.114,1.54,0.55,216560960,216561000.0,8396066253.59,8396063000.0
2005-04-16,CSX,1.53,1.55,1.59,1.52,1.57,1853400,71989190.0994,1.55,0.86,216560960,216561000.0,8276956859.35,8276953000.0
2005-04-15,CSX,1.57,1.63,1.63,1.54,1.63,3834400,150518984.7256,1.57,1.77,216560960,216561000.0,8478360284.63,8478355000.0
2005-04-14,CSX,1.63,1.68,1.68,1.62,1.68,1949700,80204202.5433,1.65,0.9,216560960,216561000.0,8803201724.63,8803199000.0
2005-04-13,CSX,1.68,1.68,1.69,1.64,1.69,1746200,72488402.827,1.66,0.81,216560960,216561000.0,9106385769.27,9106383000.0
2005-04-12,CSX,1.69,1.67,1.69,1.66,1.66,951700,39952740.0181,1.68,0.44,216560960,216561000.0,9145368474.56,9145363000.0
2005-04-09,CSX,1.66,1.71,1.71,1.65,1.71,2266800,94807762.9992,1.67,1.05,216560960,216561000.0,8995940979.03,8995938000.0
2005-04-08,CSX,1.71,1.69,1.71,1.69,1.7,646400,27485700.448,1.7,0.3,216560960,216561000.0,9249316869.11,9249313000.0
2005-04-07,CSX,1.7,1.69,1.71,1.68,1.69,720700,30583617.993,1.7,0.33,216560960,216561000.0,9177851319.19,9177848000.0
2005-04-06,CSX,1.69,1.7,1.71,1.68,1.7,983900,41654178.8615,1.69,0.45,216560960,216561000.0,9175687008.96,9175684000.0
2005-04-05,CSX,1.7,1.67,1.7,1.67,1.67,1414200,59929120.6548,1.7,0.65,216560960,216561000.0,9199508714.56,9199508000.0
2005-04-02,CSX,1.67,1.68,1.7,1.66,1.67,1481100,62021198.7612,1.68,0.68,216560960,216561000.0,9054413304.48,9054410000.0
2005-04-01,CSX,1.67,1.66,1.67,1.65,1.66,1135800,47215318.4442,1.66,0.53,215619680,215620000.0,8980558378.28,8980555000.0
2005-03-31,CSX,1.66,1.64,1.67,1.64,1.65,1751100,72716528.82,1.66,0.81,215619680,215620000.0,8974090219.12,8974086000.0
2005-03-30,CSX,1.65,1.69,1.7,1.64,1.69,2673500,111386260.421,1.67,1.24,215619680,215620000.0,8870593635.2,8870590000.0
2005-03-29,CSX,1.69,1.72,1.72,1.68,1.71,1403800,59616282.1982,1.7,0.65,215619680,215620000.0,9118554973.48,9118551000.0
2005-03-25,CSX,1.71,1.71,1.73,1.7,1.7,1186200,50789165.9814,1.71,0.55,215619680,215620000.0,9213428063.92,9213426000.0
2005-03-24,CSX,1.7,1.72,1.72,1.7,1.72,1333100,56867366.469,1.71,0.62,215619680,215620000.0,9172459893.48,9172457000.0
2005-03-23,CSX,1.72,1.72,1.74,1.71,1.69,2565700,110690170.8873,1.73,1.19,215619680,215620000.0,9260864609.14,9260863000.0
2005-03-22,CSX,1.69,1.71,1.72,1.69,1.71,1183000,50332268.168,1.7,0.55,215619680,215620000.0,9131491507.42,9131488000.0
2005-03-19,CSX,1.71,1.7,1.71,1.7,1.7,1749600,74596110.0624,1.71,0.81,215619680,215620000.0,9198333176.98,9198328000.0
2005-03-18,CSX,1.7,1.68,1.71,1.66,1.68,2470500,104860355.2065,1.7,1.15,215619680,215620000.0,9172459893.48,9172457000.0
2005-03-17,CSX,1.68,1.7,1.7,1.68,1.71,1300800,54794235.792,1.68,0.6,215619680,215620000.0,9053868422.62,9053867000.0
2005-03-16,CSX,1.71,1.72,1.73,1.71,1.71,586700,25212783.0231,1.72,0.27,215619680,215620000.0,9217741320.0,9217738000.0
2005-03-15,CSX,1.71,1.71,1.72,1.69,1.7,1152500,49133948.1825,1.71,0.53,215619680,215620000.0,9234988091.34,9234984000.0
2005-03-12,CSX,1.7,1.7,1.72,1.7,1.7,545000,23240047.505,1.71,0.25,215619680,215620000.0,9163836400.0,9163832000.0
2005-03-11,CSX,1.7,1.71,1.71,1.69,1.7,1030100,43745975.7098,1.7,0.48,215619680,215620000.0,9170304774.78,9170301000.0
2005-03-10,CSX,1.7,1.73,1.73,1.7,1.73,1171800,50191701.1974,1.71,0.54,215619680,215620000.0,9176773149.56,9176770000.0
2005-03-09,CSX,1.73,1.72,1.74,1.72,1.73,1282000,55337638.97,1.73,0.59,215619680,215620000.0,9340643028.26,9340641000.0
2005-03-08,CSX,1.73,1.72,1.74,1.71,1.72,1366400,59106620.3168,1.73,0.63,215619680,215620000.0,9334174653.48,9334172000.0
2005-03-05,CSX,1.72,1.7,1.73,1.7,1.69,1974200,84853879.88,1.72,0.92,215619680,215620000.0,9275956477.4,9275953000.0
2005-03-04,CSX,1.69,1.68,1.7,1.68,1.68,1531100,64777451.1446,1.69,0.71,215619680,215620000.0,9131491507.42,9131488000.0
2005-03-03,CSX,1.68,1.66,1.68,1.65,1.67,1014600,42311448.8286,1.67,0.47,215619680,215620000.0,9032308395.2,9032305000.0
2005-03-02,CSX,1.67,1.65,1.68,1.65,1.65,1395600,58297413.5064,1.67,0.65,215619680,215620000.0,9002121640.0,9002117000.0
2005-03-01,CSX,1.65,1.67,1.68,1.65,1.68,1297300,53859210.1524,1.66,0.6,215619680,215620000.0,8907248549.56,8907242000.0
2005-02-26,CSX,1.68,1.66,1.68,1.66,1.66,1832400,76396955.8608,1.67,0.85,214828960,214829000.0,9003479350.48,9003477000.0
2005-02-25,CSX,1.66,1.63,1.67,1.62,1.63,1993300,81761161.4603,1.64,0.93,214828960,214829000.0,8939030017.99,8939027000.0
2005-02-24,CSX,1.63,1.58,1.63,1.58,1.57,1981700,80069982.0998,1.62,0.92,214828960,214829000.0,8739240589.0,8739238000.0
2005-02-23,CSX,1.57,1.61,1.61,1.56,1.61,1139700,45150126.1203,1.58,0.53,214828960,214829000.0,8442775550.05,8442773000.0
2005-02-19,CSX,1.61,1.58,1.61,1.58,1.58,1658400,66438157.44,1.6,0.77,214828960,214829000.0,8653310293.97,8653309000.0
2005-02-18,CSX,1.58,1.58,1.61,1.57,1.58,1112800,44277524.1376,1.59,0.52,214828960,214829000.0,8498633227.94,8498629000.0
2005-02-17,CSX,1.58,1.59,1.59,1.57,1.59,530000,20919521.35,1.57,0.25,214828960,214829000.0,8490038350.91,8490035000.0
2005-02-16,CSX,1.59,1.58,1.6,1.58,1.58,993200,39531243.1072,1.59,0.46,214828960,214829000.0,8578118869.0,8578113000.0
2005-02-15,CSX,1.58,1.59,1.6,1.58,1.59,975300,38683706.2176,1.58,0.45,214828960,214829000.0,8481446481.48,8481445000.0
2005-02-12,CSX,1.59,1.56,1.59,1.56,1.56,974800,38571950.8816,1.58,0.45,214828960,214829000.0,8560932122.54,8560930000.0
2005-02-11,CSX,1.56,1.56,1.57,1.55,1.55,470000,18398331.42,1.56,0.22,214828960,214829000.0,8410552495.03,8410551000.0
2005-02-10,CSX,1.55,1.55,1.57,1.55,1.55,1104100,43121729.6,1.56,0.51,214828960,214829000.0,8369734562.97,8369730000.0
2005-02-09,CSX,1.55,1.57,1.57,1.55,1.57,1088300,42475583.9251,1.56,0.51,214828960,214829000.0,8369734562.97,8369730000.0
2005-02-08,CSX,1.57,1.57,1.59,1.57,1.57,765000,30246484.32,1.58,0.36,214828960,214829000.0,8453517642.54,8453516000.0
2005-02-05,CSX,1.57,1.58,1.58,1.57,1.57,1181200,46535614.7364,1.57,0.55,214828960,214829000.0,8475001827.51,8475000000.0
2005-02-04,CSX,1.57,1.58,1.59,1.56,1.58,1006900,39719989.82,1.57,0.47,214828960,214829000.0,8451370641.91,8451367000.0
2005-02-03,CSX,1.58,1.6,1.61,1.57,1.6,1503200,59612996.164,1.58,0.7,214828960,214829000.0,8492188573.97,8492188000.0
2005-02-02,CSX,1.6,1.62,1.62,1.6,1.59,1051200,42321403.4544,1.61,0.49,214828960,214829000.0,8593158400.0,8593156000.0
2005-02-01,CSX,1.59,1.57,1.6,1.56,1.56,1828900,72669305.9343,1.59,0.85,214828960,214829000.0,8586710523.59,8586707000.0
2005-01-29,CSX,1.56,1.55,1.56,1.54,1.55,1374600,53316865.8756,1.55,0.64,214828960,214829000.0,8391218747.94,8391215000.0
2005-01-28,CSX,1.55,1.53,1.56,1.52,1.53,1246500,48406447.6245,1.55,0.58,214828960,214829000.0,8352547816.51,8352543000.0
2005-01-27,CSX,1.53,1.55,1.56,1.51,1.55,1446100,55323431.7929,1.53,0.67,214828960,214829000.0,8234391244.02,8234391000.0
2005-01-26,CSX,1.55,1.5,1.58,1.48,1.48,2726400,105764111.9232,1.55,1.27,214828960,214829000.0,8369734562.97,8369730000.0
2005-01-25,CSX,1.48,1.49,1.5,1.47,1.49,1227600,45547264.6992,1.48,0.57,214828960,214829000.0,7946521296.94,7946516000.0
2005-01-22,CSX,1.49,1.51,1.52,1.49,1.5,1027800,38752684.0722,1.5,0.48,214828960,214829000.0,8017415283.4,8017410000.0
2005-01-21,CSX,1.5,1.53,1.53,1.5,1.53,1280400,48389511.8784,1.51,0.6,214828960,214829000.0,8064677869.43,8064676000.0
2005-01-20,CSX,1.53,1.54,1.54,1.53,1.55,655900,25231483.2469,1.53,0.31,214828960,214829000.0,8227946590.05,8227941000.0
2005-01-19,CSX,1.55,1.53,1.55,1.52,1.53,649200,25048406.2524,1.54,0.3,214828960,214829000.0,8324622200.0,8324617000.0
2005-01-15,CSX,1.53,1.52,1.54,1.52,1.52,644700,24750672.5424,1.53,0.3,214828960,214829000.0,8258022644.45,8258020000.0
2005-01-14,CSX,1.52,1.54,1.55,1.51,1.55,1299100,49777597.8117,1.53,0.6,214828960,214829000.0,8161350256.94,8161348000.0
2005-01-13,CSX,1.55,1.54,1.55,1.51,1.55,1225400,47043947.8498,1.53,0.57,214828960,214829000.0,8320324761.48,8320320000.0
2005-01-12,CSX,1.55,1.56,1.57,1.54,1.57,820500,31890452.268,1.55,0.38,214828960,214829000.0,8335361070.05,8335359000.0
2005-01-11,CSX,1.57,1.54,1.57,1.53,1.55,878000,34241022.786,1.56,0.41,214828960,214829000.0,8432036680.0,8432035000.0
2005-01-08,CSX,1.55,1.57,1.57,1.55,1.57,695200,27094862.4496,1.56,0.32,214828960,214829000.0,8346103162.54,8346102000.0
2005-01-07,CSX,1.57,1.55,1.57,1.55,1.55,1159400,45463779.4424,1.56,0.54,214828960,214829000.0,8438481333.97,8438477000.0
2005-01-06,CSX,1.55,1.55,1.57,1.55,1.55,1359000,53097073.146,1.56,0.63,214828960,214829000.0,8337511507.94,8337508000.0
2005-01-05,CSX,1.55,1.59,1.59,1.55,1.59,1166500,45658786.051,1.56,0.54,214828960,214829000.0,8369734562.97,8369730000.0
2005-01-04,CSX,1.59,1.6,1.61,1.59,1.6,820900,32876058.2782,1.6,0.38,214828960,214829000.0,8554487683.4,8554484000.0
2005-01-01,CSX,1.6,1.61,1.61,1.6,1.61,513900,20679386.3622,1.61,0.24,214828960,214829000.0,8610341924.02,8610336000.0
2004-12-31,CSX,1.61,1.6,1.61,1.59,1.59,545600,21964429.8016,1.61,0.25,214828960,214829000.0,8661902163.4,8661898000.0
2004-12-30,CSX,1.59,1.59,1.6,1.58,1.59,523000,20847299.339,1.59,0.24,214828960,214829000.0,8563079337.99,8563074000.0
2004-12-29,CSX,1.59,1.58,1.6,1.58,1.58,424600,16947737.8862,1.59,0.2,214828960,214829000.0,8584563522.97,8584563000.0
2004-12-28,CSX,1.58,1.59,1.6,1.58,1.59,417300,16562339.0478,1.58,0.19,214828960,214829000.0,8517966975.03,8517961000.0
2004-12-24,CSX,1.59,1.59,1.6,1.58,1.59,432700,17265421.0219,1.59,0.2,214828960,214829000.0,8563079337.99,8563074000.0
2004-12-23,CSX,1.59,1.6,1.6,1.58,1.59,1239300,49430344.2921,1.59,0.58,214828960,214829000.0,8582416307.51,8582414000.0
2004-12-22,CSX,1.59,1.58,1.6,1.58,1.56,2285400,91068845.4546,1.59,1.06,214828960,214829000.0,8554487683.4,8554484000.0
2004-12-21,CSX,1.56,1.57,1.57,1.55,1.56,812800,31760319.3088,1.56,0.38,214828960,214829000.0,8384774093.97,8384770000.0
2004-12-18,CSX,1.56,1.56,1.57,1.56,1.56,1239500,48606988.7815,1.56,0.58,214828960,214829000.0,8425588803.59,8425586000.0
2004-12-17,CSX,1.56,1.56,1.57,1.54,1.56,1031900,40260916.8743,1.56,0.48,214828960,214829000.0,8380476655.46,8380473000.0
2004-12-16,CSX,1.56,1.55,1.56,1.54,1.55,923000,35947340.754,1.55,0.43,214828960,214829000.0,8393365963.4,8393363000.0
2004-12-15,CSX,1.55,1.54,1.55,1.53,1.53,1030600,39807947.3552,1.54,0.48,214828960,214829000.0,8333214069.43,8333211000.0
2004-12-14,CSX,1.53,1.52,1.53,1.51,1.52,759500,28943699.6765,1.52,0.35,214828960,214829000.0,8249430775.03,8249426000.0
2004-12-11,CSX,1.52,1.54,1.54,1.51,1.51,959200,36470881.7704,1.52,0.45,214828960,214829000.0,8184981442.54,8184980000.0
2004-12-10,CSX,1.51,1.54,1.54,1.51,1.54,1727400,65685746.1912,1.52,0.8,214828960,214829000.0,8150608164.45,8150605000.0
2004-12-09,CSX,1.54,1.5,1.54,1.5,1.51,1156000,44224391.464,1.53,0.54,214828960,214829000.0,8292395922.54,8292395000.0
2004-12-08,CSX,1.51,1.52,1.52,1.5,1.52,719300,27197806.9149,1.51,0.33,214828960,214829000.0,8105495801.48,8105492000.0
2004-12-07,CSX,1.52,1.53,1.53,1.52,1.53,470400,17920872.0768,1.52,0.22,214828960,214829000.0,8180684004.02,8180680000.0
2004-12-04,CSX,1.53,1.52,1.55,1.51,1.52,978500,37546503.9435,1.53,0.46,214828960,214829000.0,8245133336.51,8245129000.0
2004-12-03,CSX,1.52,1.52,1.53,1.51,1.55,1177900,44814012.3615,1.52,0.55,214828960,214829000.0,8197870750.48,8197867000.0
2004-12-02,CSX,1.55,1.53,1.55,1.53,1.52,840900,32455794.3273,1.54,0.39,214828960,214829000.0,8335361070.05,8335359000.0
2004-12-01,CSX,1.52,1.52,1.53,1.51,1.52,744900,28401313.3014,1.52,0.35,214828960,214829000.0,8191426096.51,8191422000.0
2004-11-30,CSX,1.52,1.51,1.53,1.51,1.52,999800,38112767.9216,1.52,0.47,214828960,214829000.0,8206465627.51,8206461000.0
2004-11-27,CSX,1.52,1.52,1.52,1.51,1.52,225200,8558926.428,1.52,0.1,214828960,214829000.0,8161350256.94,8161348000.0
2004-11-25,CSX,1.52,1.51,1.52,1.51,1.51,649000,24679261.453,1.52,0.3,214828960,214829000.0,8184981442.54,8184980000.0
2004-11-24,CSX,1.51,1.5,1.52,1.48,1.51,734100,27636139.2867,1.5,0.34,214828960,214829000.0,8111940455.46,8111938000.0
2004-11-23,CSX,1.51,1.49,1.51,1.49,1.49,965800,36370190.0826,1.5,0.45,214828960,214829000.0,8105495801.48,8105492000.0
2004-11-20,CSX,1.49,1.51,1.51,1.49,1.5,985500,37056761.145,1.5,0.46,214828960,214829000.0,8066824870.05,8066820000.0
2004-11-19,CSX,1.5,1.5,1.5,1.49,1.49,1109700,41788749.69,1.5,0.52,214828960,214829000.0,8094753709.0,8094750000.0
2004-11-18,CSX,1.49,1.5,1.5,1.49,1.49,1089600,40952391.5424,1.5,0.51,214828960,214829000.0,8056086000.0,8056082000.0
2004-11-17,CSX,1.49,1.49,1.49,1.48,1.49,720800,26914163.836,1.49,0.34,214828960,214829000.0,8034601815.03,8034598000.0
2004-11-16,CSX,1.49,1.5,1.51,1.49,1.51,925900,34777353.0587,1.49,0.43,214828960,214829000.0,8047491122.97,8047488000.0
2004-11-13,CSX,1.51,1.5,1.51,1.49,1.5,822900,30993619.1955,1.5,0.38,214828960,214829000.0,8152758387.51,8152754000.0
2004-11-12,CSX,1.5,1.47,1.5,1.47,1.47,806000,30097562.534,1.49,0.38,214828960,214829000.0,8092606708.37,8092602000.0
2004-11-11,CSX,1.47,1.48,1.5,1.47,1.48,1718300,63868159.4004,1.48,0.8,214828960,214829000.0,7925040334.4,7925035000.0
2004-11-10,CSX,1.48,1.48,1.48,1.46,1.48,933800,34587204.96,1.47,0.43,214828960,214829000.0,7998081321.48,7998078000.0
2004-11-09,CSX,1.48,1.47,1.48,1.46,1.47,886200,32785411.2138,1.47,0.41,214828960,214829000.0,7978747574.4,7978746000.0
2004-11-06,CSX,1.47,1.47,1.48,1.45,1.47,995200,36591808.1792,1.46,0.46,214828960,214829000.0,7920742895.88,7920742000.0
2004-11-05,CSX,1.47,1.44,1.47,1.44,1.44,1215200,44530750.0232,1.46,0.57,214828960,214829000.0,7959410390.05,7959406000.0
2004-11-04,CSX,1.44,1.44,1.45,1.43,1.44,1230700,44604500.0865,1.44,0.57,214828960,214829000.0,7785399576.94,7785395000.0
2004-11-03,CSX,1.44,1.44,1.44,1.43,1.44,1373600,49651377.7192,1.44,0.64,214828960,214829000.0,7757470737.99,7757465000.0
2004-11-02,CSX,1.44,1.45,1.46,1.44,1.45,851200,30905615.5968,1.44,0.4,214828960,214829000.0,7772510269.0,7772508000.0
2004-10-30,CSX,1.45,1.43,1.47,1.43,1.43,1593500,58031279.876,1.45,0.74,214828960,214829000.0,7841257040.0,7841254000.0
2004-10-29,CSX,1.43,1.42,1.44,1.39,1.43,1923300,68549081.5404,1.42,0.9,214828960,214829000.0,7738136990.91,7738133000.0
2004-10-28,CSX,1.43,1.42,1.45,1.41,1.42,1366800,49242779.2716,1.43,0.64,214828960,214829000.0,7714505590.48,7714500000.0
2004-10-27,CSX,1.42,1.39,1.43,1.38,1.39,1067500,37553143.7575,1.4,0.5,214828960,214829000.0,7693024627.94,7693020000.0
2004-10-26,CSX,1.39,1.37,1.39,1.36,1.37,634900,22013251.5302,1.38,0.3,214828960,214829000.0,7491084975.88,7491082000.0
2004-10-23,CSX,1.37,1.39,1.4,1.37,1.4,1034200,35899345.8638,1.38,0.48,214828960,214829000.0,7385817496.51,7385813000.0
2004-10-22,CSX,1.4,1.38,1.42,1.36,1.38,1584900,55734739.2108,1.4,0.74,214828960,214829000.0,7581312709.43,7581309000.0
2004-10-21,CSX,1.38,1.36,1.38,1.35,1.36,935900,32129063.281,1.37,0.44,214828960,214829000.0,7435227297.99,7435223000.0
2004-10-20,CSX,1.36,1.37,1.37,1.35,1.4,1551400,53134196.4688,1.36,0.72,214828960,214829000.0,7364336533.97,7364332000.0
2004-10-19,CSX,1.4,1.38,1.4,1.37,1.38,667700,23231082.4515,1.38,0.31,214828960,214829000.0,7551236655.03,7551234000.0
2004-10-16,CSX,1.38,1.37,1.4,1.37,1.37,1121400,39046471.7958,1.39,0.52,214828960,214829000.0,7463156136.94,7463152000.0
2004-10-15,CSX,1.37,1.35,1.38,1.35,1.36,1074700,36988581.8236,1.37,0.5,214828960,214829000.0,7392262150.48,7392258000.0
2004-10-14,CSX,1.36,1.38,1.39,1.35,1.39,1193200,40869485.2068,1.36,0.56,214828960,214829000.0,7355741656.94,7355738000.0
2004-10-13,CSX,1.39,1.39,1.39,1.37,1.39,1015300,35250086.9864,1.38,0.47,214828960,214829000.0,7482489884.02,7482488000.0
2004-10-12,CSX,1.39,1.4,1.4,1.39,1.41,545100,19110056.9292,1.4,0.25,214828960,214829000.0,7527605469.43,7527602000.0
2004-10-09,CSX,1.41,1.39,1.41,1.38,1.39,1022700,35941048.8192,1.4,0.48,214828960,214829000.0,7585610147.94,7585605000.0
2004-10-08,CSX,1.39,1.41,1.42,1.39,1.41,975800,34294391.4684,1.4,0.45,214828960,214829000.0,7516863376.94,7516859000.0
2004-10-07,CSX,1.41,1.35,1.41,1.35,1.36,1563200,54756534.0048,1.39,0.73,214828960,214829000.0,7609241548.37,7609238000.0
2004-10-06,CSX,1.36,1.36,1.36,1.35,1.36,702900,23967200.2284,1.36,0.33,214828960,214829000.0,7334260694.4,7334258000.0
2004-10-05,CSX,1.36,1.36,1.38,1.36,1.35,1253700,43049662.1793,1.37,0.58,214828960,214829000.0,7336407695.03,7336406000.0
2004-10-02,CSX,1.35,1.32,1.35,1.32,1.32,1270800,42604707.366,1.33,0.59,214828960,214829000.0,7261216270.05,7261211000.0
2004-10-01,CSX,1.32,1.33,1.33,1.32,1.33,2429900,80777639.5305,1.32,1.13,214828960,214829000.0,7132320827.51,7132316000.0
2004-09-30,CSX,1.33,1.33,1.34,1.33,1.34,866900,29101390.0141,1.34,0.4,214828960,214829000.0,7201064590.91,7201059000.0
2004-09-29,CSX,1.34,1.34,1.35,1.32,1.34,1743100,58351135.3345,1.33,0.81,214828960,214829000.0,7207509030.05,7207508000.0
2004-09-28,CSX,1.34,1.35,1.36,1.34,1.36,785500,26655077.6645,1.35,0.37,214828960,214829000.0,7250477400.0,7250473000.0
2004-09-25,CSX,1.36,1.33,1.36,1.33,1.34,1403700,47573491.5315,1.35,0.65,214828960,214829000.0,7325665602.54,7325664000.0
2004-09-24,CSX,1.34,1.34,1.35,1.33,1.33,1301400,43879953.1986,1.34,0.61,214814080,214814000.0,7247825125.87,7247820000.0
2004-09-23,CSX,1.33,1.35,1.35,1.33,1.36,667400,22357157.1838,1.33,0.31,214814080,214814000.0,7202715887.59,7202711000.0
2004-09-22,CSX,1.36,1.34,1.36,1.34,1.33,1052600,35717345.2896,1.35,0.49,214814080,214814000.0,7325158194.67,7325152000.0
2004-09-21,CSX,1.33,1.34,1.35,1.32,1.34,1491300,50017441.437,1.33,0.69,214814080,214814000.0,7198418746.73,7198414000.0
2004-09-18,CSX,1.34,1.34,1.35,1.32,1.33,1372900,46295279.4555,1.34,0.64,214814080,214814000.0,7234936710.7,7234934000.0
2004-09-17,CSX,1.33,1.33,1.35,1.33,1.33,784500,26347426.224,1.34,0.37,214814080,214814000.0,7198418746.73,7198414000.0
2004-09-16,CSX,1.33,1.31,1.33,1.31,1.31,1492000,49613167.156,1.32,0.69,214814080,214814000.0,7176936049.85,7176934000.0
2004-09-15,CSX,1.31,1.31,1.32,1.3,1.31,1347200,44362608.928,1.31,0.63,214814080,214814000.0,7075973217.43,7075969000.0
2004-09-14,CSX,1.31,1.33,1.33,1.3,1.32,1370100,45057926.5497,1.31,0.64,214814080,214814000.0,7086714565.87,7086711000.0
2004-09-11,CSX,1.32,1.3,1.32,1.29,1.3,1115400,36657831.8106,1.31,0.52,214814080,214814000.0,7142568160.0,7142563000.0
2004-09-10,CSX,1.3,1.32,1.32,1.29,1.32,1403600,46002981.5784,1.3,0.65,214814080,214814000.0,7028713690.2,7028711000.0
2004-09-09,CSX,1.32,1.29,1.33,1.29,1.29,1604000,53079707.548,1.32,0.75,214814080,214814000.0,7151159434.32,7151156000.0
2004-09-08,CSX,1.29,1.29,1.3,1.28,1.28,1247700,40359219.6438,1.29,0.58,214814080,214814000.0,6966419110.7,6966414000.0
2004-09-04,CSX,1.28,1.28,1.29,1.26,1.28,624900,20067036.8853,1.28,0.29,214814080,214814000.0,6914862657.43,6914859000.0
2004-09-03,CSX,1.28,1.26,1.28,1.25,1.26,528800,16863536.7024,1.27,0.25,214814080,214814000.0,6897677101.4,6897676000.0
2004-09-02,CSX,1.26,1.25,1.27,1.25,1.26,507200,16035680.3408,1.26,0.24,214814080,214814000.0,6777381646.23,6777379000.0
2004-09-01,CSX,1.26,1.25,1.26,1.24,1.25,545400,17128827.4914,1.25,0.25,214814080,214814000.0,6783825853.82,6783820000.0
2004-08-31,CSX,1.25,1.27,1.27,1.25,1.27,733300,23185689.8571,1.26,0.34,214814080,214814000.0,6749458178.79,6749457000.0
2004-08-28,CSX,1.27,1.26,1.27,1.25,1.25,692200,21955191.2936,1.26,0.32,214814080,214814000.0,6831085166.23,6831082000.0
2004-08-27,CSX,1.25,1.24,1.26,1.23,1.24,893800,28065846.4482,1.25,0.42,214814080,214814000.0,6755902171.56,6755898000.0
2004-08-26,CSX,1.24,1.24,1.24,1.23,1.24,1104700,34333185.6118,1.24,0.51,214814080,214814000.0,6695754658.79,6695754000.0
2004-08-25,CSX,1.24,1.24,1.25,1.23,1.23,677500,21142464.0475,1.24,0.32,214814080,214814000.0,6704345718.29,6704344000.0
2004-08-24,CSX,1.23,1.26,1.27,1.23,1.26,1103400,34581545.7498,1.25,0.51,214814080,214814000.0,6665680687.59,6665676000.0
2004-08-21,CSX,1.26,1.24,1.26,1.24,1.24,843100,26563542.4259,1.25,0.39,214814080,214814000.0,6818196965.87,6818195000.0
2004-08-20,CSX,1.24,1.26,1.26,1.23,1.26,790800,24851279.0736,1.25,0.37,214814080,214814000.0,6708642859.14,6708641000.0
2004-08-19,CSX,1.26,1.25,1.26,1.24,1.25,723300,22823296.0734,1.25,0.34,214814080,214814000.0,6818196965.87,6818195000.0
2004-08-18,CSX,1.25,1.25,1.25,1.23,1.25,730100,22908636.8196,1.24,0.34,214814080,214814000.0,6760196090.2,6760191000.0
2004-08-17,CSX,1.25,1.21,1.25,1.21,1.2,975100,30408967.3986,1.24,0.45,214814080,214814000.0,6762346379.14,6762344000.0
2004-08-14,CSX,1.2,1.2,1.21,1.19,1.19,643300,19463938.2602,1.2,0.3,214814080,214814000.0,6519605394.67,6519602000.0
2004-08-13,CSX,1.19,1.22,1.22,1.19,1.23,547900,16626678.5968,1.2,0.26,214814080,214814000.0,6470199230.34,6470195000.0
2004-08-12,CSX,1.23,1.22,1.24,1.21,1.22,575300,17812143.4711,1.23,0.27,214814080,214814000.0,6654939339.14,6654938000.0
2004-08-11,CSX,1.22,1.2,1.23,1.2,1.2,602800,18526451.5832,1.22,0.28,214814080,214814000.0,6629159501.4,6629156000.0
2004-08-10,CSX,1.2,1.2,1.22,1.2,1.2,750300,22793579.7864,1.21,0.35,214814080,214814000.0,6478790289.85,6478789000.0
2004-08-07,CSX,1.2,1.22,1.22,1.2,1.23,730700,22219775.923,1.21,0.34,214814080,214814000.0,6485234497.43,6485230000.0
2004-08-06,CSX,1.23,1.25,1.26,1.23,1.25,816000,25508230.992,1.24,0.38,214814080,214814000.0,6642051138.79,6642047000.0
2004-08-05,CSX,1.25,1.24,1.25,1.23,1.25,778500,24403247.9145,1.24,0.36,214814080,214814000.0,6762346379.14,6762344000.0
2004-08-04,CSX,1.25,1.24,1.25,1.23,1.24,1221500,38298170.771,1.24,0.57,214814080,214814000.0,6755902171.56,6755898000.0
2004-08-03,CSX,1.24,1.24,1.24,1.23,1.24,884000,27516969.012,1.23,0.41,214814080,214814000.0,6710789925.87,6710789000.0
2004-07-31,CSX,1.24,1.26,1.27,1.23,1.27,1497600,46813460.4288,1.24,0.7,214814080,214814000.0,6723678126.23,6723676000.0
2004-07-30,CSX,1.27,1.26,1.29,1.25,1.25,1712500,54897076.4875,1.27,0.8,214814080,214814000.0,6861159137.43,6861156000.0
2004-07-29,CSX,1.25,1.21,1.27,1.21,1.2,2090900,65925023.1864,1.25,0.97,214814080,214814000.0,6755902171.56,6755898000.0
2004-07-28,CSX,1.2,1.2,1.21,1.19,1.19,1408500,42629369.4405,1.2,0.66,214814080,214814000.0,6478790289.85,6478789000.0
2004-07-27,CSX,1.19,1.19,1.21,1.19,1.2,855500,25810342.606,1.2,0.4,214814080,214814000.0,6465901874.67,6465898000.0
2004-07-24,CSX,1.2,1.2,1.21,1.19,1.2,1107600,33552746.1048,1.2,0.52,214814080,214814000.0,6483087430.7,6483086000.0
2004-07-23,CSX,1.2,1.23,1.23,1.2,1.24,2015100,61335406.2447,1.21,0.94,214814080,214814000.0,6515308253.82,6515305000.0
2004-07-22,CSX,1.24,1.26,1.27,1.23,1.25,1008800,31813004.3296,1.25,0.47,214814080,214814000.0,6697901510.7,6697898000.0
2004-07-21,CSX,1.25,1.23,1.26,1.23,1.23,896200,28237192.6742,1.25,0.42,214814080,214814000.0,6783825853.82,6783820000.0
2004-07-20,CSX,1.23,1.23,1.24,1.22,1.22,800800,24822637.84,1.23,0.37,214814080,214814000.0,6637753783.12,6637750000.0
2004-07-17,CSX,1.22,1.26,1.26,1.22,1.24,871700,27258488.7481,1.24,0.41,214814080,214814000.0,6618421375.17,6618418000.0
2004-07-16,CSX,1.24,1.23,1.24,1.22,1.23,1041700,32424359.4213,1.23,0.48,214814080,214814000.0,6723678126.23,6723676000.0
2004-07-15,CSX,1.23,1.22,1.24,1.21,1.22,975600,30239104.4352,1.23,0.45,214814080,214814000.0,6646345057.43,6646340000.0
2004-07-14,CSX,1.22,1.23,1.23,1.22,1.23,759500,23441890.7905,1.22,0.35,214814080,214814000.0,6607680026.73,6607676000.0
2004-07-13,CSX,1.23,1.24,1.24,1.22,1.24,1063200,32876478.7872,1.23,0.49,214814080,214814000.0,6646345057.43,6646340000.0
2004-07-10,CSX,1.24,1.23,1.25,1.23,1.22,897800,28029673.3244,1.24,0.42,214814080,214814000.0,6738716830.34,6738715000.0
2004-07-09,CSX,1.22,1.24,1.25,1.22,1.25,1375400,42776985.2198,1.23,0.64,214814080,214814000.0,6627012434.67,6627008000.0
2004-07-08,CSX,1.25,1.25,1.25,1.24,1.25,1129700,35521374.0024,1.25,0.53,214814080,214814000.0,6760196090.2,6760191000.0
2004-07-07,CSX,1.25,1.26,1.27,1.25,1.26,1322800,42032487.2148,1.26,0.62,214814080,214814000.0,6788122994.67,6788121000.0
2004-07-03,CSX,1.26,1.29,1.29,1.26,1.29,1174000,37510120.626,1.27,0.55,214814080,214814000.0,6826791247.59,6826789000.0
2004-07-02,CSX,1.29,1.3,1.31,1.27,1.3,1243100,40189046.3407,1.28,0.58,214814080,214814000.0,6970716251.56,6970715000.0
2004-07-01,CSX,1.3,1.29,1.3,1.28,1.31,1268300,41313843.9087,1.29,0.59,214814080,214814000.0,7039455253.46,7039453000.0
2004-06-30,CSX,1.31,1.29,1.31,1.29,1.3,1197700,39233045.7253,1.3,0.56,214814080,214814000.0,7075973217.43,7075969000.0
2004-06-29,CSX,1.3,1.3,1.32,1.29,1.3,818100,26909181.6309,1.3,0.38,214814080,214814000.0,7024419771.56,7024414000.0
2004-06-26,CSX,1.3,1.3,1.31,1.29,1.3,965300,31629792.04,1.3,0.45,214814080,214814000.0,7028713690.2,7028711000.0
2004-06-25,CSX,1.3,1.3,1.31,1.29,1.3,1389500,45643811.9445,1.3,0.65,214680000,214680000.0,7041501423.84,7041500000.0
2004-06-24,CSX,1.3,1.26,1.3,1.26,1.26,1390300,44982875.6594,1.28,0.65,214680000,214680000.0,7024326594.48,7024324000.0
2004-06-23,CSX,1.26,1.26,1.26,1.25,1.27,930900,29497795.0746,1.26,0.43,214680000,214680000.0,6826821423.84,6826820000.0
2004-06-22,CSX,1.27,1.26,1.27,1.26,1.25,619300,19790404.0598,1.27,0.29,214680000,214680000.0,6859025355.96,6859020000.0
2004-06-19,CSX,1.25,1.25,1.27,1.24,1.25,1038000,32866077.744,1.26,0.48,214680000,214680000.0,6786031794.48,6786027000.0
2004-06-18,CSX,1.25,1.26,1.26,1.25,1.26,725200,22868886.1184,1.25,0.34,214680000,214680000.0,6773151423.84,6773148000.0
2004-06-17,CSX,1.26,1.25,1.27,1.25,1.25,588600,18643368.1968,1.26,0.27,214680000,214680000.0,6835410555.96,6835406000.0
2004-06-16,CSX,1.25,1.25,1.28,1.25,1.24,1212400,38554305.4512,1.26,0.56,214680000,214680000.0,6783886067.88,6783883000.0
2004-06-15,CSX,1.24,1.27,1.27,1.23,1.27,1400400,43917657.318,1.24,0.65,214680000,214680000.0,6736656253.2,6736652000.0
2004-06-11,CSX,1.27,1.29,1.3,1.27,1.29,879300,28379134.0377,1.28,0.41,214680000,214680000.0,6876200185.32,6876195000.0
2004-06-10,CSX,1.29,1.28,1.3,1.27,1.31,1577400,51078723.2208,1.28,0.73,214680000,214680000.0,6968511082.56,6968508000.0
2004-06-09,CSX,1.31,1.29,1.31,1.29,1.3,1090900,35848389.9882,1.3,0.51,214680000,214680000.0,7073705355.96,7073703000.0
2004-06-08,CSX,1.3,1.28,1.3,1.28,1.28,742800,24227230.9092,1.29,0.35,214680000,214680000.0,7052236067.88,7052230000.0
2004-06-05,CSX,1.28,1.26,1.28,1.26,1.26,860400,27582347.8548,1.27,0.4,214680000,214680000.0,6921281267.88,6921277000.0
2004-06-04,CSX,1.26,1.27,1.27,1.26,1.27,880900,28008644.4983,1.26,0.41,214680000,214680000.0,6792475200.0,6792473000.0
2004-06-03,CSX,1.27,1.25,1.28,1.25,1.25,895300,28534545.8923,1.26,0.42,214680000,214680000.0,6895520741.28,6895516000.0
2004-06-02,CSX,1.25,1.25,1.26,1.24,1.25,768700,24176680.4182,1.25,0.36,214680000,214680000.0,6768860185.32,6768855000.0
2004-05-29,CSX,1.25,1.26,1.26,1.25,1.26,644000,20371836.184,1.25,0.3,214680000,214680000.0,6783886067.88,6783883000.0
2004-05-28,CSX,1.26,1.24,1.26,1.24,1.23,759900,24015337.7913,1.25,0.35,214680000,214680000.0,6809646594.48,6809645000.0
2004-05-27,CSX,1.23,1.23,1.24,1.22,1.24,645000,20058273.855,1.23,0.3,214680000,214680000.0,6680840741.28,6680836000.0
2004-05-26,CSX,1.24,1.22,1.24,1.21,1.23,818100,25314300.5895,1.23,0.38,214680000,214680000.0,6708750000.0,6708746000.0
2004-05-25,CSX,1.23,1.21,1.23,1.21,1.21,760300,23395037.7194,1.22,0.35,214680000,214680000.0,6635756438.52,6635754000.0
2004-05-22,CSX,1.21,1.22,1.22,1.2,1.22,799400,24370185.4424,1.21,0.37,214680000,214680000.0,6547740000.0,6547734000.0
2004-05-21,CSX,1.22,1.22,1.23,1.21,1.22,607200,18638064.1128,1.21,0.28,214680000,214680000.0,6597115541.28,6597113000.0
2004-05-20,CSX,1.22,1.22,1.24,1.21,1.22,1039400,32275642.1284,1.23,0.48,214680000,214680000.0,6616436097.24,6616434000.0
2004-05-19,CSX,1.22,1.22,1.23,1.21,1.22,880900,27135056.8492,1.22,0.41,214680000,214680000.0,6616436097.24,6616434000.0
2004-05-18,CSX,1.22,1.21,1.23,1.21,1.23,1295900,40106282.9646,1.22,0.6,214680000,214680000.0,6635756438.52,6635754000.0
2004-05-15,CSX,1.23,1.23,1.24,1.22,1.24,1259000,39104153.487,1.23,0.59,214680000,214680000.0,6661520185.32,6661516000.0
2004-05-14,CSX,1.24,1.22,1.24,1.22,1.23,857900,26817779.8463,1.24,0.4,214680000,214680000.0,6710895726.6,6710891000.0
2004-05-13,CSX,1.23,1.22,1.23,1.19,1.22,1269300,38901248.7321,1.21,0.59,214680000,214680000.0,6657225726.6,6657223000.0
2004-05-12,CSX,1.22,1.19,1.22,1.19,1.19,1047300,32222485.4181,1.22,0.49,214680000,214680000.0,6640050897.24,6640047000.0
2004-05-11,CSX,1.19,1.19,1.21,1.18,1.2,1177100,35647292.8687,1.2,0.55,214680000,214680000.0,6483335355.96,6483332000.0
2004-05-08,CSX,1.2,1.21,1.22,1.2,1.22,981500,30013178.572,1.21,0.46,214680000,214680000.0,6506950370.64,6506945000.0
2004-05-07,CSX,1.22,1.21,1.22,1.2,1.21,648200,19881460.1118,1.21,0.3,214680000,214680000.0,6612141423.84,6612137000.0
2004-05-06,CSX,1.21,1.22,1.22,1.21,1.22,702300,21621637.0608,1.22,0.33,214680000,214680000.0,6590675355.96,6590672000.0
2004-05-05,CSX,1.22,1.24,1.24,1.22,1.23,1185200,36761111.36,1.23,0.55,214680000,214680000.0,6646491082.56,6646488000.0
2004-05-04,CSX,1.23,1.22,1.23,1.21,1.22,873700,27110030.3104,1.23,0.41,214680000,214680000.0,6687280711.92,6687277000.0
2004-05-01,CSX,1.22,1.23,1.24,1.21,1.23,1180100,36409621.7597,1.22,0.55,214680000,214680000.0,6603555726.6,6603551000.0
2004-04-30,CSX,1.23,1.25,1.25,1.22,1.25,1783700,55496951.9593,1.23,0.83,214680000,214680000.0,6665811423.84,6665809000.0
2004-04-29,CSX,1.25,1.22,1.26,1.21,1.2,3080100,96614075.7588,1.24,1.43,214680000,214680000.0,6811795541.28,6811793000.0
2004-04-28,CSX,1.2,1.21,1.22,1.2,1.21,1068800,32668609.472,1.21,0.5,214680000,214680000.0,6519830741.28,6519828000.0
2004-04-27,CSX,1.21,1.24,1.28,1.2,1.24,1074000,33153294.186,1.22,0.5,214680000,214680000.0,6556325911.92,6556320000.0
2004-04-24,CSX,1.24,1.23,1.24,1.22,1.23,976900,30357358.9724,1.23,0.46,214680000,214680000.0,6719481423.84,6719477000.0
2004-04-23,CSX,1.23,1.19,1.23,1.19,1.19,1473800,45060531.5606,1.21,0.69,214680000,214680000.0,6657225726.6,6657223000.0
2004-04-22,CSX,1.19,1.18,1.19,1.17,1.18,1588700,47506411.5465,1.18,0.74,214680000,214680000.0,6453280370.64,6453277000.0
2004-04-21,CSX,1.18,1.17,1.19,1.17,1.17,1353100,40494082.9776,1.18,0.63,214680000,214680000.0,6397461423.84,6397457000.0
2004-04-20,CSX,1.17,1.17,1.18,1.16,1.17,561800,16643487.922,1.17,0.26,214680000,214680000.0,6360966253.2,6360965000.0
2004-04-17,CSX,1.17,1.17,1.18,1.16,1.16,1666900,49098187.7841,1.16,0.78,214680000,214680000.0,6378141082.56,6378137000.0
2004-04-16,CSX,1.16,1.17,1.18,1.16,1.17,948400,28045411.436,1.17,0.44,214680000,214680000.0,6318030897.24,6318027000.0
2004-04-15,CSX,1.17,1.18,1.18,1.17,1.18,906600,26880684.5604,1.17,0.42,214680000,214680000.0,6348086097.24,6348082000.0
2004-04-14,CSX,1.18,1.19,1.19,1.18,1.18,1028500,30791331.736,1.18,0.48,214680000,214680000.0,6391021453.2,6391016000.0
2004-04-13,CSX,1.18,1.19,1.19,1.18,1.19,711500,21266018.5195,1.18,0.33,214680000,214680000.0,6414636253.2,6414633000.0
2004-04-09,CSX,1.19,1.19,1.2,1.18,1.19,850500,25551142.848,1.19,0.4,214680000,214680000.0,6438251267.88,6438246000.0
2004-04-08,CSX,1.19,1.2,1.2,1.18,1.2,633500,19080379.5315,1.19,0.3,214680000,214680000.0,6470455200.0,6470453000.0
2004-04-07,CSX,1.2,1.18,1.21,1.18,1.19,914900,27789529.411,1.2,0.43,214680000,214680000.0,6534856623.84,6534855000.0
2004-04-06,CSX,1.19,1.2,1.21,1.19,1.2,838500,25323862.161,1.19,0.39,214680000,214680000.0,6479040897.24,6479039000.0
2004-04-03,CSX,1.2,1.2,1.21,1.19,1.19,977700,29802336.4599,1.21,0.46,214680000,214680000.0,6526270711.92,6526266000.0
2004-04-02,CSX,1.19,1.19,1.2,1.19,1.2,867800,26195838.6254,1.19,0.4,214680000,214680000.0,6476895385.32,6476895000.0
2004-04-01,CSX,1.2,1.18,1.2,1.17,1.18,1807000,54347147.686,1.19,0.84,214680000,214680000.0,6502655911.92,6502652000.0
2004-03-31,CSX,1.18,1.19,1.19,1.17,1.2,1151200,34321521.0792,1.18,0.54,214680000,214680000.0,6410341794.48,6410336000.0
2004-03-30,CSX,1.2,1.18,1.2,1.18,1.18,679200,20545044.0504,1.2,0.32,214680000,214680000.0,6511241609.16,6511238000.0
2004-03-27,CSX,1.18,1.17,1.19,1.17,1.18,1135300,33974411.0676,1.18,0.53,214680000,214680000.0,6410341794.48,6410336000.0
2004-03-26,CSX,1.18,1.16,1.18,1.16,1.16,1241700,36916228.9881,1.18,0.58,215036000,215036000.0,6429575109.78,6429570000.0
2004-03-25,CSX,1.16,1.15,1.16,1.14,1.16,2059900,59769413.6513,1.15,0.96,215036000,215036000.0,6283348909.5,6283348000.0
2004-03-24,CSX,1.16,1.17,1.17,1.15,1.16,1765400,51907869.0676,1.16,0.82,215036000,215036000.0,6304854014.75,6304852000.0
2004-03-23,CSX,1.16,1.18,1.19,1.15,1.19,2337400,68871483.9878,1.17,1.09,215036000,215036000.0,6289803000.0,6289801000.0
2004-03-20,CSX,1.19,1.2,1.2,1.18,1.19,1001200,30128702.1092,1.19,0.47,215036000,215036000.0,6451080000.0,6451078000.0
2004-03-19,CSX,1.19,1.19,1.2,1.18,1.19,1160500,34904938.75,1.19,0.54,215036000,215036000.0,6494086554.89,6494082000.0
2004-03-18,CSX,1.19,1.19,1.2,1.19,1.19,1157700,35041942.0122,1.2,0.54,215036000,215036000.0,6491934259.57,6491930000.0
2004-03-17,CSX,1.19,1.2,1.21,1.17,1.2,1647500,49403734.07,1.19,0.77,215036000,215036000.0,6483334109.78,6483332000.0
2004-03-16,CSX,1.2,1.21,1.21,1.18,1.21,1638000,49454474.706,1.19,0.76,215036000,215036000.0,6528489949.5,6528488000.0
2004-03-13,CSX,1.21,1.2,1.21,1.19,1.19,971800,29634161.521,1.21,0.45,215036000,215036000.0,6584401459.86,6584398000.0
2004-03-12,CSX,1.19,1.19,1.21,1.18,1.19,910200,27599534.949,1.2,0.42,215036000,215036000.0,6494086554.89,6494082000.0
2004-03-11,CSX,1.19,1.21,1.21,1.19,1.22,1197100,36257630.7248,1.2,0.56,215036000,215036000.0,6461829219.57,6461828000.0
2004-03-10,CSX,1.22,1.22,1.23,1.21,1.23,1211700,37374869.5362,1.22,0.56,215036000,215036000.0,6623106219.57,6623102000.0
2004-03-09,CSX,1.23,1.23,1.24,1.22,1.23,1156400,35969817.3744,1.23,0.54,215036000,215036000.0,6687617664.68,6687613000.0
2004-03-06,CSX,1.23,1.2,1.23,1.19,1.21,1772500,54622242.705,1.22,0.82,215036000,215036000.0,6698370109.78,6698367000.0
2004-03-05,CSX,1.21,1.21,1.22,1.2,1.21,804300,24509832.8328,1.2,0.38,214018880,214019000.0,6525433725.03,6525430000.0
2004-03-04,CSX,1.21,1.21,1.22,1.2,1.22,748200,22853014.8144,1.21,0.35,214018880,214019000.0,6544694568.15,6544691000.0
2004-03-03,CSX,1.22,1.22,1.22,1.21,1.22,1040100,31913387.2599,1.21,0.49,214018880,214019000.0,6578938445.03,6578934000.0
2004-03-02,CSX,1.22,1.25,1.25,1.21,1.25,1623300,50167739.1138,1.22,0.76,214018880,214019000.0,6585358797.41,6585355000.0
2004-02-28,CSX,1.25,1.22,1.25,1.22,1.22,1309100,41022476.0036,1.24,0.61,214018880,214019000.0,6748015072.38,6748012000.0
2004-02-27,CSX,1.22,1.23,1.23,1.2,1.23,967200,29664686.532,1.21,0.45,214018880,214019000.0,6578938445.03,6578934000.0
2004-02-26,CSX,1.23,1.22,1.24,1.21,1.22,1072800,33285430.8864,1.23,0.5,214018880,214019000.0,6636724398.71,6636723000.0
2004-02-25,CSX,1.22,1.21,1.23,1.2,1.23,1045600,32153971.2464,1.22,0.49,214018880,214019000.0,6615321226.59,6615316000.0
2004-02-24,CSX,1.23,1.23,1.24,1.22,1.23,894300,27746812.0413,1.23,0.42,214018880,214019000.0,6636724398.71,6636723000.0
2004-02-21,CSX,1.23,1.25,1.26,1.22,1.23,705300,22163764.7376,1.24,0.33,214018880,214019000.0,6694510352.38,6694508000.0
2004-02-20,CSX,1.23,1.24,1.26,1.23,1.23,716200,22605346.8314,1.24,0.33,214018880,214019000.0,6703069823.47,6703066000.0
2004-02-19,CSX,1.23,1.23,1.25,1.23,1.23,1237100,38850255.8187,1.24,0.58,214018880,214019000.0,6700930704.76,6700930000.0
2004-02-18,CSX,1.23,1.24,1.24,1.2,1.25,1673100,51968142.369,1.22,0.78,214018880,214019000.0,6700930704.76,6700930000.0
2004-02-14,CSX,1.25,1.26,1.26,1.24,1.27,1048400,33211096.7308,1.25,0.49,214018880,214019000.0,6762994681.83,6762992000.0
2004-02-13,CSX,1.27,1.28,1.28,1.26,1.28,820300,26506344.8767,1.27,0.38,214018880,214019000.0,6870004121.83,6870000000.0
2004-02-12,CSX,1.28,1.27,1.29,1.26,1.27,852600,27599425.9296,1.28,0.4,214018880,214019000.0,6966311975.77,6966309000.0
2004-02-11,CSX,1.27,1.26,1.28,1.26,1.26,1424600,45846183.7324,1.27,0.67,214018880,214019000.0,6891407293.94,6891402000.0
2004-02-10,CSX,1.26,1.24,1.27,1.24,1.24,1362400,43371867.76,1.25,0.64,214018880,214019000.0,6850743278.71,6850738000.0
2004-02-07,CSX,1.24,1.23,1.24,1.22,1.23,1891500,59137747.5,1.23,0.88,214018880,214019000.0,6720191547.89,6720188000.0
2004-02-06,CSX,1.23,1.23,1.24,1.22,1.22,1549400,48281769.0954,1.23,0.72,214018880,214019000.0,6655985241.83,6655984000.0
2004-02-05,CSX,1.22,1.23,1.24,1.21,1.24,1511200,47013410.8432,1.23,0.71,214018880,214019000.0,6634585280.0,6634582000.0
2004-02-04,CSX,1.24,1.23,1.27,1.22,1.23,1776400,56225543.4072,1.25,0.83,214018880,214019000.0,6730893133.94,6730891000.0
2004-02-03,CSX,1.23,1.25,1.25,1.22,1.24,2000900,62769811.7101,1.24,0.93,214018880,214019000.0,6698788375.77,6698785000.0
2004-01-31,CSX,1.24,1.26,1.26,1.23,1.27,2532600,79723457.0748,1.24,1.18,214018880,214019000.0,6754435424.76,6754434000.0
2004-01-30,CSX,1.27,1.27,1.28,1.26,1.3,2249000,72409694.604,1.27,1.05,214018880,214019000.0,6891407293.94,6891402000.0
2004-01-29,CSX,1.3,1.34,1.34,1.3,1.36,1866400,62386648.4816,1.32,0.87,214018880,214019000.0,7079741768.15,7079738000.0
2004-01-28,CSX,1.36,1.41,1.42,1.35,1.41,2147600,75524404.3736,1.39,1.0,214018880,214019000.0,7366529635.58,7366527000.0
2004-01-27,CSX,1.41,1.39,1.42,1.39,1.39,999300,35442961.5477,1.4,0.47,214018880,214019000.0,7676856369.52,7676852000.0
2004-01-24,CSX,1.39,1.39,1.4,1.38,1.39,677300,23827678.147,1.39,0.32,214018880,214019000.0,7557006224.76,7557004000.0
2004-01-23,CSX,1.39,1.37,1.39,1.37,1.38,704900,24749953.9602,1.38,0.33,214018880,214019000.0,7554863895.77,7554859000.0
2004-01-22,CSX,1.38,1.35,1.38,1.35,1.35,1008400,34937023.3748,1.37,0.47,214018880,214019000.0,7499220271.09,7499215000.0
2004-01-21,CSX,1.35,1.33,1.35,1.33,1.33,889100,30255529.7599,1.34,0.42,214018880,214019000.0,7321584172.65,7321582000.0
2004-01-17,CSX,1.33,1.35,1.35,1.33,1.34,646200,21918580.578,1.34,0.3,214018880,214019000.0,7244537161.83,7244535000.0
2004-01-16,CSX,1.34,1.35,1.36,1.34,1.36,1104900,37695979.3704,1.34,0.52,214018880,214019000.0,7283062272.38,7283059000.0
2004-01-15,CSX,1.36,1.38,1.38,1.35,1.37,978700,33755652.6952,1.36,0.46,214018880,214019000.0,7372949773.94,7372945000.0
2004-01-14,CSX,1.37,1.37,1.38,1.36,1.37,903600,31387443.2748,1.37,0.42,214018880,214019000.0,7428593612.65,7428590000.0
2004-01-13,CSX,1.37,1.37,1.37,1.36,1.38,883800,30673777.9248,1.37,0.41,214018880,214019000.0,7430732517.34,7430727000.0
2004-01-10,CSX,1.38,1.38,1.39,1.37,1.39,645200,22591097.32,1.38,0.3,214018880,214019000.0,7477817098.97,7477813000.0
2004-01-09,CSX,1.39,1.39,1.39,1.38,1.39,937300,33042256.3562,1.39,0.44,214018880,214019000.0,7550585872.38,7550582000.0
2004-01-08,CSX,1.39,1.4,1.4,1.35,1.4,1508800,52862149.3232,1.38,0.7,214018880,214019000.0,7533463933.94,7533461000.0
2004-01-07,CSX,1.4,1.42,1.42,1.39,1.43,1027600,36607011.742,1.4,0.48,214018880,214019000.0,7604090592.38,7604086000.0
2004-01-06,CSX,1.43,1.42,1.43,1.41,1.41,838500,30205781.0535,1.42,0.39,214018880,214019000.0,7738920346.59,7738918000.0
2004-01-03,CSX,1.41,1.42,1.43,1.41,1.42,850600,30640563.2764,1.42,0.4,214018880,214019000.0,7678995274.21,7678992000.0
2004-01-01,CSX,1.42,1.42,1.42,1.41,1.41,715500,25705759.1985,1.42,0.33,214018880,214019000.0,7691835978.97,7691832000.0
2003-12-31,CSX,1.41,1.41,1.42,1.41,1.42,551100,19780080.6489,1.41,0.26,214018880,214019000.0,7670436017.14,7670434000.0
2003-12-30,CSX,1.42,1.4,1.42,1.4,1.41,695500,24886029.7725,1.41,0.32,214018880,214019000.0,7704679680.0,7704676000.0
2003-12-27,CSX,1.41,1.41,1.42,1.4,1.41,330800,11835226.1104,1.41,0.15,214018880,214019000.0,7631910906.59,7631910000.0
2003-12-25,CSX,1.41,1.39,1.41,1.38,1.39,580200,20586423.1596,1.4,0.27,214018880,214019000.0,7646893726.32,7646891000.0
2003-12-24,CSX,1.39,1.4,1.41,1.38,1.42,1361700,47934413.613,1.39,0.64,214018880,214019000.0,7554863895.77,7554859000.0
2003-12-23,CSX,1.42,1.42,1.43,1.41,1.39,1946400,70225522.2408,1.42,0.91,214018880,214019000.0,7704679680.0,7704676000.0
2003-12-20,CSX,1.39,1.39,1.4,1.38,1.39,1090300,38450511.0776,1.39,0.51,214018880,214019000.0,7569846929.52,7569844000.0
2003-12-19,CSX,1.39,1.39,1.4,1.39,1.39,1494000,52758516.906,1.39,0.7,214018880,214019000.0,7533463933.94,7533461000.0
2003-12-18,CSX,1.39,1.37,1.4,1.36,1.37,1496300,52596876.7233,1.39,0.7,214018880,214019000.0,7550585872.38,7550582000.0
2003-12-17,CSX,1.37,1.35,1.38,1.35,1.35,1525300,53053889.1029,1.37,0.71,214018880,214019000.0,7437156080.0,7437152000.0
2003-12-16,CSX,1.35,1.36,1.36,1.35,1.35,1532700,52723794.8484,1.36,0.72,214018880,214019000.0,7330146640.0,7330145000.0
2003-12-13,CSX,1.35,1.35,1.36,1.34,1.34,1067600,36571800.6164,1.35,0.5,214018880,214019000.0,7357966954.21,7357961000.0
2003-12-12,CSX,1.34,1.33,1.35,1.33,1.33,871100,29555632.9123,1.34,0.41,214018880,214019000.0,7276641920.0,7276641000.0
2003-12-11,CSX,1.33,1.33,1.34,1.33,1.33,1348400,45565123.3612,1.33,0.63,214018880,214019000.0,7246676280.54,7246672000.0
2003-12-10,CSX,1.33,1.33,1.34,1.31,1.32,1511700,50922211.6215,1.33,0.71,214018880,214019000.0,7197452794.21,7197449000.0
2003-12-09,CSX,1.32,1.33,1.34,1.32,1.35,1185400,39937413.3444,1.33,0.55,214018880,214019000.0,7193171560.54,7193168000.0
2003-12-06,CSX,1.35,1.34,1.35,1.34,1.35,1192400,40725929.5388,1.35,0.56,214018880,214019000.0,7308743467.89,7308738000.0
2003-12-05,CSX,1.35,1.34,1.35,1.34,1.34,924100,31511435.7395,1.34,0.43,214018880,214019000.0,7319445053.94,7319441000.0
2003-12-04,CSX,1.34,1.34,1.35,1.33,1.34,1486300,50613418.3037,1.34,0.69,214018880,214019000.0,7255238747.89,7255234000.0
2003-12-03,CSX,1.34,1.35,1.35,1.34,1.35,1321800,45003966.9948,1.34,0.62,214018880,214019000.0,7272360686.32,7272355000.0
2003-12-02,CSX,1.35,1.34,1.36,1.34,1.34,1146900,39248967.5103,1.35,0.54,214018880,214019000.0,7345126463.47,7345121000.0
2003-11-29,CSX,1.34,1.34,1.34,1.33,1.34,357700,12121661.4099,1.34,0.17,214018880,214019000.0,7253099843.2,7253098000.0
2003-11-27,CSX,1.34,1.33,1.34,1.33,1.32,890600,30160337.3234,1.33,0.42,214018880,214019000.0,7255238747.89,7255234000.0
2003-11-26,CSX,1.32,1.31,1.33,1.31,1.32,895700,29985080.19,1.32,0.42,214018880,214019000.0,7161070012.65,7161066000.0
2003-11-25,CSX,1.32,1.3,1.32,1.3,1.3,941600,31301030.6576,1.31,0.44,214018880,214019000.0,7158930893.94,7158930000.0
2003-11-22,CSX,1.3,1.3,1.31,1.3,1.3,709700,23431730.5636,1.3,0.33,214018880,214019000.0,7073321415.77,7073320000.0
2003-11-21,CSX,1.3,1.3,1.32,1.28,1.3,954200,31737254.978,1.31,0.45,214018880,214019000.0,7105426173.94,7105426000.0
2003-11-20,CSX,1.3,1.3,1.31,1.29,1.3,841600,27819672.912,1.3,0.39,214018880,214019000.0,7081884097.14,7081879000.0
2003-11-19,CSX,1.3,1.32,1.33,1.3,1.33,999500,33355506.9035,1.31,0.47,214018880,214019000.0,7077602863.47,7077598000.0
2003-11-18,CSX,1.33,1.33,1.34,1.32,1.34,662800,22396998.9092,1.33,0.31,214018880,214019000.0,7229557552.38,7229555000.0
2003-11-15,CSX,1.34,1.32,1.34,1.32,1.32,906400,30802358.884,1.34,0.42,214018880,214019000.0,7298041881.83,7298039000.0
2003-11-14,CSX,1.32,1.32,1.32,1.31,1.33,1052200,35288052.28,1.32,0.49,214018880,214019000.0,7201734027.89,7201730000.0
2003-11-13,CSX,1.33,1.32,1.33,1.31,1.32,616800,20777151.636,1.32,0.29,214018880,214019000.0,7240255928.15,7240250000.0
2003-11-12,CSX,1.32,1.35,1.37,1.31,1.31,2048900,69843898.9654,1.34,0.96,214018880,214019000.0,7171771598.71,7171770000.0
2003-11-11,CSX,1.31,1.33,1.33,1.31,1.33,763100,25505921.5528,1.31,0.36,214018880,214019000.0,7137527721.83,7137523000.0
2003-11-08,CSX,1.33,1.34,1.35,1.33,1.33,1816200,61970898.0132,1.34,0.85,214018880,214019000.0,7233835575.77,7233832000.0
2003-11-07,CSX,1.33,1.27,1.33,1.27,1.27,1782200,59061373.7336,1.3,0.83,214018880,214019000.0,7227415437.41,7227414000.0
2003-11-06,CSX,1.27,1.28,1.28,1.26,1.28,901800,29105493.9984,1.27,0.42,214018880,214019000.0,6921369937.14,6921367000.0
2003-11-05,CSX,1.28,1.29,1.29,1.27,1.29,1709075,55749341.1609,1.28,0.8,214018880,214019000.0,6947051132.65,6947047000.0
2003-11-04,CSX,1.29,1.29,1.3,1.28,1.25,2618334,85806732.681,1.29,1.22,214018880,214019000.0,7024098143.47,7024094000.0
2003-11-01,CSX,1.25,1.24,1.25,1.23,1.24,1737400,54899386.7912,1.24,0.81,214018880,214019000.0,6810079263.47,6810078000.0
2003-10-31,CSX,1.24,1.21,1.24,1.2,1.2,1612700,50310576.1976,1.23,0.75,214018880,214019000.0,6739452605.03,6739449000.0
2003-10-30,CSX,1.2,1.2,1.21,1.19,1.2,937400,28553939.859,1.2,0.44,214018880,214019000.0,6514732138.97,6514730000.0
2003-10-29,CSX,1.2,1.19,1.2,1.17,1.15,2011500,60830566.0425,1.19,0.94,214018880,214019000.0,6538274215.77,6538270000.0
2003-10-28,CSX,1.15,1.17,1.17,1.15,1.17,1174300,34523822.2813,1.16,0.55,214018880,214019000.0,6266472592.38,6266469000.0
2003-10-25,CSX,1.17,1.16,1.17,1.15,1.16,676600,20008956.48,1.16,0.32,214018880,214019000.0,6373482032.38,6373480000.0
2003-10-24,CSX,1.16,1.15,1.17,1.14,1.16,725000,21342685.575,1.16,0.34,214018880,214019000.0,6330675688.15,6330672000.0
2003-10-23,CSX,1.16,1.16,1.17,1.15,1.17,721700,21256221.4396,1.16,0.34,214018880,214019000.0,6296435235.58,6296430000.0
2003-10-22,CSX,1.17,1.18,1.18,1.16,1.18,1041600,31090813.1856,1.17,0.49,214018880,214019000.0,6345658507.89,6345656000.0
2003-10-21,CSX,1.18,1.2,1.2,1.17,1.2,915200,27550165.8432,1.18,0.43,214018880,214019000.0,6444105480.54,6444102000.0
2003-10-18,CSX,1.2,1.19,1.21,1.19,1.19,2035400,62160482.9906,1.2,0.95,214018880,214019000.0,6538274215.77,6538270000.0
2003-10-17,CSX,1.19,1.17,1.2,1.16,1.17,1065800,32177562.471,1.19,0.5,214018880,214019000.0,6476210238.71,6476207000.0
2003-10-16,CSX,1.17,1.18,1.19,1.17,1.19,773800,23104429.1462,1.17,0.36,214018880,214019000.0,6364919565.03,6364914000.0
2003-10-15,CSX,1.19,1.18,1.2,1.18,1.19,888300,26821411.9236,1.19,0.42,214018880,214019000.0,6454807066.59,6454801000.0
2003-10-14,CSX,1.19,1.17,1.2,1.17,1.17,853800,25868084.9034,1.19,0.4,214018880,214019000.0,6463369533.94,6463367000.0
2003-10-11,CSX,1.17,1.16,1.17,1.16,1.17,692000,20502506.8,1.16,0.32,214018880,214019000.0,6356360093.94,6356359000.0
2003-10-10,CSX,1.17,1.16,1.18,1.16,1.15,734800,21860951.0328,1.17,0.34,214018880,214019000.0,6358499212.65,6358496000.0
2003-10-09,CSX,1.15,1.16,1.16,1.15,1.15,975600,28624488.3864,1.15,0.46,214018880,214019000.0,6283591320.54,6283586000.0
2003-10-08,CSX,1.15,1.17,1.17,1.15,1.17,1182700,34897085.6349,1.16,0.55,214018880,214019000.0,6281452201.83,6281449000.0
2003-10-07,CSX,1.17,1.17,1.19,1.17,1.17,1352000,40447774.536,1.18,0.63,214018880,214019000.0,6375621151.09,6375617000.0
2003-10-04,CSX,1.17,1.19,1.2,1.17,1.19,1002700,30284536.0676,1.19,0.47,214018880,214019000.0,6390600760.54,6390598000.0
2003-10-03,CSX,1.19,1.18,1.19,1.17,1.18,896700,26910591.9999,1.18,0.42,214018880,214019000.0,6456949395.58,6456945000.0
2003-10-02,CSX,1.18,1.15,1.18,1.15,1.15,726700,21539232.4862,1.16,0.34,214018880,214019000.0,6405583580.27,6405582000.0
2003-10-01,CSX,1.15,1.16,1.16,1.14,1.17,1320800,38527593.3536,1.15,0.62,214018880,214019000.0,6260052240.0,6260047000.0
2003-09-30,CSX,1.17,1.16,1.17,1.16,1.16,963400,28591485.5826,1.17,0.45,214018880,214019000.0,6371339917.41,6371336000.0
2003-09-27,CSX,1.16,1.18,1.18,1.14,1.18,1872700,55000991.1303,1.15,0.88,214018880,214019000.0,6292153787.89,6292148000.0
2003-09-26,CSX,1.18,1.2,1.2,1.18,1.2,1321200,39801150.0,1.18,0.62,213964000,213964000.0,6431757412.07,6431754000.0
2003-09-25,CSX,1.2,1.22,1.23,1.19,1.23,738500,22591895.8615,1.2,0.35,213964000,213964000.0,6517341728.29,6517340000.0
2003-09-24,CSX,1.23,1.21,1.23,1.21,1.21,711800,22074977.9492,1.22,0.33,213964000,213964000.0,6675676158.11,6675672000.0
2003-09-23,CSX,1.21,1.22,1.22,1.21,1.23,543500,16785720.8585,1.21,0.25,213964000,213964000.0,6611486316.22,6611480000.0
2003-09-20,CSX,1.23,1.24,1.25,1.22,1.24,961300,30201536.0457,1.23,0.45,213964000,213964000.0,6716329960.0,6716328000.0
2003-09-19,CSX,1.24,1.22,1.24,1.22,1.22,944900,29738541.9463,1.24,0.44,213964000,213964000.0,6761260474.32,6761258000.0
2003-09-18,CSX,1.22,1.25,1.25,1.22,1.25,678200,21194350.8852,1.23,0.32,213964000,213964000.0,6645721412.07,6645719000.0
2003-09-17,CSX,1.25,1.23,1.25,1.23,1.22,1185800,37388020.2388,1.24,0.55,213964000,213964000.0,6804052632.43,6804051000.0
2003-09-16,CSX,1.22,1.25,1.25,1.22,1.25,814800,25386560.64,1.22,0.38,213964000,213964000.0,6635022570.18,6635020000.0
2003-09-13,CSX,1.25,1.25,1.25,1.23,1.26,603000,19054012.482,1.24,0.28,213964000,213964000.0,6799775706.04,6799773000.0
2003-09-12,CSX,1.26,1.24,1.26,1.23,1.24,731900,23363050.8943,1.25,0.34,213964000,213964000.0,6838287728.29,6838285000.0
2003-09-11,CSX,1.24,1.23,1.24,1.23,1.23,661100,20811758.55,1.24,0.31,213964000,213964000.0,6737724434.32,6737723000.0
2003-09-10,CSX,1.23,1.25,1.25,1.23,1.26,716700,22645997.0532,1.24,0.33,213964000,213964000.0,6714188180.36,6714184000.0
2003-09-09,CSX,1.26,1.25,1.26,1.25,1.24,739100,23668568.1109,1.26,0.35,213964000,213964000.0,6842567864.14,6842566000.0
2003-09-06,CSX,1.24,1.25,1.25,1.23,1.26,1286400,40671977.5872,1.24,0.6,213964000,213964000.0,6771959316.22,6771957000.0
2003-09-05,CSX,1.26,1.28,1.28,1.26,1.28,1313400,42190870.9332,1.26,0.61,213964000,213964000.0,6846848000.0,6846848000.0
2003-09-04,CSX,1.28,1.29,1.3,1.28,1.28,1354600,44358809.8616,1.29,0.63,213964000,213964000.0,6985923316.22,6985922000.0
2003-09-03,CSX,1.28,1.28,1.28,1.26,1.27,943500,30589967.3565,1.27,0.44,213964000,213964000.0,6996622158.11,6996617000.0
2003-08-30,CSX,1.27,1.26,1.28,1.26,1.26,644700,20776937.0865,1.27,0.3,213964000,213964000.0,6906757706.04,6906754000.0
2003-08-29,CSX,1.26,1.25,1.26,1.23,1.24,919200,29122451.9688,1.24,0.43,213964000,213964000.0,6846848000.0,6846848000.0
2003-08-28,CSX,1.24,1.24,1.24,1.22,1.24,912800,28653237.4464,1.23,0.43,213964000,213964000.0,6735585864.14,6735582000.0
2003-08-27,CSX,1.24,1.22,1.24,1.21,1.22,1083600,33781002.444,1.22,0.51,213964000,213964000.0,6763399044.5,6763395000.0
2003-08-26,CSX,1.22,1.22,1.23,1.21,1.22,510400,15782174.8656,1.22,0.24,213964000,213964000.0,6632884000.0,6632883000.0
2003-08-23,CSX,1.22,1.24,1.24,1.22,1.24,1034400,32436086.2848,1.23,0.48,213964000,213964000.0,6654278474.32,6654273000.0
2003-08-22,CSX,1.24,1.21,1.24,1.21,1.22,1228200,38321054.6898,1.23,0.57,213964000,213964000.0,6729167158.11,6729164000.0
2003-08-21,CSX,1.22,1.21,1.22,1.21,1.22,668600,20738699.6542,1.21,0.31,213964000,213964000.0,6641441276.22,6641438000.0
2003-08-20,CSX,1.22,1.21,1.22,1.2,1.21,630700,19496950.8251,1.21,0.29,213964000,213964000.0,6652140118.11,6652137000.0
2003-08-19,CSX,1.21,1.21,1.22,1.21,1.21,865500,26777173.083,1.21,0.4,213964000,213964000.0,6594368982.25,6594367000.0
2003-08-16,CSX,1.21,1.22,1.23,1.2,1.21,669500,20753693.2525,1.21,0.31,213964000,213964000.0,6626462084.5,6626457000.0
2003-08-15,CSX,1.21,1.2,1.22,1.2,1.2,1210300,37458653.0773,1.21,0.57,213964000,213964000.0,6630742434.32,6630738000.0
2003-08-14,CSX,1.2,1.22,1.22,1.19,1.21,702100,21480182.9053,1.2,0.33,213964000,213964000.0,6536597632.43,6536594000.0
2003-08-13,CSX,1.21,1.2,1.21,1.19,1.2,707500,21759727.7925,1.2,0.33,213964000,213964000.0,6620043592.43,6620039000.0
2003-08-12,CSX,1.2,1.2,1.21,1.19,1.21,618100,18908789.7257,1.2,0.29,213964000,213964000.0,6543016338.47,6543012000.0
2003-08-09,CSX,1.21,1.21,1.21,1.19,1.21,579000,17760358.905,1.2,0.27,213964000,213964000.0,6602926044.5,6602922000.0
2003-08-08,CSX,1.21,1.2,1.21,1.19,1.2,645400,19744132.9498,1.2,0.3,213964000,213964000.0,6583670140.36,6583668000.0
2003-08-07,CSX,1.2,1.2,1.21,1.19,1.2,707400,21679755.003,1.2,0.33,213964000,213964000.0,6532320706.04,6532316000.0
2003-08-06,CSX,1.2,1.22,1.22,1.2,1.22,968800,29772861.272,1.2,0.45,213964000,213964000.0,6551576824.14,6551574000.0
2003-08-05,CSX,1.22,1.21,1.23,1.19,1.21,799700,24793409.3836,1.21,0.37,213964000,213964000.0,6690652140.36,6690648000.0
2003-08-02,CSX,1.21,1.22,1.23,1.21,1.23,802400,24908976.2184,1.22,0.38,213964000,213964000.0,6609347960.0,6609344000.0
2003-08-01,CSX,1.23,1.21,1.25,1.21,1.21,1191500,37604210.6425,1.24,0.56,213964000,213964000.0,6697070632.43,6697066000.0
2003-07-31,CSX,1.21,1.23,1.24,1.21,1.23,1163600,36335033.222,1.22,0.54,213964000,213964000.0,6635022570.18,6635020000.0
2003-07-30,CSX,1.23,1.26,1.26,1.23,1.26,1145200,36386539.2324,1.24,0.54,213964000,213964000.0,6742004570.18,6742000000.0
2003-07-29,CSX,1.26,1.27,1.27,1.25,1.28,1107200,35707082.6368,1.26,0.52,213964000,213964000.0,6868242474.32,6868238000.0
2003-07-26,CSX,1.28,1.27,1.28,1.25,1.25,865600,28010988.2544,1.27,0.4,213964000,213964000.0,6973086118.11,6973082000.0
2003-07-25,CSX,1.25,1.23,1.27,1.23,1.22,1128700,36303612.8978,1.26,0.53,213964000,213964000.0,6823311960.0,6823309000.0
2003-07-24,CSX,1.22,1.24,1.24,1.22,1.24,724900,22718363.8253,1.23,0.34,213964000,213964000.0,6682094864.14,6682094000.0
2003-07-23,CSX,1.24,1.23,1.24,1.23,1.21,1451200,45784323.8432,1.24,0.68,213964000,213964000.0,6763399044.5,6763395000.0
2003-07-22,CSX,1.21,1.22,1.23,1.2,1.23,736200,22802901.2532,1.21,0.34,213964000,213964000.0,6609347960.0,6609344000.0
2003-07-19,CSX,1.23,1.22,1.24,1.21,1.21,715900,22405018.3064,1.23,0.33,213964000,213964000.0,6744143140.36,6744141000.0
2003-07-18,CSX,1.21,1.22,1.23,1.21,1.23,576500,17884809.6555,1.22,0.27,213964000,213964000.0,6637161140.36,6637156000.0
2003-07-17,CSX,1.23,1.23,1.24,1.22,1.23,698900,21959085.0555,1.23,0.33,213964000,213964000.0,6718468316.22,6718465000.0
2003-07-16,CSX,1.23,1.24,1.24,1.22,1.23,590900,18588528.0637,1.23,0.28,213964000,213964000.0,6703489338.47,6703484000.0
2003-07-15,CSX,1.23,1.22,1.24,1.22,1.21,704500,22195760.014,1.23,0.33,213964000,213964000.0,6737724434.32,6737723000.0
2003-07-12,CSX,1.21,1.2,1.22,1.2,1.2,503600,15555750.76,1.21,0.24,213964000,213964000.0,6635022570.18,6635020000.0
2003-07-11,CSX,1.2,1.21,1.21,1.19,1.21,749800,22982041.071,1.2,0.35,213964000,213964000.0,6553715180.36,6553711000.0
2003-07-10,CSX,1.21,1.23,1.24,1.21,1.23,1107600,34433725.6068,1.22,0.52,213964000,213964000.0,6607206180.36,6607203000.0
2003-07-09,CSX,1.23,1.22,1.24,1.21,1.22,930400,29147560.0352,1.23,0.43,213964000,213964000.0,6739866000.0,6739863000.0
2003-07-08,CSX,1.22,1.21,1.23,1.21,1.19,742100,23109503.8227,1.22,0.35,213964000,213964000.0,6688513570.18,6688512000.0
2003-07-04,CSX,1.19,1.2,1.21,1.19,1.21,373300,11422008.3001,1.2,0.17,213964000,213964000.0,6515203158.11,6515199000.0
2003-07-03,CSX,1.21,1.2,1.22,1.2,1.2,912400,28172800.7064,1.21,0.43,213964000,213964000.0,6617905022.25,6617902000.0
2003-07-02,CSX,1.2,1.18,1.2,1.17,1.18,1384500,41819776.4205,1.18,0.65,213964000,213964000.0,6547296474.32,6547293000.0
2003-07-01,CSX,1.18,1.18,1.19,1.17,1.17,981700,29566342.8781,1.18,0.46,213964000,213964000.0,6438176118.11,6438172000.0
2003-06-28,CSX,1.17,1.16,1.18,1.16,1.16,1120000,33505237.92,1.17,0.52,213964000,213964000.0,6416778434.32,6416777000.0
2003-06-27,CSX,1.16,1.14,1.16,1.14,1.15,1054500,31080847.596,1.15,0.49,214436000,214436000.0,6325862000.0,6325859000.0
2003-06-26,CSX,1.15,1.16,1.17,1.15,1.16,998300,29511238.4619,1.16,0.47,214436000,214436000.0,6280829153.38,6280824000.0
2003-06-25,CSX,1.16,1.17,1.18,1.16,1.16,1085900,32319195.3951,1.17,0.51,214436000,214436000.0,6351593462.26,6351590000.0
2003-06-24,CSX,1.16,1.19,1.19,1.16,1.19,984100,29429209.3654,1.17,0.46,214436000,214436000.0,6377324710.08,6377320000.0
2003-06-21,CSX,1.19,1.2,1.2,1.18,1.19,1017500,30982360.145,1.19,0.47,214436000,214436000.0,6503841092.33,6503836000.0
2003-06-20,CSX,1.19,1.2,1.21,1.19,1.2,1134400,34659662.3856,1.2,0.53,214436000,214436000.0,6508130670.08,6508129000.0
2003-06-19,CSX,1.2,1.19,1.2,1.18,1.2,1065600,32516246.9376,1.2,0.5,214436000,214436000.0,6561739670.08,6561734000.0
2003-06-18,CSX,1.2,1.21,1.21,1.2,1.21,1156600,35523924.5902,1.2,0.54,214436000,214436000.0,6559596596.69,6559594000.0
2003-06-17,CSX,1.21,1.2,1.21,1.19,1.2,1139400,34952681.0448,1.2,0.53,214436000,214436000.0,6623928040.0,6623922000.0
2003-06-14,CSX,1.2,1.23,1.23,1.2,1.23,1070100,33011285.8986,1.21,0.5,214436000,214436000.0,6576751905.56,6576750000.0
2003-06-13,CSX,1.23,1.22,1.24,1.21,1.21,784000,24495287.376,1.22,0.37,214436000,214436000.0,6718277092.33,6718273000.0
2003-06-12,CSX,1.21,1.23,1.23,1.21,1.23,1461000,45282952.812,1.21,0.68,214436000,214436000.0,6649659287.82,6649656000.0
2003-06-11,CSX,1.23,1.24,1.24,1.22,1.23,1033700,32216799.6793,1.22,0.48,214436000,214436000.0,6718277092.33,6718273000.0
2003-06-10,CSX,1.23,1.24,1.25,1.22,1.24,940800,29573472.2304,1.23,0.44,214436000,214436000.0,6739721978.95,6739719000.0
2003-06-07,CSX,1.24,1.28,1.28,1.24,1.27,1522900,48851126.2842,1.26,0.71,214436000,214436000.0,6804053422.26,6804051000.0
2003-06-06,CSX,1.27,1.27,1.28,1.24,1.27,1021700,32980257.3562,1.26,0.48,214436000,214436000.0,6956301266.77,6956301000.0
2003-06-05,CSX,1.27,1.27,1.28,1.26,1.27,738000,23965147.062,1.27,0.34,214436000,214436000.0,6969170000.0,6969168000.0
2003-06-04,CSX,1.27,1.27,1.27,1.26,1.28,622500,20113031.025,1.27,0.29,214436000,214436000.0,6964880422.26,6964879000.0
2003-06-03,CSX,1.28,1.29,1.3,1.27,1.28,1027800,33703813.9098,1.28,0.48,214436000,214436000.0,6999191040.0,6999188000.0
2003-05-31,CSX,1.28,1.25,1.28,1.25,1.25,1789500,58006440.2865,1.27,0.83,214436000,214436000.0,7022779000.0,7022777000.0
2003-05-30,CSX,1.25,1.24,1.25,1.23,1.24,949400,30073276.9978,1.24,0.44,214436000,214436000.0,6823352018.95,6823348000.0
2003-05-29,CSX,1.24,1.24,1.25,1.23,1.24,821400,25985636.2632,1.24,0.38,214436000,214436000.0,6786898113.38,6786895000.0
2003-05-28,CSX,1.24,1.22,1.24,1.21,1.22,883800,27668674.9782,1.23,0.41,214436000,214436000.0,6774032596.69,6774031000.0
2003-05-24,CSX,1.22,1.21,1.23,1.21,1.21,1291900,40332588.321,1.22,0.6,214436000,214436000.0,6660381731.13,6660379000.0
2003-05-23,CSX,1.21,1.23,1.24,1.21,1.23,1831800,56835610.3056,1.22,0.85,214436000,214436000.0,6647516000.0,6647512000.0
2003-05-22,CSX,1.23,1.24,1.25,1.23,1.24,904500,28575774.432,1.24,0.42,214436000,214436000.0,6759020575.64,6759016000.0
2003-05-21,CSX,1.24,1.24,1.26,1.23,1.24,589000,18814540.088,1.25,0.27,214436000,214436000.0,6812629575.64,6812625000.0
2003-05-20,CSX,1.24,1.27,1.27,1.24,1.27,624700,19897252.2324,1.24,0.29,214436000,214436000.0,6793330978.95,6793328000.0
2003-05-17,CSX,1.27,1.26,1.27,1.25,1.27,660100,21369740.749,1.26,0.31,214436000,214436000.0,6977746153.38,6977742000.0
2003-05-16,CSX,1.27,1.28,1.28,1.26,1.27,999200,32402555.2016,1.27,0.47,214436000,214436000.0,6952014905.56,6952012000.0
2003-05-15,CSX,1.27,1.28,1.29,1.26,1.28,678100,22120570.6619,1.27,0.32,214436000,214436000.0,6975602865.56,6975598000.0
2003-05-14,CSX,1.28,1.27,1.28,1.26,1.27,816200,26565755.9552,1.27,0.38,214436000,214436000.0,7012056556.69,7012055000.0
2003-05-13,CSX,1.27,1.26,1.28,1.25,1.26,750700,24321553.1993,1.26,0.35,214436000,214436000.0,6977746153.38,6977742000.0
2003-05-10,CSX,1.26,1.23,1.26,1.23,1.23,853700,27342121.7619,1.25,0.4,214436000,214436000.0,6906981844.51,6906977000.0
2003-05-09,CSX,1.23,1.24,1.25,1.23,1.24,992500,31449738.545,1.24,0.46,214436000,214436000.0,6778318957.9,6778316000.0
2003-05-08,CSX,1.24,1.26,1.27,1.24,1.26,723200,23170672.7808,1.25,0.34,214436000,214436000.0,6831927957.9,6831922000.0
2003-05-07,CSX,1.26,1.25,1.26,1.24,1.25,929700,29759876.4321,1.25,0.43,214436000,214436000.0,6900548978.95,6900543000.0
2003-05-06,CSX,1.25,1.27,1.27,1.23,1.25,1199800,38443506.8808,1.25,0.56,214436000,214436000.0,6851229556.69,6851227000.0
2003-05-03,CSX,1.25,1.23,1.25,1.23,1.24,669900,21364316.82,1.25,0.31,214436000,214436000.0,6864095287.82,6864094000.0
2003-05-02,CSX,1.24,1.25,1.25,1.23,1.25,652400,20635405.476,1.23,0.3,214436000,214436000.0,6810486287.82,6810484000.0
2003-05-01,CSX,1.25,1.22,1.25,1.22,1.23,1243100,39417078.7545,1.24,0.58,214436000,214436000.0,6857662422.26,6857660000.0
2003-04-30,CSX,1.23,1.23,1.23,1.22,1.23,908800,28572661.0944,1.23,0.42,214436000,214436000.0,6737578905.56,6737574000.0
2003-04-29,CSX,1.23,1.21,1.23,1.21,1.21,778100,24443460.6052,1.23,0.36,214436000,214436000.0,6752587710.08,6752586000.0
2003-04-26,CSX,1.21,1.21,1.22,1.21,1.21,734700,22818670.3989,1.21,0.34,214436000,214436000.0,6660381731.13,6660379000.0
2003-04-25,CSX,1.21,1.19,1.22,1.19,1.2,759500,23505224.736,1.21,0.35,214436000,214436000.0,6653948865.56,6653945000.0
2003-04-24,CSX,1.2,1.21,1.21,1.19,1.21,1221500,37500774.3495,1.2,0.57,214436000,214436000.0,6583184556.69,6583180000.0
2003-04-23,CSX,1.21,1.19,1.21,1.18,1.2,922000,28302344.492,1.2,0.43,214436000,214436000.0,6628214401.2,6628211000.0
2003-04-22,CSX,1.2,1.22,1.22,1.2,1.21,646700,19997384.1532,1.21,0.3,214436000,214436000.0,6574605401.2,6574602000.0
2003-04-18,CSX,1.21,1.2,1.21,1.19,1.2,1388100,42714596.5428,1.2,0.65,214436000,214436000.0,6671100957.9,6671098000.0
2003-04-17,CSX,1.2,1.21,1.22,1.2,1.2,2057900,63526327.5868,1.21,0.96,214436000,214436000.0,6613205596.69,6613203000.0
2003-04-16,CSX,1.2,1.18,1.21,1.18,1.18,1459100,44692507.3108,1.2,0.68,214436000,214436000.0,6615348670.08,6615344000.0
2003-04-15,CSX,1.18,1.14,1.18,1.14,1.14,1119900,33400450.8306,1.16,0.52,214436000,214436000.0,6467387401.2,6467387000.0
2003-04-12,CSX,1.14,1.15,1.16,1.14,1.14,841400,24632480.5846,1.14,0.39,214436000,214436000.0,6278685865.56,6278684000.0
2003-04-11,CSX,1.14,1.15,1.15,1.12,1.15,1227000,35681892.519,1.14,0.57,214436000,214436000.0,6272253000.0,6272250000.0
2003-04-10,CSX,1.15,1.16,1.17,1.15,1.16,1005200,29745475.3148,1.16,0.47,214436000,214436000.0,6306560401.2,6306559000.0
2003-04-09,CSX,1.16,1.17,1.17,1.15,1.17,1323700,39148807.4019,1.15,0.62,214436000,214436000.0,6375181422.26,6375180000.0
2003-04-08,CSX,1.17,1.18,1.2,1.16,1.15,1232100,37362075.9579,1.18,0.57,214436000,214436000.0,6400912670.08,6400910000.0
2003-04-05,CSX,1.15,1.16,1.16,1.15,1.14,773900,22893817.8122,1.16,0.36,214436000,214436000.0,6328005287.82,6328004000.0
2003-04-04,CSX,1.14,1.17,1.17,1.14,1.17,916400,26939036.9088,1.15,0.43,214436000,214436000.0,6267963422.26,6267961000.0
2003-04-03,CSX,1.17,1.14,1.17,1.14,1.12,1294900,38268171.9306,1.15,0.6,214436000,214436000.0,6411635113.38,6411629000.0
2003-04-02,CSX,1.12,1.11,1.13,1.1,1.11,1031400,29499998.6286,1.12,0.48,214436000,214436000.0,6147879905.56,6147875000.0
2003-04-01,CSX,1.11,1.11,1.12,1.1,1.14,994500,28285661.4885,1.11,0.46,214436000,214436000.0,6115712575.64,6115711000.0
2003-03-29,CSX,1.14,1.12,1.14,1.11,1.12,1659400,47850937.9666,1.13,0.77,214436000,214436000.0,6257240978.95,6257238000.0
2003-03-28,CSX,1.12,1.13,1.13,1.11,1.14,1200700,34463439.953,1.12,0.56,214686880,214687000.0,6159364010.96,6159359000.0
2003-03-27,CSX,1.14,1.12,1.14,1.12,1.12,1909700,55425971.7024,1.13,0.89,214686880,214687000.0,6251681086.85,6251676000.0
2003-03-26,CSX,1.12,1.13,1.13,1.1,1.13,1954000,55604950.644,1.11,0.91,214686880,214687000.0,6142188631.18,6142188000.0
2003-03-25,CSX,1.13,1.14,1.15,1.12,1.17,1559900,45088575.6814,1.13,0.73,214686880,214687000.0,6206595339.24,6206594000.0
2003-03-22,CSX,1.17,1.12,1.17,1.11,1.1,2144200,62945109.4696,1.15,1.0,214686880,214687000.0,6438457599.02,6438453000.0
2003-03-21,CSX,1.1,1.09,1.1,1.08,1.09,647500,18072300.6275,1.09,0.3,214686880,214687000.0,6058460747.98,6058457000.0
2003-03-20,CSX,1.09,1.1,1.1,1.08,1.09,997700,27752215.7561,1.09,0.46,214686880,214687000.0,5996203055.59,5996199000.0
2003-03-19,CSX,1.09,1.09,1.1,1.08,1.09,1157800,32197709.4264,1.09,0.54,214686880,214687000.0,6006938043.65,6006938000.0
2003-03-18,CSX,1.09,1.05,1.09,1.05,1.05,1600600,43975346.9734,1.07,0.75,214686880,214687000.0,5996203055.59,5996199000.0
2003-03-15,CSX,1.05,1.08,1.08,1.05,1.07,2093700,57010389.4941,1.06,0.98,214686880,214687000.0,5785810771.94,5785809000.0
2003-03-14,CSX,1.07,1.05,1.07,1.04,1.03,1487300,40268348.5527,1.06,0.69,214686880,214687000.0,5903889200.0,5903887000.0
2003-03-13,CSX,1.03,1.03,1.03,1.02,1.03,1113300,29288695.2867,1.03,0.52,214686880,214687000.0,5689202320.0,5689199000.0
2003-03-12,CSX,1.03,1.03,1.04,1.03,1.03,1020900,27003814.6701,1.03,0.48,214686880,214687000.0,5661292166.85,5661289000.0
2003-03-11,CSX,1.03,1.05,1.05,1.03,1.06,1339100,35646018.4535,1.04,0.62,214686880,214687000.0,5689202320.0,5689199000.0
2003-03-08,CSX,1.06,1.04,1.07,1.04,1.05,1192100,32111939.8327,1.05,0.56,214686880,214687000.0,5813717919.47,5813715000.0
2003-03-07,CSX,1.05,1.05,1.05,1.04,1.05,1527300,41000673.96,1.05,0.71,214686880,214687000.0,5762195215.14,5762191000.0
2003-03-06,CSX,1.05,1.03,1.05,1.03,1.03,1369900,36570159.9704,1.04,0.64,214686880,214687000.0,5770781187.53,5770777000.0
2003-03-05,CSX,1.03,1.04,1.04,1.03,1.05,985900,26157987.531,1.04,0.46,214686880,214687000.0,5656997355.82,5656992000.0
2003-03-04,CSX,1.05,1.05,1.06,1.05,1.05,1090900,29431928.9137,1.05,0.51,214686880,214687000.0,5783661970.96,5783656000.0
2003-03-01,CSX,1.05,1.02,1.05,1.02,1.01,1243500,33160026.528,1.04,0.58,214686880,214687000.0,5766486591.18,5766484000.0
2003-02-28,CSX,1.01,1.04,1.04,1.0,1.04,1561200,40673934.2328,1.02,0.73,214686880,214687000.0,5579710079.02,5579707000.0
2003-02-27,CSX,1.04,1.04,1.05,1.03,1.04,852500,22671289.52,1.04,0.4,214686880,214687000.0,5706374479.47,5706371000.0
2003-02-26,CSX,1.04,1.02,1.04,1.0,1.03,1241200,32548603.2352,1.02,0.58,214686880,214687000.0,5708523495.14,5708520000.0
2003-02-25,CSX,1.03,1.05,1.05,1.02,1.05,914200,24022245.989,1.03,0.43,214686880,214687000.0,5648411383.43,5648406000.0
2003-02-22,CSX,1.05,1.05,1.06,1.04,1.04,695400,18762090.8844,1.05,0.32,214686880,214687000.0,5800837350.73,5800836000.0
2003-02-21,CSX,1.04,1.05,1.06,1.04,1.05,838000,22649208.41,1.05,0.39,214686880,214687000.0,5749314431.71,5749309000.0
2003-02-20,CSX,1.05,1.06,1.06,1.04,1.06,823800,22209968.4582,1.05,0.38,214686880,214687000.0,5798691555.37,5798688000.0
2003-02-19,CSX,1.06,1.03,1.06,1.03,1.03,759500,20466854.1,1.05,0.35,214686880,214687000.0,5854509070.73,5854504000.0
2003-02-15,CSX,1.03,1.03,1.03,1.02,1.03,728200,19201241.6816,1.03,0.34,214686880,214687000.0,5667732343.88,5667727000.0
2003-02-14,CSX,1.03,1.04,1.05,1.02,1.04,778200,20645016.4362,1.03,0.36,214686880,214687000.0,5661292166.85,5661289000.0
2003-02-13,CSX,1.04,1.04,1.05,1.03,1.04,551100,14759668.7667,1.04,0.26,214686880,214687000.0,5766486591.18,5766484000.0
2003-02-12,CSX,1.04,1.07,1.07,1.03,1.06,771400,20817301.246,1.05,0.36,214686880,214687000.0,5721404063.88,5721402000.0
2003-02-11,CSX,1.06,1.05,1.06,1.04,1.05,564900,15276081.7251,1.05,0.26,214686880,214687000.0,5839482491.94,5839477000.0
2003-02-08,CSX,1.05,1.07,1.08,1.05,1.07,476000,12965284.192,1.06,0.22,214686880,214687000.0,5818012515.82,5818012000.0
2003-02-07,CSX,1.07,1.06,1.08,1.05,1.07,520400,14304647.4772,1.07,0.24,214686880,214687000.0,5927501751.18,5927500000.0
2003-02-06,CSX,1.07,1.08,1.09,1.06,1.08,703300,19497655.5267,1.08,0.33,214686880,214687000.0,5895300007.3,5895297000.0
2003-02-05,CSX,1.08,1.09,1.1,1.07,1.09,1158900,32192490.9021,1.08,0.54,214686880,214687000.0,5936090943.88,5936086000.0
2003-02-04,CSX,1.09,1.09,1.09,1.08,1.09,966600,26932751.8074,1.08,0.45,214686880,214687000.0,6017673031.71,6017668000.0
2003-02-01,CSX,1.09,1.08,1.09,1.07,1.08,1220500,33908040.845,1.08,0.57,214686880,214687000.0,6017673031.71,6017668000.0
2003-01-31,CSX,1.08,1.06,1.09,1.06,1.04,2568100,70941962.2619,1.07,1.2,214686880,214687000.0,5942531335.59,5942527000.0
2003-01-30,CSX,1.04,1.0,1.05,1.0,1.01,1494000,39533917.248,1.03,0.7,214686880,214687000.0,5742874040.0,5742871000.0
2003-01-29,CSX,1.01,1.01,1.02,0.99,1.01,1576300,40768002.9537,1.01,0.73,214686880,214687000.0,5562534699.24,5562531000.0
2003-01-28,CSX,1.01,1.02,1.03,1.0,1.03,1297300,33844216.6708,1.01,0.6,214686880,214687000.0,5584004675.37,5584000000.0
2003-01-25,CSX,1.03,1.06,1.06,1.02,1.06,1140800,30386907.792,1.04,0.53,214686880,214687000.0,5678467331.94,5678465000.0
2003-01-24,CSX,1.06,1.05,1.07,1.05,1.04,1725800,47076372.4,1.06,0.81,212885920,212886000.0,5816041844.2,5816039000.0
2003-01-23,CSX,1.04,1.11,1.11,1.04,1.12,2657800,72775079.6022,1.07,1.25,212885920,212886000.0,5715985036.03,5715980000.0
2003-01-22,CSX,1.12,1.14,1.14,1.12,1.12,958600,27883565.08,1.13,0.45,212885920,212886000.0,6114080642.0,6114078000.0
2003-01-18,CSX,1.12,1.13,1.13,1.12,1.14,1150100,33288723.2699,1.13,0.54,212885920,212886000.0,6156660593.51,6156656000.0
2003-01-17,CSX,1.14,1.18,1.18,1.14,1.18,1780500,52818167.4975,1.15,0.84,212885920,212886000.0,6226913160.0,6226910000.0
2003-01-16,CSX,1.18,1.2,1.2,1.18,1.19,718000,21872859.774,1.18,0.34,212885920,212886000.0,6471730690.68,6471727000.0
2003-01-15,CSX,1.19,1.18,1.19,1.17,1.18,1119400,34201807.3024,1.19,0.53,212885920,212886000.0,6520693600.74,6520688000.0
2003-01-14,CSX,1.18,1.19,1.19,1.17,1.19,786100,23802867.4534,1.18,0.37,212885920,212886000.0,6454699604.2,6454695000.0
2003-01-11,CSX,1.19,1.17,1.2,1.17,1.18,1218800,37149131.2544,1.19,0.57,212885920,212886000.0,6493020560.0,6493020000.0
2003-01-10,CSX,1.18,1.14,1.18,1.14,1.14,1604000,48202115.176,1.17,0.75,212885920,212886000.0,6435540510.06,6435535000.0
2003-01-09,CSX,1.14,1.14,1.16,1.14,1.14,678200,19972036.4508,1.15,0.32,212885920,212886000.0,6246072254.14,6246066000.0
2003-01-08,CSX,1.14,1.15,1.16,1.13,1.16,766800,22545682.1064,1.14,0.36,212885920,212886000.0,6246072254.14,6246066000.0
2003-01-07,CSX,1.16,1.13,1.17,1.13,1.13,600400,17853013.4796,1.16,0.28,212885920,212886000.0,6337611709.54,6337609000.0
2003-01-04,CSX,1.13,1.14,1.15,1.13,1.14,615800,17967996.5242,1.13,0.29,212885920,212886000.0,6199237138.86,6199234000.0
2003-01-03,CSX,1.14,1.11,1.14,1.1,1.1,825400,24015580.8752,1.13,0.39,212885920,212886000.0,6260972565.45,6260969000.0
2003-01-01,CSX,1.1,1.1,1.11,1.08,1.1,545900,15378652.0751,1.1,0.26,212885920,212886000.0,6026799969.43,6026797000.0
2002-12-31,CSX,1.1,1.09,1.1,1.09,1.1,763700,21479435.9493,1.09,0.36,212885920,212886000.0,6001251530.17,6001246000.0
2002-12-28,CSX,1.1,1.12,1.12,1.1,1.12,387000,10971411.3,1.1,0.18,212885920,212886000.0,6003382305.34,6003379000.0
2002-12-27,CSX,1.12,1.12,1.13,1.11,1.12,444900,12809068.7406,1.12,0.21,212885920,212886000.0,6109825265.34,6109820000.0
2002-12-25,CSX,1.12,1.11,1.12,1.11,1.11,266600,7638035.6136,1.11,0.13,212885920,212886000.0,6126856564.71,6126855000.0
2002-12-24,CSX,1.11,1.12,1.12,1.1,1.12,456100,13010932.089,1.11,0.21,212885920,212886000.0,6073635084.71,6073633000.0
2002-12-21,CSX,1.12,1.12,1.13,1.11,1.11,1022700,29454059.6511,1.12,0.48,212885920,212886000.0,6124725789.54,6124723000.0
2002-12-20,CSX,1.11,1.13,1.15,1.1,1.13,907300,26145748.4789,1.12,0.43,212885920,212886000.0,6075762879.48,6075758000.0
2002-12-19,CSX,1.13,1.13,1.15,1.13,1.14,1000700,29260962.3458,1.14,0.47,212885920,212886000.0,6177947269.54,6177945000.0
2002-12-18,CSX,1.14,1.14,1.16,1.13,1.13,1821800,53582397.2002,1.14,0.86,212885920,212886000.0,6248199836.03,6248199000.0
2002-12-17,CSX,1.13,1.11,1.14,1.1,1.08,1597000,45910070.512,1.12,0.75,212885920,212886000.0,6205623290.68,6205621000.0
2002-12-14,CSX,1.08,1.07,1.09,1.06,1.07,1129700,31337643.0224,1.08,0.53,212885920,212886000.0,5924612386.08,5924609000.0
2002-12-13,CSX,1.07,1.1,1.1,1.07,1.1,858200,23944377.3072,1.09,0.4,212885920,212886000.0,5882035840.74,5882035000.0
2002-12-12,CSX,1.1,1.09,1.11,1.09,1.1,1109500,31360457.9715,1.1,0.52,212885920,212886000.0,6037441710.8,6037438000.0
2002-12-11,CSX,1.1,1.09,1.1,1.08,1.09,985300,27630165.8817,1.09,0.46,212885920,212886000.0,5994865165.45,5994863000.0
2002-12-10,CSX,1.09,1.11,1.11,1.09,1.11,922000,25957798.068,1.1,0.43,212885920,212886000.0,5977833866.08,5977832000.0
2002-12-07,CSX,1.11,1.08,1.11,1.08,1.09,906400,25650472.8304,1.1,0.43,212885920,212886000.0,6067248720.0,6067246000.0
2002-12-06,CSX,1.09,1.09,1.09,1.08,1.09,631900,17637276.85,1.09,0.3,212885920,212886000.0,5943774673.51,5943770000.0
2002-12-05,CSX,1.09,1.1,1.11,1.08,1.1,925200,26029015.2036,1.09,0.43,212885920,212886000.0,5971447501.37,5971445000.0
2002-12-04,CSX,1.1,1.07,1.1,1.06,1.06,2111100,58830420.5868,1.08,0.99,212885920,212886000.0,6007637682.0,6007633000.0
2002-12-03,CSX,1.06,1.09,1.09,1.06,1.08,1286000,35412821.196,1.07,0.6,212885920,212886000.0,5824555790.8,5824555000.0
2002-11-30,CSX,1.08,1.09,1.09,1.08,1.09,691200,19299125.8368,1.09,0.32,212885920,212886000.0,5886294410.68,5886289000.0
2002-11-28,CSX,1.09,1.07,1.09,1.06,1.05,1548000,43240116.816,1.09,0.73,212885920,212886000.0,5960805760.0,5960801000.0
2002-11-27,CSX,1.05,1.07,1.07,1.05,1.07,1437800,38906580.44,1.05,0.68,212885920,212886000.0,5769206516.03,5769203000.0
2002-11-26,CSX,1.07,1.07,1.08,1.06,1.07,1136700,31228776.2097,1.07,0.53,212885920,212886000.0,5854362800.0,5854359000.0
2002-11-23,CSX,1.07,1.08,1.09,1.07,1.08,1105700,30665139.9273,1.08,0.52,212885920,212886000.0,5843717865.34,5843715000.0
2002-11-22,CSX,1.08,1.06,1.09,1.06,1.06,1321100,36696588.3878,1.08,0.62,212885920,212886000.0,5918226021.37,5918223000.0
2002-11-21,CSX,1.06,1.06,1.07,1.04,1.06,1001500,27295276.5925,1.06,0.47,212885920,212886000.0,5816041844.2,5816039000.0
2002-11-20,CSX,1.06,1.06,1.07,1.05,1.06,844400,23096355.5828,1.06,0.4,212885920,212886000.0,5818169426.08,5818168000.0
2002-11-19,CSX,1.06,1.07,1.07,1.05,1.08,1208700,33148582.9956,1.06,0.57,212885920,212886000.0,5845845660.11,5845844000.0
2002-11-16,CSX,1.08,1.08,1.09,1.07,1.08,1452100,40404235.2532,1.08,0.68,212885920,212886000.0,5922484804.2,5922480000.0
2002-11-15,CSX,1.08,1.09,1.1,1.08,1.09,1027600,28868259.9296,1.09,0.48,212885920,212886000.0,5952288620.11,5952285000.0
2002-11-14,CSX,1.09,1.09,1.12,1.07,1.09,898600,25185152.06,1.09,0.42,212885920,212886000.0,5971447501.37,5971445000.0
2002-11-13,CSX,1.09,1.09,1.12,1.08,1.08,954700,26921488.8753,1.09,0.45,212885920,212886000.0,5996996153.51,5996992000.0
2002-11-12,CSX,1.08,1.12,1.12,1.08,1.12,953800,27118724.8786,1.1,0.45,212885920,212886000.0,5948030050.17,5948027000.0
2002-11-09,CSX,1.12,1.14,1.16,1.12,1.14,717100,20926329.7335,1.13,0.34,212885920,212886000.0,6173691680.0,6173688000.0
2002-11-08,CSX,1.14,1.15,1.15,1.13,1.16,875600,25898232.3688,1.15,0.41,212885920,212886000.0,6239685889.43,6239684000.0
2002-11-07,CSX,1.16,1.13,1.17,1.13,1.13,1366700,40703869.8531,1.15,0.64,212885920,212886000.0,6386577600.0,6386574000.0
2002-11-06,CSX,1.13,1.12,1.14,1.11,1.13,950200,27617739.7372,1.13,0.45,212885920,212886000.0,6226913160.0,6226910000.0
2002-11-05,CSX,1.13,1.12,1.14,1.12,1.11,1715800,49774484.6578,1.12,0.81,212885920,212886000.0,6184333421.37,6184332000.0
2002-11-02,CSX,1.11,1.07,1.12,1.06,1.07,1483000,42004047.1,1.1,0.7,212885920,212886000.0,6084276826.08,6084273000.0
2002-11-01,CSX,1.07,1.09,1.09,1.07,1.08,1377100,38224989.5829,1.08,0.65,212885920,212886000.0,5875649476.03,5875645000.0
2002-10-31,CSX,1.08,1.06,1.09,1.05,1.05,1722300,47872351.5462,1.08,0.81,212885920,212886000.0,5945902255.4,5945898000.0
2002-10-30,CSX,1.05,1.07,1.07,1.02,1.07,894400,23977429.3824,1.04,0.42,212885920,212886000.0,5777723868.8,5777723000.0
2002-10-29,CSX,1.07,1.06,1.09,1.05,1.06,1069300,29474491.0198,1.07,0.5,212885920,212886000.0,5854362800.0,5854359000.0
2002-10-26,CSX,1.06,1.06,1.07,1.02,1.07,1535700,41318006.9643,1.04,0.72,212885920,212886000.0,5833072930.68,5833070000.0
2002-10-25,CSX,1.07,1.11,1.12,1.06,1.08,1780700,49897694.5151,1.09,0.84,212885920,212886000.0,5865004541.37,5865000000.0
2002-10-24,CSX,1.08,1.07,1.09,1.05,1.07,1028300,28385291.9168,1.07,0.48,212885920,212886000.0,5958674984.83,5958672000.0
2002-10-23,CSX,1.07,1.08,1.1,1.06,1.08,1026700,28434449.3131,1.07,0.48,212885920,212886000.0,5871390906.08,5871391000.0
2002-10-22,CSX,1.08,1.05,1.08,1.03,1.05,1202200,32787943.227,1.06,0.56,212885920,212886000.0,5922484804.2,5922480000.0
2002-10-19,CSX,1.05,1.06,1.07,1.03,1.07,901500,24411893.391,1.05,0.42,212885920,212886000.0,5790496385.34,5790492000.0
2002-10-18,CSX,1.07,1.07,1.08,1.05,1.05,1208400,33446456.5116,1.07,0.57,212885920,212886000.0,5875649476.03,5875645000.0
2002-10-17,CSX,1.05,1.06,1.07,1.03,1.08,952200,25615032.219,1.04,0.45,212885920,212886000.0,5743661270.06,5743656000.0
2002-10-16,CSX,1.08,1.04,1.08,1.02,1.02,2028100,55649615.9366,1.06,0.95,212885920,212886000.0,5948030050.17,5948027000.0
2002-10-15,CSX,1.02,1.02,1.04,1.01,1.03,1067000,28129426.633,1.02,0.5,212885920,212886000.0,5598897141.37,5598895000.0
2002-10-12,CSX,1.03,1.03,1.05,1.02,1.02,1810900,48413308.6619,1.04,0.85,212885920,212886000.0,5641476880.0,5641473000.0
2002-10-11,CSX,1.02,0.98,1.03,0.98,0.99,1179800,30700274.2416,1.01,0.55,212885920,212886000.0,5603155924.2,5603152000.0
2002-10-10,CSX,0.99,1.01,1.01,0.98,1.02,1621200,41528976.9552,0.99,0.76,212885920,212886000.0,5443491484.2,5443488000.0
2002-10-09,CSX,1.02,1.0,1.02,0.97,0.99,2007400,51721058.4652,1.0,0.94,212885920,212886000.0,5586124624.83,5586121000.0
2002-10-08,CSX,0.99,1.02,1.04,0.99,1.02,1301000,33695376.998,1.0,0.61,212885920,212886000.0,5445619066.08,5445613000.0
2002-10-05,CSX,1.02,1.04,1.05,0.99,1.04,1191300,31196096.58,1.01,0.56,212885920,212886000.0,5601028129.43,5601023000.0
2002-10-04,CSX,1.04,1.02,1.05,1.01,1.02,1385100,36844471.6686,1.03,0.65,212885920,212886000.0,5726629970.68,5726625000.0
2002-10-03,CSX,1.02,1.06,1.06,1.01,1.06,2249300,59324808.3991,1.02,1.06,212885920,212886000.0,5611669870.8,5611668000.0
2002-10-02,CSX,1.06,1.03,1.06,1.01,1.02,1623300,43338538.74,1.03,0.76,212885920,212886000.0,5811783061.37,5811777000.0
2002-10-01,CSX,1.02,1.06,1.06,1.0,1.06,1937500,50886486.4375,1.02,0.91,212885920,212886000.0,5615928440.74,5615926000.0
2002-09-28,CSX,1.06,1.1,1.1,1.05,1.1,1909900,52742075.6702,1.07,0.9,212885920,212886000.0,5813914049.43,5813910000.0
2002-09-27,CSX,1.1,1.06,1.1,1.06,1.06,1884800,52497703.8208,1.08,0.89,212885920,212886000.0,6033186334.14,6033184000.0
2002-09-26,CSX,1.06,1.06,1.07,1.05,1.04,1334300,36373418.29,1.06,0.63,212885920,212886000.0,5841587090.17,5841582000.0
2002-09-25,CSX,1.04,1.09,1.1,1.04,1.11,1365600,37527641.1888,1.07,0.64,212885920,212886000.0,5737274905.34,5737273000.0
2002-09-24,CSX,1.11,1.14,1.14,1.09,1.14,1171000,33620811.687,1.11,0.55,212885920,212886000.0,6073635084.71,6073633000.0
2002-09-21,CSX,1.14,1.12,1.14,1.11,1.11,1066000,30963025.34,1.13,0.5,212885920,212886000.0,6263103553.51,6263098000.0
2002-09-20,CSX,1.11,1.11,1.13,1.1,1.12,1024400,29568061.354,1.12,0.48,212885920,212886000.0,6073635084.71,6073633000.0
2002-09-19,CSX,1.12,1.11,1.13,1.1,1.12,1504000,43295790.88,1.12,0.71,212885920,212886000.0,6173691680.0,6173688000.0
2002-09-18,CSX,1.12,1.14,1.15,1.11,1.13,1212600,35378090.04,1.13,0.57,212885920,212886000.0,6165174540.11,6165172000.0
2002-09-17,CSX,1.13,1.12,1.13,1.11,1.12,798500,23092460.3,1.12,0.38,212885920,212886000.0,6184333421.37,6184332000.0
2002-09-14,CSX,1.12,1.12,1.12,1.1,1.12,1189300,34122907.987,1.11,0.56,212885920,212886000.0,6158788175.4,6158785000.0
2002-09-13,CSX,1.12,1.12,1.13,1.1,1.13,1379700,39854964.8133,1.12,0.65,212885920,212886000.0,6137498306.08,6137496000.0
2002-09-12,CSX,1.13,1.13,1.14,1.12,1.12,949200,27771777.1296,1.13,0.45,212885920,212886000.0,6222654590.06,6222652000.0
2002-09-11,CSX,1.12,1.12,1.13,1.1,1.11,1652300,47895043.3039,1.12,0.78,212885920,212886000.0,6177947269.54,6177945000.0
2002-09-10,CSX,1.11,1.14,1.14,1.11,1.15,1921100,55685196.71,1.12,0.9,212885920,212886000.0,6120470200.0,6120465000.0
2002-09-07,CSX,1.15,1.15,1.17,1.12,1.13,3272200,96952658.4234,1.15,1.54,212885920,212886000.0,6303549110.8,6303547000.0
2002-09-06,CSX,1.13,1.2,1.2,1.08,1.34,9223098,265779220.4673,1.12,4.33,212885920,212886000.0,6180078044.71,6180074000.0
2002-09-05,CSX,1.34,1.31,1.34,1.29,1.31,856600,29138700.0804,1.32,0.4,212885920,212886000.0,7372237280.74,7372234000.0
2002-09-04,CSX,1.31,1.34,1.35,1.31,1.35,855700,29144109.1701,1.32,0.4,212885920,212886000.0,7182769024.83,7182766000.0
2002-08-31,CSX,1.35,1.32,1.37,1.32,1.32,1099100,38194161.3427,1.35,0.52,212885920,212886000.0,7414813826.08,7414809000.0
2002-08-30,CSX,1.32,1.34,1.35,1.32,1.36,1107000,38100049.623,1.33,0.52,212885920,212886000.0,7238121280.0,7238117000.0
2002-08-29,CSX,1.36,1.41,1.41,1.35,1.42,947500,33576178.5,1.37,0.45,212885920,212886000.0,7472293876.03,7472289000.0
2002-08-28,CSX,1.42,1.4,1.43,1.4,1.4,1036400,37784652.4944,1.41,0.49,212885920,212886000.0,7774591669.54,7774586000.0
2002-08-27,CSX,1.4,1.39,1.41,1.37,1.39,545700,19645200.0,1.4,0.26,212885920,212886000.0,7680921226.08,7680918000.0
2002-08-24,CSX,1.39,1.41,1.41,1.38,1.41,550200,19803346.9494,1.39,0.26,212885920,212886000.0,7627699746.08,7627695000.0
2002-08-23,CSX,1.41,1.4,1.42,1.39,1.41,947200,34303321.6,1.4,0.44,212885920,212886000.0,7727756341.37,7727754000.0
2002-08-22,CSX,1.41,1.38,1.41,1.37,1.37,910400,32779943.4256,1.4,0.43,212885920,212886000.0,7721370189.54,7721367000.0
2002-08-21,CSX,1.37,1.39,1.4,1.37,1.39,668200,23884133.4498,1.38,0.31,212885920,212886000.0,7568091901.37,7568086000.0
2002-08-20,CSX,1.39,1.38,1.4,1.37,1.38,812900,29164239.3394,1.39,0.38,212885920,212886000.0,7659634550.06,7659629000.0
2002-08-17,CSX,1.38,1.36,1.38,1.35,1.36,1291400,45788777.2144,1.37,0.61,212885920,212886000.0,7578736836.03,7578734000.0
2002-08-16,CSX,1.36,1.38,1.38,1.34,1.38,1335000,47269666.65,1.37,0.63,212885920,212886000.0,7517001409.43,7516996000.0
2002-08-15,CSX,1.38,1.33,1.38,1.3,1.33,963900,33433252.2405,1.34,0.45,212885920,212886000.0,7595768135.4,7595766000.0
2002-08-14,CSX,1.33,1.35,1.38,1.33,1.35,767600,26882339.9012,1.35,0.36,212885920,212886000.0,7353078399.48,7353074000.0
2002-08-13,CSX,1.35,1.36,1.36,1.33,1.38,834400,29043960.4112,1.35,0.39,212885920,212886000.0,7412686244.2,7412684000.0
2002-08-10,CSX,1.38,1.38,1.4,1.35,1.38,1306200,46651964.898,1.38,0.61,212885920,212886000.0,7610671640.0,7610668000.0
2002-08-09,CSX,1.38,1.33,1.39,1.32,1.32,1533300,53757635.997,1.35,0.72,212885920,212886000.0,7621313381.37,7621309000.0
2002-08-08,CSX,1.32,1.31,1.33,1.27,1.3,1556000,52525566.796,1.3,0.73,212885920,212886000.0,7289211984.83,7289207000.0
2002-08-07,CSX,1.3,1.26,1.31,1.25,1.23,1368500,45769200.589,1.29,0.64,212885920,212886000.0,7144451049.43,7144449000.0
2002-08-06,CSX,1.23,1.28,1.29,1.22,1.28,1072700,34782072.233,1.25,0.5,212885920,212886000.0,6788931988.8,6788930000.0
2002-08-03,CSX,1.28,1.34,1.34,1.26,1.33,1368000,45982300.824,1.3,0.64,212885920,212886000.0,7048649830.8,7048645000.0
2002-08-02,CSX,1.33,1.34,1.34,1.31,1.34,981600,33786266.5992,1.33,0.46,212885920,212886000.0,7340305670.06,7340301000.0
2002-08-01,CSX,1.34,1.35,1.35,1.31,1.35,947000,32589004.936,1.33,0.44,212885920,212886000.0,7359464764.2,7359461000.0
2002-07-31,CSX,1.35,1.35,1.38,1.31,1.35,1490000,51835590.63,1.34,0.7,212885920,212886000.0,7442490060.11,7442488000.0
2002-07-30,CSX,1.35,1.3,1.35,1.3,1.3,1261000,43487587.468,1.33,0.59,212885920,212886000.0,7427589748.8,7427586000.0
2002-07-27,CSX,1.3,1.3,1.31,1.26,1.3,1139500,37740913.4445,1.28,0.54,212885920,212886000.0,7135933909.54,7135930000.0
2002-07-26,CSX,1.3,1.25,1.3,1.23,1.25,2009900,65854556.4009,1.27,0.94,212885920,212886000.0,7161482348.8,7161477000.0
2002-07-25,CSX,1.25,1.2,1.26,1.19,1.23,1947300,61118734.7727,1.21,0.91,212885920,212886000.0,6888985390.8,6888980000.0
2002-07-24,CSX,1.23,1.24,1.26,1.2,1.24,2229400,70880640.693,1.23,1.05,212885920,212886000.0,6750610820.11,6750609000.0
2002-07-23,CSX,1.24,1.27,1.28,1.21,1.27,1928200,61860308.0108,1.24,0.91,212885920,212886000.0,6812349440.0,6812348000.0
2002-07-20,CSX,1.27,1.26,1.29,1.25,1.28,1637800,53830380.0354,1.27,0.77,212885920,212886000.0,6995428350.8,6995426000.0
2002-07-19,CSX,1.28,1.29,1.3,1.27,1.28,1484300,49351480.3099,1.28,0.7,212885920,212886000.0,7033749519.48,7033746000.0
2002-07-18,CSX,1.28,1.28,1.28,1.25,1.25,2363000,77849739.174,1.27,1.11,212885920,212886000.0,7048649830.8,7048645000.0
2002-07-17,CSX,1.25,1.22,1.27,1.2,1.23,1999600,64358311.7628,1.24,0.94,212885920,212886000.0,6908147465.34,6908145000.0
2002-07-16,CSX,1.23,1.29,1.29,1.18,1.29,2741300,86964414.5618,1.23,1.29,212885920,212886000.0,6780414636.03,6780410000.0
2002-07-13,CSX,1.29,1.32,1.33,1.27,1.31,1460500,49328958.5555,1.31,0.69,212885920,212886000.0,7097615934.14,7097613000.0
2002-07-12,CSX,1.31,1.31,1.33,1.29,1.32,1439500,48650624.5945,1.31,0.68,212885920,212886000.0,7216831410.68,7216828000.0
2002-07-11,CSX,1.32,1.34,1.35,1.32,1.33,775900,26775997.0882,1.33,0.36,212885920,212886000.0,7280697825.34,7280695000.0
2002-07-10,CSX,1.33,1.37,1.38,1.33,1.36,937500,32987437.5,1.36,0.44,212885920,212886000.0,7327533153.51,7327531000.0
2002-07-09,CSX,1.36,1.4,1.41,1.36,1.4,1359200,48515555.2808,1.38,0.64,212885920,212886000.0,7517001409.43,7516996000.0
2002-07-06,CSX,1.4,1.36,1.4,1.36,1.36,694200,24892201.5264,1.39,0.33,212885920,212886000.0,7693697148.8,7693695000.0
2002-07-04,CSX,1.36,1.38,1.38,1.33,1.38,1269400,44535106.6072,1.36,0.6,212885920,212886000.0,7476552658.86,7476551000.0
2002-07-03,CSX,1.38,1.39,1.41,1.37,1.39,1945000,69680778.385,1.38,0.91,212885920,212886000.0,7585123200.74,7585121000.0
2002-07-02,CSX,1.39,1.36,1.41,1.36,1.35,1581500,56675718.909,1.38,0.74,212885920,212886000.0,7659634550.06,7659629000.0
2002-06-29,CSX,1.35,1.35,1.38,1.34,1.35,1183100,41752656.6914,1.36,0.56,212885920,212886000.0,7461648941.37,7461645000.0
2002-06-28,CSX,1.35,1.32,1.35,1.32,1.31,1478900,51174801.1443,1.34,0.7,212361920,212362000.0,7443282747.66,7443281000.0
2002-06-27,CSX,1.31,1.26,1.31,1.25,1.28,1156500,38463101.361,1.29,0.54,212361920,212362000.0,7177830347.66,7177824000.0
2002-06-26,CSX,1.28,1.34,1.34,1.26,1.34,1160700,38985694.9023,1.3,0.55,212361920,212362000.0,7048289576.46,7048289000.0
2002-06-25,CSX,1.34,1.32,1.35,1.31,1.32,1118900,38469563.2888,1.33,0.53,212361920,212362000.0,7341350087.87,7341348000.0
2002-06-22,CSX,1.32,1.34,1.35,1.32,1.34,1262800,43453435.4408,1.33,0.59,212361920,212362000.0,7243662118.13,7243660000.0
2002-06-21,CSX,1.34,1.32,1.34,1.32,1.33,1035800,35742243.9126,1.33,0.49,212361920,212362000.0,7345598175.71,7345594000.0
2002-06-20,CSX,1.33,1.33,1.35,1.32,1.33,907900,31387093.5189,1.34,0.43,212361920,212362000.0,7301000685.98,7300996000.0
2002-06-19,CSX,1.33,1.33,1.35,1.32,1.34,616300,21240401.0918,1.33,0.29,212361920,212362000.0,7324360709.54,7324359000.0
2002-06-18,CSX,1.34,1.31,1.34,1.3,1.3,732000,25030879.812,1.32,0.34,212361920,212362000.0,7345598175.71,7345594000.0
2002-06-15,CSX,1.3,1.3,1.31,1.27,1.31,1096000,36809586.344,1.3,0.52,212361920,212362000.0,7141729245.98,7141727000.0
2002-06-14,CSX,1.31,1.31,1.33,1.3,1.31,1126700,38501125.9462,1.32,0.53,212361920,212362000.0,7199067813.83,7199063000.0
2002-06-13,CSX,1.31,1.33,1.33,1.3,1.34,1308100,44493844.21,1.31,0.62,212361920,212362000.0,7209686546.91,7209684000.0
2002-06-12,CSX,1.34,1.35,1.37,1.33,1.35,928200,32466194.397,1.35,0.44,212361920,212362000.0,7343472432.9,7343469000.0
2002-06-11,CSX,1.35,1.34,1.36,1.33,1.33,661700,23158571.6349,1.35,0.31,212361920,212362000.0,7428419112.15,7428418000.0
2002-06-08,CSX,1.33,1.3,1.35,1.29,1.31,1254500,43065724.2275,1.33,0.59,212361920,212362000.0,7328608797.39,7328605000.0
2002-06-07,CSX,1.31,1.31,1.32,1.31,1.31,817300,27839605.7181,1.32,0.38,212361920,212362000.0,7224550394.78,7224547000.0
2002-06-06,CSX,1.31,1.31,1.32,1.29,1.3,1384800,46942345.068,1.31,0.65,212361920,212362000.0,7220305280.0,7220301000.0
2002-06-05,CSX,1.3,1.31,1.32,1.3,1.31,1218600,41187568.6368,1.31,0.57,212361920,212362000.0,7156596066.91,7156594000.0
2002-06-04,CSX,1.31,1.33,1.34,1.31,1.33,1091800,37134628.0482,1.31,0.51,212361920,212362000.0,7177830347.66,7177824000.0
2002-06-01,CSX,1.33,1.33,1.35,1.32,1.31,2069800,71690418.6502,1.34,0.97,212361920,212362000.0,6866933847.4,7305246000.0
2002-05-31,CSX,1.31,1.32,1.33,1.31,1.32,1178600,40112000.96,1.32,0.55,212361920,212362000.0,6787086963.2,7220301000.0
2002-05-30,CSX,1.32,1.31,1.33,1.31,1.32,927500,31675322.4025,1.32,0.44,212361920,212362000.0,6815033791.87,7250035000.0
2002-05-29,CSX,1.32,1.34,1.34,1.31,1.33,862900,29431611.1281,1.32,0.41,212361920,212362000.0,6809042391.05,7243660000.0
2002-05-25,CSX,1.33,1.34,1.34,1.33,1.34,834600,28894675.7502,1.34,0.39,212361920,212362000.0,6886897065.6,7326484000.0
2002-05-24,CSX,1.34,1.33,1.34,1.32,1.32,1408900,48579985.031,1.33,0.66,212361920,212362000.0,6928815711.65,7371078000.0
2002-05-23,CSX,1.32,1.31,1.32,1.31,1.31,1566900,53352471.7962,1.32,0.74,212361920,212362000.0,6809042391.05,7243660000.0
2002-05-22,CSX,1.31,1.33,1.34,1.3,1.36,2267800,77563944.1908,1.32,1.07,212361920,212362000.0,6791077371.09,7224547000.0
2002-05-21,CSX,1.36,1.38,1.38,1.35,1.38,602100,21287546.55,1.36,0.28,212361920,212362000.0,7058567647.05,7509109000.0
2002-05-18,CSX,1.38,1.37,1.39,1.37,1.38,1439200,51616895.0472,1.38,0.68,212361920,212362000.0,7162370952.02,7619543000.0
2002-05-17,CSX,1.38,1.39,1.39,1.35,1.39,839900,30044649.1502,1.38,0.4,212361920,212362000.0,7124442713.87,7579191000.0
2002-05-16,CSX,1.39,1.39,1.4,1.37,1.39,1344100,48202503.989,1.38,0.63,212361920,212362000.0,7176345763.7,7634406000.0
2002-05-15,CSX,1.39,1.38,1.4,1.36,1.37,980700,35295772.5309,1.39,0.46,212361920,212362000.0,7216269205.8,7676879000.0
2002-05-14,CSX,1.37,1.37,1.39,1.35,1.37,1055800,37535900.8452,1.37,0.5,212361920,212362000.0,7090507678.29,7543090000.0
2002-05-11,CSX,1.37,1.39,1.39,1.36,1.39,746400,26629610.6136,1.37,0.35,212361920,212362000.0,7108472698.25,7562203000.0
2002-05-10,CSX,1.39,1.42,1.42,1.38,1.42,942200,34167186.0978,1.4,0.44,212361920,212362000.0,7186327372.8,7645027000.0
2002-05-09,CSX,1.42,1.4,1.42,1.4,1.39,898400,32978913.7048,1.41,0.42,212361920,212362000.0,7375965968.5,7846770000.0
2002-05-08,CSX,1.39,1.39,1.41,1.38,1.39,820500,29613970.9155,1.39,0.39,212361920,212362000.0,7184329374.17,7642902000.0
2002-05-07,CSX,1.39,1.42,1.42,1.38,1.42,1292100,46707337.3032,1.39,0.61,212361920,212362000.0,7180335971.97,7638652000.0
2002-05-04,CSX,1.42,1.41,1.43,1.41,1.42,1191000,43822243.545,1.42,0.56,212361920,212362000.0,7356002750.3,7825531000.0
2002-05-03,CSX,1.42,1.42,1.44,1.41,1.42,682600,25135993.4574,1.42,0.32,212361920,212362000.0,7340032934.29,7808543000.0
2002-05-02,CSX,1.42,1.39,1.43,1.36,1.39,1538600,55999327.1782,1.4,0.72,212361920,212362000.0,7348019339.45,7817039000.0
2002-05-01,CSX,1.39,1.37,1.4,1.37,1.37,1540200,55563321.8388,1.39,0.73,212361920,212362000.0,7220262608.0,7681129000.0
2002-04-30,CSX,1.37,1.41,1.41,1.37,1.41,1167900,41951198.0763,1.38,0.55,212361920,212362000.0,7098494083.45,7551586000.0
2002-04-27,CSX,1.41,1.42,1.43,1.4,1.4,1896700,69744678.5464,1.42,0.89,212361920,212362000.0,7314084303.87,7780938000.0
2002-04-26,CSX,1.4,1.35,1.4,1.35,1.35,1687700,60221167.9153,1.37,0.79,212361920,212362000.0,7236232424.0,7698113000.0
2002-04-25,CSX,1.35,1.36,1.37,1.35,1.35,2359700,83152276.6515,1.36,1.11,212361920,212362000.0,6988702371.95,7434785000.0
2002-04-24,CSX,1.35,1.35,1.37,1.34,1.35,3103100,109148712.4728,1.36,1.46,212361920,212362000.0,6984709169.37,7430539000.0
2002-04-23,CSX,1.35,1.4,1.4,1.31,1.41,4357797,151684864.4901,1.34,2.05,212361920,212362000.0,6988702371.95,7434785000.0
2002-04-20,CSX,1.41,1.42,1.42,1.41,1.41,734100,26955044.2431,1.41,0.35,212361920,212362000.0,7328056121.25,7795801000.0
2002-04-19,CSX,1.41,1.42,1.44,1.41,1.44,525000,19299574.35,1.42,0.25,212361920,212362000.0,7306097699.1,7772441000.0
2002-04-18,CSX,1.44,1.44,1.45,1.43,1.45,441800,16496810.6746,1.44,0.21,212361920,212362000.0,7441841035.32,7916848000.0
2002-04-17,CSX,1.45,1.41,1.45,1.41,1.4,497800,18476936.1864,1.43,0.23,212361920,212362000.0,7487752883.95,7965691000.0
2002-04-16,CSX,1.4,1.43,1.43,1.4,1.44,1197700,43725863.9538,1.41,0.56,212361920,212362000.0,7268169460.95,7732090000.0
2002-04-13,CSX,1.44,1.42,1.45,1.41,1.41,1468600,54566549.6768,1.43,0.69,212361920,212362000.0,7481764477.42,7959320000.0
2002-04-12,CSX,1.41,1.45,1.45,1.41,1.45,911700,33782119.0362,1.43,0.43,212361920,212362000.0,7304102694.77,7770316000.0
2002-04-11,CSX,1.45,1.41,1.45,1.41,1.41,836300,31200501.4318,1.44,0.39,212361920,212362000.0,7505717903.9,7984801000.0
2002-04-10,CSX,1.41,1.43,1.43,1.4,1.41,869200,31771425.1772,1.41,0.41,212361920,212362000.0,7288132679.15,7753328000.0
2002-04-09,CSX,1.41,1.4,1.41,1.39,1.41,788200,28733279.26,1.4,0.37,212361920,212362000.0,7306097699.1,7772441000.0
2002-04-06,CSX,1.41,1.42,1.43,1.4,1.42,806100,29508246.5346,1.41,0.38,212361920,212362000.0,7294121085.67,7759699000.0
2002-04-05,CSX,1.42,1.4,1.42,1.4,1.4,1129100,41313644.799,1.41,0.53,212361920,212362000.0,7365984359.4,7836148000.0
2002-04-04,CSX,1.4,1.42,1.42,1.39,1.43,1271400,46124858.6916,1.4,0.6,212361920,212362000.0,7234234425.37,7695992000.0
2002-04-03,CSX,1.43,1.43,1.46,1.43,1.45,1061200,39711575.8844,1.44,0.5,212361920,212362000.0,7395926192.4,7868004000.0
2002-04-02,CSX,1.45,1.46,1.46,1.42,1.47,747700,27897130.3861,1.44,0.35,212361920,212362000.0,7487752883.95,7965691000.0
2002-03-29,CSX,1.47,1.48,1.48,1.46,1.48,675400,25754819.5014,1.47,0.32,212361920,212362000.0,7607523210.25,8093105000.0
2002-03-28,CSX,1.48,1.44,1.49,1.44,1.44,968300,37063715.93,1.47,0.46,212361920,212362000.0,7645451448.4,8133457000.0
2002-03-27,CSX,1.44,1.42,1.46,1.42,1.42,1093800,40943981.3268,1.44,0.52,212361920,212362000.0,7477771274.85,7955074000.0
2002-03-26,CSX,1.42,1.46,1.46,1.42,1.45,600000,22297678.2,1.43,0.28,212361920,212362000.0,7363989355.07,7834027000.0
2002-03-23,CSX,1.45,1.45,1.46,1.42,1.45,908800,34023103.6672,1.44,0.43,212361920,212362000.0,7519692915.2,7999672000.0
2002-03-22,CSX,1.45,1.49,1.49,1.43,1.49,1349600,50662225.4712,1.45,0.64,212361920,212362000.0,7501724701.32,7980555000.0
2002-03-21,CSX,1.49,1.48,1.5,1.46,1.48,867100,33382212.3648,1.48,0.41,212361920,212362000.0,7701344906.12,8192918000.0
2002-03-20,CSX,1.48,1.46,1.5,1.46,1.46,1320300,50406526.9458,1.47,0.62,212361920,212362000.0,7675396275.7,8165313000.0
2002-03-19,CSX,1.46,1.47,1.47,1.42,1.48,1624500,60662715.804,1.44,0.76,212361920,212362000.0,7555622955.1,8037895000.0
2002-03-16,CSX,1.48,1.47,1.49,1.46,1.47,902800,34511601.926,1.47,0.43,212361920,212362000.0,7665414666.6,8154695000.0
2002-03-15,CSX,1.47,1.48,1.5,1.45,1.48,880900,33624744.9291,1.47,0.41,212361920,212362000.0,7593551392.87,8078242000.0
2002-03-14,CSX,1.48,1.46,1.5,1.46,1.48,867700,33435604.72,1.48,0.41,212361920,212362000.0,7683379886.17,8173805000.0
2002-03-13,CSX,1.48,1.5,1.51,1.47,1.5,1362500,52651345.0125,1.49,0.64,212361920,212362000.0,7665414666.6,8154695000.0
2002-03-12,CSX,1.5,1.49,1.52,1.48,1.49,1320700,51203525.793,1.49,0.62,212361920,212362000.0,7795166602.0,8292727000.0
2002-03-09,CSX,1.49,1.59,1.59,1.48,1.58,3356700,131093233.14,1.5,1.58,212361920,212362000.0,7715319717.8,8207781000.0
2002-03-08,CSX,1.58,1.55,1.6,1.54,1.55,1294900,52876717.0655,1.57,0.61,212361920,212362000.0,8204388620.7,8728070000.0
2002-03-07,CSX,1.55,1.53,1.56,1.52,1.51,1239200,49591655.0888,1.54,0.58,212361920,212362000.0,8044691858.0,8558180000.0
2002-03-06,CSX,1.51,1.55,1.56,1.5,1.56,1556800,61866908.1856,1.53,0.73,212361920,212362000.0,7843076648.87,8343695000.0
2002-03-05,CSX,1.56,1.51,1.56,1.5,1.49,1796400,71466711.138,1.53,0.85,212361920,212362000.0,8076631889.25,8592160000.0
2002-03-02,CSX,1.49,1.45,1.5,1.45,1.45,1715400,65919904.1046,1.48,0.81,212361920,212362000.0,7741271342.52,8235395000.0
2002-03-01,CSX,1.45,1.47,1.51,1.45,1.47,1249100,47955197.38,1.48,0.59,212361920,212362000.0,7052792515.6,8014535000.0
2002-02-28,CSX,1.47,1.44,1.47,1.43,1.44,1414700,53387224.2736,1.45,0.67,212361920,212362000.0,7138757742.08,8112223000.0
2002-02-27,CSX,1.44,1.44,1.46,1.41,1.44,1092100,40812638.6669,1.44,0.51,212361920,212362000.0,6978042241.03,7929590000.0
2002-02-26,CSX,1.44,1.39,1.45,1.39,1.39,2558000,94312160.536,1.42,1.2,212361920,212362000.0,6976171587.35,7927465000.0
2002-02-23,CSX,1.39,1.4,1.41,1.38,1.41,1258500,45328890.8565,1.39,0.59,212361920,212362000.0,6740705811.72,7659891000.0
2002-02-22,CSX,1.41,1.38,1.42,1.38,1.39,1741600,63817777.9624,1.41,0.82,212361920,212362000.0,6834145056.52,7766070000.0
2002-02-21,CSX,1.39,1.4,1.4,1.36,1.4,1141100,40975861.4579,1.38,0.54,212361920,212362000.0,6746311792.65,7666262000.0
2002-02-20,CSX,1.4,1.41,1.42,1.39,1.41,566600,20739198.0406,1.41,0.27,212361920,212362000.0,6796769919.24,7723602000.0
2002-02-16,CSX,1.41,1.4,1.42,1.4,1.42,1115000,40924733.655,1.41,0.53,212361920,212362000.0,6860307858.19,7795801000.0
2002-02-15,CSX,1.42,1.44,1.45,1.42,1.45,936700,34871550.9663,1.43,0.44,212361920,212362000.0,6899553649.15,7840398000.0
2002-02-14,CSX,1.45,1.47,1.48,1.45,1.48,635800,24279923.4062,1.47,0.3,212361920,212362000.0,7071481485.83,8035773000.0
2002-02-13,CSX,1.48,1.49,1.5,1.47,1.49,618900,23837424.2877,1.48,0.29,212361920,212362000.0,7200428017.41,8182301000.0
2002-02-12,CSX,1.49,1.44,1.49,1.44,1.44,729000,27837007.884,1.47,0.34,212361920,212362000.0,7258359975.43,8248133000.0
2002-02-09,CSX,1.44,1.43,1.45,1.42,1.43,872100,32669643.9132,1.44,0.41,212361920,212362000.0,7019155695.62,7976309000.0
2002-02-08,CSX,1.43,1.45,1.46,1.43,1.46,600900,22560065.2137,1.44,0.28,212361920,212362000.0,6976171587.35,7927465000.0
2002-02-07,CSX,1.46,1.49,1.49,1.44,1.49,915300,34835310.2547,1.46,0.43,212361920,212362000.0,7082693634.57,8048512000.0
2002-02-06,CSX,1.49,1.5,1.51,1.48,1.51,525900,20389241.8692,1.49,0.25,212361920,212362000.0,7258359975.43,8248133000.0
2002-02-05,CSX,1.51,1.52,1.52,1.49,1.53,712500,27949589.475,1.51,0.34,212361920,212362000.0,7321897914.38,8320336000.0
2002-02-02,CSX,1.53,1.52,1.54,1.5,1.54,741500,29292577.1105,1.52,0.35,212361920,212362000.0,7417205009.68,8428641000.0
2002-02-01,CSX,1.54,1.5,1.54,1.48,1.5,963500,37993694.5365,1.52,0.45,212361920,212362000.0,7475139584.0,8494477000.0
2002-01-31,CSX,1.5,1.48,1.5,1.46,1.48,757500,29252300.235,1.48,0.36,212361920,212362000.0,7303208944.15,8299098000.0
2002-01-30,CSX,1.48,1.52,1.54,1.47,1.52,1153700,45028909.8463,1.5,0.54,212361920,212362000.0,7204163531.54,8186547000.0
2002-01-29,CSX,1.52,1.51,1.53,1.5,1.51,762300,30144465.9054,1.52,0.36,212361920,212362000.0,7405992674.06,8415898000.0
2002-01-26,CSX,1.51,1.47,1.52,1.47,1.49,1803200,70302074.2704,1.5,0.85,212361920,212362000.0,7323765764.88,8322457000.0
2002-01-25,CSX,1.49,1.51,1.56,1.49,1.51,2310400,91444684.736,1.52,1.09,212361920,212362000.0,7222852501.77,8207781000.0
2002-01-24,CSX,1.51,1.45,1.51,1.45,1.44,1496500,57826106.85,1.48,0.7,212361920,212362000.0,7338716417.81,8339445000.0
2002-01-23,CSX,1.44,1.42,1.44,1.41,1.41,1195800,44665400.8242,1.44,0.56,212361920,212362000.0,7000466725.39,7955074000.0
2002-01-19,CSX,1.41,1.41,1.41,1.38,1.41,987900,36012706.0563,1.4,0.47,212361920,212362000.0,6837883373.83,7770316000.0
2002-01-18,CSX,1.41,1.35,1.41,1.34,1.34,1105000,39788616.79,1.38,0.52,212361920,212362000.0,6849095522.57,7783063000.0
2002-01-17,CSX,1.34,1.36,1.37,1.34,1.35,729000,25617349.413,1.35,0.34,212361920,212362000.0,6499633681.41,7385945000.0
2002-01-16,CSX,1.35,1.37,1.39,1.35,1.36,1188600,42139911.24,1.36,0.56,212361920,212362000.0,6587466758.4,7485754000.0
2002-01-15,CSX,1.36,1.39,1.39,1.36,1.39,676700,24046599.4632,1.37,0.32,212361920,212362000.0,6617365261.07,7519730000.0
2002-01-12,CSX,1.39,1.41,1.41,1.37,1.42,1193000,43030900.377,1.39,0.56,212361920,212362000.0,6774345248.0,7698113000.0
2002-01-11,CSX,1.42,1.42,1.44,1.4,1.43,887400,32724730.5534,1.42,0.42,212361920,212362000.0,6912633648.4,7855262000.0
2002-01-10,CSX,1.43,1.45,1.45,1.42,1.45,1150300,43029603.3864,1.44,0.54,212361920,212362000.0,6953747102.99,7901980000.0
2002-01-09,CSX,1.45,1.47,1.48,1.43,1.49,1007300,37962910.867,1.45,0.47,212361920,212362000.0,7065875318.02,8029398000.0
2002-01-08,CSX,1.49,1.47,1.5,1.47,1.48,1586600,61393475.8938,1.49,0.75,212361920,212362000.0,7239671005.2,8226895000.0
2002-01-05,CSX,1.48,1.44,1.5,1.44,1.44,2335300,89866290.657,1.48,1.1,212361920,212362000.0,7194821849.6,8175930000.0
2002-01-04,CSX,1.44,1.36,1.44,1.36,1.37,2165200,79511333.9844,1.41,1.02,212361920,212362000.0,6998598874.88,7952949000.0
2002-01-03,CSX,1.37,1.37,1.38,1.35,1.35,1357800,48254442.7866,1.37,0.64,212361920,212362000.0,6641660399.11,7547340000.0
2002-01-01,CSX,1.35,1.34,1.36,1.34,1.35,708400,24907768.3316,1.35,0.33,212361920,212362000.0,6550088817.94,7443281000.0
2001-12-29,CSX,1.35,1.34,1.35,1.33,1.35,421400,14703275.993,1.34,0.2,212361920,212362000.0,6563171807.24,7458145000.0
2001-12-28,CSX,1.35,1.34,1.35,1.32,1.33,366100,12793948.4295,1.34,0.17,212361920,212362000.0,6551959471.62,7445406000.0
2001-12-27,CSX,1.33,1.33,1.35,1.33,1.34,507300,17692335.5697,1.34,0.24,212361920,212362000.0,6488418542.61,7373199000.0
2001-12-25,CSX,1.34,1.31,1.36,1.31,1.31,408600,14245548.4854,1.34,0.19,212361920,212362000.0,6525796669.95,7415676000.0
2001-12-22,CSX,1.31,1.31,1.32,1.3,1.31,793800,27141441.3144,1.31,0.37,212361920,212362000.0,6393111634.19,7264898000.0
2001-12-21,CSX,1.31,1.31,1.32,1.31,1.32,475900,16273825.4787,1.31,0.22,212361920,212362000.0,6387505466.38,7258523000.0
2001-12-20,CSX,1.32,1.34,1.34,1.31,1.34,797900,27458372.07,1.32,0.38,212361920,212362000.0,6415536118.55,7290379000.0
2001-12-19,CSX,1.34,1.32,1.35,1.32,1.33,833500,28985962.7,1.34,0.39,212361920,212362000.0,6516452184.84,7405055000.0
2001-12-18,CSX,1.33,1.31,1.33,1.29,1.3,897200,30730523.8564,1.32,0.42,212361920,212362000.0,6465994058.25,7347719000.0
2001-12-15,CSX,1.3,1.31,1.31,1.29,1.31,1673100,56594441.2176,1.3,0.79,212361920,212362000.0,6316490705.94,7177824000.0
2001-12-14,CSX,1.31,1.32,1.34,1.31,1.34,1694800,58140439.4016,1.32,0.8,212361920,212362000.0,6372554813.45,7241535000.0
2001-12-13,CSX,1.34,1.38,1.38,1.32,1.38,2154800,75234400.266,1.34,1.01,212361920,212362000.0,6510846017.03,7398684000.0
2001-12-12,CSX,1.38,1.39,1.41,1.38,1.4,714500,25807377.034,1.39,0.34,212361920,212362000.0,6727625625.6,7645027000.0
2001-12-11,CSX,1.4,1.42,1.43,1.39,1.43,266200,9780343.9932,1.41,0.13,212361920,212362000.0,6811720385.28,7740590000.0
2001-12-08,CSX,1.43,1.42,1.45,1.41,1.42,526800,19526631.1464,1.42,0.25,212361920,212362000.0,6936928786.44,7882871000.0
2001-12-07,CSX,1.42,1.43,1.43,1.4,1.41,836900,30951904.5786,1.42,0.39,212361920,212362000.0,6923845797.14,7868004000.0
2001-12-06,CSX,1.41,1.4,1.42,1.39,1.38,1041200,38167568.2656,1.41,0.49,212361920,212362000.0,6869652343.3,7806418000.0
2001-12-05,CSX,1.38,1.4,1.41,1.37,1.41,1032300,37124602.8354,1.38,0.49,212361920,212362000.0,6718281140.48,7634406000.0
2001-12-04,CSX,1.41,1.43,1.44,1.4,1.44,757500,27920306.175,1.42,0.36,212361920,212362000.0,6849095522.57,7783063000.0
2001-12-01,CSX,1.44,1.42,1.45,1.41,1.42,992600,37124825.1822,1.44,0.47,212361920,212362000.0,6909831044.43,7942332000.0
2001-11-30,CSX,1.42,1.43,1.45,1.41,1.44,769300,28600948.4691,1.43,0.36,212361920,212362000.0,6843319291.09,7865879000.0
2001-11-29,CSX,1.44,1.44,1.46,1.43,1.44,864100,32609913.0267,1.45,0.41,212361920,212362000.0,6920915967.15,7955074000.0
2001-11-28,CSX,1.44,1.43,1.46,1.41,1.45,1012300,37871661.45,1.44,0.48,212361920,212362000.0,6937543166.46,7974184000.0
2001-11-27,CSX,1.45,1.44,1.45,1.42,1.45,756200,28331099.5456,1.44,0.36,212361920,212362000.0,6967104684.75,8008160000.0
2001-11-24,CSX,1.45,1.43,1.45,1.43,1.42,197900,7439791.0531,1.44,0.09,212361920,212362000.0,6967104684.75,8008160000.0
2001-11-22,CSX,1.42,1.44,1.45,1.41,1.45,632500,23584405.735,1.43,0.3,212361920,212362000.0,6815607169.06,7834027000.0
2001-11-21,CSX,1.45,1.44,1.47,1.44,1.44,1223200,46304474.524,1.45,0.58,212361920,212362000.0,6952323925.6,7991172000.0
2001-11-20,CSX,1.44,1.44,1.45,1.43,1.44,818500,30709874.45,1.44,0.39,212361920,212362000.0,6961562223.39,8001793000.0
2001-11-17,CSX,1.44,1.43,1.44,1.41,1.43,638200,23875697.6472,1.43,0.3,212361920,212362000.0,6952323925.6,7991172000.0
2001-11-16,CSX,1.43,1.38,1.43,1.38,1.38,1527200,56103510.8952,1.41,0.72,212361920,212362000.0,6882118922.4,7910477000.0
2001-11-15,CSX,1.38,1.38,1.39,1.36,1.37,860500,30966117.3555,1.38,0.41,212361920,212362000.0,6638241200.19,7630160000.0
2001-11-14,CSX,1.37,1.37,1.38,1.36,1.36,963900,34498842.7266,1.37,0.45,212361920,212362000.0,6608679866.66,7596180000.0
2001-11-13,CSX,1.36,1.36,1.38,1.33,1.36,1218800,43225222.2072,1.36,0.57,212361920,212362000.0,6564340360.56,7545215000.0
2001-11-10,CSX,1.36,1.36,1.37,1.33,1.36,589700,20826903.7115,1.35,0.28,212361920,212362000.0,6564340360.56,7545215000.0
2001-11-09,CSX,1.36,1.35,1.37,1.34,1.35,918600,32540749.1196,1.36,0.43,212361920,212362000.0,6562491149.06,7543090000.0
2001-11-08,CSX,1.35,1.33,1.35,1.32,1.34,698000,24469642.212,1.34,0.33,212361920,212362000.0,6516302431.46,7490000000.0
2001-11-07,CSX,1.34,1.31,1.34,1.3,1.32,738900,25485759.0054,1.32,0.35,212361920,212362000.0,6453486329.79,7417797000.0
2001-11-06,CSX,1.32,1.32,1.34,1.3,1.32,836800,28889008.7392,1.32,0.39,212361920,212362000.0,6368497796.12,7320109000.0
2001-11-03,CSX,1.32,1.28,1.33,1.26,1.27,1223600,41385578.08,1.3,0.58,212361920,212362000.0,6348174760.38,7296750000.0
2001-11-02,CSX,1.27,1.28,1.29,1.26,1.29,2200400,73068449.5576,1.27,1.04,212361920,212362000.0,6139403604.37,7056781000.0
2001-11-01,CSX,1.29,1.29,1.31,1.28,1.29,1365700,46261567.4759,1.3,0.64,212361920,212362000.0,6226238578.22,7156594000.0
2001-10-31,CSX,1.29,1.25,1.3,1.25,1.27,1102900,36597193.2126,1.27,0.52,212361920,212362000.0,6207761982.65,7135355000.0
2001-10-30,CSX,1.27,1.31,1.31,1.25,1.31,940700,31156539.9537,1.27,0.44,212361920,212362000.0,6117231172.38,7031297000.0
2001-10-27,CSX,1.31,1.27,1.32,1.27,1.28,1702400,57585545.8304,1.3,0.8,212361920,212362000.0,6301986042.78,7243660000.0
2001-10-26,CSX,1.28,1.28,1.28,1.26,1.29,3049900,100947383.5412,1.27,1.44,212361920,212362000.0,6159726824.87,7080141000.0
2001-10-25,CSX,1.29,1.35,1.38,1.25,1.35,6405699,217711760.2414,1.3,3.02,212361920,212362000.0,6202219706.04,7128984000.0
2001-10-24,CSX,1.35,1.28,1.37,1.26,1.25,1543600,53631292.2184,1.33,0.73,212361920,212362000.0,6501521672.32,7473008000.0
2001-10-23,CSX,1.25,1.25,1.27,1.24,1.24,682400,22403797.2888,1.26,0.32,212361920,212362000.0,6048872794.1,6952727000.0
2001-10-20,CSX,1.24,1.28,1.28,1.23,1.28,698300,22693631.3234,1.25,0.33,212361920,212362000.0,5995294990.22,6891141000.0
2001-10-19,CSX,1.28,1.27,1.28,1.26,1.27,964300,32041169.2841,1.27,0.45,212361920,212362000.0,6157877428.62,7078016000.0
2001-10-18,CSX,1.27,1.32,1.32,1.27,1.32,789300,26766575.0577,1.3,0.37,212361920,212362000.0,6130165306.59,7046164000.0
2001-10-17,CSX,1.32,1.31,1.32,1.29,1.32,555800,18935991.5052,1.31,0.26,212361920,212362000.0,6374043028.8,7326484000.0
2001-10-16,CSX,1.32,1.28,1.32,1.28,1.3,506200,17184376.36,1.3,0.24,212361920,212362000.0,6351870596.8,7300996000.0
2001-10-13,CSX,1.3,1.31,1.33,1.26,1.33,899000,30159381.401,1.29,0.42,212361920,212362000.0,6250254863.82,7184199000.0
2001-10-12,CSX,1.33,1.29,1.35,1.29,1.3,643900,22229415.7193,1.32,0.3,212361920,212362000.0,6414686513.72,7373199000.0
2001-10-11,CSX,1.3,1.21,1.31,1.21,1.21,942400,31370793.0832,1.28,0.44,212361920,212362000.0,6281665593.6,7220301000.0
2001-10-10,CSX,1.21,1.23,1.23,1.19,1.23,716900,22676611.5965,1.21,0.34,212361920,212362000.0,5856728837.42,6731867000.0
2001-10-09,CSX,1.23,1.22,1.24,1.2,1.22,483500,15398408.399,1.22,0.23,212361920,212362000.0,5914002477.73,6797703000.0
2001-10-06,CSX,1.22,1.22,1.24,1.19,1.21,823100,25903523.2928,1.21,0.39,212361920,212362000.0,5904764179.95,6787082000.0
2001-10-05,CSX,1.21,1.23,1.24,1.21,1.23,883600,28148315.04,1.22,0.42,212361920,212362000.0,5841948263.03,6714879000.0
2001-10-04,CSX,1.23,1.17,1.24,1.17,1.16,1063500,33646900.269,1.21,0.5,212361920,212362000.0,5934325698.23,6821063000.0
2001-10-03,CSX,1.16,1.15,1.19,1.15,1.14,934600,28350341.4508,1.16,0.44,212361920,212362000.0,5612851115.2,6451547000.0
2001-10-02,CSX,1.14,1.2,1.2,1.13,1.21,1001800,29959424.0692,1.15,0.47,212361920,212362000.0,5514931218.65,6339000000.0
2001-09-29,CSX,1.21,1.12,1.21,1.12,1.12,709100,21885585.8172,1.18,0.33,212361920,212362000.0,5819778417.6,6689398000.0
2001-09-28,CSX,1.12,1.11,1.13,1.09,1.11,883100,25602570.27,1.11,0.42,212361920,212362000.0,5404079959.2,6211582000.0
2001-09-27,CSX,1.11,1.12,1.12,1.1,1.11,1154300,33436938.2298,1.11,0.54,212361920,212362000.0,5339414646.03,6137254000.0
2001-09-26,CSX,1.11,1.15,1.16,1.07,1.16,2180800,63077651.1104,1.11,1.03,212361920,212362000.0,5330176348.25,6126637000.0
2001-09-25,CSX,1.16,1.09,1.19,1.09,1.08,1249500,37697165.1,1.16,0.59,212361920,212362000.0,5598070356.06,6434563000.0
2001-09-22,CSX,1.08,0.98,1.13,0.97,1.03,2599800,72123901.1808,1.06,1.22,212361920,212362000.0,5200848493.23,5977984000.0
2001-09-21,CSX,1.03,1.09,1.12,1.01,1.12,1797700,49184525.4992,1.05,0.85,212361920,212362000.0,4944039408.13,5682801000.0
2001-09-20,CSX,1.12,1.19,1.2,1.07,1.19,1196100,35394511.5639,1.13,0.56,212361920,212362000.0,5420707343.27,6230695000.0
2001-09-19,CSX,1.19,1.24,1.24,1.19,1.23,798000,25333297.626,1.22,0.38,212361920,212362000.0,5731094232.26,6587461000.0
2001-09-18,CSX,1.23,1.3,1.3,1.21,1.31,1168700,37900932.8191,1.24,0.55,212361920,212362000.0,5945410436.19,6833805000.0
2001-09-11,CSX,1.31,1.31,1.33,1.3,1.33,588800,20204017.8432,1.32,0.28,212361920,212362000.0,6309377715.63,7252156000.0
2001-09-08,CSX,1.33,1.39,1.39,1.31,1.38,1012500,35315587.9125,1.34,0.48,212361920,212362000.0,6416535909.97,7375324000.0
2001-09-07,CSX,1.38,1.39,1.39,1.38,1.39,880800,31947318.8784,1.39,0.41,212361920,212362000.0,6658564420.69,7653520000.0
2001-09-06,CSX,1.39,1.4,1.4,1.38,1.4,1196600,43413961.8668,1.39,0.56,212361920,212362000.0,6706599578.46,7708730000.0
2001-09-05,CSX,1.4,1.35,1.41,1.35,1.35,1639700,59937570.8442,1.4,0.77,212361920,212362000.0,6747246019.46,7755453000.0
2001-09-01,CSX,1.35,1.33,1.35,1.31,1.32,941800,32985404.4802,1.34,0.44,212361920,212362000.0,6379139173.36,7504867000.0
2001-08-31,CSX,1.32,1.34,1.35,1.29,1.33,790400,27101786.1088,1.31,0.37,212361920,212362000.0,6205850583.08,7300996000.0
2001-08-30,CSX,1.33,1.37,1.37,1.32,1.35,571900,20053954.3029,1.34,0.27,212361920,212362000.0,6283470308.9,7392316000.0
2001-08-29,CSX,1.35,1.34,1.38,1.32,1.34,877600,30959879.7744,1.35,0.41,212361920,212362000.0,6362894028.0,7485754000.0
2001-08-28,CSX,1.34,1.39,1.39,1.33,1.38,844300,29634420.0428,1.35,0.4,212361920,212362000.0,6315960419.11,7430539000.0
2001-08-25,CSX,1.38,1.37,1.39,1.36,1.37,463900,16671498.5661,1.38,0.22,212361920,212362000.0,6496468051.11,7642902000.0
2001-08-24,CSX,1.37,1.38,1.39,1.36,1.39,425100,15264953.7339,1.38,0.2,212361920,212362000.0,6465782114.69,7606801000.0
2001-08-23,CSX,1.39,1.36,1.4,1.36,1.34,783500,28213281.0655,1.38,0.37,212361920,212362000.0,6539790785.33,7693867000.0
2001-08-22,CSX,1.34,1.38,1.38,1.34,1.38,919500,32820353.472,1.36,0.43,212361920,212362000.0,6352061403.99,7473008000.0
2001-08-21,CSX,1.38,1.4,1.41,1.36,1.4,820800,29676762.72,1.38,0.39,212361920,212362000.0,6525349813.75,7676879000.0
2001-08-18,CSX,1.4,1.43,1.43,1.4,1.44,983300,36329091.2803,1.41,0.46,212361920,212362000.0,6624629552.88,7793676000.0
2001-08-17,CSX,1.44,1.42,1.45,1.42,1.44,1175800,44206894.7578,1.44,0.55,212361920,212362000.0,6803330483.99,8003914000.0
2001-08-16,CSX,1.44,1.43,1.46,1.43,1.45,1141200,43119323.334,1.44,0.54,212361920,212362000.0,6788889512.41,7986926000.0
2001-08-15,CSX,1.45,1.46,1.47,1.45,1.45,1227200,47071461.2784,1.47,0.58,212361920,212362000.0,6862898363.56,8073996000.0
2001-08-14,CSX,1.45,1.45,1.48,1.44,1.51,1874500,71409251.8285,1.46,0.88,212361920,212362000.0,6870120112.9,8082492000.0
2001-08-11,CSX,1.51,1.49,1.53,1.48,1.49,1084100,42874735.9131,1.51,0.51,212361920,212362000.0,7111999617.75,8367055000.0
2001-08-10,CSX,1.49,1.5,1.51,1.48,1.5,857800,33519907.48,1.49,0.4,212361920,212362000.0,7056042793.36,8301223000.0
2001-08-09,CSX,1.5,1.52,1.52,1.5,1.53,1115200,44107831.6848,1.51,0.53,212361920,212362000.0,7108388743.08,8362805000.0
2001-08-08,CSX,1.53,1.53,1.53,1.51,1.53,579300,23063726.5128,1.52,0.27,212361920,212362000.0,7218498579.11,8492348000.0
2001-08-07,CSX,1.53,1.57,1.57,1.52,1.55,1580000,63691677.04,1.54,0.74,212361920,212362000.0,7220305280.0,8494477000.0
2001-08-04,CSX,1.55,1.55,1.58,1.54,1.54,1314000,53810000.316,1.56,0.62,212361920,212362000.0,7330412408.41,8624012000.0
2001-08-03,CSX,1.54,1.51,1.54,1.49,1.51,1104000,43958947.248,1.52,0.52,212361920,212362000.0,7274455403.51,8558180000.0
2001-08-02,CSX,1.51,1.5,1.51,1.49,1.49,749200,29517801.2248,1.51,0.35,212361920,212362000.0,7130051464.0,8388293000.0
2001-08-01,CSX,1.49,1.52,1.52,1.49,1.52,1213900,47689992.8149,1.5,0.57,212361920,212362000.0,7061457841.81,8307594000.0
2001-07-31,CSX,1.52,1.53,1.56,1.52,1.52,1226800,49193453.2,1.53,0.58,212361920,212362000.0,7196838565.81,8466867000.0
2001-07-28,CSX,1.52,1.52,1.52,1.5,1.52,2548700,100962410.0639,1.51,1.2,212361920,212362000.0,7180593420.45,8447754000.0
2001-07-27,CSX,1.52,1.41,1.52,1.4,1.41,2393100,91827765.1728,1.47,1.13,212361920,212362000.0,7180593420.45,8447754000.0
2001-07-26,CSX,1.41,1.35,1.41,1.34,1.35,1724300,62044279.89,1.38,0.81,212361920,212362000.0,6669756460.88,7846770000.0
2001-07-25,CSX,1.35,1.42,1.42,1.34,1.43,1496800,53512541.3496,1.37,0.7,212361920,212362000.0,6362894028.0,7485754000.0
2001-07-24,CSX,1.43,1.43,1.44,1.42,1.41,906800,33909416.9324,1.43,0.43,212361920,212362000.0,6760010276.88,7952949000.0
2001-07-21,CSX,1.41,1.47,1.47,1.41,1.48,1569000,58831371.486,1.43,0.74,212361920,212362000.0,6682390731.56,7861633000.0
2001-07-20,CSX,1.48,1.5,1.5,1.45,1.5,894000,34699167.084,1.48,0.42,212361920,212362000.0,6967592970.63,8197164000.0
2001-07-19,CSX,1.5,1.5,1.5,1.47,1.5,1090200,42392205.6894,1.49,0.51,212361920,212362000.0,7075898632.88,8324582000.0
2001-07-18,CSX,1.5,1.51,1.51,1.49,1.49,2175400,84966307.6644,1.49,1.02,212361920,212362000.0,7092143778.23,8343695000.0
2001-07-17,CSX,1.49,1.47,1.51,1.46,1.46,1319500,51280905.494,1.49,0.62,212361920,212362000.0,7032575898.66,8273617000.0
2001-07-14,CSX,1.46,1.43,1.47,1.42,1.43,1372000,51768841.824,1.44,0.65,212361920,212362000.0,6897195174.66,8114344000.0
2001-07-13,CSX,1.43,1.43,1.44,1.41,1.43,1905500,71269293.773,1.43,0.9,212361920,212362000.0,6734739388.9,7923219000.0
2001-07-12,CSX,1.43,1.36,1.46,1.36,1.36,3368500,125428415.028,1.42,1.59,212361920,212362000.0,6750984353.75,7942332000.0
2001-07-11,CSX,1.36,1.33,1.37,1.32,1.33,971200,34339291.408,1.35,0.46,212361920,212362000.0,6444121920.88,7581316000.0
2001-07-10,CSX,1.33,1.31,1.33,1.3,1.31,694600,23939662.6724,1.32,0.33,212361920,212362000.0,6270833511.11,7377445000.0
2001-07-07,CSX,1.31,1.35,1.35,1.3,1.34,751900,25945059.1443,1.32,0.35,212361920,212362000.0,6182386396.0,7273395000.0
2001-07-06,CSX,1.34,1.33,1.35,1.33,1.33,491200,17246467.2032,1.34,0.23,212361920,212362000.0,6339427313.81,7458145000.0
2001-07-04,CSX,1.33,1.33,1.35,1.33,1.35,299600,10470566.7052,1.34,0.14,212361920,212362000.0,6305130322.21,7417797000.0
2001-07-03,CSX,1.35,1.38,1.38,1.34,1.38,688200,24396404.397,1.35,0.32,212361920,212362000.0,6379139173.36,7504867000.0
2001-06-30,CSX,1.38,1.32,1.39,1.31,1.33,1045800,37546097.211,1.37,0.49,212361920,212362000.0,6541594959.11,7695992000.0
2001-06-29,CSX,1.33,1.3,1.34,1.3,1.3,997500,34695241.5075,1.33,0.47,212361920,212362000.0,6292493524.41,7402930000.0
2001-06-28,CSX,1.3,1.26,1.31,1.26,1.25,1274700,42716591.5218,1.28,0.6,212361920,212362000.0,6158919681.81,7245785000.0
2001-06-27,CSX,1.25,1.23,1.26,1.21,1.26,1557800,50347775.0932,1.24,0.73,212361920,212362000.0,5893573101.75,6933613000.0
2001-06-26,CSX,1.26,1.26,1.29,1.26,1.28,433000,14435002.837,1.27,0.2,212361920,212362000.0,5965775071.51,7018555000.0
2001-06-23,CSX,1.28,1.28,1.28,1.26,1.28,606000,20227007.4,1.28,0.29,212361920,212362000.0,6025342951.08,7088637000.0
2001-06-22,CSX,1.28,1.26,1.3,1.25,1.26,860400,28758006.1584,1.28,0.41,212361920,212362000.0,6065054810.63,7135355000.0
2001-06-21,CSX,1.26,1.26,1.29,1.26,1.28,951100,31530962.31,1.27,0.45,212361920,212362000.0,5965775071.51,7018555000.0
2001-06-20,CSX,1.28,1.32,1.32,1.26,1.29,981300,33109053.1683,1.29,0.46,212361920,212362000.0,6037979748.88,7103500000.0
2001-06-19,CSX,1.29,1.28,1.29,1.27,1.28,819200,27532737.7408,1.28,0.39,212361920,212362000.0,6074080733.75,7145973000.0
2001-06-16,CSX,1.28,1.23,1.3,1.23,1.3,1653000,54696755.058,1.26,0.78,212361920,212362000.0,6037979748.88,7103500000.0
2001-06-15,CSX,1.3,1.37,1.37,1.3,1.37,1088100,37437707.2095,1.31,0.51,212361920,212362000.0,6153504633.36,7239414000.0
2001-06-14,CSX,1.37,1.38,1.39,1.37,1.39,1581400,57032544.2074,1.38,0.74,212361920,212362000.0,6494663877.33,7640777000.0
2001-06-13,CSX,1.39,1.4,1.4,1.38,1.41,490200,17840629.4886,1.39,0.23,212361920,212362000.0,6572280895.54,7732090000.0
2001-06-12,CSX,1.41,1.43,1.43,1.41,1.44,720200,26713149.9388,1.42,0.34,212361920,212362000.0,6664341592.93,7840398000.0
2001-06-09,CSX,1.44,1.46,1.46,1.43,1.46,432400,16300568.5008,1.44,0.2,212361920,212362000.0,6805137184.88,8006039000.0
2001-06-08,CSX,1.46,1.45,1.47,1.44,1.42,2482300,94806732.13,1.46,1.17,212361920,212362000.0,6877339154.63,8090984000.0
2001-06-07,CSX,1.42,1.43,1.44,1.42,1.43,608800,22765280.2984,1.43,0.29,212361920,212362000.0,6723909292.0,7910477000.0
2001-06-06,CSX,1.43,1.42,1.45,1.42,1.42,1253100,46953391.3428,1.43,0.59,212361920,212362000.0,6774451248.45,7969938000.0
2001-06-05,CSX,1.42,1.41,1.43,1.41,1.42,928400,34460532.238,1.42,0.44,212361920,212362000.0,6696831522.63,7878625000.0
2001-06-02,CSX,1.42,1.42,1.44,1.41,1.42,1428600,53180189.2968,1.42,0.67,212361920,212362000.0,6695027529.36,7876500000.0
2001-06-01,CSX,1.42,1.38,1.43,1.37,1.38,1317000,47945504.847,1.39,0.62,212361920,212362000.0,6556886113.14,7899859000.0
2001-05-31,CSX,1.38,1.4,1.41,1.37,1.4,549600,19883534.8728,1.38,0.26,212361920,212362000.0,6343609979.32,7642902000.0
2001-05-30,CSX,1.4,1.4,1.4,1.39,1.41,453900,16579650.69,1.4,0.21,212361920,212362000.0,6447602906.5,7768191000.0
2001-05-26,CSX,1.41,1.43,1.43,1.38,1.42,490700,17968451.1279,1.4,0.23,212361920,212362000.0,6481092910.07,7808543000.0
2001-05-25,CSX,1.42,1.4,1.42,1.4,1.43,931400,34307642.1232,1.41,0.44,212361920,212362000.0,6539259016.22,7878625000.0
2001-05-24,CSX,1.43,1.45,1.46,1.41,1.45,1124100,41997371.9526,1.43,0.53,212361920,212362000.0,6599187021.26,7950824000.0
2001-05-23,CSX,1.45,1.49,1.49,1.44,1.5,851300,32823229.3235,1.46,0.4,212361920,212362000.0,6747247690.75,8129211000.0
2001-05-22,CSX,1.5,1.51,1.51,1.49,1.51,677700,26832447.18,1.5,0.32,212361920,212362000.0,6979910000.22,8409527000.0
2001-05-19,CSX,1.51,1.52,1.52,1.51,1.52,1240100,49599781.1798,1.52,0.58,212361920,212362000.0,7041602195.54,8483855000.0
2001-05-18,CSX,1.52,1.48,1.52,1.48,1.5,1030400,41037328.64,1.51,0.49,212361920,212362000.0,7043363918.17,8485977000.0
2001-05-17,CSX,1.5,1.44,1.5,1.43,1.43,922000,35810744.614,1.47,0.43,212361920,212362000.0,6962285547.2,8388293000.0
2001-05-16,CSX,1.43,1.44,1.45,1.43,1.43,437400,16600243.2912,1.44,0.21,212361920,212362000.0,6659117493.95,8023031000.0
2001-05-15,CSX,1.43,1.44,1.45,1.42,1.44,493200,18611737.974,1.43,0.23,212361920,212362000.0,6657353303.67,8020902000.0
2001-05-12,CSX,1.44,1.44,1.46,1.42,1.44,1191300,45228300.15,1.44,0.56,212361920,212362000.0,6689081408.34,8059133000.0
2001-05-11,CSX,1.44,1.37,1.44,1.36,1.36,1389000,51711617.154,1.41,0.65,212361920,212362000.0,6708470227.9,8082492000.0
2001-05-10,CSX,1.36,1.34,1.36,1.33,1.34,472400,16865053.6684,1.35,0.22,212361920,212362000.0,6311884342.3,7604676000.0
2001-05-09,CSX,1.34,1.33,1.36,1.33,1.33,620300,21884675.8979,1.34,0.29,212361920,212362000.0,6246666234.06,7526102000.0
2001-05-08,CSX,1.33,1.32,1.34,1.3,1.32,435000,15119728.26,1.32,0.2,212361920,212362000.0,6163823496.55,7426289000.0
2001-05-05,CSX,1.32,1.28,1.32,1.26,1.31,630200,21412366.5294,1.29,0.3,212361920,212362000.0,6126810400.23,7381695000.0
2001-05-04,CSX,1.31,1.31,1.31,1.27,1.3,522700,17791293.0511,1.29,0.25,213321920,213322000.0,6104931327.1,7355336000.0
2001-05-03,CSX,1.3,1.29,1.31,1.28,1.29,362600,12352800.0792,1.29,0.17,213321920,213322000.0,6078371154.54,7323336000.0
2001-05-02,CSX,1.29,1.32,1.32,1.29,1.33,816800,27959060.7328,1.3,0.38,213321920,213322000.0,6044732589.5,7282805000.0
2001-05-01,CSX,1.33,1.37,1.37,1.33,1.36,628600,22260416.934,1.34,0.29,213321920,213322000.0,6209394540.15,7481195000.0
2001-04-28,CSX,1.36,1.36,1.36,1.35,1.35,522300,18634146.1962,1.35,0.24,213321920,213322000.0,6342187435.35,7641188000.0
2001-04-27,CSX,1.35,1.27,1.36,1.27,1.27,975600,34322286.042,1.33,0.46,213321920,213322000.0,6303234498.65,7594258000.0
2001-04-26,CSX,1.27,1.26,1.3,1.26,1.27,789100,26503096.8917,1.27,0.37,213321920,213322000.0,5952662140.6,7171879000.0
2001-04-25,CSX,1.27,1.25,1.29,1.25,1.26,874700,29282937.1924,1.27,0.41,213321920,213322000.0,5910167351.8,7120680000.0
2001-04-24,CSX,1.26,1.31,1.31,1.22,1.34,1719000,56779250.724,1.25,0.81,213321920,213322000.0,5871214592.15,7073750000.0
2001-04-21,CSX,1.34,1.33,1.34,1.32,1.36,1289000,45402300.054,1.34,0.6,213321920,213322000.0,6244805447.7,7523859000.0
2001-04-20,CSX,1.36,1.38,1.4,1.35,1.39,1038700,37523751.0869,1.37,0.49,213321920,213322000.0,6335106209.95,7632656000.0
2001-04-19,CSX,1.39,1.33,1.4,1.3,1.31,1103800,39740438.1248,1.37,0.52,213321920,213322000.0,6471438301.39,7796910000.0
2001-04-18,CSX,1.31,1.29,1.31,1.28,1.29,411200,14058634.4032,1.3,0.19,213321920,213322000.0,6115554404.6,7368133000.0
2001-04-17,CSX,1.29,1.3,1.32,1.28,1.29,535200,18308656.8,1.3,0.25,213321920,213322000.0,6019944582.4,7252941000.0
2001-04-13,CSX,1.29,1.3,1.31,1.29,1.3,723100,24761320.8297,1.3,0.34,213321920,213322000.0,6046502099.1,7284938000.0
2001-04-12,CSX,1.3,1.31,1.31,1.29,1.31,891300,30578896.8774,1.3,0.42,213321920,213322000.0,6051813637.85,7291340000.0
2001-04-11,CSX,1.31,1.23,1.32,1.22,1.25,1073900,36479728.9949,1.29,0.5,213321920,213322000.0,6124407795.45,7378801000.0
2001-04-10,CSX,1.25,1.26,1.3,1.24,1.25,909500,30354466.093,1.27,0.43,213321920,213322000.0,5816327216.25,7007621000.0
2001-04-07,CSX,1.25,1.26,1.27,1.24,1.27,673900,22243955.0722,1.25,0.32,213321920,213322000.0,5848198927.55,7046020000.0
2001-04-06,CSX,1.27,1.26,1.27,1.25,1.25,398500,13254825.706,1.26,0.19,213321920,213322000.0,5931415985.6,7146281000.0
2001-04-05,CSX,1.25,1.26,1.27,1.23,1.26,792900,26227536.6852,1.25,0.37,213321920,213322000.0,5855280152.95,7054551000.0
2001-04-04,CSX,1.26,1.29,1.29,1.26,1.28,1097300,36741098.9005,1.27,0.51,213321920,213322000.0,5887151687.2,7092953000.0
2001-04-03,CSX,1.28,1.29,1.32,1.28,1.28,1335000,45761924.325,1.3,0.63,213321920,213322000.0,5998695948.6,7227340000.0
2001-03-31,CSX,1.28,1.26,1.29,1.25,1.26,1330500,44811758.895,1.28,0.62,213321920,213322000.0,5966826893.15,7188945000.0
2001-03-30,CSX,1.26,1.26,1.27,1.25,1.26,1024900,34190867.9551,1.26,0.48,213321920,213322000.0,5894232912.6,7101480000.0
2001-03-29,CSX,1.26,1.22,1.26,1.22,1.24,1905200,62144185.114,1.24,0.89,213321920,213322000.0,5890691060.5,7097215000.0
2001-03-28,CSX,1.24,1.19,1.25,1.19,1.13,2035900,65632706.9633,1.22,0.95,213321920,213322000.0,5768521065.74,6950023000.0
2001-03-27,CSX,1.13,1.11,1.13,1.1,1.11,587600,17413289.7848,1.12,0.28,212981920,212982000.0,5287338114.05,6370285000.0
2001-03-24,CSX,1.11,1.09,1.12,1.07,1.1,754100,21722144.599,1.09,0.35,212981920,212982000.0,5170668562.8,6229719000.0
2001-03-23,CSX,1.1,1.1,1.11,1.08,1.11,1056300,30481434.6711,1.09,0.5,212981920,212982000.0,5107029565.1,6153047000.0
2001-03-22,CSX,1.11,1.1,1.14,1.09,1.1,825800,24237966.6136,1.11,0.39,212981920,212982000.0,5184808264.21,6246754000.0
2001-03-21,CSX,1.1,1.11,1.11,1.08,1.12,1672900,48509225.1694,1.1,0.79,212981920,212982000.0,5124705473.49,6174340000.0
2001-03-20,CSX,1.12,1.08,1.13,1.07,1.06,1017000,29495436.732,1.1,0.48,212981920,212982000.0,5216629177.26,6285094000.0
2001-03-17,CSX,1.06,1.13,1.14,1.05,1.14,1698300,48646256.3487,1.09,0.8,212981920,212982000.0,4947930479.89,5961355000.0
2001-03-16,CSX,1.14,1.11,1.14,1.09,1.12,1334400,39188512.416,1.11,0.63,212981920,212982000.0,5306783540.12,6393711000.0
2001-03-15,CSX,1.12,1.15,1.15,1.09,1.17,1314700,38972041.2512,1.12,0.62,212981920,212982000.0,5213092970.29,6280832000.0
2001-03-14,CSX,1.17,1.26,1.26,1.17,1.26,2398300,75935933.92,1.2,1.13,212981920,212982000.0,5457043345.33,6574750000.0
2001-03-13,CSX,1.26,1.26,1.27,1.25,1.26,690900,22961366.4546,1.26,0.32,212981920,212982000.0,5863626360.94,7064605000.0
2001-03-10,CSX,1.26,1.27,1.28,1.26,1.27,611800,20399304.9092,1.26,0.29,212981920,212982000.0,5891908238.61,7098680000.0
2001-03-09,CSX,1.27,1.25,1.27,1.25,1.25,643800,21547338.981,1.27,0.3,212981920,212982000.0,5907820109.34,7117852000.0
2001-03-08,CSX,1.25,1.25,1.29,1.25,1.25,1010000,33748033.95,1.27,0.47,212981920,212982000.0,5838877861.83,7034789000.0
2001-03-07,CSX,1.25,1.26,1.27,1.24,1.25,1309800,43338778.9722,1.25,0.61,212981920,212982000.0,5814129539.5,7004973000.0
2001-03-06,CSX,1.25,1.26,1.26,1.24,1.25,970800,32089209.5784,1.25,0.46,212981920,212982000.0,5842411417.18,7039047000.0
2001-03-03,CSX,1.25,1.25,1.26,1.24,1.26,1235000,40695226.0,1.25,0.58,212981920,212982000.0,5833574788.8,7028402000.0
2001-03-02,CSX,1.26,1.25,1.27,1.24,1.27,1127300,37333574.1916,1.26,0.52,216994880,216995000.0,6008325311.86,7238941000.0
2001-03-01,CSX,1.27,1.28,1.29,1.26,1.28,980500,32953035.2195,1.27,0.45,216994880,216995000.0,6458112503.1,7256301000.0
2001-02-28,CSX,1.28,1.26,1.28,1.26,1.27,659100,22030480.1145,1.27,0.3,216994880,216995000.0,6502533479.42,7306215000.0
2001-02-27,CSX,1.27,1.26,1.29,1.25,1.26,925700,31024919.7387,1.27,0.43,216994880,216995000.0,6458112503.1,7256301000.0
2001-02-24,CSX,1.26,1.25,1.27,1.23,1.24,1027900,33680273.1621,1.24,0.47,216994880,216995000.0,6415624519.35,7208563000.0
2001-02-23,CSX,1.24,1.24,1.24,1.2,1.23,973600,31318363.6768,1.22,0.45,216994880,216995000.0,6295887710.19,7074027000.0
2001-02-22,CSX,1.23,1.23,1.24,1.21,1.23,1100300,35919718.2158,1.23,0.51,216994880,216995000.0,6330651834.97,7113090000.0
2001-02-21,CSX,1.23,1.21,1.24,1.2,1.19,1512100,49355982.8127,1.23,0.7,216994880,216995000.0,6320994983.43,7102238000.0
2001-02-17,CSX,1.19,1.18,1.2,1.18,1.18,671800,21289805.542,1.19,0.31,216994880,216995000.0,6139456680.58,6898262000.0
2001-02-16,CSX,1.18,1.16,1.19,1.16,1.17,465200,14620444.6948,1.18,0.21,216994880,216995000.0,6081518468.24,6833164000.0
2001-02-15,CSX,1.17,1.2,1.2,1.17,1.21,656500,20780054.6655,1.19,0.3,216994880,216995000.0,6035170100.0,6781086000.0
2001-02-14,CSX,1.21,1.2,1.23,1.19,1.19,899900,28961659.8802,1.21,0.41,216994880,216995000.0,6230225832.0,7000250000.0
2001-02-13,CSX,1.19,1.16,1.19,1.16,1.16,920400,29011742.4792,1.18,0.42,216994880,216995000.0,6125936354.55,6883070000.0
2001-02-10,CSX,1.16,1.15,1.17,1.14,1.15,512400,15774384.6456,1.16,0.24,216994880,216995000.0,5950194518.74,6685609000.0
2001-02-09,CSX,1.15,1.13,1.16,1.13,1.13,676300,20525224.1507,1.14,0.31,216994880,216995000.0,5925087245.5,6657398000.0
2001-02-08,CSX,1.13,1.17,1.17,1.12,1.16,757700,22786079.4861,1.13,0.35,216994880,216995000.0,5784106444.46,6498992000.0
2001-02-07,CSX,1.16,1.15,1.18,1.15,1.15,541300,16802485.7218,1.17,0.25,216994880,216995000.0,5954054903.23,6689945000.0
2001-02-06,CSX,1.15,1.16,1.16,1.14,1.15,464100,14208374.6259,1.15,0.21,216994880,216995000.0,5909636823.79,6640039000.0
2001-02-03,CSX,1.15,1.16,1.17,1.14,1.18,940600,28859955.7376,1.15,0.43,216994880,216995000.0,5890326017.6,6618340000.0
2001-02-02,CSX,1.18,1.15,1.18,1.15,1.15,1871100,58336944.3657,1.17,0.86,216994880,216995000.0,6056411195.0,6804953000.0
2001-02-01,CSX,1.15,1.07,1.15,1.06,1.07,1444400,42838441.298,1.11,0.67,216994880,216995000.0,5890326017.6,6618340000.0
2001-01-31,CSX,1.07,1.01,1.09,1.01,1.02,878000,24704186.786,1.06,0.4,216994880,216995000.0,5519522656.03,6201707000.0
2001-01-30,CSX,1.02,1.01,1.05,1.01,1.0,1001600,27420894.3456,1.03,0.46,216994880,216995000.0,5262668327.2,5913105000.0
2001-01-27,CSX,1.0,1.05,1.05,0.98,1.05,624800,16789250.0952,1.01,0.29,216994880,216995000.0,5154035265.4,5791047000.0
2001-01-26,CSX,1.05,1.04,1.06,1.02,1.05,593700,16487043.063,1.04,0.27,216994880,216995000.0,5407512409.6,6075852000.0
2001-01-25,CSX,1.05,1.04,1.05,1.0,1.05,720400,19790972.1596,1.03,0.33,216994880,216995000.0,5395442069.4,6062289000.0
2001-01-24,CSX,1.05,1.06,1.08,1.04,1.06,517400,14582239.1364,1.06,0.24,216994880,216995000.0,5419582749.8,6089418000.0
2001-01-23,CSX,1.06,1.04,1.07,1.02,1.04,556900,15620375.6062,1.05,0.26,216994880,216995000.0,5455793770.4,6130102000.0
2001-01-20,CSX,1.04,1.07,1.07,1.03,1.06,628800,17538613.4736,1.05,0.29,216994880,216995000.0,5347160708.6,6008043000.0
2001-01-19,CSX,1.06,1.1,1.1,1.05,1.08,905400,25778728.9746,1.07,0.42,216994880,216995000.0,5455793770.4,6130102000.0
2001-01-18,CSX,1.08,1.08,1.09,1.06,1.08,401900,11506515.5605,1.08,0.19,216994880,216995000.0,5564426832.2,6252160000.0
2001-01-17,CSX,1.08,1.04,1.08,1.04,1.03,535200,15120952.08,1.06,0.25,216994880,216995000.0,5528215811.6,6211473000.0
2001-01-13,CSX,1.03,1.04,1.04,1.02,1.07,956700,26282069.1963,1.03,0.44,216994880,216995000.0,5310949688.0,5967355000.0
2001-01-12,CSX,1.07,1.08,1.09,1.06,1.07,665200,19040416.7244,1.08,0.31,216994880,216995000.0,5504075131.2,6184352000.0
2001-01-11,CSX,1.07,1.09,1.09,1.05,1.1,677800,19359321.5666,1.07,0.31,216994880,216995000.0,5516145471.4,6197914000.0
2001-01-10,CSX,1.1,1.09,1.1,1.08,1.09,1184800,34371042.076,1.09,0.55,216994880,216995000.0,5648919213.6,6347098000.0
2001-01-09,CSX,1.09,1.07,1.11,1.07,1.05,1218000,35363761.566,1.09,0.56,216994880,216995000.0,5624778533.2,6319973000.0
2001-01-06,CSX,1.05,1.05,1.06,1.02,1.04,959500,26538704.955,1.04,0.44,216994880,216995000.0,5407512409.6,6075852000.0
2001-01-05,CSX,1.04,1.03,1.1,1.03,1.0,1495500,42331462.9815,1.06,0.69,216994880,216995000.0,5371301389.0,6035168000.0
2001-01-04,CSX,1.0,0.97,1.0,0.93,0.97,1205100,31010711.7645,0.97,0.56,216994880,216995000.0,5166105605.6,5804609000.0
2001-01-03,CSX,0.97,0.98,1.0,0.97,0.97,401600,10503241.1824,0.98,0.19,216994880,216995000.0,4960909822.2,5574051000.0
2000-12-30,CSX,0.97,0.98,0.99,0.97,0.98,646200,16851792.9366,0.98,0.3,216994880,216995000.0,5009191183.0,5628301000.0
2000-12-29,CSX,0.98,0.98,0.99,0.96,1.0,737900,19180671.5368,0.98,0.34,216994880,216995000.0,5033331863.4,5655426000.0
2000-12-28,CSX,1.0,0.97,1.01,0.97,0.97,449100,11897730.5526,1.0,0.21,216994880,216995000.0,5166105605.6,5804609000.0
2000-12-27,CSX,0.97,0.97,0.98,0.96,0.97,339500,8759572.584,0.97,0.16,216994880,216995000.0,5009191183.0,5628301000.0
2000-12-23,CSX,0.97,0.95,0.98,0.95,0.95,705600,18141529.896,0.97,0.33,216994880,216995000.0,4985050502.6,5601180000.0
2000-12-22,CSX,0.95,0.9,0.96,0.9,0.9,851300,20992035.5887,0.93,0.39,216994880,216995000.0,4864347100.6,5465555000.0
2000-12-21,CSX,0.9,0.92,0.92,0.87,0.93,1039400,24614649.843,0.89,0.48,216994880,216995000.0,4635010636.8,5207875000.0
2000-12-20,CSX,0.93,0.93,0.97,0.92,0.92,870800,21735254.2092,0.94,0.4,216994880,216995000.0,4767784379.0,5357055000.0
2000-12-19,CSX,0.92,0.91,0.94,0.91,0.91,1080500,26629784.739,0.93,0.5,216994880,216995000.0,4731573358.4,5316371000.0
2000-12-16,CSX,0.91,0.91,0.94,0.9,0.93,1127100,27527048.3358,0.92,0.52,216994880,216995000.0,4659151317.2,5235000000.0
2000-12-15,CSX,0.93,0.95,0.96,0.93,0.97,657700,16436840.4915,0.94,0.3,216994880,216995000.0,4779854719.2,5370621000.0
2000-12-14,CSX,0.97,1.01,1.02,0.97,1.01,482600,12664818.714,0.99,0.22,216994880,216995000.0,5009191183.0,5628301000.0
2000-12-13,CSX,1.01,1.0,1.02,1.0,1.01,354400,9552777.2216,1.01,0.16,216994880,216995000.0,5178175945.8,5818172000.0
2000-12-12,CSX,1.01,0.98,1.01,0.97,0.97,624300,16587017.3355,1.0,0.29,216994880,216995000.0,5190246286.0,5831734000.0
2000-12-09,CSX,0.97,0.97,0.97,0.95,0.97,519600,13330281.8832,0.96,0.24,216994880,216995000.0,4985050502.6,5601180000.0
2000-12-08,CSX,0.97,0.98,0.98,0.95,0.98,644100,16545761.2467,0.97,0.3,216994880,216995000.0,4972980162.4,5587617000.0
2000-12-06,CSX,1.02,0.99,1.04,0.99,0.99,873900,23671761.0066,1.02,0.4,216994880,216995000.0,5226457306.6,5872422000.0
2000-12-05,CSX,0.99,0.95,1.01,0.94,0.96,1239500,32680029.813,0.99,0.57,216994880,216995000.0,5105753904.6,5736801000.0
2000-11-30,CSX,1.0,0.99,1.01,0.99,0.98,621100,16550700.14,1.0,0.29,216994880,216995000.0,5187533850.0,5763922000.0
2000-11-29,CSX,0.98,0.97,0.98,0.96,0.97,487300,12606106.9662,0.97,0.22,216994880,216995000.0,5077680192.0,5641863000.0
2000-11-28,CSX,0.97,0.96,0.97,0.95,0.96,491100,12588409.5168,0.96,0.23,216994880,216995000.0,5028856344.0,5587617000.0
2000-11-25,CSX,0.96,0.94,0.96,0.94,0.94,286900,7278476.5565,0.95,0.13,216994880,216995000.0,4980032496.0,5533367000.0
2000-11-23,CSX,0.94,0.96,0.96,0.93,0.95,534100,13360348.5995,0.94,0.25,216994880,216995000.0,4894590762.0,5438430000.0
2000-11-22,CSX,0.95,0.94,0.96,0.94,0.96,713100,17946658.2969,0.95,0.33,216994880,216995000.0,4919002686.0,5465555000.0
2000-11-21,CSX,0.96,0.98,0.98,0.95,0.98,594300,15358015.8942,0.96,0.27,216994880,216995000.0,5028856344.0,5587617000.0
2000-11-18,CSX,0.98,0.98,1.0,0.97,1.0,575800,15280577.521,0.99,0.27,216994880,216995000.0,5163121926.0,5736801000.0
2000-11-17,CSX,1.0,0.99,1.02,0.99,1.0,378500,10150835.9365,1.0,0.17,216994880,216995000.0,5236357698.0,5818172000.0
2000-11-16,CSX,1.0,0.98,1.0,0.98,0.99,505100,13530662.2386,0.99,0.23,216994880,216995000.0,5260769622.0,5845297000.0
2000-11-15,CSX,0.99,0.96,0.99,0.96,0.96,705600,18456238.08,0.97,0.33,216994880,216995000.0,5199739812.0,5777484000.0
2000-11-14,CSX,0.96,0.94,0.96,0.94,0.95,424000,10829086.776,0.95,0.2,216994880,216995000.0,5028856344.0,5587617000.0
2000-11-11,CSX,0.95,0.97,0.97,0.95,0.97,566600,14558783.0338,0.95,0.26,216994880,216995000.0,5004444420.0,5560488000.0
2000-11-10,CSX,0.97,0.96,0.97,0.95,0.96,296300,7681696.02,0.96,0.14,216994880,216995000.0,5089886154.0,5655426000.0
2000-11-09,CSX,0.96,0.97,0.97,0.95,0.97,405600,10515218.532,0.96,0.19,216994880,216995000.0,5065474230.0,5628301000.0
2000-11-08,CSX,0.97,0.97,0.99,0.97,0.97,609900,16054024.4412,0.98,0.28,216994880,216995000.0,5114298078.0,5682551000.0
2000-11-07,CSX,0.97,0.96,0.98,0.96,0.97,404800,10598995.3872,0.97,0.19,216994880,216995000.0,5114298078.0,5682551000.0
2000-11-04,CSX,0.97,0.97,0.99,0.97,0.96,500400,13110929.3592,0.97,0.23,216994880,216995000.0,5089886154.0,5655426000.0
2000-11-03,CSX,0.96,0.95,0.98,0.95,0.95,480600,12446913.7782,0.96,0.22,218754880,218755000.0,5081949306.0,5646609000.0
2000-11-02,CSX,0.95,0.94,0.95,0.94,0.94,598900,15242716.4932,0.95,0.27,218754880,218755000.0,5020424496.0,5578246000.0
2000-11-01,CSX,0.94,0.91,0.94,0.91,0.91,858200,21466668.0872,0.93,0.39,218754880,218755000.0,4983509610.0,5537230000.0
2000-10-31,CSX,0.91,0.87,0.91,0.87,0.86,898500,21705062.703,0.9,0.41,218754880,218755000.0,4811240142.0,5345816000.0
2000-10-28,CSX,0.86,0.85,0.87,0.85,0.85,575700,13251114.8772,0.85,0.26,218754880,218755000.0,4552835940.0,5058703000.0
2000-10-27,CSX,0.85,0.83,0.86,0.83,0.83,777500,17673888.975,0.84,0.36,218754880,218755000.0,4503616092.0,5004016000.0
2000-10-26,CSX,0.83,0.83,0.83,0.81,0.83,603700,13414334.74,0.83,0.28,218754880,218755000.0,4405176396.0,4894637000.0
2000-10-25,CSX,0.83,0.77,0.84,0.77,0.77,1459500,31389739.4265,0.8,0.67,218754880,218755000.0,4417481358.0,4908309000.0
2000-10-24,CSX,0.77,0.78,0.79,0.77,0.79,531400,11154616.3372,0.78,0.24,218754880,218755000.0,4097552346.0,4552832000.0
2000-10-21,CSX,0.79,0.78,0.79,0.78,0.78,425900,8949729.7192,0.78,0.19,218754880,218755000.0,4171382118.0,4634867000.0
2000-10-20,CSX,0.78,0.76,0.78,0.75,0.76,329500,6812474.1165,0.77,0.15,218754880,218755000.0,4122162270.0,4580176000.0
2000-10-19,CSX,0.76,0.78,0.78,0.74,0.78,388000,7903907.648,0.76,0.18,218754880,218755000.0,4036027536.0,4484473000.0
2000-10-18,CSX,0.78,0.79,0.79,0.77,0.79,278200,5842310.4454,0.78,0.13,218754880,218755000.0,4122162270.0,4580176000.0
2000-10-17,CSX,0.79,0.79,0.8,0.78,0.79,321700,6904837.8681,0.8,0.15,218754880,218755000.0,4208297004.0,4675883000.0
2000-10-14,CSX,0.79,0.8,0.8,0.78,0.81,500900,10626087.591,0.79,0.23,218754880,218755000.0,4183687080.0,4648539000.0
2000-10-13,CSX,0.81,0.81,0.81,0.78,0.82,576200,12431513.2714,0.8,0.26,218754880,218755000.0,4282126776.0,4757914000.0
2000-10-12,CSX,0.82,0.84,0.84,0.8,0.84,409600,9024506.2656,0.82,0.19,218754880,218755000.0,4331346624.0,4812602000.0
2000-10-11,CSX,0.84,0.82,0.85,0.82,0.83,493700,11138707.3404,0.84,0.23,218754880,218755000.0,4454396244.0,4949324000.0
2000-10-10,CSX,0.83,0.83,0.84,0.83,0.83,763200,17164290.9168,0.84,0.35,218754880,218755000.0,4405176396.0,4894637000.0
2000-10-07,CSX,0.83,0.82,0.84,0.82,0.82,488400,10909580.2992,0.83,0.22,218754880,218755000.0,4405176396.0,4894637000.0
2000-10-06,CSX,0.82,0.82,0.84,0.82,0.83,302200,6736368.0024,0.83,0.14,218754880,218755000.0,4331346624.0,4812602000.0
2000-10-05,CSX,0.83,0.79,0.86,0.78,0.78,696000,15632016.624,0.83,0.32,218754880,218755000.0,4392871434.0,4880965000.0
2000-10-04,CSX,0.78,0.78,0.81,0.77,0.77,637300,13536625.4578,0.79,0.29,218754880,218755000.0,4134467232.0,4593848000.0
2000-10-03,CSX,0.77,0.81,0.81,0.76,0.81,521800,10880257.911,0.77,0.24,218754880,218755000.0,4060637460.0,4511816000.0
2000-09-30,CSX,0.81,0.8,0.82,0.8,0.81,313100,6824983.8576,0.81,0.14,218754880,218755000.0,4294431738.0,4771586000.0
2000-09-29,CSX,0.81,0.78,0.82,0.78,0.79,329300,7126117.2014,0.8,0.15,218754880,218755000.0,4269821814.0,4744242000.0
2000-09-28,CSX,0.79,0.78,0.8,0.78,0.79,378400,8033199.6624,0.79,0.17,218754880,218755000.0,4183687080.0,4648539000.0
2000-09-27,CSX,0.79,0.8,0.8,0.78,0.8,339300,7227256.9356,0.79,0.16,218754880,218755000.0,4171382118.0,4634867000.0
2000-09-26,CSX,0.8,0.81,0.82,0.79,0.81,546600,11829950.1072,0.8,0.25,218754880,218755000.0,4232906928.0,4703227000.0
2000-09-23,CSX,0.81,0.81,0.83,0.8,0.81,399900,8745329.121,0.81,0.18,218754880,218755000.0,4306736700.0,4785262000.0
2000-09-22,CSX,0.81,0.83,0.84,0.81,0.83,449000,9948896.202,0.82,0.21,218754880,218755000.0,4319041662.0,4798934000.0
2000-09-21,CSX,0.83,0.85,0.85,0.83,0.85,431200,9696604.8256,0.84,0.2,218754880,218755000.0,4405176396.0,4894637000.0
2000-09-20,CSX,0.85,0.87,0.88,0.85,0.87,1283400,29747284.3332,0.86,0.59,218754880,218755000.0,4515921054.0,5017688000.0
2000-09-19,CSX,0.87,0.87,0.89,0.87,0.87,572100,13509795.9516,0.88,0.26,218754880,218755000.0,4626665712.0,5140738000.0
2000-09-16,CSX,0.87,0.86,0.88,0.86,0.88,1384500,32369470.1655,0.87,0.63,218754880,218755000.0,4602055788.0,5113395000.0
2000-09-15,CSX,0.88,0.9,0.9,0.87,0.91,443500,10609581.739,0.89,0.2,218754880,218755000.0,4663580598.0,5181754000.0
2000-09-14,CSX,0.91,0.88,0.92,0.88,0.88,424500,10325877.1755,0.9,0.19,218754880,218755000.0,4798935180.0,5332148000.0
2000-09-13,CSX,0.88,0.89,0.89,0.88,0.88,256100,6106239.9346,0.89,0.12,218754880,218755000.0,4688190522.0,5209098000.0
2000-09-12,CSX,0.88,0.88,0.89,0.88,0.88,419300,9956609.3277,0.88,0.19,218754880,218755000.0,4675885560.0,5195426000.0
2000-09-09,CSX,0.88,0.89,0.9,0.87,0.89,509500,12113103.1645,0.88,0.23,218754880,218755000.0,4675885560.0,5195426000.0
2000-09-08,CSX,0.89,0.93,0.93,0.88,0.91,344900,8290735.8614,0.89,0.16,218754880,218755000.0,4725105408.0,5250113000.0
2000-09-07,CSX,0.91,0.9,0.94,0.9,0.9,336500,8292771.954,0.92,0.15,218754880,218755000.0,4835850066.0,5373164000.0
2000-09-06,CSX,0.9,0.88,0.91,0.87,0.89,333700,8040196.4982,0.89,0.15,218754880,218755000.0,4762020294.0,5291133000.0
2000-09-02,CSX,0.89,0.89,0.89,0.87,0.89,428500,10196666.9865,0.88,0.2,218754880,218755000.0,4712800446.0,5236441000.0
2000-09-01,CSX,0.89,0.9,0.9,0.89,0.9,401200,9644080.1032,0.89,0.18,218754880,218755000.0,4700495484.0,5222770000.0
2000-08-31,CSX,0.9,0.9,0.91,0.9,0.91,371100,9017318.079,0.9,0.17,218754880,218755000.0,4774325256.0,5304801000.0
2000-08-30,CSX,0.91,0.93,0.93,0.9,0.93,413100,10121032.2069,0.91,0.19,218754880,218755000.0,4798935180.0,5332148000.0
2000-08-29,CSX,0.93,0.93,0.94,0.92,0.94,459200,11482340.5424,0.93,0.21,218754880,218755000.0,4921984800.0,5468871000.0
2000-08-26,CSX,0.94,0.95,0.95,0.93,0.95,205700,5199085.1902,0.94,0.09,218754880,218755000.0,4983509610.0,5537230000.0
2000-08-25,CSX,0.95,0.94,0.95,0.94,0.95,401900,10235547.4024,0.95,0.18,218754880,218755000.0,5032729458.0,5591918000.0
2000-08-24,CSX,0.95,0.99,0.99,0.95,0.98,530400,13694130.8088,0.96,0.24,218754880,218755000.0,5045034420.0,5605590000.0
2000-08-23,CSX,0.98,0.95,0.98,0.93,0.94,423600,11098907.1096,0.96,0.19,218754880,218755000.0,5241913812.0,5824348000.0
2000-08-22,CSX,0.94,0.95,0.96,0.94,0.96,312300,8034853.4631,0.94,0.14,218754880,218755000.0,5045034420.0,5605590000.0
2000-08-19,CSX,0.96,0.94,0.96,0.94,0.94,322000,8321957.98,0.95,0.15,218754880,218755000.0,5143474116.0,5714969000.0
2000-08-18,CSX,0.94,0.95,0.95,0.94,0.95,538600,13863879.6196,0.95,0.25,218754880,218755000.0,5057339382.0,5619262000.0
2000-08-17,CSX,0.95,0.96,0.97,0.94,0.96,374500,9684416.0805,0.95,0.17,218754880,218755000.0,5094254268.0,5660277000.0
2000-08-16,CSX,0.96,0.98,0.98,0.96,0.99,361100,9557628.7434,0.97,0.17,218754880,218755000.0,5143474116.0,5714969000.0
2000-08-15,CSX,0.99,0.99,0.99,0.97,0.97,343100,9159397.6,0.98,0.16,218754880,218755000.0,5291133660.0,5879031000.0
2000-08-12,CSX,0.97,0.98,0.98,0.96,0.97,405400,10660437.7238,0.97,0.19,218754880,218755000.0,5180389002.0,5755984000.0
2000-08-11,CSX,0.97,1.0,1.01,0.97,0.99,719300,19331681.6591,0.99,0.33,218754880,218755000.0,5217303888.0,5797000000.0
2000-08-10,CSX,0.99,0.99,0.99,0.96,1.01,689700,18313663.4142,0.97,0.32,218754880,218755000.0,5315743584.0,5906379000.0
2000-08-09,CSX,1.01,0.99,1.01,0.97,0.99,759900,20562359.0304,0.99,0.35,218754880,218755000.0,5401878318.0,6002086000.0
2000-08-08,CSX,0.99,0.98,0.99,0.97,0.98,618700,16574846.1665,0.98,0.28,218754880,218755000.0,5303438622.0,5892707000.0
2000-08-05,CSX,0.98,0.98,0.98,0.96,0.95,837200,22258718.4456,0.98,0.38,218452960,218453000.0,5246967033.0,5829961000.0
2000-08-04,CSX,0.95,0.94,0.97,0.94,0.93,627800,16362411.6688,0.96,0.29,218452960,218453000.0,5062647348.0,5625160000.0
2000-08-03,CSX,0.93,0.94,0.94,0.93,0.94,586100,14930892.2251,0.94,0.27,218452960,218453000.0,5001207453.0,5556895000.0
2000-08-02,CSX,0.94,0.92,0.94,0.91,0.91,661100,16743082.0656,0.93,0.3,218452960,218453000.0,5013495432.0,5570547000.0
2000-08-01,CSX,0.91,0.91,0.94,0.91,0.9,882600,22064637.2514,0.92,0.4,218452960,218453000.0,4878327663.0,5420359000.0
2000-07-29,CSX,0.9,0.9,0.9,0.89,0.9,811600,19863828.84,0.9,0.37,218452960,218453000.0,4841463726.0,5379398000.0
2000-07-28,CSX,0.9,0.87,0.91,0.87,0.88,1062200,25978437.84,0.9,0.49,218452960,218453000.0,4829175747.0,5365746000.0
2000-07-27,CSX,0.88,0.82,0.88,0.82,0.82,1137500,26850231.3625,0.87,0.52,218452960,218453000.0,4718583936.0,5242867000.0
2000-07-26,CSX,0.82,0.86,0.86,0.81,0.85,560600,12605707.66,0.83,0.26,218452960,218453000.0,4399096482.0,4887883000.0
2000-07-25,CSX,0.85,0.85,0.85,0.83,0.84,547500,12570545.25,0.84,0.25,218452960,218453000.0,4534264251.0,5038066000.0
2000-07-22,CSX,0.84,0.85,0.86,0.83,0.85,480400,11086526.1192,0.85,0.22,218452960,218453000.0,4521976272.0,5024414000.0
2000-07-21,CSX,0.85,0.86,0.87,0.84,0.86,446800,10401367.2792,0.85,0.2,218452960,218453000.0,4558840209.0,5065375000.0
2000-07-20,CSX,0.86,0.88,0.91,0.85,0.88,647800,15452683.3888,0.88,0.3,218452960,218453000.0,4595704146.0,5106336000.0
2000-07-19,CSX,0.88,0.88,0.9,0.87,0.89,898200,21727008.0018,0.89,0.41,218452960,218453000.0,4694007978.0,5215559000.0
2000-07-18,CSX,0.89,0.9,0.93,0.88,0.88,1159200,28142580.0096,0.89,0.53,218452960,218453000.0,4767735852.0,5297480000.0
2000-07-15,CSX,0.88,0.88,0.89,0.86,0.85,912000,21690643.2,0.87,0.42,218452960,218453000.0,4694007978.0,5215559000.0
2000-07-14,CSX,0.85,0.88,0.88,0.85,0.88,753000,17636614.647,0.86,0.34,218452960,218453000.0,4534264251.0,5038066000.0
2000-07-13,CSX,0.88,0.88,0.89,0.87,0.87,714900,17100472.341,0.88,0.33,218452960,218453000.0,4694007978.0,5215559000.0
2000-07-12,CSX,0.87,0.89,0.89,0.87,0.89,815600,19466812.5728,0.88,0.37,218452960,218453000.0,4669432020.0,5188254000.0
2000-07-11,CSX,0.89,0.89,0.91,0.89,0.89,418300,10257298.6919,0.9,0.19,218452960,218453000.0,4780023831.0,5311137000.0
2000-07-08,CSX,0.89,0.89,0.89,0.87,0.88,504400,12131368.2828,0.88,0.23,218452960,218453000.0,4743159894.0,5270176000.0
2000-07-07,CSX,0.88,0.89,0.91,0.87,0.89,814000,19486342.744,0.88,0.37,218452960,218453000.0,4694007978.0,5215559000.0
2000-07-06,CSX,0.89,0.85,0.9,0.84,0.82,1283000,30566179.17,0.87,0.59,218452960,218453000.0,4743159894.0,5270176000.0
2000-07-04,CSX,0.82,0.8,0.82,0.8,0.78,537300,11822526.7578,0.81,0.25,218452960,218453000.0,4386808503.0,4874227000.0
2000-07-01,CSX,0.78,0.83,0.83,0.77,0.83,1073300,23286741.8268,0.8,0.49,218452960,218453000.0,4165624881.0,4628469000.0
2000-06-30,CSX,0.83,0.84,0.84,0.81,0.84,1246600,27977816.5334,0.82,0.57,218452960,218453000.0,4423672440.0,4915188000.0
2000-06-29,CSX,0.84,0.8,0.85,0.8,0.75,3755500,85056437.9945,0.83,1.72,218452960,218453000.0,4521976272.0,5024414000.0
2000-06-28,CSX,0.75,0.74,0.75,0.73,0.73,506900,10257323.2462,0.74,0.23,218452960,218453000.0,4030457112.0,4478281000.0
2000-06-27,CSX,0.73,0.74,0.75,0.73,0.74,618800,12436514.9272,0.74,0.28,218452960,218453000.0,3907577322.0,4341750000.0
2000-06-24,CSX,0.74,0.73,0.74,0.73,0.73,768100,15472756.9476,0.74,0.35,218452960,218453000.0,3969017217.0,4410016000.0
2000-06-23,CSX,0.73,0.73,0.74,0.72,0.72,1018900,20186132.9788,0.73,0.47,218452960,218453000.0,3895289343.0,4328094000.0
2000-06-22,CSX,0.72,0.72,0.74,0.72,0.73,421200,8324002.4868,0.73,0.19,218452960,218453000.0,3846137427.0,4273484000.0
2000-06-21,CSX,0.73,0.74,0.74,0.72,0.74,476900,9456062.3803,0.73,0.22,218452960,218453000.0,3883001364.0,4314441000.0
2000-06-20,CSX,0.74,0.76,0.76,0.74,0.76,502000,10286174.274,0.75,0.23,218452960,218453000.0,3956729238.0,4396363000.0
2000-06-17,CSX,0.76,0.76,0.77,0.76,0.76,767100,15974539.1535,0.76,0.35,218452960,218453000.0,4067321049.0,4519242000.0
2000-06-16,CSX,0.76,0.77,0.78,0.76,0.75,996900,20826427.311,0.77,0.46,218452960,218453000.0,4079609028.0,4532895000.0
2000-06-15,CSX,0.75,0.77,0.78,0.75,0.77,1459500,30701145.867,0.77,0.67,218452960,218453000.0,4030457112.0,4478281000.0
2000-06-14,CSX,0.77,0.77,0.79,0.77,0.77,1687300,35737002.1889,0.78,0.77,218452960,218453000.0,4141048923.0,4601164000.0
2000-06-13,CSX,0.77,0.76,0.78,0.76,0.76,1017300,21353723.1378,0.77,0.47,218452960,218453000.0,4104184986.0,4560203000.0
2000-06-10,CSX,0.76,0.75,0.78,0.74,0.74,993400,20369960.053,0.75,0.45,218452960,218453000.0,4067321049.0,4519242000.0
2000-06-09,CSX,0.74,0.78,0.78,0.74,0.78,1112200,22979940.5156,0.76,0.51,218452960,218453000.0,3981305196.0,4423672000.0
2000-06-08,CSX,0.78,0.8,0.81,0.78,0.81,580600,12629378.9934,0.8,0.27,218452960,218453000.0,4202488818.0,4669430000.0
2000-06-07,CSX,0.81,0.81,0.82,0.8,0.81,652900,14378684.1613,0.81,0.3,218452960,218453000.0,4325368608.0,4805961000.0
2000-06-06,CSX,0.81,0.83,0.84,0.81,0.84,460000,10323271.7,0.82,0.21,218452960,218453000.0,4349944566.0,4833270000.0
2000-06-03,CSX,0.84,0.82,0.85,0.81,0.83,814700,18628928.5706,0.84,0.37,218452960,218453000.0,4472824356.0,4969805000.0
2000-06-02,CSX,0.83,0.81,0.83,0.8,0.8,707400,15826510.2312,0.82,0.32,218452960,218453000.0,4423672440.0,4915188000.0
2000-06-01,CSX,0.8,0.82,0.82,0.8,0.81,519900,11459005.1613,0.81,0.24,218452960,218453000.0,4276216692.0,4751348000.0
2000-05-31,CSX,0.81,0.82,0.82,0.81,0.8,857100,18993757.6932,0.81,0.39,218452960,218453000.0,4337656587.0,4819617000.0
2000-05-27,CSX,0.8,0.8,0.81,0.8,0.8,484500,10624593.717,0.81,0.22,218452960,218453000.0,4288504671.0,4765004000.0
2000-05-26,CSX,0.8,0.83,0.83,0.79,0.82,403500,8860050.1755,0.81,0.18,218452960,218453000.0,4276216692.0,4751348000.0
2000-05-25,CSX,0.82,0.84,0.84,0.82,0.82,390100,8792851.6594,0.83,0.18,218452960,218453000.0,4411384461.0,4901535000.0
2000-05-24,CSX,0.82,0.82,0.82,0.81,0.81,346100,7704601.32,0.82,0.16,218452960,218453000.0,4386808503.0,4874227000.0
2000-05-23,CSX,0.81,0.85,0.86,0.81,0.84,430800,9764118.618,0.82,0.2,218452960,218453000.0,4386808503.0,4874227000.0
2000-05-20,CSX,0.84,0.84,0.85,0.84,0.84,523000,12125067.778,0.84,0.24,218452960,218453000.0,4558840209.0,5065375000.0
2000-05-19,CSX,0.84,0.85,0.85,0.84,0.84,479800,11180102.882,0.84,0.22,218452960,218453000.0,4546552230.0,5051719000.0
2000-05-18,CSX,0.84,0.83,0.85,0.83,0.84,459500,10655476.917,0.84,0.21,218452960,218453000.0,4558840209.0,5065375000.0
2000-05-17,CSX,0.84,0.82,0.85,0.82,0.82,334900,7719947.0151,0.83,0.15,218584960,218585000.0,4561594884.0,5068434000.0
2000-05-16,CSX,0.82,0.84,0.84,0.82,0.83,469900,10686790.9708,0.82,0.21,218584960,218585000.0,4450936248.0,4945480000.0
2000-05-13,CSX,0.83,0.81,0.84,0.81,0.81,1239600,28336746.5244,0.83,0.57,218584960,218585000.0,4487822460.0,4986465000.0
2000-05-12,CSX,0.81,0.81,0.81,0.79,0.78,1036600,22958201.1234,0.8,0.47,218584960,218585000.0,4389459228.0,4877176000.0
2000-05-11,CSX,0.78,0.79,0.81,0.78,0.79,1551000,33914612.688,0.79,0.71,218584960,218585000.0,4254209784.0,4726898000.0
2000-05-10,CSX,0.79,0.76,0.8,0.76,0.76,1008400,21869059.876,0.79,0.46,218584960,218585000.0,4291095996.0,4767879000.0
2000-05-09,CSX,0.76,0.75,0.77,0.74,0.73,796800,16612397.9424,0.76,0.36,218584960,218585000.0,4106664936.0,4562957000.0
2000-05-06,CSX,0.73,0.72,0.74,0.72,0.72,843700,16942836.6393,0.73,0.39,218584960,218585000.0,3959120088.0,4399020000.0
2000-05-05,CSX,0.72,0.74,0.74,0.72,0.74,655000,13160846.88,0.73,0.3,218584960,218585000.0,3922233876.0,4358035000.0
2000-05-04,CSX,0.74,0.77,0.77,0.74,0.76,1090800,22776558.48,0.76,0.5,218584960,218585000.0,4045187916.0,4494648000.0
2000-05-03,CSX,0.76,0.76,0.77,0.75,0.77,781900,16354447.9329,0.76,0.36,218584960,218585000.0,4143551148.0,4603941000.0
2000-05-02,CSX,0.77,0.75,0.77,0.75,0.76,556500,11700740.2785,0.76,0.25,218584960,218585000.0,4168141956.0,4631266000.0
2000-04-29,CSX,0.76,0.75,0.76,0.74,0.76,861800,17805896.2748,0.75,0.39,218584960,218585000.0,4118960340.0,4576621000.0
2000-04-28,CSX,0.76,0.79,0.79,0.75,0.79,879400,18423065.049,0.76,0.4,218584960,218585000.0,4106664936.0,4562957000.0
2000-04-27,CSX,0.79,0.79,0.81,0.79,0.79,561900,12331791.7305,0.79,0.26,218584960,218585000.0,4303391400.0,4781543000.0
2000-04-26,CSX,0.79,0.75,0.8,0.75,0.76,802100,17461390.5453,0.79,0.37,218584960,218585000.0,4278800592.0,4754219000.0
2000-04-25,CSX,0.76,0.75,0.8,0.75,0.75,605800,12760143.5052,0.76,0.28,218584960,218585000.0,4118960340.0,4576621000.0
2000-04-21,CSX,0.75,0.76,0.77,0.74,0.76,667400,13871636.7008,0.75,0.31,218584960,218585000.0,4057483320.0,4508313000.0
2000-04-20,CSX,0.76,0.77,0.8,0.76,0.76,417500,8919756.405,0.77,0.19,218584960,218585000.0,4143551148.0,4603941000.0
2000-04-19,CSX,0.76,0.75,0.77,0.74,0.76,507600,10691472.204,0.76,0.23,218584960,218585000.0,4143551148.0,4603941000.0
2000-04-18,CSX,0.76,0.76,0.78,0.76,0.77,757800,15986463.1686,0.76,0.35,218584960,218585000.0,4106664936.0,4562957000.0
2000-04-15,CSX,0.77,0.8,0.8,0.76,0.79,1137300,24470936.0862,0.78,0.52,218584960,218585000.0,4192732764.0,4658590000.0
2000-04-14,CSX,0.79,0.8,0.81,0.76,0.79,2858000,62548756.142,0.79,1.31,218584960,218585000.0,4278800592.0,4754219000.0
2000-04-13,CSX,0.79,0.8,0.82,0.78,0.81,1301000,28720087.594,0.8,0.6,218584960,218585000.0,4291095996.0,4767879000.0
2000-04-12,CSX,0.81,0.81,0.83,0.8,0.81,1464400,32935370.8292,0.81,0.67,218584960,218585000.0,4414050036.0,4904496000.0
2000-04-11,CSX,0.81,0.82,0.83,0.8,0.82,790300,17915460.857,0.82,0.36,218584960,218585000.0,4389459228.0,4877176000.0
2000-04-08,CSX,0.82,0.85,0.86,0.81,0.86,809900,18471791.0104,0.83,0.37,218584960,218585000.0,4450936248.0,4945480000.0
2000-04-07,CSX,0.86,0.86,0.89,0.85,0.86,677200,16262348.52,0.87,0.31,218584960,218585000.0,4659958116.0,5177730000.0
2000-04-06,CSX,0.86,0.83,0.87,0.82,0.84,628600,14680260.2828,0.85,0.29,218584960,218585000.0,4696844328.0,5218711000.0
2000-04-05,CSX,0.84,0.83,0.84,0.82,0.83,948500,21835603.4575,0.83,0.43,218584960,218585000.0,4537004076.0,5041113000.0
2000-04-04,CSX,0.83,0.86,0.86,0.83,0.85,732600,16943789.6496,0.84,0.34,218584960,218585000.0,4524708672.0,5027453000.0
2000-04-01,CSX,0.85,0.84,0.88,0.84,0.87,894700,21077874.0518,0.85,0.41,218584960,218585000.0,4623071904.0,5136742000.0
2000-03-31,CSX,0.87,0.86,0.87,0.84,0.86,568200,13472754.4098,0.86,0.26,218584960,218585000.0,4709139732.0,5232375000.0
2000-03-30,CSX,0.86,0.86,0.87,0.85,0.86,426600,10104319.62,0.86,0.2,218584960,218585000.0,4684548924.0,5205051000.0
2000-03-29,CSX,0.86,0.86,0.87,0.84,0.88,466200,11060313.4152,0.86,0.21,218584960,218585000.0,4659958116.0,5177730000.0
2000-03-28,CSX,0.88,0.89,0.89,0.87,0.88,682600,16602806.0792,0.88,0.31,218584960,218585000.0,4758321348.0,5287020000.0
2000-03-25,CSX,0.88,0.9,0.9,0.87,0.9,626400,15349553.028,0.89,0.29,218584960,218585000.0,4782912156.0,5314344000.0
2000-03-24,CSX,0.9,0.9,0.91,0.88,0.9,400800,9925249.2768,0.9,0.18,218584960,218585000.0,4881275388.0,5423637000.0
2000-03-23,CSX,0.9,0.91,0.92,0.89,0.91,497300,12405986.9478,0.9,0.23,218584960,218585000.0,4893570792.0,5437297000.0
2000-03-22,CSX,0.91,0.91,0.92,0.89,0.9,787600,19702751.244,0.91,0.36,218584960,218585000.0,4942752408.0,5491941000.0
2000-03-21,CSX,0.9,0.92,0.93,0.89,0.92,438600,10993684.44,0.91,0.2,218584960,218585000.0,4893570792.0,5437297000.0
2000-03-18,CSX,0.92,0.91,0.92,0.89,0.89,1067500,26718025.1625,0.91,0.49,218584960,218585000.0,4979638620.0,5532930000.0
2000-03-17,CSX,0.89,0.84,0.89,0.84,0.85,949100,22667916.2181,0.87,0.43,218584960,218585000.0,4807502964.0,5341664000.0
2000-03-16,CSX,0.85,0.78,0.85,0.78,0.78,516700,11745566.5296,0.82,0.24,218584960,218585000.0,4598481096.0,5109422000.0
2000-03-15,CSX,0.78,0.78,0.79,0.78,0.79,613000,13246191.948,0.78,0.28,218584960,218585000.0,4241914380.0,4713234000.0
2000-03-14,CSX,0.79,0.81,0.81,0.78,0.81,349000,7595042.351,0.79,0.16,218584960,218585000.0,4303391400.0,4781543000.0
2000-03-11,CSX,0.81,0.8,0.82,0.79,0.8,300500,6666651.398,0.8,0.14,218584960,218585000.0,4377163824.0,4863512000.0
2000-03-10,CSX,0.8,0.81,0.81,0.79,0.82,353200,7777918.5684,0.8,0.16,218584960,218585000.0,4352573016.0,4836188000.0
2000-03-09,CSX,0.82,0.77,0.83,0.77,0.77,2095000,47223172.93,0.82,0.96,218584960,218585000.0,4475527056.0,4972805000.0
2000-03-08,CSX,0.77,0.8,0.8,0.77,0.81,585100,12726211.1139,0.79,0.27,218337920,218338000.0,4175712720.0,4639680000.0
2000-03-07,CSX,0.81,0.81,0.81,0.8,0.83,468900,10418908.7655,0.8,0.21,218337920,218338000.0,4384498356.0,4871664000.0
2000-03-04,CSX,0.83,0.81,0.85,0.8,0.8,621300,14201050.9935,0.83,0.28,218337920,218338000.0,4495031928.0,4994477000.0
2000-03-03,CSX,0.8,0.81,0.82,0.79,0.81,669100,14777006.59,0.8,0.31,218337920,218338000.0,4323090816.0,4803430000.0
2000-03-02,CSX,0.81,0.8,0.83,0.79,0.8,923600,20484427.422,0.8,0.42,218337920,218338000.0,4421342880.0,4912602000.0
2000-03-01,CSX,0.8,0.79,0.82,0.79,0.79,1781300,39604163.0396,0.81,0.82,218337920,218338000.0,4553710244.0,4844371000.0
2000-02-29,CSX,0.79,0.77,0.8,0.76,0.77,773300,16734979.1136,0.78,0.35,218337920,218338000.0,4463918774.4,4748848000.0
2000-02-26,CSX,0.77,0.78,0.79,0.76,0.79,1137100,24439790.3648,0.78,0.52,218337920,218338000.0,4361299952.0,4639680000.0
2000-02-25,CSX,0.79,0.77,0.79,0.73,0.77,1258900,26593494.571,0.77,0.58,218337920,218338000.0,4451091421.6,4735199000.0
2000-02-24,CSX,0.77,0.8,0.8,0.77,0.8,884500,19090332.4395,0.78,0.41,218337920,218338000.0,4386954657.6,4666969000.0
2000-02-23,CSX,0.8,0.77,0.81,0.77,0.78,732600,16385766.0318,0.8,0.34,218337920,218338000.0,4605019655.2,4898953000.0
2000-02-19,CSX,0.78,0.8,0.8,0.77,0.8,710400,15502277.76,0.78,0.33,218337920,218338000.0,4476746127.2,4762492000.0
2000-02-18,CSX,0.8,0.79,0.81,0.77,0.78,1097600,24112280.9536,0.79,0.5,218337920,218338000.0,4617847008.0,4912602000.0
2000-02-17,CSX,0.78,0.79,0.81,0.78,0.79,1125900,25085824.3674,0.8,0.52,218337920,218338000.0,4502400832.8,4789785000.0
2000-02-16,CSX,0.79,0.8,0.81,0.78,0.78,872500,19337825.6325,0.79,0.4,218337920,218338000.0,4515228185.6,4803430000.0
2000-02-15,CSX,0.78,0.77,0.8,0.75,0.77,2948800,63272360.3168,0.77,1.35,218337920,218338000.0,4489573480.0,4776141000.0
2000-02-12,CSX,0.77,0.82,0.82,0.75,0.82,1047500,23271359.5125,0.79,0.48,218337920,218338000.0,4438264068.8,4721555000.0
2000-02-11,CSX,0.82,0.85,0.86,0.82,0.89,1768600,41023904.4084,0.83,0.81,218337920,218338000.0,4720465830.4,5021770000.0
2000-02-10,CSX,0.89,0.91,0.92,0.88,0.88,1552500,38897403.12,0.9,0.71,218337920,218338000.0,5130941120.0,5458445000.0
2000-02-09,CSX,0.88,0.91,0.93,0.88,0.93,1840000,46208466.48,0.9,0.84,218337920,218338000.0,5079631708.8,5403859000.0
2000-02-08,CSX,0.93,0.99,1.0,0.93,0.99,663500,17746691.561,0.96,0.3,218337920,218338000.0,5361833470.4,5704074000.0
2000-02-05,CSX,0.99,1.01,1.01,0.98,1.0,1334800,37054305.6164,0.99,0.61,218337920,218338000.0,5682517290.4,6045227000.0
2000-02-04,CSX,1.0,1.01,1.02,0.99,1.01,391400,11022369.2202,1.01,0.18,218337920,218338000.0,5720999348.8,6086164000.0
2000-02-03,CSX,1.01,1.03,1.03,1.0,1.03,434700,12350432.5371,1.02,0.2,218337920,218338000.0,5797963465.6,6168043000.0
2000-02-02,CSX,1.03,1.05,1.05,1.03,1.05,263400,7653294.2958,1.04,0.12,218337920,218338000.0,5939064346.4,6318148000.0
2000-02-01,CSX,1.05,1.05,1.06,1.04,1.04,544700,15971032.1342,1.05,0.25,218337920,218338000.0,6003201110.4,6386383000.0
2000-01-29,CSX,1.04,1.07,1.07,1.02,1.09,850700,24939882.5765,1.05,0.39,218337920,218338000.0,5977546404.8,6359090000.0
2000-01-28,CSX,1.09,1.07,1.09,1.07,1.07,801400,24131915.4772,1.08,0.37,218337920,218338000.0,6234093460.8,6632012000.0
2000-01-27,CSX,1.07,1.09,1.1,1.06,1.07,2365400,71125430.2168,1.07,1.08,218337920,218338000.0,6144301991.2,6536488000.0
2000-01-26,CSX,1.07,1.09,1.12,1.07,1.09,918200,27951285.2162,1.09,0.42,218337920,218338000.0,6169956696.8,6563781000.0
2000-01-25,CSX,1.09,1.12,1.12,1.08,1.1,471000,14439252.006,1.1,0.22,218337920,218338000.0,6272575519.2,6672949000.0
2000-01-22,CSX,1.1,1.13,1.13,1.09,1.08,505700,15764335.2815,1.11,0.23,218337920,218338000.0,6298230224.8,6700242000.0
2000-01-21,CSX,1.08,1.12,1.13,1.07,1.13,862200,26769326.0778,1.11,0.39,218337920,218338000.0,6221266108.0,6618367000.0
2000-01-20,CSX,1.13,1.13,1.14,1.12,1.13,1836000,58248372.348,1.13,0.84,218337920,218338000.0,6516295222.4,6932223000.0
2000-01-19,CSX,1.13,1.14,1.15,1.13,1.15,414600,13261437.06,1.14,0.19,218337920,218338000.0,6516295222.4,6932223000.0
2000-01-15,CSX,1.15,1.15,1.17,1.14,1.16,469200,15169981.5588,1.16,0.21,218337920,218338000.0,6618914044.8,7041395000.0
2000-01-14,CSX,1.16,1.14,1.18,1.14,1.15,519200,16828462.5256,1.16,0.24,218337920,218338000.0,6683050808.8,7109625000.0
2000-01-13,CSX,1.15,1.14,1.16,1.14,1.14,532700,17109150.9946,1.15,0.24,218337920,218338000.0,6593259339.2,7014105000.0
2000-01-12,CSX,1.14,1.14,1.17,1.14,1.14,557600,17946746.32,1.15,0.26,218337920,218338000.0,6567604633.6,6986813000.0
2000-01-11,CSX,1.14,1.14,1.15,1.13,1.14,475300,15164112.3641,1.14,0.22,218337920,218338000.0,6567604633.6,6986813000.0
2000-01-08,CSX,1.14,1.14,1.15,1.13,1.14,567200,18095321.4768,1.14,0.26,218337920,218338000.0,6567604633.6,6986813000.0
2000-01-07,CSX,1.14,1.09,1.19,1.08,1.09,884100,28164054.0426,1.14,0.4,218337920,218338000.0,6567604633.6,6986813000.0
2000-01-06,CSX,1.09,1.08,1.1,1.06,1.07,566500,17155088.9345,1.08,0.26,218337920,218338000.0,6285402872.0,6686594000.0
2000-01-05,CSX,1.07,1.07,1.1,1.06,1.11,422700,12675330.7476,1.07,0.19,218337920,218338000.0,6157129344.0,6550133000.0
2000-01-04,CSX,1.11,1.12,1.14,1.08,1.12,506600,15761942.054,1.11,0.23,218337920,218338000.0,6349539636.0,6754828000.0
2000-01-01,CSX,1.12,1.12,1.13,1.09,1.12,364000,11340014.14,1.11,,218337920,,6439331105.6,
1999-12-31,CSX,1.12,1.11,1.13,1.1,1.11,420600,13162926.8364,1.12,,218337920,,6426503752.8,
1999-12-30,CSX,1.11,1.13,1.14,1.1,1.15,426100,13348517.7895,1.12,,218337920,,6362366988.8,
1999-12-29,CSX,1.15,1.12,1.15,1.12,1.13,509300,16290365.3935,1.14,,218337920,,6593259339.2,
1999-12-28,CSX,1.13,1.08,1.17,1.08,1.08,712900,22668079.8742,1.14,,218337920,,6477813164.0,
1999-12-24,CSX,1.08,1.05,1.11,1.05,1.04,688100,20700726.7733,1.08,,218337920,,6195611402.4,
1999-12-23,CSX,1.04,1.04,1.04,1.03,1.04,1811700,52553786.3532,1.04,,218337920,,5964719052.0,
1999-12-22,CSX,1.04,1.04,1.1,1.03,1.22,3481700,102411420.14,1.05,,218337920,,5951891699.2,
1999-12-21,CSX,1.22,1.26,1.28,1.22,1.25,358200,12454861.5162,1.24,,218337920,,7029389334.4,
1999-12-18,CSX,1.25,1.25,1.28,1.25,1.25,914300,32122740.0814,1.26,,218337920,,7183317568.0,
1999-12-17,CSX,1.25,1.25,1.27,1.25,1.25,354200,12432806.078,1.25,,218337920,,7196144920.8,
1999-12-16,CSX,1.25,1.26,1.26,1.25,1.25,708000,24877413.012,1.26,,218337920,,7196144920.8,
1999-12-15,CSX,1.25,1.26,1.26,1.24,1.26,357700,12582382.5869,1.26,,218337920,,7170490215.2,
1999-12-14,CSX,1.26,1.27,1.28,1.26,1.27,739700,26281980.3818,1.27,,218337920,,7260281684.8,
1999-12-11,CSX,1.27,1.27,1.28,1.26,1.27,370100,13137658.059,1.27,,218337920,,7311591096.0,
1999-12-10,CSX,1.27,1.27,1.28,1.26,1.27,465600,16522370.5296,1.27,,217661920,,7263378270.4,
1999-12-09,CSX,1.27,1.26,1.27,1.26,1.26,424900,15025605.7063,1.26,,217661920,,7250590632.6,
1999-12-08,CSX,1.26,1.27,1.28,1.26,1.27,312400,11040339.0856,1.26,,217661920,,7212227719.2,
1999-12-07,CSX,1.27,1.27,1.28,1.26,1.3,295000,10478900.91,1.27,,217661920,,7276165908.2,
1999-12-04,CSX,1.3,1.25,1.31,1.25,1.26,488100,17495453.9595,1.28,,217661920,,7429617561.8,
1999-12-03,CSX,1.26,1.28,1.29,1.26,1.28,371200,13158404.5056,1.27,,217661920,,7199440081.4,
1999-12-02,CSX,1.28,1.28,1.3,1.26,1.27,445600,15936258.3776,1.28,,217661920,,7327316459.4,
1999-12-01,CSX,1.27,1.31,1.34,1.27,1.3,651300,23571195.0435,1.29,,217661920,,7198759887.9,
1999-11-30,CSX,1.3,1.32,1.32,1.28,1.33,363500,13184867.638,1.3,,217661920,,7363230676.2,
1999-11-27,CSX,1.33,1.32,1.34,1.32,1.34,98500,3661835.5075,1.33,,217661920,,7515049865.4,
1999-11-25,CSX,1.34,1.36,1.36,1.31,1.35,229100,8534202.2672,1.33,,217661920,,7590959460.0,
1999-11-24,CSX,1.35,1.38,1.38,1.35,1.38,423900,16132785.7761,1.36,,217661920,,7654217455.5,
1999-11-23,CSX,1.38,1.38,1.39,1.37,1.39,579800,22391289.8222,1.38,,217661920,,7806036644.7,
1999-11-20,CSX,1.39,1.42,1.42,1.39,1.4,440200,17363685.9186,1.4,,217661920,,7945204234.8,
1999-11-19,CSX,1.4,1.41,1.42,1.37,1.41,237000,9325947.867,1.4,,217661920,,7995810631.2,
1999-11-18,CSX,1.41,1.44,1.44,1.39,1.46,267000,10610577.597,1.41,,217661920,,8033765428.5,
1999-11-17,CSX,1.46,1.45,1.47,1.43,1.46,190800,7799902.092,1.45,,217661920,,8312100608.7,
1999-11-16,CSX,1.46,1.44,1.47,1.44,1.45,233800,9568964.9972,1.45,,217661920,,8324752207.8,
1999-11-13,CSX,1.45,1.44,1.45,1.43,1.44,207100,8411778.629,1.44,,217661920,,8274145811.4,
1999-11-12,CSX,1.44,1.43,1.45,1.42,1.43,317900,12866364.1568,1.44,,217661920,,8198236216.8,
1999-11-11,CSX,1.43,1.43,1.45,1.41,1.44,516800,20879229.5648,1.43,,217661920,,8134978221.3,
1999-11-10,CSX,1.44,1.42,1.44,1.42,1.39,599100,24087411.0054,1.43,,217661920,,8210887815.9,
1999-11-09,CSX,1.39,1.37,1.4,1.37,1.38,411700,16089645.2298,1.39,,217661920,,7945204234.8,
1999-11-06,CSX,1.38,1.39,1.4,1.36,1.39,332900,12966454.0013,1.38,,217661920,,7894597838.4,
1999-11-05,CSX,1.39,1.37,1.4,1.37,1.38,558000,21788777.862,1.38,,217661920,,7907249437.5,
1999-11-04,CSX,1.38,1.39,1.39,1.37,1.4,619900,24114106.2806,1.38,,217661920,,7894597838.4,
1999-11-02,CSX,1.43,1.43,1.45,1.41,1.45,613100,24729383.5952,1.43,,217661920,,8172933018.6,
1999-10-19,CSX,1.31,1.34,1.34,1.31,1.34,370200,13729976.8596,1.32,,217661920,,7477095068.1,
1999-10-16,CSX,1.34,1.38,1.38,1.33,1.36,212000,8097552.0,1.35,,217661920,,7641565856.4,
1999-10-15,CSX,1.36,1.38,1.38,1.34,1.38,560700,21664883.3751,1.37,,217661920,,7768081847.4,
1999-10-08,CSX,1.45,1.46,1.46,1.44,1.46,334700,13719687.0306,1.45,,217661920,,8286797410.5,
1999-10-06,CSX,1.47,1.48,1.49,1.45,1.48,584000,24280965.664,1.47,,217661920,,8400661802.4,
1999-09-28,CSX,1.48,1.5,1.5,1.47,1.49,405500,16961657.4725,1.48,,217661920,,8476571397.0,
1999-09-21,CSX,1.54,1.54,1.56,1.54,1.55,348000,15155395.824,1.54,,217661920,,8818164572.7,
1999-09-14,CSX,1.55,1.53,1.56,1.53,1.54,160400,6967774.0752,1.54,,217661920,,8843467770.9,
1999-09-10,CSX,1.53,1.6,1.6,1.53,1.59,776100,34115016.8346,1.56,,217661920,,8729603379.0,
1999-09-08,CSX,1.59,1.61,1.61,1.56,1.61,771900,34476908.8686,1.58,,217661920,,9083848153.8,
1999-09-03,CSX,1.57,1.53,1.58,1.52,1.58,1099400,47798602.806,1.54,,217661920,,8944680563.7,
1999-09-01,CSX,1.55,1.6,1.61,1.55,1.6,704500,31370674.864,1.58,,217661920,,8843467770.9,
1999-08-28,CSX,1.62,1.62,1.63,1.61,1.63,277300,12688137.9681,1.62,,217661920,,9260970541.2,
1999-08-27,CSX,1.63,1.64,1.66,1.62,1.65,287100,13293015.6645,1.64,,217661920,,9311576937.6,
1999-08-24,CSX,1.65,1.62,1.65,1.62,1.63,359000,16544873.641,1.63,,217661920,,9438092928.6,
1999-08-21,CSX,1.63,1.63,1.63,1.61,1.63,296600,13641817.1374,1.62,,217661920,,9336880135.8,
1999-08-19,CSX,1.64,1.64,1.64,1.61,1.65,527600,24369314.2896,1.63,,217661920,,9412789730.4,
1999-08-17,CSX,1.66,1.63,1.66,1.62,1.63,655000,30705084.105,1.65,,217661920,,9526654122.3,
1999-08-13,CSX,1.64,1.68,1.7,1.64,1.68,289300,13685625.8,1.67,,217661920,,9412789730.4,
1999-08-04,CSX,1.74,1.73,1.75,1.72,1.74,394900,19450006.1459,1.74,,217390880,,9969681626.1,
1999-08-03,CSX,1.74,1.74,1.74,1.73,1.71,314600,15550046.9124,1.74,,217390880,,9994953315.9,
1999-07-30,CSX,1.75,1.77,1.77,1.74,1.78,519400,25878065.6806,1.76,,217390880,,10070768385.3,
1999-07-29,CSX,1.78,1.75,1.79,1.75,1.76,345200,17381164.5096,1.77,,217390880,,10222398524.1,
1999-07-28,CSX,1.76,1.78,1.78,1.75,1.78,477000,23855240.799,1.76,,217390880,,10108675920.0,
1999-07-23,CSX,1.73,1.8,1.8,1.68,1.76,751100,36996924.4379,1.74,,217390880,,9931774091.4,
1999-07-22,CSX,1.76,1.78,1.82,1.72,1.78,490100,24570181.3396,1.77,,217390880,,10096040075.1,
1999-07-21,CSX,1.78,1.81,1.81,1.76,1.8,432100,21938576.0148,1.79,,217390880,,10197126834.3,
1999-07-20,CSX,1.8,1.8,1.81,1.77,1.72,831100,42277216.7579,1.79,,217390880,,10348756973.1,
1999-07-17,CSX,1.72,1.67,1.72,1.66,1.64,489100,23427394.5417,1.69,,217390880,,9893866556.7,
1999-07-16,CSX,1.64,1.68,1.68,1.64,1.68,377900,17757898.1442,1.66,,217390880,,9426340295.4,
1999-07-15,CSX,1.68,1.66,1.69,1.66,1.66,510200,24154392.4776,1.67,,217390880,,9615877968.9,
1999-07-14,CSX,1.66,1.62,1.66,1.62,1.63,716300,33453350.3044,1.65,,217390880,,9514791209.7,
1999-07-13,CSX,1.63,1.65,1.65,1.62,1.64,302900,14053952.6855,1.63,,217390880,,9363161070.9,
1999-07-10,CSX,1.64,1.64,1.65,1.61,1.65,198000,9180863.406,1.63,,217390880,,9401068605.6,
1999-07-07,CSX,1.69,1.72,1.72,1.67,1.73,316400,15131196.8836,1.68,,217390880,,9679057193.4,
1999-07-03,CSX,1.73,1.71,1.76,1.68,1.66,645000,31659819.84,1.73,,217390880,,9919138246.5,
1999-07-02,CSX,1.66,1.59,1.69,1.58,1.6,485600,22649836.4296,1.64,,217390880,,9552698744.4,
1999-07-01,CSX,1.6,1.59,1.61,1.58,1.6,668400,30180265.2,1.59,,217390880,,9173623397.4,
1999-06-30,CSX,1.6,1.61,1.63,1.59,1.64,619900,28191810.3403,1.6,,217390880,,9198895087.2,
1999-06-29,CSX,1.64,1.58,1.64,1.57,1.55,637900,29197318.9863,1.61,,217390880,,9413704450.5,
1999-06-26,CSX,1.55,1.57,1.57,1.54,1.57,504800,22226844.2568,1.55,,217390880,,8895634809.6,
1999-06-25,CSX,1.57,1.59,1.6,1.57,1.59,228800,10314758.3968,1.59,,217390880,,9009357413.7,
1999-06-24,CSX,1.59,1.6,1.6,1.58,1.6,337300,15205819.2762,1.59,,217390880,,9110444172.9,
1999-06-23,CSX,1.6,1.59,1.61,1.58,1.59,248700,11316593.8617,1.6,,217390880,,9186259242.3,
1999-06-22,CSX,1.59,1.6,1.61,1.59,1.61,341000,15466735.295,1.6,,217390880,,9148351707.6,
1999-06-19,CSX,1.61,1.63,1.66,1.61,1.6,533500,24720255.4665,1.63,,217390880,,9249438466.8,
1999-06-18,CSX,1.6,1.6,1.63,1.59,1.61,278300,12668769.2604,1.6,,217390880,,9198895087.2,
1999-06-17,CSX,1.61,1.67,1.69,1.59,1.68,252000,11676671.748,1.63,,217390880,,9236802621.9,
1999-06-16,CSX,1.68,1.64,1.68,1.64,1.66,399200,18862596.0064,1.66,,217390880,,9641149658.7,
1999-06-15,CSX,1.66,1.62,1.68,1.61,1.58,603000,28350045.0,1.66,,217390880,,9514791209.7,
1999-06-12,CSX,1.58,1.66,1.69,1.56,1.68,429300,19548170.7777,1.6,,217390880,,9072536638.2,
1999-06-11,CSX,1.68,1.67,1.69,1.65,1.67,151100,7157152.189,1.67,,217390880,,9615877968.9,
1999-06-10,CSX,1.67,1.69,1.71,1.66,1.69,112100,5363535.9274,1.69,,217390880,,9565334589.3,
1999-06-09,CSX,1.69,1.7,1.72,1.67,1.69,293500,14106487.2715,1.69,,217390880,,9691693038.3,
1999-06-08,CSX,1.69,1.69,1.71,1.67,1.7,150100,7190089.1493,1.69,,217390880,,9691693038.3,
1999-06-05,CSX,1.7,1.65,1.7,1.65,1.65,162600,7734230.787,1.68,,217390880,,9754872262.8,
1999-06-04,CSX,1.65,1.67,1.68,1.62,1.67,411400,19257633.1772,1.65,,217390880,,9451611985.2,
1999-06-03,CSX,1.67,1.69,1.69,1.65,1.69,358700,17064434.7413,1.68,,217390880,,9603242124.0,
1999-06-02,CSX,1.69,1.65,1.69,1.65,1.65,401200,19059001.988,1.67,,217390880,,9691693038.3,
1999-05-29,CSX,1.65,1.66,1.67,1.62,1.62,249400,11681145.5554,1.65,,217390880,,9489519519.9,
1999-05-28,CSX,1.62,1.68,1.68,1.6,1.68,490400,22868327.4056,1.64,,217390880,,9312617691.3,
1999-05-27,CSX,1.68,1.7,1.7,1.65,1.7,1086900,51370139.4834,1.67,,217390880,,9641149658.7,
1999-05-26,CSX,1.7,1.75,1.77,1.7,1.75,436200,21590589.219,1.74,,217390880,,9754872262.8,
1999-05-25,CSX,1.75,1.75,1.77,1.74,1.75,446000,22231313.324,1.76,,217390880,,10032860850.6,
1999-05-22,CSX,1.75,1.74,1.78,1.73,1.74,512700,25474007.073,1.75,,217390880,,10020225005.7,
1999-05-18,CSX,1.65,1.69,1.69,1.65,1.71,504000,24061462.992,1.67,,217390880,,9552698744.4,
1999-05-15,CSX,1.71,1.73,1.74,1.69,1.73,344600,16844391.5662,1.71,,217390880,,9855959022.0,
1999-05-11,CSX,1.73,1.75,1.77,1.71,1.75,533900,26499056.5644,1.74,,217390880,,9982317471.0,
1999-05-05,CSX,1.87,1.81,1.89,1.81,1.81,950400,50530867.2,1.86,,217040960,,10786257459.0,
1999-04-30,CSX,1.73,1.74,1.77,1.72,1.71,666400,33120739.0696,1.74,,217040960,,9991480593.6,
1999-04-27,CSX,1.52,1.45,1.54,1.44,1.46,517900,22100341.0031,1.49,,217040960,,8742545519.4,
1999-04-23,CSX,1.51,1.52,1.53,1.5,1.55,290300,12549667.8388,1.51,,217040960,,8717314507.8,
1999-04-20,CSX,1.6,1.54,1.66,1.54,1.53,923500,42597353.612,1.62,,217040960,,9196703728.2,
1999-04-16,CSX,1.49,1.38,1.5,1.38,1.38,1324800,55218988.8,1.46,,217040960,,8591159449.8,
1999-04-10,CSX,1.32,1.35,1.35,1.32,1.36,191200,7298675.4968,1.34,,217040960,,7607149997.4,
1999-04-07,CSX,1.35,1.37,1.37,1.35,1.37,550400,21452935.296,1.36,,217040960,,7808998090.2,
1999-04-02,CSX,1.37,1.38,1.38,1.33,1.36,509900,19807572.3406,1.36,,217040960,,7884691125.0,
1999-03-31,CSX,1.36,1.35,1.36,1.34,1.35,460600,17759350.5152,1.35,,217040960,,7821613596.0,
1999-03-27,CSX,1.31,1.3,1.32,1.29,1.3,441900,16538102.1972,1.31,,217040960,,7569303480.0,
1999-03-26,CSX,1.3,1.28,1.32,1.28,1.28,416700,15470400.8664,1.3,,217040960,,7518841456.8,
1999-03-25,CSX,1.28,1.3,1.3,1.26,1.29,792800,28913404.9008,1.28,,217040960,,7367455387.2,
1999-03-24,CSX,1.29,1.31,1.33,1.27,1.31,417700,15388066.7469,1.29,,217040960,,7417917410.4,
1999-03-23,CSX,1.31,1.35,1.36,1.31,1.34,305800,11691955.3652,1.34,,217040960,,7569303480.0,
1999-03-20,CSX,1.34,1.36,1.37,1.33,1.36,482900,18559774.2539,1.35,,217040960,,7745920561.2,
1999-03-18,CSX,1.33,1.37,1.38,1.33,1.38,478000,18518671.22,1.36,,217040960,,7644996514.8,
1999-03-13,CSX,1.33,1.34,1.34,1.32,1.33,253000,9632468.747,1.33,,217040960,,7657612020.6,
1999-03-12,CSX,1.33,1.33,1.36,1.32,1.32,390400,14923036.4864,1.34,,217040960,,7670227526.4,
1999-03-09,CSX,1.34,1.37,1.37,1.32,1.38,451900,17346627.5253,1.34,,217040960,,7695458538.0,
1999-03-04,CSX,1.35,1.35,1.36,1.3,1.35,384800,14593922.876,1.33,,218280000,,7802827875.0,
1999-03-02,CSX,1.38,1.36,1.38,1.34,1.37,433800,16867873.9944,1.36,,218280000,,7980453225.0,
1999-02-24,CSX,1.4,1.41,1.45,1.4,1.42,467500,18844924.065,1.41,,218280000,,8220151950.0,
1999-02-23,CSX,1.42,1.43,1.45,1.41,1.39,385700,15820639.1287,1.43,,218280000,,8374039350.0,
1999-02-20,CSX,1.39,1.39,1.4,1.38,1.39,551100,22066587.3846,1.39,,218280000,,8232975900.0,
1999-02-19,CSX,1.39,1.43,1.43,1.38,1.43,610200,24469628.9796,1.39,,218280000,,8220151950.0,
1999-02-18,CSX,1.43,1.43,1.47,1.41,1.43,893600,37271162.4,1.45,,218280000,,8412511200.0,
1999-02-17,CSX,1.43,1.41,1.43,1.4,1.42,552000,22486824.0,1.42,,218280000,,8425335150.0,
1999-02-10,CSX,1.42,1.42,1.43,1.39,1.41,363800,14835036.4,1.42,,218280000,,8386863300.0,
1999-02-06,CSX,1.47,1.45,1.48,1.45,1.45,759800,32015688.0412,1.46,,218280000,,8681814150.0,
1999-02-05,CSX,1.45,1.43,1.46,1.42,1.42,981000,40673240.019,1.44,,218280000,,8540750700.0,
1999-02-04,CSX,1.42,1.39,1.45,1.38,1.4,690600,27991397.8188,1.41,,218280000,,8386863300.0,
1999-01-28,CSX,1.31,1.39,1.39,1.31,1.39,343400,13299534.8226,1.35,,218280000,,7758489750.0,
1999-01-27,CSX,1.39,1.37,1.4,1.36,1.36,346800,13765873.998,1.38,,218280000,,8181680100.0,
1999-01-26,CSX,1.36,1.39,1.4,1.36,1.39,617700,24475118.4522,1.38,,218280000,,8027792700.0,
1999-01-23,CSX,1.39,1.35,1.4,1.35,1.34,827300,32887649.4543,1.38,,218280000,,8207328000.0,
1999-01-22,CSX,1.34,1.32,1.34,1.28,1.34,1878900,70943498.6844,1.31,,218280000,,7912377150.0,
1999-01-21,CSX,1.34,1.38,1.38,1.32,1.38,1055900,40629964.4851,1.34,,218280000,,7899553200.0,
1999-01-20,CSX,1.38,1.43,1.43,1.36,1.42,649300,25720071.6,1.38,,218280000,,8117560350.0,
1999-01-16,CSX,1.42,1.44,1.44,1.4,1.43,520200,21259008.198,1.42,,218280000,,8386863300.0,
1999-01-15,CSX,1.43,1.45,1.45,1.41,1.45,483200,19927163.6512,1.43,,218280000,,8450983050.0,
1999-01-14,CSX,1.45,1.47,1.48,1.44,1.48,555800,23269121.6884,1.46,,218280000,,8553574650.0,
1999-01-13,CSX,1.48,1.53,1.54,1.48,1.54,366200,15775159.2056,1.5,,218280000,,8733109950.0,
1999-01-12,CSX,1.54,1.56,1.57,1.53,1.56,428800,19119758.912,1.55,,218280000,,9079356600.0,
1999-01-09,CSX,1.56,1.5,1.58,1.5,1.5,539200,24005721.5824,1.55,,218280000,,9207596100.0,
1999-01-08,CSX,1.5,1.51,1.51,1.48,1.51,468800,20156518.7056,1.49,,218280000,,8848525500.0,
1999-01-07,CSX,1.51,1.45,1.51,1.45,1.44,538500,22958944.8075,1.48,,218280000,,8925469200.0,
1999-01-06,CSX,1.44,1.46,1.46,1.44,1.45,644200,26765214.5138,1.44,,218280000,,8527926750.0,
1999-01-05,CSX,1.45,1.45,1.47,1.44,1.44,624000,25988348.88,1.45,,218280000,,8566398600.0,
1999-01-01,CSX,1.44,1.44,1.44,1.43,1.44,477500,19742230.815,1.44,,218280000,,8515102800.0,
1998-12-31,CSX,1.44,1.44,1.45,1.43,1.44,249300,10338965.8605,1.44,,218280000,,8489454900.0,
1998-12-30,CSX,1.44,1.42,1.45,1.42,1.42,244200,10069829.4906,1.43,,218280000,,8502278850.0,
1998-12-29,CSX,1.42,1.43,1.43,1.39,1.43,562500,22735683.0,1.4,,218280000,,8361215400.0,
1998-12-25,CSX,1.43,1.43,1.43,1.43,1.43,228200,9391797.1462,1.43,,218280000,,8438159100.0,
1998-12-24,CSX,1.43,1.44,1.44,1.42,1.44,670600,27572388.2588,1.43,,218280000,,8450983050.0,
1998-12-23,CSX,1.44,1.45,1.47,1.43,1.45,697500,29019484.71,1.45,,218280000,,8476630950.0,
1998-12-22,CSX,1.45,1.45,1.46,1.45,1.45,409900,17130125.1614,1.45,,218280000,,8553574650.0,
1998-12-19,CSX,1.45,1.46,1.46,1.45,1.46,485200,20315322.0592,1.46,,218280000,,8579222550.0,
1998-12-18,CSX,1.46,1.41,1.46,1.41,1.42,383400,15816782.8332,1.43,,218280000,,8592046500.0,
1998-12-17,CSX,1.42,1.4,1.43,1.4,1.42,1093300,44409841.6268,1.41,,218280000,,8374039350.0,
1998-12-16,CSX,1.42,1.44,1.44,1.39,1.44,648000,26231680.224,1.41,,218280000,,8374039350.0,
1998-12-15,CSX,1.44,1.47,1.47,1.44,1.47,550300,23026750.4485,1.45,,218280000,,8527926750.0,
1998-12-12,CSX,1.47,1.46,1.48,1.46,1.46,685600,28850729.4864,1.46,,218280000,,8656166250.0,
1998-12-11,CSX,1.46,1.44,1.47,1.44,1.44,392200,16314337.517,1.45,,218280000,,8630518350.0,
1998-12-10,CSX,1.44,1.43,1.44,1.43,1.43,557200,23012914.414,1.44,,218280000,,8515102800.0,
1998-12-09,CSX,1.43,1.44,1.45,1.42,1.44,755400,31167039.5352,1.43,,218280000,,8450983050.0,
1998-12-08,CSX,1.44,1.44,1.45,1.43,1.44,498500,20578079.5015,1.43,,218280000,,8489454900.0,
1998-12-05,CSX,1.44,1.44,1.45,1.43,1.44,693200,28623609.5476,1.44,,218280000,,8489454900.0,
1998-12-04,CSX,1.44,1.45,1.46,1.44,1.46,509000,21221733.946,1.45,,218280000,,8476630950.0,
1998-12-03,CSX,1.46,1.46,1.46,1.44,1.46,531700,22083090.783,1.44,,218280000,,8604870450.0,
1998-12-02,CSX,1.46,1.45,1.46,1.44,1.45,621700,25904995.6,1.45,,218280000,,8592046500.0,
1998-12-01,CSX,1.45,1.49,1.5,1.45,1.49,369600,15630009.5952,1.47,,218280000,,8280588225.0,
1998-11-28,CSX,1.49,1.49,1.49,1.48,1.49,168300,7216702.317,1.49,,218280000,,8528881725.0,
1998-11-26,CSX,1.49,1.49,1.51,1.48,1.5,276500,11893921.788,1.5,,218280000,,8516467050.0,
1998-11-25,CSX,1.5,1.51,1.53,1.49,1.51,407200,17649674.764,1.51,,218280000,,8566125750.0,
1998-11-24,CSX,1.51,1.51,1.52,1.49,1.52,764900,33114045.4457,1.5,,218280000,,8615784450.0,
1998-11-21,CSX,1.52,1.52,1.52,1.5,1.47,953000,41680401.329,1.51,,218280000,,8739931200.0,
1998-11-20,CSX,1.47,1.43,1.48,1.43,1.43,602100,25303846.1706,1.45,,218280000,,8441979000.0,
1998-11-19,CSX,1.43,1.42,1.44,1.42,1.43,473300,19537823.5267,1.43,,218280000,,8243344200.0,
1998-11-18,CSX,1.43,1.42,1.45,1.41,1.42,596200,24559853.857,1.42,,218280000,,8218514850.0,
1998-11-17,CSX,1.42,1.41,1.43,1.38,1.4,585700,23781175.3429,1.4,,218280000,,8168856150.0,
1998-11-14,CSX,1.4,1.41,1.42,1.4,1.42,413400,16830337.0794,1.41,,218280000,,8057124075.0,
1998-11-13,CSX,1.42,1.4,1.42,1.4,1.4,1213500,49491380.3595,1.41,,218280000,,8144026800.0,
1998-11-12,CSX,1.4,1.41,1.42,1.38,1.42,759200,30901708.4896,1.41,,218280000,,8069538750.0,
1998-11-11,CSX,1.42,1.43,1.44,1.41,1.43,555300,22940551.9341,1.43,,218640960,,8169929422.2,
1998-11-10,CSX,1.43,1.45,1.45,1.42,1.45,975300,40776308.9223,1.44,,218640960,,8269411059.0,
1998-11-07,CSX,1.45,1.44,1.46,1.42,1.44,561300,23449991.4,1.44,,218640960,,8331587082.0,
1998-11-06,CSX,1.44,1.43,1.46,1.42,1.44,584400,24239741.4468,1.43,,218640960,,8306716672.8,
1998-11-05,CSX,1.44,1.38,1.44,1.38,1.37,1087000,44476771.391,1.41,,218640960,,8306716672.8,
1998-11-04,CSX,1.37,1.36,1.38,1.36,1.35,757100,29946322.8006,1.37,,218640960,,7883919716.4,
1998-11-03,CSX,1.35,1.36,1.39,1.35,1.36,773700,30418785.3315,1.36,,218640960,,7796873284.2,
1998-10-31,CSX,1.36,1.33,1.37,1.33,1.33,526200,20550207.4332,1.35,,218640960,,7809308488.8,
1998-10-30,CSX,1.33,1.34,1.34,1.31,1.34,663300,25501231.8,1.33,,218640960,,7672521238.2,
1998-10-29,CSX,1.34,1.35,1.36,1.33,1.35,668900,26024217.3799,1.34,,218640960,,7709826852.0,
1998-10-28,CSX,1.35,1.35,1.36,1.33,1.34,575100,22397265.4743,1.34,,218640960,,7772002875.0,
1998-10-27,CSX,1.34,1.32,1.34,1.32,1.31,588100,22704181.5428,1.33,,218640960,,7709826852.0,
1998-10-24,CSX,1.31,1.32,1.35,1.3,1.36,1073900,41344068.5827,1.33,,218640960,,7523298783.0,
1998-10-23,CSX,1.36,1.43,1.43,1.34,1.42,941600,37840076.3752,1.39,,218640960,,7846614102.6,
1998-10-22,CSX,1.42,1.49,1.49,1.4,1.49,655500,27102948.6675,1.43,,218640960,,8194799831.4,
1998-10-21,CSX,1.49,1.47,1.51,1.47,1.46,430600,18592010.6022,1.49,,218640960,,8580291174.0,
1998-10-20,CSX,1.46,1.53,1.53,1.46,1.54,633600,27431073.3312,1.49,,218640960,,8393763105.0,
1998-10-17,CSX,1.54,1.62,1.62,1.54,1.53,1220000,55480717.56,1.57,,218640960,,8891171289.0,
1998-10-16,CSX,1.53,1.4,1.53,1.39,1.4,367000,15339498.266,1.44,,218640960,,8791689652.2,
1998-10-15,CSX,1.4,1.39,1.42,1.39,1.38,396800,16152931.6224,1.41,,218640960,,8070447785.4,
1998-10-14,CSX,1.38,1.37,1.39,1.36,1.37,495100,19671310.7245,1.37,,218640960,,7946095739.4,
1998-10-13,CSX,1.37,1.39,1.39,1.36,1.36,376600,14957420.6936,1.37,,218640960,,7896354921.0,
1998-10-10,CSX,1.36,1.36,1.39,1.35,1.35,440500,17371116.619,1.36,,218640960,,7859049307.2,
1998-10-09,CSX,1.35,1.33,1.36,1.32,1.35,1032800,39887755.3736,1.33,,218640960,,7759567670.4,
1998-10-08,CSX,1.35,1.38,1.38,1.34,1.38,1560200,61184786.0378,1.35,,218640960,,7759567670.4,
1998-10-07,CSX,1.38,1.4,1.42,1.38,1.4,619200,24989051.304,1.39,,218640960,,7946095739.4,
1998-10-06,CSX,1.4,1.45,1.45,1.39,1.48,637400,26113637.413,1.41,,218640960,,8095318194.6,
1998-10-03,CSX,1.48,1.45,1.51,1.44,1.44,701300,29942704.8,1.47,,218640960,,8555420764.8,
1998-10-02,CSX,1.44,1.44,1.45,1.43,1.45,775700,32339704.8215,1.44,,218640960,,8319151877.4,
1998-10-01,CSX,1.45,1.47,1.48,1.43,1.48,682600,28936091.1392,1.46,,218640960,,8368892695.8,
1998-09-30,CSX,1.48,1.48,1.49,1.46,1.46,375500,16025208.6185,1.47,,218640960,,8518115151.0,
1998-09-25,CSX,1.44,1.47,1.47,1.44,1.47,337600,14145098.0112,1.45,,218640960,,8319151877.4,
1998-09-24,CSX,1.47,1.46,1.47,1.44,1.46,501800,21042476.6838,1.45,,218640960,,8455939128.0,
1998-09-23,CSX,1.46,1.38,1.46,1.36,1.39,544100,22116574.0795,1.4,,218640960,,8393763105.0,
1998-09-19,CSX,1.39,1.42,1.42,1.35,1.42,644900,26108767.4714,1.4,,218640960,,8033142171.6,
1998-09-18,CSX,1.42,1.43,1.43,1.4,1.44,487700,20023011.2,1.42,,218640960,,8169929422.2,
1998-09-17,CSX,1.44,1.44,1.44,1.4,1.44,414400,17107259.9712,1.43,,218640960,,8306716672.8,
1998-09-16,CSX,1.44,1.4,1.44,1.38,1.41,493800,20070496.062,1.4,,218640960,,8294281468.2,
1998-09-15,CSX,1.41,1.4,1.42,1.39,1.39,627300,25672876.6635,1.41,,218640960,,8145059013.0,
1998-09-12,CSX,1.39,1.38,1.39,1.36,1.39,1263800,50477429.481,1.38,,218640960,,7995836557.8,
1998-09-11,CSX,1.39,1.38,1.39,1.36,1.38,580600,23031240.8,1.37,,218640960,,8033142171.6,
1998-09-10,CSX,1.38,1.39,1.4,1.37,1.39,689700,27484538.7927,1.38,,218640960,,7946095739.4,
1998-09-09,CSX,1.39,1.35,1.39,1.33,1.32,639200,25306560.1688,1.37,,218640960,,7983401353.2,
1998-09-05,CSX,1.32,1.3,1.32,1.29,1.3,431000,16302573.707,1.31,,218640960,,7635215624.4,
1998-09-04,CSX,1.3,1.29,1.32,1.29,1.3,587200,22089287.8384,1.3,,218640960,,7485993169.2,
1998-09-03,CSX,1.3,1.3,1.31,1.29,1.3,688100,25887694.7595,1.3,,218640960,,7485993169.2,
1998-09-02,CSX,1.3,1.28,1.31,1.26,1.29,663200,24749293.6208,1.29,,218640960,,7473557964.6,
1998-09-01,CSX,1.29,1.33,1.34,1.27,1.32,519400,19733562.6418,1.31,,218640960,,7379132400.0,
1998-08-29,CSX,1.32,1.32,1.33,1.32,1.32,488100,18683491.8,1.32,,218640960,,7514416494.0,
1998-08-28,CSX,1.32,1.33,1.34,1.31,1.34,595600,22797177.2616,1.32,,218640960,,7526715048.0,
1998-08-27,CSX,1.34,1.32,1.35,1.32,1.36,708500,27456494.1235,1.34,,218640960,,7612804926.0,
1998-08-26,CSX,1.36,1.39,1.41,1.35,1.38,415200,16644536.7696,1.38,,218640960,,7760387574.0,
1998-08-25,CSX,1.38,1.36,1.39,1.36,1.36,434700,17291496.6,1.37,,218640960,,7858776006.0,
1998-08-22,CSX,1.36,1.39,1.4,1.35,1.41,448000,17758268.864,1.37,,218640960,,7772686128.0,
1998-08-21,CSX,1.41,1.41,1.42,1.4,1.4,134600,5534213.3308,1.41,,218640960,,8104747086.0,
1998-08-19,CSX,1.41,1.37,1.41,1.36,1.38,287900,11678084.5331,1.39,,218640960,,8067851424.0,
1998-08-18,CSX,1.38,1.35,1.38,1.35,1.4,489400,19584804.7954,1.37,,218640960,,7895671668.0,
1998-08-15,CSX,1.4,1.43,1.43,1.38,1.43,317900,13074588.3389,1.41,,218640960,,8043254316.0,
1998-08-14,CSX,1.43,1.44,1.46,1.42,1.45,303500,12687509.751,1.43,,218640960,,8203135518.0,
1998-08-13,CSX,1.45,1.41,1.46,1.41,1.41,332200,13994589.0678,1.44,,218640960,,8313822504.0,
1998-08-12,CSX,1.41,1.43,1.43,1.4,1.44,612000,25285388.94,1.42,,218640960,,8117045640.0,
1998-08-11,CSX,1.44,1.44,1.46,1.44,1.43,882100,37199030.279,1.45,,219090880,,8306282988.0,
1998-08-08,CSX,1.43,1.38,1.45,1.37,1.37,739300,30568570.4856,1.42,,219090880,,8244663678.0,
1998-08-07,CSX,1.37,1.33,1.37,1.32,1.33,432900,16918591.7394,1.34,,219090880,,7887271680.0,
1998-08-06,CSX,1.33,1.33,1.34,1.33,1.33,436500,16954531.254,1.33,,219090880,,7665442164.0,
1998-08-05,CSX,1.33,1.38,1.39,1.33,1.39,923300,36928294.7971,1.37,,219090880,,7665442164.0,
1998-08-04,CSX,1.39,1.38,1.4,1.36,1.39,478500,19347190.0215,1.39,,219090880,,7973538714.0,
1998-08-01,CSX,1.39,1.42,1.43,1.37,1.44,392700,16028045.7876,1.4,,219090880,,7973538714.0,
1998-07-31,CSX,1.44,1.43,1.46,1.43,1.44,375700,15833500.0486,1.44,,219090880,,8256987540.0,
1998-07-30,CSX,1.44,1.45,1.47,1.43,1.45,287500,12153196.55,1.45,,219090880,,8256987540.0,
1998-07-29,CSX,1.45,1.47,1.49,1.44,1.47,284800,12147856.9216,1.46,,219090880,,8355578436.0,
1998-07-28,CSX,1.47,1.45,1.48,1.43,1.46,382300,16243544.3177,1.46,,219090880,,8466493194.0,
1998-07-25,CSX,1.46,1.48,1.48,1.43,1.48,311300,13242700.1322,1.46,,219090880,,8380226160.0,
1998-07-24,CSX,1.48,1.53,1.53,1.48,1.51,400100,17536377.7987,1.5,,219090880,,8503464780.0,
1998-07-23,CSX,1.51,1.49,1.51,1.48,1.49,331500,14417928.5055,1.49,,219090880,,8688322710.0,
1998-07-22,CSX,1.49,1.5,1.5,1.48,1.5,324400,14095827.5024,1.49,,219090880,,8552760228.0,
1998-07-21,CSX,1.5,1.52,1.56,1.5,1.52,320200,14224241.0778,1.52,,219090880,,8626703400.0,
1998-07-18,CSX,1.52,1.52,1.54,1.51,1.52,398500,17717708.1015,1.52,,219090880,,8762265882.0,
1998-07-02,CSX,1.56,1.56,1.57,1.55,1.56,294500,,,,219090880,,8959447674.0,
1998-05-16,CSX,1.86,1.87,1.87,1.86,1.87,350600,,,,219090880,,10531698601.6,
1998-05-15,CSX,1.87,1.87,1.9,1.87,1.87,361500,,,,219090880,,10579898595.2,
1998-05-14,CSX,1.87,1.87,1.88,1.87,1.86,226800,,,,219090880,,10603998592.0,
1998-05-08,CSX,1.84,1.84,1.85,1.83,1.85,579400,,,,219090880,,10399148619.2,
1998-05-07,CSX,1.85,1.84,1.86,1.84,1.84,518400,,,,219090880,,10447348612.8,
1998-05-06,CSX,1.84,1.84,1.85,1.84,1.84,506200,,,,219090880,,10411198617.6,
1998-05-05,CSX,1.84,1.84,1.84,1.81,1.81,646800,,,,219090880,,10411198617.6,
1998-05-01,CSX,1.79,1.8,1.81,1.79,1.79,827100,,,,219090880,,10121998656.0,
1998-04-30,CSX,1.79,1.79,1.8,1.78,1.79,442500,,,,219090880,,10134048654.4,
1998-04-25,CSX,1.82,1.81,1.85,1.81,1.83,618000,,,,218964000,,10296782100.0,
1998-04-24,CSX,1.83,1.84,1.88,1.83,1.88,461300,,,,218964000,,10369040220.0,
1998-04-23,CSX,1.88,1.91,1.92,1.87,1.9,473700,,,,218964000,,10621943640.0,
1998-04-22,CSX,1.9,1.94,1.94,1.89,1.94,459200,,,,218964000,,10766459880.0,
1998-04-21,CSX,1.94,1.94,1.97,1.93,1.94,553900,,,,218964000,,10947105180.0,
1998-04-18,CSX,1.94,1.93,1.96,1.93,1.93,357200,,,,218964000,,10971191220.0,
1998-04-17,CSX,1.93,1.92,1.94,1.91,1.92,471900,,,,218964000,,10923019140.0,
1998-04-16,CSX,1.92,1.91,1.93,1.91,1.91,873000,,,,218964000,,10862804040.0,
1998-04-14,CSX,1.93,1.93,1.93,1.9,1.95,334600,,,,218964000,,10898933100.0,
1998-04-08,CSX,1.98,2.02,2.02,1.97,2.02,266600,,,,218964000,,11175922560.0,
1998-04-07,CSX,2.02,2.04,2.06,2.02,2.06,235600,,,,218964000,,11416782960.0,
1998-04-04,CSX,2.06,2.04,2.07,2.04,2.04,304600,,,,218964000,,11645600340.0,
1998-04-03,CSX,2.04,2.03,2.06,2.03,2.04,365200,,,,218964000,,11561299200.0,
1998-04-02,CSX,2.04,2.03,2.05,2.02,2.03,400300,,,,218964000,,11513127120.0,
1998-04-01,CSX,2.03,2.02,2.05,2.01,2.02,346100,,,,218964000,,11464955040.0,
1998-03-31,CSX,2.02,2.03,2.05,2.01,2.03,257100,,,,218964000,,11428825980.0,
1998-03-28,CSX,2.03,2.0,2.04,1.99,2.0,418700,,,,218964000,,11464955040.0,
1998-03-27,CSX,2.0,1.99,2.01,1.99,2.0,308400,,,,218964000,,11332481820.0,
1998-03-26,CSX,2.0,2.0,2.02,1.98,2.0,609900,,,,218964000,,11296352760.0,
1998-03-25,CSX,2.0,2.0,2.02,1.99,2.0,441800,,,,218964000,,11296352760.0,
1998-03-24,CSX,2.0,1.99,2.01,1.97,2.02,376000,,,,218964000,,11320438800.0,
1998-03-21,CSX,2.02,2.06,2.06,2.0,2.02,728100,,,,218964000,,11428825980.0,
1998-03-20,CSX,2.02,2.01,2.02,1.98,1.97,248100,,,,218964000,,11428825980.0,
1998-03-19,CSX,1.97,1.97,1.98,1.97,1.97,344000,,,,218308960,,11082454354.4,
1998-03-18,CSX,1.97,1.96,1.98,1.96,1.95,361600,,,,218308960,,11118475332.8,
1998-03-17,CSX,1.95,1.94,1.96,1.93,1.93,390200,,,,218308960,,10974391419.2,
1998-03-14,CSX,1.93,1.92,1.93,1.91,1.91,604000,,,,218308960,,10890342469.6,
1998-03-13,CSX,1.91,1.92,1.93,1.91,1.92,275200,,,,218308960,,10794286527.2,
1998-03-12,CSX,1.92,1.92,1.94,1.91,1.93,655400,,,,218308960,,10842314498.4,
1998-03-11,CSX,1.93,1.92,1.93,1.92,1.91,370200,,,,218308960,,10854321491.2,
1998-03-10,CSX,1.91,1.9,1.93,1.9,1.91,934100,,,,218308960,,10794286527.2,
1998-03-07,CSX,1.91,1.9,1.92,1.9,1.89,870500,,,,218308960,,10758265548.8,
1998-03-06,CSX,1.89,1.92,1.93,1.88,1.93,747400,,,,218308960,,10662209606.4,
1998-03-05,CSX,1.93,1.93,1.94,1.92,1.94,623900,,,,218308960,,10878335476.8,
1998-03-04,CSX,1.94,1.93,1.95,1.92,1.92,635100,,,,218308960,,10950377433.6,
1998-03-03,CSX,1.92,1.92,1.94,1.91,1.91,343700,,,,218308960,,10842314498.4,
1998-02-28,CSX,1.91,1.92,1.93,1.89,1.92,330100,,,,218308960,,10990491705.0,
1998-02-27,CSX,1.92,1.92,1.93,1.88,1.93,396800,,,,218308960,,11076450858.0,
1998-02-26,CSX,1.93,1.92,1.95,1.91,1.94,433000,,,,218308960,,11101010616.0,
1998-02-25,CSX,1.94,1.97,1.97,1.93,1.97,200700,,,,218308960,,11199249648.0,
1998-02-24,CSX,1.97,1.98,1.99,1.95,1.97,229200,,,,218308960,,11371167954.0,
1998-02-21,CSX,1.97,1.96,1.98,1.96,1.96,435800,,,,218308960,,11420287470.0,
1998-02-20,CSX,1.96,1.98,1.98,1.94,1.98,347200,,,,218308960,,11371167954.0,
1998-02-19,CSX,1.98,2.0,2.03,1.97,2.0,545500,,,,218194880,,11475686970.0,
1998-02-18,CSX,2.0,2.0,2.01,1.99,2.0,376200,,,,218194880,,11586148128.0,
1998-02-14,CSX,2.0,1.98,2.0,1.97,2.02,302900,,,,218194880,,11586148128.0,
1998-02-13,CSX,2.02,1.98,2.03,1.96,1.98,383400,,,,218194880,,11672062362.0,
1998-02-12,CSX,1.98,1.95,1.98,1.95,1.95,341000,,,,218194880,,11487960432.0,
1998-02-11,CSX,1.95,1.94,1.96,1.93,1.93,451200,,,,218194880,,11279311578.0,
1998-02-10,CSX,1.93,1.95,1.95,1.92,1.95,461700,,,,218194880,,11205670806.0,
1998-02-07,CSX,1.95,1.9,1.96,1.9,1.9,618400,,,,218194880,,11303858502.0,
1998-02-06,CSX,1.9,1.9,1.91,1.88,1.88,537600,,,,218194880,,11009295414.0,
1998-02-05,CSX,1.88,1.84,1.89,1.84,1.85,376200,,,,218194880,,10874287332.0,
1998-02-04,CSX,1.85,1.83,1.86,1.83,1.83,348600,,,,218194880,,10702458864.0,
1998-02-03,CSX,1.83,1.81,1.83,1.81,1.8,216100,,,,218194880,,10591997706.0,
1998-01-31,CSX,1.8,1.79,1.81,1.78,1.79,447700,,,,218194880,,10407895776.0,
1998-01-30,CSX,1.79,1.76,1.82,1.76,1.76,311500,,,,218194880,,10383348852.0,
1998-01-29,CSX,1.76,1.74,1.76,1.73,1.74,284300,,,,218194880,,10199246922.0,
1998-01-28,CSX,1.74,1.72,1.75,1.71,1.72,585900,,,,218194880,,10101059226.0,
1998-01-27,CSX,1.72,1.71,1.73,1.71,1.71,446900,,,,218194880,,9953777682.0,
1998-01-24,CSX,1.71,1.69,1.73,1.69,1.7,493400,,,,218194880,,9880136910.0,
1998-01-23,CSX,1.7,1.71,1.72,1.67,1.75,746200,,,,218194880,,9818769600.0,
1998-01-22,CSX,1.75,1.8,1.8,1.74,1.81,823400,,,,218194880,,10125606150.0,
1998-01-21,CSX,1.81,1.8,1.81,1.79,1.79,610600,,,,218194880,,10481536548.0,
1998-01-17,CSX,1.79,1.8,1.81,1.79,1.79,535700,,,,218194880,,10358801928.0,
1998-01-16,CSX,1.79,1.81,1.81,1.78,1.81,495600,,,,218194880,,10383348852.0,
1998-01-15,CSX,1.81,1.81,1.81,1.79,1.8,196800,,,,218194880,,10456989624.0,
1998-01-14,CSX,1.8,1.79,1.8,1.79,1.79,213000,,,,218194880,,10432442700.0,
1998-01-13,CSX,1.79,1.75,1.81,1.75,1.76,316800,,,,218194880,,10346528466.0,
1998-01-10,CSX,1.76,1.83,1.83,1.75,1.84,603600,,,,218194880,,10186973460.0,
1998-01-09,CSX,1.84,1.86,1.86,1.83,1.86,448700,,,,218194880,,10641091554.0,
1998-01-08,CSX,1.86,1.85,1.86,1.82,1.85,527700,,,,218194880,,10751552712.0,
1998-01-07,CSX,1.85,1.82,1.86,1.82,1.83,554800,,,,218194880,,10702458864.0,
1998-01-06,CSX,1.83,1.82,1.83,1.82,1.82,806600,,,,218194880,,10616544630.0,
1998-01-03,CSX,1.82,1.83,1.83,1.8,1.83,404700,,,,218194880,,10555177320.0,
1998-01-01,CSX,1.83,1.8,1.83,1.79,1.8,872500,,,,218194880,,10604271168.0,
1997-12-31,CSX,1.8,1.76,1.81,1.75,1.76,438000,,,,218194880,,10407895776.0,
1997-12-30,CSX,1.76,1.74,1.77,1.74,1.73,299800,,,,218194880,,10199246922.0,
1997-12-27,CSX,1.73,1.75,1.75,1.73,1.75,227200,,,,218194880,,10039691916.0,
1997-12-25,CSX,1.75,1.79,1.79,1.75,1.79,277700,,,,218194880,,10125606150.0,
1997-12-24,CSX,1.79,1.86,1.86,1.79,1.85,255400,,,,218194880,,10395622314.0,
1997-12-23,CSX,1.85,1.83,1.86,1.81,1.83,498900,,,,218194880,,10739279250.0,
1997-12-20,CSX,1.83,1.8,1.83,1.76,1.83,860700,,,,218194880,,10579724244.0,
1997-12-19,CSX,1.83,1.86,1.86,1.83,1.86,1148100,,,,218194880,,10604271168.0,
1997-12-18,CSX,1.86,1.86,1.88,1.86,1.85,582100,,,,218194880,,10763826174.0,
1997-12-17,CSX,1.85,1.83,1.85,1.82,1.81,501300,,,,218194880,,10714732326.0,
1997-12-16,CSX,1.81,1.78,1.83,1.78,1.78,250100,,,,218194880,,10506083472.0,
1997-12-13,CSX,1.78,1.8,1.81,1.78,1.8,412200,,,,218194880,,10334255004.0,
1997-12-12,CSX,1.8,1.81,1.82,1.79,1.81,273300,,,,218194880,,10407895776.0,
1997-12-11,CSX,1.81,1.82,1.83,1.8,1.83,316300,,,,218194880,,10456989624.0,
1997-12-10,CSX,1.83,1.82,1.83,1.81,1.83,821600,,,,218194880,,10591997706.0,
1997-12-09,CSX,1.83,1.82,1.83,1.81,1.82,488600,,,,218194880,,10591997706.0,
1997-12-06,CSX,1.82,1.83,1.85,1.82,1.83,316900,,,,218194880,,10555177320.0,
1997-12-05,CSX,1.83,1.84,1.84,1.82,1.84,871000,,,,218194880,,10628818092.0,
1997-12-04,CSX,1.84,1.84,1.85,1.83,1.84,822400,,,,218194880,,10641091554.0,
1997-12-03,CSX,1.84,1.81,1.84,1.81,1.8,396800,,,,218194880,,10653365016.0,
1997-12-02,CSX,1.8,1.78,1.81,1.78,1.77,291500,,,,218194880,,10432442700.0,
1997-11-29,CSX,1.77,1.76,1.78,1.76,1.76,165200,,,,218194880,,10044601300.8,
1997-11-27,CSX,1.76,1.76,1.78,1.75,1.77,672100,,,,218194880,,9984597708.8,
1997-11-26,CSX,1.77,1.81,1.81,1.76,1.79,524200,,,,218194880,,10008599145.6,
1997-11-25,CSX,1.79,1.82,1.82,1.79,1.82,606200,,,,218194880,,10164608484.8,
1997-11-22,CSX,1.82,1.85,1.85,1.81,1.83,493600,,,,218194880,,10320617824.0,
1997-11-21,CSX,1.83,1.82,1.84,1.81,1.81,355800,,,,218194880,,10440625008.0,
1997-11-20,CSX,1.81,1.8,1.83,1.8,1.81,250100,,,,218194880,,10332618542.4,
1997-11-19,CSX,1.81,1.83,1.86,1.8,1.82,210500,,,,218194880,,10284615668.8,
1997-11-18,CSX,1.82,1.82,1.82,1.8,1.81,582400,,,,218194880,,10368620697.6,
1997-11-15,CSX,1.81,1.8,1.83,1.79,1.8,304900,,,,218194880,,10320617824.0,
1997-11-14,CSX,1.8,1.79,1.8,1.76,1.79,469400,,,,218194880,,10248613513.6,
1997-11-13,CSX,1.79,1.8,1.81,1.79,1.81,310400,,,,218194880,,10212611358.4,
1997-11-12,CSX,1.81,1.8,1.82,1.8,1.8,333900,,,,218194880,,10284615668.8,
1997-11-11,CSX,1.8,1.79,1.82,1.78,1.78,592100,,,,218194880,,10248613513.6,
1997-11-08,CSX,1.78,1.78,1.79,1.74,1.8,578900,,,,218194880,,10152607766.4,
1997-11-07,CSX,1.8,1.83,1.83,1.79,1.83,698000,,,,218194880,,10272614950.4,
1997-11-06,CSX,1.83,1.85,1.85,1.82,1.85,408700,,,,218194880,,10428624289.6,
1997-11-05,CSX,1.85,1.88,1.88,1.83,1.88,250800,,,,218194880,,10524630036.8,
1997-11-04,CSX,1.88,1.88,1.89,1.87,1.85,572100,,,,218194880,,10716641531.2,
1997-11-01,CSX,1.85,1.86,1.87,1.82,1.82,606800,,,,218194880,,10560632192.0,
1997-10-31,CSX,1.82,1.83,1.85,1.8,1.84,399300,,,,217840960,,10351802419.2,
1997-10-30,CSX,1.84,1.77,1.85,1.77,1.76,836600,,,,217840960,,10435671188.8,
1997-10-29,CSX,1.76,1.71,1.78,1.69,1.74,819000,,,,217840960,,9980383582.4,
1997-10-28,CSX,1.74,1.85,1.88,1.74,1.88,456800,,,,217840960,,9920477318.4,
1997-10-25,CSX,1.88,1.92,1.93,1.87,1.91,433700,,,,217840960,,10663314992.0,
1997-10-24,CSX,1.91,1.95,1.95,1.9,1.95,573800,,,,217840960,,10855015036.8,
1997-10-23,CSX,1.95,1.96,1.97,1.94,1.97,447800,,,,217840960,,11082658840.0,
1997-10-22,CSX,1.97,1.92,1.97,1.92,1.9,501900,,,,217840960,,11190490115.2,
1997-10-21,CSX,1.9,1.95,1.96,1.9,1.95,543300,,,,217840960,,10831052531.2,
1997-10-18,CSX,1.95,1.97,1.98,1.93,1.97,314600,,,,217840960,,11106621345.6,
1997-10-17,CSX,1.97,1.99,2.01,1.97,1.99,368300,,,,217840960,,11214452620.8,
1997-10-16,CSX,1.99,1.98,2.01,1.98,1.99,256000,,,,217840960,,11322283896.0,
1997-10-15,CSX,1.99,1.99,2.01,1.94,1.98,545900,,,,217840960,,11310302643.2,
1997-10-14,CSX,1.98,2.01,2.01,1.98,1.99,125800,,,,217840960,,11250396379.2,
1997-10-11,CSX,1.99,1.97,2.01,1.96,1.98,257100,,,,217840960,,11334265148.8,
1997-10-10,CSX,1.98,1.99,2.0,1.97,2.01,334400,,,,217840960,,11274358884.8,
1997-10-09,CSX,2.01,2.04,2.04,1.99,2.04,154400,,,,217840960,,11418133918.4,
1997-10-08,CSX,2.04,1.99,2.05,1.99,2.0,239900,,,,217840960,,11621815216.0,
1997-10-07,CSX,2.0,2.03,2.04,2.0,2.0,327500,,,,217840960,,11394171412.8,
1997-10-04,CSX,2.0,2.02,2.02,1.98,2.0,458900,,,,217840960,,11370208907.2,
1997-10-03,CSX,2.0,1.98,2.01,1.96,1.99,394500,,,,217840960,,11358227654.4,
1997-10-02,CSX,1.99,1.98,1.99,1.96,1.97,364100,,,,217840960,,11298321390.4,
1997-10-01,CSX,1.97,1.96,1.99,1.95,1.95,452300,,,,217840960,,11214452620.8,
1997-09-30,CSX,1.95,1.94,1.96,1.94,1.94,753700,,,,217840960,,11070677587.2,
1997-09-27,CSX,1.94,1.96,1.96,1.93,1.95,348600,,,,217840960,,11010771323.2,
1997-09-26,CSX,1.95,1.97,1.97,1.94,1.97,330300,,,,217840960,,11094640092.8,
1997-09-25,CSX,1.97,1.98,1.99,1.94,1.98,389400,,,,217840960,,11202471368.0,
1997-09-24,CSX,1.98,1.99,2.0,1.97,1.99,420100,,,,217840960,,11238415126.4,
1997-09-23,CSX,1.99,2.02,2.02,1.99,2.02,168500,,,,217840960,,11310302643.2,
1997-09-20,CSX,2.02,2.03,2.05,2.01,2.06,500500,,,,217840960,,11466058929.6,
1997-09-19,CSX,2.06,2.05,2.07,2.05,2.06,527100,,,,217840960,,11693702732.8,
1997-09-18,CSX,2.06,2.06,2.07,2.05,2.06,807500,,,,217840960,,11693702732.8,
1997-09-17,CSX,2.06,2.01,2.08,2.01,1.99,497500,,,,217840960,,11729646491.2,
1997-09-16,CSX,1.99,1.96,2.0,1.96,1.96,311500,,,,217840960,,11322283896.0,
1997-09-13,CSX,1.96,1.93,1.97,1.92,1.92,505200,,,,217840960,,11154546356.8,
1997-09-12,CSX,1.92,1.92,1.93,1.91,1.92,775700,,,,217840960,,10926902553.6,
1997-09-11,CSX,1.92,1.93,1.95,1.89,1.96,650500,,,,217840960,,10926902553.6,
1997-09-10,CSX,1.96,1.95,1.98,1.94,1.97,751400,,,,217840960,,11118602598.4,
1997-09-09,CSX,1.97,1.98,2.0,1.97,1.97,421000,,,,217840960,,11202471368.0,
1997-09-06,CSX,1.97,1.99,2.0,1.96,1.99,290600,,,,217840960,,11190490115.2,
1997-09-05,CSX,1.99,2.0,2.0,1.98,2.0,671000,,,,217840960,,11298321390.4,
1997-09-04,CSX,2.0,1.97,2.01,1.96,1.96,244800,,,,217840960,,11382190160.0,
1997-09-03,CSX,1.96,1.93,1.99,1.93,1.93,421300,,,,217840960,,11142565104.0,
1997-08-30,CSX,1.93,1.95,1.95,1.91,1.95,568400,,,,217840960,,11336579709.0,
1997-08-29,CSX,1.95,1.98,1.98,1.95,1.98,270100,,,,217840960,,11460476755.0,
1997-08-28,CSX,1.98,1.99,2.0,1.97,2.0,323100,,,,217840960,,11621542914.8,
1997-08-27,CSX,2.0,2.02,2.02,1.98,2.02,325800,,,,217840960,,11757829665.4,
1997-08-26,CSX,2.02,1.99,2.03,1.99,1.99,481300,,,,217840960,,11869337006.8,
1997-08-23,CSX,1.99,1.98,2.0,1.96,1.99,438700,,,,217840960,,11695881142.4,
1997-08-22,CSX,1.99,1.95,1.99,1.94,1.95,284700,,,,217840960,,11695881142.4,
1997-08-21,CSX,1.95,1.94,1.95,1.93,1.93,287400,,,,217840960,,11510035573.4,
1997-08-20,CSX,1.93,1.94,1.95,1.91,1.93,387400,,,,217840960,,11398528232.0,
1997-08-19,CSX,1.93,1.92,1.93,1.9,1.92,385700,,,,217840960,,11398528232.0,
1997-08-16,CSX,1.92,1.94,1.94,1.91,1.96,506600,,,,217840960,,11311800299.8,
1997-08-15,CSX,1.96,1.98,1.99,1.94,1.98,556300,,,,217840960,,11571984096.4,
1997-08-14,CSX,1.98,2.01,2.01,1.98,2.01,405900,,,,217840960,,11695881142.4,
1997-08-13,CSX,2.01,2.01,2.02,2.0,2.0,697800,,,,217840960,,11869337006.8,
1997-08-12,CSX,2.0,2.0,2.02,1.99,2.0,403500,,,,217840960,,11832167893.0,
1997-08-09,CSX,2.0,2.01,2.03,1.99,2.03,729000,,,,217840960,,11807388483.8,
1997-08-08,CSX,2.03,2.05,2.06,2.02,2.06,510100,,,,217840960,,11980844348.2,
1997-08-07,CSX,2.06,2.03,2.06,2.03,2.02,438100,,,,217840960,,12141910508.0,
1997-08-06,CSX,2.02,2.02,2.02,2.01,2.02,485300,,,,217840960,,11943675234.4,
1997-08-05,CSX,2.02,2.02,2.05,2.0,2.03,800200,,,,217840960,,11931285529.8,
1997-08-02,CSX,2.03,2.05,2.07,2.02,2.07,520000,,,,217840960,,11968454643.6,
1997-08-01,CSX,2.07,2.04,2.1,2.04,2.04,681000,,,,217840960,,12241028144.8,
1997-07-31,CSX,2.04,2.02,2.06,2.01,2.02,302400,,,,217840960,,12030403166.6,
1997-07-30,CSX,2.02,2.01,2.04,1.98,2.01,474700,,,,217840960,,11931285529.8,
1997-07-29,CSX,2.01,1.98,2.01,1.98,1.98,477800,,,,217662880,,11859634095.4,
1997-07-26,CSX,1.98,1.96,1.99,1.96,1.98,412300,,,,217662880,,11661560874.6,
1997-07-25,CSX,1.98,1.95,1.98,1.94,1.95,379400,,,,217662880,,11673940450.9,
1997-07-24,CSX,1.95,1.93,1.98,1.92,1.92,306200,,,,217662880,,11488246806.4,
1997-07-23,CSX,1.92,1.88,1.93,1.87,1.87,416800,,,,217662880,,11339691890.8,
1997-07-22,CSX,1.87,1.88,1.88,1.85,1.88,316200,,,,217662880,,11054961635.9,
1997-07-19,CSX,1.88,1.89,1.9,1.85,1.92,580100,,,,217662880,,11116859517.4,
1997-07-18,CSX,1.92,1.98,1.98,1.87,1.98,312900,,,,217662880,,11339691890.8,
1997-07-17,CSX,1.98,1.99,2.01,1.97,1.99,318200,,,,217662880,,11698699603.5,
1997-07-16,CSX,1.99,1.93,1.99,1.91,1.93,328900,,,,217662880,,11772977061.3,
1997-07-15,CSX,1.93,1.96,1.96,1.93,1.96,375600,,,,217662880,,11389210196.0,
1997-07-12,CSX,1.96,1.95,1.97,1.93,1.93,455800,,,,217662880,,11550144687.9,
1997-07-11,CSX,1.93,1.91,1.95,1.91,1.91,366600,,,,217662880,,11364451043.4,
1997-07-10,CSX,1.91,1.91,1.92,1.9,1.9,453100,,,,217662880,,11265414433.0,
1997-07-09,CSX,1.9,1.88,1.9,1.87,1.88,329700,,,,217662880,,11203516551.5,
1997-07-08,CSX,1.88,1.89,1.9,1.88,1.89,330700,,,,217662880,,11104479941.1,
1997-07-04,CSX,1.89,1.91,1.92,1.87,1.9,235700,,,,217662880,,11129239093.7,
1997-07-03,CSX,1.9,1.86,1.9,1.85,1.86,288000,,,,217662880,,11203516551.5,
1997-07-02,CSX,1.86,1.85,1.88,1.82,1.86,326500,,,,217662880,,10955925025.5,
1997-07-01,CSX,1.86,1.85,1.86,1.81,1.85,378100,,,,217662880,,10993063754.4,
1997-06-28,CSX,1.85,1.82,1.85,1.82,1.82,398600,,,,217662880,,10906406720.3,
1997-06-27,CSX,1.82,1.84,1.86,1.82,1.83,486900,,,,217662880,,10733092652.1,
1997-06-26,CSX,1.83,1.85,1.87,1.82,1.87,466100,,,,217662880,,10807370109.9,
1997-06-25,CSX,1.87,1.82,1.87,1.78,1.82,468300,,,,217662880,,11030202483.3,
1997-06-24,CSX,1.82,1.83,1.86,1.81,1.82,492600,,,,217662880,,10720713075.8,
1997-06-21,CSX,1.82,1.87,1.87,1.81,1.87,620700,,,,217662880,,10745472228.4,
1997-06-20,CSX,1.87,1.82,1.88,1.82,1.82,336100,,,,217662880,,11017822907.0,
1997-06-19,CSX,1.82,1.8,1.83,1.78,1.8,325500,,,,217662880,,10720713075.8,
1997-06-18,CSX,1.8,1.84,1.84,1.79,1.84,439500,,,,217662880,,10646435618.0,
1997-06-17,CSX,1.84,1.88,1.88,1.83,1.87,708700,,,,217662880,,10844508838.8,
1997-06-14,CSX,1.87,1.82,1.88,1.82,1.8,655000,,,,217662880,,11042582059.6,
1997-06-13,CSX,1.8,1.78,1.81,1.77,1.77,596300,,,,217662880,,10646435618.0,
1997-06-12,CSX,1.77,1.75,1.77,1.75,1.74,553100,,,,217662880,,10448362397.2,
1997-06-11,CSX,1.74,1.75,1.75,1.72,1.74,282300,,,,217662880,,10275048329.0,
1997-06-10,CSX,1.74,1.76,1.76,1.73,1.76,321800,,,,217662880,,10275048329.0,
1997-06-07,CSX,1.76,1.7,1.77,1.7,1.72,370400,,,,217662880,,10374084939.4,
1997-06-06,CSX,1.72,1.73,1.75,1.71,1.74,433600,,,,217662880,,10126493413.4,
1997-06-05,CSX,1.74,1.78,1.78,1.74,1.78,408200,,,,217662880,,10275048329.0,
1997-06-04,CSX,1.78,1.74,1.79,1.73,1.74,348200,,,,217662880,,10497880702.4,
1997-06-03,CSX,1.74,1.78,1.78,1.73,1.78,220300,,,,217662880,,10275048329.0,
1997-05-31,CSX,1.78,1.77,1.79,1.75,1.8,338900,,,,217662880,,10267158049.6,
1997-05-30,CSX,1.8,1.8,1.82,1.8,1.8,241900,,,,217662880,,10412448022.0,
1997-05-29,CSX,1.8,1.78,1.82,1.78,1.78,426700,,,,217662880,,10364018031.2,
1997-05-28,CSX,1.78,1.77,1.79,1.76,1.78,381700,,,,217662880,,10267158049.6,
1997-05-24,CSX,1.78,1.75,1.78,1.75,1.75,322100,,,,217662880,,10267158049.6,
1997-05-23,CSX,1.75,1.74,1.76,1.73,1.74,351300,,,,217662880,,10073438086.4,
1997-05-22,CSX,1.74,1.78,1.78,1.71,1.71,975800,,,,217662880,,10025008095.6,
1997-05-21,CSX,1.71,1.7,1.72,1.67,1.71,652600,,,,217662880,,9928148114.0,
1997-05-20,CSX,1.71,1.68,1.74,1.67,1.68,645800,,,,217662880,,9928148114.0,
1997-05-17,CSX,1.68,1.69,1.69,1.67,1.68,704100,,,,217662880,,9758643146.2,
1997-05-16,CSX,1.68,1.66,1.68,1.66,1.66,438600,,,,217662880,,9734428150.8,
1997-05-15,CSX,1.66,1.65,1.67,1.64,1.64,516000,,,,217662880,,9637568169.2,
1997-05-14,CSX,1.64,1.65,1.65,1.63,1.64,299800,,,,216925920,,9484272379.8,
1997-05-13,CSX,1.64,1.61,1.64,1.61,1.6,488200,,,,216925920,,9460139371.2,
1997-05-10,CSX,1.6,1.6,1.6,1.58,1.59,533200,,,,216925920,,9267075302.4,
1997-05-09,CSX,1.59,1.59,1.6,1.58,1.59,590900,,,,216925920,,9170543268.0,
1997-05-08,CSX,1.59,1.6,1.6,1.58,1.59,705600,,,,216925920,,9194676276.6,
1997-05-07,CSX,1.59,1.62,1.62,1.59,1.62,915400,,,,216925920,,9194676276.6,
1997-05-06,CSX,1.62,1.55,1.62,1.54,1.55,511900,,,,216925920,,9387740345.4,
1997-05-03,CSX,1.55,1.52,1.55,1.51,1.51,454500,,,,216925920,,8977479199.2,
1997-05-02,CSX,1.51,1.55,1.55,1.49,1.56,549600,,,,216925920,,8736149113.2,
1997-05-01,CSX,1.56,1.55,1.57,1.55,1.55,475200,,,,216925920,,9001612207.8,
1997-04-30,CSX,1.55,1.54,1.56,1.53,1.53,976900,,,,216925920,,8977479199.2,
1997-04-29,CSX,1.53,1.49,1.54,1.49,1.5,335900,,,,216925920,,8832681147.6,
1997-04-26,CSX,1.5,1.51,1.53,1.5,1.54,345800,,,,216925920,,8687883096.0,
1997-04-25,CSX,1.54,1.6,1.6,1.53,1.59,481100,,,,216925920,,8880947164.8,
1997-04-24,CSX,1.59,1.57,1.59,1.56,1.57,305000,,,,216925920,,9194676276.6,
1997-04-23,CSX,1.57,1.52,1.57,1.51,1.51,244500,,,,216925920,,9049878225.0,
1997-04-22,CSX,1.51,1.54,1.55,1.5,1.54,397700,,,,216925920,,8712016104.6,
1997-04-19,CSX,1.54,1.56,1.56,1.53,1.56,164600,,,,216925920,,8880947164.8,
1997-04-18,CSX,1.56,1.55,1.56,1.55,1.55,202300,,,,216925920,,9001612207.8,
1997-04-17,CSX,1.55,1.54,1.57,1.53,1.55,518400,,,,216925920,,8977479199.2,
1997-04-16,CSX,1.55,1.53,1.55,1.52,1.52,294000,,,,216925920,,8977479199.2,
1997-04-15,CSX,1.52,1.5,1.52,1.48,1.49,323500,,,,216925920,,8784415130.4,
1997-04-12,CSX,1.49,1.52,1.53,1.49,1.54,396800,,,,216925920,,8639617078.8,
1997-04-11,CSX,1.54,1.53,1.56,1.53,1.53,330100,,,,216925920,,8929213182.0,
1997-04-10,CSX,1.53,1.49,1.54,1.49,1.48,763800,,,,216925920,,8832681147.6,
1997-04-09,CSX,1.48,1.53,1.53,1.47,1.52,569300,,,,216925920,,8543085044.4,
1997-04-08,CSX,1.52,1.57,1.57,1.52,1.55,519700,,,,216925920,,8808548139.0,
1997-04-05,CSX,1.55,1.52,1.56,1.51,1.54,398700,,,,216925920,,8977479199.2,
1997-04-04,CSX,1.54,1.55,1.56,1.52,1.55,623000,,,,216925920,,8929213182.0,
1997-04-03,CSX,1.55,1.54,1.57,1.53,1.54,707900,,,,216925920,,8953346190.6,
1997-04-02,CSX,1.54,1.54,1.55,1.52,1.55,468400,,,,216925920,,8905080173.4,
1997-04-01,CSX,1.55,1.55,1.56,1.52,1.55,511400,,,,216925920,,8977479199.2,
1997-03-28,CSX,1.55,1.61,1.61,1.54,1.61,332900,,,,216925920,,8953346190.6,
1997-03-27,CSX,1.61,1.58,1.63,1.58,1.58,288400,,,,216925920,,9291208311.0,
1997-03-26,CSX,1.58,1.64,1.64,1.57,1.63,355500,,,,216925920,,9122277250.8,
1997-03-25,CSX,1.63,1.6,1.64,1.59,1.59,419300,,,,216925920,,9436006362.6,
1997-03-22,CSX,1.59,1.6,1.6,1.58,1.6,469700,,,,216925920,,9218809285.2,
1997-03-21,CSX,1.6,1.61,1.63,1.6,1.6,287600,,,,216925920,,9267075302.4,
1997-03-20,CSX,1.6,1.67,1.67,1.59,1.67,511200,,,,216925920,,9267075302.4,
1997-03-19,CSX,1.67,1.67,1.67,1.66,1.67,303200,,,,216925920,,9653203440.0,
1997-03-18,CSX,1.67,1.7,1.7,1.67,1.69,624200,,,,216925920,,9653203440.0,
1997-03-15,CSX,1.69,1.67,1.71,1.67,1.66,501500,,,,216925920,,9773868483.0,
1997-03-14,CSX,1.66,1.72,1.72,1.66,1.73,590500,,,,216925920,,9604937422.8,
1997-03-13,CSX,1.73,1.73,1.74,1.71,1.74,631100,,,,216925920,,9991065560.4,
1997-03-12,CSX,1.74,1.73,1.74,1.72,1.73,541000,,,,216925920,,10039331577.6,
1997-03-11,CSX,1.73,1.7,1.73,1.7,1.7,786600,,,,216925920,,10015198569.0,
1997-03-08,CSX,1.7,1.69,1.72,1.68,1.68,1075400,,,,216925920,,9822134500.2,
1997-03-07,CSX,1.68,1.69,1.69,1.67,1.7,947400,,,,216925920,,9725602465.8,
1997-03-06,CSX,1.7,1.68,1.7,1.68,1.68,1140100,,,,216925920,,9822134500.2,
1997-03-05,CSX,1.68,1.67,1.69,1.66,1.64,1162800,,,,216925920,,9701469457.2,
1997-03-04,CSX,1.64,1.67,1.68,1.64,1.54,1634800,,,,216925920,,9460139371.2,
1997-03-01,CSX,1.54,1.54,1.56,1.53,1.57,699500,,,,216925920,,10005708060.0,
1997-02-28,CSX,1.57,1.58,1.59,1.56,1.59,207600,,,,216925920,,10168402500.0,
1997-02-27,CSX,1.59,1.59,1.61,1.57,1.6,395200,,,,216925920,,10331096940.0,
1997-02-26,CSX,1.6,1.6,1.62,1.59,1.59,747600,,,,216925920,,10385328420.0,
1997-02-25,CSX,1.59,1.57,1.6,1.57,1.57,501000,,,,216925920,,10331096940.0,
1997-02-22,CSX,1.57,1.58,1.58,1.55,1.57,392000,,,,216925920,,10195518240.0,
1997-02-21,CSX,1.57,1.57,1.58,1.56,1.58,427700,,,,216925920,,10249749720.0,
1997-02-20,CSX,1.58,1.6,1.6,1.55,1.59,446300,,,,216925920,,10303981200.0,
1997-02-19,CSX,1.59,1.56,1.6,1.54,1.54,395000,,,,216925920,,10385328420.0,
1997-02-15,CSX,1.54,1.52,1.55,1.51,1.52,763600,,,,216925920,,10059939540.0,
1997-02-14,CSX,1.52,1.53,1.53,1.51,1.54,557000,,,,216925920,,9951476580.0,
1997-02-13,CSX,1.54,1.52,1.54,1.52,1.53,286900,,,,216925920,,10032823800.0,
1997-02-12,CSX,1.53,1.53,1.54,1.52,1.53,317300,,,,216925920,,10005708060.0,
1997-02-11,CSX,1.53,1.54,1.56,1.52,1.54,341100,,,,216925920,,9978592320.0,
1997-02-08,CSX,1.54,1.56,1.56,1.53,1.55,214700,,,,216925920,,10087055280.0,
1997-02-07,CSX,1.55,1.54,1.56,1.52,1.54,460500,,,,216925920,,10141286760.0,
1997-02-06,CSX,1.54,1.55,1.58,1.54,1.54,769100,,,,216925920,,10087055280.0,
1997-02-05,CSX,1.54,1.58,1.58,1.54,1.58,611500,,,,211812000,,9849258000.0,
1997-02-04,CSX,1.58,1.6,1.61,1.57,1.61,647800,,,,211812000,,10061070000.0,
1997-02-01,CSX,1.61,1.61,1.64,1.6,1.61,872800,,,,211812000,,10272882000.0,
1997-01-31,CSX,1.61,1.57,1.61,1.56,1.56,697700,,,,211812000,,10299358500.0,
1997-01-30,CSX,1.56,1.54,1.56,1.54,1.54,524300,,,,211812000,,9928687500.0,
1997-01-29,CSX,1.54,1.57,1.59,1.52,1.57,620000,,,,211812000,,9822781500.0,
1997-01-28,CSX,1.57,1.58,1.59,1.57,1.59,586600,,,,211812000,,10034593500.0,
1997-01-25,CSX,1.59,1.59,1.6,1.58,1.6,842100,,,,211812000,,10114023000.0,
1997-01-24,CSX,1.6,1.63,1.64,1.59,1.63,1512200,,,,211812000,,10219929000.0,
1997-01-23,CSX,1.63,1.61,1.65,1.61,1.58,1328900,,,,211812000,,10405264500.0,
1997-01-22,CSX,1.58,1.54,1.58,1.54,1.55,1010800,,,,211812000,,10061070000.0,
1997-01-21,CSX,1.55,1.54,1.56,1.53,1.55,813700,,,,211812000,,9902211000.0,
1997-01-18,CSX,1.55,1.52,1.58,1.52,1.49,4270098,,,,211812000,,9902211000.0,
1997-01-17,CSX,1.49,1.49,1.51,1.49,1.49,1502700,,,,211812000,,9531540000.0,
1997-01-16,CSX,1.49,1.45,1.49,1.44,1.46,1047300,,,,211812000,,9505063500.0,
1997-01-15,CSX,1.46,1.48,1.49,1.45,1.47,1370800,,,,211812000,,9319728000.0,
1997-01-14,CSX,1.47,1.47,1.48,1.46,1.46,786200,,,,211812000,,9399157500.0,
1997-01-11,CSX,1.46,1.42,1.46,1.42,1.44,2177700,,,,211812000,,9319728000.0,
1997-01-10,CSX,1.44,1.4,1.45,1.4,1.39,1826600,,,,211812000,,9160869000.0,
1997-01-09,CSX,1.39,1.41,1.41,1.38,1.4,664400,,,,211812000,,8869627500.0,
1997-01-08,CSX,1.4,1.39,1.4,1.38,1.39,1036100,,,,211812000,,8922580500.0,
1997-01-07,CSX,1.39,1.4,1.41,1.38,1.4,712200,,,,211812000,,8843151000.0,
1997-01-04,CSX,1.4,1.4,1.42,1.39,1.39,1153700,,,,211812000,,8949057000.0,
1997-01-03,CSX,1.39,1.4,1.41,1.37,1.4,1342700,,,,211812000,,8896104000.0,
1997-01-01,CSX,1.4,1.42,1.42,1.4,1.42,523600,,,,211812000,,8949057000.0,
1996-12-31,CSX,1.42,1.43,1.43,1.42,1.42,350900,,,,211812000,,9054963000.0,
1996-12-28,CSX,1.42,1.43,1.43,1.42,1.42,662400,,,,211812000,,9081439500.0,
1996-12-27,CSX,1.42,1.42,1.43,1.41,1.42,398700,,,,211812000,,9054963000.0,
1996-12-25,CSX,1.42,1.43,1.43,1.42,1.43,274700,,,,211812000,,9081439500.0,
1996-12-24,CSX,1.43,1.44,1.44,1.41,1.44,549800,,,,211812000,,9107916000.0,
1996-12-21,CSX,1.44,1.46,1.46,1.43,1.45,2096700,,,,211812000,,9160869000.0,
1996-12-20,CSX,1.45,1.5,1.51,1.45,1.5,1352600,,,,211812000,,9266775000.0,
1996-12-19,CSX,1.5,1.49,1.5,1.47,1.49,638000,,,,211812000,,9584493000.0,
1996-12-18,CSX,1.49,1.48,1.5,1.47,1.48,683100,,,,211812000,,9531540000.0,
1996-12-17,CSX,1.48,1.52,1.52,1.47,1.51,332600,,,,211812000,,9452110500.0,
1996-12-14,CSX,1.51,1.48,1.54,1.48,1.49,336600,,,,211812000,,9610969500.0,
1996-12-13,CSX,1.49,1.52,1.53,1.47,1.52,436200,,,,211812000,,9505063500.0,
1996-12-12,CSX,1.52,1.52,1.53,1.51,1.54,409500,,,,211812000,,9716875500.0,
1996-12-11,CSX,1.54,1.55,1.56,1.53,1.54,168700,,,,211812000,,9822781500.0,
1996-12-10,CSX,1.54,1.55,1.55,1.54,1.55,311500,,,,211812000,,9849258000.0,
1996-12-07,CSX,1.55,1.57,1.58,1.53,1.59,338100,,,,211812000,,9902211000.0,
1996-12-06,CSX,1.59,1.56,1.59,1.56,1.55,234600,,,,211812000,,10114023000.0,
1996-12-05,CSX,1.55,1.55,1.56,1.54,1.56,289600,,,,211812000,,9902211000.0,
1996-12-04,CSX,1.56,1.56,1.58,1.56,1.56,384100,,,,211812000,,9955164000.0,
1996-12-03,CSX,1.56,1.55,1.57,1.54,1.55,166600,,,,211812000,,9928687500.0,
1996-11-30,CSX,1.55,1.55,1.56,1.55,1.55,39200,,,,211812000,,9902211000.0,
1996-11-28,CSX,1.55,1.55,1.55,1.54,1.55,255900,,,,211812000,,9875734500.0,
1996-11-27,CSX,1.55,1.54,1.56,1.54,1.53,617600,,,,211812000,,9875734500.0,
1996-11-26,CSX,1.53,1.54,1.54,1.51,1.54,593200,,,,211812000,,9769828500.0,
1996-11-23,CSX,1.54,1.53,1.55,1.53,1.52,392200,,,,211812000,,9796305000.0,
1996-11-22,CSX,1.52,1.55,1.55,1.51,1.55,823400,,,,211812000,,9663922500.0,
1996-11-21,CSX,1.55,1.49,1.56,1.49,1.5,1322900,,,,211812000,,9955164000.0,
1996-11-20,CSX,1.5,1.47,1.5,1.47,1.47,1281100,,,,211812000,,9610969500.0,
1996-11-19,CSX,1.47,1.49,1.49,1.47,1.47,413500,,,,211812000,,9425634000.0,
1996-11-16,CSX,1.47,1.48,1.48,1.45,1.48,462800,,,,211812000,,9399157500.0,
1996-11-15,CSX,1.48,1.48,1.49,1.47,1.48,400700,,,,211812000,,9478587000.0,
1996-11-14,CSX,1.48,1.47,1.49,1.46,1.47,648500,,,,211812000,,9505063500.0,
1996-11-13,CSX,1.47,1.46,1.47,1.45,1.46,848900,,,,211812000,,9452110500.0,
1996-11-12,CSX,1.46,1.47,1.47,1.43,1.46,558700,,,,211812000,,9346204500.0,
1996-11-09,CSX,1.46,1.47,1.49,1.46,1.46,1062400,,,,211812000,,9372681000.0,
1996-11-08,CSX,1.46,1.42,1.46,1.42,1.42,1004400,,,,211812000,,9372681000.0,
1996-11-07,CSX,1.42,1.44,1.44,1.42,1.45,1299000,,,,211812000,,9134392500.0,
1996-11-06,CSX,1.45,1.49,1.51,1.44,1.48,582400,,,,211812000,,9319728000.0,
1996-11-05,CSX,1.48,1.52,1.52,1.46,1.42,1746300,,,,211812000,,9505063500.0,
1996-11-02,CSX,1.42,1.42,1.44,1.41,1.42,789500,,,,211812000,,9107916000.0,
1996-11-01,CSX,1.42,1.45,1.46,1.42,1.44,620900,,,,211812000,,9134392500.0,
1996-10-31,CSX,1.44,1.44,1.46,1.42,1.43,727000,,,,211812000,,9240298500.0,
1996-10-30,CSX,1.43,1.45,1.45,1.42,1.44,591800,,,,211512000,,9147894000.0,
1996-10-29,CSX,1.44,1.46,1.47,1.43,1.46,298900,,,,211512000,,9227211000.0,
1996-10-26,CSX,1.46,1.46,1.46,1.44,1.45,640200,,,,211512000,,9332967000.0,
1996-10-25,CSX,1.45,1.49,1.5,1.44,1.5,1298000,,,,211512000,,9306528000.0,
1996-10-24,CSX,1.5,1.57,1.57,1.5,1.53,2803900,,,,211512000,,9623796000.0,
1996-10-23,CSX,1.53,1.54,1.54,1.52,1.54,701700,,,,211512000,,9782430000.0,
1996-10-22,CSX,1.54,1.55,1.56,1.54,1.55,686800,,,,211512000,,9888186000.0,
1996-10-19,CSX,1.55,1.54,1.55,1.52,1.54,688600,,,,211512000,,9941064000.0,
1996-10-18,CSX,1.54,1.54,1.54,1.52,1.53,901400,,,,211512000,,9835308000.0,
1996-10-17,CSX,1.53,1.54,1.54,1.5,1.54,2091000,,,,211512000,,9808869000.0,
1996-10-16,CSX,1.54,1.59,1.62,1.52,1.63,2959700,,,,211512000,,9888186000.0,
1996-10-15,CSX,1.63,1.65,1.66,1.63,1.64,120300,,,,211512000,,10469844000.0,
1996-10-12,CSX,1.64,1.63,1.64,1.62,1.62,371700,,,,211512000,,10522722000.0,
1996-10-11,CSX,1.62,1.63,1.64,1.62,1.65,313000,,,,211512000,,10390527000.0,
1996-10-10,CSX,1.65,1.65,1.65,1.63,1.65,230600,,,,211512000,,10549161000.0,
1996-10-09,CSX,1.65,1.65,1.66,1.65,1.65,312700,,,,211512000,,10549161000.0,
1996-10-08,CSX,1.65,1.68,1.68,1.64,1.67,286600,,,,211512000,,10549161000.0,
1996-10-05,CSX,1.67,1.68,1.68,1.66,1.68,330100,,,,211512000,,10681356000.0,
1996-10-04,CSX,1.68,1.72,1.72,1.66,1.72,232500,,,,211512000,,10734234000.0,
1996-10-03,CSX,1.72,1.7,1.73,1.7,1.69,207400,,,,211512000,,11025063000.0,
1996-10-02,CSX,1.69,1.67,1.71,1.67,1.67,249500,,,,211512000,,10839990000.0,
1996-10-01,CSX,1.67,1.69,1.69,1.66,1.69,333800,,,,211512000,,10681356000.0,
1996-09-28,CSX,1.69,1.63,1.71,1.63,1.64,602000,,,,211512000,,10813551000.0,
1996-09-27,CSX,1.64,1.68,1.68,1.6,1.68,815900,,,,211512000,,10522722000.0,
1996-09-26,CSX,1.68,1.72,1.72,1.68,1.72,216100,,,,211512000,,10760673000.0,
1996-09-25,CSX,1.72,1.71,1.74,1.7,1.71,212500,,,,211512000,,10998624000.0,
1996-09-24,CSX,1.71,1.73,1.75,1.68,1.74,224200,,,,211512000,,10972185000.0,
1996-09-21,CSX,1.74,1.71,1.75,1.71,1.71,516400,,,,211512000,,11130819000.0,
1996-09-20,CSX,1.71,1.66,1.71,1.65,1.68,253500,,,,211512000,,10919307000.0,
1996-09-19,CSX,1.68,1.68,1.69,1.66,1.68,308500,,,,211512000,,10760673000.0,
1996-09-18,CSX,1.68,1.71,1.72,1.67,1.71,394100,,,,211512000,,10787112000.0,
1996-09-17,CSX,1.71,1.72,1.73,1.71,1.72,176700,,,,211512000,,10972185000.0,
1996-09-14,CSX,1.72,1.69,1.72,1.69,1.68,187900,,,,211512000,,10998624000.0,
1996-09-13,CSX,1.68,1.7,1.7,1.68,1.68,151800,,,,211512000,,10760673000.0,
1996-09-12,CSX,1.68,1.64,1.68,1.64,1.64,150200,,,,211512000,,10760673000.0,
1996-09-11,CSX,1.64,1.64,1.66,1.63,1.63,256000,,,,211512000,,10522722000.0,
1996-09-10,CSX,1.63,1.65,1.65,1.62,1.65,242500,,,,211512000,,10469844000.0,
1996-09-07,CSX,1.65,1.62,1.65,1.61,1.62,282500,,,,211512000,,10549161000.0,
1996-09-06,CSX,1.62,1.62,1.65,1.62,1.63,209900,,,,211512000,,10390527000.0,
1996-09-05,CSX,1.63,1.64,1.65,1.61,1.65,262200,,,,211512000,,10443405000.0,
1996-09-04,CSX,1.65,1.63,1.66,1.62,1.67,216100,,,,211512000,,10575600000.0,
1996-08-31,CSX,1.67,1.65,1.68,1.64,1.65,211700,,,,211512000,,10707795000.0,
1996-08-30,CSX,1.65,1.68,1.68,1.64,1.68,235500,,,,211512000,,10575600000.0,
1996-08-29,CSX,1.68,1.67,1.68,1.67,1.68,155400,,,,211512000,,10734234000.0,
1996-08-28,CSX,1.68,1.66,1.68,1.65,1.66,191300,,,,211512000,,10734234000.0,
1996-08-27,CSX,1.66,1.66,1.66,1.63,1.66,154000,,,,211512000,,10628478000.0,
1996-08-24,CSX,1.66,1.68,1.68,1.65,1.69,371200,,,,211512000,,10628478000.0,
1996-08-23,CSX,1.69,1.7,1.7,1.68,1.69,319100,,,,211512000,,10813551000.0,
1996-08-22,CSX,1.69,1.69,1.7,1.68,1.69,730700,,,,211512000,,10839990000.0,
1996-08-21,CSX,1.69,1.67,1.7,1.66,1.67,267800,,,,211512000,,10866429000.0,
1996-08-20,CSX,1.67,1.66,1.68,1.65,1.66,252100,,,,211512000,,10734234000.0,
1996-08-17,CSX,1.66,1.66,1.67,1.65,1.66,515400,,,,211512000,,10681356000.0,
1996-08-16,CSX,1.66,1.64,1.66,1.64,1.64,226800,,,,211512000,,10654917000.0,
1996-08-15,CSX,1.64,1.64,1.65,1.63,1.63,219700,,,,211512000,,10575600000.0,
1996-08-14,CSX,1.63,1.65,1.65,1.63,1.65,298300,,,,211512000,,10522722000.0,
1996-08-13,CSX,1.65,1.61,1.65,1.61,1.61,470800,,,,211512000,,10602039000.0,
1996-08-10,CSX,1.61,1.62,1.62,1.61,1.61,280000,,,,211512000,,10364088000.0,
1996-08-09,CSX,1.61,1.63,1.63,1.61,1.63,492200,,,,211512000,,10390527000.0,
1996-08-08,CSX,1.63,1.63,1.63,1.62,1.62,476500,,,,211512000,,10469844000.0,
1996-08-07,CSX,1.62,1.61,1.62,1.61,1.62,598300,,,,211512000,,10416966000.0,
1996-08-06,CSX,1.62,1.61,1.64,1.61,1.61,139200,,,,211512000,,10443405000.0,
1996-08-03,CSX,1.61,1.6,1.62,1.6,1.6,400900,,,,211512000,,10364088000.0,
1996-08-02,CSX,1.6,1.59,1.61,1.58,1.59,414200,,,,211512000,,10311210000.0,
1996-08-01,CSX,1.59,1.59,1.61,1.58,1.58,486300,,,,211512000,,10205454000.0,
1996-07-31,CSX,1.58,1.56,1.59,1.55,1.55,251700,,,,211512000,,10179015000.0,
1996-07-30,CSX,1.55,1.56,1.57,1.54,1.57,121600,,,,211512000,,9993942000.0,
1996-07-27,CSX,1.57,1.55,1.57,1.54,1.54,224200,,,,211512000,,10099698000.0,
1996-07-26,CSX,1.54,1.52,1.55,1.52,1.5,274700,,,,211512000,,9914625000.0,
1996-07-25,CSX,1.5,1.52,1.52,1.47,1.53,500400,,,,211512000,,9623796000.0,
1996-07-24,CSX,1.53,1.52,1.57,1.52,1.52,265400,,,,211512000,,9835308000.0,
1996-07-23,CSX,1.52,1.56,1.56,1.51,1.57,282100,,,,211512000,,9808869000.0,
1996-07-20,CSX,1.57,1.57,1.59,1.56,1.55,411500,,,,211512000,,10126137000.0,
1996-07-19,CSX,1.55,1.54,1.56,1.52,1.5,436800,,,,211512000,,9967503000.0,
1996-07-18,CSX,1.5,1.51,1.52,1.48,1.47,351900,,,,211512000,,9676674000.0,
1996-07-17,CSX,1.47,1.48,1.49,1.39,1.48,600300,,,,211512000,,9491601000.0,
1996-07-16,CSX,1.48,1.52,1.53,1.48,1.53,419800,,,,211512000,,9544479000.0,
1996-07-13,CSX,1.53,1.53,1.56,1.52,1.53,384200,,,,211512000,,9835308000.0,
1996-07-12,CSX,1.53,1.52,1.54,1.52,1.53,561000,,,,211512000,,9835308000.0,
1996-07-11,CSX,1.53,1.52,1.54,1.5,1.51,389000,,,,211512000,,9835308000.0,
1996-07-10,CSX,1.51,1.5,1.54,1.5,1.48,298500,,,,211512000,,9729552000.0,
1996-07-09,CSX,1.48,1.48,1.5,1.47,1.49,525100,,,,211512000,,9518040000.0,
1996-07-06,CSX,1.49,1.52,1.52,1.48,1.54,254100,,,,211512000,,9597357000.0,
1996-07-04,CSX,1.54,1.58,1.58,1.53,1.58,576100,,,,211512000,,9914625000.0,
1996-07-03,CSX,1.58,1.6,1.6,1.56,1.6,391200,,,,211512000,,10152576000.0,
1996-07-02,CSX,1.6,1.59,1.6,1.56,1.59,729700,,,,211512000,,10284771000.0,
1996-06-29,CSX,1.59,1.58,1.59,1.57,1.57,188100,,,,211512000,,10205454000.0,
1996-06-28,CSX,1.57,1.56,1.58,1.55,1.56,247700,,,,211512000,,10126137000.0,
1996-06-27,CSX,1.56,1.58,1.59,1.54,1.57,143500,,,,211512000,,10020381000.0,
1996-06-26,CSX,1.57,1.59,1.59,1.57,1.59,237300,,,,211512000,,10126137000.0,
1996-06-25,CSX,1.59,1.58,1.6,1.58,1.58,340900,,,,211512000,,10231893000.0,
1996-06-22,CSX,1.58,1.57,1.61,1.56,1.56,577800,,,,211512000,,10152576000.0,
1996-06-21,CSX,1.56,1.57,1.6,1.55,1.57,340600,,,,211512000,,10046820000.0,
1996-06-20,CSX,1.57,1.58,1.59,1.56,1.59,264700,,,,211512000,,10126137000.0,
1996-06-19,CSX,1.59,1.59,1.61,1.58,1.59,144700,,,,211512000,,10205454000.0,
1996-06-18,CSX,1.59,1.59,1.61,1.59,1.59,233600,,,,211512000,,10258332000.0,
1996-06-15,CSX,1.59,1.59,1.59,1.57,1.59,347900,,,,211512000,,10231893000.0,
1996-06-14,CSX,1.59,1.61,1.61,1.59,1.62,243400,,,,211512000,,10205454000.0,
1996-06-13,CSX,1.62,1.61,1.62,1.59,1.6,144800,,,,211512000,,10416966000.0,
1996-06-12,CSX,1.6,1.62,1.64,1.59,1.61,290400,,,,211512000,,10311210000.0,
1996-06-11,CSX,1.61,1.63,1.63,1.59,1.61,163900,,,,211512000,,10364088000.0,
1996-06-08,CSX,1.61,1.58,1.61,1.57,1.61,265400,,,,211512000,,10390527000.0,
1996-06-07,CSX,1.61,1.64,1.65,1.59,1.66,281400,,,,211512000,,10364088000.0,
1996-06-06,CSX,1.66,1.64,1.66,1.63,1.64,148800,,,,211512000,,10681356000.0,
1996-06-05,CSX,1.64,1.65,1.65,1.63,1.63,242700,,,,211512000,,10549161000.0,
1996-06-04,CSX,1.63,1.63,1.66,1.62,1.63,160800,,,,211512000,,10522722000.0,
1996-06-01,CSX,1.63,1.64,1.65,1.61,1.64,294800,,,,211512000,,10469844000.0,
1996-05-31,CSX,1.64,1.61,1.65,1.61,1.63,264600,,,,211512000,,10549161000.0,
1996-05-30,CSX,1.63,1.66,1.68,1.63,1.67,305800,,,,211512000,,10496283000.0,
1996-05-29,CSX,1.67,1.67,1.68,1.63,1.66,245300,,,,211512000,,10734234000.0,
1996-05-25,CSX,1.66,1.68,1.69,1.66,1.68,389200,,,,211512000,,10704490125.0,
1996-05-24,CSX,1.68,1.7,1.71,1.68,1.71,427600,,,,211512000,,10839990000.0,
1996-05-23,CSX,1.71,1.65,1.71,1.65,1.66,367700,,,,211512000,,10998624000.0,
1996-05-22,CSX,1.66,1.62,1.68,1.6,1.62,931800,,,,211512000,,10760673000.0,
1996-05-21,CSX,1.62,1.66,1.66,1.61,1.64,556900,,,,211512000,,10469844000.0,
1996-05-18,CSX,1.64,1.68,1.68,1.64,1.67,980500,,,,211512000,,10628478000.0,
1996-05-17,CSX,1.67,1.7,1.7,1.66,1.72,492100,,,,211512000,,10787112000.0,
1996-05-16,CSX,1.72,1.71,1.73,1.71,1.72,521600,,,,210494880,,11077293060.0,
1996-05-15,CSX,1.72,1.72,1.72,1.69,1.72,209000,,,,210494880,,11050981200.0,
1996-05-14,CSX,1.72,1.7,1.74,1.7,1.7,376600,,,,210494880,,11103604920.0,
1996-05-11,CSX,1.7,1.68,1.7,1.67,1.67,286900,,,,210494880,,10919421900.0,
1996-05-10,CSX,1.67,1.66,1.68,1.65,1.66,201400,,,,210494880,,10735238880.0,
1996-05-09,CSX,1.66,1.61,1.66,1.61,1.63,310600,,,,210494880,,10708927020.0,
1996-05-08,CSX,1.63,1.67,1.68,1.62,1.66,233400,,,,210494880,,10498432140.0,
1996-05-07,CSX,1.66,1.64,1.67,1.62,1.64,286200,,,,210494880,,10682615160.0,
1996-05-04,CSX,1.64,1.68,1.68,1.62,1.68,646800,,,,210494880,,10577367720.0,
1996-05-03,CSX,1.68,1.65,1.68,1.65,1.67,542100,,,,210494880,,10814174460.0,
1996-05-02,CSX,1.67,1.67,1.69,1.66,1.68,452900,,,,210494880,,10761550740.0,
1996-05-01,CSX,1.68,1.67,1.68,1.66,1.68,442600,,,,210494880,,10787862600.0,
1996-04-30,CSX,1.68,1.68,1.68,1.67,1.68,367800,,,,210494880,,10787862600.0,
1996-04-27,CSX,1.68,1.69,1.7,1.68,1.69,367500,,,,210494880,,10814174460.0,
1996-04-26,CSX,1.69,1.67,1.7,1.67,1.69,454600,,,,210494880,,10893110040.0,
1996-04-25,CSX,1.69,1.68,1.69,1.66,1.7,379100,,,,210494880,,10893110040.0,
1996-04-24,CSX,1.7,1.68,1.71,1.66,1.68,775600,,,,210494880,,10945733760.0,
1996-04-23,CSX,1.68,1.62,1.7,1.62,1.62,807900,,,,210494880,,10787862600.0,
1996-04-20,CSX,1.62,1.63,1.65,1.62,1.57,628100,,,,210494880,,10445808420.0,
1996-04-19,CSX,1.57,1.54,1.58,1.53,1.54,329400,,,,210494880,,10103754240.0,
1996-04-18,CSX,1.54,1.54,1.55,1.52,1.54,269400,,,,210494880,,9919571220.0,
1996-04-17,CSX,1.54,1.5,1.54,1.49,1.5,224300,,,,210494880,,9919571220.0,
1996-04-16,CSX,1.5,1.51,1.51,1.49,1.48,249600,,,,210494880,,9682764480.0,
1996-04-13,CSX,1.48,1.46,1.49,1.46,1.46,303900,,,,210494880,,9551205180.0,
1996-04-12,CSX,1.46,1.46,1.47,1.45,1.46,280200,,,,210494880,,9419645880.0,
1996-04-11,CSX,1.46,1.47,1.49,1.46,1.47,266300,,,,210494880,,9419645880.0,
1996-04-10,CSX,1.47,1.47,1.5,1.47,1.46,341000,,,,210494880,,9472269600.0,
1996-04-09,CSX,1.46,1.45,1.47,1.44,1.48,249200,,,,210494880,,9419645880.0,
1996-04-05,CSX,1.48,1.5,1.5,1.47,1.49,381500,,,,210494880,,9524893320.0,
1996-04-04,CSX,1.49,1.51,1.51,1.49,1.52,335700,,,,210494880,,9603828900.0,
1996-04-03,CSX,1.52,1.49,1.53,1.48,1.49,377300,,,,210494880,,9761700060.0,
1996-04-02,CSX,1.49,1.53,1.53,1.48,1.49,274400,,,,210494880,,9577517040.0,
1996-03-30,CSX,1.49,1.54,1.56,1.49,1.54,358600,,,,210494880,,9603828900.0,
1996-03-29,CSX,1.54,1.48,1.55,1.48,1.48,271300,,,,210494880,,9919571220.0,
1996-03-28,CSX,1.48,1.52,1.52,1.48,1.53,195600,,,,210494880,,9551205180.0,
1996-03-27,CSX,1.53,1.5,1.55,1.5,1.51,231700,,,,210494880,,9866947500.0,
1996-03-26,CSX,1.51,1.54,1.55,1.5,1.54,267100,,,,210494880,,9709076340.0,
1996-03-23,CSX,1.54,1.54,1.55,1.53,1.51,236300,,,,210494880,,9919571220.0,
1996-03-22,CSX,1.51,1.5,1.51,1.49,1.5,151600,,,,210494880,,9709076340.0,
1996-03-21,CSX,1.5,1.54,1.54,1.5,1.54,264800,,,,210494880,,9682764480.0,
1996-03-20,CSX,1.54,1.52,1.55,1.51,1.56,586500,,,,210494880,,9919571220.0,
1996-03-19,CSX,1.56,1.5,1.57,1.5,1.48,325100,,,,210494880,,10051130520.0,
1996-03-16,CSX,1.48,1.49,1.5,1.45,1.5,536100,,,,210494880,,9498581460.0,
1996-03-15,CSX,1.5,1.46,1.52,1.46,1.47,241600,,,,210494880,,9656452620.0,
1996-03-14,CSX,1.47,1.46,1.47,1.44,1.47,275800,,,,210494880,,9445957740.0,
1996-03-13,CSX,1.47,1.45,1.48,1.43,1.5,337600,,,,210494880,,9445957740.0,
1996-03-12,CSX,1.5,1.44,1.5,1.43,1.45,737700,,,,210494880,,9630140760.0,
1996-03-09,CSX,1.45,1.44,1.47,1.43,1.48,548200,,,,210484000,,9366538000.0,
1996-03-08,CSX,1.48,1.5,1.5,1.46,1.51,580200,,,,210484000,,9498090500.0,
1996-03-07,CSX,1.51,1.48,1.51,1.48,1.48,536600,,,,210484000,,9708574500.0,
1996-03-06,CSX,1.48,1.5,1.5,1.47,1.5,232000,,,,210484000,,9550711500.0,
1996-03-05,CSX,1.5,1.48,1.5,1.46,1.47,684400,,,,210484000,,9629643000.0,
1996-03-02,CSX,1.47,1.47,1.47,1.44,1.47,483200,,,,210484000,,9445469500.0,
1996-03-01,CSX,1.47,1.47,1.5,1.47,1.48,402200,,,,210484000,,9445469500.0,
1996-02-29,CSX,1.48,1.5,1.51,1.47,1.5,477700,,,,210484000,,9498090500.0,
1996-02-28,CSX,1.5,1.52,1.52,1.5,1.51,382500,,,,210484000,,9682264000.0,
1996-02-27,CSX,1.51,1.54,1.54,1.5,1.54,378600,,,,210484000,,9734885000.0,
1996-02-24,CSX,1.54,1.57,1.57,1.51,1.57,259300,,,,210484000,,9945369000.0,
1996-02-23,CSX,1.57,1.54,1.57,1.52,1.53,195300,,,,210484000,,10103232000.0,
1996-02-22,CSX,1.53,1.52,1.54,1.51,1.51,273000,,,,210484000,,9919058500.0,
1996-02-21,CSX,1.51,1.5,1.52,1.5,1.5,258300,,,,210484000,,9787506000.0,
1996-02-17,CSX,1.5,1.51,1.52,1.5,1.52,317300,,,,210484000,,9734885000.0,
1996-02-16,CSX,1.52,1.54,1.56,1.51,1.54,408400,,,,210484000,,9813816500.0,
1996-02-15,CSX,1.54,1.52,1.54,1.52,1.53,240500,,,,210484000,,9945369000.0,
1996-02-14,CSX,1.53,1.55,1.55,1.51,1.55,397800,,,,210484000,,9919058500.0,
1996-02-13,CSX,1.55,1.56,1.58,1.53,1.54,531900,,,,210484000,,10024300500.0,
1996-02-10,CSX,1.54,1.52,1.56,1.51,1.52,460200,,,,210484000,,9971679500.0,
1996-02-09,CSX,1.52,1.52,1.53,1.52,1.53,343000,,,,210484000,,9840127000.0,
1996-02-08,CSX,1.53,1.52,1.54,1.52,1.52,185500,,,,210484000,,9919058500.0,
1996-02-07,CSX,1.52,1.5,1.54,1.49,1.49,397200,,,,210484000,,9866437500.0,
1996-02-06,CSX,1.49,1.48,1.5,1.47,1.49,197600,,,,210484000,,9655953500.0,
1996-02-03,CSX,1.49,1.5,1.51,1.47,1.52,195200,,,,210484000,,9655953500.0,
1996-02-02,CSX,1.52,1.51,1.52,1.49,1.51,170900,,,,210484000,,9813816500.0,
1996-02-01,CSX,1.51,1.51,1.52,1.48,1.51,204300,,,,210484000,,9761195500.0,
1996-01-31,CSX,1.51,1.51,1.52,1.51,1.5,249100,,,,210484000,,9761195500.0,
1996-01-30,CSX,1.5,1.46,1.52,1.46,1.46,235600,,,,210484000,,9734885000.0,
1996-01-27,CSX,1.46,1.45,1.46,1.44,1.46,160000,,,,210484000,,9471780000.0,
1996-01-26,CSX,1.46,1.47,1.48,1.45,1.48,273000,,,,210484000,,9445469500.0,
1996-01-25,CSX,1.48,1.47,1.48,1.45,1.46,183700,,,,210484000,,9550711500.0,
1996-01-24,CSX,1.46,1.43,1.48,1.43,1.43,240700,,,,210484000,,9471780000.0,
1996-01-23,CSX,1.43,1.44,1.45,1.41,1.43,177600,,,,210484000,,9261296000.0,
1996-01-20,CSX,1.43,1.42,1.44,1.42,1.41,562900,,,,210484000,,9261296000.0,
1996-01-19,CSX,1.41,1.43,1.43,1.37,1.43,435800,,,,210484000,,9156054000.0,
1996-01-18,CSX,1.43,1.43,1.44,1.42,1.43,261800,,,,210484000,,9261296000.0,
1996-01-17,CSX,1.43,1.44,1.44,1.42,1.44,418400,,,,210484000,,9287606500.0,
1996-01-16,CSX,1.44,1.44,1.46,1.44,1.45,247900,,,,210484000,,9340227500.0,
1996-01-13,CSX,1.45,1.44,1.45,1.42,1.45,213300,,,,210484000,,9392848500.0,
1996-01-12,CSX,1.45,1.45,1.46,1.44,1.44,345000,,,,210484000,,9366538000.0,
1996-01-11,CSX,1.44,1.44,1.46,1.43,1.45,299700,,,,210484000,,9340227500.0,
1996-01-10,CSX,1.45,1.48,1.49,1.44,1.48,372900,,,,210484000,,9366538000.0,
1996-01-09,CSX,1.48,1.48,1.49,1.47,1.48,43900,,,,210484000,,9550711500.0,
1996-01-06,CSX,1.48,1.45,1.49,1.44,1.48,247300,,,,210484000,,9577022000.0,
1996-01-05,CSX,1.48,1.48,1.49,1.45,1.48,368500,,,,210484000,,9577022000.0,
1996-01-04,CSX,1.48,1.47,1.48,1.45,1.46,341300,,,,210484000,,9550711500.0,
1996-01-03,CSX,1.46,1.47,1.49,1.46,1.48,394200,,,,210484000,,9471780000.0,
1995-12-30,CSX,1.48,1.47,1.5,1.46,1.45,275800,,,,210484000,,,
1995-12-29,CSX,1.45,1.43,1.48,1.43,1.43,139800,,,,210484000,,,
1995-12-28,CSX,1.43,1.42,1.45,1.42,1.42,179300,,,,210484000,,,
1995-12-27,CSX,1.42,1.42,1.42,1.41,1.43,161500,,,,210484000,,,
1995-12-23,CSX,1.43,1.42,1.43,1.41,1.42,587000,,,,210484000,,,
1995-12-22,CSX,1.42,1.42,1.42,1.41,1.42,113200,,,,105242000,,,
1995-12-21,CSX,1.42,1.42,1.44,1.42,1.42,132700,,,,105242000,,,
1995-12-20,CSX,1.42,1.4,1.43,1.4,1.4,190200,,,,105242000,,,
1995-12-19,CSX,1.4,1.41,1.41,1.4,1.42,196800,,,,105242000,,,
1995-12-16,CSX,1.42,1.44,1.44,1.41,1.43,353000,,,,105242000,,,
1995-12-15,CSX,1.43,1.44,1.46,1.43,1.44,140300,,,,105242000,,,
1995-12-14,CSX,1.44,1.44,1.46,1.44,1.44,144900,,,,105242000,,,
1995-12-13,CSX,1.44,1.45,1.46,1.44,1.45,171800,,,,105242000,,,
1995-12-12,CSX,1.45,1.43,1.45,1.43,1.44,131700,,,,105242000,,,
1995-12-09,CSX,1.44,1.43,1.45,1.41,1.43,169000,,,,105242000,,,
1995-12-08,CSX,1.43,1.41,1.44,1.41,1.42,274500,,,,105242000,,,
1995-12-07,CSX,1.42,1.43,1.43,1.41,1.43,344700,,,,105242000,,,
1995-12-06,CSX,1.43,1.43,1.44,1.41,1.43,174100,,,,105242000,,,
1995-12-05,CSX,1.43,1.45,1.45,1.41,1.44,171200,,,,105242000,,,
1995-12-02,CSX,1.44,1.42,1.45,1.42,1.42,136700,,,,105242000,,,
1995-12-01,CSX,1.42,1.45,1.45,1.42,1.45,134300,,,,105242000,,,
1995-11-30,CSX,1.45,1.44,1.45,1.42,1.44,113500,,,,105242000,,,
1995-11-29,CSX,1.44,1.44,1.45,1.42,1.43,125300,,,,105242000,,,
1995-11-28,CSX,1.43,1.42,1.43,1.4,1.41,184000,,,,105242000,,,
1995-11-25,CSX,1.41,1.41,1.42,1.41,1.41,44900,,,,105242000,,,
1995-11-23,CSX,1.41,1.38,1.42,1.38,1.38,103400,,,,105242000,,,
1995-11-22,CSX,1.38,1.38,1.4,1.38,1.38,228100,,,,105242000,,,
1995-11-21,CSX,1.38,1.39,1.4,1.38,1.39,71300,,,,105242000,,,
1995-11-18,CSX,1.39,1.39,1.39,1.38,1.39,118400,,,,105215000,,,
1995-11-17,CSX,1.39,1.37,1.39,1.37,1.38,179800,,,,105215000,,,
1995-11-16,CSX,1.38,1.38,1.38,1.36,1.37,121800,,,,105215000,,,
1995-11-15,CSX,1.37,1.37,1.38,1.36,1.37,107700,,,,105215000,,,
1995-11-14,CSX,1.37,1.37,1.38,1.36,1.38,251000,,,,105215000,,,
1995-11-11,CSX,1.38,1.37,1.38,1.35,1.37,221400,,,,105215000,,,
1995-11-10,CSX,1.37,1.39,1.39,1.36,1.39,177000,,,,105215000,,,
1995-11-09,CSX,1.39,1.38,1.4,1.38,1.39,147600,,,,105215000,,,
1995-11-08,CSX,1.39,1.39,1.39,1.37,1.39,126100,,,,105215000,,,
1995-11-07,CSX,1.39,1.39,1.39,1.38,1.4,144100,,,,105215000,,,
1995-11-04,CSX,1.4,1.38,1.4,1.38,1.39,219200,,,,105215000,,,
1995-11-03,CSX,1.39,1.33,1.39,1.33,1.33,232700,,,,105215000,,,
1995-11-02,CSX,1.33,1.35,1.37,1.32,1.35,264500,,,,105215000,,,
1995-11-01,CSX,1.35,1.34,1.38,1.34,1.34,208500,,,,105215000,,,
1995-10-31,CSX,1.34,1.33,1.35,1.32,1.32,284800,,,,105215000,,,
1995-10-28,CSX,1.32,1.31,1.33,1.31,1.32,226800,,,,105215000,,,
1995-10-27,CSX,1.32,1.34,1.34,1.32,1.34,334300,,,,105215000,,,
1995-10-26,CSX,1.34,1.35,1.35,1.33,1.35,273000,,,,105215000,,,
1995-10-25,CSX,1.35,1.32,1.36,1.32,1.32,577300,,,,105215000,,,
1995-10-24,CSX,1.32,1.34,1.34,1.32,1.34,367200,,,,105215000,,,
1995-10-21,CSX,1.34,1.34,1.34,1.33,1.33,145900,,,,105215000,,,
1995-10-20,CSX,1.33,1.33,1.35,1.31,1.33,655600,,,,105215000,,,
1995-10-19,CSX,1.33,1.32,1.33,1.32,1.33,74900,,,,105215000,,,
1995-10-18,CSX,1.33,1.34,1.34,1.32,1.34,81100,,,,105215000,,,
1995-10-17,CSX,1.34,1.35,1.35,1.33,1.35,117500,,,,105215000,,,
1995-10-14,CSX,1.35,1.34,1.37,1.33,1.33,197700,,,,105215000,,,
1995-10-13,CSX,1.33,1.33,1.35,1.32,1.32,228100,,,,105215000,,,
1995-10-12,CSX,1.32,1.29,1.32,1.28,1.27,304900,,,,105215000,,,
1995-10-11,CSX,1.27,1.27,1.28,1.26,1.29,477400,,,,105215000,,,
1995-10-10,CSX,1.29,1.31,1.31,1.29,1.31,202600,,,,105215000,,,
1995-10-07,CSX,1.31,1.29,1.31,1.29,1.29,413900,,,,105215000,,,
1995-10-06,CSX,1.29,1.29,1.31,1.28,1.3,329300,,,,105215000,,,
1995-10-05,CSX,1.3,1.34,1.34,1.29,1.34,197100,,,,105215000,,,
1995-10-04,CSX,1.34,1.36,1.36,1.33,1.36,146600,,,,105215000,,,
1995-10-03,CSX,1.36,1.37,1.37,1.36,1.36,212300,,,,105215000,,,
1995-09-30,CSX,1.36,1.36,1.37,1.35,1.36,172700,,,,105215000,,,
1995-09-29,CSX,1.36,1.34,1.36,1.34,1.35,148800,,,,105215000,,,
1995-09-28,CSX,1.35,1.35,1.37,1.35,1.36,91300,,,,105215000,,,
1995-09-27,CSX,1.36,1.35,1.36,1.35,1.35,145800,,,,105215000,,,
1995-09-26,CSX,1.35,1.35,1.36,1.33,1.34,160900,,,,105215000,,,
1995-09-23,CSX,1.34,1.35,1.36,1.34,1.36,135000,,,,105215000,,,
1995-09-22,CSX,1.36,1.39,1.39,1.34,1.39,223900,,,,105215000,,,
1995-09-21,CSX,1.39,1.38,1.4,1.37,1.38,348200,,,,105215000,,,
1995-09-20,CSX,1.38,1.4,1.4,1.37,1.4,224900,,,,105215000,,,
1995-09-19,CSX,1.4,1.4,1.41,1.39,1.4,109500,,,,105215000,,,
1995-09-16,CSX,1.4,1.44,1.44,1.4,1.42,296500,,,,105215000,,,
1995-09-15,CSX,1.42,1.42,1.42,1.41,1.4,100100,,,,105215000,,,
1995-09-14,CSX,1.4,1.39,1.41,1.39,1.39,208200,,,,105215000,,,
1995-09-13,CSX,1.39,1.39,1.39,1.38,1.38,180400,,,,105215000,,,
1995-09-12,CSX,1.38,1.41,1.41,1.38,1.41,206900,,,,105215000,,,
1995-09-09,CSX,1.41,1.41,1.41,1.4,1.41,141700,,,,105215000,,,
1995-09-08,CSX,1.41,1.39,1.42,1.39,1.39,289600,,,,105215000,,,
1995-09-07,CSX,1.39,1.37,1.39,1.37,1.37,95800,,,,105215000,,,
1995-09-06,CSX,1.37,1.36,1.37,1.34,1.36,209500,,,,105215000,,,
1995-09-02,CSX,1.36,1.33,1.38,1.33,1.33,192500,,,,105215000,,,
1995-09-01,CSX,1.33,1.33,1.33,1.33,1.33,86200,,,,105215000,,,
1995-08-31,CSX,1.33,1.34,1.34,1.33,1.34,72200,,,,105215000,,,
1995-08-30,CSX,1.34,1.34,1.35,1.33,1.34,124000,,,,105215000,,,
1995-08-29,CSX,1.34,1.34,1.34,1.33,1.34,61600,,,,105215000,,,
1995-08-26,CSX,1.34,1.32,1.34,1.32,1.32,89200,,,,105215000,,,
1995-08-25,CSX,1.32,1.32,1.33,1.32,1.32,83200,,,,105215000,,,
1995-08-24,CSX,1.32,1.33,1.33,1.32,1.33,111300,,,,105215000,,,
1995-08-23,CSX,1.33,1.34,1.34,1.32,1.33,100000,,,,105215000,,,
1995-08-22,CSX,1.33,1.34,1.35,1.32,1.34,99200,,,,105215000,,,
1995-08-19,CSX,1.34,1.36,1.36,1.33,1.35,107200,,,,105215000,,,
1995-08-18,CSX,1.35,1.35,1.36,1.34,1.36,87700,,,,105215000,,,
1995-08-17,CSX,1.36,1.35,1.36,1.33,1.35,241800,,,,105215000,,,
1995-08-16,CSX,1.35,1.33,1.36,1.33,1.32,148600,,,,105215000,,,
1995-08-15,CSX,1.32,1.31,1.32,1.31,1.31,85400,,,,105215000,,,
1995-08-12,CSX,1.31,1.32,1.33,1.31,1.31,133600,,,,105215000,,,
1995-08-11,CSX,1.31,1.33,1.33,1.3,1.32,157400,,,,105215000,,,
1995-08-10,CSX,1.32,1.33,1.33,1.31,1.33,85500,,,,105215000,,,
1995-08-09,CSX,1.33,1.33,1.34,1.32,1.32,136500,,,,105215000,,,
1995-08-08,CSX,1.32,1.35,1.35,1.31,1.35,132600,,,,105215000,,,
1995-08-05,CSX,1.35,1.36,1.38,1.35,1.35,122500,,,,105215000,,,
1995-08-04,CSX,1.35,1.33,1.35,1.33,1.33,159500,,,,105215000,,,
1995-08-03,CSX,1.33,1.36,1.36,1.32,1.35,169800,,,,105121000,,,
1995-08-02,CSX,1.35,1.34,1.35,1.34,1.35,90700,,,,105121000,,,
1995-08-01,CSX,1.35,1.36,1.36,1.33,1.36,97800,,,,105121000,,,
1995-07-29,CSX,1.36,1.36,1.37,1.32,1.37,283000,,,,105121000,,,
1995-07-28,CSX,1.37,1.35,1.38,1.35,1.35,234400,,,,105121000,,,
1995-07-27,CSX,1.35,1.36,1.37,1.35,1.35,119600,,,,105121000,,,
1995-07-26,CSX,1.35,1.37,1.37,1.35,1.37,166200,,,,105121000,,,
1995-07-25,CSX,1.37,1.36,1.38,1.36,1.37,193100,,,,105121000,,,
1995-07-22,CSX,1.37,1.39,1.39,1.36,1.38,188200,,,,105121000,,,
1995-07-21,CSX,1.38,1.35,1.4,1.35,1.35,363600,,,,105121000,,,
1995-07-20,CSX,1.35,1.36,1.38,1.31,1.38,282800,,,,105121000,,,
1995-07-19,CSX,1.38,1.39,1.39,1.37,1.39,236900,,,,105121000,,,
1995-07-18,CSX,1.39,1.37,1.39,1.36,1.37,285400,,,,105121000,,,
1995-07-15,CSX,1.37,1.36,1.37,1.36,1.38,293300,,,,105121000,,,
1995-07-14,CSX,1.38,1.36,1.39,1.35,1.36,442000,,,,105121000,,,
1995-07-13,CSX,1.36,1.32,1.37,1.32,1.32,267500,,,,105121000,,,
1995-07-12,CSX,1.32,1.35,1.35,1.32,1.36,429500,,,,105121000,,,
1995-07-11,CSX,1.36,1.35,1.37,1.34,1.31,574700,,,,105121000,,,
1995-07-08,CSX,1.31,1.25,1.31,1.25,1.25,553100,,,,105121000,,,
1995-07-07,CSX,1.25,1.23,1.26,1.23,1.22,361600,,,,105121000,,,
1995-07-06,CSX,1.22,1.21,1.23,1.21,1.21,261400,,,,105121000,,,
1995-07-04,CSX,1.21,1.22,1.22,1.2,1.21,47200,,,,105121000,,,
1995-07-01,CSX,1.21,1.19,1.22,1.18,1.19,233400,,,,105121000,,,
1995-06-30,CSX,1.19,1.21,1.22,1.19,1.2,178000,,,,105121000,,,
1995-06-29,CSX,1.2,1.2,1.2,1.19,1.19,154300,,,,105121000,,,
1995-06-28,CSX,1.19,1.2,1.21,1.18,1.19,262000,,,,105121000,,,
1995-06-27,CSX,1.19,1.21,1.22,1.19,1.22,153900,,,,105121000,,,
1995-06-24,CSX,1.22,1.2,1.22,1.2,1.2,320500,,,,105121000,,,
1995-06-23,CSX,1.2,1.19,1.21,1.19,1.19,208400,,,,105121000,,,
1995-06-22,CSX,1.19,1.2,1.2,1.19,1.19,231400,,,,105121000,,,
1995-06-21,CSX,1.19,1.19,1.2,1.18,1.19,327800,,,,105121000,,,
1995-06-20,CSX,1.19,1.18,1.19,1.18,1.17,190900,,,,105121000,,,
1995-06-17,CSX,1.17,1.17,1.19,1.17,1.17,621400,,,,105121000,,,
1995-06-16,CSX,1.17,1.19,1.19,1.17,1.19,224500,,,,105121000,,,
1995-06-15,CSX,1.19,1.21,1.21,1.19,1.2,270600,,,,105121000,,,
1995-06-14,CSX,1.2,1.19,1.2,1.18,1.19,191900,,,,105121000,,,
1995-06-13,CSX,1.19,1.17,1.19,1.16,1.17,277200,,,,105121000,,,
1995-06-10,CSX,1.17,1.17,1.17,1.16,1.17,685400,,,,105121000,,,
1995-06-09,CSX,1.17,1.18,1.19,1.16,1.19,277900,,,,105121000,,,
1995-06-08,CSX,1.19,1.2,1.2,1.19,1.2,329800,,,,105121000,,,
1995-06-07,CSX,1.2,1.18,1.2,1.18,1.19,216400,,,,105121000,,,
1995-06-06,CSX,1.19,1.17,1.19,1.17,1.17,404800,,,,105121000,,,
1995-06-03,CSX,1.17,1.18,1.18,1.16,1.21,596600,,,,105121000,,,
1995-06-02,CSX,1.21,1.23,1.23,1.2,1.23,228000,,,,105121000,,,
1995-06-01,CSX,1.23,1.19,1.23,1.18,1.19,316600,,,,105121000,,,
1995-05-31,CSX,1.19,1.17,1.19,1.17,1.17,344400,,,,105121000,,,
1995-05-27,CSX,1.17,1.18,1.19,1.17,1.19,382700,,,,105121000,,,
1995-05-26,CSX,1.19,1.21,1.21,1.19,1.21,620900,,,,105121000,,,
1995-05-25,CSX,1.21,1.23,1.23,1.21,1.23,336600,,,,105121000,,,
1995-05-24,CSX,1.23,1.22,1.24,1.21,1.21,224800,,,,105121000,,,
1995-05-23,CSX,1.21,1.22,1.22,1.21,1.21,127300,,,,105121000,,,
1995-05-20,CSX,1.21,1.22,1.22,1.21,1.22,340000,,,,105121000,,,
1995-05-19,CSX,1.22,1.23,1.23,1.22,1.23,234100,,,,105121000,,,
1995-05-18,CSX,1.23,1.23,1.23,1.22,1.23,245700,,,,105121000,,,
1995-05-17,CSX,1.23,1.23,1.23,1.21,1.23,276300,,,,105121000,,,
1995-05-16,CSX,1.23,1.24,1.24,1.23,1.22,282400,,,,105121000,,,
1995-05-13,CSX,1.22,1.21,1.23,1.21,1.22,204100,,,,105121000,,,
1995-05-12,CSX,1.22,1.21,1.23,1.2,1.2,347300,,,,104722000,,,
1995-05-11,CSX,1.2,1.2,1.21,1.2,1.21,249300,,,,104722000,,,
1995-05-10,CSX,1.21,1.21,1.22,1.21,1.21,213600,,,,104722000,,,
1995-05-09,CSX,1.21,1.21,1.22,1.21,1.21,277100,,,,104722000,,,
1995-05-06,CSX,1.21,1.23,1.23,1.21,1.22,554300,,,,104722000,,,
1995-05-05,CSX,1.22,1.26,1.26,1.22,1.25,285100,,,,104722000,,,
1995-05-04,CSX,1.25,1.26,1.27,1.25,1.26,257500,,,,104722000,,,
1995-05-03,CSX,1.26,1.26,1.27,1.25,1.27,107200,,,,104722000,,,
1995-05-02,CSX,1.27,1.27,1.29,1.26,1.27,200800,,,,104722000,,,
1995-04-29,CSX,1.27,1.3,1.3,1.26,1.3,346600,,,,104722000,,,
1995-04-28,CSX,1.3,1.3,1.3,1.29,1.3,143000,,,,104722000,,,
1995-04-27,CSX,1.3,1.29,1.3,1.29,1.29,148300,,,,104722000,,,
1995-04-26,CSX,1.29,1.29,1.29,1.28,1.29,217500,,,,104722000,,,
1995-04-25,CSX,1.29,1.27,1.3,1.27,1.29,260800,,,,104722000,,,
1995-04-22,CSX,1.29,1.31,1.31,1.29,1.3,679400,,,,104722000,,,
1995-04-21,CSX,1.3,1.28,1.3,1.28,1.28,358200,,,,104722000,,,
1995-04-20,CSX,1.28,1.28,1.29,1.28,1.29,181400,,,,104722000,,,
1995-04-19,CSX,1.29,1.29,1.29,1.28,1.28,228200,,,,104722000,,,
1995-04-18,CSX,1.28,1.28,1.28,1.28,1.28,295700,,,,104722000,,,
1995-04-14,CSX,1.28,1.28,1.28,1.27,1.28,223100,,,,104722000,,,
1995-04-13,CSX,1.28,1.27,1.28,1.27,1.27,155800,,,,104722000,,,
1995-04-12,CSX,1.27,1.27,1.28,1.27,1.27,120600,,,,104722000,,,
1995-04-11,CSX,1.27,1.26,1.28,1.26,1.27,97600,,,,104722000,,,
1995-04-08,CSX,1.27,1.26,1.27,1.26,1.26,183800,,,,104722000,,,
1995-04-07,CSX,1.26,1.26,1.26,1.25,1.26,195900,,,,104722000,,,
1995-04-06,CSX,1.26,1.26,1.26,1.26,1.26,315300,,,,104722000,,,
1995-04-05,CSX,1.26,1.25,1.27,1.25,1.25,502400,,,,104722000,,,
1995-04-04,CSX,1.25,1.26,1.26,1.25,1.26,79300,,,,104722000,,,
1995-04-01,CSX,1.26,1.25,1.26,1.24,1.26,128500,,,,104722000,,,
1995-03-31,CSX,1.26,1.26,1.27,1.25,1.26,223100,,,,104722000,,,
1995-03-30,CSX,1.26,1.27,1.27,1.25,1.27,160700,,,,104722000,,,
1995-03-29,CSX,1.27,1.26,1.27,1.26,1.26,219600,,,,104722000,,,
1995-03-28,CSX,1.26,1.24,1.27,1.24,1.24,364200,,,,104722000,,,
1995-03-25,CSX,1.24,1.23,1.24,1.23,1.23,127800,,,,104744000,,,
1995-03-24,CSX,1.23,1.22,1.23,1.22,1.22,168100,,,,104744000,,,
1995-03-23,CSX,1.22,1.23,1.23,1.22,1.23,167000,,,,104744000,,,
1995-03-22,CSX,1.23,1.24,1.25,1.23,1.25,223200,,,,104744000,,,
1995-03-21,CSX,1.25,1.25,1.25,1.24,1.25,134400,,,,104744000,,,
1995-03-18,CSX,1.25,1.25,1.27,1.25,1.24,573700,,,,104744000,,,
1995-03-17,CSX,1.24,1.23,1.25,1.23,1.23,227200,,,,104744000,,,
1995-03-16,CSX,1.23,1.23,1.24,1.22,1.23,275400,,,,104744000,,,
1995-03-15,CSX,1.23,1.23,1.24,1.22,1.22,195300,,,,104744000,,,
1995-03-14,CSX,1.22,1.22,1.23,1.22,1.22,255000,,,,104744000,,,
1995-03-11,CSX,1.22,1.17,1.22,1.17,1.16,605600,,,,104744000,,,
1995-03-10,CSX,1.16,1.18,1.18,1.16,1.17,202900,,,,104744000,,,
1995-03-09,CSX,1.17,1.2,1.2,1.17,1.19,170600,,,,104744000,,,
1995-03-08,CSX,1.19,1.21,1.21,1.17,1.21,230500,,,,104744000,,,
1995-03-07,CSX,1.21,1.2,1.21,1.18,1.2,169900,,,,104744000,,,
1995-03-04,CSX,1.2,1.21,1.21,1.19,1.21,243900,,,,104744000,,,
1995-03-03,CSX,1.21,1.22,1.22,1.2,1.21,113600,,,,104744000,,,
1995-03-02,CSX,1.21,1.23,1.24,1.21,1.24,209500,,,,104744000,,,
1995-03-01,CSX,1.24,1.21,1.24,1.21,1.21,270700,,,,104744000,,,
1995-02-28,CSX,1.21,1.23,1.23,1.2,1.23,158700,,,,104744000,,,
1995-02-25,CSX,1.23,1.23,1.23,1.22,1.23,308100,,,,104744000,,,
1995-02-24,CSX,1.23,1.23,1.24,1.22,1.22,164900,,,,104744000,,,
1995-02-23,CSX,1.22,1.22,1.23,1.22,1.22,248700,,,,104744000,,,
1995-02-22,CSX,1.22,1.22,1.23,1.22,1.22,208900,,,,104744000,,,
1995-02-18,CSX,1.22,1.23,1.23,1.22,1.22,193700,,,,104744000,,,
1995-02-17,CSX,1.22,1.23,1.23,1.22,1.22,293800,,,,104744000,,,
1995-02-16,CSX,1.22,1.2,1.23,1.2,1.19,465800,,,,104744000,,,
1995-02-15,CSX,1.19,1.18,1.19,1.16,1.19,224300,,,,104744000,,,
1995-02-14,CSX,1.19,1.16,1.19,1.15,1.16,236300,,,,104744000,,,
1995-02-11,CSX,1.16,1.12,1.17,1.12,1.12,437300,,,,104744000,,,
1995-02-10,CSX,1.12,1.11,1.13,1.11,1.12,340400,,,,104744000,,,
1995-02-09,CSX,1.12,1.13,1.14,1.11,1.13,400800,,,,104744000,,,
1995-02-08,CSX,1.13,1.14,1.14,1.12,1.14,356100,,,,104744000,,,
1995-02-07,CSX,1.14,1.17,1.17,1.14,1.16,430100,,,,104744000,,,
1995-02-04,CSX,1.16,1.16,1.17,1.16,1.16,451200,,,,104744000,,,
1995-02-03,CSX,1.16,1.16,1.16,1.16,1.16,154800,,,,104744000,,,
1995-02-02,CSX,1.16,1.15,1.16,1.14,1.14,188100,,,,104744000,,,
1995-02-01,CSX,1.14,1.14,1.16,1.13,1.13,347300,,,,104744000,,,
1995-01-31,CSX,1.13,1.17,1.17,1.13,1.17,249700,,,,104744000,,,
1995-01-28,CSX,1.17,1.17,1.18,1.16,1.16,261400,,,,104744000,,,
1995-01-27,CSX,1.16,1.18,1.19,1.16,1.18,181600,,,,104744000,,,
1995-01-26,CSX,1.18,1.19,1.19,1.18,1.19,162000,,,,104744000,,,
1995-01-25,CSX,1.19,1.18,1.19,1.18,1.18,196900,,,,104744000,,,
1995-01-24,CSX,1.18,1.16,1.19,1.16,1.17,266900,,,,104744000,,,
1995-01-21,CSX,1.17,1.18,1.18,1.16,1.18,217800,,,,104744000,,,
1995-01-20,CSX,1.18,1.19,1.2,1.17,1.2,275300,,,,104744000,,,
1995-01-19,CSX,1.2,1.21,1.21,1.18,1.2,285800,,,,104744000,,,
1995-01-18,CSX,1.2,1.18,1.21,1.18,1.18,496800,,,,104744000,,,
1995-01-17,CSX,1.18,1.15,1.18,1.15,1.15,357000,,,,104744000,,,
1995-01-14,CSX,1.15,1.17,1.18,1.15,1.17,253800,,,,104744000,,,
1995-01-13,CSX,1.17,1.14,1.17,1.14,1.14,265500,,,,104744000,,,
1995-01-12,CSX,1.14,1.16,1.16,1.14,1.16,219000,,,,104744000,,,
1995-01-11,CSX,1.16,1.17,1.18,1.15,1.18,360400,,,,104744000,,,
1995-01-10,CSX,1.18,1.15,1.18,1.15,1.15,304500,,,,104744000,,,
1995-01-07,CSX,1.15,1.15,1.16,1.15,1.15,360100,,,,104744000,,,
1995-01-06,CSX,1.15,1.14,1.15,1.14,1.14,316400,,,,104744000,,,
1995-01-05,CSX,1.14,1.13,1.14,1.12,1.12,283600,,,,104744000,,,
1995-01-04,CSX,1.12,1.1,1.13,1.1,1.11,208000,,,,104744000,,,
