dt,symbol,close,open,high,low,pre_close,vol,amount,vwap,turnover_ratio,free_share,total_share,free_mv,total_mv
2025-06-05,INTC,20.25,20.34,20.5,20.01,20.29,71166563,1442518334.7173,20.27,1.63,4362000000,4362000000.0,83030670000.0,88330438000.0
2025-06-04,INTC,20.29,19.75,20.41,19.4,19.74,80401875,1617589644.7594,20.12,1.84,4362000000,4362000000.0,83194656598.32,88504875000.0
2025-06-03,INTC,19.74,19.48,19.82,19.37,19.55,67885500,1332579263.0985,19.63,1.56,4362000000,4362000000.0,80939551801.68,86105813000.0
2025-05-31,INTC,19.55,20.26,20.26,19.31,20.25,114281880,2245559858.939,19.65,2.62,4362000000,4362000000.0,80160490401.12,85277060000.0
2025-05-30,INTC,20.25,20.54,20.6,20.1,20.37,66485188,1345421190.8691,20.24,1.52,4362000000,4362000000.0,83030670000.0,88330438000.0
2025-05-29,INTC,20.37,20.57,20.64,20.33,20.55,46096477,944111256.9254,20.48,1.06,4362000000,4362000000.0,83522687198.88,88853810000.0
2025-05-28,INTC,20.55,20.44,20.67,20.18,20.05,69504563,1423654665.9499,20.48,1.59,4362000000,4362000000.0,84260770401.12,89639063000.0
2025-05-24,INTC,20.05,20.16,20.27,19.94,20.55,68206063,1369243808.1556,20.08,1.56,4362000000,4362000000.0,82210630401.12,87458063000.0
2025-05-23,INTC,20.55,20.73,20.9,20.51,20.69,56077473,1160585325.4201,20.7,1.29,4362000000,4362000000.0,84260770401.12,89639060000.0
2025-05-22,INTC,20.69,21.19,21.63,20.59,21.27,62904696,1325075154.8243,21.06,1.44,4362000000,4362000000.0,84834805500.84,90249690000.0
2025-05-21,INTC,21.27,21.33,21.41,21.12,21.38,48497383,1032455694.4618,21.29,1.11,4362000000,4362000000.0,87212976101.4,92779690000.0
2025-05-20,INTC,21.38,21.18,21.56,21.05,21.66,64279079,1373842733.4213,21.37,1.47,4362000000,4362000000.0,87664006901.4,93259500000.0
2025-05-17,INTC,21.66,21.53,21.76,21.35,21.55,55795145,1204979681.6071,21.6,1.28,4362000000,4362000000.0,88812081201.12,94480880000.0
2025-05-16,INTC,21.55,21.23,21.63,21.19,21.52,66705438,1431525648.477,21.46,1.53,4362000000,4362000000.0,88361050401.12,94001060000.0
2025-05-15,INTC,21.52,22.35,22.46,21.46,22.56,91584813,1987856975.1374,21.71,2.1,4362000000,4362000000.0,88238046101.4,93870188000.0
2025-05-14,INTC,22.56,22.36,22.88,22.3,22.18,76850375,1737210642.4636,22.61,1.76,4362000000,4362000000.0,92502308599.44,98406630000.0
2025-05-13,INTC,22.18,22.18,22.67,21.88,21.42,94578688,2097235117.056,22.17,2.17,4362000000,4362000000.0,90944181698.04,96749060000.0
2025-05-10,INTC,21.42,21.2,21.45,20.83,21.0,51768567,1095391505.9684,21.16,1.19,4362000000,4362000000.0,87827993499.72,93433940000.0
2025-05-09,INTC,21.0,21.01,21.24,20.64,20.31,71651688,1501826473.9971,20.96,1.64,4362000000,4362000000.0,86105880000.0,91601940000.0
2025-05-08,INTC,20.31,19.97,20.37,19.82,19.94,61134293,1227637370.9272,20.08,1.4,4362000000,4362000000.0,83276678599.44,88592130000.0
2025-05-07,INTC,19.94,19.92,20.12,19.77,20.27,51330774,1024151397.5249,19.95,1.18,4362000000,4362000000.0,81759595500.84,86978250000.0
2025-05-06,INTC,20.27,20.39,20.58,20.24,20.62,44236981,900762166.0442,20.36,1.01,4362000000,4362000000.0,83112696101.4,88417688000.0
2025-05-03,INTC,20.62,20.26,20.78,20.21,19.98,63298512,1302138756.5628,20.57,1.45,4362000000,4362000000.0,84547757198.88,89944375000.0
2025-05-02,INTC,19.98,20.22,20.65,19.94,20.1,72607500,1469873127.7125,20.24,1.66,4362000000,4362000000.0,81923577998.88,87152688000.0
2025-05-01,INTC,20.1,19.71,20.18,19.55,20.34,68297313,1357259046.6783,19.87,1.57,4362000000,4362000000.0,82415656701.96,87676190000.0
2025-04-30,INTC,20.34,20.31,20.85,20.22,20.51,70031875,1439470524.8469,20.55,1.61,4362000000,4362000000.0,83399682899.16,88723000000.0
2025-04-29,INTC,20.51,20.12,21.08,20.05,20.05,96224563,1974469720.6748,20.52,2.21,4362000000,4362000000.0,84096722298.6,89464500000.0
2025-04-26,INTC,20.05,19.73,20.18,19.34,21.49,147711190,2937414266.578,19.89,3.39,4362000000,4362000000.0,82210630401.12,87458060000.0
2025-04-25,INTC,21.49,21.04,21.55,20.88,20.59,106467690,2267804384.076,21.3,2.44,4360591639,4360592000.0,88086592056.52,93709060000.0
2025-04-23,INTC,19.51,19.06,19.74,19.04,18.84,83365625,1621644393.7969,19.45,1.91,4360591639,4360592000.0,79970613809.5,85075063000.0
2025-04-22,INTC,18.84,18.93,18.99,18.25,18.93,72409938,1348200925.2618,18.62,1.66,4360591639,4360592000.0,77224321393.17,82153500000.0
2025-04-18,INTC,18.93,18.91,19.1,18.56,19.23,85646688,1615202495.6166,18.86,1.96,4360591639,4360592000.0,77593211050.0,82545940000.0
2025-04-17,INTC,19.23,19.34,19.43,18.72,19.85,89469688,1713505123.29,19.15,2.05,4360591639,4360592000.0,78822910189.07,83854130000.0
2025-04-16,INTC,19.85,20.2,20.47,19.81,20.31,64056895,1284757370.7951,20.06,1.47,4360591639,4360592000.0,81364308084.79,86557690000.0
2025-04-15,INTC,20.31,20.59,21.05,19.98,19.74,101964380,2086201309.2736,20.46,2.34,4360591639,4360592000.0,83249791018.89,88563563000.0
2025-04-12,INTC,19.74,19.25,19.8,18.18,19.88,128425820,2438087907.7629,18.98,2.95,4360591639,4360592000.0,80913418810.37,86078060000.0
2025-04-11,INTC,19.88,20.68,20.82,19.16,21.53,129064880,2570907231.8356,19.92,2.96,4360591639,4360592000.0,81487268571.1,86688560000.0
2025-04-10,INTC,21.53,18.07,21.73,17.98,18.13,224183500,4548774233.501,20.29,5.14,4360591639,4360592000.0,88250521609.45,93883500000.0
2025-04-09,INTC,18.13,20.06,20.39,17.67,19.57,163982690,3105915123.8411,18.94,3.76,4360591639,4360592000.0,74314095324.95,79057500000.0
2025-04-08,INTC,19.57,19.14,20.67,18.56,19.85,142491130,2765568592.2689,19.41,3.27,4360591639,4360592000.0,80216604464.37,85336750000.0
2025-04-05,INTC,19.85,21.7,22.2,19.7,22.43,175014750,3567728183.175,20.39,4.01,4360591639,4360592000.0,81364308084.79,86557690000.0
2025-04-04,INTC,22.43,21.4,23.9,20.86,21.98,242972130,5404524575.6371,22.24,5.57,4360591639,4360592000.0,91939557542.31,97808000000.0
2025-04-03,INTC,21.98,21.89,22.38,21.7,22.05,58878848,1294103852.5614,21.98,1.35,4360591639,4360592000.0,90095039575.88,95845690000.0
2025-04-02,INTC,22.05,22.56,22.62,21.66,22.71,64060356,1411615171.0713,22.04,1.47,4360591639,4360592000.0,90381999297.38,96151000000.0
2025-04-01,INTC,22.71,22.38,22.75,21.75,22.71,65832000,1473826803.072,22.39,1.51,4360591639,4360592000.0,93087322647.08,99029000000.0
2025-03-29,INTC,22.71,23.35,23.58,22.56,23.62,58365258,1332677573.8435,22.83,1.34,4360591639,4360592000.0,93087322647.08,99029000000.0
2025-03-28,INTC,23.62,23.29,23.76,22.86,23.42,57720586,1345536355.2455,23.31,1.33,4330000000,4330000000.0,96138107719.2,102274500000.0
2025-03-27,INTC,23.42,24.25,24.42,23.25,24.2,59678008,1404772565.9136,23.54,1.38,4330000000,4330000000.0,95324079929.8,101408570000.0
2025-03-26,INTC,24.2,24.18,24.75,24.11,24.22,51532594,1253757453.1918,24.33,1.19,4330000000,4330000000.0,98498827789.4,104785940000.0
2025-03-25,INTC,24.22,24.72,24.99,24.13,24.26,68788500,1675908327.1425,24.36,1.59,4330000000,4330000000.0,98580252140.4,104872500000.0
2025-03-22,INTC,24.26,23.6,24.7,23.49,23.96,94110688,2277723996.1636,24.2,2.17,4330000000,4330000000.0,98743031649.0,105045690000.0
2025-03-21,INTC,23.96,23.77,24.31,23.73,24.12,68937563,1652481917.1544,23.97,1.59,4330000000,4330000000.0,97522020491.4,103746800000.0
2025-03-20,INTC,24.12,24.9,25.23,24.03,25.92,135491440,3300761843.8732,24.36,3.13,4330000000,4330000000.0,98173207719.2,104439500000.0
2025-03-19,INTC,25.92,25.55,26.41,25.39,25.69,132488820,3443185036.1259,25.99,3.06,4330000000,4330000000.0,105499579929.8,112233500000.0
2025-03-18,INTC,25.69,24.42,26.15,24.37,24.05,160723630,4129858765.9202,25.7,3.71,4330000000,4330000000.0,104563450210.6,111237690000.0
2025-03-15,INTC,24.05,23.68,24.37,23.52,23.7,116901630,2801711342.1336,23.97,2.7,4330000000,4330000000.0,97888326280.8,104136440000.0
2025-03-14,INTC,23.7,23.5,24.53,23.13,20.68,243261000,5797348229.583,23.83,5.62,4330000000,4330000000.0,96463727789.4,102620940000.0
2025-03-13,INTC,20.68,20.79,21.17,20.21,19.78,113824250,2352201687.8698,20.67,2.63,4330000000,4330000000.0,84171707508.6,89544310000.0
2025-03-12,INTC,19.78,19.97,20.06,19.29,19.93,80789000,1592068266.922,19.71,1.87,4330000000,4330000000.0,80508551929.8,85647313000.0
2025-03-11,INTC,19.93,20.24,20.51,19.65,20.64,82760563,1654715027.6643,19.99,1.91,4330000000,4330000000.0,81119057508.6,86296813000.0
2025-03-08,INTC,20.64,20.27,21.2,20.11,20.75,80532563,1656804874.5181,20.57,1.86,4330000000,4330000000.0,84008928000.0,89371125000.0
2025-03-07,INTC,20.75,20.26,21.13,20.0,20.81,95282750,1972982267.5638,20.71,,4330000000,,84456650000.0,
2025-03-06,INTC,20.81,21.33,21.36,20.18,21.33,126549000,2611249144.857,20.63,2.92,4330000000,4330000000.0,84700853859.6,90107190000.0
2025-03-05,INTC,21.33,22.54,22.63,20.76,22.74,150341940,3217933767.6121,21.4,3.47,4330000000,4330000000.0,86817374140.4,92358813000.0
2025-03-04,INTC,22.74,25.0,25.04,22.52,23.73,137620940,3280015509.5733,23.83,3.18,4330000000,4330000000.0,92556372421.2,98464188000.0
2025-03-01,INTC,23.73,23.02,24.44,22.64,23.09,101773320,2415080476.5067,23.73,2.35,4330000000,4330000000.0,96585829719.2,102750820000.0
2025-02-28,INTC,23.09,23.7,24.4,23.07,23.52,95960375,2278924273.8439,23.75,2.22,4330000000,4330000000.0,93980905789.4,99979625000.0
2025-02-27,INTC,23.52,23.25,23.82,23.21,22.99,66790875,1573873135.9297,23.56,1.54,4330000000,4330000000.0,95731124351.0,101841570000.0
2025-02-26,INTC,22.99,24.21,24.28,22.77,24.27,88109250,2045808235.2037,23.22,2.03,4330000000,4330000000.0,93573922421.2,99546625000.0
2025-02-25,INTC,24.27,24.55,24.8,23.62,24.87,90275625,2192596054.0481,24.29,2.08,4330000000,4330000000.0,98783774351.0,
2025-02-22,INTC,24.87,25.96,26.29,24.84,26.09,107705690,2728131167.1493,25.33,2.49,4330000000,4330000000.0,101225857719.2,
2025-02-21,INTC,26.09,25.56,26.12,24.48,25.72,143958190,3636657687.8774,25.26,3.32,4330000000,4330000000.0,106191505789.4,112969630000.0
2025-02-20,INTC,25.72,25.98,26.33,25.46,27.39,148956940,3854944981.7254,25.88,3.44,4330000000,4330000000.0,104685552140.4,111367570000.0
2025-02-19,INTC,27.39,24.6,27.55,24.49,23.6,275535500,7228455618.384,26.23,6.36,4330000000,4330000000.0,111482778000.0,118598630000.0
2025-02-15,INTC,23.6,24.36,25.19,22.86,24.13,227978070,5398223414.1967,23.68,5.27,4330000000,4330000000.0,96056748491.4,102187940000.0
2025-02-14,INTC,24.13,22.84,24.83,22.79,22.48,243073130,5903373209.017,24.29,5.61,4330000000,4330000000.0,98213946351.0,104482880000.0
2025-02-13,INTC,22.48,21.98,22.56,20.93,20.97,161087320,3526749614.95,21.89,3.72,4330000000,4330000000.0,91498079719.2,97338313000.0
2025-02-12,INTC,20.97,19.87,21.88,19.86,19.77,150060820,3163463359.0706,21.08,3.47,4330000000,4330000000.0,85352102140.4,90800063000.0
2025-02-11,INTC,19.77,19.25,20.08,19.24,19.1,68634000,1357553272.302,19.78,1.59,4330000000,4330000000.0,80467874351.0,85604063000.0
2025-02-08,INTC,19.1,19.35,19.36,19.03,19.38,52396696,1001893362.3984,19.12,1.21,4330000000,4330000000.0,77740848491.4,82702938000.0
2025-02-07,INTC,19.38,19.51,19.7,19.22,19.65,45212118,876540850.0893,19.39,1.04,4330000000,4330000000.0,78880496351.0,83915375000.0
2025-02-06,INTC,19.65,19.19,19.77,18.91,19.29,60945442,1187192771.0378,19.48,1.41,4330000000,4330000000.0,79979405578.8,85084438000.0
2025-02-05,INTC,19.29,19.1,19.53,19.02,19.38,44545090,861096813.9163,19.33,1.03,4330000000,4330000000.0,78514133578.8,83525625000.0
2025-02-04,INTC,19.38,18.97,19.75,18.78,19.43,76724500,1486813549.149,19.38,1.77,4330000000,4330000000.0,78880496351.0,83915375000.0
2025-02-01,INTC,19.43,20.1,20.33,19.38,20.01,116607690,2304238502.0525,19.76,2.69,4330000000,4330000000.0,79083957508.6,84131813000.0
2025-01-31,INTC,20.01,19.72,20.1,19.43,19.75,99063375,1962732445.3474,19.81,2.3,4313000000,4313000000.0,81124921928.9,86303063000.0
2025-01-30,INTC,19.75,19.87,20.08,19.66,19.8,76573250,1519335720.6267,19.84,1.78,4313000000,4313000000.0,80070845000.0,85181750000.0
2025-01-29,INTC,19.8,20.34,20.34,19.74,20.29,69553688,1383068339.1723,19.88,1.61,4313000000,4313000000.0,80273572216.88,85397375000.0
2025-01-28,INTC,20.29,20.81,21.06,20.14,20.83,82708375,1692395641.7585,20.46,1.92,4313000000,4313000000.0,82260099474.68,87510750000.0
2025-01-25,INTC,20.83,21.36,21.41,20.75,21.57,65914875,1380514155.0233,20.94,1.53,4313000000,4313000000.0,84449410708.44,89839750000.0
2025-01-24,INTC,21.57,21.69,21.75,21.35,21.86,53592282,1151848091.385,21.49,1.24,4313000000,4313000000.0,87449557833.76,93031375000.0
2025-01-23,INTC,21.86,21.73,22.29,21.57,21.77,60439262,1324544498.0693,21.92,1.4,4313000000,4313000000.0,88625253254.22,94282125000.0
2025-01-22,INTC,21.77,22.03,22.41,21.75,21.49,94806625,2080919808.3676,21.95,2.2,4313000000,4313000000.0,88260389671.1,93894000000.0
2025-01-18,INTC,21.49,21.26,21.62,20.79,19.67,162511690,3459126488.8377,21.29,3.77,4313000000,4313000000.0,87125212125.32,92686375000.0
2025-01-17,INTC,19.67,19.75,19.95,19.4,19.72,44519532,875988526.8785,19.68,1.03,4313000000,4313000000.0,79746503345.78,84836688000.0
2025-01-16,INTC,19.72,19.4,19.77,19.17,19.2,55665836,1087337196.0096,19.53,1.29,4313000000,4313000000.0,79949226508.44,85052375000.0
2025-01-15,INTC,19.2,19.36,19.52,18.82,19.2,46228125,883511925.0,19.11,1.07,4313000000,4313000000.0,77841011837.34,82809563000.0
2025-01-14,INTC,19.2,18.92,19.25,18.73,19.15,50243575,954045300.5043,18.99,1.16,4313000000,4313000000.0,77841011837.34,82809563000.0
2025-01-11,INTC,19.15,19.66,19.66,18.91,19.88,69651688,1334017536.4992,19.15,1.61,4313000000,4313000000.0,77638288674.68,82593875000.0
2025-01-09,INTC,19.88,19.83,20.12,19.71,20.01,47198395,938327408.6071,19.88,1.09,4313000000,4313000000.0,80597913871.1,85742438000.0
2025-01-08,INTC,20.01,20.02,20.34,19.9,19.87,60480637,1214306460.7957,20.08,1.4,4313000000,4313000000.0,81124921928.9,86303063000.0
2025-01-07,INTC,19.87,20.83,20.98,19.78,20.56,82631375,1676350554.6056,20.29,,4313000000,,80557335183.12,
2025-01-04,INTC,20.56,20.39,20.67,20.06,20.22,48680735,994815257.454,20.44,1.13,4313000000,4313000000.0,83354755091.56,88675250000.0
2025-01-03,INTC,20.22,20.23,20.43,20.0,20.05,46231954,934759393.4265,20.22,1.07,4313000000,4313000000.0,81976336508.44,87208875000.0
2025-01-01,INTC,20.05,19.99,20.4,19.88,19.82,49115489,985767756.003,20.07,1.14,4313000000,4313000000.0,81287127216.88,86475625000.0
2024-12-31,INTC,19.82,20.01,20.12,19.73,20.3,58023239,1153205724.6617,19.87,1.35,4313000000,4313000000.0,80354672833.76,85483625000.0
2024-12-28,INTC,20.3,20.21,20.61,20.09,20.44,47999649,973418193.8274,20.28,1.11,4313000000,4313000000.0,82300682216.88,87553875000.0
2024-12-27,INTC,20.44,20.23,20.67,20.08,20.4,38901426,797129042.3631,20.49,0.9,4313000000,4313000000.0,82868268962.66,88157688000.0
2024-12-25,INTC,20.4,20.22,20.4,19.96,20.2,29853563,604250862.7801,20.24,0.69,4313000000,4313000000.0,82706063674.68,87985188000.0
2024-12-24,INTC,20.2,19.58,20.23,19.52,19.52,56510805,1132539146.1719,20.04,1.31,4313000000,4313000000.0,81895231837.34,87122563000.0
2024-12-21,INTC,19.52,18.97,19.76,18.9,19.06,106877820,2078977201.2471,19.45,2.48,4313000000,4313000000.0,79138394671.1,84189750000.0
2024-12-20,INTC,19.06,19.53,19.69,19.03,19.3,65054141,1251732423.3667,19.24,1.51,4313000000,4313000000.0,77273425091.56,82205750000.0
2024-12-19,INTC,19.3,20.48,20.58,19.21,20.44,79364750,1577707500.1058,19.88,1.84,4313000000,4313000000.0,78246462216.88,83240875000.0
2024-12-18,INTC,20.44,20.64,20.77,20.29,20.83,48020208,983387015.7105,20.48,1.11,4313000000,4313000000.0,82868268962.66,88157688000.0
2024-12-17,INTC,20.83,20.17,21.1,20.0,20.34,71954438,1487370619.6246,20.67,1.67,4313000000,4313000000.0,84449410708.44,89839750000.0
2024-12-14,INTC,20.34,20.6,20.8,20.25,20.78,54685493,1115671389.9323,20.4,1.27,4313000000,4313000000.0,82462822637.34,87726375000.0
2024-12-13,INTC,20.78,20.02,20.9,19.92,20.12,77695000,1600058677.195,20.59,1.8,4313000000,4313000000.0,84246687545.78,89624130000.0
2024-12-12,INTC,20.12,20.14,20.25,19.87,20.16,73424000,1474566996.448,20.08,1.7,4313000000,4313000000.0,81570890183.12,86777500000.0
2024-12-11,INTC,20.16,20.83,20.86,19.96,20.81,88331500,1787626574.213,20.24,2.05,4313000000,4313000000.0,81733091416.88,86950063000.0
2024-12-10,INTC,20.81,20.92,21.06,20.73,20.92,67963500,1419682823.1135,20.89,1.58,4313000000,4313000000.0,84368310091.56,89753500000.0
2024-12-07,INTC,20.92,20.95,21.05,20.66,20.8,77409563,1616458521.381,20.88,1.79,4313000000,4313000000.0,84814278345.78,90227938000.0
2024-12-06,INTC,20.8,22.04,22.19,20.66,21.96,166954380,3513722883.2063,21.05,3.87,4313000000,4313000000.0,84327792216.88,89710375000.0
2024-12-05,INTC,21.96,22.53,22.54,21.81,22.47,99647313,2196943840.5843,22.05,2.31,4313000000,4313000000.0,89030699579.54,94713500000.0
2024-12-04,INTC,22.47,23.68,23.75,22.44,23.93,126004630,2869162596.4658,22.77,2.92,4313000000,4313000000.0,91098331508.44,96913063000.0
2024-12-03,INTC,23.93,24.84,25.48,23.44,24.05,144667380,3536234101.9777,24.44,3.35,4313000000,4313000000.0,97017456220.46,103210070000.0
2024-11-30,INTC,24.05,23.72,24.28,23.6,23.65,36602125,878703444.8561,24.01,0.85,4313000000,4313000000.0,97504007216.88,103727630000.0
2024-11-28,INTC,23.65,23.83,23.93,23.06,24.05,53757782,1260238415.1634,23.44,1.25,4313000000,4313000000.0,95882278674.68,102002440000.0
2024-11-27,INTC,24.05,24.95,24.99,23.81,24.87,66649875,1607995417.449,24.13,1.55,4313000000,4313000000.0,97504007216.88,103727630000.0
2024-11-26,INTC,24.87,25.04,25.57,24.76,24.5,90666625,2272985360.7624,25.07,2.1,4313000000,4313000000.0,100828435183.12,107264250000.0
2024-11-23,INTC,24.5,24.35,24.68,24.14,24.44,31017993,759158957.9504,24.47,0.72,4313000000,4313000000.0,99328390000.0,105668440000.0
2024-11-22,INTC,24.44,24.08,24.77,23.83,24.01,53855090,1314150202.5787,24.4,1.25,4313000000,4313000000.0,99085148962.66,105409690000.0
2024-11-21,INTC,24.01,24.07,24.21,23.55,24.2,48673446,1161552704.0129,23.86,1.13,4313000000,4313000000.0,97341801928.9,103555070000.0
2024-11-20,INTC,24.2,24.5,24.54,24.1,24.84,57073266,1381772021.1267,24.21,1.32,4313000000,4313000000.0,98112111837.34,104374570000.0
2024-11-19,INTC,24.84,24.33,25.02,24.16,24.35,59338676,1461452132.5266,24.63,1.38,4313000000,4313000000.0,100706812637.34,107134880000.0
2024-11-16,INTC,24.35,24.81,24.82,24.23,25.03,53426325,1306610178.6712,24.46,1.24,4313000000,4313000000.0,98720285379.54,105021570000.0
2024-11-15,INTC,25.03,25.12,25.61,24.93,24.92,46262364,1164581040.18,25.17,1.07,4313000000,4313000000.0,101477122545.78,107954380000.0
2024-11-14,INTC,24.92,24.06,25.14,24.02,24.16,55941375,1382770151.4664,24.72,1.3,4313000000,4313000000.0,102105957902.65,107479940000.0
2024-11-13,INTC,24.16,24.66,24.96,23.89,25.05,59250571,1435321085.9937,24.22,1.37,4313000000,4313000000.0,98991992389.4,104202070000.0
2024-11-12,INTC,25.05,25.96,26.29,24.83,26.2,66105313,1671789814.1808,25.29,1.53,4313000000,4313000000.0,102638633889.4,108040630000.0
2024-11-09,INTC,26.2,26.0,26.43,25.83,26.23,75070563,1963650369.2634,26.16,1.74,4313000000,4313000000.0,107350557707.95,113000600000.0
2024-11-08,INTC,26.23,25.43,26.38,25.19,25.05,99717375,2594616182.2875,26.02,2.31,4313000000,4313000000.0,107473474110.6,113129900000.0
2024-11-07,INTC,25.05,24.3,25.12,24.05,23.32,115737690,2856430146.9018,24.68,2.68,4313000000,4313000000.0,102638633889.4,108040600000.0
2024-11-06,INTC,23.32,22.58,23.58,22.4,22.52,58298200,1353036685.8926,23.21,1.35,4313000000,4313000000.0,95550234778.8,100579190000.0
2024-11-05,INTC,22.52,22.96,23.0,22.0,23.2,83943688,1888212948.8528,22.49,1.95,4313000000,4313000000.0,92272342486.75,97128750000.0
2024-11-02,INTC,23.2,23.0,23.58,21.91,21.52,173471130,3988014890.0773,22.99,4.03,4309000000,4309000000.0,94970347719.35,99968750000.0
2024-11-01,INTC,21.52,22.15,22.25,21.47,22.3,112485570,2434884582.9061,21.65,2.64,4267000320,4267000000.0,87234574810.33,91825813000.0
2024-10-31,INTC,22.3,22.42,22.93,22.26,22.9,50941231,1144705495.9241,22.47,1.19,4267000320,4267000000.0,90396417993.8,95154063000.0
2024-10-30,INTC,22.9,22.87,23.14,22.41,22.92,83422250,1907833405.1778,22.87,1.96,4267000320,4267000000.0,92828567639.7,97714250000.0
2024-10-29,INTC,22.92,22.67,23.27,22.56,22.68,41914965,964756707.49,23.02,0.98,4267000320,4267000000.0,92909660914.03,97799560000.0
2024-10-26,INTC,22.68,22.42,23.34,22.41,22.34,67503000,1547688803.112,22.93,1.58,4267000320,4267000000.0,91936760519.17,96775438000.0
2024-10-25,INTC,22.34,22.09,22.37,21.97,21.98,40554418,899569745.8659,22.18,0.95,4267000320,4267000000.0,90558535630.41,95324690000.0
2024-10-24,INTC,21.98,22.3,22.43,21.58,22.4,45799051,1006864931.5987,21.98,1.07,4267000320,4267000000.0,89099217467.32,93788560000.0
2024-10-23,INTC,22.4,22.73,22.82,22.17,22.84,50160379,1122955402.6263,22.39,1.18,4267000320,4267000000.0,90801742487.7,95580750000.0
2024-10-22,INTC,22.84,22.61,22.88,22.25,22.77,39726985,898898834.7124,22.63,0.93,4267000320,4267000000.0,92585360782.41,97458250000.0
2024-10-19,INTC,22.77,22.61,22.82,22.5,22.44,39971696,906961539.5794,22.69,0.94,4267000320,4267000000.0,92301637690.33,97159563000.0
2024-10-18,INTC,22.44,22.72,22.82,22.4,22.31,43807579,988211323.2744,22.56,1.03,4267000320,4267000000.0,90963924982.71,95751440000.0
2024-10-17,INTC,22.31,22.38,22.54,21.74,22.66,62151766,1377767980.4866,22.17,1.46,4267000320,4267000000.0,90436930174.94,95196690000.0
2024-10-16,INTC,22.66,23.41,23.72,22.47,23.44,68900563,1572317668.8157,22.82,1.61,4267000320,4267000000.0,91855732103.24,96690188000.0
2024-10-15,INTC,23.44,23.58,23.77,23.27,23.56,35403645,830031163.8741,23.44,0.83,4267000320,4267000000.0,95017575286.71,100018400000.0
2024-10-12,INTC,23.56,23.05,23.82,22.98,23.22,43585254,1029527415.4898,23.62,1.02,4267000320,4267000000.0,95503993054.94,100530500000.0
2024-10-11,INTC,23.22,23.19,23.53,22.96,23.46,43995407,1022435396.5448,23.24,1.03,4267000320,4267000000.0,94125768166.18,99079690000.0
2024-10-10,INTC,23.46,23.25,23.48,23.06,23.32,44759020,1044191860.8299,23.33,1.05,4267000320,4267000000.0,95098664507.39,100103800000.0
2024-10-09,INTC,23.32,22.25,23.42,22.05,22.38,58650461,1345148205.7341,22.94,1.37,4267000320,4267000000.0,94531157518.48,99506438000.0
2024-10-08,INTC,22.38,22.4,22.65,22.02,22.59,54928676,1230358454.3879,22.4,1.29,4267000320,4267000000.0,90720714071.77,95495440000.0
2024-10-05,INTC,22.59,22.7,22.91,22.3,22.26,49966930,1127009102.843,22.56,1.17,4267000320,4267000000.0,91571948206.41,96391440000.0
2024-10-04,INTC,22.26,22.14,22.73,21.65,22.39,49565930,1103907609.995,22.27,1.16,4267000320,4267000000.0,90234235498.79,94983310000.0
2024-10-03,INTC,22.39,22.67,23.07,22.35,22.69,59033895,1336911103.1175,22.65,1.38,4267000320,4267000000.0,90761230306.56,95538063000.0
2024-10-02,INTC,22.69,23.46,23.72,22.26,23.46,83336750,1894102905.0352,22.73,1.95,4267000320,4267000000.0,91977337558.71,96818190000.0
2024-10-01,INTC,23.46,23.74,23.95,23.09,23.91,66460250,1556984746.507,23.43,1.56,4267000320,4267000000.0,95098664507.39,100103800000.0
2024-09-28,INTC,23.91,24.16,24.66,23.7,23.92,85883250,2065345731.5587,24.05,2.01,4267000320,4267000000.0,96922794983.24,102023940000.0
2024-09-27,INTC,23.92,24.28,24.42,23.25,23.54,95416938,2269768865.701,23.79,2.24,4267000320,4267000000.0,96963311218.03,102066600000.0
2024-09-26,INTC,23.54,22.8,24.06,22.73,22.81,117013380,2763071694.9139,23.61,2.74,4267000320,4267000000.0,95422903834.26,100445130000.0
2024-09-25,INTC,22.81,22.53,23.11,22.29,22.56,113082570,2577106198.0243,22.79,2.65,4267000320,4267000000.0,92463755326.94,97330250000.0
2024-09-24,INTC,22.56,22.43,22.82,22.03,21.84,182737690,4106830033.1925,22.47,4.28,4267000320,4267000000.0,91450342750.94,96263438000.0
2024-09-21,INTC,21.84,20.89,23.14,20.35,21.14,260377940,5662934300.0219,21.75,6.1,4267000320,4267000000.0,88531710478.41,93191188000.0
2024-09-20,INTC,21.14,21.28,21.69,21.03,20.77,98086813,2090464804.8603,21.31,2.3,4267000320,4267000000.0,85694167426.56,90204310000.0
2024-09-19,INTC,20.77,21.36,21.74,20.72,21.47,118727940,2506703828.3156,21.11,2.78,4267000320,4267000000.0,84194337082.33,88625560000.0
2024-09-18,INTC,21.47,21.71,22.58,21.24,20.91,195201940,4253392492.8258,21.79,4.57,4267000320,4267000000.0,87031880134.18,91612440000.0
2024-09-17,INTC,20.91,20.03,21.07,19.76,19.66,149337000,3068082818.541,20.54,3.5,4267000320,4267000000.0,84761844071.24,89222940000.0
2024-09-14,INTC,19.66,19.49,19.8,19.49,19.36,43499504,855082930.4777,19.66,1.02,4267000320,4267000000.0,79694781191.24,83889190000.0
2024-09-13,INTC,19.36,19.43,19.54,19.04,19.64,50883778,984428302.9899,19.35,1.19,4267000320,4267000000.0,78478673939.09,82609060000.0
2024-09-12,INTC,19.64,19.01,19.69,18.52,18.98,71403125,1368691015.7719,19.17,1.67,4267000320,4267000000.0,79613691970.56,83803810000.0
2024-09-11,INTC,18.98,19.03,19.11,18.51,19.07,55236325,1038802167.0578,18.81,1.29,4267000320,4267000000.0,76938266555.32,80987625000.0
2024-09-10,INTC,19.07,19.0,19.54,18.95,18.89,63077653,1209337126.536,19.17,1.48,4267000320,4267000000.0,77303143726.48,81371690000.0
2024-09-07,INTC,18.89,19.44,19.49,18.64,19.4,92686438,1753368441.0522,18.92,2.17,4267000320,4267000000.0,76573454242.56,80603630000.0
2024-09-06,INTC,19.4,19.28,19.9,19.24,19.43,64720684,1264007773.2154,19.53,1.52,4267000320,4267000000.0,78640791575.7,82779750000.0
2024-09-05,INTC,19.43,19.76,20.05,19.28,20.1,85871875,1686644189.1125,19.64,2.01,4267000320,4267000000.0,78762397031.17,82907750000.0
2024-09-04,INTC,20.1,21.54,21.69,19.99,22.04,114490690,2348444596.8397,20.51,2.68,4267000320,4267000000.0,81478399485.95,85766688000.0
2024-08-31,INTC,22.04,21.25,22.12,21.0,20.13,177785380,3876487005.6317,21.8,4.17,4267000320,4267000000.0,89342428378.26,94044625000.0
2024-08-30,INTC,20.13,19.76,20.6,19.75,19.61,64529661,1306267797.3052,20.24,1.51,4267000320,4267000000.0,81600000887.77,85894688000.0
2024-08-29,INTC,19.61,19.98,20.11,19.51,20.07,49239887,968799454.5143,19.68,1.15,4267000320,4267000000.0,79492086515.09,83675810000.0
2024-08-28,INTC,20.07,20.13,20.26,19.84,20.13,43862016,880455581.2209,20.07,1.03,4267000320,4267000000.0,81356794030.48,85638688000.0
2024-08-27,INTC,20.13,20.53,20.56,19.95,20.54,58534793,1182209770.8527,20.2,1.37,4267000320,4267000000.0,81600000887.77,85894688000.0
2024-08-24,INTC,20.54,20.32,20.93,20.26,20.1,73398438,1508499450.862,20.55,1.72,4267000320,4267000000.0,83261952922.26,87644063000.0
2024-08-23,INTC,20.1,21.39,21.4,20.04,21.41,81444688,1669347743.753,20.5,1.91,4267000320,4267000000.0,81478399485.95,85766690000.0
2024-08-22,INTC,21.41,21.07,21.44,21.07,20.99,57028872,1213819734.3673,21.28,1.34,4267000320,4267000000.0,86788669223.24,91356438000.0
2024-08-21,INTC,20.99,21.21,21.23,20.82,21.52,82772188,1740070045.0112,21.02,1.94,4267000320,4267000000.0,85086144202.86,89564313000.0
2024-08-20,INTC,21.52,20.89,21.86,20.84,20.87,65392887,1394705706.2603,21.33,1.53,4267000320,4267000000.0,87234574810.33,91825810000.0
2024-08-17,INTC,20.87,20.53,20.9,20.41,20.69,48582665,1007589945.8832,20.74,1.14,4267000320,4267000000.0,84599665629.88,89052188000.0
2024-08-16,INTC,20.69,20.32,21.06,20.23,19.92,84201438,1736503096.1616,20.62,1.97,4267000320,4267000000.0,83870036950.71,88284190000.0
2024-08-15,INTC,19.92,20.49,20.5,19.79,20.47,56054645,1121036452.9725,20.0,1.31,4267000320,4267000000.0,80748710002.03,84998630000.0
2024-08-14,INTC,20.47,19.48,20.48,19.47,19.36,74151563,1494138867.5311,20.15,1.74,4267000320,4267000000.0,82978229830.18,87345438000.0
2024-08-13,INTC,19.36,19.87,19.97,19.0,19.71,53777270,1047957660.49,19.49,1.26,4267000320,4267000000.0,78478673939.09,82609063000.0
2024-08-10,INTC,19.71,20.08,20.15,19.5,20.49,75781625,1497437559.1824,19.76,1.78,4267000320,4267000000.0,79897475867.39,84102563000.0
2024-08-09,INTC,20.49,19.1,20.55,18.84,18.99,95664625,1903897755.5019,19.9,2.24,4267000320,4267000000.0,83059319050.86,87430813000.0
2024-08-08,INTC,18.99,19.92,20.25,18.95,19.71,96171313,1885670075.7154,19.61,2.25,4267000320,4267000000.0,76978843594.86,81030313000.0
2024-08-07,INTC,19.71,20.19,20.5,19.63,19.98,106670380,2134218188.2176,19.88,2.5,4267000320,4267000000.0,80383893635.62,84614560000.0
2024-08-06,INTC,20.11,20.2,20.39,19.29,21.48,146436000,2926655398.836,19.99,3.43,4267000320,4267000000.0,81518911667.09,85809313000.0
2024-08-03,INTC,21.48,21.94,21.98,20.42,29.05,300895940,6360999748.9961,21.14,7.05,4267000320,4267000000.0,87072392315.32,91655130000.0
2024-08-02,INTC,29.05,30.43,30.71,28.89,30.74,88659375,2613634754.5875,29.48,2.08,4257000960,4257000000.0,117482600170.2,123665820000.0
2024-08-01,INTC,30.74,30.54,30.87,30.28,30.13,56110610,1720244524.1092,30.66,1.32,4257000960,4257000000.0,124317223299.79,130860200000.0
2024-07-31,INTC,30.13,30.85,30.91,30.01,30.83,48256629,1462045710.5716,30.3,1.13,4257000960,4257000000.0,121850287199.32,128263400000.0
2024-07-30,INTC,30.83,31.42,31.47,30.79,31.35,32120028,996661888.4603,31.03,0.75,4257000960,4257000000.0,124681180705.26,131243320000.0
2024-07-27,INTC,31.35,31.43,31.56,31.02,31.1,38260833,1197824016.9994,31.31,0.9,4257000960,4257000000.0,126784159400.26,133456940000.0
2024-07-26,INTC,31.1,31.37,31.99,30.95,31.7,49774032,1561964074.6913,31.38,1.17,4257000960,4257000000.0,125773121672.26,132392750000.0
2024-07-25,INTC,31.7,32.54,32.8,31.66,32.95,62216668,1990398001.5719,31.99,1.46,4257000960,4257000000.0,128199571777.95,134946900000.0
2024-07-24,INTC,32.95,32.96,33.23,32.83,33.37,29466375,972440291.0393,33.0,0.69,4257000960,4257000000.0,133254760417.95,140268100000.0
2024-07-23,INTC,33.37,33.28,33.41,32.76,32.98,48503750,1608243931.6437,33.16,1.14,4257000960,4257000000.0,134953299756.84,142056100000.0
2024-07-20,INTC,32.98,34.57,34.58,32.85,34.87,69628625,2311433264.5319,33.2,1.64,4257000960,4257000000.0,133376080901.16,140395800000.0
2024-07-19,INTC,34.87,34.96,36.3,34.53,34.46,84188625,2983105557.6683,35.43,1.98,4257000960,4257000000.0,141019526124.84,148441600000.0
2024-07-18,INTC,34.46,36.08,37.16,34.4,34.34,112304190,3975175261.335,35.4,2.64,4257000960,4257000000.0,139361468736.58,146696300000.0
2024-07-17,INTC,34.34,34.36,34.45,33.84,34.46,28409907,970820671.4727,34.17,0.67,4257000960,4257000000.0,138876130185.63,146185400000.0
2024-07-16,INTC,34.46,34.7,35.23,34.31,34.49,39847918,1381128997.2717,34.66,0.94,4257000960,4257000000.0,139361468736.58,146696300000.0
2024-07-13,INTC,34.49,33.77,35.48,33.77,33.5,62792645,2181617109.8008,34.74,1.48,4257000960,4257000000.0,139482789219.79,146823900000.0
2024-07-12,INTC,33.5,35.03,35.15,33.31,34.87,55213668,1865896107.3315,33.79,1.3,4257000960,4257000000.0,135479055552.0,142609500000.0
2024-07-11,INTC,34.87,34.44,34.97,34.13,34.59,52256196,1812501298.4338,34.68,1.23,4257000960,4257000000.0,141019526124.84,148441600000.0
2024-07-10,INTC,34.59,35.02,35.22,33.72,33.99,97788813,3359867054.7904,34.36,2.3,4257000960,4257000000.0,139887167913.63,147249600000.0
2024-07-09,INTC,33.99,33.03,34.09,32.82,32.02,82315938,2769856735.4602,33.65,1.93,4257000960,4257000000.0,137460713763.79,144695400000.0
2024-07-06,INTC,32.02,31.4,32.34,31.31,31.23,45309446,1445624788.4409,31.91,1.06,4257000960,4257000000.0,129493732422.99,136309100000.0
2024-07-04,INTC,31.23,31.12,31.34,30.91,31.07,24065672,749773327.1243,31.16,0.57,4257000960,4257000000.0,126298816805.16,132946100000.0
2024-07-03,INTC,31.07,30.86,31.31,30.59,30.84,35999282,1113602005.3837,30.93,0.85,4257000960,4257000000.0,125651801189.05,132265000000.0
2024-07-02,INTC,30.84,30.91,31.02,30.61,30.97,32401762,998256197.3312,30.81,0.76,4257000960,4257000000.0,124721601993.63,131285900000.0
2024-06-29,INTC,30.97,30.75,31.31,30.72,30.59,41467676,1285460635.0916,31.0,0.97,4257000960,4257000000.0,125247361832.94,131839300000.0
2024-06-28,INTC,30.59,30.42,30.66,30.29,30.54,30184278,921311819.7033,30.52,0.71,4257000960,4257000000.0,123710564265.63,130221600000.0
2024-06-27,INTC,30.54,30.64,30.68,30.27,30.74,30742985,936788064.6979,30.47,0.72,4257000960,4257000000.0,123508344587.57,130008800000.0
2024-06-26,INTC,30.74,30.7,30.83,30.29,30.57,29498583,904839416.9477,30.67,0.69,4257000960,4257000000.0,124317223299.79,130860200000.0
2024-06-25,INTC,30.57,31.14,31.42,30.53,31.09,40611793,1249181999.0073,30.76,0.95,4257000960,4257000000.0,123629725733.05,130136500000.0
2024-06-22,INTC,31.09,30.85,31.36,30.67,30.62,92549000,2876358135.7,31.08,2.17,4257000960,4257000000.0,125732639721.63,132350100000.0
2024-06-21,INTC,30.62,30.56,31.11,30.45,30.63,43826321,1348952071.9142,30.78,1.03,4257000960,4257000000.0,123831884748.84,130349300000.0
2024-06-19,INTC,30.63,30.99,31.47,30.5,30.98,33294750,1024952076.4763,30.78,0.78,4257000960,4257000000.0,123872362655.31,130391900000.0
2024-06-18,INTC,30.98,30.34,31.0,30.18,30.45,36235317,1110478467.8477,30.65,0.85,4257000960,4257000000.0,125287779077.16,131881800000.0
2024-06-15,INTC,30.45,30.29,30.56,30.21,30.46,28125887,854152165.3366,30.37,0.66,4257000960,4257000000.0,123144383137.95,129625600000.0
2024-06-14,INTC,30.46,30.38,30.58,30.14,30.76,33787161,1026900076.8538,30.39,0.79,4257000960,4257000000.0,123184865088.58,129668300000.0
2024-06-13,INTC,30.76,31.46,31.48,30.39,30.92,51323938,1583497305.1422,30.85,1.21,4257000960,4257000000.0,124398061832.37,130945300000.0
2024-06-12,INTC,30.92,30.77,31.03,30.53,30.91,25326852,781373755.2021,30.85,0.59,4257000960,4257000000.0,125045142154.89,131626400000.0
2024-06-11,INTC,30.91,30.55,30.95,30.29,30.74,37445809,1149867367.0965,30.71,0.88,4257000960,4257000000.0,125004720866.52,131583900000.0
2024-06-08,INTC,30.74,30.25,30.78,30.21,30.42,34085532,1042737675.581,30.59,0.8,4257000960,4257000000.0,124317223299.79,130860200000.0
2024-06-07,INTC,30.42,30.55,30.59,30.16,30.78,34248118,1041153061.6354,30.4,0.8,4257000960,4257000000.0,123023066698.89,129497900000.0
2024-06-06,INTC,30.78,30.27,30.84,30.01,30.03,44161657,1351094982.7551,30.59,1.04,4257000960,4257000000.0,124478961027.21,131030400000.0
2024-06-05,INTC,30.03,30.75,30.75,29.94,30.29,51027180,1537561346.2775,30.13,1.2,4257000960,4257000000.0,121445847843.21,127837700000.0
2024-06-04,INTC,30.29,31.03,31.07,30.05,30.85,35544895,1078616947.754,30.35,0.83,4257000960,4257000000.0,122497306859.57,128944400000.0
2024-06-01,INTC,30.85,30.22,30.96,29.94,30.19,95797500,2929037589.1425,30.58,2.25,4257000960,4257000000.0,124762083944.26,131328400000.0
2024-05-31,INTC,30.19,30.21,30.5,30.06,30.13,33382758,1010529367.2697,30.27,0.78,4257000960,4257000000.0,122092928165.73,128518800000.0
2024-05-30,INTC,30.13,30.47,30.67,30.11,31.06,35848610,1087284613.0446,30.33,0.84,4257000960,4257000000.0,121850287199.31,128263400000.0
2024-05-29,INTC,31.06,30.94,31.37,30.66,30.72,36799149,1143246521.8128,31.07,0.86,4257000960,4257000000.0,125611319238.42,132222400000.0
2024-05-25,INTC,30.72,30.29,31.02,30.13,30.08,42434489,1302976318.1349,30.71,1.0,4257000960,4257000000.0,124236324104.94,130775000000.0
2024-05-24,INTC,30.08,31.45,31.57,29.87,31.42,62014547,1881558998.81,30.34,1.46,4257000960,4257000000.0,121648067521.26,128050600000.0
2024-05-23,INTC,31.42,31.91,32.07,31.1,31.74,36706434,1158690235.1626,31.57,0.86,4257000960,4257000000.0,127067217610.89,133754900000.0
2024-05-22,INTC,31.74,31.98,32.24,31.62,32.1,42975364,1365430455.1536,31.77,1.01,4257000960,4257000000.0,128361374211.79,135117200000.0
2024-05-21,INTC,32.1,31.85,32.42,31.76,31.83,31989000,1027800396.123,32.13,0.75,4257000960,4257000000.0,129817272584.26,136649700000.0
2024-05-18,INTC,31.83,32.06,32.11,31.59,32.03,41449778,1319885405.2033,31.84,0.97,4257000960,4257000000.0,128725331617.26,135500300000.0
2024-05-17,INTC,32.03,31.63,32.26,31.52,31.27,47752829,1524069883.0567,31.92,1.12,4257000960,4257000000.0,129534149667.21,136351700000.0
2024-05-16,INTC,31.27,31.38,31.4,30.81,31.05,36992926,1151737869.0628,31.13,0.87,4257000960,4257000000.0,126460619238.99,133116400000.0
2024-05-15,INTC,31.05,30.62,31.11,30.61,30.51,47759856,1475746500.5796,30.9,1.12,4257000960,4257000000.0,125570901994.2,132179900000.0
2024-05-14,INTC,30.51,30.03,31.13,30.0,29.85,51459145,1580711930.1176,30.72,1.21,4257000960,4257000000.0,123387024104.37,129881000000.0
2024-05-11,INTC,29.85,30.33,30.46,29.84,30.09,42931290,1291415876.9023,30.08,1.01,4257000960,4257000000.0,120717933032.26,127071400000.0
2024-05-10,INTC,30.09,29.93,30.39,29.81,30.0,45003403,1355178158.8346,30.11,1.06,4257000960,4257000000.0,121688488809.63,128093100000.0
2024-05-09,INTC,30.0,30.0,30.15,29.73,30.68,63734598,1906652175.2652,29.92,1.5,4257000960,4257000000.0,121324527360.0,127710000000.0
2024-05-08,INTC,30.68,31.09,31.45,30.61,30.97,44683403,1383894142.6533,30.97,1.05,4257000960,4257000000.0,124074521671.1,130604700000.0
2024-05-07,INTC,30.97,31.12,31.2,30.73,30.78,36185571,1119046092.6603,30.93,0.85,4257000960,4257000000.0,125247361832.94,131839300000.0
2024-05-04,INTC,30.78,30.85,30.93,30.58,30.39,36794829,1135996007.6061,30.75,0.86,4257000960,4257000000.0,124964238915.89,131541300000.0
2024-05-03,INTC,30.39,30.47,30.55,30.07,30.25,50899442,1547821186.1581,30.29,1.2,4257000960,4257000000.0,123387024104.37,129881000000.0
2024-05-02,INTC,30.25,30.05,30.91,29.9,30.35,60654762,1843868311.288,30.28,1.42,4257000960,4257000000.0,122820847020.84,129285100000.0
2024-05-01,INTC,30.35,30.91,31.05,30.3,31.23,72346375,2223268926.102,30.61,1.7,4257000960,4257000000.0,123225286376.94,129710800000.0
2024-04-30,INTC,31.23,31.73,31.78,30.94,31.75,58533266,1835907828.8763,31.24,1.37,4257000960,4257000000.0,126824576644.47,133499500000.0
2024-04-27,INTC,31.75,31.65,32.11,30.52,34.97,119742500,3778091890.47,31.42,2.81,4257000960,4257000000.0,128927551295.31,135713100000.0
2024-04-26,INTC,34.97,34.42,35.15,34.36,34.36,66549375,2325814142.0625,34.81,1.56,4257000960,4257000000.0,141990142564.47,149463300000.0
2024-04-25,INTC,34.36,34.72,35.04,34.2,34.14,53261098,1848170539.7752,34.56,1.25,4257000960,4257000000.0,139523206464.0,146866500000.0
2024-04-24,INTC,34.14,34.2,34.46,34.04,34.27,46834043,1609620818.0881,34.23,1.1,4257000960,4257000000.0,138633489219.21,145929900000.0
2024-04-23,INTC,34.27,34.28,34.43,33.94,34.06,39909926,1371057855.2784,34.21,0.94,4257000960,4257000000.0,139159249058.52,146483400000.0
2024-04-20,INTC,34.06,34.99,34.99,34.04,34.9,59070309,2035775087.7602,34.32,1.39,4257000960,4257000000.0,138309949057.95,145589400000.0
2024-04-19,INTC,34.9,35.28,35.52,34.63,35.54,42334395,1488053730.2436,35.01,0.99,4256872960,4256872000.0,141702762828.3,149160800000.0
2024-04-18,INTC,35.54,35.95,35.98,35.23,36.11,41173344,1470921749.3877,35.58,0.97,4256872960,4256872000.0,144290937543.95,151885100000.0
2024-04-17,INTC,36.11,36.12,36.36,35.62,36.16,30607504,1108747680.7563,36.08,0.72,4256872960,4256872000.0,146636482632.97,154354100000.0
2024-04-16,INTC,36.16,35.89,36.55,35.74,35.55,50751563,1843134515.4131,36.17,1.19,4256872960,4256872000.0,146838696230.66,154567000000.0
2024-04-13,INTC,35.55,36.54,36.55,35.46,37.48,80254813,2888154433.149,35.84,1.89,4256872960,4256872000.0,144331418277.37,151927800000.0
2024-04-12,INTC,37.48,37.28,37.52,36.93,37.05,41909086,1568183600.1264,37.27,0.98,4256872960,4256872000.0,152176843230.71,160186100000.0
2024-04-11,INTC,37.05,37.87,38.07,36.87,38.17,51108379,1910830005.7013,37.24,1.2,4256872960,4256872000.0,150437878274.31,158355600000.0
2024-04-10,INTC,38.17,37.9,38.42,37.17,37.83,78783000,2994203614.581,37.85,1.85,4256872960,4256872000.0,155007651617.02,163165900000.0
2024-04-09,INTC,37.83,38.48,38.7,37.76,38.55,56967790,2176374605.0762,38.05,1.34,4256872960,4256872000.0,153592217093.64,161676000000.0
2024-04-06,INTC,38.55,39.19,39.3,38.35,39.57,67263063,2606854264.9866,38.6,1.58,4256872960,4256872000.0,156544402975.73,164783500000.0
2024-04-05,INTC,39.57,40.43,40.61,39.54,40.17,57307235,2305390292.3789,40.07,1.35,4256872960,4256872000.0,160669268389.64,169125500000.0
2024-04-04,INTC,40.17,41.23,41.48,40.06,43.76,83718000,3413701911.6,40.61,1.97,4256872960,4256872000.0,163095710241.02,171679600000.0
2024-04-03,INTC,43.76,43.75,43.9,43.32,44.34,32748360,1435327706.6982,43.65,0.77,4256872960,4256872000.0,177694660101.37,187046900000.0
2024-04-02,INTC,44.34,44.11,45.23,44.0,43.99,31712594,1414423045.6226,44.42,0.74,4256872960,4256872000.0,180040205190.39,189515900000.0
2024-03-29,INTC,43.99,43.58,44.42,43.53,43.59,54204196,2397533274.8034,44.05,1.27,4256872960,4256872000.0,178624770667.01,188026000000.0
2024-03-28,INTC,43.59,42.37,43.65,42.33,41.82,51017829,2210872772.0102,43.16,1.2,4256872960,4256872000.0,177007183206.39,186323300000.0
2024-03-27,INTC,41.82,41.78,42.09,41.49,41.66,39109653,1643109705.8658,41.84,0.92,4256872960,4256872000.0,169808815075.06,178746100000.0
2024-03-26,INTC,41.66,40.72,42.04,40.41,42.4,47276532,1968542835.5713,41.47,1.11,4256872960,4256872000.0,169161754209.02,178064900000.0
2024-03-23,INTC,42.4,42.08,42.63,41.92,42.25,28503059,1210020468.5918,42.28,0.67,4256872960,4256872000.0,172154360164.07,181215100000.0
2024-03-22,INTC,42.25,42.82,43.42,42.15,42.03,50807594,2179300494.1912,42.72,1.19,4256872960,4256872000.0,171547719371.01,180576500000.0
2024-03-21,INTC,42.03,42.82,42.84,41.24,41.88,74865000,3147841617.69,41.88,1.76,4256872960,4256872000.0,170658024834.31,179639900000.0
2024-03-20,INTC,41.88,42.08,42.12,41.27,42.54,34672950,1452720220.4911,41.73,0.81,4256872960,4256872000.0,170051448745.72,179001500000.0
2024-03-19,INTC,42.54,42.92,43.2,42.42,42.47,27668282,1185358920.7828,42.67,0.65,4256872960,4256872000.0,172720520223.73,181811000000.0
2024-03-16,INTC,42.47,42.28,42.98,42.18,42.58,66952875,2858084595.8115,42.52,1.57,4256872960,4256872000.0,172437409863.68,181513000000.0
2024-03-15,INTC,42.58,43.06,43.17,42.34,43.06,38100016,1631099975.4761,42.64,0.9,4256872960,4256872000.0,172882253088.0,181981300000.0
2024-03-14,INTC,43.06,44.33,44.8,43.03,45.06,53195934,2330604673.9993,43.63,1.25,4256872960,4256872000.0,174823370981.64,184024600000.0
2024-03-13,INTC,45.06,44.88,45.08,44.28,44.68,31795833,1432828372.608,44.88,0.75,4256872960,4256872000.0,182951910339.06,192580900000.0
2024-03-12,INTC,44.68,43.69,44.75,43.48,43.82,35050985,1562681569.3535,44.4,0.82,4256872960,4256872000.0,181415158980.35,190963300000.0
2024-03-09,INTC,43.82,46.25,46.44,43.82,45.96,54916598,2461620469.7034,44.64,1.3,4227998720,4227998000.0,176730346496.0,186031900000.0
2024-03-08,INTC,45.96,45.37,46.23,45.0,44.33,50378153,2318382852.824,45.83,1.19,4227998720,4227998000.0,185366009782.01,195122100000.0
2024-03-07,INTC,44.33,43.75,45.32,43.38,42.99,52652047,2347090991.3735,44.4,1.25,4227998720,4227998000.0,178778791792.85,188188100000.0
2024-03-06,INTC,42.99,44.38,44.69,42.52,45.43,56655137,2460634239.2258,43.26,1.34,4227998720,4227998000.0,173356419583.84,182480400000.0
2024-03-05,INTC,45.43,44.09,46.42,43.67,43.64,59990813,2733685723.0541,45.38,1.42,4227998720,4227998000.0,183197074554.84,192838900000.0
2024-03-02,INTC,43.64,43.23,44.09,42.96,42.88,41426071,1814134602.413,43.61,0.98,4227998720,4227998000.0,176007390847.67,185270900000.0
2024-03-01,INTC,42.88,42.2,42.98,42.18,41.82,48875122,2097187692.9107,42.74,1.16,4227998720,4227998000.0,172914593717.6,182015300000.0
2024-02-29,INTC,41.82,42.27,42.28,41.74,42.56,26928469,1133828438.2965,41.93,0.64,4227998720,4227998000.0,168657007039.75,177533600000.0
2024-02-28,INTC,42.56,43.08,43.09,42.34,42.82,25126372,1075293014.6569,42.62,0.59,4227998720,4227998000.0,171629249973.92,180662300000.0
2024-02-27,INTC,42.82,43.32,43.5,42.65,42.82,27035379,1165430438.9573,42.93,0.64,4227998720,4227998000.0,172673605823.75,181761600000.0
2024-02-24,INTC,42.82,42.95,43.33,42.49,42.81,33810715,1455703598.0211,42.88,0.8,4227998720,4227998000.0,172673605823.75,181761600000.0
2024-02-23,INTC,42.81,44.5,44.5,42.36,43.29,62809317,2708909627.8713,42.95,1.49,4227998720,4227998000.0,172633399669.92,181719300000.0
2024-02-22,INTC,43.29,44.3,44.51,42.91,44.34,57714969,2519800571.2688,43.48,1.37,4227998720,4227998000.0,174601557173.68,183791100000.0
2024-02-21,INTC,44.34,44.08,44.99,43.24,43.33,61514137,2718758582.6877,44.02,1.45,4227998720,4227998000.0,178818997946.67,188230400000.0
2024-02-17,INTC,43.33,43.85,44.04,42.95,43.87,29975301,1307396703.3805,43.44,0.71,4227998720,4227998000.0,174762193008.85,183960100000.0
2024-02-16,INTC,43.87,44.57,45.09,43.84,44.01,44024508,1959931694.2253,44.34,1.04,4227998720,4227998000.0,176931192501.6,186243300000.0
2024-02-15,INTC,44.01,43.64,44.11,43.21,42.99,36186235,1593732110.2426,43.86,0.86,4227998720,4227998000.0,177493512314.76,186835300000.0
2024-02-14,INTC,42.99,42.83,43.45,42.59,43.85,36622235,1581417726.1687,43.01,0.87,4227998720,4227998000.0,173356419583.84,182480400000.0
2024-02-13,INTC,43.85,43.21,44.86,43.14,43.13,51107348,2264924443.5307,44.14,1.21,4227998720,4227998000.0,176850840442.92,186158800000.0
2024-02-10,INTC,43.13,42.38,43.34,42.22,42.33,51192958,2210506909.5301,43.01,1.21,4227998720,4227998000.0,173958885301.84,183114600000.0
2024-02-09,INTC,42.33,42.55,42.8,42.16,42.61,33206469,1413639166.6799,42.4,0.79,4227998720,4227998000.0,170705448320.0,179689900000.0
2024-02-08,INTC,42.61,42.72,42.92,42.38,42.57,34269247,1467213856.1013,42.64,0.81,4227998720,4227998000.0,171830091962.92,180873700000.0
2024-02-07,INTC,42.57,42.53,42.61,41.97,42.47,34068215,1449704548.4857,42.38,0.81,4227998720,4227998000.0,171669456127.75,180704600000.0
2024-02-06,INTC,42.47,42.32,42.85,42.13,42.3,28890266,1236939454.475,42.52,0.68,4227998720,4227998000.0,171789950074.67,180831500000.0
2024-02-03,INTC,42.3,42.7,42.84,41.31,43.06,53683500,2276158819.233,42.1,1.27,4227998720,4227998000.0,171107136314.59,180112800000.0
2024-02-02,INTC,43.06,42.85,43.27,42.19,42.78,38819856,1674024574.2031,42.82,0.92,4227998720,4227998000.0,174159727290.84,183326000000.0
2024-02-01,INTC,42.78,42.27,43.48,42.07,42.62,51584247,2214486189.5077,42.63,1.22,4227998720,4227998000.0,173035083647.92,182142100000.0
2024-01-31,INTC,42.62,43.37,43.52,42.59,43.54,47958762,2067962585.9764,42.82,1.13,4227998720,4227998000.0,172392415792.68,181465600000.0
2024-01-30,INTC,43.54,43.41,43.68,42.51,43.35,51790864,2246149003.5435,43.07,1.22,4227998720,4227998000.0,176087678640.76,185355400000.0
2024-01-27,INTC,43.35,43.87,45.09,43.05,49.21,127665320,5597102448.7787,43.54,3.02,4227998720,4227998000.0,175324512822.01,184552100000.0
2024-01-26,INTC,49.21,49.65,49.95,48.63,48.75,84845063,4209605109.1379,49.27,2.01,4227998720,4227998000.0,199022485813.6,209497300000.0
2024-01-25,INTC,48.75,48.83,49.42,47.93,48.55,49375836,2425499066.9952,48.78,1.17,4227998720,4227998000.0,197174822256.76,207552400000.0
2024-01-24,INTC,48.55,47.79,48.6,46.99,47.88,37224141,1799962394.1575,48.02,0.88,4227998720,4227998000.0,196371514549.76,206706800000.0
2024-01-23,INTC,47.88,48.51,48.83,47.31,47.82,45639520,2199025989.8419,47.85,1.08,4227998720,4227998000.0,193680401397.68,203874100000.0
2024-01-20,INTC,47.82,46.67,48.42,46.12,46.41,55979797,2683744241.9161,47.61,1.32,4227998720,4227998000.0,193399207350.01,203578100000.0
2024-01-19,INTC,46.41,46.7,47.24,45.85,45.74,46681348,2188575689.3697,46.56,1.1,4227998720,4227998000.0,187735851263.75,197616600000.0
2024-01-18,INTC,45.74,46.09,46.09,45.33,46.73,33488016,1539263260.2336,45.64,0.79,4227998720,4227998000.0,185004531957.84,194741600000.0
2024-01-17,INTC,46.73,46.65,46.89,46.06,46.79,43720665,2049791132.3303,46.56,1.03,4227998720,4227998000.0,189021130741.84,198969600000.0
2024-01-13,INTC,46.79,47.27,47.34,46.29,47.31,27587903,1298504714.7895,46.74,0.65,4227998720,4227998000.0,189262118635.68,199223300000.0
2024-01-12,INTC,47.31,47.11,47.51,46.4,47.14,31707883,1500134728.2777,46.98,0.75,4227998720,4227998000.0,191350766069.76,201421800000.0
2024-01-11,INTC,47.14,47.9,47.96,46.61,47.72,31480188,1493738194.5396,47.12,0.74,4227998720,4227998000.0,190667952309.68,200703100000.0
2024-01-10,INTC,47.72,47.68,48.22,47.46,48.11,30097004,1448430266.0106,47.79,0.71,4227998720,4227998000.0,192997587637.6,203155300000.0
2024-01-09,INTC,48.11,46.74,48.42,46.64,46.56,42135129,2034102678.5248,47.94,1.0,4227998720,4227998000.0,194604199035.0,204846400000.0
2024-01-06,INTC,46.56,46.7,47.5,46.31,46.54,34344032,1617871928.0257,46.78,0.81,4227998720,4227998000.0,188338316981.76,198250800000.0
2024-01-05,INTC,46.54,45.4,46.83,44.93,46.72,47797813,2231522490.7718,46.36,1.13,4227998720,4227998000.0,188257968939.68,198166200000.0
2024-01-04,INTC,46.72,46.77,47.48,46.47,47.47,35858434,1690269725.1298,46.81,0.85,4227998720,4227998000.0,188980988853.6,198927300000.0
2024-01-03,INTC,47.47,48.86,49.04,47.12,49.9,45905727,2206982139.4485,47.74,1.09,4227998720,4227998000.0,191993437941.6,202098300000.0
2023-12-30,INTC,49.9,49.95,50.22,49.42,50.04,29288708,1471821953.5802,49.9,0.69,4216000000,4216000000.0,201261300000.0,211853900000.0
2023-12-29,INTC,50.04,50.46,50.52,49.81,50.41,27705235,1397767920.7842,50.1,0.66,4216000000,4216000000.0,201822028000.0,212444200000.0
2023-12-28,INTC,50.41,50.28,50.92,49.84,50.15,52148040,2643556183.984,50.34,1.24,4216000000,4216000000.0,203303931974.0,214004100000.0
2023-12-27,INTC,50.15,48.58,50.16,48.37,47.67,60287407,3009643877.5786,49.57,1.43,4216000000,4216000000.0,202262600000.0,212907900000.0
2023-12-23,INTC,47.67,46.92,47.82,46.87,46.75,30095727,1441597542.1652,47.57,0.71,4216000000,4216000000.0,192249600000.0,202368000000.0
2023-12-22,INTC,46.75,46.16,46.79,45.7,45.44,28320465,1323817536.6939,46.42,0.67,4216000000,4216000000.0,188564824010.4,198489300000.0
2023-12-21,INTC,45.44,46.32,46.62,45.38,46.34,38159137,1761215736.03,45.83,0.91,4216000000,4216000000.0,183277931974.0,192924100000.0
2023-12-20,INTC,46.34,45.28,46.36,45.19,45.37,35358770,1638588941.5097,46.02,0.84,4216000000,4216000000.0,186882648020.8,196718500000.0
2023-12-19,INTC,45.37,45.83,45.91,45.08,45.84,27895653,1278131369.9542,45.5,0.66,4216000000,4216000000.0,182997600015.6,192629000000.0
2023-12-16,INTC,45.84,45.62,46.94,45.35,44.87,84583375,3914087473.5376,45.95,2.01,4216000000,4216000000.0,184880048020.8,194610500000.0
2023-12-15,INTC,44.87,44.7,46.74,44.34,44.26,70620750,3220843270.8038,45.29,1.68,4216000000,4216000000.0,180954907963.6,190478800000.0
2023-12-14,INTC,44.26,43.77,44.41,43.03,43.73,35216051,1557725635.0873,43.93,0.84,4216000000,4216000000.0,178511796041.6,187907100000.0
2023-12-13,INTC,43.73,44.05,44.13,43.33,44.23,31452165,1384178423.8415,43.7,0.75,4216000000,4216000000.0,176388983968.8,185672600000.0
2023-12-12,INTC,44.23,42.86,44.42,42.78,42.4,48288157,2139957618.8919,44.01,1.15,4216000000,4216000000.0,178391583968.8,187780600000.0
2023-12-09,INTC,42.4,41.55,42.66,41.52,41.86,42814961,1826238166.376,42.36,1.02,4216000000,4216000000.0,171022027984.4,180023100000.0
2023-12-08,INTC,41.86,41.46,42.14,40.89,40.98,29118696,1223215415.2919,41.72,0.69,4216000000,4216000000.0,168819155968.8,177704300000.0
2023-12-07,INTC,40.98,42.18,42.29,40.88,41.63,31992262,1329227330.4731,41.26,0.76,4216000000,4216000000.0,165294624026.0,173994300000.0
2023-12-06,INTC,41.63,41.62,42.0,41.32,42.06,31859317,1335778295.7265,41.64,0.76,4216000000,4216000000.0,167897979994.8,176734700000.0
2023-12-05,INTC,42.06,43.0,43.01,41.4,43.44,50417586,2131005451.7261,41.97,1.2,4216000000,4216000000.0,169620248036.4,178547600000.0
2023-12-02,INTC,43.44,44.05,44.05,42.56,44.39,43928372,1915874532.9159,43.31,1.04,4216000000,4216000000.0,175187472031.2,184407800000.0
2023-12-01,INTC,44.39,44.34,44.78,44.1,44.63,46262973,2068167980.3536,44.39,1.1,4216000000,4216000000.0,179032427984.4,188455100000.0
2023-11-30,INTC,44.63,44.29,45.02,44.29,43.92,38982028,1755688442.7494,44.73,0.92,4216000000,4216000000.0,179993700015.6,189467000000.0
2023-11-29,INTC,43.92,43.39,44.07,43.36,43.77,24548875,1082656866.4909,43.8,0.58,4216000000,4216000000.0,177149979979.2,186473600000.0
2023-11-28,INTC,43.77,43.35,44.24,43.35,43.65,33339938,1471824802.9282,43.84,0.79,4216000000,4216000000.0,176549224010.4,185841300000.0
2023-11-25,INTC,43.65,43.38,43.69,43.31,43.37,13037106,570864951.5817,43.48,0.31,4216000000,4216000000.0,176068620036.4,185335300000.0
2023-11-23,INTC,43.37,43.72,44.32,43.24,43.34,31490547,1383584197.8317,43.63,0.75,4216000000,4216000000.0,174907079994.8,184112700000.0
2023-11-22,INTC,43.34,44.19,44.35,43.0,44.43,37252055,1628626355.0026,43.42,0.88,4216000000,4216000000.0,174786928000.0,183986200000.0
2023-11-21,INTC,44.43,43.48,44.62,43.48,43.51,44596395,1987152658.6686,44.25,1.06,4216000000,4216000000.0,179192672031.2,188623800000.0
2023-11-18,INTC,43.51,42.61,43.51,42.26,43.05,49749723,2153635609.0865,42.99,1.18,4216000000,4216000000.0,175467803989.6,184702900000.0
2023-11-17,INTC,43.05,40.71,43.09,40.54,40.33,86405688,3679456355.7309,42.29,2.05,4216000000,4216000000.0,173625448036.4,182763600000.0
2023-11-16,INTC,40.33,39.31,40.56,39.3,39.14,47392145,1915903573.4099,40.15,1.12,4216000000,4216000000.0,162651176005.2,171211700000.0
2023-11-15,INTC,39.14,38.53,39.22,37.81,37.96,45457364,1777696770.0411,38.83,1.08,4216000000,4216000000.0,157844948020.8,166152500000.0
2023-11-14,INTC,37.96,38.08,38.3,37.87,38.59,24558262,940885809.6992,38.05,0.58,4216000000,4216000000.0,153118779979.2,161177600000.0
2023-11-11,INTC,38.59,37.97,38.72,37.97,37.54,38871278,1507618513.4884,38.52,0.92,4216000000,4216000000.0,155642076005.2,163833700000.0
2023-11-10,INTC,37.54,37.79,38.25,37.51,37.66,48955770,1859746330.6237,37.72,1.16,4216000000,4216000000.0,151396576020.8,159364800000.0
2023-11-09,INTC,37.66,38.58,38.62,37.49,38.5,33483360,1273509596.5094,37.77,0.79,4216000000,4216000000.0,151877179994.8,159870700000.0
2023-11-08,INTC,38.5,37.97,38.63,37.72,37.69,32052040,1239151065.572,38.39,0.76,4216000000,4216000000.0,155281624026.0,163454300000.0
2023-11-07,INTC,37.69,37.76,37.93,37.59,37.75,23877204,907651462.0764,37.75,0.57,4216000000,4216000000.0,151997327984.4,159997100000.0
2023-11-04,INTC,37.75,37.61,37.93,37.28,37.32,30502743,1161995985.5446,37.71,0.72,4216000000,4216000000.0,152758328000.0,160798200000.0
2023-11-03,INTC,37.32,37.2,37.43,36.53,36.91,35439965,1328520106.2126,37.1,0.84,4216000000,4216000000.0,150996027984.4,158943100000.0
2023-11-02,INTC,36.91,36.13,36.93,35.91,36.13,41710704,1544197291.1813,36.64,0.99,4216000000,4216000000.0,149353883968.8,157214600000.0
2023-11-01,INTC,36.13,35.3,36.2,35.26,35.33,41185208,1493449610.7136,35.89,0.98,4216000000,4216000000.0,146189800000.0,153883900000.0
2023-10-31,INTC,35.33,35.1,35.59,34.56,35.18,36656266,1302261759.3897,35.16,0.87,4216000000,4216000000.0,142945600015.6,150469000000.0
2023-10-28,INTC,35.18,34.31,36.01,34.25,32.19,84128188,2996990982.1308,35.26,2.0,4216000000,4216000000.0,142344783968.8,149836600000.0
2023-10-27,INTC,32.19,32.55,32.88,31.82,32.49,59142508,1927560614.8069,32.26,1.4,4216000000,4216000000.0,130249124026.0,137104300000.0
2023-10-26,INTC,32.49,33.83,34.1,32.22,34.24,44658461,1479476444.3215,32.79,1.06,4216000000,4216000000.0,131490724010.4,138411300000.0
2023-10-25,INTC,34.24,33.3,34.36,33.3,33.5,52673856,1812449759.7615,34.06,1.25,4216000000,4216000000.0,138539855984.4,145831400000.0
2023-10-24,INTC,33.5,34.25,34.83,33.05,34.56,53924661,1844476690.3327,33.86,1.28,4216000000,4216000000.0,135576048036.4,142711600000.0
2023-10-21,INTC,34.56,35.29,35.91,34.51,35.31,32303325,1140284824.7792,34.94,0.77,4216000000,4216000000.0,139861579994.8,147222700000.0
2023-10-20,INTC,35.31,35.59,35.99,35.16,35.28,29201848,1046906487.6807,35.48,0.69,4216000000,4216000000.0,142865479994.8,150384600000.0
2023-10-19,INTC,35.28,35.16,35.65,35.09,35.69,22085950,788150222.7183,35.32,0.52,4216000000,4216000000.0,142745328000.0,150258200000.0
2023-10-18,INTC,35.69,35.55,35.98,34.71,36.19,24993563,896151724.4275,35.49,0.59,4216000000,4216000000.0,144427503989.6,152028900000.0
2023-10-17,INTC,36.19,35.77,36.56,35.71,35.6,29555782,1081791866.0294,36.23,0.7,4216000000,4216000000.0,146430103989.6,154136900000.0
2023-10-14,INTC,35.6,36.36,36.41,35.49,36.46,28408434,1024985048.5177,35.71,0.67,4216000000,4216000000.0,144067052010.4,151649400000.0
2023-10-13,INTC,36.46,36.42,36.84,36.02,36.5,23639231,871892872.3815,36.51,0.56,4216000000,4216000000.0,147551555984.4,155317400000.0
2023-10-12,INTC,36.5,36.25,36.65,36.01,36.06,19262602,706729341.7228,36.31,0.46,4216000000,4216000000.0,147711796026.0,155486100000.0
2023-10-11,INTC,36.06,35.77,36.36,35.44,35.69,24044106,875157249.9675,36.03,0.57,4216000000,4216000000.0,145909407963.6,153588800000.0
2023-10-10,INTC,35.69,35.34,35.8,35.14,35.82,19376145,695072796.0077,35.51,0.46,4216000000,4216000000.0,144427503989.6,152028900000.0
2023-10-07,INTC,35.82,35.5,36.09,34.82,35.52,33262157,1197221447.9795,35.63,0.79,4216000000,4216000000.0,144948200015.6,152577000000.0
2023-10-06,INTC,35.52,35.6,35.73,35.24,35.56,25771235,924537952.9205,35.51,0.61,4216000000,4216000000.0,143746628000.0,151312200000.0
2023-10-05,INTC,35.56,36.15,36.15,34.96,35.33,39842200,1426995924.7446,35.45,0.95,4216000000,4216000000.0,143906807963.6,151480800000.0
2023-10-04,INTC,35.33,34.9,36.17,34.9,35.1,45292633,1623954040.1809,35.49,1.07,4216000000,4216000000.0,142945600015.6,150469000000.0
2023-10-03,INTC,35.1,35.25,35.61,34.62,35.19,26086165,924186079.5423,35.07,0.62,4216000000,4216000000.0,142024420036.4,149499300000.0
2023-09-30,INTC,35.19,35.28,35.54,34.8,34.82,28763711,1022745346.7025,35.19,0.69,4187998720,4187998000.0,141439202685.6,148883300000.0
2023-09-29,INTC,34.82,34.3,35.29,34.03,34.26,32265278,1135095706.5678,34.82,0.77,4187998720,4187998000.0,139967077370.93,147333700000.0
2023-09-28,INTC,34.26,33.57,34.47,33.53,33.48,44369071,1530258377.9166,34.14,1.06,4187998720,4187998000.0,137699307892.84,144946600000.0
2023-09-27,INTC,33.48,33.79,34.42,33.3,33.94,34198290,1164287520.1131,33.7,0.82,4187998720,4187998000.0,134596004819.92,141679900000.0
2023-09-26,INTC,33.94,33.65,34.02,33.42,33.83,21729418,741075412.4411,33.76,0.52,4187998720,4187998000.0,136426128431.77,143606400000.0
2023-09-23,INTC,33.83,34.45,34.53,33.79,34.3,29241606,1005060198.699,34.02,0.7,4187998720,4187998000.0,135988478586.93,143145700000.0
2023-09-22,INTC,34.3,34.22,34.89,34.11,34.34,45240625,1574518881.925,34.45,1.08,4187998720,4187998000.0,137858423994.01,145114100000.0
2023-09-21,INTC,34.34,35.85,35.88,34.28,35.97,57660829,2031645059.2826,34.87,1.38,4187998720,4187998000.0,138017603752.76,145281600000.0
2023-09-20,INTC,35.97,37.65,37.71,35.65,37.6,53288071,1966063645.9854,36.52,1.27,4187998720,4187998000.0,144582267874.76,152191800000.0
2023-09-19,INTC,37.6,37.24,38.0,37.13,37.49,29322149,1114813473.2276,37.63,0.7,4187998720,4187998000.0,151146991675.75,159102100000.0
2023-09-16,INTC,37.49,38.03,38.13,37.24,38.28,68881250,2614690714.6063,37.57,1.64,4187998720,4187998000.0,150709341830.91,158641400000.0
2023-09-15,INTC,38.28,38.41,38.5,37.9,38.31,30616489,1183786363.4861,38.27,0.73,4187998720,4187998000.0,153852410998.68,161949900000.0
2023-09-14,INTC,38.31,38.4,38.75,37.86,38.46,35407782,1370064963.4831,38.3,0.85,4187998720,4187998000.0,154011586778.83,162117400000.0
2023-09-13,INTC,38.46,38.26,39.66,38.26,38.2,55326563,2170222774.9832,38.83,1.32,4187998720,4187998000.0,154608352724.84,162745600000.0
2023-09-12,INTC,38.2,37.85,38.34,37.45,37.62,36349290,1394449783.0222,37.97,0.87,4187998720,4187998000.0,153534115138.76,161614800000.0
2023-09-09,INTC,37.62,37.73,38.43,37.33,37.79,44265055,1687202675.4648,37.73,1.06,4187998720,4187998000.0,151226519886.85,159185800000.0
2023-09-08,INTC,37.79,36.45,37.95,36.38,36.6,67659688,2563192962.2749,37.5,1.62,4187998720,4187998000.0,151902873722.93,159897700000.0
2023-09-07,INTC,36.6,36.19,36.66,35.66,36.34,39643391,1451732930.8116,36.25,0.95,4187998720,4187998000.0,147128567117.92,154872100000.0
2023-09-06,INTC,36.34,36.21,37.03,36.09,36.24,43379356,1602472582.1985,36.56,1.04,4187998720,4187998000.0,146054389210.83,153741400000.0
2023-09-02,INTC,36.24,35.42,36.37,35.37,34.78,43808477,1593874969.3786,36.01,1.05,4187998720,4187998000.0,145656505460.84,153322600000.0
2023-09-01,INTC,34.78,33.97,35.2,33.95,34.18,48157583,1687514137.3248,34.68,1.15,4187998720,4187998000.0,139807961269.76,147166200000.0
2023-08-31,INTC,34.18,33.71,34.31,33.43,33.96,26279157,904899067.4954,34.08,0.63,4187998720,4187998000.0,137381012032.92,144611600000.0
2023-08-30,INTC,33.96,33.15,34.13,33.13,33.28,29943629,1026203948.4667,33.92,0.71,4187998720,4187998000.0,136505716321.84,143690200000.0
2023-08-29,INTC,33.28,33.16,33.44,32.87,32.91,22341778,749081969.3681,33.19,0.53,4187998720,4187998000.0,133760475203.68,140800400000.0
2023-08-26,INTC,32.91,32.2,33.05,32.02,32.26,27324809,901874639.685,32.67,0.65,4187998720,4187998000.0,132288409568.0,139250900000.0
2023-08-25,INTC,32.26,33.38,33.74,32.16,33.63,37930961,1249419341.5983,32.6,0.91,4187998720,4187998000.0,129662522434.76,136486800000.0
2023-08-24,INTC,33.63,32.54,33.8,32.47,32.55,32324309,1093676962.1577,33.49,0.77,4187998720,4187998000.0,135192770765.92,142308100000.0
2023-08-23,INTC,32.55,32.88,33.45,32.49,32.8,23434192,777694008.7986,32.85,0.56,4187998720,4187998000.0,130856114005.76,137743200000.0
2023-08-22,INTC,32.8,32.27,32.83,31.69,32.42,43718250,1427391943.977,32.32,1.04,4187998720,4187998000.0,131850763701.76,138790300000.0
2023-08-19,INTC,32.42,31.9,32.57,31.85,32.25,23701055,774121393.5003,32.33,0.57,4187998720,4187998000.0,130299110176.0,137156900000.0
2023-08-18,INTC,32.25,33.22,33.25,32.02,33.19,39906739,1304954515.6009,32.37,0.95,4187998720,4187998000.0,129622756339.92,136444900000.0
2023-08-17,INTC,33.19,34.17,34.28,33.12,34.42,35757254,1209711097.5828,33.49,0.85,4187998720,4187998000.0,133402413248.92,140423600000.0
2023-08-16,INTC,34.42,35.05,35.26,34.4,35.32,27420309,962417034.9764,34.74,0.65,4187998720,4187998000.0,138335899612.67,145616700000.0
2023-08-15,INTC,35.32,34.32,35.35,34.12,34.53,36896055,1304615283.1244,35.0,0.88,4187998720,4187998000.0,141956376762.93,149427700000.0
2023-08-12,INTC,34.53,34.11,34.59,34.01,34.33,28783731,998956568.2424,34.35,0.69,4187998720,4187998000.0,138813311573.76,146119300000.0
2023-08-11,INTC,34.33,34.35,34.73,34.13,33.93,30957297,1075617289.9806,34.39,0.74,4187998720,4187998000.0,137977777978.93,145239700000.0
2023-08-10,INTC,33.93,34.64,34.74,33.88,34.66,28720157,991126787.8781,34.16,0.69,4187998720,4187998000.0,136386362336.92,143564500000.0
2023-08-09,INTC,34.66,34.32,34.74,33.51,34.87,34753598,1202352748.9462,34.24,0.83,4187998720,4187998000.0,139330549308.67,146663700000.0
2023-08-08,INTC,34.87,35.05,35.19,34.4,34.78,22486872,790564055.4343,34.8,0.54,4187998720,4187998000.0,140166019245.92,147543100000.0
2023-08-05,INTC,34.78,34.13,35.2,34.13,34.39,26674899,936665231.0253,34.76,0.64,4187998720,4187998000.0,139807961269.76,147166200000.0
2023-08-04,INTC,34.39,33.82,34.55,33.66,33.92,24864383,863512621.0399,34.25,0.59,4187998720,4187998000.0,138733723683.68,146035400000.0
2023-08-03,INTC,33.92,34.67,34.7,33.81,35.31,39051973,1349975782.8372,34.09,0.93,4187998720,4187998000.0,136824012181.76,144025300000.0
2023-08-02,INTC,35.31,35.33,35.52,34.79,35.28,24743395,883663463.6915,35.22,0.59,4187998720,4187998000.0,142433852381.6,149930300000.0
2023-08-01,INTC,35.28,36.36,36.68,35.18,36.32,55630700,2006811135.0749,35.58,1.33,4187998720,4187998000.0,142314498396.67,149804700000.0
2023-07-29,INTC,36.32,36.24,36.48,35.02,34.07,90863000,3320043338.726,36.04,2.17,4187998720,4187998000.0,146531801171.92,154243900000.0
2023-07-28,INTC,34.07,34.34,34.55,33.64,33.89,58890821,2035272957.2962,34.08,1.41,4187998720,4187998000.0,137460603901.6,144695300000.0
2023-07-27,INTC,33.89,33.26,34.05,33.24,33.63,32643239,1116480381.8975,33.73,0.78,4187998720,4187998000.0,136704658196.84,143899600000.0
2023-07-26,INTC,33.63,33.24,33.87,32.94,33.17,31771090,1078002551.4848,33.46,0.76,4187998720,4187998000.0,135670246384.59,142810800000.0
2023-07-25,INTC,33.17,33.37,33.99,33.1,33.55,25283782,856751243.5693,33.42,0.6,4187998720,4187998000.0,133800296998.91,140842400000.0
2023-07-22,INTC,33.55,33.26,33.78,32.96,32.91,79736938,2710513282.1369,33.53,1.9,4187998720,4187998000.0,135351950524.67,142475700000.0
2023-07-21,INTC,32.91,33.24,33.73,32.77,33.99,37877997,1273704314.6085,33.16,0.9,4187998720,4187998000.0,132765825507.68,139753400000.0
2023-07-20,INTC,33.99,33.93,34.36,33.86,34.03,26486676,913824675.2188,34.03,0.63,4187998720,4187998000.0,137102541946.83,144318400000.0
2023-07-19,INTC,34.03,33.81,34.22,33.36,33.9,29679516,1018128877.059,33.83,0.71,4187998720,4187998000.0,137261658048.0,144485900000.0
2023-07-18,INTC,33.9,32.7,34.12,32.62,32.69,34111172,1162137202.8746,33.6,0.81,4187998720,4187998000.0,136744424291.68,143941400000.0
2023-07-15,INTC,32.69,33.32,33.4,32.55,33.4,30438661,1015482524.1336,32.9,0.73,4187998720,4187998000.0,131890525818.01,138832100000.0
2023-07-14,INTC,33.4,33.68,33.83,33.16,33.51,32745754,1108954639.4082,33.4,0.78,4187998720,4187998000.0,134755124899.68,141847400000.0
2023-07-13,INTC,33.51,33.23,33.61,32.61,32.84,37762215,1274063374.6798,33.27,0.9,4187998720,4187998000.0,135192770765.92,142308100000.0
2023-07-12,INTC,32.84,32.37,32.9,32.05,32.29,28148833,930161409.7805,32.59,0.67,4187998720,4187998000.0,132487355421.6,139460300000.0
2023-07-11,INTC,32.29,31.43,32.38,31.33,31.41,36305657,1179414790.5219,32.04,0.87,4187998720,4187998000.0,130259348059.75,137115100000.0
2023-07-08,INTC,31.41,31.56,31.96,31.38,31.53,28356250,909362224.1437,31.63,0.68,4187998720,4187998000.0,126718399120.59,133387800000.0
2023-07-07,INTC,31.53,31.46,31.6,30.95,32.06,41711442,1325760810.518,31.35,1.0,4187998720,4187998000.0,127195811081.68,133890300000.0
2023-07-06,INTC,32.06,32.85,32.87,32.05,33.16,37664723,1236276622.9794,32.37,0.9,4187998720,4187998000.0,129344226574.85,136151800000.0
2023-07-04,INTC,33.16,33.08,33.42,32.68,32.98,15752981,526836458.3835,32.98,0.38,4187998720,4187998000.0,133760475203.68,140800400000.0
2023-07-01,INTC,32.98,32.9,33.1,32.7,32.46,33811254,1128589397.4477,32.92,0.81,4187998720,4187998000.0,133044355272.76,140046600000.0
2023-06-30,INTC,32.46,32.88,32.88,32.04,33.11,38312969,1262155593.3447,32.49,0.92,4171000320,4171000000.0,130404255354.44,137267600000.0
2023-06-29,INTC,33.11,33.15,33.34,32.58,33.63,33906879,1136521489.9544,33.06,0.81,4171000320,4171000000.0,133019488404.88,140020400000.0
2023-06-28,INTC,33.63,32.76,33.76,32.56,32.88,33038922,1118136336.3628,33.38,0.79,4171000320,4171000000.0,135119583103.55,142231100000.0
2023-06-27,INTC,32.88,32.73,33.52,32.64,32.55,38211434,1276999261.6419,32.96,0.92,4171000320,4171000000.0,132108081248.01,139061100000.0
2023-06-24,INTC,32.55,31.77,32.99,31.59,32.26,46327141,1524899262.4791,32.46,1.11,4171000320,4171000000.0,130760860032.0,137643000000.0
2023-06-23,INTC,32.26,32.24,32.78,31.68,32.45,45740309,1489226885.4759,32.11,1.1,4171000320,4171000000.0,129611777180.99,136433400000.0
2023-06-22,INTC,32.45,34.43,34.57,32.38,34.52,70973500,2383276219.194,33.12,1.7,4171000320,4171000000.0,130364591226.9,137225800000.0
2023-06-17,INTC,35.87,35.86,36.29,35.11,35.33,110240250,4004740886.1683,35.83,2.64,4171000320,4171000000.0,144114301706.68,151699300000.0
2023-06-16,INTC,35.33,34.79,35.92,34.73,35.09,67676313,2424314757.9302,35.33,1.62,4171000320,4171000000.0,141935001588.88,149405200000.0
2023-06-15,INTC,35.09,33.4,35.11,33.34,33.44,74404313,2594984418.0427,34.4,1.78,4171000320,4171000000.0,140983989741.22,148404100000.0
2023-06-14,INTC,33.44,33.31,33.48,32.62,32.62,51990040,1749911960.344,33.2,1.25,4171000320,4171000000.0,134366705658.44,141438600000.0
2023-06-13,INTC,32.62,30.97,32.84,30.93,30.91,59926114,1964953127.8361,32.34,1.44,4171000320,4171000000.0,131038263252.88,137934900000.0
2023-06-10,INTC,30.91,31.49,31.55,30.26,31.38,40227075,1257776212.907,30.84,0.96,4171000320,4171000000.0,124183180640.01,130719100000.0
2023-06-09,INTC,31.38,31.0,31.41,30.63,30.85,35198954,1109921823.0839,31.1,0.84,4171000320,4171000000.0,126085200372.88,132721300000.0
2023-06-08,INTC,30.85,30.6,30.94,30.5,30.53,39097993,1219869228.2919,30.77,0.94,4171000320,4171000000.0,123945441546.67,130468800000.0
2023-06-07,INTC,30.53,29.36,31.02,29.29,29.45,42295293,1304306686.5398,30.41,1.01,4171000320,4171000000.0,122677489148.99,129134100000.0
2023-06-06,INTC,29.45,30.88,30.97,29.42,30.88,48244129,1457841234.8544,29.8,1.16,4171000320,4171000000.0,118318770039.89,124546000000.0
2023-06-03,INTC,30.88,30.97,31.16,30.4,30.7,36520958,1138551566.2907,30.75,0.88,4171000320,4171000000.0,124064311093.34,130593900000.0
2023-06-02,INTC,30.7,31.36,31.5,30.59,31.01,52667368,1649305278.6082,30.88,1.26,4171000320,4171000000.0,123351097775.77,129843200000.0
2023-06-01,INTC,31.01,29.29,31.85,29.26,29.58,136243750,4284389493.1062,31.01,3.27,4171000320,4171000000.0,124579449445.11,131136200000.0
2023-05-31,INTC,29.58,29.29,29.63,28.6,28.6,54874793,1631916365.6713,29.33,1.32,4171000320,4171000000.0,118833908391.66,125088300000.0
2023-05-27,INTC,28.6,27.06,28.69,26.73,27.02,71910625,2043369605.0888,28.02,1.72,4171000320,4171000000.0,114911058816.0,120958900000.0
2023-05-26,INTC,27.02,27.9,27.9,26.49,28.6,78009438,2133596743.9718,26.97,1.87,4171000320,4171000000.0,108571114554.9,114285300000.0
2023-05-25,INTC,28.6,28.91,29.08,28.42,29.1,28045840,814372693.2938,28.64,0.67,4171000320,4171000000.0,114911058816.0,120958900000.0
2023-05-24,INTC,29.1,29.64,29.78,29.08,29.86,29400852,874966503.6374,29.35,0.7,4171000320,4171000000.0,116931888658.79,123086200000.0
2023-05-23,INTC,29.86,29.44,30.03,29.4,29.52,28693438,866117049.9438,29.77,0.69,4171000320,4171000000.0,119982991242.67,126297800000.0
2023-05-20,INTC,29.52,29.19,29.82,29.09,29.27,40682997,1216857162.4659,29.5,0.98,4171000320,4171000000.0,118596109861.57,124837900000.0
2023-05-19,INTC,29.27,28.6,29.35,28.47,28.47,36529192,1079276675.98,29.14,0.88,4171000320,4171000000.0,117605497285.57,123795300000.0
2023-05-18,INTC,28.47,29.11,29.15,28.29,28.82,41667262,1205008883.5876,28.52,1.0,4171000320,4171000000.0,114395924426.68,120416700000.0
2023-05-17,INTC,28.82,29.21,29.49,28.81,29.39,22812040,672834413.0602,29.09,0.55,4171000320,4171000000.0,115782805807.78,121876600000.0
2023-05-16,INTC,29.39,28.5,29.41,28.48,28.55,28717477,847197132.0072,29.1,0.69,4171000320,4171000000.0,118081034909.0,124295800000.0
2023-05-13,INTC,28.55,28.63,28.7,28.32,28.46,24153821,698166171.8512,28.51,0.58,4171000320,4171000000.0,114712924413.45,120750400000.0
2023-05-12,INTC,28.46,29.19,29.27,28.42,29.56,47144360,1367587167.06,28.61,1.13,4171000320,4171000000.0,114356319735.89,120375000000.0
2023-05-11,INTC,29.56,29.87,29.98,29.08,29.69,40526520,1211358067.6396,29.48,0.97,4171000320,4171000000.0,118754643535.78,125004900000.0
2023-05-10,INTC,29.69,29.96,30.16,29.5,30.35,30706516,927066350.9136,29.78,0.74,4171000320,4171000000.0,119269781887.55,125547100000.0
2023-05-09,INTC,30.35,30.28,30.42,29.97,30.56,30882801,948296521.4635,30.28,0.74,4171000320,4171000000.0,121924615666.33,128341700000.0
2023-05-06,INTC,30.56,30.95,30.98,30.31,30.81,35024563,1085687726.2949,30.57,0.84,4171000320,4171000000.0,122796358695.66,129259300000.0
2023-05-05,INTC,30.81,30.02,31.28,29.96,30.11,46104020,1438122419.2359,30.76,1.11,4171000320,4171000000.0,123786971271.66,130302000000.0
2023-05-04,INTC,30.11,30.1,30.56,29.71,29.24,45554489,1396076627.3497,30.1,1.09,4171000320,4171000000.0,121449078042.9,127841100000.0
2023-05-03,INTC,29.24,29.76,30.03,29.22,29.76,33463356,1004609935.8304,29.49,0.8,4171000320,4171000000.0,117962165362.33,124170700000.0
2023-05-02,INTC,29.76,30.56,30.68,29.74,30.51,36918528,1129588891.3475,30.05,0.89,4171000320,4171000000.0,120062260061.0,126381300000.0
2023-04-29,INTC,30.51,31.41,31.99,30.26,29.33,80252438,2521291486.6655,30.86,1.92,4171000320,4171000000.0,123073698517.34,129551200000.0
2023-04-28,INTC,29.33,28.24,29.41,28.0,28.53,60186243,1771226542.5676,28.91,1.44,4171000320,4171000000.0,118318770039.89,124546000000.0
2023-04-27,INTC,28.53,28.68,29.28,28.32,28.37,41218805,1206024931.2815,28.74,0.99,4171000320,4171000000.0,115109197181.0,121167500000.0
2023-04-26,INTC,28.37,28.92,29.04,28.36,29.13,38289872,1112274757.1739,28.53,0.92,4171000320,4171000000.0,114435584591.77,120458400000.0
2023-04-25,INTC,29.13,29.59,29.83,29.08,29.76,38732454,1155606082.0273,29.31,0.93,4171000320,4171000000.0,117526291866.44,123711800000.0
2023-04-22,INTC,29.76,30.29,30.29,29.69,30.31,28655762,869966238.9565,29.82,0.69,4171000320,4171000000.0,120062260061.0,126381300000.0
2023-04-21,INTC,30.31,30.21,30.69,30.16,30.6,30255071,935299334.9001,30.36,0.73,4171000320,4171000000.0,122281220343.89,128717000000.0
2023-04-20,INTC,30.6,30.55,30.96,30.53,31.26,25746575,804462240.4776,30.69,0.62,4171000320,4171000000.0,123430303194.9,129926600000.0
2023-04-19,INTC,31.26,31.85,31.88,31.21,31.57,26041379,831673104.5714,31.37,0.62,4171000320,4171000000.0,126124801101.22,132762900000.0
2023-04-18,INTC,31.57,31.38,32.06,31.21,31.32,29601149,949948203.6473,31.52,0.71,4171000320,4171000000.0,127353152770.56,134055900000.0
2023-04-15,INTC,31.32,31.43,31.66,31.13,31.56,24623633,786188476.1397,31.36,0.59,4171000320,4171000000.0,126362540194.56,133013100000.0
2023-04-14,INTC,31.56,31.25,31.85,31.09,31.45,29722344,955062075.8385,31.56,0.71,4171000320,4171000000.0,127313548079.77,134014200000.0
2023-04-13,INTC,31.45,32.19,32.31,31.39,31.77,37070786,1192418939.5468,31.59,0.89,4171000320,4171000000.0,126877678546.33,133555400000.0
2023-04-12,INTC,31.77,32.08,32.52,31.75,31.94,27059106,881821087.7022,32.01,0.65,4171000320,4171000000.0,128185295071.55,134931800000.0
2023-04-11,INTC,31.94,32.02,32.18,31.63,32.23,30534438,991483553.0914,31.89,0.73,4171000320,4171000000.0,128858903698.33,135640900000.0
2023-04-07,INTC,32.23,32.02,32.41,31.88,32.25,28551915,936965153.1596,32.23,0.68,4171000320,4171000000.0,130007986549.34,136850400000.0
2023-04-06,INTC,32.25,32.21,32.4,31.76,32.51,39615735,1295846696.6069,32.13,0.95,4171000320,4171000000.0,130087251405.22,136933900000.0
2023-04-05,INTC,32.51,32.27,33.24,32.26,32.31,55714059,1851116157.3505,32.63,1.34,4171000320,4171000000.0,131157132799.55,138060100000.0
2023-04-04,INTC,32.31,32.35,32.96,31.96,32.09,57038344,1881746645.2997,32.4,1.37,4171000320,4171000000.0,130324990498.56,137184100000.0
2023-04-01,INTC,32.09,31.23,32.32,31.17,31.52,59764993,1947364303.5891,32.0,1.43,4171000320,4171000000.0,129453247469.23,136266500000.0
2023-03-31,INTC,31.52,31.28,32.0,31.24,30.96,70077625,2254937074.273,31.61,1.68,4171051520,4171051000.0,127156579225.46,133849000000.0
2023-03-30,INTC,30.96,29.24,31.32,29.23,28.77,85556188,2657615269.9435,30.51,2.05,4171051520,4171051000.0,124897986527.37,131471500000.0
2023-03-29,INTC,28.77,28.56,28.81,28.12,28.66,37407875,1087813673.0565,28.56,0.9,4171051520,4171051000.0,116061570294.77,122170000000.0
2023-03-28,INTC,28.66,28.85,29.2,28.56,28.84,34758157,1020360561.1665,28.83,0.83,4171051520,4171051000.0,115625691448.43,121711200000.0
2023-03-25,INTC,28.84,28.52,29.28,28.41,28.51,55931606,1642051331.2008,28.84,1.34,4171051520,4171051000.0,116338972958.34,122462000000.0
2023-03-24,INTC,28.51,27.88,28.64,27.72,27.63,43785481,1259760612.0198,28.26,1.05,4171051520,4171051000.0,115031340381.82,121085600000.0
2023-03-23,INTC,27.63,27.97,28.6,27.6,27.95,37415540,1066773393.2032,28.0,0.9,4171051520,4171051000.0,111465115107.21,117331600000.0
2023-03-22,INTC,27.95,28.48,28.65,27.48,28.64,55650833,1579665589.9549,27.88,1.33,4171051520,4171051000.0,112772747683.73,118708100000.0
2023-03-21,INTC,28.64,29.27,29.37,28.12,29.28,38780055,1128557848.1426,28.58,0.93,4171051520,4171051000.0,115546485057.04,121627800000.0
2023-03-18,INTC,29.28,29.39,30.45,28.92,29.64,80628500,2404447090.1925,29.29,1.93,4171051520,4171051000.0,118122085595.64,124338900000.0
2023-03-17,INTC,29.64,27.89,29.73,27.89,27.9,75804250,2258966953.217,29.27,1.83,4137000960,4137000000.0,118611927013.1,124854600000.0
2023-03-16,INTC,27.9,27.24,27.99,27.17,27.51,49322840,1389207579.5954,27.66,1.19,4137000960,4137000000.0,111655603130.52,117532100000.0
2023-03-15,INTC,27.51,26.86,27.6,26.77,26.47,47689836,1325758698.6945,27.31,1.15,4137000960,4137000000.0,110083507394.37,115877300000.0
2023-03-14,INTC,26.47,26.26,26.82,26.14,26.74,50976997,1373829916.219,26.47,1.23,4137000960,4137000000.0,105917555287.95,111492100000.0
2023-03-11,INTC,26.74,26.08,27.03,25.85,25.97,65187032,1766197001.1176,26.61,1.58,4137000960,4137000000.0,106978715684.94,112609100000.0
2023-03-10,INTC,25.97,25.52,26.5,25.51,25.52,54886086,1457709019.9455,26.09,1.33,4137000960,4137000000.0,103913201903.73,109382300000.0
2023-03-09,INTC,25.52,25.11,25.55,25.0,25.08,36071934,930035712.4387,25.32,0.87,4137000960,4137000000.0,102105304973.16,107479200000.0
2023-03-08,INTC,25.08,25.38,25.53,25.05,25.53,43164606,1107551949.2682,25.2,1.04,4137000960,4137000000.0,100336748853.21,105617600000.0
2023-03-07,INTC,25.53,26.0,26.07,25.47,25.93,37879836,990341909.9743,25.68,0.92,4137000960,4137000000.0,102144645783.79,107520600000.0
2023-03-04,INTC,25.93,25.73,26.0,25.55,25.73,36744860,966863716.4594,25.85,0.89,4137000960,4137000000.0,103755960495.89,109216800000.0
2023-03-03,INTC,25.73,24.76,25.83,24.67,24.88,48381067,1249271866.6837,25.36,1.17,4137000960,4137000000.0,102969942103.95,108389400000.0
2023-03-02,INTC,24.88,24.58,25.46,24.53,24.49,47823399,1215340916.7737,24.96,1.16,4137000960,4137000000.0,99550730461.26,104790200000.0
2023-03-01,INTC,24.49,24.5,24.67,24.29,24.46,50255301,1252020013.0861,24.47,1.21,4137000960,4137000000.0,97978634725.1,103135400000.0
2023-02-28,INTC,24.46,25.1,25.13,24.44,24.69,37656958,945359403.3667,24.66,0.91,4137000960,4137000000.0,97860734127.89,103011300000.0
2023-02-25,INTC,24.69,24.77,24.9,24.48,25.15,44089879,1106549970.8309,24.65,1.07,4137000960,4137000000.0,98803993927.68,104004200000.0
2023-02-24,INTC,25.15,25.32,25.62,24.87,25.02,56473239,1447047517.4207,25.17,1.37,4137000960,4137000000.0,100651168786.47,105948600000.0
2023-02-23,INTC,25.02,25.45,26.42,24.85,25.6,89195313,2303923319.1494,25.37,2.16,4137000960,4137000000.0,100100951588.94,105369400000.0
2023-02-22,INTC,25.6,26.63,26.79,25.58,27.12,63668364,1683544284.5652,25.97,1.54,4137000960,4137000000.0,102419724906.42,107810200000.0
2023-02-18,INTC,27.12,27.5,27.57,26.89,27.7,32086219,886956111.1089,27.15,0.78,4137000960,4137000000.0,108511470610.47,114222600000.0
2023-02-17,INTC,27.7,27.99,28.31,27.63,28.34,28972477,824420756.5579,27.95,0.7,4137000960,4137000000.0,110830243927.95,116663400000.0
2023-02-16,INTC,28.34,27.86,28.37,27.66,28.13,23387676,668237473.1456,28.06,0.57,4137000960,4137000000.0,113384881322.26,119352400000.0
2023-02-15,INTC,28.13,27.88,28.21,27.49,28.04,27928930,794614198.5354,27.95,0.68,4137000960,4137000000.0,112559522119.68,118483600000.0
2023-02-14,INTC,28.04,27.37,28.04,27.22,27.31,32347469,917830320.1529,27.87,0.78,4137000960,4137000000.0,112205824258.2,118111300000.0
2023-02-11,INTC,27.31,27.14,27.49,26.85,27.24,31232543,865647470.7617,27.22,0.75,4137000960,4137000000.0,109258211074.2,115008600000.0
2023-02-10,INTC,27.24,28.17,28.31,27.07,27.74,43906379,1233387000.9644,27.59,1.06,4137000960,4137000000.0,108983069069.16,114719000000.0
2023-02-09,INTC,27.74,28.44,28.6,27.71,28.53,36479122,1037984014.3377,27.95,0.88,4137000960,4137000000.0,110987485335.79,116828900000.0
2023-02-08,INTC,28.53,28.14,28.75,27.92,28.18,50780778,1466269422.0187,28.36,1.23,4137000960,4137000000.0,114170899714.2,120179900000.0
2023-02-07,INTC,28.18,29.02,29.12,28.1,29.42,48726360,1414755195.9656,28.52,1.18,4137000960,4137000000.0,112756041455.73,118690500000.0
2023-02-04,INTC,29.42,28.74,30.25,28.66,29.3,57603102,1753939571.8674,29.55,1.39,4137000960,4137000000.0,119162207093.05,125433900000.0
2023-02-03,INTC,29.3,28.38,29.4,27.94,28.21,62230661,1854075110.4163,28.91,1.5,4137000960,4137000000.0,118651267823.73,124896000000.0
2023-02-02,INTC,28.21,27.06,28.56,26.86,27.42,63330567,1814984766.5797,27.81,1.53,4137000960,4137000000.0,114249518453.05,120262600000.0
2023-02-01,INTC,27.42,26.96,27.45,26.72,27.12,52621579,1475656468.2028,27.21,1.27,4137000960,4137000000.0,111066045122.37,116911600000.0
2023-01-31,INTC,27.12,26.89,27.67,26.85,27.33,55145770,1544710166.6322,27.18,1.33,4137000960,4137000000.0,109847706199.95,115629100000.0
2023-01-28,INTC,27.33,26.27,27.4,25.99,29.2,148548190,4115185646.0166,26.88,3.59,4137000960,4137000000.0,110673065402.52,116497900000.0
2023-01-27,INTC,29.2,29.17,29.22,28.46,28.82,56088079,1669198057.4637,28.88,1.36,4137000960,4137000000.0,118258229151.63,124482300000.0
2023-01-26,INTC,28.82,28.65,29.0,28.31,29.03,28268024,836781566.0408,28.73,0.68,4137000960,4137000000.0,116725470295.95,122868900000.0
2023-01-25,INTC,29.03,29.05,29.3,28.85,29.37,24855129,743295267.3887,29.02,0.6,4137000960,4137000000.0,117590111356.89,123779000000.0
2023-01-24,INTC,29.37,28.46,29.59,28.32,28.35,38795840,1165403717.3002,29.15,0.94,4137000960,4137000000.0,118965687756.99,125227000000.0
2023-01-21,INTC,28.35,27.58,28.36,27.41,27.58,35158497,1013746144.5747,27.98,0.85,4137000960,4137000000.0,114839017508.94,120883100000.0
2023-01-20,INTC,27.58,27.76,27.9,27.4,27.96,36886614,1050084291.1441,27.63,0.89,4137000960,4137000000.0,111694884988.89,117573500000.0
2023-01-19,INTC,27.96,28.92,28.94,27.78,28.72,44199579,1279785417.4726,28.1,1.07,4137000960,4137000000.0,113227639914.42,119186900000.0
2023-01-18,INTC,28.72,29.29,29.36,28.65,29.22,34759079,1035566639.1279,28.91,0.84,4137000960,4137000000.0,116332494506.26,122455200000.0
2023-01-14,INTC,29.22,29.08,29.28,28.93,29.39,31361938,941714258.1835,29.14,0.76,4137000960,4137000000.0,118336847890.47,124565100000.0
2023-01-13,INTC,29.39,29.09,29.48,28.6,28.97,28963879,871239302.0597,29.19,0.7,4137000960,4137000000.0,119044247543.57,125309700000.0
2023-01-12,INTC,28.97,28.8,29.0,28.14,28.57,30375379,896736015.6391,28.65,0.73,4137000960,4137000000.0,117315032234.26,123489400000.0
2023-01-11,INTC,28.57,28.37,28.64,28.06,28.44,23008079,673754826.6048,28.42,0.56,4137000960,4137000000.0,115703654639.73,121793300000.0
2023-01-10,INTC,28.44,27.99,28.98,27.99,27.88,37493157,1103532640.6106,28.56,0.91,4137000960,4137000000.0,115192715370.42,121255400000.0
2023-01-07,INTC,27.88,27.1,27.98,26.57,26.74,31788633,902895944.4827,27.56,0.77,4137000960,4137000000.0,112913219981.16,118856000000.0
2023-01-06,INTC,26.74,26.62,26.96,26.57,26.86,33552551,924865935.4446,26.75,0.81,4137000960,4137000000.0,108314951274.42,114015700000.0
2023-01-05,INTC,26.86,26.6,27.09,26.36,25.94,37665200,1039661479.6964,26.79,0.91,4137000960,4137000000.0,108786549733.1,114512100000.0
2023-01-04,INTC,25.94,26.24,26.27,25.59,25.65,31307954,836526615.3122,25.93,0.76,4137000960,4137000000.0,105052918157.16,110582000000.0
2022-12-31,INTC,25.65,25.14,25.68,25.04,25.43,31030094,812988369.7097,25.42,0.75,4126999040,4126999000.0,103622727951.3,109076500000.0
2022-12-30,INTC,25.43,25.01,25.51,24.99,24.78,30944829,808668807.3806,25.36,0.75,4126999040,4126999000.0,102760240041.02,108168600000.0
2022-12-29,INTC,24.78,25.08,25.34,24.75,25.17,26176918,672084464.2208,24.91,0.63,4126999040,4126999000.0,100133354183.63,105403500000.0
2022-12-28,INTC,25.17,25.08,25.33,24.89,25.32,29548059,766577291.149,25.18,0.72,4126999040,4126999000.0,101701649104.67,107054300000.0
2022-12-24,INTC,25.32,25.15,25.41,24.92,25.2,23600915,613045449.5779,25.21,0.57,4126999040,4126999000.0,102289722943.97,107673320000.0
2022-12-23,INTC,25.2,25.67,25.67,24.6,26.04,47478309,1225742518.2306,25.05,1.15,4126999040,4126999000.0,101819264656.66,107178100000.0
2022-12-22,INTC,26.04,25.8,26.17,25.79,25.66,28100907,753371125.712,26.02,0.68,4126999040,4126999000.0,105191022872.34,110727300000.0
2022-12-21,INTC,25.66,25.75,26.07,25.64,26.0,31863274,845918975.3249,25.76,0.77,4126999040,4126999000.0,103661973648.67,109117800000.0
2022-12-20,INTC,26.0,26.1,26.17,25.72,26.12,37662461,1006751328.0951,25.94,0.91,4126999040,4126999000.0,105034165543.63,110562300000.0
2022-12-17,INTC,26.12,26.2,26.33,25.67,26.35,81104250,2175653461.3245,26.03,1.97,4126999040,4126999000.0,105543869528.31,111098750000.0
2022-12-16,INTC,26.35,27.11,27.17,26.32,27.42,45682653,1246898877.1044,26.49,1.11,4126999040,4126999000.0,106445599215.31,112047900000.0
2022-12-15,INTC,27.42,27.67,28.26,27.18,27.88,37141079,1058431798.6158,27.65,0.9,4126999040,4126999000.0,110797523623.63,116628900000.0
2022-12-14,INTC,27.88,28.91,29.2,27.53,27.84,58546840,1694597652.293,28.09,1.42,4126999040,4126999000.0,112640232615.64,118568600000.0
2022-12-13,INTC,27.84,27.3,27.86,27.03,27.4,35117868,995106825.868,27.5,0.85,4126999040,4126999000.0,112483434096.67,118403600000.0
2022-12-10,INTC,27.4,27.55,27.93,27.36,27.6,25641348,728937574.3444,27.59,0.62,4126999040,4126999000.0,110719153769.01,116546400000.0
2022-12-09,INTC,27.6,27.48,27.75,27.23,27.49,28486090,809862387.309,27.59,0.69,4126999040,4126999000.0,111503271824.67,117371800000.0
2022-12-08,INTC,27.49,27.44,27.7,27.32,27.75,28239934,800475190.3967,27.51,0.68,4126999040,4126999000.0,111071996504.34,116917800000.0
2022-12-07,INTC,27.75,28.33,28.44,27.5,28.31,27701188,794943706.7524,27.85,0.67,4126999040,4126999000.0,112130591361.34,118032100000.0
2022-12-06,INTC,28.31,28.55,28.87,28.03,28.54,34040383,996518528.091,28.41,0.82,4126999040,4126999000.0,114365329976.31,120384500000.0
2022-12-03,INTC,28.54,28.31,28.56,27.86,28.95,31545954,918308998.5848,28.25,0.76,4126999040,4126999000.0,115306305360.68,121375000000.0
2022-12-02,INTC,28.95,29.34,29.58,28.65,29.18,38896309,1161980361.3227,28.99,0.94,4126999040,4126999000.0,116952970136.34,123108300000.0
2022-12-01,INTC,29.18,27.92,29.19,27.38,28.04,72072563,2120100855.648,28.55,1.75,4126999040,4126999000.0,117893949441.35,124098900000.0
2022-11-30,INTC,28.04,28.0,28.32,27.89,27.87,24361493,704468552.8059,28.06,0.59,4126999040,4126999000.0,113306735119.31,119270200000.0
2022-11-29,INTC,27.87,28.24,28.33,27.7,28.47,28282118,814403413.5747,27.94,0.69,4126999040,4126999000.0,112620672497.34,118548100000.0
2022-11-26,INTC,28.47,28.8,28.8,28.47,28.79,11314879,333494743.646,28.6,0.27,4126999040,4126999000.0,115031832479.97,121086100000.0
2022-11-24,INTC,28.79,28.85,29.19,28.62,28.94,23143868,688423796.3581,28.86,0.56,4126999040,4126999000.0,116325654520.31,122448000000.0
2022-11-23,INTC,28.94,28.27,28.98,28.2,28.08,25584063,755727688.1251,28.66,0.62,4126999040,4126999000.0,116913787169.35,123067100000.0
2022-11-22,INTC,28.08,28.78,28.84,28.05,28.99,36086770,1049923173.6954,28.23,0.87,4126999040,4126999000.0,113463596368.67,119435300000.0
2022-11-19,INTC,28.99,29.36,29.36,28.73,29.01,27122211,810050939.2737,28.98,0.66,4126999040,4126999000.0,117109772575.96,123273400000.0
2022-11-18,INTC,29.01,28.2,29.06,28.14,28.66,31992739,948997513.6613,28.78,0.78,4126999040,4126999000.0,117188201240.32,123355900000.0
2022-11-17,INTC,28.66,29.22,29.34,28.57,29.8,35582750,1056850481.0482,28.82,0.86,4126999040,4126999000.0,115776763647.99,121870300000.0
2022-11-16,INTC,29.8,30.17,30.41,29.27,29.45,40933223,1262351739.3978,29.93,0.99,4126999040,4126999000.0,120403160937.02,126740100000.0
2022-11-15,INTC,29.45,29.44,30.07,29.29,29.53,39395340,1205962347.8027,29.71,0.95,4126999040,4126999000.0,118991727265.34,125254400000.0
2022-11-12,INTC,29.53,28.07,29.72,28.02,28.88,49826516,1496151110.0208,29.14,1.21,4126999040,4126999000.0,119305324303.3,125584500000.0
2022-11-11,INTC,28.88,28.03,28.95,27.8,26.71,62943926,1846522950.1921,28.47,1.53,4126999040,4126999000.0,116678497255.63,122819400000.0
2022-11-10,INTC,26.71,27.38,27.46,26.71,27.64,30544782,846325747.8557,26.89,0.74,4126999040,4126999000.0,107896282505.01,113574900000.0
2022-11-09,INTC,27.64,27.9,28.09,27.1,27.57,36257965,1034777194.3303,27.69,0.88,4126999040,4126999000.0,111660070343.64,117536900000.0
2022-11-08,INTC,27.57,27.52,27.62,27.06,27.37,34389782,970703250.4026,27.39,0.83,4126999040,4126999000.0,111385656272.68,117248000000.0
2022-11-05,INTC,27.37,26.75,27.4,26.6,26.22,43051926,1202694213.4395,27.11,1.04,4126999040,4126999000.0,110562292519.65,116381300000.0
2022-11-04,INTC,26.22,26.28,26.69,26.01,26.25,39678188,1092443401.1815,26.36,0.96,4126999040,4126999000.0,107386578520.32,113038400000.0
2022-11-03,INTC,26.25,27.07,27.62,26.24,27.1,51956098,1459826384.072,26.9,1.26,4126999040,4126999000.0,107504194072.31,113162300000.0
2022-11-02,INTC,27.1,27.57,27.62,26.7,27.22,44418731,1257667685.3358,27.11,1.08,4126999040,4126999000.0,110954384873.0,116794100000.0
2022-11-01,INTC,27.22,27.84,27.94,26.86,27.83,59507743,1695910751.2028,27.29,1.44,4126999040,4126999000.0,111464026127.3,117330500000.0
2022-10-29,INTC,27.83,26.98,27.98,26.67,25.15,91695688,2634756757.0684,27.51,2.22,4126999040,4126999000.0,113973300353.35,119971900000.0
2022-10-28,INTC,25.15,26.28,26.42,25.02,26.05,56305125,1497840421.4955,25.47,1.36,4126999040,4126999000.0,102995471145.01,108416200000.0
2022-10-27,INTC,26.05,26.03,26.62,25.84,26.24,37153930,1016468623.1965,26.19,0.9,4126999040,4126999000.0,106680889129.02,112295600000.0
2022-10-26,INTC,26.24,26.02,26.38,25.85,26.02,32205301,880612249.9802,26.18,0.78,4126999040,4126999000.0,107465007184.68,113121000000.0
2022-10-25,INTC,26.02,25.61,26.31,25.39,25.82,43831590,1188480457.2046,25.96,1.06,4126999040,4126999000.0,106563214767.3,112171800000.0
2022-10-22,INTC,25.82,24.75,25.9,24.69,24.97,53058711,1413966576.9578,25.52,1.29,4126999040,4126999000.0,105739913744.66,111305100000.0
2022-10-21,INTC,24.97,25.04,25.8,24.84,24.89,33247688,875880450.6885,25.22,0.81,4126999040,4126999000.0,102250536056.34,107632100000.0
2022-10-20,INTC,24.89,24.64,25.13,24.6,24.77,33882274,879190629.2502,24.84,0.82,4126999040,4126999000.0,101936876288.0,107301900000.0
2022-10-19,INTC,24.77,25.6,25.81,24.45,25.3,51126852,1327334574.1221,24.86,1.24,4126999040,4126999000.0,101427176223.96,106765400000.0
2022-10-18,INTC,25.3,25.19,25.61,25.06,24.81,39416473,1040559175.8755,25.28,0.96,4126999040,4126999000.0,103583544984.31,109035300000.0
2022-10-15,INTC,24.81,25.33,25.5,24.66,25.3,48185368,1256929635.3343,24.98,1.17,4126999040,4126999000.0,101584033552.68,106930500000.0
2022-10-14,INTC,25.3,23.67,25.69,23.54,24.25,62447043,1625284022.0027,24.92,1.51,4126999040,4126999000.0,103583544984.31,109035300000.0
2022-10-13,INTC,24.25,23.98,24.43,23.61,23.97,39634055,1001517097.3708,24.19,0.96,4126999040,4126999000.0,99310049240.34,104536900000.0
2022-10-12,INTC,23.97,23.95,24.4,23.64,24.13,48134930,1204643915.8821,23.96,1.17,4126999040,4126999000.0,98173029639.63,103339900000.0
2022-10-11,INTC,24.13,24.84,24.88,24.02,24.63,43409340,1100400549.7586,24.27,1.05,4126999040,4126999000.0,98800345255.65,104000300000.0
2022-10-08,INTC,24.63,25.06,25.16,24.56,26.02,57215512,1481578518.5864,24.79,1.39,4126999040,4126999000.0,100839102384.66,106146400000.0
2022-10-07,INTC,26.02,26.27,26.58,25.85,26.46,33985133,926210525.6576,26.09,0.82,4126999040,4126999000.0,106563214767.3,112171800000.0
2022-10-06,INTC,26.46,26.2,26.66,25.75,26.52,30119961,826850307.9757,26.28,0.73,4126999040,4126999000.0,108366740792.32,114070200000.0
2022-10-05,INTC,26.52,26.26,26.61,25.94,25.82,42427481,1169267646.5126,26.39,1.03,4126999040,4126999000.0,108601967975.65,114317800000.0
2022-10-04,INTC,25.82,25.21,26.09,24.96,24.67,44096180,1185450879.8902,25.74,1.07,4126999040,4126999000.0,105739913744.66,111305100000.0
2022-10-01,INTC,24.67,25.18,25.44,24.65,25.26,43820965,1143205936.1213,24.98,1.07,4105999360,4105999000.0,100521042835.34,105811600000.0
2022-09-30,INTC,25.26,25.64,25.64,25.07,25.98,41831293,1102902704.6037,25.24,1.02,4105999360,4105999000.0,102900469464.46,108316300000.0
2022-09-29,INTC,25.98,25.72,26.12,25.47,25.75,40433356,1092929624.289,25.88,0.98,4105999360,4105999000.0,105825994008.46,111395800000.0
2022-09-28,INTC,25.75,26.23,26.42,25.49,25.82,44121430,1187735350.321,25.77,1.07,4105999360,4105999000.0,104889806650.88,110410300000.0
2022-09-27,INTC,25.82,26.39,26.52,25.72,26.35,44786415,1216716970.1601,26.01,1.09,4105999360,4105999000.0,105201870403.64,110738800000.0
2022-09-24,INTC,26.35,26.71,26.71,26.03,26.88,43491059,1194069031.3209,26.29,1.06,4105999360,4105999000.0,107347266771.34,112997100000.0
2022-09-23,INTC,26.88,27.19,27.29,26.85,27.26,36092668,1017575242.5472,26.99,0.88,4105999360,4105999000.0,109492663139.04,115255400000.0
2022-09-22,INTC,27.26,27.91,28.33,27.25,27.73,39977313,1158578350.4124,27.75,0.97,4105999360,4105999000.0,111052919491.64,116897800000.0
2022-09-21,INTC,27.73,27.83,27.92,27.49,28.19,31129028,901512059.7489,27.73,0.76,4105999360,4105999000.0,112964281697.22,118909700000.0
2022-09-20,INTC,28.19,27.79,28.25,27.67,28.0,33151883,970127132.6324,28.02,0.81,4105999360,4105999000.0,114836601802.58,120880600000.0
2022-09-17,INTC,28.0,27.48,28.07,27.21,27.61,72748000,2111933220.384,27.8,1.77,4105999360,4105999000.0,114056473626.28,120059400000.0
2022-09-16,INTC,27.61,27.91,28.16,27.49,27.94,39919106,1155977192.1143,27.73,0.97,4105999360,4105999000.0,112496158763.18,118416900000.0
2022-09-15,INTC,27.94,28.29,28.5,27.78,28.04,40767168,1193393901.1014,28.03,0.99,4105999360,4105999000.0,113822380953.66,119812900000.0
2022-09-14,INTC,28.04,29.52,29.61,28.01,30.22,71417875,2125931736.8983,28.5,1.74,4105999360,4105999000.0,114251461787.48,120264600000.0
2022-09-13,INTC,30.22,30.39,30.5,29.78,30.12,38305493,1208871600.2446,30.22,0.93,4105999360,4105999000.0,123106065010.12,129585300000.0
2022-09-10,INTC,30.12,29.86,30.16,29.75,29.44,34081211,1069348980.6167,30.04,0.83,4105999360,4105999000.0,122716030177.22,129174700000.0
2022-09-09,INTC,29.44,29.08,29.53,28.64,29.35,37359473,1138290764.3289,29.17,0.91,4105999360,4105999000.0,119946506304.0,126259400000.0
2022-09-08,INTC,29.35,29.13,29.48,28.77,29.07,37329543,1138864928.2975,29.21,0.91,4105999360,4105999000.0,119556412960.6,125848800000.0
2022-09-07,INTC,29.07,30.05,30.05,29.04,29.89,46989602,1438567587.4516,29.31,1.14,4105999360,4105999000.0,118425237441.82,124658100000.0
2022-09-03,INTC,29.89,30.84,31.0,29.74,30.41,34893282,1101207415.0495,30.22,0.85,4105999360,4105999000.0,121779842819.64,128189300000.0
2022-09-02,INTC,30.41,30.23,30.47,29.81,30.56,36440680,1147670136.9374,30.15,0.89,4105999360,4105999000.0,123886193186.42,130406400000.0
2022-09-01,INTC,30.56,31.01,31.01,30.42,30.89,44074489,1409678191.7291,30.62,1.07,4105999360,4105999000.0,123199685737.29,131063400000.0
2022-08-31,INTC,30.89,31.63,31.66,30.78,31.54,40182454,1303089136.7794,31.05,0.98,4105999360,4105999000.0,124511947694.19,132459400000.0
2022-08-30,INTC,31.54,31.81,31.99,31.41,31.94,32976762,1090076316.1585,31.65,0.8,4105999360,4105999000.0,127136533362.21,135251600000.0
2022-08-27,INTC,31.94,33.46,33.54,31.93,33.41,44851477,1517760840.1972,32.4,1.09,4105999360,4105999000.0,128757574190.26,136976100000.0
2022-08-26,INTC,33.41,32.43,33.44,32.38,32.42,29799149,1030400993.5501,33.11,0.73,4105999360,4105999000.0,134662818610.18,143258300000.0
2022-08-25,INTC,32.42,32.53,32.54,32.17,32.51,25105653,848555832.2686,32.36,0.61,4105999360,4105999000.0,130687393889.46,139029100000.0
2022-08-24,INTC,32.51,32.53,32.93,32.47,32.4,30687098,1046543553.3755,32.65,0.75,4105999360,4105999000.0,131034745996.76,139398600000.0
2022-08-23,INTC,32.4,33.51,33.57,32.3,33.88,51006129,1737962131.0576,32.62,1.24,4105999360,4105999000.0,130610185662.94,138946900000.0
2022-08-20,INTC,33.88,34.28,34.49,33.69,34.66,31425532,1114082499.1023,33.94,0.77,4105999360,4105999000.0,136554061213.59,145270300000.0
2022-08-19,INTC,34.66,34.16,34.78,34.06,34.26,24598227,888008170.8224,34.56,0.6,4105999360,4105999000.0,139718934643.16,148637100000.0
2022-08-18,INTC,34.26,34.29,34.54,33.77,34.65,29176063,1040223102.0143,34.14,0.71,4105999360,4105999000.0,138097893815.11,146912600000.0
2022-08-17,INTC,34.65,34.62,35.02,34.18,34.79,25000239,904683573.6923,34.65,0.61,4105999360,4105999000.0,139680361407.01,148596100000.0
2022-08-16,INTC,34.79,34.56,34.88,34.19,34.57,25400551,918745651.4375,34.63,0.62,4105999360,4105999000.0,140259284158.94,149211900000.0
2022-08-13,INTC,34.57,34.28,34.6,34.15,34.08,37675227,1353094625.8378,34.39,0.92,4105999360,4105999000.0,139371582535.86,148267600000.0
2022-08-12,INTC,34.08,34.12,34.75,33.98,33.87,35569723,1274057822.5267,34.3,0.87,4105999360,4105999000.0,137364554610.14,146132500000.0
2022-08-11,INTC,33.87,33.5,33.89,33.12,33.05,42243305,1483217270.3599,33.62,1.03,4105999360,4105999000.0,136515430082.85,145229100000.0
2022-08-10,INTC,33.05,33.72,33.8,32.94,33.88,48202282,1671380483.1572,33.2,1.17,4105999360,4105999000.0,133234771330.96,141739100000.0
2022-08-09,INTC,33.88,33.86,34.43,33.7,33.88,41601567,1475378481.6605,33.96,1.01,4105999360,4105999000.0,136554061213.59,145270300000.0
2022-08-06,INTC,33.88,33.84,34.17,33.68,34.14,40205090,1422448324.6176,33.87,0.98,4105999360,4105999000.0,136592638309.38,145311300000.0
2022-08-05,INTC,34.14,34.48,34.56,33.86,34.62,54046258,1923652139.0241,34.08,1.32,4105999360,4105999000.0,137634756385.5,146419900000.0
2022-08-04,INTC,34.62,34.21,34.68,33.42,34.13,59513860,2146004266.8401,34.18,1.45,4105999360,4105999000.0,140954050127.76,149951100000.0
2022-08-03,INTC,34.13,34.68,34.75,34.12,35.03,53929372,1955635100.3226,34.37,1.31,4105999360,4105999000.0,138985595438.19,147856900000.0
2022-08-02,INTC,35.03,34.17,35.73,34.17,34.42,52513446,1942472682.6207,35.06,1.28,4105999360,4105999000.0,142652299182.34,151757700000.0
2022-07-30,INTC,34.42,33.75,34.71,33.4,37.64,125292380,4508759182.7344,34.11,3.05,4105999360,4105999000.0,140143498836.63,149088800000.0
2022-07-29,INTC,37.64,38.0,38.03,37.01,38.09,56662305,2251561455.9833,37.67,1.38,4105999360,4105999000.0,153266307527.94,163049200000.0
2022-07-28,INTC,38.09,37.22,38.32,37.19,36.93,42571579,1696949967.6769,37.78,1.04,4105999360,4105999000.0,155080284010.24,164979000000.0
2022-07-27,INTC,36.93,37.06,37.5,36.85,37.12,35925485,1405836222.7219,37.09,0.87,4105999360,4105999000.0,150371577979.14,159969700000.0
2022-07-26,INTC,37.12,37.24,37.36,36.54,37.16,32263403,1259921441.4201,37.02,0.79,4105999360,4105999000.0,151143494279.9,160790900000.0
2022-07-23,INTC,37.16,38.27,38.4,36.91,38.49,41349965,1630573968.8774,37.38,1.01,4105999360,4105999000.0,151297852838.36,160955100000.0
2022-07-22,INTC,38.49,38.4,38.53,37.75,38.45,29661200,1197378152.2,38.27,0.72,4105999360,4105999000.0,156739959828.66,166744600000.0
2022-07-21,INTC,38.45,38.11,38.55,37.5,38.12,36387872,1468978247.0885,38.27,0.89,4105999360,4105999000.0,156546966279.83,166539300000.0
2022-07-20,INTC,38.12,37.27,38.61,37.2,36.69,53095321,2127704939.4106,37.99,1.29,4105999360,4105999000.0,155234704322.93,165143300000.0
2022-07-19,INTC,36.69,37.06,37.29,36.52,36.61,30814368,1197692762.9809,36.84,0.75,4105999360,4105999000.0,149406668129.54,158943200000.0
2022-07-16,INTC,36.61,36.28,36.66,35.76,35.75,32892293,1261261553.5436,36.35,0.8,4105999360,4105999000.0,149059258127.65,158573600000.0
2022-07-15,INTC,35.75,35.06,36.17,34.4,35.27,36690676,1367535022.6347,35.33,0.89,4105999360,4105999000.0,145547028731.14,154837200000.0
2022-07-14,INTC,35.27,34.77,35.48,34.71,35.27,27059157,1004427952.4478,35.19,0.66,4105999360,4105999000.0,143617209031.94,152784200000.0
2022-07-13,INTC,35.27,35.69,35.74,35.06,35.26,30546282,1138435370.9293,35.33,0.74,4105999360,4105999000.0,143617209031.94,152784200000.0
2022-07-12,INTC,35.26,35.7,35.71,35.1,36.01,25946879,967476217.6316,35.34,0.63,4105999360,4105999000.0,143578574041.56,152743100000.0
2022-07-09,INTC,36.01,35.7,36.15,35.44,36.15,22566348,853405054.4258,35.85,0.55,4105999360,4105999000.0,146627723903.05,155986900000.0
2022-07-08,INTC,36.15,35.92,36.33,35.76,35.06,33165411,1262643877.7146,36.09,0.81,4105999360,4105999000.0,147206646654.98,156602800000.0
2022-07-07,INTC,35.06,34.9,35.47,34.56,34.78,26258325,969367975.6617,34.99,0.64,4105999360,4105999000.0,142768084504.65,151880900000.0
2022-07-06,INTC,34.78,34.06,34.83,33.69,34.45,33225868,1201839418.8965,34.29,0.81,4105999360,4105999000.0,141610181106.21,150649100000.0
2022-07-02,INTC,34.45,35.16,35.26,34.01,35.46,40596290,1473641145.5821,34.41,0.99,4089000960,4089000000.0,139678625662.23,148594300000.0
2022-07-01,INTC,35.46,35.27,36.02,34.81,35.35,35141047,1315364530.257,35.48,0.86,4089000960,4089000000.0,143791369733.43,152969500000.0
2022-06-30,INTC,35.35,35.58,35.64,35.09,35.81,25437196,947192047.1052,35.3,0.62,4089000960,4089000000.0,143330091988.53,152478800000.0
2022-06-29,INTC,35.81,36.57,36.99,35.77,36.62,37842731,1444672935.0504,36.19,0.93,4089000960,4089000000.0,145213505049.01,154482400000.0
2022-06-28,INTC,36.62,36.84,37.02,36.47,36.6,29585325,1145913570.9772,36.71,0.72,4089000960,4089000000.0,148480639878.02,157958100000.0
2022-06-25,INTC,36.6,35.87,36.63,35.77,35.46,38159915,1466912657.3786,36.44,0.93,4089000960,4089000000.0,148403751285.32,157876300000.0
2022-06-24,INTC,35.46,35.65,35.66,34.99,35.43,30162973,1124331092.4734,35.33,0.74,4089000960,4089000000.0,143791369733.43,152969500000.0
2022-06-23,INTC,35.43,35.38,35.8,35.28,35.76,32591524,1221005530.8006,35.51,0.8,4089000960,4089000000.0,143676063750.02,152846800000.0
2022-06-22,INTC,35.76,35.41,36.04,35.38,35.04,34004879,1283970095.2726,35.79,0.83,4089000960,4089000000.0,145021310472.91,154277900000.0
2022-06-18,INTC,35.04,35.53,36.13,34.69,35.39,71393188,2643426096.5967,35.1,1.75,4089000960,4089000000.0,142100151249.05,151170300000.0
2022-06-17,INTC,35.39,35.73,35.82,35.01,36.64,45576547,1700784243.0179,35.37,1.11,4089000960,4089000000.0,143522286564.63,152683300000.0
2022-06-16,INTC,36.64,36.55,37.13,35.94,35.95,37652258,1452963172.2233,36.58,0.92,4089000960,4089000000.0,148557470815.79,158039800000.0
2022-06-15,INTC,35.95,36.03,36.21,35.58,35.8,31351684,1187604831.0333,35.91,0.77,4089000960,4089000000.0,145790031122.41,155095700000.0
2022-06-14,INTC,35.8,36.54,36.79,35.71,37.14,50335922,1916927967.7572,36.1,1.23,4089000960,4089000000.0,145175091501.95,154441600000.0
2022-06-11,INTC,37.14,37.77,37.99,37.14,37.93,43084434,1698207562.9105,37.36,1.05,4089000960,4089000000.0,150594607250.41,160207000000.0
2022-06-10,INTC,37.93,38.87,39.2,37.93,39.08,39047184,1588232416.9504,38.56,0.95,4089000960,4089000000.0,153784853486.72,163600900000.0
2022-06-09,INTC,39.08,40.05,40.06,38.89,41.26,59649875,2471909192.1615,39.28,1.46,4089000960,4089000000.0,158474123631.31,168589400000.0
2022-06-08,INTC,41.26,40.82,41.32,40.44,41.08,25168688,1090815845.8142,41.08,0.62,4089000960,4089000000.0,167314555237.81,177994100000.0
2022-06-07,INTC,41.08,41.53,41.75,40.84,41.13,25437063,1105693268.8197,41.2,0.62,4089000960,4089000000.0,166584251979.03,177217200000.0
2022-06-04,INTC,41.13,41.81,41.94,41.08,42.5,33174657,1447984007.4282,41.37,0.81,4089000960,4089000000.0,166776446555.14,177421700000.0
2022-06-03,INTC,42.5,41.89,42.54,41.65,41.81,28727637,1278061170.8228,42.17,0.7,4089000960,4089000000.0,172349743332.63,183350800000.0
2022-06-02,INTC,41.81,42.44,42.59,41.26,42.11,29885543,1319067147.1684,41.84,0.73,4089000960,4089000000.0,169543886248.52,180365800000.0
2022-06-01,INTC,42.11,41.94,42.42,41.37,42.23,41111477,1824223329.8876,42.06,1.01,4089000960,4089000000.0,170735413440.95,181633400000.0
2022-05-28,INTC,42.23,41.32,42.23,41.28,41.21,30553321,1353273987.7161,41.98,0.75,4089000960,4089000000.0,171235108576.56,182164900000.0
2022-05-27,INTC,41.21,39.97,41.4,39.89,40.0,28826684,1249351482.5351,41.08,0.7,4089000960,4089000000.0,167122360661.71,177789700000.0
2022-05-26,INTC,40.0,39.28,40.3,39.23,39.5,26283083,1103505700.422,39.8,0.64,4089000960,4089000000.0,162202478550.3,172555800000.0
2022-05-25,INTC,39.5,39.53,39.71,38.96,39.81,29837489,1239428615.6801,39.37,0.73,4089000960,4089000000.0,160165345959.35,170388600000.0
2022-05-24,INTC,39.81,39.52,40.05,39.17,39.48,27199489,1139242572.9157,39.7,0.67,4089000960,4089000000.0,161433757900.8,171738000000.0
2022-05-21,INTC,39.48,40.04,40.09,38.21,39.82,44802286,1845643522.8512,39.05,1.1,4089000960,4089000000.0,160088453522.99,170306800000.0
2022-05-20,INTC,39.82,40.11,40.48,39.55,40.14,29181008,1230907268.1684,39.98,0.71,4089000960,4089000000.0,161472175291.52,171778800000.0
2022-05-19,INTC,40.14,41.69,41.69,40.02,42.09,35218395,1504593297.9478,40.5,0.86,4089000960,4089000000.0,162779066122.27,173169200000.0
2022-05-18,INTC,42.09,41.54,42.11,41.38,40.84,28596629,1262469878.9539,41.85,0.7,4089000960,4089000000.0,170658521004.59,181551600000.0
2022-05-17,INTC,40.84,41.16,41.34,40.56,41.33,25071907,1081747434.8968,40.9,0.61,4089000960,4089000000.0,165584919362.71,176154100000.0
2022-05-14,INTC,41.33,41.16,41.56,40.73,40.61,32034141,1393215822.4766,41.23,0.78,4089000960,4089000000.0,167583642250.27,178280400000.0
2022-05-13,INTC,40.61,40.5,40.67,39.82,40.6,42329641,1799390836.2579,40.29,1.04,4089000960,4089000000.0,164662421527.83,175172800000.0
2022-05-12,INTC,40.6,41.73,41.98,40.55,41.72,40351665,1746064764.7897,41.02,0.99,4089000960,4089000000.0,164624004137.11,175131900000.0
2022-05-11,INTC,41.72,42.04,42.4,41.23,40.83,42770024,1883266590.9275,41.74,1.05,4089000960,4089000000.0,169159497096.32,179956900000.0
2022-05-10,INTC,40.83,41.53,41.9,40.64,41.99,44925770,1949033009.6242,41.12,1.1,4089000960,4089000000.0,165546505815.66,176113300000.0
2022-05-07,INTC,41.99,42.17,42.8,41.56,42.28,40916579,1818340994.9924,42.12,1.0,4089000960,4089000000.0,170274193350.96,181142700000.0
2022-05-06,INTC,42.28,43.22,43.52,41.83,43.77,52996676,2381893152.4825,42.6,1.3,4089000960,4089000000.0,171427303152.67,182369400000.0
2022-05-05,INTC,43.77,42.38,43.86,41.77,42.38,44625614,2035187050.0893,42.89,1.09,4089000960,4089000000.0,178883955335.73,190302000000.0
2022-05-04,INTC,42.38,42.12,42.78,41.6,42.28,40158387,1806279992.7175,42.3,0.98,4089000960,4089000000.0,173195352574.82,184250300000.0
2022-05-03,INTC,42.28,41.12,42.31,40.92,40.99,45446473,2010652084.1,41.61,1.11,4089000960,4089000000.0,172811021077.53,183841500000.0
2022-04-30,INTC,40.99,42.31,42.66,40.91,44.05,70765875,3113676916.4081,41.38,1.73,4089000960,4089000000.0,167545167204.63,178239500000.0
2022-04-29,INTC,44.05,43.06,44.46,42.83,42.53,41097043,1913687670.417,43.79,1.01,4089000960,4089000000.0,180037065137.43,191528800000.0
2022-04-28,INTC,42.53,42.77,43.32,42.33,42.81,28320903,1286426126.1123,42.72,0.69,4089000960,4089000000.0,173810353693.85,184904600000.0
2022-04-27,INTC,42.81,43.91,44.05,42.8,44.26,35356575,1622976645.3785,43.17,0.86,4089000960,4089000000.0,174963463495.55,186131300000.0
2022-04-26,INTC,44.26,43.46,44.33,43.43,43.77,35999250,1681251121.2053,43.92,0.88,4089000960,4089000000.0,180882674379.62,192428300000.0
2022-04-23,INTC,43.77,44.62,44.81,43.73,44.67,28219860,1324078794.2853,44.13,0.69,4089000960,4089000000.0,178883955335.73,190302000000.0
2022-04-22,INTC,44.67,45.73,45.99,44.58,45.25,27316887,1310311932.3684,45.11,0.67,4089000960,4089000000.0,182573892864.0,194227500000.0
2022-04-21,INTC,45.25,45.48,45.85,45.12,45.08,22787141,1100094646.547,45.4,0.56,4089000960,4089000000.0,184918529858.12,196721800000.0
2022-04-20,INTC,45.08,43.83,45.14,43.58,43.86,31483102,1499102690.5577,44.78,0.77,4089000960,4089000000.0,184226640146.41,195985800000.0
2022-04-19,INTC,43.86,42.82,44.1,42.81,42.95,25593059,1189650018.5661,43.72,0.63,4089000960,4089000000.0,179268344487.94,190710900000.0
2022-04-15,INTC,42.95,43.96,43.97,42.9,44.21,36181844,1662823405.0819,43.22,0.88,4089000960,4089000000.0,175539989568.95,186744600000.0
2022-04-14,INTC,44.21,43.97,44.45,43.78,43.73,22171270,1039998891.8675,44.11,0.54,4089000960,4089000000.0,180690479803.52,192223900000.0
2022-04-13,INTC,43.73,44.5,45.06,43.65,43.8,29861379,1401988937.0804,44.15,0.73,4089000960,4089000000.0,178730231961.6,190138500000.0
2022-04-12,INTC,43.8,44.11,44.48,43.76,44.22,30352477,1421816438.4644,44.05,0.74,4089000960,4089000000.0,178999318974.06,190424800000.0
2022-04-09,INTC,44.22,44.46,44.75,44.06,44.73,22167258,1045536523.8782,44.36,0.54,4089000960,4089000000.0,180728954849.15,192264800000.0
2022-04-08,INTC,44.73,44.6,45.06,43.99,44.71,24116973,1141634870.0411,44.52,0.59,4089000960,4089000000.0,182804504830.82,194472800000.0
2022-04-07,INTC,44.71,44.62,45.3,44.43,45.26,31518747,1499520179.4172,44.74,0.77,4089000960,4089000000.0,182727616238.13,194391000000.0
2022-04-06,INTC,45.26,45.92,46.06,45.16,46.27,25779172,1246938446.5233,45.49,0.63,4089000960,4089000000.0,184995418450.82,196803600000.0
2022-04-05,INTC,46.27,45.3,46.3,45.06,45.25,23811325,1164476109.7635,45.99,0.58,4089000960,4089000000.0,189108104867.1,201178800000.0
2022-04-02,INTC,45.25,46.86,46.93,44.51,46.61,46598563,2239960584.0073,45.21,1.14,4088696320,4088696000.0,184904753001.26,196707100000.0
2022-04-01,INTC,46.61,48.15,48.21,46.56,48.37,43698250,2190099438.5767,47.13,1.07,4088696320,4088696000.0,190477634555.3,202635800000.0
2022-03-31,INTC,48.37,49.14,49.38,48.17,49.14,24623262,1275430948.1632,48.71,0.6,4088696320,4088696000.0,197664725729.72,210281600000.0
2022-03-30,INTC,49.14,48.9,49.18,48.22,48.44,27303708,1416314460.1193,48.78,0.67,4088696320,4088696000.0,200816319756.8,213634400000.0
2022-03-29,INTC,48.44,48.3,48.5,47.55,48.74,22932368,1172554839.4109,48.09,0.56,4088696320,4088696000.0,197972203379.74,210608700000.0
2022-03-26,INTC,48.74,47.67,48.88,47.45,48.55,33249493,1713130219.336,48.46,0.81,4088696320,4088696000.0,199202110136.41,211917100000.0
2022-03-25,INTC,48.55,45.76,48.57,45.7,45.4,51677907,2625749648.6246,47.78,1.26,4088696320,4088696000.0,198394978422.6,211058400000.0
2022-03-24,INTC,45.4,45.57,46.63,45.2,45.51,37126379,1806521597.732,45.76,0.91,4088696320,4088696000.0,185519708301.29,197361400000.0
2022-03-23,INTC,45.51,44.67,45.58,44.58,44.57,27923325,1343248896.4091,45.24,0.68,4088696320,4088696000.0,185980894029.31,197851900000.0
2022-03-22,INTC,44.57,44.63,45.04,44.26,44.62,32910942,1558444803.4371,44.53,0.8,4088696320,4088696000.0,182137519488.51,193763300000.0
2022-03-19,INTC,44.62,44.03,44.77,43.59,44.33,46237118,2186118403.8881,44.47,1.13,4088696320,4088696000.0,182368110430.84,194008600000.0
2022-03-18,INTC,44.33,43.56,44.47,43.01,43.85,28554989,1335191479.9853,43.97,0.7,4066997760,4066997000.0,180215177942.02,191718200000.0
2022-03-17,INTC,43.85,42.6,43.85,42.57,42.14,38885497,1794293721.384,43.4,0.96,4066997760,4066997000.0,178265478330.76,189644100000.0
2022-03-16,INTC,42.14,41.85,42.23,41.45,41.76,34448891,1535645438.5525,41.92,0.85,4066997760,4066997000.0,171307631802.11,182242100000.0
2022-03-15,INTC,41.76,43.17,43.24,41.66,43.1,35993899,1611079612.4785,42.09,0.89,4066997760,4066997000.0,169740195573.49,180574600000.0
2022-03-12,INTC,43.1,44.34,44.46,43.04,43.88,27082086,1253805632.0065,43.54,0.67,4066997760,4066997000.0,175207084546.31,186390400000.0
2022-03-11,INTC,43.88,44.47,44.49,43.41,44.79,36455954,1697571607.3779,43.79,0.9,4066997760,4066997000.0,178380163844.62,189766100000.0
2022-03-10,INTC,44.79,45.53,45.57,44.09,44.67,36076458,1716618705.3401,44.75,0.89,4066997760,4066997000.0,182088456225.16,193711100000.0
2022-03-09,INTC,44.67,44.85,45.82,44.1,44.84,44813946,2136545387.3572,44.84,1.1,4066997760,4066997000.0,181591449984.0,193182400000.0
2022-03-08,INTC,44.84,45.15,45.65,44.77,45.21,43813747,2099519924.3111,45.07,1.08,4066997760,4066997000.0,182279559244.15,193914400000.0
2022-03-05,INTC,45.21,44.55,45.39,44.55,45.08,38324993,1833318427.5973,44.99,0.94,4066997760,4066997000.0,183770577967.63,195500600000.0
2022-03-04,INTC,45.08,45.31,45.66,44.79,45.96,36389883,1748621177.4793,45.19,0.89,4066997760,4066997000.0,183235303717.75,194931100000.0
2022-03-03,INTC,45.96,44.69,46.07,44.65,44.03,46936508,2274501263.3784,45.57,1.15,4066997760,4066997000.0,186828914407.42,198754100000.0
2022-03-02,INTC,44.03,44.71,45.05,43.47,44.86,53852981,2517955580.346,43.97,1.32,4066997760,4066997000.0,178991855599.63,190416800000.0
2022-03-01,INTC,44.86,44.2,44.97,44.06,44.87,41946114,1988963040.2033,44.59,1.03,4066997760,4066997000.0,184295991903.46,193995800000.0
2022-02-26,INTC,44.87,44.14,44.94,43.5,43.94,39266333,1855899865.7769,44.45,0.97,4066997760,4066997000.0,184334667018.66,194036400000.0
2022-02-25,INTC,43.94,41.29,44.0,41.03,41.99,72740063,3308530774.7708,42.78,1.79,4066997760,4066997000.0,180509636307.14,190010100000.0
2022-02-24,INTC,41.99,42.48,42.99,41.9,42.03,38176735,1719426887.8547,42.36,0.94,4066997760,4066997000.0,172511854302.91,181591400000.0
2022-02-23,INTC,42.03,42.03,42.7,41.24,42.36,57093317,2546693364.9052,41.95,1.4,4066997760,4066997000.0,172666434990.62,181754100000.0
2022-02-19,INTC,42.36,43.44,43.46,41.86,44.74,76520125,3448715892.1146,42.39,1.88,4066997760,4066997000.0,174018676972.99,183177500000.0
2022-02-18,INTC,44.74,45.01,45.39,44.56,45.36,32030625,1528588003.7794,44.88,0.79,4066997760,4066997000.0,183793760180.22,193467100000.0
2022-02-17,INTC,45.36,45.2,45.6,44.77,45.56,26022942,1252541527.0012,45.27,0.64,4066997760,4066997000.0,186343721411.97,196151300000.0
2022-02-16,INTC,45.56,44.86,45.57,44.38,44.75,35857524,1725216602.1069,45.25,0.88,4066997760,4066997000.0,187155114510.62,197005300000.0
2022-02-15,INTC,44.75,45.07,45.31,44.31,44.79,28456926,1354504260.3461,44.76,0.7,4066997760,4066997000.0,183832373477.06,193507700000.0
2022-02-12,INTC,44.79,46.04,46.19,44.67,45.95,37208227,1791393660.9048,45.28,0.91,4066997760,4066997000.0,184025567461.6,193711100000.0
2022-02-11,INTC,45.95,46.25,46.96,45.86,46.94,32762684,1612336895.3811,46.28,0.81,4066997760,4066997000.0,188777838889.57,198713500000.0
2022-02-10,INTC,46.94,46.39,46.99,45.92,45.9,35217301,1747852045.9767,46.68,0.87,4066997760,4066997000.0,192834680746.11,202983800000.0
2022-02-09,INTC,45.9,45.12,46.03,45.05,45.31,28051184,1362524550.1952,45.68,0.69,4066997760,4066997000.0,188584644905.02,198510100000.0
2022-02-08,INTC,45.31,45.26,45.76,45.1,45.15,27558469,1329781505.387,45.38,0.68,4066997760,4066997000.0,186150527427.42,195947900000.0
2022-02-05,INTC,45.15,45.01,45.37,44.32,45.06,32431493,1551340911.4647,44.99,0.8,4066997760,4066997000.0,185493715016.48,195256500000.0
2022-02-04,INTC,45.06,45.97,46.37,45.03,46.21,42145836,2053260964.6855,45.47,1.04,4066997760,4066997000.0,186536915396.51,196354600000.0
2022-02-03,INTC,46.21,45.03,46.28,44.88,45.69,37962661,1862914975.5023,45.8,0.93,4066997760,4066997000.0,191289186824.48,201357000000.0
2022-02-02,INTC,45.69,45.52,45.76,45.14,45.57,35386063,1724221234.9659,45.48,0.87,4066997760,4066997000.0,189125551743.46,199079500000.0
2022-02-01,INTC,45.57,44.5,45.61,44.15,44.55,51828446,2500562006.8027,45.03,1.27,4066997760,4066997000.0,188623320020.22,198550800000.0
2022-01-29,INTC,44.55,44.53,44.99,43.21,44.85,61945407,2916761372.0566,43.95,1.52,4066997760,4066997000.0,184411897475.97,194117800000.0
2022-01-28,INTC,44.85,46.65,46.72,44.6,48.24,89642750,4332523212.3935,45.11,2.2,4066997760,4066997000.0,185648295704.19,195419200000.0
2022-01-27,INTC,48.24,47.72,49.21,47.37,47.6,54895395,2845585307.6037,48.38,1.35,4066997760,4066997000.0,199711970094.62,210223100000.0
2022-01-26,INTC,47.6,47.61,48.18,46.9,48.48,44095360,2250450616.5786,47.63,1.08,4066997760,4066997000.0,197046041472.0,207416800000.0
2022-01-25,INTC,48.48,48.05,48.65,46.56,48.57,64273633,3288335474.7295,47.75,1.58,4066997760,4066997000.0,200677882062.62,211239800000.0
2022-01-22,INTC,48.57,48.61,49.59,48.49,48.57,46372372,2431480049.9526,48.94,1.14,4070999040,4070999000.0,201262027334.83,211854700000.0
2022-01-21,INTC,48.57,50.27,50.48,48.48,50.05,28582606,1514726801.6838,49.46,0.7,4067000320,4067000000.0,201064338638.26,211646600000.0
2022-01-20,INTC,50.05,50.99,51.19,49.99,51.11,30595114,1654562348.5402,50.47,0.75,4067000320,4067000000.0,207168913845.88,218072500000.0
2022-01-19,INTC,51.11,51.62,51.94,51.04,51.99,35332590,1942843902.7699,51.32,0.87,4067000320,4067000000.0,211573471328.79,222708900000.0
2022-01-15,INTC,51.99,51.19,52.05,50.9,51.28,30151532,1669258310.8013,51.67,0.74,4067000320,4067000000.0,215205310341.85,226531900000.0
2022-01-14,INTC,51.28,52.27,52.46,51.12,52.02,29605352,1637821155.0361,51.63,0.73,4067000320,4067000000.0,212268959292.71,223440900000.0
2022-01-13,INTC,52.02,52.39,52.53,51.16,52.18,29136786,1618359160.6014,51.84,0.72,4067000320,4067000000.0,215359891126.86,226694600000.0
2022-01-12,INTC,52.18,51.8,52.34,51.08,51.53,39795188,2212134830.9536,51.88,0.98,4067000320,4067000000.0,216016703951.24,227385900000.0
2022-01-11,INTC,51.53,50.37,51.62,49.76,49.88,49260829,2683798929.0806,50.85,1.21,4067000320,4067000000.0,213312160329.39,224539100000.0
2022-01-08,INTC,49.88,50.58,50.76,49.61,50.41,30717219,1648074237.7494,50.08,0.76,4067000320,4067000000.0,206473483836.71,217340400000.0
2022-01-07,INTC,50.41,50.97,51.03,49.85,50.28,35757883,1928819614.2071,50.35,0.88,4067000320,4067000000.0,208675733600.79,219658600000.0
2022-01-06,INTC,50.28,50.58,52.43,50.24,49.6,59109325,3244197865.3741,51.23,1.45,4067000320,4067000000.0,208134826421.88,219089300000.0
2022-01-05,INTC,49.6,50.0,50.34,49.14,49.66,45681383,2435155938.8597,49.75,1.12,4067000320,4067000000.0,205314377154.56,216120300000.0
2022-01-04,INTC,49.66,48.21,49.68,48.16,48.07,33892934,1789584265.2133,49.28,0.83,4067000320,4067000000.0,205584859721.39,216405100000.0
2022-01-01,INTC,48.07,48.43,48.68,48.03,48.29,16318965,842861503.397,48.21,0.4,4067000320,4067000000.0,198977990656.0,209450500000.0
2021-12-31,INTC,48.29,48.46,48.66,48.21,48.38,18359360,953594448.2362,48.48,0.45,4067000320,4067000000.0,199905289910.86,210426600000.0
2021-12-30,INTC,48.38,48.36,48.66,48.22,48.31,14174782,735231824.2571,48.41,0.35,4067000320,4067000000.0,200253002983.62,210792600000.0
2021-12-29,INTC,48.31,48.47,48.65,48.19,48.48,19290438,999215617.7099,48.35,0.47,4067000320,4067000000.0,199982520416.79,210507900000.0
2021-12-28,INTC,48.48,47.93,48.59,47.88,47.89,20990715,1087558373.1324,48.36,0.52,4067000320,4067000000.0,200678008380.71,211239900000.0
2021-12-24,INTC,47.89,47.68,48.28,47.65,47.57,25198250,1295804710.9123,48.0,0.62,4067000320,4067000000.0,198243889370.94,208677800000.0
2021-12-23,INTC,47.57,47.26,47.62,46.86,47.39,23307950,1182395848.0873,47.35,0.57,4067000320,4067000000.0,196930263722.18,207294900000.0
2021-12-22,INTC,47.39,46.61,47.45,46.61,46.29,31956293,1614297482.2353,47.15,0.79,4067000320,4067000000.0,196157545252.33,206481600000.0
2021-12-21,INTC,46.29,46.58,46.79,45.7,47.25,30140278,1489041312.5092,46.11,0.74,4067000320,4067000000.0,191637082123.95,201723200000.0
2021-12-18,INTC,47.25,47.22,47.62,46.68,47.44,50190418,2540985674.5675,47.25,1.23,4067000320,4067000000.0,195577962933.88,205871500000.0
2021-12-17,INTC,47.44,47.36,47.97,47.2,47.29,33132254,1686435074.9577,47.51,0.81,4067000320,4067000000.0,196389352679.62,206725600000.0
2021-12-16,INTC,47.29,46.55,47.4,46.04,46.39,32590325,1629444649.056,46.67,0.8,4067000320,4067000000.0,195771157040.03,206074900000.0
2021-12-15,INTC,46.39,46.5,46.92,46.03,46.67,34120383,1694622976.1984,46.36,0.84,4067000320,4067000000.0,192023408517.85,202129900000.0
2021-12-14,INTC,46.67,47.46,47.62,46.62,47.22,35726895,1792397028.9206,46.83,0.88,4067000320,4067000000.0,193182515200.0,203350000000.0
2021-12-11,INTC,47.22,47.45,47.67,46.71,47.12,23783633,1200985657.327,47.13,0.58,4067000320,4067000000.0,195462057288.41,205749400000.0
2021-12-10,INTC,47.12,47.88,48.15,47.07,48.3,31694243,1610612685.3796,47.43,0.78,4067000320,4067000000.0,195037051891.32,205302100000.0
2021-12-09,INTC,48.3,49.07,49.36,47.96,49.07,37143438,1925935695.3432,48.4,0.91,4067000320,4067000000.0,199943903232.0,210467300000.0
2021-12-08,INTC,49.07,51.02,51.33,48.73,47.59,91731438,4883947517.8285,49.69,2.26,4067000320,4067000000.0,203112127390.48,213802200000.0
2021-12-07,INTC,47.59,46.18,47.8,45.9,45.97,40335981,2047474523.2145,47.38,0.99,4067000320,4067000000.0,197007552182.86,207376300000.0
2021-12-04,INTC,45.97,46.36,46.72,45.51,46.2,32224930,1587593626.9545,45.98,0.79,4067000320,4067000000.0,190284777472.0,200299800000.0
2021-12-03,INTC,46.2,45.37,46.48,45.11,45.36,37240778,1832767834.6959,45.93,0.92,4067000320,4067000000.0,191250690048.0,201316500000.0
2021-12-02,INTC,45.36,46.52,46.95,45.29,45.92,35133403,1739356514.4018,46.21,0.86,4067000320,4067000000.0,187773431819.95,197656200000.0
2021-12-01,INTC,45.92,46.2,47.04,45.44,46.67,49460840,2436994692.5038,45.99,1.22,4067000320,4067000000.0,190091583365.85,200096400000.0
2021-11-30,INTC,46.67,46.01,46.79,45.47,45.53,31478895,1561482129.5539,46.3,0.77,4067000320,4067000000.0,193182515200.0,203350000000.0
2021-11-27,INTC,45.53,45.64,45.9,44.91,46.44,25268977,1230909887.2412,45.47,0.62,4067000320,4067000000.0,188468857965.47,198388200000.0
2021-11-25,INTC,46.44,45.6,46.46,45.39,45.83,26035782,1286032400.9483,46.1,0.64,4067000320,4067000000.0,192255219808.79,202373900000.0
2021-11-24,INTC,45.83,46.82,47.09,45.4,46.51,44713340,2203942751.13,46.01,1.1,4067000320,4067000000.0,189705256971.95,199689700000.0
2021-11-23,INTC,46.51,46.25,47.46,46.12,46.22,33389633,1676152865.2838,46.85,0.82,4067000320,4067000000.0,192525702375.62,202658600000.0
2021-11-20,INTC,46.22,46.29,46.42,45.96,46.37,27607602,1365507995.233,46.16,0.68,4067000320,4067000000.0,191327982372.33,201397800000.0
2021-11-19,INTC,46.37,46.89,46.89,45.71,46.88,30667661,1518095098.3209,46.2,0.75,4067000320,4067000000.0,191946120057.17,202048500000.0
2021-11-18,INTC,46.88,47.23,47.54,46.65,47.24,23546918,1185184716.096,46.98,0.58,4067000320,4067000000.0,194071139315.32,204285400000.0
2021-11-17,INTC,47.24,47.01,47.74,46.98,46.97,30927766,1569701650.0108,47.37,0.76,4067000320,4067000000.0,195539345749.09,205830900000.0
2021-11-16,INTC,46.97,47.05,47.26,46.78,46.96,24695782,1243025069.2097,46.98,0.61,4067000320,4067000000.0,194418914206.48,204651400000.0
2021-11-13,INTC,46.96,47.22,47.51,46.84,47.16,23884836,1206322726.164,47.14,0.59,4067000320,4067000000.0,194380239066.94,204610800000.0
2021-11-12,INTC,47.16,47.61,47.67,47.05,47.38,25419989,1288056415.1389,47.29,0.63,4067000320,4067000000.0,195230245997.47,205505400000.0
2021-11-11,INTC,47.38,47.58,47.96,47.33,47.79,25040735,1276381327.5263,47.57,0.62,4067000320,4067000000.0,196118870112.79,206440900000.0
2021-11-10,INTC,47.79,48.1,48.32,47.38,48.11,22508422,1151033298.3433,47.73,0.55,4067000320,4067000000.0,197818883973.85,208230400000.0
2021-11-09,INTC,48.11,48.03,48.52,47.66,47.53,31647844,1630088539.101,48.07,0.78,4067000320,4067000000.0,199171188625.8,209653800000.0
2021-11-06,INTC,47.53,47.18,48.14,47.17,46.96,36816157,1881408671.1234,47.7,0.91,4067000320,4067000000.0,196737069616.03,207091600000.0
2021-11-05,INTC,46.96,46.89,46.99,46.42,46.71,24805961,1242299990.2765,46.74,0.61,4067000320,4067000000.0,194380239066.94,204610800000.0
2021-11-04,INTC,46.71,46.28,46.76,46.08,46.22,23962114,1201764594.9972,46.49,0.59,4067000320,4067000000.0,194689338818.56,204936100000.0
2021-11-03,INTC,46.22,45.98,46.25,45.63,45.93,27193262,1348165652.8601,45.95,0.67,4067000320,4067000000.0,192641608021.09,202780600000.0
2021-11-02,INTC,45.93,45.79,45.97,45.42,45.42,28013743,1382668626.4612,45.75,0.69,4067000320,4067000000.0,191443888017.8,201519800000.0
2021-10-30,INTC,45.42,44.58,45.68,44.42,44.57,42300965,2062235325.9936,45.19,1.04,4067000320,4067000000.0,189318864896.0,199283000000.0
2021-10-29,INTC,44.57,44.62,44.83,44.38,44.39,31317180,1504706036.5655,44.54,0.77,4067000320,4067000000.0,185764314343.62,195541300000.0
2021-10-28,INTC,44.39,44.97,45.25,44.37,44.75,41081465,1980159724.6608,44.68,1.01,4067000320,4067000000.0,185030213058.56,194768600000.0
2021-10-27,INTC,44.75,45.79,45.83,44.43,45.8,68405375,3307700933.3054,44.82,1.68,4067000320,4067000000.0,186537032813.47,196354700000.0
2021-10-26,INTC,45.8,46.18,46.41,45.71,45.85,43178774,2143290885.0175,46.01,1.06,4067000320,4067000000.0,190902976975.24,200950400000.0
2021-10-23,INTC,45.85,46.71,46.86,45.55,51.91,109971880,5467196258.4568,46.08,2.7,4067000320,4067000000.0,191096171081.39,201153800000.0
2021-10-22,INTC,51.91,50.91,51.97,50.82,51.32,38390856,2136328477.6151,51.58,0.94,4067000320,4067000000.0,216364417024.0,227752000000.0
2021-10-21,INTC,51.32,51.21,51.43,51.05,51.17,16850266,931796119.4276,51.26,0.41,4067000320,4067000000.0,213930301877.88,225189800000.0
2021-10-20,INTC,51.17,50.63,51.18,50.4,50.49,18392879,1011310306.7887,50.97,0.45,4067000320,4067000000.0,213312160329.39,224539100000.0
2021-10-19,INTC,50.49,50.22,50.57,49.79,50.48,22407571,1217530921.1393,50.36,0.55,4067000320,4067000000.0,210453039786.18,221529400000.0
2021-10-16,INTC,50.48,50.24,50.51,49.88,49.96,25231141,1367994769.6953,50.26,0.62,4067000320,4067000000.0,210414422601.39,221488800000.0
2021-10-15,INTC,49.96,49.03,50.05,48.88,48.44,26586649,1426400332.0856,49.73,0.65,4067000320,4067000000.0,208250728203.7,219211300000.0
2021-10-14,INTC,48.44,48.55,48.74,48.07,48.36,18533958,968386313.1954,48.43,0.46,4067000320,4067000000.0,201914345568.79,212541400000.0
2021-10-13,INTC,48.36,49.65,49.79,48.21,49.53,32784309,1720507389.8121,48.64,0.81,4067000320,4067000000.0,201566632496.03,212175400000.0
2021-10-12,INTC,49.53,49.88,50.43,49.52,49.88,14398758,775178778.2633,49.9,0.35,4067000320,4067000000.0,206473483836.71,217340400000.0
2021-10-09,INTC,49.88,50.56,50.59,49.78,50.22,16068032,866674392.8178,50.0,0.4,4067000320,4067000000.0,207903015130.94,218845300000.0
2021-10-07,INTC,50.03,49.57,50.12,49.19,50.01,20059579,1075470276.6498,49.7,0.49,4067000320,4067000000.0,208559827955.32,219536600000.0
2021-10-06,INTC,50.01,49.64,50.37,49.57,49.56,18129360,978234938.8841,50.01,0.45,4067000320,4067000000.0,208443922309.85,219414600000.0
2021-10-02,INTC,49.92,49.72,50.15,49.17,49.39,19895102,1066747655.3629,49.7,0.49,4067000320,4067000000.0,208096209237.09,219048600000.0
2021-10-01,INTC,49.39,49.83,50.03,49.37,49.58,20534071,1099410650.199,49.63,0.5,4067000320,4067000000.0,205855284333.47,216689700000.0
2021-09-30,INTC,49.58,50.05,50.1,49.29,50.05,20514309,1099029631.1044,49.66,0.5,4067000320,4067000000.0,206666677942.86,217543800000.0
2021-09-29,INTC,50.05,50.22,50.6,50.02,50.67,24691321,1337415426.6413,50.21,0.61,4067000320,4067000000.0,208637116416.0,219618000000.0
2021-09-28,INTC,50.67,50.0,50.86,49.89,50.26,13899911,759133964.9269,50.62,0.34,4067000320,4067000000.0,211187141071.24,222302200000.0
2021-09-25,INTC,50.26,49.84,50.45,49.8,50.08,12976200,703407426.381,50.25,0.32,4057000960,4057000000.0,208972070156.94,219970500000.0
2021-09-24,INTC,50.08,49.82,50.33,49.68,49.59,16474336,890765716.5607,50.12,0.41,4057000960,4057000000.0,208239769921.21,219199700000.0
2021-09-23,INTC,49.59,49.5,49.93,49.13,49.01,18594118,995450945.2362,49.62,0.46,4057000960,4057000000.0,206197073792.0,217049500000.0
2021-09-21,INTC,49.11,49.32,49.59,48.5,50.29,35051903,1854312337.4195,49.04,0.86,4057000960,4057000000.0,204192899901.16,214939800000.0
2021-09-18,INTC,50.29,50.6,50.6,49.74,50.82,35359235,1915749067.1691,50.22,0.87,4057000960,4057000000.0,209126209214.37,220132800000.0
2021-09-17,INTC,50.82,50.85,50.93,50.28,51.09,19863090,1084828539.8246,50.62,0.49,4057000960,4057000000.0,211323102213.26,222445300000.0
2021-09-16,INTC,51.09,50.67,51.12,50.44,50.54,18796180,1033032451.5384,50.94,0.46,4057000960,4057000000.0,212440782852.84,223621800000.0
2021-09-14,INTC,50.97,50.62,51.43,50.43,49.91,22639243,1243105030.9384,50.9,0.56,4057000960,4057000000.0,211939781775.79,223094400000.0
2021-09-11,INTC,49.91,49.91,50.96,49.88,49.5,20324696,1102159505.1343,50.26,0.5,4057000960,4057000000.0,207507473539.63,218428900000.0
2021-09-10,INTC,49.5,49.74,49.95,49.44,49.65,13495797,722992815.1365,49.66,0.33,4057000960,4057000000.0,205811635575.89,216643800000.0
2021-09-09,INTC,49.65,49.8,49.98,49.12,49.73,18235079,972925327.7783,49.46,0.45,4057000960,4057000000.0,206466895189.05,217333500000.0
2021-09-08,INTC,49.73,49.65,50.01,49.53,49.6,13914973,746485354.9777,49.73,0.34,4057000960,4057000000.0,206775173303.89,217658000000.0
2021-09-03,INTC,49.8,49.87,49.95,49.45,49.75,15880063,851182381.6837,49.68,0.39,4057000960,4057000000.0,207083513085.16,217982600000.0
2021-09-01,INTC,50.11,50.46,50.52,49.74,50.0,22350102,1209084732.3454,50.14,0.55,4057000960,4057000000.0,208355390594.42,219321400000.0
2021-08-28,INTC,49.95,49.46,50.0,49.05,49.25,16524993,886233705.5657,49.71,0.41,4057000960,4057000000.0,207700192647.68,218631700000.0
2021-08-27,INTC,49.25,49.82,49.82,49.1,49.88,19569985,1040886346.4715,49.3,0.48,4057000960,4057000000.0,204771057225.31,215548400000.0
2021-08-26,INTC,49.88,50.13,50.27,49.8,49.88,15048387,811479724.3621,49.98,0.37,4057000960,4057000000.0,207391852866.42,218307100000.0
2021-08-24,INTC,49.34,48.75,49.62,48.64,48.21,23976254,1274824713.9612,49.28,0.59,4057000960,4057000000.0,205156437629.16,215954100000.0
2021-08-21,INTC,48.21,48.35,48.55,47.66,48.61,25728336,1334889062.209,48.09,0.63,4057000960,4057000000.0,200454369662.37,211004600000.0
2021-08-20,INTC,48.61,48.25,48.82,47.81,48.38,22999395,1202557866.6675,48.47,0.57,4057000960,4057000000.0,202111685387.73,212749100000.0
2021-08-19,INTC,48.38,48.76,49.15,48.3,48.84,15061735,791818046.7377,48.73,0.37,4057000960,4057000000.0,201148147659.73,211734800000.0
2021-08-18,INTC,48.84,49.28,49.29,48.4,49.56,22014903,1158283344.5106,48.77,0.54,4057000960,4057000000.0,203075223115.73,213763300000.0
2021-08-17,INTC,49.56,49.34,49.58,49.13,49.58,17692907,942628668.6707,49.38,0.44,4057000960,4057000000.0,206081456972.94,216927800000.0
2021-08-14,INTC,49.58,49.59,49.64,49.18,49.63,15281067,814739044.727,49.42,0.38,4057000960,4057000000.0,206158555407.79,217008900000.0
2021-08-12,INTC,50.18,50.29,50.39,49.91,50.0,18590797,1006290152.1072,50.17,0.46,4057000960,4057000000.0,208663730375.68,219645900000.0
2021-08-11,INTC,50.0,50.28,50.41,49.6,50.1,16215715,873727063.9882,49.94,0.4,4057000960,4057000000.0,207892911755.73,218834600000.0
2021-08-10,INTC,50.1,50.13,50.43,49.9,49.98,14670137,793547290.3596,50.14,0.36,4057000960,4057000000.0,208316872210.2,219280900000.0
2021-08-07,INTC,49.98,49.92,50.17,49.8,49.95,19256024,1038904761.7727,50.01,0.47,4057000960,4057000000.0,207815813320.89,218753400000.0
2021-08-06,INTC,49.95,50.04,50.07,49.66,49.64,15310008,824425574.1004,49.91,0.38,4057000960,4057000000.0,207700192647.68,218631700000.0
2021-08-05,INTC,49.64,49.96,50.14,49.45,49.79,17612708,949703528.7458,49.66,0.43,4057000960,4057000000.0,207738711031.89,218672300000.0
2021-08-04,INTC,49.79,49.63,49.88,49.05,49.44,16375930,882354694.0123,49.62,0.4,4057000960,4057000000.0,208355390594.42,219321400000.0
2021-08-03,INTC,49.44,49.72,50.16,49.3,49.47,18098083,977198734.2537,49.73,0.45,4057000960,4057000000.0,206890793977.1,217779800000.0
2021-07-31,INTC,49.47,49.41,49.64,49.04,49.45,16465688,883377541.9934,49.41,0.41,4057000960,4057000000.0,207044994700.94,217942000000.0
2021-07-30,INTC,49.45,49.25,49.82,49.1,48.87,16886625,907053156.8044,49.47,0.42,4057000960,4057000000.0,206967892411.95,217860900000.0
2021-07-29,INTC,48.87,48.84,49.66,48.75,48.98,28478844,1516601023.7961,49.04,0.7,4057000960,4057000000.0,204539819733.05,215305000000.0
2021-07-28,INTC,48.98,48.92,48.99,48.17,50.02,39878024,2102752214.4324,48.56,0.98,4057000960,4057000000.0,204963718521.1,215751300000.0
2021-07-27,INTC,50.02,48.63,50.23,48.59,48.81,32881176,1778194499.5426,49.8,0.81,4057000960,4057000000.0,209318928322.42,220335600000.0
2021-07-24,INTC,48.81,50.26,50.38,48.18,51.54,67742250,3583165684.4363,48.71,1.67,4057000960,4057000000.0,204269998336.0,215021000000.0
2021-07-23,INTC,51.54,51.63,52.07,51.28,51.78,36690981,2052489661.278,51.52,0.9,4057000960,4057000000.0,215678312014.58,227029800000.0
2021-07-22,INTC,51.78,50.82,51.83,50.66,50.87,18497168,1034045222.0042,51.48,0.46,4057000960,4057000000.0,216718890365.16,228125100000.0
2021-07-21,INTC,50.87,50.57,51.17,49.98,50.32,19866965,1095704840.3765,50.79,0.49,4057000960,4057000000.0,212903319503.79,224108700000.0
2021-07-20,INTC,50.32,50.11,50.47,49.7,50.62,27007665,1469965196.3512,50.12,0.67,4057000960,4057000000.0,210590805831.68,221674400000.0
2021-07-17,INTC,50.62,51.62,52.43,50.56,51.4,25263793,1405619234.7409,51.24,0.62,4057000960,4057000000.0,211862683340.94,223013300000.0
2021-07-16,INTC,51.4,51.94,51.94,51.18,52.05,18917047,1055713024.7843,51.4,0.47,4057000960,4057000000.0,215100154690.42,226421100000.0
2021-07-15,INTC,52.05,52.65,52.91,51.88,52.37,16263610,921569426.4267,52.18,0.4,4057000960,4057000000.0,217836628816.99,229301700000.0
2021-07-14,INTC,52.37,52.14,52.77,51.89,52.24,15715985,894241133.8145,52.4,0.39,4057000960,4057000000.0,219185546948.84,230721600000.0
2021-07-10,INTC,51.56,51.12,51.67,50.94,51.01,18708004,1045257210.1328,51.45,0.46,4057000960,4057000000.0,215793932687.79,227151500000.0
2021-07-09,INTC,51.01,50.94,51.31,50.46,51.54,19161965,1059530118.8831,50.92,0.47,4057000960,4057000000.0,213481419015.68,224717300000.0
2021-07-07,INTC,51.66,52.42,52.5,51.3,52.27,26186594,1470979675.695,51.73,0.65,4057000960,4057000000.0,216179313091.63,227557100000.0
2021-07-03,INTC,52.27,52.08,52.48,51.87,51.58,17223579,976316973.8222,52.2,0.42,4057000960,4057000000.0,218761586494.37,230275300000.0
2021-07-01,INTC,51.7,51.89,51.92,51.01,52.26,29891586,1669241845.2068,51.43,0.74,4057000960,4057000000.0,216372032199.68,227760000000.0
2021-06-22,INTC,51.45,51.34,51.61,50.99,51.27,19254641,1074823000.3454,51.41,0.48,4038000640,4038000000.0,214322925624.56,225603000000.0
2021-06-19,INTC,51.27,52.2,52.26,50.74,52.66,55118305,3066137385.5583,51.23,1.36,4038000640,4038000000.0,213555717011.26,224795400000.0
2021-06-17,INTC,52.7,53.55,53.76,52.28,53.41,21879680,1257243630.1357,52.92,0.54,4038000640,4038000000.0,219501684461.96,231054400000.0
2021-06-16,INTC,53.41,53.61,53.8,53.23,53.59,20806540,1207083157.9036,53.43,0.52,4038000640,4038000000.0,222455497274.52,234163600000.0
2021-06-15,INTC,53.59,53.43,53.6,52.71,53.28,21784524,1260167050.6685,53.27,0.54,4038000640,4038000000.0,223222705887.82,234971300000.0
2021-06-12,INTC,53.28,52.93,53.36,52.45,52.84,18119735,1042625750.9431,52.99,0.45,4038000640,4038000000.0,221918447025.5,233598300000.0
2021-06-11,INTC,52.84,52.63,53.44,52.42,52.49,26738083,1536019980.2927,52.91,0.66,4038000640,4038000000.0,220115472067.54,231700400000.0
2021-06-10,INTC,52.49,52.83,52.93,52.47,52.49,13904793,795415438.0228,52.68,0.34,4038000640,4038000000.0,218657734656.0,230166000000.0
2021-06-09,INTC,52.49,52.91,53.08,52.13,52.58,33254481,1893307262.5514,52.43,0.82,4038000640,4038000000.0,218657734656.0,230166000000.0
2021-06-08,INTC,52.58,52.87,52.9,52.29,52.83,17364399,990798802.2428,52.55,0.43,4038000640,4038000000.0,219002972202.42,230529400000.0
2021-06-05,INTC,52.83,52.08,53.18,52.07,51.79,21493762,1233681799.2539,52.86,0.53,4038000640,4038000000.0,220077076536.56,231660000000.0
2021-06-04,INTC,51.79,52.48,52.59,51.65,52.94,21831305,1230683210.8011,51.92,0.54,4038000640,4038000000.0,215742321210.52,227097100000.0
2021-06-03,INTC,52.94,52.41,53.13,52.27,52.39,18483590,1060666062.2452,52.85,0.46,4038000640,4038000000.0,220499047603.44,232104200000.0
2021-06-02,INTC,52.39,53.06,53.25,52.12,52.6,20326368,1159903782.2465,52.55,0.5,4038000640,4038000000.0,218235763589.12,229721800000.0
2021-05-29,INTC,52.6,53.0,53.09,52.44,53.17,20309598,1161388215.4996,52.66,0.5,4038000640,4038000000.0,219118051384.56,230650500000.0
2021-05-28,INTC,53.17,52.59,53.3,52.49,52.42,32387637,1866554546.9053,53.08,0.8,4038000640,4038000000.0,221458072755.44,233113700000.0
2021-05-27,INTC,52.42,52.54,52.71,52.11,52.37,15173598,862861793.5208,52.37,0.38,4038000640,4038000000.0,218350842771.26,229842900000.0
2021-05-26,INTC,52.37,53.01,53.01,51.96,52.46,22309872,1266397752.687,52.28,0.55,4038000640,4038000000.0,218159026232.56,229641000000.0
2021-05-25,INTC,52.46,52.17,52.85,51.94,51.65,19164352,1092385331.0812,52.49,0.47,4038000640,4038000000.0,218504317484.38,230004500000.0
2021-05-22,INTC,51.65,51.96,52.23,51.55,51.53,17723086,996829761.4827,51.8,0.44,4038000640,4038000000.0,215128529768.84,226451000000.0
2021-05-21,INTC,51.53,51.18,51.79,50.98,50.98,23145168,1293988526.2503,51.49,0.57,4038000640,4038000000.0,214629817509.3,225926100000.0
2021-05-20,INTC,50.98,49.8,51.05,49.58,50.5,23769653,1304492818.4318,50.54,0.59,4038000640,4038000000.0,212366533494.98,223543700000.0
2021-05-19,INTC,50.5,51.53,51.7,50.47,50.96,18703387,1035814220.5992,51.0,0.46,4038000640,4038000000.0,210371745834.42,221443900000.0
2021-05-15,INTC,50.97,50.29,51.43,49.97,49.74,28158313,1556214277.5624,50.9,0.7,4038000640,4038000000.0,212328195505.5,223503300000.0
2021-05-14,INTC,49.74,49.77,50.09,49.23,49.38,29192469,1575461911.0841,49.7,0.72,4038000640,4038000000.0,207187774657.58,218092400000.0
2021-05-13,INTC,49.38,50.09,50.33,49.2,50.69,30232254,1628657052.7545,49.61,0.75,4038000640,4038000000.0,205691699256.56,216517500000.0
2021-05-12,INTC,50.69,50.7,51.23,50.01,51.54,35968055,1976620721.8473,50.61,0.89,4038000640,4038000000.0,211138954447.72,222251400000.0
2021-05-11,INTC,51.54,52.63,52.71,51.46,53.11,35046473,1969972656.1325,51.77,0.87,4038000640,4038000000.0,214706558701.96,226006900000.0
2021-05-08,INTC,53.11,53.14,53.42,52.71,52.67,19959040,1150413178.7251,53.08,0.49,4038000640,4038000000.0,221227918227.26,232871400000.0
2021-05-07,INTC,52.67,52.14,52.72,51.8,52.04,25529254,1452132151.8164,52.38,0.63,4038000640,4038000000.0,219386605279.82,230933300000.0
2021-05-06,INTC,52.04,52.14,52.45,51.68,52.08,21001930,1195583337.7044,52.11,0.52,4038000640,4038000000.0,218082346417.5,229560300000.0
2021-05-05,INTC,52.08,52.06,52.15,51.08,52.41,35323622,1993174297.9814,51.65,0.87,4038000640,4038000000.0,218274101578.6,229762100000.0
2021-05-01,INTC,52.66,52.73,53.48,52.24,53.34,30731840,1770018671.7085,52.72,0.76,4038000640,4038000000.0,220690864142.14,232306100000.0
2021-04-30,INTC,53.34,52.98,53.36,52.6,52.74,23290618,1351186710.5193,53.1,0.58,4038000640,4038000000.0,223567939598.14,235334600000.0
2021-04-29,INTC,52.74,52.65,53.23,52.31,53.06,30387352,1749946766.2013,52.71,0.75,4038000640,4038000000.0,221036101688.56,232669500000.0
2021-04-28,INTC,53.06,53.6,53.66,52.88,53.78,38167700,2214611861.6338,53.11,0.95,4038000640,4038000000.0,222378759917.96,234082900000.0
2021-04-27,INTC,53.78,54.09,54.48,53.51,54.22,39645911,2336099743.2928,53.93,0.98,4038000640,4038000000.0,225409252545.58,237272900000.0
2021-04-24,INTC,54.22,54.15,54.92,53.0,57.27,77519813,4562940457.4402,53.88,1.92,4038000640,4038000000.0,227250623034.52,239211100000.0
2021-04-23,INTC,57.27,57.98,58.5,57.01,58.31,38257618,2404112693.9123,57.52,0.95,4038000640,4038000000.0,240024845731.36,252657700000.0
2021-04-22,INTC,58.31,57.47,58.37,57.02,57.39,24364211,1541630808.1342,57.92,0.6,4038000640,4038000000.0,244359597221.3,257220600000.0
2021-04-21,INTC,57.39,58.25,58.36,57.12,58.24,19872122,1249620694.5546,57.56,0.49,4038000640,4038000000.0,240523496613.3,253182600000.0
2021-04-20,INTC,58.24,59.22,59.26,57.73,59.27,23997676,1526271391.7408,58.21,0.59,4038000640,4038000000.0,244091100867.54,256937900000.0
2021-04-17,INTC,59.27,59.8,59.97,59.1,59.51,24625458,1598352166.5497,59.41,0.61,4038000640,4038000000.0,248387514368.0,261460500000.0
2021-04-16,INTC,59.51,58.55,59.69,58.29,58.75,24927676,1614485805.9568,59.28,0.62,4038000640,4038000000.0,249423280712.66,262550800000.0
2021-04-15,INTC,58.75,59.78,59.84,58.43,59.7,25768415,1657988884.1622,58.89,0.64,4038000640,4038000000.0,246239309535.82,259199300000.0
2021-04-14,INTC,59.7,60.05,60.08,58.77,59.87,26821989,1739269060.3962,59.35,0.66,4038000640,4038000000.0,250190489325.96,263358400000.0
2021-04-13,INTC,59.87,62.42,62.69,59.23,62.48,51266883,3387018757.8994,60.47,1.27,4038000640,4038000000.0,250900156430.14,264105400000.0
2021-04-10,INTC,62.48,61.14,62.61,60.99,61.37,27177098,1844743418.657,62.13,0.67,4038000640,4038000000.0,261852208321.58,275633900000.0
2021-04-09,INTC,61.37,61.3,61.59,60.74,60.64,22224223,1485402570.6249,61.18,0.55,4038000640,4038000000.0,257210561110.8,270747900000.0
2021-04-08,INTC,60.64,60.11,60.93,59.82,60.01,17793258,1175458156.6162,60.47,0.44,4038000640,4038000000.0,254141665280.0,267517500000.0
2021-04-07,INTC,60.01,60.47,60.94,59.76,60.9,28771403,1891858051.3842,60.19,0.71,4038000640,4038000000.0,251494748188.28,264731300000.0
2021-04-06,INTC,60.9,59.45,61.09,59.22,59.08,27947520,1848563697.3696,60.54,0.69,4038000640,4038000000.0,255254111439.72,268688500000.0
2021-04-02,INTC,59.08,59.24,59.39,58.19,58.58,31416250,2016291846.2075,58.74,0.78,4038000640,4038000000.0,247620309590.8,260652900000.0
2021-04-01,INTC,58.58,58.59,59.03,58.2,58.37,33013231,2114801332.3414,58.63,0.82,4038000640,4038000000.0,245510438912.0,258432000000.0
2021-03-31,INTC,58.37,58.37,58.58,57.8,59.04,20709489,1317332831.9148,58.22,0.51,4038000640,4038000000.0,244628154952.66,257503300000.0
2021-03-30,INTC,59.04,58.59,59.61,58.22,59.38,26161610,1683894591.4878,58.91,0.65,4038000640,4038000000.0,247428489216.0,260451000000.0
2021-03-27,INTC,59.38,56.57,59.47,56.54,56.77,34705754,2212627412.8809,58.35,0.85,4072345600,4072345000.0,250964390643.49,264173000000.0
2021-03-26,INTC,56.77,56.43,57.15,55.81,56.79,35401430,2188509109.9054,56.58,0.87,4072345600,4072345000.0,239938549750.04,252566800000.0
2021-03-25,INTC,56.79,60.94,61.73,56.74,58.1,74584688,4766930791.2206,58.5,1.83,4072345600,4072345000.0,240015881760.43,252648300000.0
2021-03-24,INTC,58.1,60.41,60.46,57.82,60.07,35159954,2257293623.6078,58.76,0.86,4072345600,4072345000.0,245586858278.69,258512400000.0
2021-03-23,INTC,60.07,59.33,60.76,59.09,58.36,34380149,2253209711.9372,59.99,0.84,4072345600,4072345000.0,253904658985.24,267268000000.0
2021-03-20,INTC,58.36,57.83,59.49,57.59,58.33,54951649,3517960387.8542,58.6,1.35,4072345600,4072345000.0,246670098339.56,259652700000.0
2021-03-19,INTC,58.33,60.07,60.14,58.26,60.21,30107864,1941951266.6429,59.04,0.74,4062999040,4062999000.0,245968910151.74,258914600000.0
2021-03-18,INTC,60.21,58.78,60.68,58.31,59.29,32394653,2114081306.948,59.73,0.8,4062999040,4062999000.0,253900869148.79,267264000000.0
2021-03-17,INTC,59.29,58.72,60.16,58.65,58.39,30186637,1963845824.8618,59.55,0.74,4062999040,4062999000.0,250041020060.79,263201000000.0
2021-03-16,INTC,58.39,58.22,58.47,57.19,57.57,21251485,1343100291.2,57.85,0.52,4062999040,4062999000.0,246219750164.43,259178600000.0
2021-03-13,INTC,57.57,57.34,57.94,56.97,57.95,20172961,1265554722.7542,57.42,0.5,4062999040,4062999000.0,242784484476.11,255562600000.0
2021-03-12,INTC,57.95,57.61,58.66,57.11,56.98,30701766,1943206875.438,57.93,0.76,4062999040,4062999000.0,244367038041.58,257228400000.0
2021-03-10,INTC,57.36,56.0,57.82,55.69,54.78,36387481,2271448657.1333,57.14,0.9,4062999040,4062999000.0,241896738485.11,254628100000.0
2021-03-09,INTC,54.78,55.35,56.47,54.66,55.6,33112387,2005872179.7451,55.45,0.81,4062999040,4062999000.0,231011994935.74,243170500000.0
2021-03-06,INTC,55.6,54.24,55.99,53.55,53.39,39511672,2365184411.5655,54.79,0.97,4062999040,4062999000.0,234447256764.21,246786600000.0
2021-03-05,INTC,53.39,54.76,55.13,53.0,54.83,40210352,2370215483.8326,53.95,0.99,4062999040,4062999000.0,225145005022.74,236994700000.0
2021-03-04,INTC,54.83,55.5,56.31,54.64,56.05,28740356,1737417605.2814,55.33,0.71,4062999040,4062999000.0,231204937212.11,243373600000.0
2021-03-03,INTC,56.05,57.48,57.79,55.93,57.55,23320016,1444360007.7439,56.69,0.57,4062999040,4062999000.0,236377181308.21,248818100000.0
2021-03-02,INTC,57.55,56.49,57.74,56.43,55.63,28503500,1786824472.1395,57.38,0.7,4062999040,4062999000.0,242707329952.69,255481300000.0
2021-02-27,INTC,55.63,55.73,56.47,54.63,55.28,38216774,2325475220.1065,55.7,0.94,4062999040,4062999000.0,234601623708.79,246949100000.0
2021-02-26,INTC,55.28,57.12,58.16,55.04,57.84,36393954,2230785680.1949,56.1,0.9,4062999040,4062999000.0,233134861756.11,245405100000.0
2021-02-25,INTC,57.84,55.4,57.92,55.27,55.94,24669872,1533923153.1968,56.91,0.61,4062999040,4062999000.0,243903875450.27,256740900000.0
2021-02-24,INTC,55.94,55.36,56.29,54.16,55.57,27374594,1651876075.5796,55.23,0.67,4062999040,4062999000.0,235913960819.16,248330400000.0
2021-02-23,INTC,55.57,56.64,57.39,55.52,57.67,32288184,1982765782.922,56.21,0.79,4062999040,4062999000.0,234331465151.42,246664600000.0
2021-02-20,INTC,57.67,56.67,57.9,56.61,56.39,28290118,1775125494.1388,57.43,0.7,4062999040,4062999000.0,243209071735.63,256009500000.0
2021-02-19,INTC,56.39,55.51,56.73,55.5,56.61,17846141,1097546665.9551,56.29,0.44,4062999040,4062999000.0,237805306171.53,250321300000.0
2021-02-18,INTC,56.61,56.28,56.92,56.03,57.18,21065336,1301477505.4237,56.55,0.52,4062999040,4062999000.0,238731693111.74,251296400000.0
2021-02-17,INTC,57.18,56.75,57.55,56.47,56.58,26326297,1643708811.1235,57.15,0.65,4062999040,4062999000.0,241124780247.06,253815500000.0
2021-02-13,INTC,56.58,55.47,57.22,55.31,55.52,26214176,1616007010.3772,56.43,0.65,4062999040,4062999000.0,238577264409.58,251133900000.0
2021-02-12,INTC,55.52,54.09,55.82,53.88,53.88,27539122,1656761676.0219,55.07,0.68,4062999040,4062999000.0,234138461117.48,246461500000.0
2021-02-11,INTC,53.88,54.28,54.39,53.2,53.8,16325149,958996390.2815,53.77,0.4,4062999040,4062999000.0,227190721179.53,239148100000.0
2021-02-10,INTC,53.8,53.79,54.29,53.03,54.15,28754075,1691498746.3341,53.84,0.71,4062999040,4062999000.0,226881925532.79,238823000000.0
2021-02-09,INTC,54.15,53.43,54.2,53.04,53.25,34358297,2021178633.3369,53.84,0.85,4062999040,4062999000.0,228348687485.48,240367000000.0
2021-02-06,INTC,53.25,54.0,54.08,53.2,53.81,23432610,1367712354.3821,53.42,0.58,4062999040,4062999000.0,224565992920.9,236385200000.0
2021-02-05,INTC,53.81,52.73,53.89,52.35,52.48,29853778,1741033403.6335,53.38,0.73,4062999040,4062999000.0,226920504724.43,238863600000.0
2021-02-04,INTC,52.48,52.67,53.07,52.2,52.77,21893188,1264775929.2505,52.56,0.54,4062999040,4062999000.0,222636068376.9,234353700000.0
2021-02-03,INTC,52.77,52.03,53.02,51.75,51.58,23580891,1360982914.5105,52.51,0.58,4062999040,4062999000.0,223871247104.0,235653900000.0
2021-02-02,INTC,51.58,50.9,52.21,50.68,50.5,26926637,1525480124.3618,51.54,0.66,4062999040,4062999000.0,218814856378.27,230331400000.0
2021-01-30,INTC,50.5,50.93,52.0,50.36,51.01,37256227,2088897261.4642,51.01,0.92,4062999040,4062999000.0,214260203575.63,225537000000.0
2021-01-29,INTC,51.01,49.85,52.22,49.77,48.76,49202559,2773361084.2956,51.28,1.21,4062999040,4062999000.0,216402450698.27,227792000000.0
2021-01-28,INTC,48.76,49.68,49.9,48.49,50.23,49722946,2683214401.0506,49.1,1.22,4062999040,4062999000.0,206849301046.37,217736100000.0
2021-01-27,INTC,50.23,50.29,51.13,49.9,50.44,31485879,1746534239.5098,50.47,0.77,4062999040,4062999000.0,213102295167.42,224318100000.0
2021-01-26,INTC,50.44,51.29,51.4,49.18,51.55,61968547,3414033345.7766,50.12,1.53,4062999040,4062999000.0,213990045018.27,225252600000.0
2021-01-23,INTC,51.55,53.54,54.24,51.54,56.83,85729313,4927206535.362,52.29,2.11,4062999040,4062999000.0,218699064765.48,230209500000.0
2021-01-22,INTC,56.83,53.71,58.18,52.97,53.38,87156438,5319088208.9282,55.52,2.15,4062999040,4062999000.0,241086201055.42,253774900000.0
2021-01-21,INTC,53.38,52.99,53.88,52.85,52.76,28701262,1680903931.8686,53.28,0.71,4062999040,4062999000.0,226457342133.11,238376100000.0
2021-01-16,INTC,52.39,53.54,54.27,52.31,53.91,50265364,2937191250.6322,53.16,1.24,4062999040,4062999000.0,222250118206.74,233947400000.0
2021-01-15,INTC,53.91,53.18,54.72,52.62,51.81,74680875,4420413641.2669,53.85,1.82,4097999360,4097999000.0,230666138976.0,242806400000.0
2021-01-14,INTC,51.81,54.13,54.82,51.77,48.44,124070690,7169237971.1909,52.57,3.03,4097999360,4097999000.0,221711998695.1,233381000000.0
2021-01-13,INTC,48.44,47.22,48.99,46.91,46.89,39883887,2121300508.8997,48.39,0.97,4097999360,4097999000.0,207268634988.68,218177400000.0
2021-01-09,INTC,46.99,47.72,47.79,46.65,47.48,34625379,1793369671.1126,47.12,0.84,4097999360,4097999000.0,201078560238.2,211661600000.0
2021-01-08,INTC,47.48,46.85,47.94,46.67,46.49,32092336,1673557363.6412,47.44,0.78,4097999360,4097999000.0,203180868947.78,213874600000.0
2021-01-07,INTC,46.49,45.89,47.45,45.67,46.04,36809645,1887031837.4959,46.64,0.9,4097999360,4097999000.0,198937406182.9,209407800000.0
2021-01-06,INTC,46.04,44.98,46.24,44.88,45.19,24866563,1249756156.5355,45.72,0.61,4097999360,4097999000.0,197029764122.22,207399700000.0
2021-01-05,INTC,45.19,45.39,46.75,44.95,45.33,46102461,2315850954.3673,45.7,1.12,4097999360,4097999000.0,193370242907.54,203547600000.0
2020-12-31,INTC,44.35,44.68,44.75,44.18,44.93,37385411,1824266141.7798,44.39,0.91,4097999360,4097999000.0,189788595360.0,199777400000.0
2020-12-30,INTC,44.93,42.96,46.1,42.3,42.82,84531375,4148402841.1316,44.65,2.06,4097999360,4097999000.0,192280178970.88,202400100000.0
2020-12-29,INTC,42.82,42.93,43.34,42.63,42.82,21269165,1002500886.9175,42.88,0.52,4097999360,4097999000.0,183248219526.24,192892800000.0
2020-12-25,INTC,42.82,42.4,42.84,42.16,42.37,11865641,554820832.4564,42.54,0.29,4097999360,4097999000.0,183248219526.24,192892800000.0
2020-12-24,INTC,42.37,42.0,42.79,41.91,42.01,22564227,1052054692.0669,42.42,0.55,4097999360,4097999000.0,181301669830.24,190843800000.0
2020-12-22,INTC,42.18,42.14,42.26,41.16,43.18,53775700,2466572944.9086,41.73,1.31,4097999360,4097999000.0,180484091706.22,189983300000.0
2020-12-19,INTC,43.18,46.01,46.11,42.86,46.08,119298440,5742728297.6047,43.8,2.91,4097999360,4097999000.0,184766524396.02,194491100000.0
2020-12-18,INTC,46.08,46.54,46.69,45.69,46.51,26399016,1333955557.185,45.97,0.64,4097999360,4097999000.0,197185460846.2,207563600000.0
2020-12-17,INTC,46.51,46.14,46.82,46.11,46.09,28350977,1447986288.8013,46.47,0.69,4097999360,4097999000.0,199015225346.64,209489600000.0
2020-12-16,INTC,46.09,46.38,46.41,45.68,45.92,25472993,1287473715.9361,45.98,0.62,4097999360,4097999000.0,197243857337.08,207625100000.0
2020-12-15,INTC,45.92,45.33,46.71,45.25,45.24,33436403,1695536757.8299,46.14,0.82,4097999360,4097999000.0,196484734100.44,206826000000.0
2020-12-12,INTC,45.24,45.62,45.62,44.68,45.73,29398840,1457153592.7965,45.09,0.72,4097999360,4097999000.0,193603817191.76,203793400000.0
2020-12-11,INTC,45.73,45.18,46.14,45.12,45.55,33705981,1696229764.8144,45.78,0.82,4097999360,4097999000.0,195667155976.42,205965400000.0
2020-12-10,INTC,45.55,45.74,46.25,45.24,46.12,34068391,1714188636.5319,45.78,0.83,4097999360,4097999000.0,194927517702.24,205186800000.0
2020-12-09,INTC,46.12,45.34,46.14,45.32,45.67,28956508,1458594412.1947,45.83,0.71,4097999360,4097999000.0,197341219859.78,207727600000.0
2020-12-08,INTC,45.67,46.4,46.66,45.09,47.3,51040301,2556068007.1815,45.56,1.25,4097999360,4097999000.0,195433577799.1,205719500000.0
2020-12-05,INTC,47.3,46.45,47.9,46.4,46.39,39767719,2069511858.1537,47.35,0.97,4097999360,4097999000.0,202382775786.22,213034400000.0
2020-12-04,INTC,46.39,45.42,46.5,45.29,45.4,50261153,2550084790.1093,46.16,1.23,4097999360,4097999000.0,198509161356.68,208956900000.0
2020-12-03,INTC,45.4,44.78,45.54,44.74,45.09,33753520,1680361443.4484,45.29,0.82,4097999360,4097999000.0,194265636302.2,204490100000.0
2020-12-02,INTC,45.09,44.35,45.69,44.32,43.99,57778192,2864480691.5314,45.11,1.41,4097999360,4097999000.0,192941998081.32,203096800000.0
2020-12-01,INTC,43.99,43.14,44.13,43.0,43.17,46332672,2223954124.535,43.67,1.13,4097999360,4097999000.0,188231382854.9,198138300000.0
2020-11-28,INTC,43.17,43.09,43.76,43.09,42.81,15921422,759531468.3528,43.4,0.39,4097999360,4097999000.0,184727554471.1,194450000000.0
2020-11-26,INTC,42.81,42.79,42.92,42.37,42.77,28126887,1320551691.1457,42.71,0.69,4097999360,4097999000.0,183170341966.0,192810800000.0
2020-11-25,INTC,42.77,42.11,43.03,41.86,41.91,33901172,1586761204.3425,42.58,0.83,4097999360,4097999000.0,183014582952.42,192646900000.0
2020-11-24,INTC,41.91,41.38,42.04,41.35,41.3,35489637,1629258432.8442,41.77,0.87,4097999360,4097999000.0,179316150209.32,188753800000.0
2020-11-21,INTC,41.3,41.54,41.74,41.24,41.5,24199278,1102603996.7472,41.45,0.59,4097999360,4097999000.0,176707781402.88,186008100000.0
2020-11-20,INTC,41.5,40.87,41.55,40.67,41.0,29469086,1333632180.3104,41.17,0.72,4097999360,4097999000.0,177603178690.64,186950700000.0
2020-11-19,INTC,41.0,41.44,41.56,40.98,41.42,32817918,1487816557.3994,41.25,0.8,4097999360,4097999000.0,175423050817.32,184655800000.0
2020-11-18,INTC,41.42,41.62,41.96,41.31,42.02,31072063,1420695383.4355,41.6,0.76,4097999360,4097999000.0,177252811424.66,186581900000.0
2020-11-17,INTC,42.02,41.89,42.53,41.66,41.36,36306293,1678145626.5789,42.05,0.89,4097999360,4097999000.0,179822272595.78,189286600000.0
2020-11-14,INTC,41.36,40.93,41.47,40.91,40.9,30898106,1399906853.5518,41.22,0.75,4097999360,4097999000.0,176980325612.02,186295000000.0
2020-11-13,INTC,40.9,41.97,42.02,40.53,42.17,42909915,1935623098.2755,41.04,1.05,4097999360,4097999000.0,174994805991.1,184205000000.0
2020-11-12,INTC,42.17,41.76,42.26,41.72,41.34,31496938,1455942809.3562,42.06,0.77,4097999360,4097999000.0,180445184070.9,189942300000.0
2020-11-11,INTC,41.34,41.3,42.29,41.17,41.49,39224461,1793557895.3332,41.6,0.96,4097999360,4097999000.0,176902448051.78,186213100000.0
2020-11-10,INTC,41.49,42.43,43.08,41.43,41.3,48481731,2256572473.0488,42.35,1.18,4097999360,4097999000.0,177525359526.9,186868800000.0
2020-11-07,INTC,41.3,41.43,41.66,40.85,41.56,36233676,1641889315.8311,41.23,0.88,4097999360,4097999000.0,176707781402.88,186008100000.0
2020-11-06,INTC,41.56,41.99,42.2,41.42,41.28,31103211,1423960985.3598,41.65,0.76,4097999360,4097999000.0,177836752974.86,187196600000.0
2020-11-05,INTC,41.28,40.74,41.68,40.45,40.51,34748153,1588748171.3317,41.3,0.85,4097999360,4097999000.0,177914630535.1,187278500000.0
2020-11-04,INTC,40.51,40.4,41.06,40.37,40.16,33587540,1514794695.246,40.74,0.82,4097999360,4097999000.0,174605534982.9,183795300000.0
2020-11-03,INTC,40.16,40.61,40.69,39.96,39.99,33856743,1510240862.0822,40.29,0.83,4097999360,4097999000.0,173087226220.02,182197000000.0
2020-10-31,INTC,39.99,39.83,40.46,39.39,39.84,46794172,2064292329.0363,39.85,1.14,4097999360,4097999000.0,172386437184.66,181459400000.0
2020-10-30,INTC,39.84,39.96,40.17,39.67,39.97,36796801,1626061969.6047,39.91,0.9,4097999360,4097999000.0,171724618074.22,180762700000.0
2020-10-29,INTC,39.97,40.55,40.9,39.92,41.22,45066012,2010381095.2524,40.29,1.1,4097999360,4097999000.0,172269648096.0,181336400000.0
2020-10-28,INTC,41.22,41.53,41.92,40.97,42.2,50130520,2289476088.0781,41.25,1.22,4097999360,4097999000.0,177681056250.88,187032600000.0
2020-10-27,INTC,42.2,43.22,43.23,41.77,43.54,54161290,2534027918.5204,42.26,1.32,4097999360,4097999000.0,181885611380.44,191458500000.0
2020-10-24,INTC,43.54,43.67,43.96,43.05,48.68,97322500,4677047430.935,43.41,2.37,4097999360,4097999000.0,187647379015.1,197523500000.0
2020-10-23,INTC,48.68,47.98,48.97,47.93,48.32,41522739,2233367202.6338,48.58,1.01,4097999360,4097999000.0,209838033870.2,220882100000.0
2020-10-22,INTC,48.32,48.0,48.84,47.71,48.26,21866024,1171192241.3627,48.38,0.53,4097999360,4097999000.0,208280817472.0,219242900000.0
2020-10-21,INTC,48.26,49.32,49.41,48.11,49.3,27224899,1464492793.0921,48.59,0.66,4097999360,4097999000.0,208008273262.86,218956100000.0
2020-10-17,INTC,48.92,48.68,49.41,48.68,48.64,23421387,1273254519.3423,49.1,0.57,4097999360,4097999000.0,210850278643.12,221947600000.0
2020-10-16,INTC,48.64,47.65,48.76,47.53,48.37,18272864,976361096.2886,48.26,0.45,4097999360,4097999000.0,209643429510.9,220677300000.0
2020-10-15,INTC,48.37,48.78,49.14,48.33,48.62,21885106,1176904512.2345,48.57,0.53,4097999360,4097999000.0,208475488014.0,219447800000.0
2020-10-14,INTC,48.62,49.02,49.04,48.43,48.67,20005770,1079457453.6556,48.74,0.49,4097999360,4097999000.0,209565548057.56,220595300000.0
2020-10-13,INTC,48.67,48.37,48.95,48.06,47.71,27303473,1468544489.5641,48.58,0.67,4097999360,4097999000.0,209760214706.46,220800200000.0
2020-10-10,INTC,47.71,48.37,48.64,47.57,48.21,24343899,1291833222.6145,47.93,0.59,4097999360,4097999000.0,205633541030.24,216456300000.0
2020-10-09,INTC,48.21,47.79,48.39,47.57,47.57,22369536,1192155385.4623,48.14,0.55,4097999360,4097999000.0,207774698978.64,218710100000.0
2020-10-08,INTC,47.57,46.83,47.78,46.78,46.4,21978672,1157194729.6736,47.56,0.54,4097999360,4097999000.0,205049541083.54,215841600000.0
2020-10-07,INTC,46.4,46.71,47.6,46.27,46.69,25642790,1332881606.7087,46.95,0.63,4097999360,4097999000.0,199988500194.64,210514200000.0
2020-10-06,INTC,46.69,46.34,46.8,46.31,46.07,20883247,1076798813.7111,46.57,0.51,4097999360,4097999000.0,201234319251.78,211825600000.0
2020-10-03,INTC,46.07,46.52,46.95,46.06,47.18,25811766,1327209852.9184,46.44,0.63,4097999360,4097999000.0,198586980520.42,209038900000.0
2020-10-02,INTC,47.18,47.33,47.62,46.96,46.77,22127579,1156484750.5255,47.21,0.54,4097999360,4097999000.0,203375535596.68,214079400000.0
2020-10-01,INTC,46.77,46.28,47.31,46.2,46.24,27711348,1438069541.6116,46.87,0.68,4097999360,4097999000.0,201584682624.66,212194400000.0
2020-09-30,INTC,46.24,46.34,46.73,46.02,46.45,19687446,1009873527.5536,46.33,0.48,4097999360,4097999000.0,199287769555.78,209776500000.0
2020-09-29,INTC,46.45,45.62,46.48,45.31,45.11,29652247,1511484564.9904,46.04,0.72,4097999360,4097999000.0,200222074478.86,210760000000.0
2020-09-25,INTC,44.4,43.83,44.84,43.73,44.1,29343399,1440273937.1936,44.33,0.69,4252999680,4252999000.0,198623607216.76,209077400000.0
2020-09-24,INTC,44.1,45.01,45.29,43.95,45.12,30078801,1481435121.1706,44.49,0.71,4252999680,4252999000.0,197249904481.52,207631400000.0
2020-09-23,INTC,45.12,45.06,45.35,44.68,44.91,22290856,1110385733.6828,44.99,0.52,4252999680,4252999000.0,201815455194.15,212437300000.0
2020-09-19,INTC,45.06,45.46,45.61,44.29,45.45,50123497,2499899488.4226,45.05,1.18,4252999680,4252999000.0,201573046333.44,212182100000.0
2020-09-18,INTC,45.45,44.59,45.6,44.53,45.5,26959934,1350428351.2471,45.24,0.63,4252999680,4252999000.0,203310429025.52,214010900000.0
2020-09-17,INTC,45.5,45.62,46.09,45.31,45.16,26555282,1341862299.2138,45.64,0.62,4252999680,4252999000.0,203512398026.12,214223500000.0
2020-09-16,INTC,45.16,44.97,45.7,44.92,44.63,27598262,1386917538.8956,45.39,0.65,4252999680,4252999000.0,202017484800.0,212649900000.0
2020-09-15,INTC,44.63,44.12,44.91,44.12,44.51,27212493,1344025029.27,44.61,0.64,4252999680,4252999000.0,199633694640.76,210140700000.0
2020-09-12,INTC,44.51,44.5,45.21,44.21,44.22,29333571,1450805949.3969,44.67,0.69,4252999680,4252999000.0,199108428978.53,209587800000.0
2020-09-11,INTC,44.22,45.16,45.24,44.0,44.82,32649149,1612482667.9927,44.61,0.77,4252999680,4252999000.0,197815549398.61,208226900000.0
2020-09-10,INTC,44.82,44.74,45.13,44.29,44.18,33437274,1657703281.9592,44.78,0.79,4252999680,4252999000.0,200482135754.12,211033800000.0
2020-09-09,INTC,44.18,44.49,45.07,44.12,45.23,39752696,1960737927.1229,44.55,0.93,4252999680,4252999000.0,197613519792.76,208014200000.0
2020-09-05,INTC,45.23,45.64,46.27,44.7,45.51,43318368,2174356558.1762,45.34,1.02,4252999680,4252999000.0,202340720856.38,212990200000.0
2020-09-04,INTC,45.51,47.42,47.53,45.28,47.19,47168161,2407127949.1606,46.09,1.11,4252999680,4252999000.0,203593221181.44,214308600000.0
2020-09-03,INTC,47.19,46.25,47.58,46.15,45.87,53000731,2762355805.1367,47.08,1.25,4252999680,4252999000.0,211108271616.0,222219200000.0
2020-09-02,INTC,45.87,45.98,46.06,45.36,46.02,30522708,1545230284.034,45.73,0.72,4252999680,4252999000.0,205209336817.74,216009800000.0
2020-09-01,INTC,46.02,46.06,46.52,45.45,45.55,46114133,2350668252.4739,46.04,1.08,4252999680,4252999000.0,205855804890.15,216690300000.0
2020-08-29,INTC,45.55,44.77,45.88,44.67,44.62,35384684,1780571629.677,45.45,0.83,4252999680,4252999000.0,203754806886.83,214478700000.0
2020-08-28,INTC,44.62,44.97,45.1,44.41,44.75,24420614,1208515233.0075,44.7,0.57,4252999680,4252999000.0,199593250740.3,210098100000.0
2020-08-27,INTC,44.75,44.61,44.86,44.47,44.65,28616622,1416331114.8658,44.7,0.67,4252999680,4252999000.0,200199343598.2,210736100000.0
2020-08-26,INTC,44.65,44.57,45.05,44.45,44.38,38384329,1897786363.9663,44.66,0.9,4252999680,4252999000.0,199714457190.83,210225700000.0
2020-08-25,INTC,44.38,44.49,44.62,44.1,44.51,36295309,1781235952.4317,44.33,0.85,4252999680,4252999000.0,198542784061.44,208992400000.0
2020-08-22,INTC,44.51,44.28,44.54,43.94,44.41,34316469,1682968965.5288,44.3,0.81,4252999680,4252999000.0,199108428978.53,209587800000.0
2020-08-21,INTC,44.41,44.99,45.34,44.26,43.65,55081344,2719190078.5486,44.59,1.3,4252999680,4252999000.0,198663990511.97,209119900000.0
2020-08-20,INTC,43.65,44.06,44.24,43.58,43.94,27774977,1346758778.6463,43.8,0.65,4252999680,4252999000.0,195270108888.38,205547400000.0
2020-08-19,INTC,43.94,44.49,44.77,43.91,44.19,19251395,942219138.8483,44.21,0.45,4252999680,4252999000.0,196562988468.3,206908400000.0
2020-08-18,INTC,44.19,44.36,44.53,44.01,44.16,20018274,982424842.1519,44.33,0.47,4252999680,4252999000.0,197694282342.83,208099200000.0
2020-08-15,INTC,44.16,44.01,44.45,43.94,43.86,22321168,1092920165.6454,44.22,0.52,4252999680,4252999000.0,197532696637.44,207929100000.0
2020-08-14,INTC,43.86,44.49,44.56,43.7,44.43,24774512,1207762390.1279,44.03,0.58,4252999680,4252999000.0,196199373157.06,206525600000.0
2020-08-13,INTC,44.43,43.96,44.49,43.57,43.53,30687168,1498825820.2343,44.12,0.72,4252999680,4252999000.0,198744813667.29,209205000000.0
2020-08-12,INTC,43.53,44.83,44.92,43.41,44.46,35348094,1727599282.0428,44.14,0.83,4252999680,4252999000.0,194704463971.29,204952000000.0
2020-08-11,INTC,44.46,43.54,44.61,43.41,43.38,37442610,1833598384.9342,44.23,0.88,4252999680,4252999000.0,198866020117.82,209332600000.0
2020-08-07,INTC,43.87,44.07,44.1,43.45,43.89,23795528,1151789100.1232,43.72,0.56,4252999680,4252999000.0,196239817057.52,206568200000.0
2020-08-06,INTC,43.89,44.61,44.61,43.65,44.08,29471067,1443775607.0768,43.95,0.69,4252999680,4252999000.0,197653903087.97,208056700000.0
2020-08-05,INTC,44.08,43.6,44.09,43.51,43.33,29045836,1417056180.1651,43.77,0.68,4252999680,4252999000.0,198502400766.23,208949800000.0
2020-08-04,INTC,43.33,43.3,43.62,42.83,42.82,31767141,1532510574.9577,43.28,0.75,4252999680,4252999000.0,195148906478.2,205419900000.0
2020-08-01,INTC,42.82,43.18,43.35,42.14,43.05,46569883,2213922690.994,42.65,1.09,4252999680,4252999000.0,192845874828.68,202995600000.0
2020-07-31,INTC,43.05,42.91,43.51,42.69,43.13,39735184,1903283565.188,42.97,0.93,4252999680,4252999000.0,193896406153.14,204101400000.0
2020-07-30,INTC,43.13,44.4,44.41,42.97,44.17,60500805,2919048466.2149,43.28,1.42,4252999680,4252999000.0,194219642209.52,204441700000.0
2020-07-28,INTC,44.47,45.78,45.88,44.38,45.39,107526570,5374736999.2374,44.84,2.53,4252999680,4252999000.0,200280166753.52,210821200000.0
2020-07-25,INTC,45.39,46.79,46.81,44.41,54.19,182269880,9242539799.1508,45.49,4.29,4252999680,4252999000.0,204401278999.59,215159200000.0
2020-07-24,INTC,54.19,54.95,55.39,53.81,54.77,43518551,2643869516.8563,54.5,1.02,4252999680,4252999000.0,244037097396.3,256881100000.0
2020-07-23,INTC,54.77,55.0,55.41,54.38,54.46,18959922,1157806502.0524,54.78,0.45,4252999680,4252999000.0,246663365102.2,259645600000.0
2020-07-22,INTC,54.46,55.19,55.56,54.22,54.86,19830305,1209987822.1973,54.74,0.47,4252999680,4252999000.0,245249214426.15,258157000000.0
2020-07-21,INTC,54.86,53.9,55.07,53.24,53.83,16868661,1022247654.6704,54.37,0.4,4252999680,4252999000.0,247067359668.3,260070900000.0
2020-07-18,INTC,53.83,53.31,54.24,53.18,53.06,16322813,978652224.8321,53.79,0.38,4252999680,4252999000.0,242420981760.0,255179900000.0
2020-07-17,INTC,53.06,52.52,53.25,52.39,52.96,12425872,732469094.5195,52.88,0.29,4252999680,4252999000.0,238946281021.44,251522400000.0
2020-07-16,INTC,52.96,52.96,53.24,52.41,52.91,19986313,1177827441.7947,52.87,0.47,4252999680,4252999000.0,238501838514.53,251054500000.0
2020-07-15,INTC,52.91,51.92,53.16,51.45,52.55,24190868,1415141417.7959,52.48,0.57,4252999680,4252999000.0,238299808908.68,250841800000.0
2020-07-14,INTC,52.55,53.68,54.38,52.38,53.41,19082942,1135165998.6007,53.37,0.45,4252999680,4252999000.0,236683693272.38,249140700000.0
2020-07-11,INTC,53.41,51.99,53.55,51.88,52.41,17742325,1048040894.2402,52.99,0.42,4252999680,4252999000.0,240522013362.53,253181000000.0
2020-07-10,INTC,52.41,52.21,52.7,51.76,52.58,20683688,1206541427.3182,52.33,0.49,4252999680,4252999000.0,236037225199.97,248460200000.0
2020-07-08,INTC,52.31,52.99,53.44,52.16,53.42,15996489,939734669.7126,52.7,0.38,4252999680,4252999000.0,235592782693.06,247992300000.0
2020-07-07,INTC,53.42,52.68,53.49,52.57,53.05,20536719,1217178537.9898,53.17,0.48,4252999680,4252999000.0,240562396657.74,253223600000.0
2020-07-03,INTC,53.05,53.1,53.66,52.9,52.76,15578579,923970240.7994,53.21,0.37,4252999680,4252999000.0,238905897726.23,251479800000.0
2020-07-01,INTC,53.68,52.67,53.81,52.52,52.28,31542055,1880161779.3932,53.48,0.74,4252999680,4252999000.0,241734130392.38,254456900000.0
2020-06-30,INTC,52.28,51.56,52.35,50.92,51.59,22150266,1278161208.5911,51.77,0.52,4252999680,4252999000.0,235431196987.67,247822300000.0
2020-06-27,INTC,51.59,52.47,52.69,51.2,52.49,38477508,2218316757.5134,51.72,0.91,4233999360,4233999000.0,231282215040.0,243454900000.0
2020-06-26,INTC,52.49,52.91,53.01,51.57,53.01,21906942,1271457050.5519,52.07,0.52,4233999360,4233999000.0,235344717314.42,247731200000.0
2020-06-25,INTC,53.01,53.5,53.65,52.63,53.76,27764481,1642474369.487,53.07,0.66,4233999360,4233999000.0,237677659006.38,250186900000.0
2020-06-23,INTC,53.91,53.59,54.32,52.78,53.49,22846012,1367160371.2769,53.69,0.54,4233999360,4233999000.0,241699958398.38,254420900000.0
2020-06-20,INTC,53.49,54.41,54.63,53.02,53.9,60324579,3607819669.3897,53.65,1.42,4233999360,4233999000.0,239809473661.84,252430900000.0
2020-06-19,INTC,53.9,54.14,54.29,53.22,54.27,24899700,1492697050.9815,53.78,0.59,4233999360,4233999000.0,241659755515.96,254378600000.0
2020-06-18,INTC,54.27,54.49,54.98,53.88,54.19,20454770,1240945915.8608,54.43,0.48,4233999360,4233999000.0,243308914355.88,256114600000.0
2020-06-17,INTC,54.19,55.16,55.31,53.37,53.92,23226633,1405445931.9466,54.29,0.55,4233999360,4233999000.0,242946859143.0,255733500000.0
2020-06-13,INTC,53.23,53.93,54.69,52.14,53.56,30419770,1801236958.4372,53.12,0.72,4233999360,4233999000.0,238643030971.96,251203100000.0
2020-06-12,INTC,53.56,56.58,56.79,53.4,57.3,26998243,1642003279.2032,54.56,0.64,4233999360,4233999000.0,240131261635.5,252769700000.0
2020-06-11,INTC,57.3,56.33,57.68,56.3,56.56,21367844,1362165823.7139,57.19,0.5,4233999360,4233999000.0,256904246077.84,270425400000.0
2020-06-10,INTC,56.56,56.51,57.16,56.43,57.12,23594133,1489823191.7313,56.65,0.56,4233999360,4233999000.0,253565729537.88,266911300000.0
2020-06-09,INTC,57.12,57.39,57.55,56.47,57.72,21546180,1366307804.6091,56.89,0.51,4233999360,4233999000.0,256099798266.34,269578700000.0
2020-06-06,INTC,57.72,56.84,58.41,56.66,56.49,26813098,1727219548.3708,57.79,0.63,4233999360,4233999000.0,258794730814.38,272415400000.0
2020-06-05,INTC,56.49,55.39,56.94,55.03,55.56,22010141,1382336010.4852,56.34,0.52,4233999360,4233999000.0,253284200758.84,266614900000.0
2020-06-04,INTC,55.56,56.03,56.11,55.2,55.73,16737270,1036180953.522,55.54,0.4,4233999360,4233999000.0,249100973190.46,262211500000.0
2020-06-03,INTC,55.73,55.35,55.77,54.57,55.5,20702352,1274917228.6029,55.25,0.49,4233999360,4233999000.0,249865222141.84,263015900000.0
2020-06-02,INTC,55.5,56.06,56.21,55.32,56.46,14329043,889213151.3962,55.67,0.34,4233999360,4233999000.0,248819444411.42,261915200000.0
2020-05-30,INTC,56.46,55.53,57.11,55.28,55.35,33395739,2095646341.32,56.3,0.79,4233999360,4233999000.0,253123272582.46,266445500000.0
2020-05-29,INTC,55.35,56.52,56.92,55.16,57.02,17264133,1078954845.4801,56.07,0.41,4233999360,4233999000.0,248175860419.5,261237700000.0
2020-05-28,INTC,57.02,55.91,57.05,54.79,55.93,19886270,1243536090.7167,56.1,0.47,4233999360,4233999000.0,255657341310.92,269112900000.0
2020-05-23,INTC,55.85,55.6,55.91,55.1,55.6,14103012,873656165.6694,55.58,0.33,4233999360,4233999000.0,250408268760.46,263587600000.0
2020-05-22,INTC,55.6,56.6,57.24,55.46,56.61,20987739,1311622578.4097,56.07,0.5,4233999360,4233999000.0,249302100226.96,262423200000.0
2020-05-21,INTC,56.61,54.87,56.96,54.74,54.09,30583989,1917328559.6354,56.24,0.72,4233999360,4233999000.0,253807119791.3,267165300000.0
2020-05-20,INTC,54.09,53.94,55.42,53.69,53.76,21865008,1332982786.3086,54.69,0.52,4233999360,4233999000.0,242504406209.88,255267800000.0
2020-05-19,INTC,53.76,53.6,54.08,53.25,52.28,20443708,1225326348.9128,53.77,0.48,4233999360,4233999000.0,241016175546.34,253701200000.0
2020-05-15,INTC,53.0,51.42,53.07,50.33,51.8,21569352,1245455323.1101,51.8,0.51,4233999360,4233999000.0,237637456123.96,250144600000.0
2020-05-14,INTC,51.8,52.44,53.14,51.05,52.38,21064973,1217757684.2058,51.86,0.5,4233999360,4233999000.0,232247591027.88,244471100000.0
2020-05-13,INTC,52.38,54.03,54.4,52.27,53.94,16754899,994024477.6483,53.22,0.4,4233999360,4233999000.0,234862061498.88,247223200000.0
2020-05-12,INTC,53.94,53.59,54.58,53.57,53.53,18684438,1127306882.292,54.13,0.44,4233999360,4233999000.0,241860882552.46,254590300000.0
2020-05-09,INTC,53.53,53.53,53.63,52.98,53.08,20391090,1213194571.0957,53.38,0.48,4233999360,4233999000.0,240010600698.34,252642700000.0
2020-05-08,INTC,53.08,53.77,53.91,52.86,53.09,14733520,874597954.072,53.25,0.35,4233999360,4233999000.0,237999451002.34,250525700000.0
2020-05-07,INTC,53.09,52.97,53.78,52.88,52.41,17848657,1061325659.7706,53.35,0.42,4233999360,4233999000.0,238039649862.46,250568000000.0
2020-05-06,INTC,52.41,52.45,52.9,52.05,51.73,17252063,1015630708.5204,52.52,0.41,4233999360,4233999000.0,236310089280.0,248747400000.0
2020-05-05,INTC,51.73,50.96,51.8,50.23,51.27,18957227,1086012274.4631,51.11,0.45,4233999360,4233999000.0,233253165875.88,245529600000.0
2020-05-02,INTC,51.27,52.48,52.92,51.13,53.51,21194801,1228177210.6375,51.69,0.5,4233999360,4233999000.0,231161554102.84,243327900000.0
2020-05-01,INTC,53.51,54.74,54.9,53.3,55.13,26279879,1582164531.2268,53.71,0.62,4233999360,4233999000.0,241257501442.96,253955200000.0
2020-04-30,INTC,55.13,53.03,55.34,52.92,52.41,30451540,1865878435.1434,54.66,0.72,4233999360,4233999000.0,248578118514.8,261661100000.0
2020-04-29,INTC,52.41,53.52,53.72,51.97,53.05,28784708,1698694828.2622,52.65,0.68,4233999360,4233999000.0,236310089280.0,248747400000.0
2020-04-28,INTC,53.05,53.28,53.37,52.08,52.87,25902235,1531568072.868,52.75,0.61,4233999360,4233999000.0,239206152886.84,251795900000.0
2020-04-25,INTC,52.87,50.14,52.99,50.05,52.67,50220504,2915265203.2882,51.79,1.19,4233999360,4233999000.0,238361441858.42,250906700000.0
2020-04-24,INTC,52.67,53.23,53.61,52.46,53.61,35091954,2087195941.3683,53.06,0.83,4233999360,4233999000.0,237476531969.88,249975300000.0
2020-04-23,INTC,53.61,51.98,53.97,51.57,50.28,23443747,1397603759.9294,53.18,0.55,4233999360,4233999000.0,241740221615.3,254463400000.0
2020-04-22,INTC,50.28,51.84,52.28,49.89,52.79,25248032,1434080592.6943,50.67,0.6,4233999360,4233999000.0,226696797755.42,238628100000.0
2020-04-21,INTC,52.79,52.88,53.56,52.54,53.85,26420309,1569350475.9943,52.99,0.62,4233999360,4233999000.0,238039649862.46,250568000000.0
2020-04-18,INTC,53.85,55.33,55.43,53.37,54.23,27385637,1660306494.9204,54.08,0.65,4233999360,4233999000.0,242785995323.42,255564100000.0
2020-04-17,INTC,54.23,53.18,54.38,52.46,52.52,24433516,1469585632.2578,53.66,0.58,4233999360,4233999000.0,244515555905.88,257384800000.0
2020-04-16,INTC,52.52,53.29,53.37,52.08,54.11,22841551,1346365438.3125,52.58,0.54,4233999360,4233999000.0,236792749117.84,249255400000.0
2020-04-15,INTC,54.11,53.56,54.33,53.09,52.37,25673993,1547720724.4148,53.78,0.61,4233999360,4233999000.0,243992697207.92,256834400000.0
2020-04-14,INTC,52.37,50.47,52.43,50.47,50.97,23251938,1351456116.0174,51.85,0.55,4233999360,4233999000.0,236108962243.5,248535700000.0
2020-04-10,INTC,50.97,52.95,53.28,50.01,52.62,40515418,2325224365.4644,51.2,0.96,4233999360,4233999000.0,229834187258.88,241930700000.0
2020-04-09,INTC,52.62,52.62,53.09,51.66,52.1,26719500,1569615705.339,52.41,0.63,4233999360,4233999000.0,237235202050.96,249721200000.0
2020-04-08,INTC,52.1,53.47,54.85,51.93,52.12,41410012,2470103199.0288,53.21,0.98,4233999360,4233999000.0,234902260359.0,247265500000.0
2020-04-07,INTC,52.12,50.52,52.43,50.06,48.29,32323387,1863058870.8318,51.42,0.76,4233999360,4233999000.0,235022925318.46,247392500000.0
2020-04-04,INTC,48.29,48.04,49.18,47.04,48.49,23906063,1288825939.532,48.09,0.56,4233999360,4233999000.0,217727086200.46,229186400000.0
2020-04-03,INTC,48.49,45.76,48.67,45.69,46.28,27809989,1489636637.8371,47.78,0.66,4233999360,4233999000.0,218612000111.3,230117800000.0
2020-04-02,INTC,46.28,46.83,48.79,45.88,48.28,29586563,1559847892.4448,47.03,0.7,4233999360,4233999000.0,208676912568.46,219659900000.0
2020-04-01,INTC,48.28,49.12,49.77,47.48,49.5,48081860,2611840004.0108,48.46,1.14,4233999360,4233999000.0,217686827005.84,229144000000.0
2020-03-31,INTC,49.5,47.27,50.05,47.13,46.72,31628610,1744836487.4468,49.21,0.75,4233999360,4233999000.0,223197417395.88,234944600000.0
2020-03-28,INTC,46.72,47.66,48.74,46.45,49.55,31633489,1684467377.605,47.5,0.74,4280524800,4280524000.0,212962513321.21,224171000000.0
2020-03-27,INTC,49.55,46.16,49.91,46.09,45.73,41475407,2266104213.4057,48.74,0.97,4280524800,4280524000.0,225853305623.41,237740300000.0
2020-03-26,INTC,45.73,46.82,47.98,44.52,46.75,41106063,2132048375.1513,46.27,0.96,4280524800,4280524000.0,208448695853.11,219419600000.0
2020-03-25,INTC,46.75,47.41,48.74,45.81,44.23,50019754,2635625721.7825,47.01,1.17,4280524800,4280524000.0,213084500145.01,224299400000.0
2020-03-24,INTC,44.23,41.05,45.04,40.96,40.88,46698477,2274005499.9596,43.44,1.09,4280524800,4280524000.0,201617006737.8,212228400000.0
2020-03-21,INTC,40.88,41.49,44.09,40.56,40.98,52344047,2457029723.2121,41.87,1.22,4280524800,4280524000.0,186367637137.8,196176400000.0
2020-03-20,INTC,40.98,42.68,43.92,40.29,42.47,44538032,2100796393.505,42.08,1.04,4280524800,4280524000.0,186814956045.9,196647300000.0
2020-03-18,INTC,44.68,40.82,46.06,40.32,39.8,52085161,2551985330.3352,43.71,1.22,4280524800,4280524000.0,203650256017.8,214368600000.0
2020-03-17,INTC,39.8,42.38,46.61,38.92,48.56,53878938,2587600652.1756,42.84,1.26,4280524800,4280524000.0,181406504828.1,190954200000.0
2020-03-14,INTC,48.56,43.05,49.07,42.59,40.63,48805059,2450067452.1447,44.78,1.14,4276999680,4276999000.0,221157209511.23,232797000000.0
2020-03-13,INTC,40.63,42.81,44.69,40.47,46.09,50661747,2400814594.7577,42.28,1.18,4276999680,4276999000.0,185035812776.94,194774500000.0
2020-03-12,INTC,46.09,46.74,47.76,45.51,48.16,38573961,2011797818.4604,46.53,0.9,4276999680,4276999000.0,209902329547.96,220949800000.0
2020-03-11,INTC,48.16,47.07,48.17,44.99,45.36,36568950,1916863943.8789,46.76,0.86,4276999680,4276999000.0,219328804337.48,230872400000.0
2020-03-10,INTC,45.36,46.32,47.02,44.6,49.75,56196985,2895802313.7696,45.97,1.31,4276999680,4276999000.0,206611190483.65,217485400000.0
2020-03-07,INTC,49.75,49.23,49.97,48.65,50.81,36259157,2007999662.7145,49.4,0.85,4276999680,4276999000.0,226601878861.67,238528300000.0
2020-03-06,INTC,50.81,50.9,52.33,50.5,52.35,29099165,1669832362.3913,51.19,0.68,4276999680,4276999000.0,231437035126.21,243617900000.0
2020-03-05,INTC,52.35,50.86,52.37,50.1,49.93,29223071,1688465324.6658,51.54,0.68,4276999680,4276999000.0,238425595719.23,250974300000.0
2020-03-03,INTC,51.9,49.77,51.94,48.64,49.53,43140305,2442875723.6006,50.52,1.01,4276999680,4276999000.0,236394020871.23,248835800000.0
2020-02-29,INTC,49.53,48.44,50.3,47.82,49.81,60728000,3329467133.744,48.91,1.42,4276999680,4276999000.0,237459043618.6,237459000000.0
2020-02-28,INTC,49.81,51.68,52.2,49.78,53.21,42226860,2417306075.0483,51.07,0.99,4276999680,4276999000.0,238784900688.4,238784900000.0
2020-02-27,INTC,53.21,53.62,54.26,52.87,53.28,26217739,1572359056.6032,53.5,0.61,4276999680,4276999000.0,255123005250.0,255122900000.0
2020-02-26,INTC,53.28,55.3,55.56,53.04,55.1,34495727,2083855959.8986,53.89,0.81,4276999680,4276999000.0,255465173778.4,255465100000.0
2020-02-25,INTC,55.1,54.96,56.0,54.7,57.4,26903118,1671369764.9215,55.42,0.63,4276999680,4276999000.0,264147478851.8,264147400000.0
2020-02-22,INTC,57.4,58.15,58.21,57.13,58.39,20780465,1340539443.4031,57.55,0.49,4276999680,4276999000.0,275182146580.2,275182100000.0
2020-02-21,INTC,58.39,59.81,60.03,57.59,59.87,26452594,1733356534.6838,58.46,0.62,4276999680,4276999000.0,279929616225.0,279929600000.0
2020-02-20,INTC,59.87,59.23,59.95,59.04,59.0,13551204,904905971.5112,59.57,0.32,4276999680,4276999000.0,287029452801.8,287029400000.0
2020-02-15,INTC,60.01,60.23,60.54,59.61,60.16,13405450,903483065.2041,60.12,0.31,4276999680,4276999000.0,287713789858.6,287713800000.0
2020-02-14,INTC,60.16,59.76,60.35,59.54,60.18,11602735,781647168.8934,60.1,0.27,4276999680,4276999000.0,288440871250.2,288440800000.0
2020-02-13,INTC,60.18,60.31,60.74,60.05,60.14,15586602,1053169458.3582,60.28,0.36,4276999680,4276999000.0,288526428351.8,288526400000.0
2020-02-11,INTC,59.23,58.49,59.23,58.38,58.9,22299290,1471284944.1072,58.86,0.52,4276999680,4276999000.0,283950008755.2,283949900000.0
2020-02-08,INTC,58.9,59.65,60.04,58.89,59.85,18134645,1204951101.0354,59.27,0.42,4276999680,4276999000.0,282367540258.6,282367500000.0
2020-02-07,INTC,59.85,60.04,60.13,59.57,59.78,17408040,1166571912.9199,59.78,0.41,4276999680,4276999000.0,286943895700.2,286943900000.0
2020-02-06,INTC,59.78,59.2,60.01,58.7,58.11,23401418,1564611693.4489,59.35,0.55,4276999680,4276999000.0,288013145620.2,288013100000.0
2020-02-05,INTC,58.11,58.39,58.64,57.63,57.19,20970754,1371499998.9062,58.06,0.49,4276999680,4276999000.0,279972428991.8,279972400000.0
2020-02-04,INTC,57.19,57.22,57.74,57.08,56.75,16654563,1076046252.4428,57.36,0.39,4276999680,4276999000.0,275524315108.6,275524300000.0
2020-02-01,INTC,56.75,58.41,58.57,56.52,59.01,25268430,1626794006.0044,57.15,0.59,4276999680,4276999000.0,273428559603.4,273428500000.0
2020-01-31,INTC,59.01,58.27,59.03,57.64,58.88,18522360,1219560451.6702,58.45,0.43,4276999680,4276999000.0,284292177283.6,284292100000.0
2020-01-30,INTC,58.88,60.04,60.42,58.74,59.75,18076688,1206456197.6546,59.25,0.42,4276999680,4276999000.0,283693397328.4,283693400000.0
2020-01-29,INTC,59.75,59.03,59.99,58.54,58.31,30915395,2076163417.5769,59.62,0.72,4276999680,4276999000.0,287884839906.8,287884800000.0
2020-01-28,INTC,58.31,59.23,59.85,58.23,60.78,30764004,2038644313.5768,58.83,0.72,4276999680,4276999000.0,280956121810.2,280956100000.0
2020-01-25,INTC,60.78,59.1,61.51,59.0,56.21,84711063,5786299706.1522,60.64,1.98,4276999680,4276999000.0,292846176643.6,292846100000.0
2020-01-24,INTC,56.21,55.8,56.55,55.76,55.69,42778739,2709780763.8686,56.23,1.0,4276999680,4276999000.0,270819653953.6,270819600000.0
2020-01-23,INTC,55.69,54.19,55.79,54.12,53.75,29475122,1832716102.6155,55.2,0.69,4276999680,4276999000.0,268296172818.4,268296100000.0
2020-01-22,INTC,53.75,53.09,54.37,53.08,52.91,28358469,1722087682.444,53.91,0.66,4276999680,4276999000.0,258972347732.0,258972300000.0
2020-01-17,INTC,52.96,52.61,53.12,52.44,52.32,21365532,1270430875.4899,52.79,0.49,4349998080,4349998000.0,259520902852.79,259520900000.0
2020-01-15,INTC,52.76,52.81,53.03,52.54,52.9,17092446,1015701442.7342,52.75,0.39,4349998080,4349998000.0,258520355444.41,258520300000.0
2020-01-11,INTC,52.32,52.88,53.33,52.26,52.64,15201930,902275697.1245,52.69,0.35,4349998080,4349998000.0,256388899885.19,256388800000.0
2020-01-10,INTC,52.64,52.42,52.83,52.22,52.35,18818493,1113748062.9826,52.54,0.43,4349998080,4349998000.0,257954903543.99,257954900000.0
2020-01-09,INTC,52.35,52.28,52.66,51.95,52.31,23138274,1363466665.6175,52.31,0.53,4349998080,4349998000.0,256519395477.6,256519300000.0
2020-01-08,INTC,52.31,53.07,53.09,52.28,53.2,21960524,1298304070.6697,52.48,0.5,4349998080,4349998000.0,256345356404.41,256345300000.0
2020-01-07,INTC,53.2,52.9,53.44,52.67,53.35,17759137,1064024486.0454,53.19,0.41,4349998080,4349998000.0,260695354484.41,260695300000.0
2020-01-01,INTC,53.13,52.93,53.2,52.7,52.93,14435833,862464598.4501,53.04,0.33,4349998080,4349998000.0,260347415537.99,260347300000.0
2019-12-31,INTC,52.93,53.25,53.31,52.71,53.33,12751110,760800155.1007,52.97,0.29,4349998080,4349998000.0,259346868129.61,259346800000.0
2019-12-28,INTC,53.33,53.18,53.69,53.17,53.1,14086149,847191725.0825,53.39,0.32,4349998080,4349998000.0,261347893346.4,261347800000.0
2019-12-27,INTC,53.1,52.74,53.13,52.69,52.74,11486641,685965039.4783,53.01,0.26,4349998080,4349998000.0,260216919945.58,260216900000.0
2019-12-25,INTC,52.74,52.6,52.8,52.52,52.58,6313180,374583046.5905,52.67,0.15,4349998080,4349998000.0,258433403332.79,258433400000.0
2019-12-24,INTC,52.58,52.43,53.07,52.41,52.33,23593188,1402001509.3392,52.75,0.54,4349998080,4349998000.0,257650368878.41,257650300000.0
2019-12-21,INTC,52.33,51.77,52.42,51.39,51.45,49970825,2935885860.4292,52.16,1.15,4349998080,4349998000.0,256432373766.01,256432300000.0
2019-12-20,INTC,51.45,50.75,51.48,50.57,50.75,18869004,1089294279.4032,51.25,0.43,4349998080,4349998000.0,252125919166.79,252125900000.0
2019-12-19,INTC,50.75,50.95,51.0,50.55,50.87,28273063,1616077169.7662,50.74,0.65,4349998080,4349998000.0,248689385883.6,248689400000.0
2019-12-18,INTC,50.87,51.49,51.58,50.72,51.22,21656375,1243916127.3809,50.99,0.5,4349998080,4349998000.0,249254907383.99,249254800000.0
2019-12-17,INTC,51.22,51.67,51.99,51.18,51.3,19135286,1110464715.1437,51.52,0.44,4349998080,4349998000.0,250994876166.01,250994800000.0
2019-12-14,INTC,51.3,51.09,51.79,50.94,51.09,22795852,1319597253.4186,51.39,0.52,4349998080,4349998000.0,251386362943.21,251386300000.0
2019-12-13,INTC,51.09,50.38,51.53,50.25,50.66,27896157,1604659452.752,51.06,0.64,4349998080,4349998000.0,250342406903.99,250342400000.0
2019-12-11,INTC,50.24,50.34,50.45,50.1,50.18,16157977,915347829.7262,50.29,0.37,4349998080,4349998000.0,246166378297.21,246166300000.0
2019-12-10,INTC,50.18,50.19,50.56,50.16,50.43,14467821,820379053.9768,50.34,0.33,4349998080,4349998000.0,245905387112.4,245905300000.0
2019-12-07,INTC,50.43,50.3,50.59,50.09,49.78,16477407,936061850.6009,50.43,0.38,4349998080,4349998000.0,247123382224.8,247123300000.0
2019-12-06,INTC,49.78,50.08,50.08,49.5,49.73,17675583,990348881.0771,49.74,0.41,4349998080,4349998000.0,243947901026.4,243947900000.0
2019-12-05,INTC,49.73,50.3,50.3,49.59,49.77,18882731,1059840540.8507,49.83,0.43,4349998080,4349998000.0,243686914191.59,243686900000.0
2019-12-03,INTC,51.19,51.98,52.1,51.02,51.53,19166770,1108408501.5687,51.34,0.44,4349998080,4349998000.0,250820906692.79,250820900000.0
2019-11-30,INTC,51.53,51.62,51.75,51.3,51.94,9481129,550896335.8295,51.58,0.22,4349998080,4349998000.0,252517405943.99,252517400000.0
2019-11-28,INTC,51.94,51.96,52.01,51.4,52.29,18185512,1062012150.9276,51.84,0.42,4349998080,4349998000.0,254518365910.81,254518300000.0
2019-11-27,INTC,52.29,52.33,52.49,51.89,52.21,22381497,1315510601.8644,52.18,0.51,4349998080,4349998000.0,256214860812.01,256214800000.0
2019-11-26,INTC,52.21,51.49,52.23,51.49,51.14,15012415,879996316.2906,52.04,0.35,4349998080,4349998000.0,255823378384.8,255823300000.0
2019-11-23,INTC,51.14,51.79,52.06,51.04,51.68,15690161,907186312.2071,51.33,0.36,4349998080,4349998000.0,250603393738.8,250603300000.0
2019-11-22,INTC,51.68,51.04,51.75,50.96,51.4,16139032,937384077.2347,51.56,0.37,4349998080,4349998000.0,253256896917.6,253256800000.0
2019-11-21,INTC,51.4,51.72,51.81,50.93,51.8,18559090,1074790401.0575,51.41,0.43,4349998080,4349998000.0,251864862732.01,251864800000.0
2019-11-20,INTC,51.8,51.91,52.06,51.27,51.71,17062825,992993367.8616,51.66,0.39,4349998080,4349998000.0,253822418417.99,253822400000.0
2019-11-19,INTC,51.71,51.22,51.91,51.11,51.45,16101282,937078607.7257,51.66,0.37,4349998080,4349998000.0,253387388160.0,253387300000.0
2019-11-16,INTC,51.45,51.64,52.11,51.15,51.32,16112993,935378482.5636,51.53,0.37,4349998080,4349998000.0,252125919166.79,252125900000.0
2019-11-15,INTC,51.32,51.14,51.52,51.11,51.39,12141219,701590028.6078,51.3,0.28,4349998080,4349998000.0,251473380304.8,251473300000.0
2019-11-14,INTC,51.39,51.37,51.46,50.91,51.67,15409833,889902338.0482,51.27,0.35,4349998080,4349998000.0,251821388851.2,251821400000.0
2019-11-13,INTC,51.67,51.84,52.2,51.51,51.8,11954040,698097992.986,51.84,0.27,4349998080,4349998000.0,253169875206.01,253169800000.0
2019-11-12,INTC,51.8,51.46,51.93,51.4,51.73,11236364,655277747.4973,51.77,0.26,4349998080,4349998000.0,253822418417.99,253822400000.0
2019-11-09,INTC,51.73,51.35,51.75,50.88,51.53,11890274,689294629.2459,51.46,0.27,4349998080,4349998000.0,253474409871.59,253474400000.0
2019-11-08,INTC,51.53,51.49,51.98,51.36,51.13,16962848,987555043.6718,51.68,0.39,4349998080,4349998000.0,252517405943.99,252517400000.0
2019-11-07,INTC,51.13,51.04,51.23,50.58,50.81,17720997,1017865731.8058,50.99,0.41,4349998080,4349998000.0,250559919857.99,250559900000.0
2019-11-06,INTC,50.81,50.74,51.52,50.51,50.86,20865356,1206178114.8491,51.04,0.48,4349998080,4349998000.0,250342406903.99,250342400000.0
2019-11-05,INTC,50.86,50.26,51.03,50.19,49.89,19067981,1096464204.6449,50.77,0.44,4349998080,4349998000.0,250603393738.8,250603300000.0
2019-11-02,INTC,49.89,49.39,50.01,49.1,49.91,17953469,1011394277.4329,49.74,0.41,4349998080,4349998000.0,245818369750.81,245818300000.0
2019-11-01,INTC,49.91,49.73,49.97,49.1,49.97,19249680,1079758844.7137,49.52,0.44,4349998080,4349998000.0,245905387112.4,245905300000.0
2019-10-31,INTC,49.97,49.72,50.0,49.1,49.74,15248000,858631607.056,49.71,0.35,4349998080,4349998000.0,246209921777.99,246209900000.0
2019-10-30,INTC,49.74,49.77,50.54,49.65,50.11,18155770,1026912210.7471,49.94,0.42,4349998080,4349998000.0,245078878777.21,245078800000.0
2019-10-29,INTC,50.11,49.78,50.16,49.49,49.85,32307512,1825610078.9925,49.89,0.74,4349998080,4349998000.0,246905869270.81,246905800000.0
2019-10-26,INTC,49.85,47.84,49.98,47.6,46.11,59767680,3342364539.7094,49.37,1.37,4350000640,4350000000.0,245601066584.4,245601000000.0
2019-10-25,INTC,46.11,45.99,46.29,45.41,45.66,25654059,1336863978.9392,46.01,0.59,4350000640,4350000000.0,227200516027.2,227200400000.0
2019-10-24,INTC,45.66,45.35,45.87,45.2,45.92,15961602,823344043.8376,45.54,0.37,4350000640,4350000000.0,224982041800.8,224982000000.0
2019-10-23,INTC,45.92,45.82,46.19,45.81,46.02,13347317,695893057.2768,46.03,0.31,4350000640,4350000000.0,226243511536.4,226243500000.0
2019-10-22,INTC,46.02,45.49,46.06,45.33,45.34,13120653,680950003.3884,45.82,0.3,4350000640,4350000000.0,226765555113.2,226765500000.0
2019-10-19,INTC,45.34,45.69,45.75,45.05,45.79,16975161,874006853.5459,45.46,0.39,4350000640,4350000000.0,223416037220.4,223416000000.0
2019-10-18,INTC,45.79,46.47,46.65,45.36,46.3,16918325,877061143.7375,45.77,0.39,4350000640,4350000000.0,225591037540.4,225591000000.0
2019-10-17,INTC,46.3,46.22,46.4,46.01,46.48,15173071,794493967.2206,46.23,0.35,4350000640,4350000000.0,228135818364.81,228135800000.0
2019-10-16,INTC,46.48,45.85,46.85,45.76,45.59,18970766,999038536.0043,46.49,0.44,4350000640,4350000000.0,229027507596.0,229027400000.0
2019-10-15,INTC,45.59,45.82,45.86,45.41,45.99,16425532,848386907.7149,45.6,0.38,4350000640,4350000000.0,224634033049.6,224634000000.0
2019-10-12,INTC,45.99,45.91,46.61,45.75,45.12,24167114,1264142969.2891,46.18,0.56,4350000640,4350000000.0,226591520287.6,226591400000.0
2019-10-11,INTC,45.12,44.51,45.71,44.5,44.57,14611657,747875789.8945,45.19,0.34,4350000640,4350000000.0,222328537060.4,222328500000.0
2019-10-10,INTC,44.57,44.56,44.84,44.28,43.9,12189954,615610913.1712,44.59,0.28,4350000640,4350000000.0,219588014907.2,219587900000.0
2019-10-09,INTC,43.9,44.28,44.57,43.8,44.69,17884434,893368648.2671,44.1,0.41,4350000640,4350000000.0,216303812274.0,216303800000.0
2019-10-08,INTC,44.69,44.76,45.23,44.64,44.96,12722055,646319845.0926,44.85,0.29,4350000640,4350000000.0,220197014996.8,220196900000.0
2019-10-03,INTC,43.6,44.42,44.47,43.24,44.81,21436997,1061448661.9296,43.71,0.49,4350000640,4350000000.0,214846531609.6,214846500000.0
2019-10-02,INTC,44.81,45.88,46.12,44.52,45.49,18487336,945007929.1313,45.13,0.42,4350000640,4350000000.0,220806010736.4,220805900000.0
2019-10-01,INTC,45.49,45.19,45.55,44.97,44.83,14059200,722491124.9952,45.37,0.32,4350000640,4350000000.0,224155528629.2,224155500000.0
2019-09-27,INTC,44.96,45.01,45.15,44.44,45.04,11482106,582810963.8766,44.81,0.26,4476999680,4430000000.0,227968819228.6,225575600000.0
2019-09-26,INTC,45.04,43.92,45.21,43.63,43.98,20120840,1016498800.548,44.6,0.45,4476999680,4430000000.0,228416546058.6,226018600000.0
2019-09-25,INTC,43.98,45.11,45.18,43.83,44.94,28472934,1425955883.4203,44.21,0.64,4476999680,4430000000.0,223044159873.6,220702600000.0
2019-09-21,INTC,44.78,45.56,45.8,44.64,45.53,38632497,1975256198.9493,45.14,0.87,4476999680,4430000000.0,227073432723.6,224689600000.0
2019-09-19,INTC,45.68,46.02,46.02,45.17,45.86,15029864,776442834.3595,45.61,0.34,4476999680,4430000000.0,231639990305.2,229208200000.0
2019-09-17,INTC,46.09,45.82,46.16,45.64,46.39,13354590,695668677.8028,45.99,0.3,4476999680,4430000000.0,233699369865.0,231245900000.0
2019-09-14,INTC,46.39,46.58,46.79,46.12,46.8,18010813,946651861.3993,46.4,0.41,4476999680,4430000000.0,235221536325.2,232752100000.0
2019-09-13,INTC,46.8,46.79,47.08,45.97,46.61,23308711,1234084505.4895,46.74,0.53,4476999680,4430000000.0,237325730651.8,234834300000.0
2019-09-12,INTC,46.61,45.56,46.61,45.36,45.75,18968942,994042783.8233,46.27,0.43,4476999680,4430000000.0,236340786245.2,233859600000.0
2019-09-11,INTC,45.75,45.32,45.77,44.87,45.55,18532028,952675926.3319,45.39,0.42,4476999680,4430000000.0,231998159233.6,229562600000.0
2019-09-10,INTC,45.55,45.08,45.94,45.04,44.96,20749661,1070628496.2324,45.55,0.47,4476999680,4430000000.0,230968400060.2,228543700000.0
2019-09-07,INTC,44.96,44.36,45.02,44.2,44.23,17067942,865010213.0765,44.74,0.39,4476999680,4430000000.0,227968819228.6,225575600000.0
2019-09-06,INTC,44.23,44.08,45.18,44.03,43.19,30023118,1516834032.2658,44.6,0.68,4476999680,4430000000.0,224297715307.0,221943000000.0
2019-09-05,INTC,43.19,41.99,43.22,41.97,41.48,23472114,1140573347.0236,42.9,0.53,4476999680,4430000000.0,219014819868.6,216715600000.0
2019-09-04,INTC,41.48,41.6,41.69,41.05,41.86,15010270,703867524.9069,41.4,0.34,4476999680,4430000000.0,210329427058.4,208121400000.0
2019-08-31,INTC,41.86,41.71,42.19,41.64,41.38,16923145,802730750.6924,41.88,0.38,4476999680,4430000000.0,212254572736.8,210026300000.0
2019-08-30,INTC,41.38,41.02,41.69,40.96,40.43,17806114,835208259.2559,41.41,0.4,4476999680,4430000000.0,209836957093.6,207634100000.0
2019-08-29,INTC,40.43,40.35,40.53,40.06,40.43,14895348,680772590.8643,40.35,0.34,4476999680,4430000000.0,205001788485.2,202849700000.0
2019-08-28,INTC,40.43,40.5,40.72,40.17,40.22,16927567,775155544.1372,40.43,0.38,4476999680,4430000000.0,205001788485.2,202849700000.0
2019-08-27,INTC,40.22,40.45,40.45,39.95,39.69,22086633,1004879804.3212,40.17,0.5,4476999680,4430000000.0,203972096466.8,201830800000.0
2019-08-24,INTC,39.69,40.92,41.17,39.55,41.3,32817083,1489180319.876,40.06,0.74,4476999680,4430000000.0,201285936951.8,199172800000.0
2019-08-23,INTC,41.3,41.74,41.87,41.22,41.63,19785891,929452023.741,41.47,0.45,4476999680,4430000000.0,209434040553.4,207235400000.0
2019-08-22,INTC,41.63,41.59,41.75,41.4,41.14,15915801,750796160.152,41.65,0.36,4476999680,4430000000.0,211090508050.0,208874400000.0
2019-08-21,INTC,41.14,41.52,41.6,41.02,41.7,23115325,1078228203.82,41.18,0.52,4476999680,4430000000.0,208628216427.0,206438000000.0
2019-08-17,INTC,41.05,40.91,41.21,40.66,40.35,23335692,1084498306.2053,41.03,0.53,4476999680,4430000000.0,208180485120.0,205995000000.0
2019-08-16,INTC,40.35,40.7,40.77,40.11,40.5,21992684,1007423406.4809,40.44,0.5,4476999680,4430000000.0,204598871945.0,202450900000.0
2019-08-15,INTC,40.5,40.66,41.16,40.3,41.35,25650219,1178681505.4606,40.57,0.58,4476999680,4430000000.0,205359957413.6,203204100000.0
2019-08-14,INTC,41.35,40.16,41.53,40.05,40.26,29374657,1373914247.7964,41.29,0.66,4476999680,4430000000.0,209702651580.2,207501200000.0
2019-08-13,INTC,40.26,40.4,40.67,40.12,40.59,18494297,846500711.0288,40.41,0.42,4476999680,4430000000.0,204151216747.0,202008000000.0
2019-08-10,INTC,40.59,41.44,41.49,40.42,41.64,24975454,1151807997.3904,40.72,0.56,4476999680,4430000000.0,205852427378.4,203691400000.0
2019-08-09,INTC,41.64,40.75,41.82,40.53,41.26,30643739,1433195660.6843,41.29,0.69,4476999680,4430000000.0,211180070428.6,208963100000.0
2019-08-08,INTC,41.26,40.88,41.39,40.59,41.46,29440395,1370094246.7917,41.09,0.66,4476999680,4430000000.0,209210177138.4,207013900000.0
2019-08-07,INTC,41.46,41.63,41.99,41.29,41.19,26119563,1229228426.0808,41.55,0.59,4476999680,4430000000.0,210239936311.8,208032800000.0
2019-08-06,INTC,41.19,41.88,42.06,40.84,42.69,38936649,1830018375.7152,41.22,0.88,4476999680,4430000000.0,210284683923.6,208077100000.0
2019-08-03,INTC,42.69,43.05,43.29,42.53,43.41,27881622,1359410330.9246,42.76,0.63,4476999680,4430000000.0,217940313083.4,215652400000.0
2019-08-01,INTC,44.33,45.17,45.36,43.89,45.34,24169750,1234284043.3633,44.78,0.55,4476999680,4430000000.0,226312351732.0,223936500000.0
2019-07-31,INTC,45.34,45.35,45.87,45.22,46.05,16487692,856299825.4044,45.54,0.37,4476999680,4430000000.0,231460870025.0,229030900000.0
2019-07-30,INTC,46.05,45.19,46.09,44.53,45.24,21897454,1138494530.5236,45.59,0.49,4476999680,4430000000.0,235087230811.8,232619300000.0
2019-07-27,INTC,45.24,46.21,46.92,45.19,45.74,36401547,1898522647.3835,45.74,0.82,4476999680,4430000000.0,230968400060.2,228543700000.0
2019-07-26,INTC,45.74,46.05,46.13,45.5,46.41,27765434,1448836580.0114,45.76,0.63,4476999680,4430000000.0,233520321216.8,231068800000.0
2019-07-25,INTC,46.41,45.58,46.45,45.43,45.38,20896368,1098428157.4822,46.1,0.47,4476999680,4430000000.0,236922818588.6,234435600000.0
2019-07-24,INTC,45.38,45.6,45.6,44.99,45.03,18413520,949785989.0086,45.23,0.42,4476999680,4430000000.0,231684733440.0,229252500000.0
2019-07-23,INTC,45.03,43.85,45.18,43.75,44.08,21686528,1107344524.1923,44.78,0.49,4476999680,4430000000.0,229893964907.0,227480500000.0
2019-07-20,INTC,44.08,43.81,44.43,43.77,43.79,29141086,1467979118.2949,44.18,0.66,4476999680,4430000000.0,225058796298.6,222696100000.0
2019-07-18,INTC,43.31,43.41,43.58,43.18,43.12,11928606,590129634.168,43.38,0.27,4476999680,4430000000.0,221119014195.2,218797700000.0
2019-07-17,INTC,43.12,43.77,43.85,42.94,43.95,17131368,844158522.6776,43.21,0.39,4476999680,4430000000.0,220134069788.6,217823100000.0
2019-07-16,INTC,43.95,43.85,44.07,43.64,43.78,14345083,717498002.0659,43.86,0.32,4476999680,4430000000.0,224387206053.6,222031600000.0
2019-07-13,INTC,43.78,42.97,43.79,42.8,42.62,20148731,999306476.5953,43.49,0.45,4476999680,4430000000.0,223491819548.6,221145600000.0
2019-07-12,INTC,42.62,42.58,42.78,42.37,42.28,16615083,806545974.069,42.57,0.38,4476999680,4430000000.0,217582215787.0,215298000000.0
2019-07-11,INTC,42.28,42.02,42.63,42.01,41.87,16032270,773507375.5598,42.31,0.36,4476999680,4430000000.0,215836185911.8,213570300000.0
2019-07-10,INTC,41.87,41.53,41.92,41.33,41.94,17853184,848824152.3525,41.69,0.4,4476999680,4430000000.0,213776734720.0,211532500000.0
2019-07-09,INTC,41.94,41.76,42.05,41.28,42.16,16564290,789000183.2897,41.77,0.37,4476999680,4430000000.0,214090160513.6,211842600000.0
2019-07-06,INTC,42.16,42.12,42.25,41.6,42.55,14339227,686737084.3117,42.0,0.32,4476999680,4430000000.0,215254153568.4,212994400000.0
2019-07-04,INTC,42.55,42.25,42.58,42.09,42.2,10739102,519188297.4339,42.4,0.24,4476999680,4430000000.0,217224046858.6,214943600000.0
2019-07-03,INTC,42.2,42.01,42.29,41.82,42.14,15384688,738309623.2665,42.08,0.35,4476999680,4430000000.0,215433206693.6,213171600000.0
2019-07-02,INTC,42.14,43.22,43.36,41.87,41.98,27505446,1326645477.0275,42.3,0.62,4476999680,4430000000.0,215119852532.0,212861500000.0
2019-06-29,INTC,41.98,41.89,42.27,41.81,41.62,26646184,1277172969.3596,42.03,0.6,4476999680,4476999000.0,214313956773.6,214313900000.0
2019-06-28,INTC,41.62,42.22,42.46,41.43,42.26,23062946,1097102057.9883,41.72,0.52,4476999680,4476999000.0,212478436151.8,212478400000.0
2019-06-27,INTC,42.26,41.79,42.51,41.71,41.08,21886309,1055338144.1882,42.29,0.49,4476999680,4476999000.0,215746628010.2,215746600000.0
2019-06-26,INTC,41.08,41.71,41.81,41.04,41.77,16665579,785845279.0567,41.35,0.37,4476999680,4476999000.0,209747466347.0,209747400000.0
2019-06-25,INTC,41.77,41.57,41.96,41.37,41.62,14479942,689572558.2889,41.76,0.32,4476999680,4476999000.0,213239517143.4,213239400000.0
2019-06-22,INTC,41.62,41.17,41.86,41.04,41.38,31096250,1472428987.2013,41.52,0.69,4476999680,4476999000.0,212478436151.8,212478400000.0
2019-06-21,INTC,41.38,41.98,42.14,41.1,41.28,20126782,950857471.8513,41.43,0.45,4476999680,4476999000.0,211269628330.2,211269600000.0
2019-06-20,INTC,41.28,41.64,41.72,41.22,41.54,17436383,823312771.514,41.41,0.39,4476999680,4476999000.0,210732410753.6,210732400000.0
2019-06-18,INTC,40.45,40.46,40.8,40.16,40.51,12643344,584529519.9734,40.54,0.28,4476999680,4476999000.0,206524017623.4,206524000000.0
2019-06-14,INTC,40.95,40.87,41.18,40.8,40.62,12267633,573296018.2826,40.98,0.27,4476999680,4476999000.0,209075871625.0,209075800000.0
2019-06-13,INTC,40.62,40.93,40.93,40.56,41.08,15900571,737803873.7241,40.69,0.36,4476999680,4476999000.0,207374660993.6,207374600000.0
2019-06-12,INTC,41.08,41.44,41.5,40.8,41.04,18415497,862235631.3054,41.06,0.41,4476999680,4476999000.0,209747466347.0,209747400000.0
2019-06-08,INTC,40.37,39.68,40.44,39.55,39.55,24370254,1117261776.298,40.2,0.54,4476999680,4476999000.0,206076290793.4,206076300000.0
2019-06-07,INTC,39.55,39.24,39.61,39.03,39.07,19076172,855774263.551,39.34,0.43,4476999680,4476999000.0,201912716907.0,201912700000.0
2019-06-06,INTC,39.07,39.56,39.62,38.75,39.28,20802012,925729224.2389,39.03,0.46,4476999680,4476999000.0,199450353652.0,199450300000.0
2019-06-05,INTC,39.28,38.73,39.34,38.38,38.11,28094918,1250788446.4721,39.04,0.63,4476999680,4476999000.0,200524788805.2,200524800000.0
2019-06-04,INTC,38.11,38.8,39.1,37.88,38.62,31155680,1361708999.2664,38.33,0.7,4476999680,4476999000.0,194570437431.8,194570400000.0
2019-06-01,INTC,38.62,38.74,39.28,38.52,39.23,25532528,1130297081.9744,38.82,0.57,4476999680,4476999000.0,197167039045.2,197167000000.0
2019-05-31,INTC,39.23,38.85,39.49,38.79,38.79,21618860,965480884.4177,39.16,0.48,4476999680,4476999000.0,200256177778.4,200256100000.0
2019-05-30,INTC,38.79,38.02,39.05,38.0,38.21,28450340,1253596150.4364,38.64,0.64,4476999680,4476999000.0,198017677938.4,198017600000.0
2019-05-29,INTC,38.21,39.16,39.19,37.97,39.09,34779864,1517796986.4054,38.27,0.78,4476999680,4476999000.0,195062911873.6,195062900000.0
2019-05-25,INTC,39.09,39.1,39.51,39.02,39.05,27168067,1212448370.824,39.14,0.61,4476999680,4476999000.0,199539911553.6,199539900000.0
2019-05-23,INTC,38.59,38.72,38.99,38.45,38.99,16932520,745776029.4076,38.62,0.38,4476999680,4476999000.0,196987985920.0,196987900000.0
2019-05-22,INTC,38.99,38.88,39.27,38.74,38.2,25543372,1135888081.7511,39.0,0.57,4476999680,4476999000.0,199047437111.8,199047400000.0
2019-05-21,INTC,38.2,38.59,39.04,38.11,39.37,28674965,1257560605.2006,38.46,0.64,4476999680,4476999000.0,195018097106.8,195018000000.0
2019-05-18,INTC,39.37,39.62,40.1,39.26,39.93,22500360,1014723462.8156,39.55,0.5,4476999680,4476999000.0,200972515635.2,200972400000.0
2019-05-17,INTC,39.93,39.87,40.3,39.83,40.01,19954653,910716354.7536,40.02,0.45,4476999680,4476999000.0,203837790953.4,203837800000.0
2019-05-16,INTC,40.01,39.39,40.12,39.25,39.61,23407895,1061370325.5112,39.76,0.52,4476999680,4476999000.0,204240707493.6,204240700000.0
2019-05-14,INTC,39.25,39.75,40.02,39.2,40.51,39091930,1759262139.6357,39.47,0.87,4476999680,4476999000.0,200390483291.8,200390400000.0
2019-05-11,INTC,40.51,40.73,41.04,39.55,40.88,42522778,1952420765.1277,40.26,0.95,4476999680,4476999000.0,206837371785.0,206837300000.0
2019-05-10,INTC,40.88,42.01,42.35,40.38,43.18,59642161,2789308561.7828,41.01,1.33,4476999680,4476999000.0,208717707173.6,208717700000.0
2019-05-07,INTC,44.92,44.07,44.97,44.01,45.11,26245239,1335830043.3958,44.63,0.59,4476999680,4476999000.0,229311932563.6,229311900000.0
2019-05-04,INTC,45.11,44.52,45.17,44.22,44.06,25656641,1317209511.5591,44.75,0.57,4476999680,4476999000.0,231684733440.0,231684700000.0
2019-05-03,INTC,44.06,44.28,44.74,43.68,44.24,22655399,1147419089.5812,44.14,0.51,4476999680,4476999000.0,226312351732.0,226312300000.0
2019-05-02,INTC,44.24,44.54,44.97,44.23,44.49,20467583,1047129753.7808,44.59,0.46,4476999680,4476999000.0,227252481371.8,227252400000.0
2019-05-01,INTC,44.49,44.45,44.83,44.34,44.55,27130856,1386967314.7875,44.56,0.61,4476999680,4476999000.0,228506036805.2,228506000000.0
2019-04-30,INTC,44.55,45.47,45.7,44.45,45.7,42142301,2164955273.8379,44.78,0.94,4476999680,4476999000.0,228819458121.8,228819400000.0
2019-04-26,INTC,50.21,50.81,50.88,49.88,51.18,27949926,1611659812.9824,50.26,0.62,4476999680,4476999000.0,257919956041.8,257919900000.0
2019-04-25,INTC,51.18,51.01,51.68,50.68,51.23,17723747,1043329564.7564,51.31,0.4,4476999680,4476999000.0,262889430163.6,262889400000.0
2019-04-24,INTC,51.23,51.33,51.41,50.99,51.27,17739930,1042726546.4647,51.23,0.4,4476999680,4476999000.0,263158036713.4,263158000000.0
2019-04-23,INTC,51.27,50.68,51.28,50.45,50.98,12327485,721563422.1015,51.02,0.28,4476999680,4476999000.0,263337156993.6,263337100000.0
2019-04-19,INTC,50.98,51.17,51.32,50.66,51.04,20464196,1197724411.5772,51.01,0.46,4476999680,4476999000.0,261859738145.2,261859700000.0
2019-04-18,INTC,51.04,50.94,51.94,50.66,49.43,38788450,2278336737.0288,51.2,0.87,4476999680,4476999000.0,262173092306.8,262173100000.0
2019-04-16,INTC,49.05,49.21,49.29,48.74,49.18,11676911,656437472.6752,49.0,0.26,4476999680,4476999000.0,251965537513.4,251965500000.0
2019-04-11,INTC,48.59,48.22,48.69,48.22,48.22,13084043,728516832.0112,48.53,0.29,4476999680,4476999000.0,249592732160.0,249592700000.0
2019-04-10,INTC,48.22,48.24,48.31,47.85,48.53,13339676,736276800.3407,48.11,0.3,4476999680,4476999000.0,247667658113.6,247667600000.0
2019-04-09,INTC,48.53,48.18,48.58,48.11,48.46,11758825,652561861.0287,48.37,0.26,4476999680,4476999000.0,249279310843.4,249279300000.0
2019-04-06,INTC,48.46,48.59,48.77,47.82,48.74,19268395,1065958344.49,48.22,0.43,4476999680,4476999000.0,248921213547.0,248921100000.0
2019-04-05,INTC,48.74,48.17,48.93,48.17,48.36,16520454,922036258.0367,48.65,0.37,4476999680,4476999000.0,250353817628.6,250353800000.0
2019-04-04,INTC,48.36,47.96,48.8,47.84,47.38,24552840,1363016440.4126,48.39,0.55,4476999680,4476999000.0,248383924338.4,248383900000.0
2019-04-03,INTC,47.38,47.53,47.76,47.26,47.51,13704512,745817304.0876,47.43,0.31,4476999680,4476999000.0,243369707081.8,243369700000.0
2019-04-02,INTC,47.51,47.36,47.56,47.15,46.81,17830438,969403559.2924,47.39,0.4,4476999680,4476999000.0,244041230171.8,244041200000.0
2019-03-30,INTC,46.81,46.89,47.1,46.61,46.29,18736075,1006044844.9782,46.8,0.42,4498667520,4498667000.0,241578432328.0,241578400000.0
2019-03-29,INTC,46.29,46.41,46.58,45.99,46.33,13607887,722600490.6719,46.28,0.3,4498667520,4498667000.0,238924236485.87,238924200000.0
2019-03-28,INTC,46.33,46.71,46.94,46.14,46.58,19655973,1047209347.2356,46.44,0.44,4498667520,4498667000.0,239149183357.87,239149100000.0
2019-03-27,INTC,46.58,46.47,46.87,46.23,46.0,17724348,945787178.9175,46.51,0.39,4498667520,4498667000.0,240408805764.8,240408800000.0
2019-03-26,INTC,46.0,46.17,46.67,45.65,46.42,16971407,894486593.4669,45.94,0.38,4498667520,4498667000.0,237439667206.93,237439600000.0
2019-03-23,INTC,46.42,47.42,47.6,46.38,47.62,21438434,1149093652.3082,46.72,0.48,4498667520,4498667000.0,239599009621.86,239599000000.0
2019-03-22,INTC,47.62,47.0,47.93,46.93,46.91,19127215,1044213846.4532,47.58,0.43,4498667520,4498667000.0,245807193292.8,245807100000.0
2019-03-21,INTC,46.91,47.12,47.42,46.73,47.21,24325282,1313047075.1681,47.05,0.54,4498667520,4498667000.0,242118321915.74,242118300000.0
2019-03-20,INTC,47.21,47.48,47.63,47.07,47.15,18274766,991396863.2927,47.28,0.41,4498667520,4498667000.0,243692815059.73,243692800000.0
2019-03-19,INTC,47.15,47.43,47.51,46.95,47.35,16273985,881159718.6506,47.19,0.36,4498667520,4498667000.0,243377944322.67,243377900000.0
2019-03-16,INTC,47.35,46.79,47.67,46.79,46.58,46485239,2524464298.4138,47.33,1.03,4497000960,4497000000.0,244322071150.8,244322000000.0
2019-03-15,INTC,46.58,47.33,47.46,46.48,47.39,26647059,1431266992.8904,46.82,0.59,4497000960,4497000000.0,240319744793.4,240319700000.0
2019-03-14,INTC,47.39,47.07,47.56,46.76,46.69,25522313,1384021590.2666,47.27,0.57,4497000960,4497000000.0,244501924207.2,244501900000.0
2019-03-13,INTC,46.69,46.49,47.03,46.35,46.5,20782079,1114156454.011,46.73,0.46,4497000960,4497000000.0,240904377403.21,240904300000.0
2019-03-12,INTC,46.5,46.09,46.76,45.82,45.74,18962954,1012270947.914,46.53,0.42,4497000960,4497000000.0,239915032695.01,239915000000.0
2019-03-09,INTC,45.74,45.3,45.81,45.06,45.85,16793891,878370780.2097,45.59,0.37,4497000960,4497000000.0,236002592392.8,236002600000.0
2019-03-08,INTC,45.85,45.99,46.18,45.64,46.15,17803407,937048554.3819,45.88,0.4,4497000960,4497000000.0,236542281975.01,236542200000.0
2019-03-07,INTC,46.15,46.74,46.76,46.14,46.79,14740524,782984176.2462,46.3,0.33,4497000960,4497000000.0,238116187341.0,238116100000.0
2019-03-06,INTC,46.79,46.94,47.06,46.29,47.01,21057747,1129838611.6889,46.77,0.47,4497000960,4497000000.0,241398980053.79,241398900000.0
2019-03-05,INTC,47.01,46.85,47.15,46.37,46.46,21706137,1165793054.053,46.81,0.48,4497000960,4497000000.0,242568245273.4,242568200000.0
2019-03-02,INTC,46.46,46.58,46.79,46.1,46.16,18359325,977683644.7868,46.42,0.41,4497000960,4497000000.0,239690169156.0,239690100000.0
2019-03-01,INTC,46.16,46.13,46.35,46.03,46.4,18388821,974081703.0523,46.17,0.41,4497000960,4497000000.0,238161202320.61,238161100000.0
2019-02-28,INTC,46.4,45.99,46.53,45.77,46.4,17590309,933334777.0067,46.25,0.39,4497000960,4497000000.0,239420358092.41,239420300000.0
2019-02-27,INTC,46.4,46.2,46.52,46.12,46.28,16082215,855387300.3882,46.36,0.36,4497000960,4497000000.0,239375343112.8,239375300000.0
2019-02-26,INTC,46.28,46.25,46.73,46.07,45.75,20711750,1101950059.5985,46.37,0.46,4497000960,4497000000.0,238790782455.01,238790700000.0
2019-02-23,INTC,45.75,45.93,46.17,45.37,44.81,31934145,1679253821.4105,45.83,0.71,4497000960,4497000000.0,236047607372.41,236047600000.0
2019-02-22,INTC,44.81,44.73,45.18,44.63,44.79,16162141,831361089.9844,44.83,0.36,4497000960,4497000000.0,231190837341.6,231190800000.0
2019-02-21,INTC,44.79,45.0,45.09,44.5,44.8,21607727,1109118079.7687,44.74,0.48,4497000960,4497000000.0,231100879334.4,231100800000.0
2019-02-20,INTC,44.8,44.76,45.07,44.75,45.03,15611774,804334161.4187,44.91,0.35,4497000960,4497000000.0,231145822361.99,231145800000.0
2019-02-16,INTC,45.03,44.67,45.04,44.53,44.29,22520360,1157843615.1095,44.81,0.5,4497000960,4497000000.0,232315087581.6,232315100000.0
2019-02-15,INTC,44.29,43.94,44.49,43.89,43.99,17545364,890876472.0452,44.26,0.39,4497000960,4497000000.0,228492609783.6,228492600000.0
2019-02-14,INTC,43.99,43.69,44.29,43.58,43.59,17712782,893787103.7095,43.98,0.39,4497000960,4497000000.0,226963647445.2,226963600000.0
2019-02-13,INTC,43.59,43.02,43.7,42.94,42.51,18050059,900806352.7544,43.5,0.4,4497000960,4497000000.0,224894995524.6,224894900000.0
2019-02-12,INTC,42.51,42.73,42.99,42.34,42.57,18004090,879703206.7088,42.59,0.4,4497000960,4497000000.0,219318759304.2,219318700000.0
2019-02-09,INTC,42.57,42.51,42.73,41.85,42.91,18851208,915128122.1184,42.31,0.42,4497000960,4497000000.0,219633513395.4,219633500000.0
2019-02-08,INTC,42.91,43.14,43.45,42.43,43.49,27825875,1369611689.0706,42.9,0.62,4497000960,4497000000.0,221387339272.8,221387300000.0
2019-02-07,INTC,43.49,43.54,44.14,43.42,43.31,21647844,1084535336.556,43.67,0.48,4497000960,4497000000.0,224400320921.99,224400300000.0
2019-02-06,INTC,43.31,42.6,43.93,42.6,42.63,31641571,1585742612.2802,43.41,0.7,4497000960,4497000000.0,224894995524.6,224894900000.0
2019-02-05,INTC,42.63,42.11,42.65,41.78,42.21,20905012,1023030746.3652,42.39,0.46,4497000960,4497000000.0,221342396245.2,221342400000.0
2019-02-02,INTC,42.21,40.76,42.48,40.72,40.81,37442926,1815169511.8346,41.99,0.83,4497000960,4497000000.0,219138838792.8,219138800000.0
2019-02-01,INTC,40.81,40.45,40.86,39.93,41.18,43051305,2008782630.7149,40.41,0.96,4497000960,4497000000.0,211898667247.2,211898600000.0
2019-01-31,INTC,41.18,40.43,41.3,40.23,40.31,26931676,1267832832.345,40.77,0.6,4497000960,4497000000.0,213787398656.39,213787300000.0
2019-01-30,INTC,40.31,40.52,40.68,40.13,40.46,20988344,977120855.1993,40.32,0.47,4497000960,4497000000.0,209290397696.39,209290300000.0
2019-01-29,INTC,40.46,39.95,40.47,39.88,40.74,35928704,1668471563.7623,40.22,0.8,4497000960,4497000000.0,210054946320.61,210054900000.0
2019-01-26,INTC,40.74,40.58,41.08,39.62,43.1,86471875,4032261874.7688,40.39,1.89,4563998720,4563998000.0,214690472404.81,214690400000.0
2019-01-25,INTC,43.1,42.18,43.34,42.09,41.52,50578270,2510133434.3011,42.98,1.11,4563998720,4563998000.0,227104553487.21,227104500000.0
2019-01-24,INTC,41.52,41.93,42.27,41.16,41.81,18960711,910233618.4007,41.58,0.42,4563998720,4563998000.0,218798112328.8,218798100000.0
2019-01-23,INTC,41.81,42.4,42.42,41.46,42.6,25940723,1253276640.6084,41.84,0.57,4563998720,4563998000.0,220304241034.39,220304200000.0
2019-01-19,INTC,42.6,42.53,42.77,42.17,41.98,29874317,1467880331.5382,42.56,0.65,4563998720,4563998000.0,224503110728.8,224503100000.0
2019-01-18,INTC,41.98,41.57,42.3,41.49,41.69,17448657,844347439.3468,41.91,0.38,4563998720,4563998000.0,221217027086.4,221217000000.0
2019-01-17,INTC,41.69,42.09,42.34,41.64,42.09,19057708,922413897.2748,41.92,0.42,4563998720,4563998000.0,219665281213.59,219665200000.0
2019-01-16,INTC,42.09,42.19,42.55,41.95,41.88,22480821,1095659103.4108,42.21,0.49,4563998720,4563998000.0,221810369739.99,221810300000.0
2019-01-15,INTC,41.88,41.97,42.29,41.83,42.38,19193911,930731899.9132,42.0,0.42,4563998720,4563998000.0,220669370059.99,220669300000.0
2019-01-12,INTC,42.38,41.66,42.69,41.62,42.06,21751290,1063442471.649,42.35,0.48,4563998720,4563998000.0,223316425421.61,223316400000.0
2019-01-11,INTC,42.06,41.36,42.14,41.06,41.58,27202575,1311272789.2871,41.75,0.6,4563998720,4563998000.0,221627768715.2,221627800000.0
2019-01-10,INTC,41.58,41.54,42.07,41.38,41.35,22554524,1086388403.7399,41.72,0.49,4563998720,4563998000.0,219117555727.21,219117500000.0
2019-01-09,INTC,41.35,41.4,41.6,40.52,41.09,22749208,1079379397.0552,41.09,0.5,4563998720,4563998000.0,217885326276.79,217885300000.0
2019-01-08,INTC,41.09,40.79,41.57,40.49,40.9,22736797,1079274850.0922,41.11,0.5,4563998720,4563998000.0,216516112968.8,216516100000.0
2019-01-05,INTC,40.9,39.7,41.2,39.44,38.53,35447286,1661134509.3916,40.59,0.78,4563998720,4563998000.0,215512028686.4,215512000000.0
2019-01-04,INTC,38.53,39.97,40.08,38.45,40.78,32267297,1452983573.7931,39.0,0.71,4563998720,4563998000.0,203052330436.79,203052300000.0
2019-01-03,INTC,40.78,39.81,41.11,39.64,40.65,18774575,881730961.4338,40.68,0.41,4563998720,4563998000.0,214873068865.6,214873000000.0
2019-01-01,INTC,40.65,40.79,41.12,40.32,40.49,20490407,960957140.4069,40.62,0.45,4563998720,4563998000.0,214188427981.61,214188400000.0
2018-12-29,INTC,40.49,40.28,41.35,40.1,40.15,24729696,1159550913.5816,40.61,0.54,4563998720,4563998000.0,213366940160.0,213366900000.0
2018-12-28,INTC,40.15,39.51,40.17,38.69,40.01,29970727,1366887144.3749,39.5,0.66,4563998720,4563998000.0,211586985223.2,211586900000.0
2018-12-27,INTC,40.01,38.11,40.01,37.68,37.75,28677633,1291348107.141,39.0,0.63,4563998720,4563998000.0,210811114568.8,210811100000.0
2018-12-25,INTC,37.75,38.65,39.12,37.71,38.84,19241563,851662307.1561,38.34,0.42,4563998720,4563998000.0,198944690512.8,198944600000.0
2018-12-22,INTC,38.84,39.62,40.4,38.8,39.44,52767743,2392631834.9906,39.27,1.16,4563998720,4563998000.0,204649688912.8,204649600000.0
2018-12-21,INTC,39.44,39.33,40.11,38.98,39.47,37750950,1723077785.1312,39.53,0.83,4563998720,4563998000.0,207844474324.81,207844400000.0
2018-12-20,INTC,39.47,41.13,41.34,39.3,41.35,39717559,1843768444.4629,40.21,0.87,4563998720,4563998000.0,207981458182.39,207981400000.0
2018-12-19,INTC,41.35,41.11,41.96,41.02,40.78,29014290,1390173485.586,41.5,0.64,4563998720,4563998000.0,217885326276.79,217885300000.0
2018-12-18,INTC,40.78,41.45,41.93,40.41,41.45,26598676,1262407847.6335,41.11,0.58,4563998720,4563998000.0,214873068865.6,214873000000.0
2018-12-15,INTC,41.45,41.48,42.23,41.44,41.82,26372079,1269905189.8024,41.71,0.58,4563998720,4563998000.0,218432983303.2,218432900000.0
2018-12-14,INTC,41.82,41.8,42.08,41.45,41.43,19525965,941971701.1598,41.78,0.43,4563998720,4563998000.0,220395470804.81,220395400000.0
2018-12-13,INTC,41.43,42.08,42.13,41.06,41.04,31305047,1503997921.0603,41.61,0.69,4563998720,4563998000.0,218296067905.6,218296000000.0
2018-12-12,INTC,41.04,41.49,42.08,40.82,40.89,23850961,1140099667.5062,41.4,0.52,4563998720,4563998000.0,216242282173.59,216242300000.0
2018-12-11,INTC,40.89,40.08,41.11,39.85,40.05,23289000,1091022274.923,40.57,0.51,4563998720,4563998000.0,215466411519.19,215466400000.0
2018-12-08,INTC,40.05,41.52,41.63,40.04,41.89,34016375,1593993862.0155,40.59,0.75,4563998720,4563998000.0,211039328196.79,211039300000.0
2018-12-07,INTC,41.89,40.53,41.91,40.29,41.36,31661750,1509939295.6515,41.3,0.69,4563998720,4563998000.0,220760599830.41,220760500000.0
2018-12-05,INTC,41.36,42.89,42.96,41.29,43.42,35397723,1715217800.4056,41.97,0.78,4563998720,4563998000.0,217930938880.0,217930900000.0
2018-12-04,INTC,43.42,43.31,43.73,42.9,42.71,30866817,1544306857.9048,43.33,0.68,4563998720,4563998000.0,228793278653.59,228793300000.0
2018-12-01,INTC,42.71,41.53,42.72,41.19,41.31,43312602,2117301985.3136,42.34,0.95,4563998720,4563998000.0,225050767755.2,225050700000.0
2018-11-30,INTC,41.31,42.0,42.06,41.25,42.32,23592512,1131586692.2132,41.54,0.52,4563998720,4563998000.0,217702725252.0,217702600000.0
2018-11-29,INTC,42.32,41.52,42.34,41.27,41.63,28003223,1355927118.9331,41.94,0.61,4563998720,4563998000.0,222996982023.2,222996900000.0
2018-11-28,INTC,41.63,40.66,41.76,40.35,41.1,27621024,1316365441.0313,41.28,0.61,4563998720,4563998000.0,219391454982.39,219391400000.0
2018-11-27,INTC,41.1,40.94,41.11,40.45,40.31,20723036,977339886.0011,40.85,0.45,4563998720,4563998000.0,216561725572.0,216561700000.0
2018-11-24,INTC,40.31,40.44,40.77,40.29,40.73,8906879,416277267.792,40.48,0.2,4563998720,4563998000.0,212408473044.81,212408400000.0
2018-11-22,INTC,40.73,41.44,41.47,40.72,41.05,19011434,901598169.9703,41.07,0.42,4563998720,4563998000.0,214644855237.6,214644800000.0
2018-11-21,INTC,41.05,41.05,41.68,40.79,41.57,29200848,1388132391.7152,41.17,0.64,4563998720,4563998000.0,216287899340.8,216287900000.0
2018-11-20,INTC,41.57,42.1,42.57,41.38,42.29,26859032,1297500772.9086,41.84,0.59,4563998720,4563998000.0,219071938560.0,219071900000.0
2018-11-17,INTC,42.29,41.37,42.48,41.3,41.67,31670571,1540450302.6669,42.13,0.69,4563998720,4563998000.0,222860066625.6,222860000000.0
2018-11-16,INTC,41.67,40.72,41.78,40.46,40.79,29580993,1411229484.8349,41.32,0.65,4563998720,4563998000.0,219573982983.2,219573900000.0
2018-11-15,INTC,40.79,41.44,41.54,40.61,41.05,25632731,1213391992.6183,41.0,0.56,4563998720,4563998000.0,214918686032.8,214918600000.0
2018-11-14,INTC,41.05,40.7,41.79,40.7,40.4,29315926,1394335622.8868,41.19,0.64,4563998720,4563998000.0,216287899340.8,216287900000.0
2018-11-13,INTC,40.4,41.32,41.4,40.36,41.67,24412844,1146961893.175,40.69,0.53,4563998720,4563998000.0,212910512904.01,212910400000.0
2018-11-10,INTC,41.67,42.26,42.46,41.46,42.43,21761446,1050747198.3895,41.82,0.48,4563998720,4563998000.0,219573982983.2,219573900000.0
2018-11-09,INTC,42.43,42.0,42.69,41.97,42.2,26581743,1302896025.7134,42.45,0.58,4563998720,4563998000.0,223590324676.79,223590300000.0
2018-11-08,INTC,42.2,41.25,42.22,41.22,40.92,29913192,1447125535.7196,41.9,0.66,4563998720,4563998000.0,222358026766.4,222357900000.0
2018-11-07,INTC,40.92,41.4,41.5,40.73,41.29,23839583,1130110688.038,41.06,0.52,4563998720,4563998000.0,215648939520.0,215648900000.0
2018-11-06,INTC,41.29,40.75,41.53,40.38,40.55,23751223,1132553460.0393,41.04,0.52,4563998720,4563998000.0,218935027726.4,218935000000.0
2018-11-03,INTC,40.55,41.43,41.53,40.24,41.5,30759786,1456097767.8105,40.74,0.67,4563998720,4563998000.0,215009984263.2,215009900000.0
2018-11-02,INTC,41.5,40.41,41.72,40.33,40.35,28335329,1359395824.3677,41.29,0.62,4563998720,4563998000.0,220076027406.4,220075900000.0
2018-11-01,INTC,40.35,41.56,41.8,40.31,41.11,33369090,1583483415.8549,40.84,0.73,4563998720,4563998000.0,213960282813.59,213960300000.0
2018-10-31,INTC,41.11,39.19,41.21,39.13,39.08,43975215,2073796161.6584,40.59,0.96,4563998720,4563998000.0,217976556047.21,217976500000.0
2018-10-30,INTC,39.08,40.02,40.24,38.25,39.33,35732223,1632501788.3522,39.32,0.78,4563998720,4563998000.0,207205514504.01,207205400000.0
2018-10-27,INTC,39.33,39.24,39.97,38.47,38.14,67280375,3076321676.7055,39.35,1.47,4563998720,4563998000.0,208529115208.8,208529100000.0
2018-10-26,INTC,38.14,37.47,38.68,37.25,36.51,48255282,2135812415.2516,38.1,1.06,4563998720,4563998000.0,202230774155.2,202230700000.0
2018-10-25,INTC,36.51,38.01,38.18,36.46,38.3,33631805,1456808953.5246,37.28,0.74,4563998720,4563998000.0,193604821138.4,193604800000.0
2018-10-24,INTC,38.3,38.03,38.81,37.79,38.74,38590348,1716772940.6432,38.29,0.85,4563998720,4563998000.0,203097943040.0,203097900000.0
2018-10-23,INTC,38.74,38.3,39.02,37.96,37.87,34508833,1544132344.9445,38.51,0.76,4563998720,4563998000.0,205425559567.21,205425500000.0
2018-10-20,INTC,37.87,38.75,38.89,37.75,38.71,28368504,1258673615.0563,38.19,0.62,4563998720,4563998000.0,200815943680.0,200815900000.0
2018-10-19,INTC,38.71,39.29,39.38,38.59,39.5,26638829,1202780370.4329,38.86,0.58,4563998720,4563998000.0,205243031566.4,205243000000.0
2018-10-18,INTC,39.5,39.59,39.88,39.2,39.54,23124372,1061704597.3885,39.52,0.51,4563998720,4563998000.0,209441901260.8,209441800000.0
2018-10-17,INTC,39.54,38.65,39.6,38.58,38.33,21471985,980292653.2946,39.29,0.47,4563998720,4563998000.0,209670114888.8,209670100000.0
2018-10-16,INTC,38.33,38.41,38.85,38.25,38.63,21632954,968485674.3601,38.53,0.47,4563998720,4563998000.0,203234858437.6,203234800000.0
2018-10-13,INTC,38.63,38.96,39.03,38.07,38.07,32087387,1433937450.6486,38.46,0.7,4563998720,4563998000.0,204832285373.59,204832300000.0
2018-10-12,INTC,38.07,38.86,39.26,37.64,38.56,43648821,1949286595.044,38.44,0.96,4563998720,4563998000.0,201865645129.61,201865600000.0
2018-10-11,INTC,38.56,39.64,39.7,38.56,40.07,43109489,1957364620.8625,39.08,0.94,4563998720,4563998000.0,204467160911.99,204467100000.0
2018-10-10,INTC,40.07,40.61,40.99,40.06,40.48,23285715,1090437410.1633,40.31,0.51,4563998720,4563998000.0,212454158671.99,212454100000.0
2018-10-09,INTC,40.48,40.42,40.75,40.04,40.48,19376821,909914064.0192,40.42,0.42,4563998720,4563998000.0,214644855237.6,214644800000.0
2018-10-06,INTC,40.48,41.51,41.61,40.16,41.43,28901450,1363469227.0236,40.6,0.63,4563998720,4563998000.0,214644855237.6,214644800000.0
2018-10-05,INTC,41.43,42.04,42.05,40.99,41.97,30108254,1447089910.8518,41.37,0.66,4563998720,4563998000.0,219665281213.59,219665200000.0
2018-10-04,INTC,41.97,41.85,42.79,41.8,41.4,39211946,1918754546.119,42.12,0.86,4563998720,4563998000.0,222540554767.21,222540500000.0
2018-10-03,INTC,41.4,40.89,42.07,40.73,39.98,42121090,2032835577.7374,41.54,0.92,4563998720,4563998000.0,219528370379.99,219528300000.0
2018-10-02,INTC,39.98,40.27,40.64,39.76,40.7,23797629,1110878247.8292,40.18,0.52,4563998720,4563998000.0,211997726852.0,211997700000.0
2018-09-29,INTC,40.7,39.26,41.1,39.13,39.49,46223465,2175470124.1122,40.51,1.0,4611000320,4611000000.0,218054177466.8,218054100000.0
2018-09-28,INTC,39.49,39.51,39.73,39.36,39.33,15415536,708256103.138,39.54,0.33,4611000320,4611000000.0,211552717736.6,211552700000.0
2018-09-27,INTC,39.33,39.63,39.85,39.23,39.51,23957665,1099879677.6998,39.51,0.52,4611000320,4611000000.0,210722700791.0,210722700000.0
2018-09-26,INTC,39.51,39.78,39.93,39.42,40.38,23389875,1076687333.8054,39.62,0.51,4611000320,4611000000.0,211691043135.2,211691000000.0
2018-09-25,INTC,40.38,39.86,40.45,39.72,40.16,17846993,835139400.6272,40.28,0.39,4611000320,4611000000.0,216302043455.2,216302000000.0
2018-09-22,INTC,40.16,40.56,40.81,39.91,40.62,52650602,2464201018.2976,40.28,1.14,4611000320,4611000000.0,215149293375.2,215149300000.0
2018-09-21,INTC,40.62,40.26,40.76,40.04,39.72,21999266,1036081985.3841,40.54,0.48,4611000320,4611000000.0,217639201271.0,217639200000.0
2018-09-20,INTC,39.72,39.67,39.97,39.5,39.68,15918915,734134131.2708,39.69,0.35,4611000320,4611000000.0,212797637102.0,212797600000.0
2018-09-19,INTC,39.68,39.23,40.05,39.08,39.09,20528086,947453424.9406,39.72,0.45,4611000320,4611000000.0,212567147029.0,212567100000.0
2018-09-18,INTC,39.09,38.98,39.51,38.89,39.2,17603172,802215363.0343,39.22,0.38,4611000320,4611000000.0,209431629923.4,209431600000.0
2018-09-15,INTC,39.2,39.4,39.56,39.03,39.22,22998665,1048628730.408,39.24,0.5,4611000320,4611000000.0,209984926906.8,209984900000.0
2018-09-14,INTC,39.22,39.32,39.46,38.83,38.67,18657118,848850491.093,39.16,0.4,4611000320,4611000000.0,210123321470.4,210123300000.0
2018-09-13,INTC,38.67,38.35,38.71,37.92,38.67,29778723,1327669594.7084,38.37,0.65,4611000320,4611000000.0,207172212100.6,207172200000.0
2018-09-12,INTC,38.67,39.59,39.62,38.64,39.85,32455321,1473601621.8712,39.08,0.7,4611000320,4611000000.0,207172212100.6,207172200000.0
2018-09-11,INTC,39.85,40.07,40.25,39.79,39.98,21522364,997727229.0357,39.9,0.47,4611000320,4611000000.0,213489333260.0,213489300000.0
2018-09-08,INTC,39.98,40.38,40.87,39.9,40.68,25958344,1213741922.1611,40.24,0.56,4611000320,4611000000.0,214180951031.0,214180900000.0
2018-09-07,INTC,40.68,41.11,41.28,40.63,41.07,19318129,916664635.7696,40.84,0.42,4611000320,4611000000.0,217915852068.2,217915800000.0
2018-09-06,INTC,41.07,41.1,41.42,40.86,41.28,20857149,996529425.4983,41.12,0.45,4611000320,4611000000.0,220036944492.4,220036900000.0
2018-09-05,INTC,41.28,41.64,41.68,40.93,41.68,15682895,751532201.2133,41.25,0.34,4611000320,4611000000.0,221143607624.2,221143600000.0
2018-09-01,INTC,41.68,41.28,41.8,41.24,41.52,16483981,796850427.671,41.61,0.36,4611000320,4611000000.0,223310713220.6,223310600000.0
2018-08-31,INTC,41.52,41.76,42.03,41.39,41.96,16418813,794023582.2925,41.62,0.36,4611000320,4611000000.0,222434683102.8,222434600000.0
2018-08-30,INTC,41.96,41.92,42.05,41.66,41.8,13479098,656585680.4008,41.93,0.29,4611000320,4611000000.0,224786265600.0,224786200000.0
2018-08-29,INTC,41.8,41.79,41.99,41.58,41.61,13472426,654008209.5913,41.78,0.29,4611000320,4611000000.0,223956322430.4,223956300000.0
2018-08-28,INTC,41.61,41.31,41.65,41.0,41.02,17170258,827597747.4495,41.49,0.37,4611000320,4611000000.0,222941897749.0,222941900000.0
2018-08-25,INTC,41.02,40.7,41.22,40.52,40.44,18214708,866541053.9796,40.95,0.4,4611000320,4611000000.0,219760293695.2,219760300000.0
2018-08-24,INTC,40.44,40.33,40.6,40.2,40.5,31343208,1472275200.4512,40.43,0.68,4611000320,4611000000.0,216624776589.6,216624700000.0
2018-08-23,INTC,40.5,40.67,40.75,40.38,40.99,23182485,1091519533.608,40.52,0.5,4611000320,4611000000.0,216947583500.0,216947500000.0
2018-08-22,INTC,40.99,40.16,41.18,40.14,40.02,19254336,914875647.6125,40.9,0.42,4611000320,4611000000.0,219575816794.4,219575800000.0
2018-08-21,INTC,40.02,40.5,40.56,39.76,40.54,24334043,1129671274.8722,39.96,0.53,4611000320,4611000000.0,214411514880.0,214411500000.0
2018-08-18,INTC,40.54,40.45,40.79,39.88,40.6,26381993,1239228271.7205,40.43,0.57,4611000320,4611000000.0,217178147349.0,217178100000.0
2018-08-17,INTC,40.6,41.1,41.27,40.5,40.85,24358040,1153577482.8323,40.76,0.53,4611000320,4611000000.0,217500880483.4,217500800000.0
2018-08-16,INTC,40.85,41.12,41.31,40.37,41.42,26739872,1265178352.5095,40.72,0.58,4611000320,4611000000.0,218838107464.2,218838100000.0
2018-08-15,INTC,41.42,41.89,41.97,41.01,41.7,23061590,1112068959.1951,41.5,0.5,4611000320,4611000000.0,221881316954.4,221881300000.0
2018-08-14,INTC,41.7,42.11,42.38,41.64,42.05,17070586,832203051.0514,41.96,0.37,4611000320,4611000000.0,223402951671.0,223402900000.0
2018-08-11,INTC,42.05,41.75,42.32,41.57,43.16,28712391,1402502793.0702,42.04,0.62,4611000320,4611000000.0,225247397909.0,225247300000.0
2018-08-10,INTC,43.16,42.91,43.55,42.79,43.0,23795629,1193952657.1943,43.19,0.52,4611000320,4611000000.0,231195556044.8,231195500000.0
2018-08-09,INTC,43.0,42.69,43.15,42.55,42.78,21997840,1095389130.1434,42.86,0.48,4611000320,4611000000.0,230365608264.2,230365600000.0
2018-08-08,INTC,42.78,42.54,42.89,42.53,42.43,28322715,1406619374.4054,42.75,0.61,4611000320,4611000000.0,229166702071.0,229166700000.0
2018-08-07,INTC,42.43,41.98,42.44,41.59,42.46,26669004,1305058244.9966,42.12,0.58,4611000320,4611000000.0,227322334220.0,227322300000.0
2018-08-04,INTC,42.46,42.35,42.59,42.06,42.33,22008161,1089573564.3887,42.35,0.48,4611000320,4611000000.0,228843968936.6,228843900000.0
2018-08-03,INTC,42.33,41.49,42.36,41.23,41.76,26452493,1297841203.4983,41.97,0.57,4611000320,4611000000.0,228152277389.6,228152200000.0
2018-08-02,INTC,41.76,41.11,41.84,41.06,41.15,28060680,1362811961.5914,41.55,0.61,4611000320,4611000000.0,225062916397.2,225062900000.0
2018-08-01,INTC,41.15,41.27,41.64,40.8,40.8,36581200,1762313942.48,41.21,0.79,4611000320,4611000000.0,221789147669.0,221789100000.0
2018-07-31,INTC,40.8,40.75,41.06,39.72,40.79,35696571,1691389241.447,40.54,0.77,4611000320,4611000000.0,219898619093.8,219898600000.0
2018-07-28,INTC,40.79,41.71,42.09,40.62,44.62,67816625,3250830134.6336,41.01,1.47,4611000320,4611000000.0,219852462980.6,219852400000.0
2018-07-27,INTC,44.62,44.87,45.5,44.37,44.85,28282485,1475556748.7984,44.63,0.61,4611000320,4611000000.0,240509795135.2,240509800000.0
2018-07-26,INTC,44.85,44.67,44.87,43.71,44.64,19892993,1033224212.4053,44.43,0.43,4611000320,4611000000.0,241754714500.6,241754600000.0
2018-07-25,INTC,44.64,45.14,45.6,44.55,44.75,17788676,935791143.022,45.0,0.39,4611000320,4611000000.0,240601964420.6,240601900000.0
2018-07-24,INTC,44.75,44.29,44.91,43.91,44.41,15945469,830875336.8237,44.58,0.35,4611000320,4611000000.0,241201417517.2,241201400000.0
2018-07-21,INTC,44.41,44.34,44.55,43.91,44.47,17387555,901109985.7123,44.34,0.38,4611000320,4611000000.0,239357045055.2,239357000000.0
2018-07-20,INTC,44.47,44.14,44.49,43.67,44.25,15954637,823473125.1543,44.15,0.35,4611000320,4611000000.0,239679778189.6,239679800000.0
2018-07-19,INTC,44.25,44.37,44.46,44.03,44.27,14649020,756883997.9149,44.2,0.32,4611000320,4611000000.0,238480945772.4,238480900000.0
2018-07-18,INTC,44.27,43.67,44.38,43.64,44.49,15754473,812620569.7177,44.13,0.34,4611000320,4611000000.0,238619266560.0,238619200000.0
2018-07-17,INTC,44.49,44.61,44.76,44.37,44.67,15951551,830386604.3875,44.53,0.35,4611000320,4611000000.0,239818103588.2,239818100000.0
2018-07-14,INTC,44.67,44.83,44.85,44.28,44.79,13750254,717269542.1799,44.63,0.3,4611000320,4611000000.0,240786445932.4,240786400000.0
2018-07-13,INTC,44.79,44.53,44.9,44.25,43.8,20292711,1059173870.3465,44.65,0.44,4611000320,4611000000.0,241385899029.0,241385900000.0
2018-07-12,INTC,43.8,44.22,44.37,43.79,44.62,18665555,961057639.5098,44.05,0.4,4611000320,4611000000.0,236083202551.0,236083200000.0
2018-07-11,INTC,44.62,44.57,44.71,44.35,44.37,17362903,904483900.2371,44.57,0.38,4611000320,4611000000.0,240509795135.2,240509800000.0
2018-07-10,INTC,44.37,44.18,44.39,43.63,43.95,21361610,1100742551.2213,44.08,0.46,4611000320,4611000000.0,239126481206.2,239126400000.0
2018-07-07,INTC,43.95,43.43,44.06,43.12,43.42,19968047,1020305180.946,43.71,0.43,4611000320,4611000000.0,236867067994.4,236867000000.0
2018-07-06,INTC,43.42,42.76,43.6,42.56,42.32,26163528,1322576805.8112,43.25,0.57,4611000320,4611000000.0,234008266240.0,234008200000.0
2018-07-04,INTC,42.32,43.27,43.51,42.29,42.95,16327903,818197717.8354,42.87,0.35,4611000320,4611000000.0,228106195052.4,228106100000.0
2018-07-03,INTC,42.95,41.95,43.01,41.77,42.53,23755547,1177757307.7865,42.41,0.52,4611000320,4611000000.0,231472202231.0,231472100000.0
2018-06-30,INTC,42.53,42.37,42.87,42.35,42.13,28906524,1441065407.2689,42.65,0.62,4659998720,4659998000.0,231648568991.19,231648500000.0
2018-06-29,INTC,42.13,41.56,42.34,41.49,41.71,29055692,1425507232.5732,41.97,0.62,4659998720,4659998000.0,229504936960.0,229504900000.0
2018-06-28,INTC,41.71,42.21,42.83,41.71,42.49,33338797,1642922680.6576,42.16,0.72,4659998720,4659998000.0,227221514287.21,227221500000.0
2018-06-27,INTC,42.49,42.73,43.13,42.23,43.38,37543004,1868766959.8358,42.58,0.81,4659998720,4659998000.0,231462131762.4,231462100000.0
2018-06-26,INTC,43.38,43.78,44.27,42.7,44.91,45356465,2298461859.6028,43.35,0.97,4659998720,4659998000.0,236308567711.19,236308500000.0
2018-06-23,INTC,44.91,45.02,45.42,44.74,44.65,34682075,1824426069.83,45.0,0.74,4659998720,4659998000.0,244649932800.0,244649900000.0
2018-06-22,INTC,44.65,46.52,46.65,44.43,45.73,44435555,2335257403.6657,44.96,0.95,4659998720,4659998000.0,243205347176.8,243205300000.0
2018-06-21,INTC,45.73,45.5,45.98,45.08,45.28,21403036,1141402399.8288,45.62,0.46,4659998720,4659998000.0,249123564191.19,249123500000.0
2018-06-20,INTC,45.28,44.61,45.3,44.38,45.53,31780852,1669464141.3286,44.94,0.68,4659998720,4659998000.0,246653699629.61,246653600000.0
2018-06-19,INTC,45.53,46.45,46.45,44.78,47.15,40764446,2159908573.8702,45.33,0.87,4659998720,4659998000.0,248005141198.4,248005100000.0
2018-06-16,INTC,47.15,47.2,47.38,46.69,47.51,39194688,2159250804.6271,47.13,0.84,4659998720,4659998000.0,256812534119.2,256812500000.0
2018-06-15,INTC,47.51,47.44,47.79,47.21,47.08,23419829,1298835659.3849,47.44,0.5,4659998720,4659998000.0,258816300948.81,258816300000.0
2018-06-14,INTC,47.08,47.04,47.65,46.98,46.9,22631438,1250117612.7564,47.26,0.49,4659998720,4659998000.0,256439724901.6,256439700000.0
2018-06-13,INTC,46.9,46.94,47.08,46.38,46.64,23294942,1271859549.5153,46.71,0.5,4659998720,4659998000.0,255461167110.39,255461100000.0
2018-06-12,INTC,46.64,46.88,47.13,46.42,47.09,25752360,1406339160.8549,46.72,0.55,4659998720,4659998000.0,254063153514.39,254063100000.0
2018-06-09,INTC,47.09,47.53,47.65,46.76,47.81,30822856,1696853827.2322,47.1,0.66,4659998720,4659998000.0,256532948175.99,256532900000.0
2018-06-08,INTC,47.81,48.69,48.76,47.58,48.79,27596110,1545925803.367,47.92,0.59,4659998720,4659998000.0,260400751773.59,260400700000.0
2018-06-07,INTC,48.79,48.36,48.81,47.98,48.36,22955356,1298311457.9157,48.39,0.49,4659998720,4659998000.0,265759722341.6,265759700000.0
2018-06-06,INTC,48.36,48.68,48.87,48.09,48.62,21687020,1226164462.3599,48.37,0.47,4659998720,4659998000.0,263429722981.6,263429700000.0
2018-06-05,INTC,48.62,48.77,49.28,48.57,48.83,22538055,1286794473.5865,48.84,0.48,4659998720,4659998000.0,264827736577.6,264827700000.0
2018-06-02,INTC,48.83,47.77,48.85,47.74,47.22,31183165,1770037646.3617,48.56,0.67,4659998720,4659998000.0,265992736257.6,265992700000.0
2018-06-01,INTC,47.22,47.63,47.79,47.1,47.63,30962106,1713235438.0056,47.34,0.66,4659998720,4659998000.0,257231915364.0,257231900000.0
2018-05-31,INTC,47.63,47.81,48.08,47.58,47.33,24711520,1380439823.121,47.79,0.53,4659998720,4659998000.0,259468696109.61,259468600000.0
2018-05-30,INTC,47.33,47.15,47.75,46.89,47.43,24253508,1340860113.2421,47.3,0.52,4659998720,4659998000.0,257791166470.39,257791100000.0
2018-05-26,INTC,47.43,46.88,47.48,46.66,46.84,18549989,1024263631.1696,47.24,0.4,4659998720,4659998000.0,258350343016.8,258350300000.0
2018-05-25,INTC,46.84,47.21,47.31,46.31,47.23,19667094,1075953239.346,46.8,0.42,4659998720,4659998000.0,255134929920.0,255134900000.0
2018-05-24,INTC,47.23,46.2,47.25,46.06,46.58,20555426,1123656277.8839,46.77,0.44,4659998720,4659998000.0,257278561951.19,257278500000.0
2018-05-23,INTC,46.58,46.82,47.09,46.24,46.47,19009590,1037064285.484,46.67,0.41,4659998720,4659998000.0,253736916324.0,253736900000.0
2018-05-22,INTC,46.47,46.5,47.24,46.08,45.77,25367379,1382727707.372,46.63,0.54,4659998720,4659998000.0,253131167750.39,253131100000.0
2018-05-19,INTC,45.77,46.65,46.66,45.74,46.89,23679946,1274833549.1761,46.06,0.51,4659998720,4659998000.0,249309931520.0,249309900000.0
2018-05-18,INTC,46.89,46.67,47.43,46.56,46.74,16872598,927343345.5948,47.02,0.36,4659998720,4659998000.0,255414520523.2,255414500000.0
2018-05-17,INTC,46.74,46.34,46.8,46.16,46.13,16260461,884234031.6011,46.52,0.35,4659998720,4659998000.0,254622330060.8,254622300000.0
2018-05-16,INTC,46.13,46.69,46.84,45.82,46.97,21712649,1169953522.3915,46.1,0.47,4659998720,4659998000.0,251267126322.4,251267100000.0
2018-05-15,INTC,46.97,46.86,47.26,46.83,46.77,21878200,1202576919.0928,47.02,0.47,4659998720,4659998000.0,255833901768.01,255833800000.0
2018-05-12,INTC,46.77,46.73,47.21,46.56,47.04,15405004,843137435.9256,46.82,0.33,4659998720,4659998000.0,254762125362.4,254762100000.0
2018-05-11,INTC,47.04,46.67,47.05,46.28,46.49,18715911,1021873730.4394,46.71,0.4,4659998720,4659998000.0,256206710985.61,256206600000.0
2018-05-10,INTC,46.49,45.99,46.51,45.5,45.88,19827532,1069197620.8642,46.13,0.43,4659998720,4659998000.0,253224316464.8,253224300000.0
2018-05-09,INTC,45.88,45.59,45.88,45.17,45.62,21026793,1120494564.3637,45.59,0.45,4659998720,4659998000.0,249915754653.59,249915700000.0
2018-05-08,INTC,45.62,45.22,45.84,45.2,45.15,20285747,1081175604.4403,45.6,0.44,4659998720,4659998000.0,248517741057.6,248517700000.0
2018-05-05,INTC,45.15,44.16,45.2,43.63,44.47,25642473,1342070623.3794,44.77,0.55,4659998720,4659998000.0,245954727781.6,245954700000.0
2018-05-04,INTC,44.47,44.14,44.71,43.56,44.49,28560969,1484159329.6974,44.2,0.61,4659998720,4659998000.0,243624728421.6,243624700000.0
2018-05-03,INTC,44.49,45.16,45.25,44.36,45.36,25778329,1357365750.107,44.79,0.55,4659998720,4659998000.0,243764523723.2,243764500000.0
2018-05-02,INTC,45.36,43.92,45.44,43.75,43.91,27600758,1452478959.8498,44.76,0.59,4659998720,4659998000.0,248517741057.6,248517700000.0
2018-05-01,INTC,43.91,44.71,45.4,43.56,44.85,36417372,1896343421.3831,44.29,0.78,4659998720,4659998000.0,240549115286.41,240549100000.0
2018-04-28,INTC,44.85,47.16,47.45,44.43,45.12,69888125,3741461051.4275,45.54,1.5,4659998720,4659998000.0,245721713865.61,245721700000.0
2018-04-27,INTC,45.12,44.45,45.31,44.29,43.7,39575028,2086288663.1594,44.84,0.85,4659998720,4659998000.0,247212950735.99,247212900000.0
2018-04-26,INTC,43.7,44.11,44.32,43.04,43.76,25752805,1320797166.7071,43.62,0.55,4659998720,4659998000.0,239430757533.59,239430700000.0
2018-04-25,INTC,43.76,44.12,45.63,43.5,43.46,42494668,2217027824.3972,44.38,0.91,4659998720,4659998000.0,239756920164.0,239756900000.0
2018-04-24,INTC,43.46,43.97,44.14,43.25,43.83,21706735,1113787767.5645,43.64,0.47,4659998720,4659998000.0,238125967211.99,238125900000.0
2018-04-21,INTC,43.83,44.38,44.47,43.28,44.42,26910094,1385848501.2955,43.8,0.58,4659998720,4659998000.0,240129729381.6,240129700000.0
2018-04-20,INTC,44.42,45.04,45.05,43.9,45.6,25422375,1326260059.3316,44.37,0.55,4659998720,4659998000.0,243345142478.4,243345100000.0
2018-04-19,INTC,45.6,45.52,46.23,45.37,45.54,22164680,1194762716.4167,45.85,0.48,4659998720,4659998000.0,249822536039.2,249822400000.0
2018-04-18,INTC,45.54,45.0,45.68,44.99,44.57,21228696,1135106824.141,45.48,0.46,4659998720,4659998000.0,249496303508.81,249496300000.0
2018-04-17,INTC,44.57,44.48,44.68,44.05,44.11,18855458,986012198.5747,44.48,0.4,4659998720,4659998000.0,244183904968.01,244183900000.0
2018-04-14,INTC,44.11,45.13,45.26,43.89,44.84,20884875,1088287904.6572,44.32,0.45,4659998720,4659998000.0,241667538279.2,241667500000.0
2018-04-13,INTC,44.84,43.8,45.31,43.76,43.46,29781356,1568408131.8315,44.8,0.64,4659998720,4659998000.0,245675141838.4,245675100000.0
2018-04-12,INTC,43.46,43.37,44.0,43.23,43.61,17568434,900013375.6597,43.57,0.38,4659998720,4659998000.0,238125967211.99,238125900000.0
2018-04-11,INTC,43.61,43.48,43.8,42.82,42.15,26417762,1348988831.946,43.43,0.57,4659998720,4659998000.0,238918157674.39,238918100000.0
2018-04-10,INTC,42.15,41.81,43.47,41.81,41.5,31436989,1575810762.1099,42.64,0.67,4659998720,4659998000.0,230902955215.99,230902900000.0
2018-04-07,INTC,41.5,42.35,42.87,41.25,42.85,28215165,1389230079.105,41.88,0.61,4659998720,4659998000.0,227361309588.81,227361300000.0
2018-04-06,INTC,42.85,42.54,43.14,42.5,42.52,25115352,1265329190.3139,42.85,0.54,4659998720,4659998000.0,234770758813.59,234770700000.0
2018-04-05,INTC,42.52,40.91,42.67,40.84,42.32,30370047,1494643701.8169,41.86,0.65,4659998720,4659998000.0,232953363972.79,232953300000.0
2018-04-04,INTC,42.32,41.68,42.5,41.18,41.61,39432360,1944768821.5349,41.95,0.85,4659998720,4659998000.0,231834936320.0,231834900000.0
2018-04-03,INTC,41.61,43.97,44.26,40.22,44.3,67187813,3301024731.2225,41.79,1.44,4659998720,4659998000.0,227967132722.4,227967100000.0
2018-03-30,INTC,44.3,42.51,44.3,42.42,42.19,45265805,2317835635.5566,43.55,0.97,4678315520,4678315000.0,243646681638.23,243646600000.0
2018-03-29,INTC,42.19,42.95,43.12,41.69,43.54,37970860,1888199775.7069,42.3,0.81,4678315520,4678315000.0,232044482540.21,232044400000.0
2018-03-28,INTC,43.54,45.09,45.29,43.19,44.64,38777043,2022141515.7679,44.36,0.83,4678315520,4678315000.0,239482985503.75,239482900000.0
2018-03-27,INTC,44.64,43.16,44.65,42.8,41.98,39306227,2032076671.3448,43.97,0.84,4678315520,4678315000.0,245517979776.34,245517900000.0
2018-03-24,INTC,41.98,43.03,43.37,41.98,43.24,37683872,1893343168.7539,42.74,0.81,4678315520,4678315000.0,230921658745.52,230921600000.0
2018-03-23,INTC,43.24,43.16,44.2,43.04,43.86,30915969,1583673541.79,43.57,0.66,4678315520,4678315000.0,237798787238.23,237798800000.0
2018-03-22,INTC,43.86,43.85,44.38,43.52,43.85,23239477,1200795442.8075,43.95,0.5,4678315520,4678315000.0,241213938854.57,241213900000.0
2018-03-21,INTC,43.85,43.28,44.07,43.25,43.24,22214950,1143476741.4051,43.78,0.47,4678315520,4678315000.0,241167183769.26,241167100000.0
2018-03-20,INTC,43.24,43.16,43.58,42.47,43.52,31115247,1572916216.7863,43.0,0.67,4678315520,4678315000.0,237798787238.23,237798800000.0
2018-03-17,INTC,43.52,43.52,43.98,43.37,43.28,42559809,2181718208.2405,43.6,0.91,4667998720,4667998000.0,238861489834.4,238861400000.0
2018-03-16,INTC,43.28,44.43,44.49,43.28,44.11,25631227,1314458876.0671,43.62,0.55,4667998720,4667998000.0,237507798213.59,237507800000.0
2018-03-15,INTC,44.11,44.28,44.38,43.64,44.04,24993504,1293533975.7737,44.02,0.54,4667998720,4667998000.0,242082418287.2,242082400000.0
2018-03-14,INTC,44.04,44.67,45.74,43.71,43.82,45573922,2392776969.42,44.66,0.98,4667998720,4667998000.0,241708969053.6,241708900000.0
2018-03-13,INTC,43.82,44.11,44.19,42.95,44.39,32044383,1643800197.7359,43.63,0.69,4667998720,4667998000.0,240495317394.39,240495300000.0
2018-03-10,INTC,44.39,43.61,44.49,43.38,43.16,32727915,1700012336.6328,44.18,0.7,4667998720,4667998000.0,243622867200.8,243622800000.0
2018-03-09,INTC,43.16,44.05,44.3,42.93,43.65,29481157,1504706372.3737,43.41,0.63,4667998720,4667998000.0,236854283060.79,236854300000.0
2018-03-08,INTC,43.65,42.68,43.79,42.61,43.13,31801942,1619641135.9199,43.32,0.68,4667998720,4667998000.0,239561731654.39,239561700000.0
2018-03-07,INTC,43.13,42.67,43.66,42.66,42.32,39132301,1983624203.2825,43.12,0.84,4667998720,4667998000.0,236714247767.19,236714200000.0
2018-03-06,INTC,42.32,41.31,42.35,40.86,41.66,30826520,1517003844.8935,41.86,0.66,4667998720,4667998000.0,232232936320.0,232232900000.0
2018-03-03,INTC,41.66,40.15,41.72,39.94,40.69,33310594,1605857201.8402,41.01,0.71,4667998720,4667998000.0,228638558633.61,228638500000.0
2018-03-02,INTC,40.69,42.1,42.29,40.38,41.93,36326641,1757275793.3997,41.15,0.78,4667998720,4667998000.0,223317044760.8,223317000000.0
2018-03-01,INTC,41.93,42.68,42.82,41.92,42.45,35541184,1766691765.5448,42.28,0.76,4667998720,4667998000.0,230085628900.81,230085600000.0
2018-02-28,INTC,42.45,41.99,43.29,41.94,41.77,43624079,2185840884.2291,42.62,0.93,4667998720,4667998000.0,232979834787.19,232979800000.0
2018-02-27,INTC,41.77,41.0,41.79,40.91,40.6,26992305,1315030144.565,41.44,0.58,4667998720,4667998000.0,229245421807.2,229245400000.0
2018-02-24,INTC,40.6,39.42,40.65,39.39,38.96,26040911,1232717040.972,40.26,0.56,4667998720,4667998000.0,222803560233.61,222803500000.0
2018-02-23,INTC,38.96,39.25,39.6,38.8,39.08,16946352,780205029.9598,39.16,0.36,4667998720,4667998000.0,213794360047.99,213794300000.0
2018-02-22,INTC,39.08,39.7,40.03,39.06,39.4,27527489,1278536276.1237,39.51,0.59,4667998720,4667998000.0,214447875200.8,214447800000.0
2018-02-21,INTC,39.4,38.67,39.73,38.61,38.75,25511961,1181249817.8776,39.38,0.55,4667998720,4667998000.0,216221738054.39,216221700000.0
2018-02-17,INTC,38.75,38.97,39.63,38.71,39.06,21475208,988121737.3393,39.14,0.46,4667998720,4667998000.0,212674012347.2,212673900000.0
2018-02-16,INTC,39.06,39.02,39.12,38.23,38.6,23536793,1073833158.5044,38.81,0.5,4667998720,4667998000.0,214354496554.4,214354400000.0
2018-02-15,INTC,38.6,37.49,38.71,37.46,37.82,19922012,893984490.3445,38.17,0.43,4667998720,4667998000.0,211833805253.59,211833800000.0
2018-02-14,INTC,37.82,37.93,38.08,37.64,38.13,19517610,867708108.6498,37.82,0.42,4667998720,4667998000.0,207539255767.19,207539200000.0
2018-02-13,INTC,38.13,37.55,38.41,37.5,37.38,28379520,1270718407.6704,38.09,0.61,4667998720,4667998000.0,209266391953.6,209266300000.0
2018-02-10,INTC,37.38,37.0,37.66,35.76,36.36,49301141,2135400089.8905,36.84,1.06,4667998720,4667998000.0,205158529740.0,205158500000.0
2018-02-09,INTC,36.36,38.51,38.63,36.35,38.45,43151329,1885113144.3729,37.16,0.92,4667998720,4667998000.0,199556945280.0,199556900000.0
2018-02-08,INTC,38.45,37.92,39.38,37.71,38.2,37508415,1709389826.0193,38.76,0.8,4667998720,4667998000.0,210993528140.0,210993500000.0
2018-02-07,INTC,38.2,37.44,38.22,36.6,37.61,58145383,2566711990.6413,37.55,1.24,4680000000,4680000000.0,210178818720.0,210178800000.0
2018-02-06,INTC,37.61,39.16,39.93,37.6,38.99,47869040,2202731835.7487,38.88,1.02,4680000000,4680000000.0,208353623400.0,208353600000.0
2018-02-03,INTC,38.99,39.98,40.38,38.95,40.26,28663028,1342120403.3857,39.56,0.61,4680000000,4680000000.0,215981971920.0,215981900000.0
2018-02-02,INTC,40.26,40.3,40.95,40.09,40.67,28840379,1380153597.209,40.43,0.62,4680000000,4680000000.0,223001971920.0,223001900000.0
2018-02-01,INTC,40.67,41.59,41.61,40.18,41.22,41619915,2002645968.6731,40.65,0.89,4680000000,4680000000.0,225295200000.0,225295200000.0
2018-01-31,INTC,41.22,41.8,42.29,41.18,42.23,32814590,1616899676.0004,41.63,0.7,4680000000,4680000000.0,228337171920.0,228337100000.0
2018-01-30,INTC,42.23,41.9,42.96,41.71,42.31,46304040,2323773109.3242,42.4,0.99,4680000000,4680000000.0,233906381280.0,233906300000.0
2018-01-27,INTC,42.31,40.87,42.37,40.65,38.27,86916063,4287378607.0317,41.67,1.86,4680000000,4680000000.0,234374409360.0,234374400000.0
2018-01-26,INTC,38.27,38.76,39.18,38.16,38.45,36758747,1674118171.0848,38.48,0.79,4680000000,4680000000.0,212004018720.0,212004000000.0
2018-01-25,INTC,38.45,38.78,38.97,37.98,38.91,32464223,1479141258.8495,38.49,0.69,4680000000,4680000000.0,212986776600.0,212986800000.0
2018-01-24,INTC,38.91,38.7,38.94,38.55,38.65,22135102,1015531917.6376,38.76,0.47,4680000000,4680000000.0,215560790640.0,215560800000.0
2018-01-23,INTC,38.65,37.85,38.69,37.84,37.87,27706762,1260907114.9783,38.45,0.59,4680000000,4680000000.0,214110000000.0,214109900000.0
2018-01-20,INTC,37.87,37.7,37.93,37.38,37.58,25780219,1150001302.229,37.69,0.55,4680000000,4680000000.0,209757637440.0,209757600000.0
2018-01-19,INTC,37.58,37.51,37.79,37.32,37.5,26826528,1193246728.5724,37.58,0.57,4680000000,4680000000.0,208166381280.0,208166400000.0
2018-01-18,INTC,37.5,36.79,37.55,36.76,36.45,32368614,1430971205.9862,37.35,0.69,4680000000,4680000000.0,207745200000.0,207745200000.0
2018-01-17,INTC,36.45,36.79,37.0,36.23,36.53,38367180,1660481749.8004,36.56,0.82,4680000000,4680000000.0,201895200000.0,201895100000.0
2018-01-13,INTC,36.53,36.71,36.84,36.34,36.68,29973555,1295420958.9398,36.51,0.64,4680000000,4680000000.0,202363228080.0,202363200000.0
2018-01-12,INTC,36.68,36.16,36.82,35.86,35.91,35371520,1527971846.656,36.5,0.76,4680000000,4680000000.0,203158818720.0,203158800000.0
2018-01-11,INTC,35.91,36.61,36.84,35.86,36.85,45734950,1961403106.3297,36.23,0.98,4680000000,4680000000.0,198900000000.0,198899900000.0
2018-01-10,INTC,36.85,37.76,37.88,36.74,37.8,44282313,1948381917.9183,37.17,0.95,4680000000,4680000000.0,204141581280.0,204141600000.0
2018-01-09,INTC,37.8,37.4,37.88,37.14,37.8,33733770,1502171457.3865,37.62,0.72,4680000000,4680000000.0,209383228080.0,209383200000.0
2018-01-06,INTC,37.8,37.54,38.15,37.09,37.54,41824008,1867504902.332,37.72,0.89,4680000000,4680000000.0,209383228080.0,209383200000.0
2018-01-05,INTC,37.54,36.77,37.72,36.07,38.24,89209125,3900044794.3774,36.94,1.91,4680000000,4680000000.0,207932367240.0,207932300000.0
2018-01-04,INTC,38.24,38.42,39.04,36.88,39.58,116479000,5225445371.905,37.9,2.49,4680000000,4680000000.0,211816776600.0,211816700000.0
2018-01-03,INTC,39.58,39.18,39.62,39.04,39.0,23370790,1092205732.2188,39.48,0.5,4680000000,4680000000.0,219258032760.0,219258000000.0
2017-12-30,INTC,39.0,39.04,39.28,38.94,39.05,17394493,804389142.6592,39.07,0.37,4680000000,4680000000.0,216028818720.0,216028800000.0
2017-12-29,INTC,39.05,39.17,39.17,38.82,38.96,9504371,439042024.6452,39.03,0.2,4680000000,4680000000.0,216309609360.0,216309600000.0
2017-12-28,INTC,38.96,38.96,39.17,38.86,38.93,13359672,616276231.9735,38.97,0.29,4680000000,4680000000.0,215794804680.0,215794800000.0
2017-12-27,INTC,38.93,39.1,39.26,38.82,39.45,15533329,717005962.3102,39.0,0.33,4680000000,4680000000.0,215654409360.0,215654400000.0
2017-12-23,INTC,39.45,39.14,39.73,38.88,39.51,33913536,1575171900.3583,39.24,0.72,4680000000,4680000000.0,218555985960.0,218555900000.0
2017-12-22,INTC,39.51,40.16,40.21,39.34,40.18,42963450,2013211586.3688,39.59,0.92,4680000000,4680000000.0,218836776600.0,218836700000.0
2017-12-21,INTC,40.18,40.11,40.25,39.42,39.74,40934977,1936428800.4402,39.97,0.87,4680000000,4680000000.0,222580790640.0,222580800000.0
2017-12-20,INTC,39.74,39.12,39.93,38.77,39.08,41421118,1928985565.9507,39.34,0.89,4680000000,4680000000.0,220147171920.0,220147100000.0
2017-12-19,INTC,39.08,38.15,39.16,38.05,37.65,50369329,2311614525.1184,38.77,1.08,4680000000,4680000000.0,216496776600.0,216496700000.0
2017-12-16,INTC,37.65,36.67,37.88,36.39,36.55,47476954,2099625846.2531,37.36,1.01,4680000000,4680000000.0,208540790640.0,208540800000.0
2017-12-15,INTC,36.55,36.69,36.81,36.34,36.62,19644918,850711347.7494,36.59,0.42,4680000000,4680000000.0,202456776600.0,202456800000.0
2017-12-14,INTC,36.62,36.88,36.89,36.53,36.61,21399461,928762286.7532,36.67,0.46,4680000000,4680000000.0,202831185960.0,202831100000.0
2017-12-13,INTC,36.61,36.73,36.85,36.4,36.89,16557399,717632492.8701,36.62,0.35,4680000000,4680000000.0,202784409360.0,202784400000.0
2017-12-12,INTC,36.89,36.57,36.99,36.54,36.62,20425899,889212916.7064,36.78,0.44,4680000000,4680000000.0,204328818720.0,204328800000.0
2017-12-09,INTC,36.62,36.62,36.82,36.42,36.4,23154750,1004001653.1488,36.63,0.49,4680000000,4680000000.0,202878032760.0,202877900000.0
2017-12-08,INTC,36.4,36.72,36.84,36.14,36.71,32708442,1408320649.2549,36.38,0.7,4680000000,4680000000.0,201614409360.0,201614400000.0
2017-12-07,INTC,36.71,36.45,36.94,36.05,36.7,27710813,1201737487.609,36.64,0.59,4680000000,4680000000.0,203345985960.0,203345900000.0
2017-12-06,INTC,36.7,37.68,37.93,36.52,37.59,30626852,1341180506.5589,37.0,0.65,4680000000,4680000000.0,203299214040.0,203299100000.0
2017-12-05,INTC,37.59,38.04,38.27,37.45,37.75,28000790,1249792917.0196,37.71,0.6,4680000000,4680000000.0,208213228080.0,208213200000.0
2017-12-02,INTC,37.75,37.79,37.88,36.78,37.88,26656274,1183847938.316,37.52,0.57,4680000000,4680000000.0,209102367240.0,209102300000.0
2017-12-01,INTC,37.88,37.48,38.19,37.45,37.13,34145305,1530928446.5167,37.88,0.73,4680000000,4680000000.0,209851185960.0,209851100000.0
2017-11-30,INTC,37.13,37.89,38.09,36.98,37.79,27036872,1195097334.58,37.34,0.58,4680000000,4680000000.0,205685985960.0,205685900000.0
2017-11-29,INTC,37.79,37.72,37.88,37.44,37.59,20194063,900101932.8619,37.66,0.43,4680000000,4680000000.0,209336381280.0,209336300000.0
2017-11-28,INTC,37.59,37.53,37.69,37.4,37.81,18202114,809701055.3688,37.58,0.39,4680000000,4680000000.0,208213228080.0,208213200000.0
2017-11-25,INTC,37.81,37.64,37.83,37.54,37.72,6465817,288686456.9293,37.72,0.14,4680000000,4680000000.0,209430000000.0,209429900000.0
2017-11-23,INTC,37.72,37.97,37.98,37.63,37.97,19538333,872777315.5717,37.74,0.42,4680000000,4680000000.0,208961971920.0,208961900000.0
2017-11-22,INTC,37.97,37.78,38.2,37.77,37.7,21871028,983850872.7258,38.01,0.47,4680000000,4680000000.0,210319214040.0,210319200000.0
2017-11-21,INTC,37.7,37.79,38.12,37.6,37.71,22420004,1003642756.322,37.82,0.48,4680000000,4680000000.0,208821581280.0,208821600000.0
2017-11-18,INTC,37.71,38.44,38.54,37.7,38.57,63798040,2871454083.34,38.03,1.36,4680000000,4680000000.0,208868423400.0,208868400000.0
2017-11-17,INTC,38.57,38.55,38.92,38.41,38.41,26439407,1210009957.7996,38.67,0.56,4680000000,4680000000.0,213641971920.0,213641900000.0
2017-11-16,INTC,38.41,38.35,38.7,38.16,38.74,17157204,781364874.5948,38.48,0.37,4680000000,4680000000.0,212752832760.0,212752800000.0
2017-11-15,INTC,38.74,38.61,38.8,38.29,38.65,22201172,1015028814.3771,38.63,0.47,4680000000,4680000000.0,214624804680.0,214624800000.0
2017-11-14,INTC,38.65,38.24,38.81,38.23,38.51,18999004,868528106.4556,38.62,0.41,4680000000,4680000000.0,214110000000.0,214109900000.0
2017-11-11,INTC,38.51,38.9,38.94,38.34,39.12,24095356,1098213437.1736,38.51,0.51,4680000000,4680000000.0,213314409360.0,213314400000.0
2017-11-10,INTC,39.12,38.91,39.19,38.57,39.45,25570360,1178829266.6522,38.95,0.55,4680000000,4680000000.0,216684018720.0,216684000000.0
2017-11-09,INTC,39.45,39.39,39.45,39.1,39.52,21565758,1003273718.3331,39.3,0.46,4680000000,4680000000.0,218555985960.0,218555900000.0
2017-11-08,INTC,39.52,39.45,39.78,39.19,39.45,24461372,1142857363.9975,39.47,0.52,4680000000,4680000000.0,218930395320.0,218930400000.0
2017-11-07,INTC,39.45,39.37,39.49,38.94,38.92,34034973,1581962562.5265,39.27,0.73,4680000000,4680000000.0,218555985960.0,218555900000.0
2017-11-04,INTC,38.92,39.64,39.73,38.3,39.56,39298110,1818076089.5013,38.86,0.84,4680000000,4680000000.0,216871185960.0,216871100000.0
2017-11-03,INTC,39.56,39.15,39.67,38.81,39.23,44602250,2084490970.793,39.25,0.95,4680000000,4680000000.0,220428032760.0,220428000000.0
2017-11-02,INTC,39.23,38.61,39.23,38.29,38.21,47813723,2210428223.0351,38.83,1.02,4680000000,4680000000.0,218602832760.0,218602800000.0
2017-11-01,INTC,38.21,37.96,38.47,37.5,37.27,47000922,2136483686.6238,38.18,1.0,4680000000,4680000000.0,212893228080.0,212893200000.0
2017-10-31,INTC,37.27,37.36,37.95,36.85,37.29,48161520,2144001906.8186,37.39,1.03,4680000000,4680000000.0,207651581280.0,207651500000.0
2017-10-28,INTC,37.29,36.37,37.79,36.2,34.73,90028313,3965269407.3929,36.99,1.92,4680000000,4680000000.0,207791971920.0,207791900000.0
2017-10-27,INTC,34.73,34.36,34.92,34.19,34.25,38247395,1575964749.0301,34.61,0.82,4680000000,4680000000.0,193518032760.0,193518000000.0
2017-10-26,INTC,34.25,34.34,34.48,34.01,34.39,24031661,980143501.9688,34.26,0.51,4680000000,4680000000.0,190850395320.0,190850400000.0
2017-10-25,INTC,34.39,34.44,34.48,34.2,34.29,19652418,804047376.1681,34.36,0.42,4680000000,4680000000.0,191645985960.0,191645900000.0
2017-10-24,INTC,34.29,34.06,34.47,33.93,33.96,28646965,1168690063.6416,34.26,0.61,4680000000,4680000000.0,191084409360.0,191084400000.0
2017-10-21,INTC,33.96,33.87,33.97,33.68,33.67,18335672,739286887.4285,33.86,0.39,4680000000,4680000000.0,189212367240.0,189212300000.0
2017-10-20,INTC,33.67,33.49,33.87,33.45,33.81,19222704,771166693.1611,33.69,0.41,4680000000,4680000000.0,187621185960.0,187621100000.0
2017-10-19,INTC,33.81,33.43,33.84,33.26,33.42,21424555,857954767.6742,33.63,0.46,4680000000,4680000000.0,188370000000.0,188369900000.0
2017-10-18,INTC,33.42,33.23,33.48,33.07,33.39,15532817,616217884.9584,33.32,0.33,4680000000,4680000000.0,186217171920.0,186217100000.0
2017-10-17,INTC,33.39,33.35,33.42,33.13,33.32,12489137,495140666.1849,33.3,0.27,4680000000,4680000000.0,186076776600.0,186076700000.0
2017-10-14,INTC,33.32,33.13,33.44,32.99,32.92,16829368,666119781.6169,33.24,0.36,4680000000,4680000000.0,185655595320.0,185655600000.0
2017-10-13,INTC,32.92,33.05,33.08,32.74,33.01,18286946,716451438.1849,32.91,0.39,4680000000,4680000000.0,183409214040.0,183409100000.0
2017-10-12,INTC,33.01,33.16,33.32,32.81,33.3,30754708,1207946361.4009,32.99,0.66,4680000000,4680000000.0,183924018720.0,183923900000.0
2017-10-11,INTC,33.3,33.54,33.55,33.07,33.48,29890016,1182786939.5909,33.24,0.64,4680000000,4680000000.0,185561971920.0,185561900000.0
2017-10-10,INTC,33.48,33.33,33.49,33.19,33.28,18494079,735102689.0802,33.38,0.4,4680000000,4680000000.0,186544804680.0,186544800000.0
2017-10-07,INTC,33.28,33.26,33.5,33.11,33.2,18887536,747903040.9298,33.26,0.4,4680000000,4680000000.0,185468423400.0,185468400000.0
2017-10-06,INTC,33.2,33.18,33.3,32.93,33.04,17710278,698569624.7771,33.13,0.38,4680000000,4680000000.0,185000395320.0,185000400000.0
2017-10-05,INTC,33.04,33.08,33.09,32.64,33.07,28368825,1111064860.9121,32.89,0.61,4680000000,4680000000.0,184111185960.0,184111100000.0
2017-10-04,INTC,33.07,32.71,33.34,32.71,32.79,34002192,1340243932.7444,33.11,0.73,4680000000,4680000000.0,184298423400.0,184298400000.0
2017-10-03,INTC,32.79,32.02,32.83,31.98,31.98,37394516,1451303340.908,32.6,0.8,4680000000,4680000000.0,182707171920.0,182707100000.0
2017-09-30,INTC,31.98,31.78,32.04,31.66,31.77,23217336,882576915.1552,31.93,0.49,4699000320,4699000000.0,178937941583.6,178937900000.0
2017-09-29,INTC,31.77,31.34,31.81,31.32,31.53,21171442,798002439.2694,31.66,0.45,4699000320,4699000000.0,177763191503.6,177763100000.0
2017-09-28,INTC,31.53,31.6,31.66,31.16,31.47,25981383,971378878.9684,31.4,0.55,4699000320,4699000000.0,176400443818.8,176400400000.0
2017-09-27,INTC,31.47,31.25,31.61,31.08,31.21,29790368,1111591744.1073,31.34,0.63,4699000320,4699000000.0,176071551388.4,176071500000.0
2017-09-26,INTC,31.21,31.12,31.27,30.95,31.23,23180840,859545593.5617,31.14,0.49,4699000320,4699000000.0,174614870687.2,174614800000.0
2017-09-23,INTC,31.23,31.03,31.26,31.03,31.24,21631754,803100672.058,31.18,0.46,4699000320,4699000000.0,174708799004.6,174708800000.0
2017-09-22,INTC,31.24,31.07,31.3,30.95,31.13,22954157,851943674.7799,31.17,0.49,4699000320,4699000000.0,174802797807.0,174802800000.0
2017-09-21,INTC,31.13,31.27,31.32,30.79,31.27,23957477,885959478.1985,31.06,0.51,4699000320,4699000000.0,174191979454.4,174191900000.0
2017-09-20,INTC,31.27,31.24,31.32,31.09,31.08,23850524,887156087.5176,31.24,0.51,4699000320,4699000000.0,174943763117.6,174943700000.0
2017-09-19,INTC,31.08,31.08,31.35,30.91,31.08,19393836,718919881.1773,31.13,0.41,4699000320,4699000000.0,173863011840.0,173862900000.0
2017-09-16,INTC,31.08,30.7,31.14,30.42,30.64,33596071,1236725127.2236,30.92,0.71,4699000320,4699000000.0,173863011840.0,173862900000.0
2017-09-15,INTC,30.64,30.4,30.82,30.37,30.51,18093946,661205132.6258,30.69,0.39,4699000320,4699000000.0,171419512877.6,171419400000.0
2017-09-14,INTC,30.51,30.24,30.57,30.21,30.31,15509786,562622140.0858,30.47,0.33,4699000320,4699000000.0,170714691023.6,170714600000.0
2017-09-13,INTC,30.31,30.14,30.52,30.02,30.04,19489891,704210612.6415,30.35,0.41,4699000320,4699000000.0,169586907451.8,169586900000.0
2017-09-12,INTC,30.04,29.81,30.24,29.51,29.56,20037575,717515564.5002,30.08,0.43,4699000320,4699000000.0,168083264941.4,168083300000.0
2017-09-09,INTC,29.56,29.75,29.85,29.46,29.85,14125020,497292488.38,29.57,0.3,4699000320,4699000000.0,165357835357.8,165357800000.0
2017-09-08,INTC,29.85,30.14,30.19,29.67,30.03,16297079,578764652.7644,29.83,0.35,4699000320,4699000000.0,167002443178.8,167002400000.0
2017-09-07,INTC,30.03,29.58,30.19,29.49,29.41,28076438,1002281218.9612,29.98,0.6,4699000320,4699000000.0,168036227948.2,168036200000.0
2017-09-06,INTC,29.41,29.41,29.67,29.34,29.47,19300594,677180621.7834,29.47,0.41,4699000320,4699000000.0,164559014701.4,164558900000.0
2017-09-02,INTC,29.47,29.6,29.72,29.45,29.45,12821973,450894976.5893,29.54,0.27,4699000320,4699000000.0,164887907131.8,164887900000.0
2017-09-01,INTC,29.45,29.35,29.55,29.29,29.3,16366774,573951667.3094,29.45,0.35,4699000320,4699000000.0,164793978814.4,164793900000.0
2017-08-31,INTC,29.3,29.19,29.36,29.09,29.17,18565008,646207104.0274,29.23,0.4,4699000320,4699000000.0,163948121164.8,163948100000.0
2017-08-30,INTC,29.17,28.98,29.19,28.94,29.1,15843668,548395296.1172,29.07,0.34,4699000320,4699000000.0,163196262317.6,163196200000.0
2017-08-29,INTC,29.1,29.21,29.23,29.05,29.12,20712875,717889688.764,29.11,0.44,4699000320,4699000000.0,162820332894.0,162820300000.0
2017-08-26,INTC,29.12,29.24,29.34,29.04,29.15,14726829,511072613.2893,29.15,0.31,4699000320,4699000000.0,162914336395.4,162914300000.0
2017-08-25,INTC,29.15,29.14,29.3,29.02,29.11,14301891,496410012.5697,29.15,0.3,4699000320,4699000000.0,163102334000.2,163102300000.0
2017-08-24,INTC,29.11,29.01,29.24,28.88,29.1,19648133,680521083.2451,29.09,0.42,4699000320,4699000000.0,162867369887.2,162867300000.0
2017-08-23,INTC,29.1,29.41,29.56,29.08,29.33,26097790,907952709.8027,29.22,0.56,4699000320,4699000000.0,162820332894.0,162820300000.0
2017-08-22,INTC,29.33,29.47,29.63,29.14,29.4,26493270,925584776.682,29.34,0.56,4699000320,4699000000.0,164089086475.4,164089100000.0
2017-08-19,INTC,29.4,29.64,29.66,29.39,29.54,16231407,570040505.0458,29.5,0.35,4699000320,4699000000.0,164511977708.2,164511900000.0
2017-08-18,INTC,29.54,29.9,29.97,29.54,30.08,19524961,690820337.9756,29.72,0.42,4699000320,4699000000.0,165263836555.4,165263800000.0
2017-08-17,INTC,30.08,30.22,30.29,29.87,30.24,22013993,787378824.3876,30.04,0.47,4699000320,4699000000.0,168271192061.2,168271100000.0
2017-08-16,INTC,30.24,30.49,30.5,30.08,30.52,21706563,781060679.3404,30.22,0.46,4699000320,4699000000.0,169164011520.0,169163900000.0
2017-08-15,INTC,30.52,30.34,30.63,30.3,30.13,18469450,670627668.7923,30.5,0.39,4699000320,4699000000.0,170761657531.8,170761600000.0
2017-08-12,INTC,30.13,30.45,30.57,30.06,30.35,19275059,693782715.0095,30.23,0.41,4699000320,4699000000.0,168553122682.4,168553100000.0
2017-08-11,INTC,30.35,30.57,30.71,30.33,30.73,22693317,824675071.7,30.52,0.48,4699000320,4699000000.0,169821871564.8,169821800000.0
2017-08-10,INTC,30.73,30.47,30.79,30.25,30.58,22796797,830815520.1964,30.61,0.49,4699000320,4699000000.0,171936407611.8,171936400000.0
2017-08-09,INTC,30.58,30.55,30.82,30.49,30.6,22819872,832309374.015,30.63,0.49,4699000320,4699000000.0,171090620447.2,171090600000.0
2017-08-08,INTC,30.6,30.56,30.7,30.42,30.49,18169336,660994992.8792,30.55,0.39,4699000320,4699000000.0,171184548764.6,171184500000.0
2017-08-05,INTC,30.49,30.61,30.71,30.32,30.65,20520301,743949210.1052,30.45,0.44,4699000320,4699000000.0,170573730412.0,170573700000.0
2017-08-04,INTC,30.65,30.7,30.73,30.36,30.54,26611348,967686915.5995,30.54,0.57,4699000320,4699000000.0,171466549870.8,171466500000.0
2017-08-03,INTC,30.54,30.29,30.57,30.06,30.3,35004282,1275772992.6198,30.38,0.74,4699000320,4699000000.0,172171371724.8,172171300000.0
2017-08-02,INTC,30.3,29.73,30.37,29.65,29.57,38710243,1397904295.216,30.1,0.82,4699000320,4699000000.0,170808694525.0,170808700000.0
2017-08-01,INTC,29.57,29.57,29.79,29.44,29.44,27056989,959773793.2466,29.57,0.58,4699000320,4699000000.0,166673550748.4,166673500000.0
2017-07-29,INTC,29.44,29.29,29.89,29.18,29.15,36291485,1283034934.4279,29.47,0.77,4699000320,4699000000.0,165921691901.2,165921600000.0
2017-07-28,INTC,29.15,28.99,29.39,28.9,28.97,43062844,1503948295.278,29.11,0.92,4699000320,4699000000.0,164324050588.4,164324000000.0
2017-07-27,INTC,28.97,28.93,29.15,28.84,28.9,15499321,538139524.9842,28.94,0.33,4699000320,4699000000.0,163290261120.0,163290200000.0
2017-07-26,INTC,28.9,28.8,28.96,28.68,28.76,18096684,626646562.6435,28.87,0.39,4699000320,4699000000.0,162914336395.4,162914300000.0
2017-07-25,INTC,28.76,28.95,29.01,28.66,28.95,16146286,557891446.9281,28.8,0.34,4699000320,4699000000.0,162115511040.0,162115500000.0
2017-07-22,INTC,28.95,28.79,29.03,28.67,28.97,22245040,770383529.523,28.87,0.47,4699000320,4699000000.0,163196262317.6,163196200000.0
2017-07-21,INTC,28.97,28.79,29.04,28.74,28.81,17506215,607122626.2171,28.91,0.37,4699000320,4699000000.0,163290261120.0,163290200000.0
2017-07-20,INTC,28.81,28.91,28.91,28.73,28.79,17036196,588752176.9082,28.81,0.36,4699000320,4699000000.0,162397441661.2,162397400000.0
2017-07-19,INTC,28.79,28.7,28.83,28.55,28.74,14362829,494984825.7211,28.73,0.31,4699000320,4699000000.0,162256476350.6,162256400000.0
2017-07-18,INTC,28.74,28.96,28.96,28.64,28.91,21044407,725701623.2657,28.75,0.45,4699000320,4699000000.0,161974550428.4,161974500000.0
2017-07-15,INTC,28.91,28.74,28.94,28.56,28.54,16316352,563664794.0901,28.8,0.35,4699000320,4699000000.0,162961298204.6,162961300000.0
2017-07-14,INTC,28.54,28.62,28.68,28.44,28.55,15046200,515378963.1276,28.55,0.32,4699000320,4699000000.0,160893799150.8,160893800000.0
2017-07-13,INTC,28.55,28.58,28.67,28.29,28.28,23768336,812339903.0381,28.49,0.51,4699000320,4699000000.0,160940760960.0,160940700000.0
2017-07-12,INTC,28.28,28.04,28.29,27.87,28.05,25737540,868209610.0655,28.12,0.55,4699000320,4699000000.0,159390086155.4,159390100000.0
2017-07-11,INTC,28.05,27.72,28.13,27.7,28.24,29918438,1003042410.952,27.95,0.64,4699000320,4699000000.0,158121332574.0,158121300000.0
2017-07-08,INTC,28.24,28.09,28.44,28.09,28.04,18304461,620779210.9733,28.27,0.39,4699000320,4699000000.0,159202154336.6,159202100000.0
2017-07-07,INTC,28.04,28.44,28.59,27.98,28.63,20733188,701461699.3005,28.2,0.44,4699000320,4699000000.0,158027404256.6,158027300000.0
2017-07-06,INTC,28.63,27.94,28.7,27.91,27.89,30010805,1021885886.7222,28.39,0.64,4699000320,4699000000.0,161363656891.8,161363600000.0
2017-07-04,INTC,27.89,27.94,28.37,27.87,28.13,12676895,426699303.6803,28.06,0.27,4699000320,4699000000.0,157228583600.2,157228600000.0
2017-07-01,INTC,28.13,28.24,28.29,27.96,27.96,24432020,824934841.5619,28.15,0.52,4708997120,4708997000.0,158881591082.78,158881600000.0
2017-06-30,INTC,27.96,28.28,28.43,27.79,28.51,25215665,848456569.8417,28.05,0.54,4708997120,4708997000.0,157939735150.82,157939700000.0
2017-06-29,INTC,28.51,28.15,28.54,28.13,28.05,25940059,883240902.7888,28.38,0.55,4708997120,4708997000.0,161047687377.01,161047600000.0
2017-06-28,INTC,28.05,28.34,28.46,28.05,28.4,27078918,917558250.705,28.25,0.58,4708997120,4708997000.0,158457724834.02,158457700000.0
2017-06-27,INTC,28.4,28.56,28.77,28.37,28.5,18854766,644668960.7358,28.5,0.4,4708997120,4708997000.0,160435569550.38,160435500000.0
2017-06-24,INTC,28.5,28.52,28.8,28.42,28.64,29260887,1000903986.9865,28.52,0.62,4708997120,4708997000.0,161000625659.79,161000600000.0
2017-06-23,INTC,28.64,28.81,28.87,28.59,28.83,24602911,846037424.1831,28.67,0.52,4708997120,4708997000.0,161801145752.2,161801100000.0
2017-06-22,INTC,28.83,28.62,28.84,28.42,29.06,27138493,932619848.1976,28.65,0.58,4708997120,4708997000.0,162837129827.59,162837100000.0
2017-06-21,INTC,29.06,29.55,29.55,29.04,29.6,21536504,754680041.0541,29.21,0.46,4708997120,4708997000.0,164155644312.2,164155600000.0
2017-06-20,INTC,29.6,29.69,29.69,29.44,29.35,21583754,765882416.3568,29.58,0.46,4708997120,4708997000.0,167216464186.21,167216400000.0
2017-06-17,INTC,29.35,29.41,29.45,29.19,29.44,30762782,1083453030.7411,29.36,0.65,4708997120,4708997000.0,165803821558.18,165803800000.0
2017-06-16,INTC,29.44,29.35,29.58,29.29,29.62,20410008,720497651.9496,29.43,0.43,4708997120,4708997000.0,166274678889.21,166274600000.0
2017-06-15,INTC,29.62,30.0,30.05,29.36,29.91,19149016,682116788.3381,29.7,0.41,4708997120,4708997000.0,167310662964.6,167310600000.0
2017-06-14,INTC,29.91,29.74,29.97,29.62,29.79,20588247,736785377.7384,29.83,0.44,4708997120,4708997000.0,168958840210.59,168958800000.0
2017-06-13,INTC,29.79,29.67,30.02,29.52,29.77,28488290,1018051691.3406,29.79,0.6,4708997120,4708997000.0,168252448261.61,168252400000.0
2017-06-10,INTC,29.77,30.43,30.48,29.44,30.41,33322055,1194415899.2633,29.88,0.71,4708997120,4708997000.0,168158320118.18,168158300000.0
2017-06-09,INTC,30.41,30.29,30.45,30.14,30.23,17154168,624190443.587,30.33,0.36,4708997120,4708997000.0,171784196101.61,171784200000.0
2017-06-08,INTC,30.23,30.12,30.49,30.09,30.12,17191985,624392299.202,30.28,0.37,4708997120,4708997000.0,170748212026.21,170748200000.0
2017-06-07,INTC,30.12,30.14,30.39,29.99,30.29,18420926,666295835.45,30.15,0.39,4708997120,4708997000.0,170136089490.59,170136100000.0
2017-06-06,INTC,30.29,30.26,30.43,30.18,30.28,11685700,424497110.3971,30.28,0.25,4708997120,4708997000.0,171124941213.81,171124900000.0
2017-06-03,INTC,30.28,30.24,30.29,30.01,30.11,19127422,692864140.9415,30.2,0.41,4708997120,4708997000.0,171030813070.38,171030800000.0
2017-06-02,INTC,30.11,30.11,30.12,29.84,30.1,17510915,630182931.5964,30.0,0.37,4708997120,4708997000.0,170088957138.41,170088900000.0
2017-06-01,INTC,30.1,30.27,30.33,29.9,30.16,17741895,639717751.5674,30.06,0.38,4708997120,4708997000.0,170041890712.2,170041900000.0
2017-05-31,INTC,30.16,30.24,30.38,30.09,30.23,13026915,472193075.4087,30.22,0.28,4708997120,4708997000.0,170371482838.62,170371400000.0
2017-05-27,INTC,30.23,30.23,30.29,30.12,30.23,11145524,403914882.0214,30.21,0.24,4708997120,4708997000.0,170748212026.21,170748200000.0
2017-05-26,INTC,30.23,30.11,30.34,30.06,30.11,13148543,477246012.1082,30.26,0.28,4708997120,4708997000.0,170748212026.21,170748200000.0
2017-05-25,INTC,30.11,29.99,30.16,29.92,29.89,20860258,752356453.4365,30.07,0.44,4708997120,4708997000.0,170088957138.41,170088900000.0
2017-05-24,INTC,29.89,29.9,30.0,29.64,29.82,16903704,605091783.673,29.84,0.36,4708997120,4708997000.0,168864641432.2,168864600000.0
2017-05-23,INTC,29.82,29.58,30.1,29.49,29.51,14638067,522473524.6273,29.75,0.31,4708997120,4708997000.0,168440850527.39,168440800000.0
2017-05-20,INTC,29.51,29.3,29.64,29.29,29.36,18340129,649009591.0154,29.5,0.39,4708997120,4708997000.0,166698469794.02,166698400000.0
2017-05-19,INTC,29.36,29.34,29.57,29.24,29.21,17171872,605196870.832,29.38,0.36,4708997120,4708997000.0,165850887984.39,165850800000.0
2017-05-18,INTC,29.21,29.74,30.0,29.19,29.86,26670188,943794051.5496,29.5,0.57,4708997120,4708997000.0,165003230830.82,165003200000.0
2017-05-17,INTC,29.86,29.8,29.92,29.53,29.7,22291844,795968096.9874,29.77,0.47,4708997120,4708997000.0,168676314510.38,168676300000.0
2017-05-16,INTC,29.7,29.62,29.77,29.53,29.62,22120137,786441831.7495,29.64,0.47,4708997120,4708997000.0,167781590930.59,167781600000.0
2017-05-13,INTC,29.62,29.78,29.79,29.51,29.75,19730844,701488782.8401,29.64,0.42,4708997120,4708997000.0,167310662964.6,167310600000.0
2017-05-12,INTC,29.75,29.94,30.01,29.56,30.02,21508922,766244527.2622,29.7,0.46,4708997120,4708997000.0,168064121339.79,168064100000.0
2017-05-11,INTC,30.02,30.24,30.33,29.95,30.32,25133821,906780381.751,30.08,0.53,4708997120,4708997000.0,169570962746.21,169570900000.0
2017-05-10,INTC,30.32,30.41,30.64,30.24,30.46,17819145,649527365.0329,30.39,0.38,4708997120,4708997000.0,171266206418.41,171266100000.0
2017-05-09,INTC,30.46,30.62,30.72,30.41,30.69,17660215,647140883.1396,30.55,0.38,4708997120,4708997000.0,172066726510.82,172066700000.0
2017-05-06,INTC,30.69,30.73,30.79,30.43,30.72,18119243,664832949.2456,30.59,0.38,4708997120,4708997000.0,173385311630.38,173385300000.0
2017-05-05,INTC,30.72,30.84,30.94,30.54,30.83,16437090,605391108.6236,30.7,0.35,4708997120,4708997000.0,173526576834.98,173526500000.0
2017-05-04,INTC,30.83,30.61,30.99,30.53,30.59,22040258,815198658.6749,30.83,0.47,4708997120,4708997000.0,174138694661.61,174138600000.0
2017-05-03,INTC,30.59,30.1,30.64,30.08,30.05,35813020,1318370630.7431,30.46,0.76,4708997120,4708997000.0,174091632944.39,174091600000.0
2017-05-02,INTC,30.05,29.88,30.12,29.74,29.91,24825614,899270529.4265,29.97,0.53,4708997120,4708997000.0,170983676009.21,170983600000.0
2017-04-29,INTC,29.91,29.87,30.19,29.69,30.97,56769258,2050222093.2855,29.88,1.21,4708997120,4708997000.0,170230217634.02,170230200000.0
2017-04-28,INTC,30.97,30.51,31.03,30.44,30.56,39889969,1483212841.1193,30.77,0.85,4708997120,4708997000.0,176257729238.62,176257700000.0
2017-04-27,INTC,30.56,30.44,30.81,30.44,30.51,27240993,1007254594.1831,30.6,0.58,4708997120,4708997000.0,173903230678.62,173903200000.0
2017-04-26,INTC,30.51,30.43,30.62,30.34,30.41,22066778,813271014.9229,30.5,0.47,4708997120,4708997000.0,173620704978.41,173620600000.0
2017-04-25,INTC,30.41,30.34,30.49,30.17,30.05,26305762,965621283.9682,30.38,0.56,4708997120,4708997000.0,173055644160.0,173055600000.0
2017-04-22,INTC,30.05,29.96,30.14,29.67,29.94,20390512,739857371.2697,30.03,0.43,4708997120,4708997000.0,171030813070.38,171030800000.0
2017-04-21,INTC,29.94,29.94,30.01,29.67,29.72,22968262,829985709.2844,29.9,0.49,4708997120,4708997000.0,170371482838.62,170371400000.0
2017-04-20,INTC,29.72,29.76,29.97,29.7,29.6,16594637,598100488.2588,29.82,0.35,4708997120,4708997000.0,169100105415.19,169100100000.0
2017-04-19,INTC,29.6,29.32,29.63,29.21,29.36,12321051,439196146.9828,29.5,0.26,4708997120,4708997000.0,168417281996.8,168417200000.0
2017-04-18,INTC,29.36,29.33,29.45,29.24,29.17,12560747,445319843.6899,29.34,0.27,4708997120,4708997000.0,167075198981.61,167075100000.0
2017-04-14,INTC,29.17,29.42,29.59,29.17,29.48,15763997,558724922.0707,29.33,0.33,4708997120,4708997000.0,165992148480.0,165992100000.0
2017-04-13,INTC,29.48,29.68,29.8,29.38,29.57,19289786,689417067.3787,29.57,0.41,4708997120,4708997000.0,167781590930.59,167781600000.0
2017-04-12,INTC,29.57,29.6,29.62,29.14,29.62,22711829,807128368.5007,29.41,0.48,4708997120,4708997000.0,168299585322.78,168299500000.0
2017-04-11,INTC,29.62,29.81,29.86,29.47,29.81,19973723,715554611.7567,29.64,0.42,4708997120,4708997000.0,168582115731.99,168582100000.0
2017-04-08,INTC,29.81,29.85,30.05,29.78,29.81,15689512,566392920.7722,29.87,0.33,4708997120,4708997000.0,169665161524.6,169665100000.0
2017-04-07,INTC,29.81,29.9,30.03,29.81,29.97,20198223,729497159.8723,29.89,0.43,4708997120,4708997000.0,169665161524.6,169665100000.0
2017-04-06,INTC,29.97,30.15,30.42,29.93,30.02,22455524,820098124.6374,30.22,0.48,4708997120,4708997000.0,170559885104.39,170559800000.0
2017-04-05,INTC,30.02,29.89,30.1,29.78,29.92,18918047,684488879.4363,29.94,0.4,4708997120,4708997000.0,170842410804.6,170842400000.0
2017-04-04,INTC,29.92,29.95,30.4,29.89,29.85,32013641,1162834843.4753,30.06,0.68,4708997120,4708997000.0,170277354695.19,170277300000.0
2017-04-01,INTC,29.85,29.58,30.0,29.57,29.58,21438387,773248446.3011,29.85,0.45,4717667840,4717667000.0,170166316730.14,170166300000.0
2017-03-31,INTC,29.58,29.44,29.7,29.39,29.43,16432950,587755794.3857,29.6,0.35,4717667840,4717667000.0,168656625280.0,168656600000.0
2017-03-30,INTC,29.43,29.39,29.54,29.32,29.46,17202641,611706973.8523,29.42,0.36,4717667840,4717667000.0,167807482810.14,167807400000.0
2017-03-29,INTC,29.46,29.24,29.55,29.14,29.29,18398149,654063524.8115,29.42,0.39,4717667840,4717667000.0,167949008127.67,167948900000.0
2017-03-28,INTC,29.29,29.02,29.38,28.91,29.09,16992235,599956633.7561,29.22,0.36,4717667840,4717667000.0,166958264857.6,166958200000.0
2017-03-25,INTC,29.09,29.5,29.57,29.06,29.19,22187961,784521969.4139,29.26,0.47,4717667840,4717667000.0,165873220125.07,165873200000.0
2017-03-24,INTC,29.19,29.37,29.37,28.98,29.27,20640352,726329962.0114,29.12,0.44,4717667840,4717667000.0,166392168305.14,166392100000.0
2017-03-23,INTC,29.27,29.14,29.34,28.96,29.0,19144497,675615023.3346,29.2,0.41,4717667840,4717667000.0,166863892630.13,166863800000.0
2017-03-22,INTC,29.0,29.45,29.46,28.96,29.32,22814547,802914634.0257,29.12,0.48,4717667840,4717667000.0,165307052807.59,165307000000.0
2017-03-21,INTC,29.32,29.27,29.48,29.18,29.19,17322274,614599495.5245,29.36,0.37,4717667840,4717667000.0,167146938547.53,167146900000.0
2017-03-18,INTC,29.19,29.22,29.24,29.05,29.08,30778868,1084604279.4625,29.16,0.65,4738997760,4738997000.0,167144474690.19,167144400000.0
2017-03-17,INTC,29.08,29.1,29.26,29.02,29.05,19616055,690194739.9218,29.12,0.41,4738997760,4738997000.0,166528381286.4,166528300000.0
2017-03-16,INTC,29.05,28.91,29.1,28.7,29.11,27996094,978130219.797,28.91,0.59,4738997760,4738997000.0,166338854548.98,166338800000.0
2017-03-15,INTC,29.11,29.01,29.15,28.68,29.09,28586872,1000288841.1789,28.96,0.6,4738997760,4738997000.0,166717908023.82,166717900000.0
2017-03-14,INTC,29.09,29.67,29.82,28.91,29.72,53582930,1886729767.0703,29.14,1.13,4738997760,4738997000.0,166623180197.59,166623100000.0
2017-03-11,INTC,29.72,29.89,30.03,29.61,29.64,25402348,914489583.0673,29.79,0.54,4738997760,4738997000.0,170177428517.59,170177400000.0
2017-03-10,INTC,29.64,29.46,29.74,29.38,29.48,23616786,845365334.6325,29.62,0.5,4738997760,4738997000.0,169750937675.18,169750900000.0
2017-03-09,INTC,29.48,29.52,29.71,29.4,29.62,20920149,745920339.1635,29.5,0.44,4738997760,4738997000.0,168803081255.21,168803000000.0
2017-03-08,INTC,29.62,29.41,29.62,29.28,29.43,23434895,834818803.921,29.48,0.49,4738997760,4738997000.0,169656138763.99,169656100000.0
2017-03-07,INTC,29.43,29.62,29.62,29.31,29.71,24416731,868407945.2526,29.43,0.52,4738997760,4738997000.0,168566188235.18,168566100000.0
2017-03-04,INTC,29.71,29.74,29.86,29.52,29.72,17540895,629428705.7325,29.69,0.37,4738997760,4738997000.0,170129991150.01,170129900000.0
2017-03-03,INTC,29.72,29.73,29.81,29.5,29.73,23602102,846588564.2626,29.68,0.5,4738997760,4738997000.0,170177428517.59,170177400000.0
2017-03-02,INTC,29.73,29.67,29.87,29.33,29.96,34085868,1219704669.9751,29.61,0.72,4738997760,4738997000.0,170272156343.82,170272100000.0
2017-03-01,INTC,29.96,30.14,30.17,29.79,30.21,24977012,903141429.0689,29.92,0.53,4738997760,4738997000.0,171551704695.01,171551700000.0
2017-02-28,INTC,30.21,30.14,30.35,30.01,30.23,14065235,513096931.6225,30.19,0.3,4738997760,4738997000.0,173020784522.61,173020800000.0
2017-02-25,INTC,30.23,29.91,30.23,29.75,29.94,18617594,677175791.7146,30.1,0.39,4738997760,4738997000.0,173115583433.8,173115500000.0
2017-02-24,INTC,29.94,29.99,30.04,29.71,29.85,22774981,821757868.3245,29.86,0.48,4738997760,4738997000.0,171456905783.82,171456900000.0
2017-02-23,INTC,29.85,30.07,30.12,29.62,30.22,29904372,1077176621.831,29.81,0.63,4738997760,4738997000.0,170935687115.18,170935600000.0
2017-02-22,INTC,30.22,30.23,30.33,30.06,30.19,20556016,750043656.7127,30.19,0.43,4738997760,4738997000.0,173068221890.19,173068200000.0
2017-02-18,INTC,30.19,30.05,30.19,29.87,30.13,18909887,687102127.897,30.07,0.4,4738997760,4738997000.0,172878619328.81,172878600000.0
2017-02-17,INTC,30.13,29.94,30.25,29.87,29.83,21317454,774081606.6632,30.05,0.45,4738997760,4738997000.0,172546927397.59,172546900000.0
2017-02-16,INTC,29.83,29.77,29.84,29.52,29.73,18452196,662516797.4732,29.71,0.39,4738997760,4738997000.0,170840888203.99,170840900000.0
2017-02-15,INTC,29.73,29.66,29.76,29.4,29.62,25734801,920989466.4217,29.61,0.54,4738997760,4738997000.0,170272156343.82,170272100000.0
2017-02-14,INTC,29.62,29.43,29.67,29.24,29.24,28180551,1003120726.7701,29.46,0.59,4738997760,4738997000.0,169656138763.99,169656100000.0
2017-02-11,INTC,29.24,29.18,29.32,28.83,29.34,44106524,1553334917.3533,29.14,0.93,4738997760,4738997000.0,167476166621.41,167476100000.0
2017-02-10,INTC,29.34,30.2,30.2,29.29,30.1,47802688,1712655919.2076,29.65,1.01,4738997760,4738997000.0,168044893742.58,168044800000.0
2017-02-09,INTC,30.1,30.07,30.33,29.91,30.08,20807360,757427479.5987,30.12,0.44,4738997760,4738997000.0,172404762203.79,172404700000.0
2017-02-08,INTC,30.08,30.16,30.22,29.99,30.01,18581868,675608959.1692,30.09,0.39,4738997760,4738997000.0,172262601748.98,172262600000.0
2017-02-07,INTC,30.01,30.21,30.21,29.91,30.22,21426961,777020949.8966,30.01,0.45,4738997760,4738997000.0,171883472450.19,171883400000.0
2017-02-04,INTC,30.22,30.36,30.47,30.16,30.14,21038145,768483611.6415,30.23,0.44,4738997760,4738997000.0,173068221890.19,173068200000.0
2017-02-03,INTC,30.14,29.79,30.15,29.74,30.01,31916938,1165718253.1261,30.01,0.67,4738997760,4738997000.0,173826404663.82,173826400000.0
2017-02-02,INTC,30.01,30.25,30.36,29.6,30.25,28380641,1036716633.7535,30.01,0.6,4738997760,4738997000.0,173068221890.19,173068200000.0
2017-02-01,INTC,30.25,30.58,30.7,30.1,30.75,27059086,996112603.375,30.25,0.57,4738997760,4738997000.0,174489935435.18,174489900000.0
2017-01-31,INTC,30.75,31.01,31.09,30.67,31.21,23954715,897525823.4623,30.78,0.51,4738997760,4738997000.0,177333291440.2,177333200000.0
2017-01-28,INTC,31.21,31.22,31.59,31.07,30.86,44368567,1692288223.8243,31.34,0.94,4738997760,4738997000.0,179987115968.81,179987100000.0
2017-01-27,INTC,30.86,31.07,31.16,30.75,31.06,34144844,1284354858.4308,30.91,0.72,4738997760,4738997000.0,177996746387.6,177996700000.0
2017-01-26,INTC,31.06,31.12,31.22,30.82,30.91,32357313,1221333056.5037,31.01,0.68,4738997760,4738997000.0,179134134283.99,179134100000.0
2017-01-25,INTC,30.91,30.27,31.01,30.24,30.21,35140872,1313491999.5288,30.71,0.74,4738997760,4738997000.0,178281076775.21,178281000000.0
2017-01-24,INTC,30.21,30.46,30.57,30.03,30.35,27752567,1022179605.9719,30.26,0.59,4738997760,4738997000.0,174252971330.19,174252900000.0
2017-01-21,INTC,30.35,30.2,30.42,30.06,30.05,23950938,881815983.056,30.25,0.51,4738997760,4738997000.0,175058591471.39,175058600000.0
2017-01-20,INTC,30.05,30.0,30.33,30.0,30.2,13654524,501022649.9546,30.15,0.29,4738997760,4738997000.0,173305185995.18,173305100000.0
2017-01-19,INTC,30.2,30.31,30.41,30.08,30.24,15382454,566143605.1553,30.24,0.32,4738997760,4738997000.0,174205533962.61,174205500000.0
2017-01-18,INTC,30.24,30.13,30.26,30.06,30.23,20195204,741808294.5884,30.18,0.43,4738997760,4738997000.0,174395136523.99,174395100000.0
2017-01-14,INTC,30.23,30.16,30.29,30.09,30.16,15072235,554044702.5299,30.2,0.32,4738997760,4738997000.0,174347699156.41,174347600000.0
2017-01-13,INTC,30.16,30.26,30.26,29.84,30.36,20391946,745970113.7533,30.06,0.43,4738997760,4738997000.0,173968640942.58,173968600000.0
2017-01-12,INTC,30.36,30.0,30.4,30.0,30.02,22398426,824517463.6533,30.25,0.47,4738997760,4738997000.0,175105953015.01,175105900000.0
2017-01-11,INTC,30.02,30.03,30.34,30.01,30.08,15918766,584180538.9991,30.15,0.34,4738997760,4738997000.0,173162949716.41,173162900000.0
2017-01-10,INTC,30.08,29.97,30.31,29.97,29.97,19461422,714243937.5724,30.15,0.41,4738997760,4738997000.0,173494712732.6,173494600000.0
2017-01-07,INTC,29.97,29.96,30.14,29.73,29.87,15113997,551343557.019,29.97,0.32,4738997760,4738997000.0,172878619328.81,172878600000.0
2017-01-06,INTC,29.87,29.95,30.17,29.83,29.92,13986004,509759076.5912,29.95,0.3,4738997760,4738997000.0,172262601748.98,172262600000.0
2017-01-05,INTC,29.92,30.16,30.21,29.86,30.07,15915731,580731601.1549,29.98,0.34,4738997760,4738997000.0,172546927397.59,172546900000.0
2017-01-04,INTC,30.07,30.08,30.34,29.8,29.8,20196465,738100131.0688,30.03,0.43,4738997760,4738997000.0,173447351188.98,173447300000.0
2016-12-31,INTC,29.8,30.23,30.24,29.74,30.12,17467985,634695636.5701,29.85,0.37,4738997760,4738997000.0,171883472450.19,171883400000.0
2016-12-30,INTC,30.12,30.0,30.17,29.93,30.1,8447996,309333477.3432,30.08,0.18,4738997760,4738997000.0,173731676837.59,173731600000.0
2016-12-29,INTC,30.1,30.48,30.56,30.06,30.46,12868586,472903857.8125,30.19,0.27,4738997760,4738997000.0,173589511643.79,173589500000.0
2016-12-28,INTC,30.46,30.33,30.67,30.33,30.38,9033707,335407945.181,30.51,0.19,4738997760,4738997000.0,175674684875.18,175674600000.0
2016-12-24,INTC,30.38,30.34,30.38,30.21,30.34,6287281,231893187.8313,30.3,0.13,4738997760,4738997000.0,175200756665.2,175200700000.0
2016-12-23,INTC,30.34,30.59,30.6,30.24,30.38,10793879,399081019.673,30.38,0.23,4738997760,4738997000.0,175011154103.82,175011100000.0
2016-12-22,INTC,30.38,30.61,30.68,30.33,30.57,14323575,530962148.6211,30.46,0.3,4738997760,4738997000.0,175248118208.81,175248100000.0
2016-12-21,INTC,30.57,30.36,30.6,30.31,30.31,18551844,688841098.8264,30.51,0.39,4738997760,4738997000.0,176338139822.58,176338100000.0
2016-12-20,INTC,30.31,29.86,30.36,29.8,29.83,18744305,689203877.2079,30.21,0.4,4738997760,4738997000.0,174821627366.4,174821600000.0
2016-12-17,INTC,29.83,30.17,30.29,29.65,30.23,38212825,1392139031.9272,29.93,0.81,4738997760,4738997000.0,172072999187.6,172072900000.0
2016-12-16,INTC,30.23,30.19,30.53,30.01,30.03,23721540,874207683.7952,30.28,0.5,4738997760,4738997000.0,174347699156.41,174347600000.0
2016-12-15,INTC,30.03,30.15,30.31,29.96,30.24,30819364,1129480595.3531,30.11,0.65,4738997760,4738997000.0,173210387083.99,173210400000.0
2016-12-14,INTC,30.24,29.59,30.31,29.52,29.55,35773594,1310204088.249,30.09,0.75,4738997760,4738997000.0,174395136523.99,174395100000.0
2016-12-13,INTC,29.55,29.4,29.65,29.31,29.38,21985829,789805751.4844,29.52,0.46,4738997760,4738997000.0,170461758905.2,170461700000.0
2016-12-10,INTC,29.38,29.37,29.5,29.24,29.33,16326926,583867233.3399,29.38,0.34,4738997760,4738997000.0,169466536202.61,169466500000.0
2016-12-09,INTC,29.33,29.15,29.6,28.94,29.17,19966536,712517677.3158,29.32,0.42,4738997760,4738997000.0,169182205815.01,169182100000.0
2016-12-08,INTC,29.17,28.49,29.23,28.31,28.53,21710274,763621871.9328,28.9,0.46,4738997760,4738997000.0,168234420480.0,168234400000.0
2016-12-07,INTC,28.53,28.26,28.55,28.18,28.26,15297704,529194912.4562,28.42,0.32,4738997760,4738997000.0,164538011705.2,164537900000.0
2016-12-06,INTC,28.26,28.19,28.28,27.91,28.07,14461973,496307435.6113,28.2,0.31,4738997760,4738997000.0,162974132966.4,162974100000.0
2016-12-03,INTC,28.07,27.71,28.15,27.61,27.74,21492536,730529127.8939,27.93,0.45,4738997760,4738997000.0,161884182437.59,161884100000.0
2016-12-02,INTC,27.74,28.64,28.7,27.57,28.51,29618688,1009369255.7583,28.0,0.62,4738997760,4738997000.0,159988540682.61,159988500000.0
2016-12-01,INTC,28.51,28.92,29.0,28.51,29.01,27016071,943512046.2593,28.69,0.57,4738997760,4738997000.0,164443208055.01,164443100000.0
2016-11-30,INTC,29.01,29.28,29.28,28.98,29.18,19581040,693560417.219,29.1,0.41,4738997760,4738997000.0,167334001427.6,167333900000.0
2016-11-29,INTC,29.18,29.11,29.3,28.93,29.12,13549047,480972159.1871,29.17,0.29,4738997760,4738997000.0,168281786762.61,168281800000.0
2016-11-26,INTC,29.12,28.85,29.13,28.85,28.92,6372836,225382967.0519,29.06,0.13,4738997760,4738997000.0,167950094831.39,167950100000.0
2016-11-24,INTC,28.92,29.15,29.18,28.84,29.15,15843618,558468442.9403,28.96,0.33,4738997760,4738997000.0,166812706935.01,166812600000.0
2016-11-23,INTC,29.15,28.9,29.17,28.85,28.74,22327446,790163893.1057,29.08,0.47,4738997760,4738997000.0,168139621568.81,168139600000.0
2016-11-22,INTC,28.74,28.84,28.92,28.63,28.72,14259528,498909413.9417,28.75,0.3,4738997760,4738997000.0,165770122688.81,165770100000.0
2016-11-19,INTC,28.72,28.67,28.76,28.46,28.77,16806852,585782759.0787,28.64,0.35,4738997760,4738997000.0,165627957495.01,165627900000.0
2016-11-18,INTC,28.77,28.6,28.77,28.45,28.63,15748520,549853229.1464,28.69,0.33,4738997760,4738997000.0,165959725250.19,165959700000.0
2016-11-17,INTC,28.63,28.67,28.69,28.38,28.68,18565450,645518802.8241,28.57,0.39,4738997760,4738997000.0,165106667741.41,165106600000.0
2016-11-16,INTC,28.68,28.46,29.0,28.44,28.33,20676114,722557879.9293,28.71,0.44,4738997760,4738997000.0,165438430757.59,165438400000.0
2016-11-15,INTC,28.33,28.4,28.54,28.1,28.44,22558942,776508020.0288,28.28,0.48,4738997760,4738997000.0,163400623808.81,163400600000.0
2016-11-12,INTC,28.44,28.4,28.65,28.21,28.35,22665028,783217217.9086,28.39,0.48,4738997760,4738997000.0,164016717212.6,164016700000.0
2016-11-11,INTC,28.35,28.72,28.72,27.96,28.55,28250231,975870131.8662,28.38,0.6,4738997760,4738997000.0,163495422720.0,163495400000.0
2016-11-10,INTC,28.55,28.04,28.63,27.66,28.54,25999426,897323363.4238,28.36,0.55,4738997760,4738997000.0,164680172160.0,164680100000.0
2016-11-09,INTC,28.54,28.43,28.72,28.34,28.5,14833125,515372567.1863,28.55,0.31,4738997760,4738997000.0,164632810616.39,164632800000.0
2016-11-08,INTC,28.5,28.13,28.55,28.06,27.61,19296598,666047107.6576,28.36,0.41,4738997760,4738997000.0,164395846511.39,164395800000.0
2016-11-05,INTC,27.61,27.55,27.88,27.46,27.88,21914747,739397011.2706,27.72,0.46,4738997760,4738997000.0,159277719452.6,159277700000.0
2016-11-04,INTC,27.88,28.31,28.36,27.83,28.21,19400032,661102514.6766,28.0,0.41,4738997760,4738997000.0,160794160823.82,160794100000.0
2016-11-03,INTC,28.21,28.21,28.46,28.11,28.15,21416407,742954497.8455,28.29,0.45,4738997760,4738997000.0,163969355668.98,163969300000.0
2016-11-02,INTC,28.15,28.46,28.67,27.95,28.43,25368223,876730759.0517,28.18,0.54,4738997760,4738997000.0,163590226370.19,163590100000.0
2016-11-01,INTC,28.43,28.48,28.61,28.41,28.33,19188602,670446012.1026,28.49,0.4,4738997760,4738997000.0,165248832935.21,165248800000.0
2016-10-29,INTC,28.33,28.43,28.68,28.3,28.39,22296430,777527795.889,28.44,0.47,4738997760,4738997000.0,164632810616.39,164632800000.0
2016-10-28,INTC,28.39,28.62,28.73,28.34,28.48,14634684,511489537.7767,28.5,0.31,4738997760,4738997000.0,164964502547.6,164964400000.0
2016-10-27,INTC,28.48,28.57,28.71,28.33,28.62,19977606,698596804.326,28.52,0.42,4738997760,4738997000.0,165485797040.2,165485800000.0
2016-10-26,INTC,28.62,28.66,28.74,28.55,28.75,17860313,626684537.8769,28.61,0.38,4738997760,4738997000.0,166338854548.98,166338800000.0
2016-10-25,INTC,28.75,28.89,28.94,28.63,28.66,21524743,758648349.1301,28.74,0.45,4738997760,4738997000.0,167097037322.61,167097000000.0
2016-10-22,INTC,28.66,28.71,28.87,28.39,28.89,20813247,732199726.9027,28.69,0.44,4738997760,4738997000.0,166575742830.01,166575700000.0
2016-10-21,INTC,28.89,28.88,29.09,28.62,28.96,25669481,909017928.9644,28.88,0.54,4738997760,4738997000.0,167902657463.82,167902600000.0
2016-10-20,INTC,28.96,29.41,29.43,28.73,30.78,75229000,2677573211.929,29.02,1.59,4738997760,4738997000.0,168281786762.61,168281800000.0
2016-10-19,INTC,30.78,30.96,31.03,30.6,30.41,42907754,1623067534.3214,30.85,0.91,4738997760,4738997000.0,178897165440.0,178897100000.0
2016-10-18,INTC,30.41,30.62,30.76,30.37,30.54,15788141,590247529.5674,30.49,0.33,4738997760,4738997000.0,176717198036.41,176717100000.0
2016-10-15,INTC,30.54,30.33,30.74,30.3,30.15,19123946,716834284.9138,30.57,0.4,4738997760,4738997000.0,177475451895.01,177475400000.0
2016-10-14,INTC,30.15,30.05,30.28,29.73,30.28,16936016,624032862.736,30.05,0.36,4738997760,4738997000.0,175200756665.2,175200700000.0
2016-10-13,INTC,30.28,30.33,30.38,30.02,30.39,14053887,521210801.2909,30.24,0.3,4738997760,4738997000.0,175959010523.79,175958900000.0
2016-10-12,INTC,30.39,30.91,30.99,30.03,31.0,27650461,1029780533.6299,30.37,0.58,4738997760,4738997000.0,176622470210.19,176622400000.0
2016-10-11,INTC,31.0,31.19,31.28,30.91,31.07,14954297,569346021.9657,31.05,0.32,4738997760,4738997000.0,180176718530.19,180176700000.0
2016-10-08,INTC,31.07,31.05,31.17,30.81,31.04,16942540,644346753.7318,31.01,0.36,4738997760,4738997000.0,180555847828.98,180555800000.0
2016-10-07,INTC,31.04,30.86,31.12,30.64,30.98,15171434,575095887.0638,30.91,0.32,4738997760,4738997000.0,180413682635.18,180413600000.0
2016-10-06,INTC,30.98,30.78,31.24,30.69,30.61,22420805,853055600.6583,31.03,0.47,4738997760,4738997000.0,180034553336.39,180034500000.0
2016-10-05,INTC,30.61,30.8,30.94,30.44,30.71,14393110,541142160.9617,30.66,0.3,4738997760,4738997000.0,177901947476.41,177901900000.0
2016-10-04,INTC,30.71,30.73,30.95,30.6,30.78,14113579,532389632.5494,30.76,0.3,4738997760,4738997000.0,178470674597.59,178470600000.0
2016-10-01,INTC,30.78,30.56,30.92,30.53,30.43,24279305,916946848.7716,30.8,0.51,4731000320,4731000000.0,178595262080.0,178595200000.0
2016-09-30,INTC,30.43,30.57,30.6,30.17,30.53,17674969,659840069.1613,30.44,0.37,4731000320,4731000000.0,176560969790.4,176560900000.0
2016-09-29,INTC,30.53,30.42,30.58,30.29,30.32,19020801,710712343.4898,30.47,0.4,4731000320,4731000000.0,177128666173.8,177128600000.0
2016-09-28,INTC,30.32,30.09,30.35,29.87,29.89,22391575,828342729.7625,30.17,0.47,4731000320,4731000000.0,175898558780.6,175898500000.0
2016-09-27,INTC,29.89,30.11,30.12,29.85,30.33,25518797,936922555.2986,29.94,0.54,4731000320,4731000000.0,173391133342.0,173391100000.0
2016-09-24,INTC,30.33,30.54,30.7,30.27,30.62,18062473,673585887.6158,30.41,0.38,4731000320,4731000000.0,175945916093.8,175945900000.0
2016-09-23,INTC,30.62,30.66,30.85,30.53,30.54,17013411,639287442.0439,30.64,0.36,4731000320,4731000000.0,177649080940.0,177649000000.0
2016-09-22,INTC,30.54,30.34,30.55,30.06,30.29,21233700,790636840.7337,30.36,0.45,4731000320,4731000000.0,177175947791.0,177175900000.0
2016-09-21,INTC,30.29,30.51,30.52,30.12,30.3,24796899,921212236.9197,30.29,0.52,4731000320,4731000000.0,175709351884.8,175709300000.0
2016-09-20,INTC,30.3,30.73,31.0,30.25,30.72,30531708,1142615739.6797,30.52,0.65,4731000320,4731000000.0,175803990815.2,175803900000.0
2016-09-17,INTC,30.72,30.76,31.03,30.38,29.81,74577875,2804411943.3923,30.66,1.58,4731000320,4731000000.0,178216777323.4,178216800000.0
2016-09-16,INTC,29.81,29.14,29.89,28.98,29.05,24585102,893700516.673,29.64,0.52,4731000320,4731000000.0,172965362237.2,172965300000.0
2016-09-15,INTC,29.05,28.96,29.21,28.86,29.04,14127223,503157943.3037,29.04,0.3,4731000320,4731000000.0,168518212474.4,168518200000.0
2016-09-14,INTC,29.04,29.15,29.26,28.8,29.42,23591344,839309151.1226,29.01,0.5,4731000320,4731000000.0,168470926126.2,168470900000.0
2016-09-13,INTC,29.42,28.7,29.45,28.59,28.9,22796598,814750549.2996,29.14,0.48,4731000320,4731000000.0,170694501007.6,170694400000.0
2016-09-10,INTC,28.9,29.44,29.67,28.9,29.72,29457899,1055706292.7822,29.22,0.62,4731000320,4731000000.0,167666665533.8,167666600000.0
2016-09-09,INTC,29.72,29.64,29.84,29.45,29.73,20356512,740916048.69,29.68,0.43,4731000320,4731000000.0,172397665853.8,172397600000.0
2016-09-08,INTC,29.73,29.89,29.89,29.67,29.82,18495645,674543534.4167,29.74,0.39,4731000320,4731000000.0,172492304784.2,172492300000.0
2016-09-07,INTC,29.82,29.67,29.85,29.5,29.42,22337790,813792472.7102,29.71,0.47,4731000320,4731000000.0,173012719550.4,173012700000.0
2016-09-03,INTC,29.42,29.53,29.63,29.32,29.37,16726719,604261154.1414,29.46,0.35,4731000320,4731000000.0,170694501007.6,170694400000.0
2016-09-02,INTC,29.37,29.35,29.39,29.01,29.27,18925770,679001856.4216,29.26,0.4,4731000320,4731000000.0,170410655181.4,170410600000.0
2016-09-01,INTC,29.27,29.05,29.27,29.01,29.11,20562723,735316908.4767,29.16,0.43,4731000320,4731000000.0,169795601484.8,169795600000.0
2016-08-31,INTC,29.11,29.02,29.14,28.96,28.99,15183208,541137170.2736,29.06,0.32,4731000320,4731000000.0,168896697231.0,168896600000.0
2016-08-30,INTC,28.99,28.93,29.09,28.66,28.75,15264301,542420034.6881,28.98,0.32,4731000320,4731000000.0,168187080300.0,168187000000.0
2016-08-27,INTC,28.75,28.63,29.01,28.58,28.61,14469926,510970810.1571,28.8,0.31,4731000320,4731000000.0,166815047628.2,166815000000.0
2016-08-26,INTC,28.61,28.58,28.72,28.46,28.66,12427981,436184861.585,28.62,0.26,4731000320,4731000000.0,166010787035.8,166010800000.0
2016-08-25,INTC,28.66,28.8,28.88,28.56,28.87,16343524,575185762.8634,28.7,0.35,4731000320,4731000000.0,166294632862.0,166294600000.0
2016-08-24,INTC,28.87,28.95,29.1,28.79,28.83,18316043,649820163.4984,28.93,0.39,4731000320,4731000000.0,167477382942.0,167477300000.0
2016-08-23,INTC,28.83,28.7,28.91,28.64,28.74,14941430,527903104.1621,28.81,0.32,4731000320,4731000000.0,167288176046.2,167288100000.0
2016-08-20,INTC,28.74,28.41,28.76,28.32,28.52,16417641,576604018.8139,28.64,0.35,4731000320,4731000000.0,166720479662.8,166720400000.0
2016-08-19,INTC,28.52,28.51,28.61,28.34,28.56,16085180,561445100.9693,28.46,0.34,4731000320,4731000000.0,165443090652.4,165443000000.0
2016-08-18,INTC,28.56,28.68,28.71,28.35,28.71,18221645,637119762.7601,28.51,0.39,4731000320,4731000000.0,165679654861.4,165679600000.0
2016-08-17,INTC,28.71,28.35,28.71,28.35,28.47,16320930,571589929.4042,28.56,0.34,4731000320,4731000000.0,166578554384.2,166578500000.0
2016-08-16,INTC,28.47,28.3,28.67,28.24,28.19,18931063,662443366.7833,28.53,0.4,4731000320,4731000000.0,165159240095.2,165159200000.0
2016-08-13,INTC,28.19,28.15,28.35,28.08,28.28,15708317,543086738.1794,28.19,0.33,4731000320,4731000000.0,163550718910.4,163550700000.0
2016-08-12,INTC,28.28,28.26,28.33,28.13,28.16,16364122,566183991.6749,28.21,0.35,4731000320,4731000000.0,164071057980.6,164071000000.0
2016-08-11,INTC,28.16,28.54,28.54,28.13,28.48,19579028,677430315.9412,28.21,0.41,4731000320,4731000000.0,163361436318.6,163361400000.0
2016-08-10,INTC,28.48,28.57,28.67,28.41,28.57,12578883,439691043.8635,28.5,0.27,4731000320,4731000000.0,165206526443.4,165206500000.0
2016-08-09,INTC,28.57,28.46,28.68,28.43,28.52,19497333,683030530.6613,28.57,0.41,4731000320,4731000000.0,165774222826.8,165774200000.0
2016-08-06,INTC,28.52,28.38,28.65,28.3,28.2,20046211,701685602.256,28.54,0.42,4731000320,4731000000.0,165490372269.6,165490300000.0
2016-08-05,INTC,28.2,27.96,28.23,27.9,27.93,16362641,564468686.1719,28.13,0.35,4731000320,4731000000.0,163598000527.6,163597900000.0
2016-08-04,INTC,27.93,27.81,27.95,27.72,27.97,18388766,628022275.6487,27.85,0.39,4731000320,4731000000.0,162036760960.0,162036700000.0
2016-08-03,INTC,27.97,28.17,28.22,27.78,28.2,20057329,692613527.428,27.95,0.42,4731000320,4731000000.0,163503361597.2,163503300000.0
2016-08-02,INTC,28.2,28.18,28.25,27.97,28.21,18824411,653703932.0283,28.1,0.4,4731000320,4731000000.0,164875394269.0,164875400000.0
2016-07-30,INTC,28.21,28.14,28.26,28.01,28.14,18171235,632916907.5994,28.19,0.38,4731000320,4731000000.0,164922675886.2,164922600000.0
2016-07-29,INTC,28.14,28.19,28.19,27.94,28.19,21667379,751847087.6062,28.08,0.46,4731000320,4731000000.0,164496904781.4,164496900000.0
2016-07-28,INTC,28.19,28.33,28.55,28.03,28.4,23601762,823869184.319,28.25,0.5,4731000320,4731000000.0,164780750607.6,164780700000.0
2016-07-27,INTC,28.4,28.12,28.51,28.08,28.08,29644430,1037584931.5854,28.33,0.63,4731000320,4731000000.0,166010787035.8,166010800000.0
2016-07-26,INTC,28.08,28.02,28.13,27.98,28.05,20277700,703025973.1739,28.06,0.43,4731000320,4731000000.0,164118415293.8,164118400000.0
2016-07-23,INTC,28.05,27.82,28.08,27.73,27.74,33033653,1139865705.014,27.93,0.7,4731000320,4731000000.0,163976490015.2,163976400000.0
2016-07-22,INTC,27.74,27.78,27.91,27.4,28.88,63708598,2174647950.7512,27.63,1.35,4721999360,4721999000.0,161822941677.2,161822900000.0
2016-07-21,INTC,28.88,28.57,29.08,28.37,28.45,42994188,1529118607.1225,28.78,0.91,4721999360,4721999000.0,168528171324.4,168528100000.0
2016-07-20,INTC,28.45,28.24,28.46,28.2,28.37,20395426,715179991.4653,28.38,0.43,4721999360,4721999000.0,165978249172.0,165978200000.0
2016-07-19,INTC,28.37,28.47,28.49,28.29,28.38,19347176,678242282.6849,28.37,0.41,4721999360,4721999000.0,165506096456.0,165506100000.0
2016-07-16,INTC,28.38,28.54,28.56,28.25,28.49,23661856,829634455.905,28.38,0.5,4721999360,4721999000.0,165600555331.19,165600500000.0
2016-07-15,INTC,28.49,28.43,28.57,28.29,28.33,25296375,890121229.2911,28.48,0.54,4721999360,4721999000.0,166214363306.0,166214300000.0
2016-07-14,INTC,28.33,28.36,28.53,28.23,28.28,29120903,1020355817.4603,28.36,0.62,4721999360,4721999000.0,165317173983.6,165317100000.0
2016-07-13,INTC,28.28,27.93,28.3,27.91,27.82,28064114,976687351.5562,28.17,0.59,4721999360,4721999000.0,164986671804.4,164986600000.0
2016-07-12,INTC,27.82,27.55,27.92,27.55,27.52,23820668,818916524.2332,27.82,0.5,4721999360,4721999000.0,162342361606.8,162342300000.0
2016-07-09,INTC,27.52,27.23,27.52,27.11,26.87,23341872,791224150.2421,27.43,0.49,4721999360,4721999000.0,160547978240.0,160547900000.0
2016-07-08,INTC,26.87,26.68,27.15,26.68,26.68,26119446,869399028.7886,26.94,0.55,4721999360,4721999000.0,156770364586.0,156770300000.0
2016-07-07,INTC,26.68,26.55,26.71,26.21,26.45,21070219,691366560.9375,26.56,0.45,4721999360,4721999000.0,155684328343.2,155684300000.0
2016-07-06,INTC,26.45,26.3,26.49,26.27,26.51,20107192,655602897.2865,26.39,0.43,4721999360,4721999000.0,154314906030.8,154314800000.0
2016-07-02,INTC,26.51,26.42,26.61,26.28,26.55,17084571,559205309.9745,26.49,0.36,4721999360,4721999000.0,154645479040.0,154645400000.0
2016-07-01,INTC,26.55,25.9,26.61,25.87,25.84,34528918,1125263081.3466,26.37,0.73,4721999360,4721999000.0,154881597896.0,154881500000.0
2016-06-30,INTC,25.84,25.37,25.88,25.34,25.24,22771059,723227141.7714,25.7,0.48,4721999360,4721999000.0,150773406510.8,150773400000.0
2016-06-29,INTC,25.24,25.06,25.25,24.94,24.86,23693872,735346283.5184,25.12,0.5,4721999360,4721999000.0,147279174204.4,147279100000.0
2016-06-28,INTC,24.86,25.42,25.42,24.64,25.53,35454032,1090913686.5578,24.9,0.75,4721999360,4721999000.0,145059829783.2,145059800000.0
2016-06-25,INTC,25.53,25.74,26.16,25.41,26.7,38094301,1209673099.9647,25.7,0.81,4721999360,4721999000.0,148979098696.0,148979000000.0
2016-06-24,INTC,26.7,26.37,26.71,26.3,26.13,22048786,722737310.6355,26.53,0.47,4721999360,4721999000.0,155778787218.4,155778700000.0
2016-06-23,INTC,26.13,26.14,26.41,26.1,26.16,18304758,593711164.7784,26.25,0.39,4721999360,4721999000.0,152473331002.4,152473300000.0
2016-06-22,INTC,26.16,26.11,26.2,25.97,26.04,15476450,499158970.3716,26.1,0.33,4721999360,4721999000.0,152615057091.19,152615000000.0
2016-06-21,INTC,26.04,25.95,26.25,25.91,25.7,21961579,708465011.7036,26.11,0.47,4721999360,4721999000.0,151906714689.2,151906600000.0
2016-06-18,INTC,25.7,25.68,25.74,25.47,25.65,27047860,857722911.0094,25.66,0.57,4721999360,4721999000.0,149970676063.6,149970600000.0
2016-06-17,INTC,25.65,25.45,25.71,25.27,25.58,18547852,584454037.9705,25.5,0.39,4721999360,4721999000.0,149640173884.4,149640100000.0
2016-06-16,INTC,25.58,26.1,26.11,25.57,26.01,23783274,755375903.9923,25.7,0.5,4721999360,4721999000.0,149262404491.6,149262400000.0
2016-06-15,INTC,26.01,25.91,26.09,25.73,26.04,18754278,600487751.0328,25.91,0.4,4721999360,4721999000.0,151765059430.4,151765000000.0
2016-06-14,INTC,26.04,25.94,26.3,25.93,25.93,23004833,743129905.4043,26.14,0.49,4721999360,4721999000.0,151906714689.2,151906600000.0
2016-06-11,INTC,25.93,25.66,26.09,25.61,25.85,35749114,1144325671.4759,25.91,0.76,4721999360,4721999000.0,151292831162.4,151292800000.0
2016-06-10,INTC,25.85,25.64,25.9,25.64,25.81,11276766,359311673.9954,25.79,0.24,4721999360,4721999000.0,150820673724.4,150820600000.0
2016-06-09,INTC,25.81,25.74,25.9,25.73,25.8,12732090,406554782.7634,25.84,0.27,4721999360,4721999000.0,150584559590.4,150584500000.0
2016-06-08,INTC,25.8,25.7,25.91,25.66,25.64,19339090,617147028.8146,25.83,0.41,4721999360,4721999000.0,150537363206.8,150537300000.0
2016-06-07,INTC,25.64,25.61,25.75,25.56,25.59,15139602,480075265.4598,25.66,0.32,4721999360,4721999000.0,149592906670.8,149592900000.0
2016-06-04,INTC,25.59,25.69,25.69,25.41,25.7,15777540,498101639.5069,25.55,0.33,4721999360,4721999000.0,149309600875.2,149309600000.0
2016-06-03,INTC,25.7,25.54,25.7,25.45,25.62,14140129,447735872.6818,25.63,0.3,4721999360,4721999000.0,149970676063.6,149970600000.0
2016-06-02,INTC,25.62,25.59,25.67,25.47,25.57,17753532,561640210.5075,25.6,0.38,4721999360,4721999000.0,149498518625.6,149498500000.0
2016-06-01,INTC,25.57,25.5,25.61,25.34,25.55,23040219,725241673.6677,25.48,0.49,4721999360,4721999000.0,149167945616.4,149167900000.0
2016-05-28,INTC,25.55,25.57,25.61,25.45,25.49,13341297,420704419.5741,25.52,0.28,4721999360,4721999000.0,149073557571.19,149073500000.0
2016-05-27,INTC,25.49,25.49,25.6,25.41,25.4,12692301,400152800.9333,25.52,0.27,4721999360,4721999000.0,148695788178.4,148695800000.0
2016-05-26,INTC,25.4,25.25,25.55,25.21,25.14,18423836,578517625.4703,25.41,0.39,4721999360,4721999000.0,148223559910.4,148223500000.0
2016-05-25,INTC,25.14,24.68,25.19,24.64,24.47,23699231,733621687.4159,25.05,0.5,4721999360,4721999000.0,146665290677.6,146665300000.0
2016-05-24,INTC,24.47,24.47,24.67,24.38,24.4,20881907,632989195.801,24.53,0.44,4721999360,4721999000.0,142746021764.8,142746000000.0
2016-05-21,INTC,24.4,24.06,24.59,24.04,23.98,22777250,686267199.4295,24.38,0.48,4721999360,4721999000.0,142368252372.0,142368200000.0
2016-05-20,INTC,23.98,24.09,24.22,23.87,24.27,21740872,644695013.2348,24.0,0.46,4721999360,4721999000.0,139912864646.8,139912800000.0
2016-05-19,INTC,24.27,24.3,24.48,24.1,24.26,22469946,674873615.6069,24.31,0.48,4721999360,4721999000.0,141612789138.4,141612800000.0
2016-05-18,INTC,24.26,24.74,24.74,24.17,24.6,25709903,774598318.6749,24.38,0.54,4721999360,4721999000.0,141565521924.8,141565500000.0
2016-05-17,INTC,24.6,24.2,24.73,24.18,24.21,21826071,662689824.6537,24.57,0.46,4721999360,4721999000.0,143501560550.4,143501500000.0
2016-05-14,INTC,24.21,24.17,24.44,24.15,24.09,19999590,599611747.7072,24.26,0.42,4721999360,4721999000.0,141235019745.6,141234900000.0
2016-05-13,INTC,24.09,24.37,24.47,23.93,24.33,20826696,621254031.1911,24.14,0.44,4721999360,4721999000.0,140526677343.6,140526600000.0
2016-05-12,INTC,24.33,24.41,24.48,24.26,24.39,15754235,473926853.1587,24.35,0.33,4721999360,4721999000.0,141943291317.6,141943300000.0
2016-05-11,INTC,24.39,24.28,24.43,24.13,24.12,17013817,510691784.1756,24.29,0.36,4721999360,4721999000.0,142321060710.4,142321000000.0
2016-05-10,INTC,24.12,24.34,24.42,24.09,24.31,16888274,504474834.2424,24.18,0.36,4721999360,4721999000.0,140715599816.0,140715600000.0
2016-05-07,INTC,24.31,23.96,24.37,23.89,24.2,19632200,586421823.9376,24.17,0.42,4721999360,4721999000.0,141848832442.4,141848800000.0
2016-05-06,INTC,24.2,24.17,24.3,24.08,24.16,23393270,698895018.5863,24.18,0.5,4721999360,4721999000.0,141187752532.0,141187700000.0
2016-05-05,INTC,24.16,24.42,24.45,24.04,24.36,23278778,695970328.1792,24.2,0.49,4721999360,4721999000.0,140951713950.0,140951600000.0
2016-05-04,INTC,24.36,24.4,24.52,24.14,24.56,27111149,821117945.3222,24.3,0.57,4721999360,4721999000.0,143359905291.6,143359900000.0
2016-05-03,INTC,24.56,24.43,24.63,24.36,24.3,21086633,643656799.2586,24.49,0.45,4721999360,4721999000.0,144540405131.6,144540400000.0
2016-04-30,INTC,24.3,24.76,24.77,24.15,24.96,36443747,1105805472.2466,24.35,0.77,4721999360,4721999000.0,142982135898.8,142982100000.0
2016-04-29,INTC,24.96,25.24,25.44,24.9,25.48,25146391,789204393.7004,25.18,0.53,4721999360,4721999000.0,146901404811.6,146901400000.0
2016-04-28,INTC,25.48,25.07,25.52,25.03,25.2,20006239,631228970.4698,25.32,0.42,4721999360,4721999000.0,149923479680.0,149923400000.0
2016-04-27,INTC,25.2,25.19,25.44,25.01,25.19,20976364,658137594.7964,25.18,0.44,4721999360,4721999000.0,148270751572.0,148270700000.0
2016-04-26,INTC,25.19,25.16,25.28,25.03,25.39,19315711,605489612.0327,25.15,0.41,4721999360,4721999000.0,148223559910.4,148223500000.0
2016-04-23,INTC,25.39,25.47,25.56,25.05,25.65,29625641,934538090.1604,25.31,0.63,4721999360,4721999000.0,149404059750.4,149404000000.0
2016-04-22,INTC,25.65,25.63,25.72,25.52,25.68,28431360,908677751.8694,25.64,0.6,4717399040,4717399000.0,150815256743.6,150815300000.0
2016-04-21,INTC,25.68,25.13,25.89,25.07,25.36,57629790,1840343893.2512,25.62,1.22,4717399040,4717399000.0,150956769280.0,150956800000.0
2016-04-20,INTC,25.36,25.44,25.52,25.2,25.4,33619313,1061953444.9381,25.35,0.71,4717399040,4717399000.0,149069842685.79,149069800000.0
2016-04-19,INTC,25.4,25.22,25.45,25.18,25.24,21566598,681336147.936,25.35,0.46,4717399040,4717399000.0,149305651311.61,149305600000.0
2016-04-16,INTC,25.24,25.51,25.58,25.18,25.52,28782770,910732952.7975,25.39,0.61,4717399040,4717399000.0,148409406820.19,148409400000.0
2016-04-15,INTC,25.52,25.5,25.58,25.32,25.78,21620895,686679517.0955,25.48,0.46,4717399040,4717399000.0,150013308341.6,150013300000.0
2016-04-14,INTC,25.78,25.65,25.82,25.64,25.56,19968075,640763585.8412,25.75,0.42,4717399040,4717399000.0,151570054742.2,151570000000.0
2016-04-13,INTC,25.56,25.58,25.63,25.18,25.41,16774211,532606293.4697,25.48,0.36,4717399040,4717399000.0,150296338131.8,150296300000.0
2016-04-12,INTC,25.41,25.6,25.95,25.4,25.38,19707684,630273314.234,25.66,0.42,4717399040,4717399000.0,149400022879.4,149400000000.0
2016-04-09,INTC,25.38,25.48,25.69,25.26,25.32,17031883,540154161.8675,25.45,0.36,4717399040,4717399000.0,149211355222.2,149211300000.0
2016-04-08,INTC,25.32,25.59,25.6,25.15,25.74,23738227,747868260.1572,25.28,0.5,4717399040,4717399000.0,148833958581.6,148833900000.0
2016-04-07,INTC,25.74,25.65,25.86,25.49,25.6,15740606,503400367.7078,25.66,0.33,4717399040,4717399000.0,151334170638.0,151334100000.0
2016-04-06,INTC,25.6,25.59,25.77,25.45,25.68,20080012,640821595.5209,25.61,0.43,4717399040,4717399000.0,150485001071.61,150484900000.0
2016-04-05,INTC,25.68,25.84,25.98,25.47,26.04,21581633,690808540.9521,25.68,0.46,4717399040,4717399000.0,150956769280.0,150956800000.0
2016-04-02,INTC,26.04,25.89,26.05,25.76,25.96,18049696,583817453.2194,25.95,0.38,4717399040,4717399000.0,153079584695.8,153079500000.0
2016-04-01,INTC,25.96,26.1,26.21,25.93,26.25,17879997,580216773.6882,26.04,0.38,4717399040,4717399000.0,152607891965.79,152607800000.0
2016-03-31,INTC,26.25,26.04,26.28,25.91,25.98,16598020,541525357.316,26.18,0.35,4717399040,4717399000.0,154306155620.19,154306100000.0
2016-03-30,INTC,25.98,25.62,26.03,25.46,25.6,15313192,492965339.5024,25.83,0.32,4717399040,4717399000.0,152749404502.2,152749400000.0
2016-03-29,INTC,25.6,25.57,25.68,25.37,25.58,11433020,364406933.064,25.57,0.24,4717399040,4717399000.0,150485001071.61,150484900000.0
2016-03-25,INTC,25.58,25.57,25.64,25.44,25.68,14211907,452863809.3219,25.57,0.3,4717399040,4717399000.0,150390704982.2,150390700000.0
2016-03-24,INTC,25.68,26.05,26.05,25.66,25.93,18765321,601858395.2581,25.73,0.4,4717399040,4717399000.0,150956769280.0,150956800000.0
2016-03-23,INTC,25.93,25.8,26.05,25.64,25.95,22200450,717163359.0005,25.92,0.47,4717399040,4717399000.0,152466374711.99,152466300000.0
2016-03-22,INTC,25.95,25.86,26.01,25.64,26.22,21760872,700946063.2971,25.85,0.46,4717399040,4717399000.0,152560670801.4,152560600000.0
2016-03-19,INTC,26.22,25.8,26.23,25.72,25.66,49934247,1622853140.5191,26.08,1.06,4723998720,4723998000.0,154380245101.61,154380200000.0
2016-03-18,INTC,25.66,25.48,25.81,25.44,25.43,22865286,731634389.64,25.67,0.48,4723998720,4723998000.0,151073460169.61,151073400000.0
2016-03-17,INTC,25.43,25.27,25.51,25.01,25.4,26298415,828252827.6744,25.27,0.56,4723998720,4723998000.0,149703533608.8,149703500000.0
2016-03-16,INTC,25.4,25.15,25.4,24.92,25.22,16927747,531426286.8409,25.19,0.36,4723998720,4723998000.0,149514531144.01,149514500000.0
2016-03-15,INTC,25.22,25.4,25.43,25.11,25.48,17438583,549618726.0899,25.29,0.37,4723998720,4723998000.0,148475246701.61,148475200000.0
2016-03-12,INTC,25.48,25.41,25.51,25.3,25.07,22811231,723196021.6871,25.44,0.48,4723998720,4723998000.0,150034175727.21,150034100000.0
2016-03-11,INTC,25.07,24.99,25.2,24.38,24.77,29584840,916121108.2015,24.85,0.63,4723998720,4723998000.0,147624960000.0,147624900000.0
2016-03-10,INTC,24.77,24.74,24.91,24.61,24.52,14707805,453729827.589,24.75,0.31,4723998720,4723998000.0,145806248836.79,145806200000.0
2016-03-09,INTC,24.52,24.74,24.78,24.38,24.83,19104930,585791638.1987,24.6,0.4,4723998720,4723998000.0,144365391435.2,144365300000.0
2016-03-08,INTC,24.83,24.55,24.97,24.47,24.58,18879950,582737265.3699,24.77,0.4,4723998720,4723998000.0,146160534568.8,146160500000.0
2016-03-05,INTC,24.58,24.47,24.76,24.11,24.54,20356844,621390688.4861,24.49,0.43,4723998720,4723998000.0,144696104413.59,144696100000.0
2016-03-04,INTC,24.54,24.98,25.15,24.5,24.5,25625211,788231362.2339,24.68,0.54,4723998720,4723998000.0,144459890305.6,144459800000.0
2016-03-03,INTC,24.5,24.31,24.77,24.17,24.37,23779774,726574515.1866,24.52,0.5,4723998720,4723998000.0,144270892564.81,144270800000.0
2016-03-02,INTC,24.37,24.02,24.5,23.87,23.74,25502567,771360817.0062,24.27,0.54,4723998720,4723998000.0,143467822230.41,143467800000.0
2016-03-01,INTC,23.74,23.85,24.18,23.73,23.91,22903079,682282585.9915,23.9,0.48,4723998720,4723998000.0,139783107952.8,139783100000.0
2016-02-27,INTC,23.91,23.98,24.14,23.83,23.77,19902219,594630418.9811,23.97,0.42,4723998720,4723998000.0,140775180751.99,140775100000.0
2016-02-26,INTC,23.77,23.53,23.77,23.23,23.42,17571438,515904413.1123,23.56,0.37,4723998720,4723998000.0,139924823190.41,139924800000.0
2016-02-25,INTC,23.42,22.88,23.51,22.77,23.11,21593602,623163368.4118,23.16,0.46,4723998720,4723998000.0,137893536808.8,137893500000.0
2016-02-24,INTC,23.11,23.51,23.55,22.95,23.55,26638208,768547037.0232,23.15,0.56,4723998720,4723998000.0,136051182031.99,136051100000.0
2016-02-23,INTC,23.55,23.36,23.7,23.27,23.04,23893145,701263973.002,23.55,0.51,4723998720,4723998000.0,138649395499.99,138649300000.0
2016-02-20,INTC,23.04,23.43,23.53,23.04,23.61,42056700,1219896514.0299,23.27,0.89,4723998720,4723998000.0,135626036319.19,135626000000.0
2016-02-19,INTC,23.61,23.69,23.88,23.57,23.65,20623258,610011161.8606,23.73,0.44,4723998720,4723998000.0,138980037618.4,138980000000.0
2016-02-18,INTC,23.65,23.16,23.77,23.05,23.09,27691727,811666865.5937,23.52,0.59,4723998720,4723998000.0,139216251726.4,139216200000.0
2016-02-17,INTC,23.09,23.07,23.23,22.76,22.98,30705227,879732234.7282,22.99,0.65,4723998720,4723998000.0,135956678437.6,135956600000.0
2016-02-13,INTC,22.98,22.92,23.02,22.58,22.64,19698997,561482441.9927,22.87,0.42,4723998720,4723998000.0,135295323340.8,135295300000.0
2016-02-12,INTC,22.64,22.33,22.8,22.21,22.65,28450211,799564843.7448,22.55,0.6,4723998720,4723998000.0,133311253326.4,133311200000.0
2016-02-11,INTC,22.65,23.17,23.27,22.62,23.12,27267782,777690585.6565,22.88,0.58,4723998720,4723998000.0,133358464969.61,133358400000.0
2016-02-10,INTC,23.12,22.86,23.39,22.8,23.12,22902625,658791557.5441,23.08,0.48,4723998720,4723998000.0,136098393675.2,136098300000.0
2016-02-09,INTC,23.12,23.06,23.25,22.71,23.3,28725930,822509438.7863,22.97,0.61,4723998720,4723998000.0,136145680902.39,136145600000.0
2016-02-06,INTC,23.3,23.73,23.88,23.2,23.89,27957540,817545623.6111,23.46,0.59,4723998720,4723998000.0,137184894484.81,137184800000.0
2016-02-05,INTC,23.89,23.38,23.98,23.36,23.54,29257840,865426426.712,23.73,0.62,4718999040,4718999000.0,140484625015.8,140484600000.0
2016-02-04,INTC,23.54,23.85,23.85,22.88,23.7,44660059,1297745571.0799,23.32,0.95,4718999040,4718999000.0,138455417676.6,138455400000.0
2016-02-03,INTC,23.7,24.22,24.25,23.57,24.51,24994282,748043993.2366,23.8,0.53,4718999040,4718999000.0,140626190268.0,140626100000.0
2016-02-02,INTC,24.51,24.43,24.75,24.37,24.67,19015122,586698164.6339,24.54,0.4,4718999040,4718999000.0,145439588164.79,145439600000.0
2016-01-30,INTC,24.67,24.03,24.68,23.94,23.84,38311356,1174281411.0674,24.38,0.81,4718999040,4718999000.0,146383373815.8,146383300000.0
2016-01-29,INTC,23.84,23.88,24.0,23.66,23.71,22028141,660617362.1758,23.85,0.47,4718999040,4718999000.0,141428410666.8,141428300000.0
2016-01-28,INTC,23.71,23.77,24.04,23.58,23.81,26384137,789012366.5417,23.79,0.56,4718999040,4718999000.0,140673351944.4,140673300000.0
2016-01-27,INTC,23.81,23.55,23.9,23.55,23.54,24754950,740937759.6704,23.81,0.52,4718999040,4718999000.0,141286845414.6,141286800000.0
2016-01-26,INTC,23.54,23.85,24.03,23.52,23.8,26440977,790043225.1535,23.77,0.56,4718999040,4718999000.0,139682404616.99,139682300000.0
2016-01-23,INTC,23.8,23.96,24.05,23.47,23.59,25326489,755466423.6829,23.73,0.54,4718999040,4718999000.0,141216065148.0,141216000000.0
2016-01-22,INTC,23.59,23.58,23.89,23.26,23.54,30157375,895408441.4984,23.62,0.64,4718999040,4718999000.0,139965530402.4,139965500000.0
2016-01-21,INTC,23.54,23.34,23.76,23.23,23.7,39598192,1169639713.8294,23.49,0.84,4718999040,4718999000.0,139635167436.6,139635100000.0
2016-01-20,INTC,23.7,23.85,23.91,23.45,23.67,28878110,861754423.9304,23.74,0.61,4718999040,4718999000.0,140626190268.0,140626100000.0
2016-01-16,INTC,23.67,23.65,24.26,23.42,26.04,76373938,2284826099.633,23.8,1.62,4718999040,4718999000.0,140437387835.4,140437400000.0
2016-01-15,INTC,26.04,25.43,26.14,25.29,25.38,48728153,1580458903.6734,25.8,1.03,4718999040,4718999000.0,154500056883.59,154500000000.0
2016-01-14,INTC,25.38,26.06,26.19,25.32,25.99,34445692,1112196522.6926,25.68,0.73,4718999040,4718999000.0,150583278242.4,150583300000.0
2016-01-13,INTC,25.99,26.06,26.16,25.67,25.5,28587696,931109777.8534,25.91,0.61,4718999040,4718999000.0,154216855594.21,154216800000.0
2016-01-12,INTC,25.5,25.3,25.63,25.2,25.06,27732434,886095638.1944,25.41,0.59,4718999040,4718999000.0,151291099784.4,151291100000.0
2016-01-09,INTC,25.06,25.52,25.63,25.0,25.33,29953840,953571570.1557,25.32,0.63,4718999040,4718999000.0,148695636155.4,148695600000.0
2016-01-08,INTC,25.33,25.68,26.25,25.33,26.31,37680520,1216131096.1739,25.67,0.8,4718999040,4718999000.0,150252915276.6,150252800000.0
2016-01-07,INTC,26.31,26.45,26.66,26.09,26.91,25491254,845692667.9794,26.39,0.54,4718999040,4718999000.0,156104497681.2,156104400000.0
2016-01-06,INTC,26.91,27.01,27.04,26.67,27.04,16709512,563581695.8004,26.83,0.35,4718999040,4718999000.0,159643746961.2,159643700000.0
2016-01-05,INTC,27.04,26.95,27.05,26.61,27.4,27882192,940770419.346,26.84,0.59,4718999040,4718999000.0,160398805683.59,160398800000.0
2016-01-01,INTC,27.4,27.7,27.81,27.39,27.83,14736688,510025100.2231,27.53,0.31,4718999040,4718999000.0,162569502771.0,162569400000.0
2015-12-31,INTC,27.83,28.14,28.2,27.79,28.19,11566786,405968672.2701,27.92,0.25,4718999040,4718999000.0,165117804723.59,165117800000.0
2015-12-30,INTC,28.19,27.85,28.31,27.85,27.78,14188583,502776737.7456,28.18,0.3,4718999040,4718999000.0,167241340134.6,167241300000.0
2015-12-29,INTC,27.78,27.8,27.84,27.5,27.82,9449391,328841575.4716,27.68,0.2,4718999040,4718999000.0,164834603434.21,164834600000.0
2015-12-25,INTC,27.82,27.89,28.05,27.81,27.84,5893789,206884983.811,27.92,0.12,4718999040,4718999000.0,165070567543.2,165070500000.0
2015-12-24,INTC,27.84,27.8,27.88,27.66,27.62,12526532,437882538.364,27.8,0.27,4718999040,4718999000.0,165164966400.0,165164900000.0
2015-12-23,INTC,27.62,27.33,27.66,27.26,27.23,18421969,638299193.1751,27.56,0.39,4718999040,4718999000.0,163890817783.2,163890800000.0
2015-12-22,INTC,27.23,27.13,27.28,26.9,26.94,18006805,613951109.9115,27.12,0.38,4718999040,4718999000.0,161578555443.59,161578500000.0
2015-12-19,INTC,26.94,27.62,27.64,26.93,27.77,41336633,1413580282.018,27.2,0.88,4718999040,4718999000.0,159808930803.59,159808900000.0
2015-12-18,INTC,27.77,28.09,28.13,27.65,28.08,24963559,875741520.713,27.9,0.53,4718999040,4718999000.0,164740275362.4,164740300000.0
2015-12-17,INTC,28.08,28.12,28.21,27.66,27.98,23257891,817091714.5811,27.94,0.49,4718999040,4718999000.0,166580684988.0,166580600000.0
2015-12-16,INTC,27.98,27.56,28.12,27.55,27.42,24365864,854822611.7099,27.9,0.52,4718999040,4718999000.0,166014353194.21,166014300000.0
2015-12-15,INTC,27.42,27.35,27.43,26.95,27.26,19528028,668334963.3711,27.22,0.41,4718999040,4718999000.0,162663906346.8,162663800000.0
2015-12-12,INTC,27.26,27.29,27.56,27.2,27.66,21251422,731352960.8946,27.37,0.45,4718999040,4718999000.0,161720120695.8,161720100000.0
2015-12-11,INTC,27.66,27.72,27.89,27.57,27.69,17400747,606485705.541,27.72,0.37,4718999040,4718999000.0,164079620215.8,164079600000.0
2015-12-10,INTC,27.69,27.74,28.01,27.45,27.64,22548301,785057363.7818,27.69,0.48,4718999040,4718999000.0,164268347144.4,164268300000.0
2015-12-09,INTC,27.64,27.58,27.8,27.38,27.83,13380231,464692719.8233,27.62,0.28,4718999040,4718999000.0,163985216640.0,163985200000.0
2015-12-08,INTC,27.83,27.67,27.97,27.64,27.79,17731887,620522172.3902,27.83,0.38,4718999040,4718999000.0,165094186133.4,165094100000.0
2015-12-05,INTC,27.79,27.13,27.86,27.04,27.08,24900993,865294690.6592,27.64,0.53,4718999040,4718999000.0,164858222024.4,164858100000.0
2015-12-04,INTC,27.08,27.81,27.83,27.04,27.7,30131055,1035932969.6358,27.35,0.64,4718999040,4718999000.0,160634699007.61,160634600000.0
2015-12-03,INTC,27.7,27.91,28.16,27.68,27.91,18688180,655198153.2691,27.89,0.4,4718999040,4718999000.0,164362746001.2,164362700000.0
2015-12-02,INTC,27.91,27.84,28.0,27.61,27.66,23560239,824273691.805,27.83,0.5,4718999040,4718999000.0,165589662156.6,165589600000.0
2015-12-01,INTC,27.66,27.48,27.76,27.39,27.41,21785790,756574867.2557,27.62,0.46,4718999040,4718999000.0,164079620215.8,164079600000.0
2015-11-28,INTC,27.41,27.47,27.58,27.36,27.4,6620856,228622090.4685,27.47,0.14,4718999040,4718999000.0,162616739951.39,162616700000.0
2015-11-26,INTC,27.4,27.25,27.63,27.15,27.33,17939407,619209021.9605,27.45,0.38,4718999040,4718999000.0,162569502771.0,162569400000.0
2015-11-25,INTC,27.33,27.31,27.39,26.96,27.43,21413536,732418028.4708,27.21,0.45,4718999040,4718999000.0,162144811733.4,162144800000.0
2015-11-24,INTC,27.43,27.57,27.72,27.37,27.57,20152860,697147946.4386,27.51,0.43,4718999040,4718999000.0,162711068023.2,162711000000.0
2015-11-21,INTC,27.57,27.43,28.07,27.43,27.28,41137747,1431663406.3567,27.68,0.87,4718999040,4718999000.0,163560525602.4,163560400000.0
2015-11-20,INTC,27.28,26.42,27.62,26.35,26.38,45381551,1547687786.3858,27.13,0.96,4718999040,4718999000.0,161861685948.0,161861600000.0
2015-11-19,INTC,26.38,26.03,26.44,25.95,25.96,18619762,613050040.6819,26.19,0.39,4718999040,4718999000.0,156482027042.4,156481900000.0
2015-11-18,INTC,25.96,25.57,26.15,25.46,25.53,22636379,737033550.8716,25.9,0.48,4718999040,4718999000.0,154028128665.6,154028100000.0
2015-11-17,INTC,25.53,25.52,25.66,25.4,25.54,29899661,959997385.6253,25.54,0.63,4718999040,4718999000.0,151479902216.99,151479800000.0
2015-11-14,INTC,25.54,25.67,25.75,25.42,25.77,23673176,761049854.6441,25.57,0.5,4718999040,4718999000.0,151527063893.4,151527000000.0
2015-11-13,INTC,25.77,26.02,26.18,25.76,26.14,23265391,758935759.7944,25.95,0.49,4718999040,4718999000.0,152895540582.01,152895500000.0
2015-11-12,INTC,26.14,26.38,26.55,26.09,26.41,19864711,656485115.3741,26.29,0.42,4718999040,4718999000.0,155066313173.4,155066300000.0
2015-11-11,INTC,26.41,26.38,26.46,26.1,26.53,22451688,742165400.8586,26.29,0.48,4718999040,4718999000.0,156717991151.39,156717900000.0
2015-11-10,INTC,26.53,26.73,26.91,26.31,26.92,24168739,805331337.6293,26.5,0.51,4718999040,4718999000.0,157378651016.99,157378600000.0
2015-11-07,INTC,26.92,26.99,27.02,26.57,27.04,23701653,799032448.698,26.81,0.5,4718999040,4718999000.0,159690913356.6,159690800000.0
2015-11-06,INTC,27.04,27.12,27.2,26.83,27.16,16486059,560034721.4418,27.02,0.35,4718999040,4718999000.0,160445967360.0,160445900000.0
2015-11-05,INTC,27.16,27.26,27.26,26.96,27.1,20762063,707693748.5461,27.11,0.44,4718999040,4718999000.0,161153788902.01,161153800000.0
2015-11-04,INTC,27.1,26.85,27.18,26.84,26.94,18167032,621999081.0404,27.04,0.38,4718999040,4718999000.0,161908847624.4,161908800000.0
2015-11-03,INTC,26.94,26.64,27.08,26.57,26.74,21743086,739932458.4833,26.88,0.46,4718999040,4718999000.0,160965061973.4,160965000000.0
2015-10-31,INTC,26.74,26.93,27.08,26.74,26.88,24693856,838862758.7173,26.83,0.52,4718999040,4718999000.0,159785312213.4,159785300000.0
2015-10-30,INTC,26.88,27.01,27.08,26.67,27.41,21325188,726250602.528,26.9,0.45,4718999040,4718999000.0,160587532612.2,160587500000.0
2015-10-29,INTC,27.41,27.23,27.41,26.95,27.23,21908368,754901017.8496,27.22,0.46,4718999040,4718999000.0,163796489711.39,163796400000.0
2015-10-28,INTC,27.23,27.18,27.29,27.1,27.32,22630110,778982562.6833,27.19,0.48,4718999040,4718999000.0,162663906346.8,162663800000.0
2015-10-27,INTC,27.32,27.46,27.61,27.29,27.56,22646899,786171132.7212,27.42,0.48,4718999040,4718999000.0,163230162636.6,163230100000.0
2015-10-24,INTC,27.56,27.28,27.67,27.17,27.17,42796629,1489254257.3902,27.48,0.91,4718999040,4718999000.0,164693038182.01,164693000000.0
2015-10-23,INTC,27.17,26.62,27.25,26.53,26.36,39572645,1353700763.1515,27.02,0.84,4718999040,4718999000.0,162333538662.01,162333500000.0
2015-10-22,INTC,26.36,26.59,26.89,26.32,26.41,32005293,1078709659.8119,26.62,0.68,4718999040,4718999000.0,157472979088.8,157472900000.0
2015-10-21,INTC,26.41,26.38,26.61,26.31,26.53,24416141,817948194.8391,26.46,0.52,4718999040,4718999000.0,157803342054.6,157803300000.0
2015-10-20,INTC,26.53,25.97,26.55,25.96,26.1,37624028,1258941589.055,26.43,0.8,4718999040,4718999000.0,158511163596.6,158511100000.0
2015-10-17,INTC,26.1,25.87,26.22,25.65,25.87,29371313,968052247.8975,26.03,0.62,4718999040,4718999000.0,155915699967.61,155915600000.0
2015-10-16,INTC,25.87,25.94,26.11,25.64,25.91,37634790,1231816972.7059,25.85,0.79,4753999360,4753999000.0,155693479040.0,155693400000.0
2015-10-15,INTC,25.91,24.79,26.01,24.37,25.31,75954813,2427508227.9987,25.24,1.6,4753999360,4753999000.0,155931198024.0,155931100000.0
2015-10-14,INTC,25.31,25.29,25.65,25.26,25.44,35588606,1145480033.8604,25.42,0.75,4753999360,4753999000.0,152318110970.4,152318100000.0
2015-10-13,INTC,25.44,25.4,25.53,25.27,25.38,18795024,604100169.9209,25.39,0.4,4753999360,4753999000.0,153126352663.6,153126300000.0
2015-10-10,INTC,25.38,25.57,25.71,25.23,25.69,24209922,778687979.6278,25.4,0.51,4753999360,4753999000.0,152793539430.4,152793400000.0
2015-10-09,INTC,25.69,25.46,25.75,25.26,25.52,27794649,897133639.2653,25.49,0.58,4753999360,4753999000.0,154600082957.2,154600100000.0
2015-10-08,INTC,25.52,25.27,25.61,25.05,25.07,36930071,1185665706.6446,25.36,0.78,4753999360,4753999000.0,153625503580.4,153625400000.0
2015-10-07,INTC,25.07,24.61,25.16,24.57,24.65,35530196,1123638682.2992,24.98,0.75,4753999360,4753999000.0,150891968210.4,150891900000.0
2015-10-06,INTC,24.65,24.27,24.78,24.14,24.1,34842512,1085361600.371,24.6,0.73,4753999360,4753999000.0,148372353303.6,148372300000.0
2015-10-03,INTC,24.1,23.43,24.11,23.32,23.69,27901454,840140486.0838,23.78,0.59,4753999360,4753999000.0,145044496703.6,145044400000.0
2015-10-02,INTC,23.69,23.86,23.92,23.27,23.81,29832844,888959234.6762,23.54,0.63,4753999360,4753999000.0,142619980800.0,142619900000.0
2015-10-01,INTC,23.81,23.35,23.95,23.33,23.09,41051715,1233821527.7361,23.74,0.86,4753999360,4753999000.0,143285540710.4,143285500000.0
2015-09-30,INTC,23.09,22.77,23.18,22.72,22.72,34169563,994618129.8598,22.99,0.72,4753999360,4753999000.0,139006969810.4,139006900000.0
2015-09-29,INTC,22.72,22.65,23.19,22.62,22.75,42290969,1224209240.0608,22.86,0.89,4753999360,4753999000.0,136724997823.6,136724900000.0
2015-09-26,INTC,22.75,22.86,23.0,22.61,22.49,29192321,842545645.1237,22.8,0.61,4753999360,4753999000.0,136962712053.6,136962700000.0
2015-09-25,INTC,22.49,22.42,22.64,22.01,22.7,32754743,925780318.1899,22.32,0.69,4753999360,4753999000.0,135393882756.8,135393800000.0
2015-09-24,INTC,22.7,22.92,22.98,22.58,22.64,25983954,747761083.3891,22.73,0.55,4753999360,4753999000.0,136629970130.4,136629900000.0
2015-09-23,INTC,22.64,22.64,22.83,22.49,23.03,28576223,819009067.9013,22.64,0.6,4753999360,4753999000.0,136297156897.2,136297100000.0
2015-09-22,INTC,23.03,22.98,23.17,22.86,22.92,24417129,711627653.1904,23.02,0.51,4753999360,4753999000.0,138626640353.6,138626600000.0
2015-09-19,INTC,22.92,23.08,23.24,22.75,23.47,60693434,1767708343.2434,23.0,1.28,4753999360,4753999000.0,137961085197.2,137961000000.0
2015-09-18,INTC,23.47,23.39,23.85,23.34,23.51,29805247,888390213.9265,23.54,0.63,4753999360,4753999000.0,141241354263.6,141241300000.0
2015-09-17,INTC,23.51,23.39,23.53,23.22,23.48,25957758,770190015.8844,23.43,0.55,4753999360,4753999000.0,141526584717.2,141526500000.0
2015-09-16,INTC,23.48,23.35,23.64,23.28,23.21,29819024,887154639.2741,23.5,0.63,4753999360,4753999000.0,141336381956.8,141336300000.0
2015-09-15,INTC,23.21,23.28,23.32,22.98,23.28,24065075,705696147.447,23.16,0.51,4753999360,4753999000.0,139720041190.4,139720000000.0
2015-09-12,INTC,23.28,22.97,23.32,22.94,23.12,21786879,638562421.1161,23.15,0.46,4753999360,4753999000.0,140100370647.2,140100300000.0
2015-09-11,INTC,23.12,23.05,23.43,22.82,23.09,25195774,738528449.1784,23.15,0.53,4753999360,4753999000.0,139149585037.2,139149500000.0
2015-09-10,INTC,23.09,23.47,23.79,23.04,23.3,30774098,909743792.7537,23.35,0.65,4753999360,4753999000.0,139006969810.4,139006900000.0
2015-09-09,INTC,23.3,22.89,23.3,22.87,22.53,27804973,816724008.0557,23.2,0.58,4753999360,4753999000.0,140242981120.0,140242900000.0
2015-09-05,INTC,22.53,22.57,22.83,22.44,22.97,29117536,832895441.1481,22.59,0.61,4753999360,4753999000.0,135584085517.2,135584100000.0
2015-09-04,INTC,22.97,22.75,23.24,22.66,22.59,38665922,1127304917.2441,23.03,0.81,4753999360,4753999000.0,138246310896.8,138246300000.0
2015-09-03,INTC,22.59,22.39,22.59,22.23,21.97,34618813,984358425.6987,22.46,0.73,4753999360,4753999000.0,135964414974.0,135964400000.0
2015-09-02,INTC,21.97,22.04,22.25,21.85,22.54,44143954,1231395817.5498,22.03,0.93,4753999360,4753999000.0,132256300227.19,132256300000.0
2015-09-01,INTC,22.54,22.38,23.01,22.24,22.45,42401833,1216313328.329,22.66,0.89,4753999360,4753999000.0,135679113210.4,135679100000.0
2015-08-29,INTC,22.45,21.85,22.6,21.68,21.89,43452360,1231926418.4749,22.39,0.91,4753999360,4753999000.0,135108657057.2,135108600000.0
2015-08-28,INTC,21.89,21.89,22.04,21.33,21.56,38649418,1063396260.5596,21.73,0.81,4753999360,4753999000.0,131780871767.2,131780800000.0
2015-08-27,INTC,21.56,20.94,21.59,20.6,20.43,47386735,1265828015.1284,21.1,1.0,4753999360,4753999000.0,129784201544.0,129784100000.0
2015-08-26,INTC,20.43,21.36,21.44,20.43,20.73,59371860,1572012604.7077,20.91,1.25,4753999360,4753999000.0,122985944427.2,122985900000.0
2015-08-25,INTC,20.73,19.9,21.82,19.64,20.98,83234188,2201794224.8666,20.89,1.75,4753999360,4753999000.0,124792483200.0,124792400000.0
2015-08-22,INTC,20.98,21.59,21.82,20.98,21.74,52288395,1415237437.628,21.38,1.1,4753999360,4753999000.0,126266213493.6,126266200000.0
2015-08-21,INTC,21.74,22.14,22.3,21.74,22.4,31936567,888075959.1062,21.96,0.67,4753999360,4753999000.0,130877597626.8,130877600000.0
2015-08-20,INTC,22.4,22.63,22.74,22.34,22.83,30530145,869122947.7562,22.48,0.64,4753999360,4753999000.0,134823426603.6,134823400000.0
2015-08-19,INTC,22.83,22.87,22.94,22.75,22.97,19182637,554426108.3446,22.83,0.4,4753999360,4753999000.0,137438140513.6,137438100000.0
2015-08-18,INTC,22.97,22.77,23.06,22.68,22.92,15548321,451154699.9873,22.92,0.33,4753999360,4753999000.0,138246310896.8,138246300000.0
2015-08-15,INTC,22.92,22.84,22.94,22.76,22.8,14302700,413752782.1073,22.85,0.3,4753999360,4753999000.0,137961085197.2,137961000000.0
2015-08-14,INTC,22.8,23.22,23.26,22.8,23.27,18821946,547590658.1891,22.98,0.4,4753999360,4753999000.0,137247942507.2,137247900000.0
2015-08-13,INTC,23.27,22.64,23.36,22.64,22.88,33639473,982027178.005,23.06,0.71,4753999360,4753999000.0,140052854423.6,140052800000.0
2015-08-12,INTC,22.88,23.28,23.28,22.87,23.41,23758860,691088239.8949,22.97,0.5,4753999360,4753999000.0,137723370967.2,137723300000.0
2015-08-11,INTC,23.41,22.96,23.44,22.95,22.81,22807360,673243800.0909,23.31,0.48,4753999360,4753999000.0,140908541030.4,140908500000.0
2015-08-08,INTC,22.81,22.75,22.87,22.66,22.91,25606125,737717480.0505,22.76,0.54,4753999360,4753999000.0,137295525286.8,137295500000.0
2015-08-07,INTC,22.91,23.03,23.09,22.78,23.0,27958192,811209932.4065,22.92,0.59,4753999360,4753999000.0,137913497663.6,137913400000.0
2015-08-06,INTC,23.0,23.06,23.21,22.92,22.82,23622731,689299597.3282,23.05,0.5,4753999360,4753999000.0,138436442347.2,138436400000.0
2015-08-05,INTC,22.82,22.7,22.83,22.61,22.76,25741719,746710584.9248,22.72,0.54,4753999360,4753999000.0,138484025126.8,138483900000.0
2015-08-04,INTC,22.76,22.72,22.99,22.64,22.68,26213586,761425980.1148,22.75,0.55,4753999360,4753999000.0,138103700424.0,138103600000.0
2015-08-01,INTC,22.68,22.81,22.81,22.54,22.65,27158762,784624917.6024,22.63,0.57,4753999360,4753999000.0,137628267210.0,137628300000.0
2015-07-31,INTC,22.65,22.79,23.07,22.6,22.72,26582442,771470448.1478,22.73,0.56,4753999360,4753999000.0,137438140513.6,137438100000.0
2015-07-30,INTC,22.72,22.68,22.82,22.55,22.68,26470180,767224879.2696,22.7,0.56,4753999360,4753999000.0,137913497663.6,137913400000.0
2015-07-29,INTC,22.68,22.33,22.86,22.28,22.21,33182434,956709400.1485,22.58,0.7,4753999360,4753999000.0,137675854743.6,137675800000.0
2015-07-28,INTC,22.21,21.99,22.26,21.64,21.98,42161051,1190370982.151,22.12,0.89,4753999360,4753999000.0,134775915134.0,134775900000.0
2015-07-25,INTC,21.98,22.35,22.43,21.98,22.4,31621032,893635787.6297,22.14,0.67,4753999360,4753999000.0,133397212533.6,133397100000.0
2015-07-24,INTC,22.4,22.45,22.69,22.27,22.41,33775157,969016043.1366,22.47,0.71,4753999360,4753999000.0,135940621207.2,135940600000.0
2015-07-23,INTC,22.41,22.38,22.6,22.27,22.5,36387172,1040746111.867,22.4,0.77,4753999360,4753999000.0,135988132676.8,135988100000.0
2015-07-22,INTC,22.5,22.68,22.92,22.46,22.79,45190989,1307022641.2918,22.66,0.95,4753999360,4753999000.0,136534871127.2,136534800000.0
2015-07-21,INTC,22.79,23.2,23.2,22.77,23.08,33812938,987797408.8662,22.88,0.71,4753999360,4753999000.0,138341414654.0,138341400000.0
2015-07-18,INTC,23.08,23.23,23.34,22.79,23.42,43697633,1282722517.4796,22.99,0.92,4753999360,4753999000.0,140100370647.2,140100300000.0
2015-07-17,INTC,23.42,23.87,23.88,22.79,23.26,81166688,2415878174.1406,23.31,1.71,4744000000,4744000000.0,141845571536.0,141845500000.0
2015-07-16,INTC,23.26,23.23,23.49,23.08,23.23,47852543,1419406676.4576,23.23,1.01,4744000000,4744000000.0,140849374232.0,140849300000.0
2015-07-15,INTC,23.23,23.23,23.59,23.06,23.29,39778254,1181716299.4174,23.27,0.84,4744000000,4744000000.0,140659571536.0,140659500000.0
2015-07-14,INTC,23.29,22.93,23.36,22.87,22.85,26452360,782320822.9109,23.17,0.56,4744000000,4744000000.0,141039101024.0,141039100000.0
2015-07-11,INTC,22.85,22.87,22.99,22.67,22.66,31423801,917103569.3374,22.86,0.66,4744000000,4744000000.0,138382475256.0,138382400000.0
2015-07-10,INTC,22.66,23.28,23.41,22.58,23.11,47167805,1376856434.2974,22.87,0.99,4744000000,4744000000.0,137243886792.0,137243800000.0
2015-07-09,INTC,23.11,23.03,23.24,22.83,23.42,45223829,1330064738.9133,23.04,0.95,4744000000,4744000000.0,139948000000.0,139947900000.0
2015-07-08,INTC,23.42,23.4,23.44,22.79,23.53,43833715,1296325137.2955,23.17,0.92,4744000000,4744000000.0,141845571536.0,141845500000.0
2015-07-07,INTC,23.53,23.69,23.85,23.37,23.93,32468067,977532294.7344,23.58,0.68,4744000000,4744000000.0,142509731536.0,142509700000.0
2015-07-03,INTC,23.93,23.64,24.22,23.58,23.64,27105223,829636719.7944,23.98,0.57,4744000000,4744000000.0,144952886792.0,144952800000.0
2015-07-02,INTC,23.64,23.88,23.93,23.51,23.82,27178922,820102092.3178,23.64,0.57,4744000000,4744000000.0,143173886792.0,143173900000.0
2015-07-01,INTC,23.82,23.99,24.04,23.62,23.81,34412200,1046014119.4054,23.81,0.73,4744000000,4744000000.0,144288731536.0,144288700000.0
2015-06-30,INTC,23.81,24.05,24.27,23.74,24.3,35194454,1077133127.5885,23.97,0.74,4744000000,4744000000.0,144170160000.0,144170100000.0
2015-06-27,INTC,24.3,24.68,24.7,24.09,25.06,62157180,1932286346.0636,24.35,1.31,4744000000,4744000000.0,147158903720.0,147158900000.0
2015-06-26,INTC,25.06,25.08,25.32,25.06,25.0,22743274,730784537.6108,25.17,0.48,4744000000,4744000000.0,151760588464.0,151760600000.0
2015-06-25,INTC,25.0,25.18,25.18,24.97,25.13,23313891,745473205.101,25.05,0.49,4744000000,4744000000.0,151381058976.0,151381000000.0
2015-06-24,INTC,25.13,25.31,25.33,25.01,25.27,17995950,577014924.4241,25.12,0.38,4744000000,4744000000.0,152211273208.0,152211300000.0
2015-06-23,INTC,25.27,25.27,25.37,25.13,25.12,23608411,760542717.566,25.23,0.5,4744000000,4744000000.0,153041416280.0,153041400000.0
2015-06-20,INTC,25.12,25.38,25.51,25.04,25.36,39008379,1255750052.1173,25.22,0.82,4744000000,4744000000.0,152140117952.0,152140100000.0
2015-06-19,INTC,25.36,25.13,25.45,25.07,25.03,27722372,895729244.9804,25.31,0.58,4744000000,4744000000.0,153610743720.0,153610700000.0
2015-06-18,INTC,25.03,24.87,25.14,24.82,24.78,28194231,898891179.3882,24.97,0.59,4744000000,4744000000.0,151570785768.0,151570800000.0
2015-06-17,INTC,24.78,24.49,24.87,24.38,24.59,20254469,639273657.0428,24.72,0.43,4744000000,4744000000.0,150076416280.0,150076400000.0
2015-06-16,INTC,24.59,24.38,24.68,24.24,24.53,23174993,726084257.2365,24.54,0.49,4744000000,4744000000.0,148914160000.0,148914100000.0
2015-06-13,INTC,24.53,24.85,25.14,24.44,24.95,31629754,995546728.5583,24.65,0.67,4744000000,4744000000.0,148582117952.0,148582100000.0
2015-06-12,INTC,24.95,25.03,25.14,24.94,24.93,24293629,776208072.3674,25.03,0.51,4744000000,4744000000.0,151096433208.0,151096400000.0
2015-06-11,INTC,24.93,24.64,25.19,24.57,24.48,33336821,1062314638.3522,24.96,0.7,4744000000,4744000000.0,150954117952.0,150954100000.0
2015-06-10,INTC,24.48,24.54,24.8,24.4,24.52,33976735,1066645334.4792,24.59,0.72,4744000000,4744000000.0,148250000000.0,148249900000.0
2015-06-09,INTC,24.52,24.92,25.03,24.45,24.94,38171575,1200801139.149,24.64,0.8,4744000000,4744000000.0,148487218976.0,148487200000.0
2015-06-06,INTC,24.94,25.29,25.3,24.93,25.31,27778516,889726339.1833,25.09,0.59,4744000000,4744000000.0,151048945768.0,151048900000.0
2015-06-05,INTC,25.31,25.47,25.63,25.22,25.64,33761836,1094251625.4597,25.39,0.71,4744000000,4744000000.0,153278630512.0,153278600000.0
2015-06-04,INTC,25.64,25.98,26.04,25.53,26.06,38138692,1249793495.2324,25.67,0.8,4744000000,4744000000.0,155271101024.0,155271100000.0
2015-06-03,INTC,26.06,26.35,26.44,25.96,26.56,36351102,1211266156.8281,26.1,0.77,4744000000,4744000000.0,157832903720.0,157832900000.0
2015-06-02,INTC,26.56,26.92,27.09,26.38,26.99,46734504,1589192788.1688,26.64,0.99,4744000000,4744000000.0,160845315256.0,160845300000.0
2015-05-30,INTC,26.99,26.82,27.22,26.8,26.64,43545500,1500394864.718,26.99,0.92,4744000000,4744000000.0,163478273208.0,163478200000.0
2015-05-29,INTC,26.64,26.43,26.75,26.38,26.41,27065692,919692105.8972,26.62,0.57,4744000000,4744000000.0,161343416280.0,161343400000.0
2015-05-28,INTC,26.41,26.01,26.52,25.95,25.93,30172657,1014214459.565,26.33,0.64,4744000000,4744000000.0,159920273208.0,159920300000.0
2015-05-27,INTC,25.93,26.06,26.08,25.72,26.2,28594512,945071411.4261,25.89,0.6,4744000000,4744000000.0,157050101024.0,157050000000.0
2015-05-23,INTC,26.2,26.22,26.25,26.1,26.28,20845032,696849273.8448,26.19,0.44,4744000000,4744000000.0,158686785768.0,158686800000.0
2015-05-22,INTC,26.28,26.01,26.29,25.9,26.14,21269778,710310510.8945,26.16,0.45,4744000000,4744000000.0,159161218976.0,159161100000.0
2015-05-21,INTC,26.14,25.9,26.24,25.86,25.97,21359801,712231841.7249,26.12,0.45,4744000000,4744000000.0,158307261024.0,158307200000.0
2015-05-20,INTC,25.97,26.13,26.15,25.84,26.17,21867133,724243687.1838,25.94,0.46,4744000000,4744000000.0,157263571536.0,157263500000.0
2015-05-19,INTC,26.17,25.83,26.17,25.73,25.84,23689481,787068697.7785,26.03,0.5,4744000000,4744000000.0,158497058976.0,158497000000.0
2015-05-16,INTC,25.84,25.92,25.94,25.65,25.83,17149696,564869947.0175,25.8,0.36,4744000000,4744000000.0,156504588464.0,156504500000.0
2015-05-15,INTC,25.83,25.74,25.95,25.67,25.57,21098938,694758595.3215,25.79,0.44,4744000000,4744000000.0,156409689488.0,156409600000.0
2015-05-14,INTC,25.57,25.28,25.77,25.28,25.26,20470840,669105925.3679,25.6,0.43,4744000000,4744000000.0,154844160000.0,154844100000.0
2015-05-13,INTC,25.26,25.41,25.46,25.07,25.61,24530200,790534902.5812,25.24,0.52,4744000000,4744000000.0,152994000000.0,152993900000.0
2015-05-12,INTC,25.61,25.6,25.62,25.4,25.69,18358579,598116941.1706,25.52,0.39,4744000000,4744000000.0,155081374232.0,155081300000.0
2015-05-09,INTC,25.69,25.47,25.76,25.33,25.26,26926512,879123771.0675,25.57,0.57,4744000000,4744000000.0,155603218976.0,155603200000.0
2015-05-08,INTC,25.26,25.28,25.56,25.21,25.24,21475301,695578449.4232,25.37,0.45,4744000000,4744000000.0,152970261024.0,152970200000.0
2015-05-07,INTC,25.24,25.46,25.68,25.01,25.57,31985383,1029798448.4128,25.22,0.67,4744000000,4744000000.0,152851689488.0,152851600000.0
2015-05-06,INTC,25.57,25.85,25.93,25.51,26.0,29779184,975866718.4817,25.67,0.63,4744000000,4744000000.0,154844160000.0,154844100000.0
2015-05-05,INTC,26.0,25.87,26.05,25.84,25.99,21397274,714174845.7488,25.96,0.45,4744000000,4744000000.0,158591886792.0,158591900000.0
2015-05-02,INTC,25.99,25.38,26.04,25.37,25.31,27091250,899713822.6688,25.83,0.57,4744000000,4744000000.0,158544475256.0,158544400000.0
2015-05-01,INTC,25.31,25.44,25.55,25.12,25.57,22013325,716427998.75,25.31,0.46,4744000000,4744000000.0,154417218976.0,154417200000.0
2015-04-30,INTC,25.57,25.32,25.66,25.31,25.68,21819020,714143092.125,25.45,0.46,4744000000,4744000000.0,156006416280.0,156006400000.0
2015-04-29,INTC,25.68,25.12,25.7,25.07,25.28,29572821,966818174.5247,25.42,0.62,4744000000,4744000000.0,156646903720.0,156646900000.0
2015-04-28,INTC,25.28,24.95,25.42,24.95,24.95,25869583,840000804.1511,25.25,0.55,4744000000,4744000000.0,154180000000.0,154179900000.0
2015-04-25,INTC,24.95,25.21,25.26,24.9,25.16,22759911,732074836.066,25.01,0.48,4744000000,4744000000.0,152187529488.0,152187400000.0
2015-04-24,INTC,25.16,24.92,25.21,24.89,25.43,23775290,767428249.4101,25.1,0.5,4744000000,4744000000.0,153468433208.0,153468400000.0
2015-04-23,INTC,25.43,25.21,25.45,24.91,25.22,21144180,684028875.9167,25.16,0.45,4744000000,4744000000.0,155128785768.0,155128800000.0
2015-04-22,INTC,25.22,25.61,25.64,25.11,25.45,19023836,617646807.3167,25.25,0.4,4744000000,4744000000.0,153847886792.0,153847800000.0
2015-04-21,INTC,25.45,25.36,25.5,25.3,25.25,20649258,674956246.0134,25.42,0.44,4744000000,4744000000.0,155271101024.0,155271100000.0
2015-04-18,INTC,25.25,25.28,25.43,25.06,25.56,30593602,992808520.0518,25.24,0.64,4744000000,4744000000.0,154037689488.0,154037600000.0
2015-04-17,INTC,25.56,25.55,25.66,25.43,25.53,28903196,949519124.0332,25.55,0.61,4742179840,4742179000.0,155875432372.08,155875400000.0
2015-04-16,INTC,25.53,25.09,25.66,24.94,24.49,61083450,1995590630.7392,25.41,1.29,4742179840,4742179000.0,155685773631.56,155685800000.0
2015-04-15,INTC,24.49,24.64,24.84,24.32,24.68,39754020,1254525798.4681,24.54,0.84,4742179840,4742179000.0,149331271614.68,149331200000.0
2015-04-14,INTC,24.68,24.74,24.93,24.66,24.83,23489024,747573610.2482,24.75,0.5,4742179840,4742179000.0,150469347354.48,150469300000.0
2015-04-11,INTC,24.83,24.37,24.84,24.37,24.3,28084895,891184186.9063,24.68,0.59,4742179840,4742179000.0,151417769095.94,151417700000.0
2015-04-10,INTC,24.3,23.86,24.59,23.77,24.35,34167586,1069575381.1296,24.34,0.72,4742179840,4742179000.0,148145726654.68,148145600000.0
2015-04-09,INTC,24.35,24.29,24.54,24.16,24.31,18250254,571592534.9546,24.36,0.38,4742179840,4742179000.0,148477641306.04,148477600000.0
2015-04-08,INTC,24.31,24.16,24.56,24.11,24.14,23258262,729348953.6124,24.39,0.49,4742179840,4742179000.0,148240518087.5,148240500000.0
2015-04-07,INTC,24.14,23.96,24.3,23.68,23.96,21490934,666586577.917,24.12,0.45,4742179840,4742179000.0,147197233780.52,147197200000.0
2015-04-03,INTC,23.96,23.95,24.29,23.85,23.96,20909633,647504360.4555,24.08,0.44,4742179840,4742179000.0,146106551386.04,146106500000.0
2015-04-02,INTC,23.96,24.21,24.35,23.84,24.32,31532086,973575290.7744,24.01,0.66,4742179840,4742179000.0,146106551386.04,146106500000.0
2015-04-01,INTC,24.32,24.44,24.83,24.26,24.47,32098465,1010758322.3184,24.49,0.68,4742179840,4742179000.0,148287987307.7,148287900000.0
2015-03-31,INTC,24.47,24.62,24.96,24.34,24.89,51391540,1624476455.2666,24.58,1.08,4742179840,4742179000.0,149189010961.66,149188900000.0
2015-03-28,INTC,24.89,23.34,25.66,23.21,23.39,73857250,2311200226.6572,24.34,1.56,4742179840,4742179000.0,151749754880.0,151749800000.0
2015-03-27,INTC,23.39,22.94,23.64,22.79,23.25,45450137,1361608748.3868,23.3,0.96,4742179840,4742179000.0,142644779071.56,142644800000.0
2015-03-26,INTC,23.25,23.96,24.02,23.22,23.95,37690973,1136254950.4786,23.44,0.79,4742179840,4742179000.0,141743755417.6,141743700000.0
2015-03-25,INTC,23.95,24.23,24.36,23.91,24.26,28471375,881772861.7944,24.09,0.6,4742179840,4742179000.0,146011688820.52,146011600000.0
2015-03-24,INTC,24.26,24.33,24.72,24.26,24.35,29693950,930932264.9126,24.38,0.63,4742179840,4742179000.0,147955996781.46,147955900000.0
2015-03-21,INTC,24.35,24.1,24.59,24.05,23.91,64777075,2029109097.1751,24.36,1.37,4736000000,4736000000.0,148284150528.0,148284100000.0
2015-03-20,INTC,23.91,23.94,24.19,23.87,24.02,27414231,845572765.2333,23.99,0.58,4736000000,4736000000.0,145584668416.0,145584600000.0
2015-03-19,INTC,24.02,23.65,24.26,23.56,23.79,39834083,1222962155.6503,23.88,0.84,4736000000,4736000000.0,146295040000.0,146295000000.0
2015-03-18,INTC,23.79,23.78,23.9,23.65,23.98,29215598,891957991.6284,23.74,0.62,4736000000,4736000000.0,144874225792.0,144874200000.0
2015-03-17,INTC,23.98,24.05,24.19,23.84,24.05,33074614,1019736852.5273,23.98,0.7,4736000000,4736000000.0,146010889472.0,146010800000.0
2015-03-14,INTC,24.05,23.82,24.09,23.61,23.95,47954708,1470996185.5782,23.86,1.01,4736000000,4736000000.0,146484446848.0,146484400000.0
2015-03-13,INTC,23.95,24.12,24.58,23.78,25.14,107402380,3331342151.8025,24.12,2.27,4736000000,4736000000.0,145868818944.0,145868800000.0
2015-03-12,INTC,25.14,24.86,25.63,24.85,24.65,49683649,1617058891.1025,25.31,1.05,4736000000,4736000000.0,153114889472.0,153114800000.0
2015-03-11,INTC,24.65,25.07,25.21,24.5,25.45,50278887,1603811071.471,24.81,1.06,4736000000,4736000000.0,150131185792.0,150131100000.0
2015-03-10,INTC,25.45,25.82,25.87,25.26,25.81,33058790,1081905102.693,25.45,0.7,4736000000,4736000000.0,154961929472.0,154961900000.0
2015-03-07,INTC,25.81,26.08,26.19,25.73,26.23,32373137,1077180393.7318,25.88,0.68,4736000000,4736000000.0,157187854208.0,157187800000.0
2015-03-06,INTC,26.23,26.64,26.83,26.12,26.53,21225809,718215555.3263,26.31,0.45,4736000000,4736000000.0,159745261056.0,159745200000.0
2015-03-05,INTC,26.53,26.33,26.76,26.22,26.52,23005797,784980868.4544,26.54,0.49,4736000000,4736000000.0,161592301056.0,161592300000.0
2015-03-04,INTC,26.52,26.4,26.74,26.37,26.49,27331977,932772127.0634,26.54,0.58,4736000000,4736000000.0,161473929472.0,161473900000.0
2015-03-03,INTC,26.49,25.89,26.54,25.76,25.86,25406356,859342019.302,26.3,0.54,4736000000,4736000000.0,161308150528.0,161308100000.0
2015-02-28,INTC,25.86,26.15,26.16,25.83,26.17,24427301,814447888.3155,25.93,0.52,4736000000,4736000000.0,157472000000.0,157471900000.0
2015-02-27,INTC,26.17,26.15,26.35,26.0,26.4,25928434,871055498.4986,26.13,0.55,4736000000,4736000000.0,159366371584.0,159366300000.0
2015-02-26,INTC,26.4,26.46,26.56,26.23,26.76,24686266,838698730.3951,26.42,0.52,4736000000,4736000000.0,160763557888.0,160763500000.0
2015-02-25,INTC,26.76,26.14,26.82,26.06,26.25,29607469,1011989419.1661,26.58,0.63,4736000000,4736000000.0,162965778944.0,162965700000.0
2015-02-24,INTC,26.25,26.75,26.83,26.11,26.76,25565528,864853792.4213,26.31,0.54,4736000000,4736000000.0,159887336320.0,159887300000.0
2015-02-21,INTC,26.76,26.56,26.88,26.37,26.6,20955571,720052300.5295,26.72,0.44,4736000000,4736000000.0,162965778944.0,162965700000.0
2015-02-20,INTC,26.6,26.64,26.77,26.48,26.65,11017540,377228527.4288,26.63,0.23,4736000000,4736000000.0,162018593152.0,162018600000.0
2015-02-19,INTC,26.65,26.95,26.99,26.59,27.01,19992887,686801552.1257,26.72,0.42,4736000000,4736000000.0,162279040000.0,162279000000.0
2015-02-18,INTC,27.01,26.75,27.02,26.64,26.72,19374149,669520294.1492,26.88,0.41,4736000000,4736000000.0,164504964736.0,164504900000.0
2015-02-14,INTC,26.72,26.64,26.73,26.4,26.54,18037926,616581333.3433,26.58,0.38,4736000000,4736000000.0,162728964736.0,162728900000.0
2015-02-13,INTC,26.54,26.43,26.54,26.25,26.09,20056661,681757857.651,26.44,0.42,4736000000,4736000000.0,161616000000.0,161615900000.0
2015-02-12,INTC,26.09,26.18,26.25,25.91,26.21,18364235,617032805.0937,26.13,0.39,4736000000,4736000000.0,158892818944.0,158892800000.0
2015-02-11,INTC,26.21,25.82,26.23,25.7,25.61,20200008,675664007.5896,26.01,0.43,4736000000,4736000000.0,159603185792.0,159603100000.0
2015-02-10,INTC,25.61,25.66,25.85,25.41,25.89,28705481,945567385.4281,25.62,0.61,4736000000,4736000000.0,155956446848.0,155956400000.0
2015-02-07,INTC,25.89,26.38,26.44,25.77,26.39,29342446,983954736.8863,26.08,0.62,4736000000,4736000000.0,157685115264.0,157685100000.0
2015-02-06,INTC,26.39,26.19,26.43,26.01,26.13,20491446,692529031.9647,26.28,0.42,4835000320,4835000000.0,164099925365.8,164099900000.0
2015-02-05,INTC,26.13,26.18,26.31,25.9,26.02,25052750,840883002.3222,26.1,0.52,4835000320,4835000000.0,162456044597.0,162456000000.0
2015-02-04,INTC,26.02,26.08,26.29,25.18,25.98,36038321,1209986519.46,25.93,0.75,4835000320,4835000000.0,162939496279.0,162939400000.0
2015-02-03,INTC,25.98,25.53,26.06,25.21,25.51,38733750,1287056781.3262,25.66,0.8,4835000320,4835000000.0,162697731758.0,162697700000.0
2015-01-31,INTC,25.51,26.02,26.24,25.48,26.42,38719735,1293053410.4312,25.79,0.8,4835000320,4835000000.0,159748381562.8,159748300000.0
2015-01-30,INTC,26.42,26.13,26.47,25.84,26.08,29569375,1002446314.4094,26.18,0.61,4835000320,4835000000.0,165405394792.2,165405300000.0
2015-01-29,INTC,26.08,26.62,26.79,26.04,26.4,34929098,1192877527.579,26.37,0.72,4835000320,4835000000.0,163302106798.0,163302100000.0
2015-01-28,INTC,26.4,26.56,26.81,25.91,27.65,58456204,1994946448.2364,26.35,1.21,4835000320,4835000000.0,165284476269.2,165284400000.0
2015-01-27,INTC,27.65,27.94,28.03,27.47,28.14,30906817,1106392932.0141,27.64,0.64,4835000320,4835000000.0,173117152612.6,173117100000.0
2015-01-24,INTC,28.14,28.54,28.59,28.09,28.5,27427055,1005250797.3137,28.3,0.57,4835000320,4835000000.0,176211625342.4,176211600000.0
2015-01-23,INTC,28.5,28.23,28.57,27.91,28.17,31809899,1167750839.83,28.35,0.66,4835000320,4835000000.0,178459881151.2,178459800000.0
2015-01-22,INTC,28.17,27.68,28.32,27.62,27.87,27442598,997305367.3152,28.06,0.57,4835000320,4835000000.0,176380792333.6,176380800000.0
2015-01-21,INTC,27.87,27.87,28.15,27.46,28.15,35929422,1293218536.7314,27.79,0.74,4835000320,4835000000.0,174495147043.8,174495100000.0
2015-01-17,INTC,28.15,27.89,28.31,27.42,27.94,62812192,2272054920.2136,27.93,1.3,4835000320,4835000000.0,176235747159.0,176235700000.0
2015-01-16,INTC,27.94,28.2,28.48,27.82,28.07,47181770,1718694770.8764,28.13,0.98,4835000320,4835000000.0,174978676085.8,174978600000.0
2015-01-15,INTC,28.07,28.05,28.5,27.73,28.18,34250293,1243385064.5006,28.03,0.71,4835000320,4835000000.0,175752295477.0,175752300000.0
2015-01-14,INTC,28.18,28.47,28.95,28.02,28.26,31477954,1163280349.7736,28.54,0.65,4835000320,4835000000.0,176477511680.0,176477500000.0
2015-01-13,INTC,28.26,28.49,28.57,27.98,28.38,29400782,1075827446.5853,28.25,0.61,4835000320,4835000000.0,176961045557.0,176961000000.0
2015-01-10,INTC,28.38,28.39,28.65,28.11,28.33,22850524,840289197.0597,28.39,0.47,4835000320,4835000000.0,177734587588.2,177734600000.0
2015-01-09,INTC,28.33,28.08,28.57,28.0,27.81,31765372,1168095286.6418,28.39,0.66,4835000320,4835000000.0,177396176245.8,177396100000.0
2015-01-08,INTC,27.81,27.52,27.85,27.23,27.24,27725168,993733816.7316,27.68,0.57,4835000320,4835000000.0,174156735701.4,174156700000.0
2015-01-07,INTC,27.24,27.86,27.98,27.23,27.76,30847579,1098698375.4809,27.5,0.64,4835000320,4835000000.0,170578806454.6,170578800000.0
2015-01-06,INTC,27.76,27.95,28.15,27.75,28.08,32784977,1184455845.7659,27.9,0.68,4835000320,4835000000.0,173818246999.0,173818200000.0
2015-01-03,INTC,28.08,28.31,28.69,27.88,28.02,23605606,861647132.6964,28.19,0.49,4835000320,4835000000.0,175800616470.2,175800600000.0
2015-01-01,INTC,28.02,28.28,28.6,28.02,28.38,20393618,745829320.1978,28.24,0.42,4835000320,4835000000.0,175462132602.8,175462100000.0
2014-12-31,INTC,28.38,28.63,28.72,28.38,28.71,15214094,562183716.1538,28.53,0.31,4835000320,4835000000.0,177734587588.2,177734600000.0
2014-12-30,INTC,28.71,28.92,28.97,28.7,28.99,12203309,454817387.4465,28.78,0.25,4835000320,4835000000.0,179765278052.6,179765200000.0
2014-12-27,INTC,28.99,28.97,29.14,28.97,28.91,14037176,527897509.624,29.04,0.29,4835000320,4835000000.0,181554281356.0,181554300000.0
2014-12-25,INTC,28.91,28.93,29.03,28.71,28.9,12109122,453437068.3728,28.91,0.25,4835000320,4835000000.0,181022426485.8,181022400000.0
2014-12-24,INTC,28.9,28.88,29.11,28.8,28.73,22169715,831799016.2717,28.97,0.46,4835000320,4835000000.0,180974028132.6,180974000000.0
2014-12-23,INTC,28.73,28.1,28.77,28.1,28.08,29227071,1083219404.6808,28.62,0.6,4835000320,4835000000.0,179910395752.2,179910300000.0
2014-12-20,INTC,28.08,28.59,28.69,27.98,28.59,76786813,2807755735.8592,28.23,1.59,4835000320,4835000000.0,175848942298.4,175848900000.0
2014-12-19,INTC,28.59,28.38,28.59,28.13,27.98,32128125,1182687686.25,28.42,0.66,4835000320,4835000000.0,178991736021.4,178991700000.0
2014-12-18,INTC,27.98,27.5,28.05,27.28,27.46,31637747,1137642919.9135,27.77,0.65,4835000320,4835000000.0,175220440606.8,175220400000.0
2014-12-17,INTC,27.46,27.69,28.18,27.46,27.74,31166336,1121177771.264,27.78,0.64,4835000320,4835000000.0,171932601709.2,171932600000.0
2014-12-16,INTC,27.74,28.1,28.4,27.72,27.97,30633422,1106800669.7705,27.9,0.63,4835000320,4835000000.0,173673206659.4,173673100000.0
2014-12-13,INTC,27.97,28.15,28.43,27.97,28.34,29322528,1068184595.974,28.13,0.61,4835000320,4835000000.0,175147920437.0,175147900000.0
2014-12-12,INTC,28.34,28.18,28.73,28.14,28.12,25090086,926002438.461,28.5,0.52,4835000320,4835000000.0,177444497239.0,177444400000.0
2014-12-11,INTC,28.12,28.52,28.59,28.03,28.48,27499868,1006588503.352,28.26,0.57,4835000320,4835000000.0,176090706819.4,176090600000.0
2014-12-10,INTC,28.48,28.31,28.64,28.03,28.72,28487317,1047965636.7741,28.41,0.59,4835000320,4835000000.0,178363161804.8,178363100000.0
2014-12-09,INTC,28.72,28.92,29.13,28.52,29.09,28134821,1048359531.2931,28.77,0.58,4835000320,4835000000.0,179861997399.0,179861900000.0
2014-12-06,INTC,29.09,29.01,29.26,28.97,28.92,20527602,773543802.0918,29.1,0.42,4835000320,4835000000.0,182134457219.4,182134400000.0
2014-12-05,INTC,28.92,28.88,28.92,28.6,28.9,23397864,873269165.7221,28.82,0.48,4835000320,4835000000.0,181119145832.2,181119100000.0
2014-12-04,INTC,28.9,29.09,29.25,28.89,29.03,30660821,1153315857.518,29.04,0.63,4835000320,4835000000.0,180974028132.6,180974000000.0
2014-12-03,INTC,29.03,28.71,29.03,28.71,28.7,28361106,1061953281.4251,28.91,0.59,4835000320,4835000000.0,181796045877.0,181796000000.0
2014-12-02,INTC,28.7,28.73,29.05,28.49,28.76,30904004,1149075736.2244,28.71,0.64,4835000320,4835000000.0,179716957059.4,179716900000.0
2014-11-29,INTC,28.76,28.6,29.1,28.52,28.49,19128512,714803800.672,28.85,0.4,4835000320,4835000000.0,180103761920.0,180103700000.0
2014-11-27,INTC,28.49,28.08,28.56,28.01,28.04,24062024,884553665.0116,28.39,0.5,4835000320,4835000000.0,178411482798.0,178411400000.0
2014-11-26,INTC,28.04,28.08,28.17,27.91,27.99,29093172,1057475735.632,28.07,0.6,4835000320,4835000000.0,175607250302.4,175607200000.0
2014-11-25,INTC,27.99,27.71,28.13,27.67,27.48,33321145,1205712336.6881,27.94,0.69,4835000320,4835000000.0,175268761600.0,175268700000.0
2014-11-22,INTC,27.48,27.78,28.15,27.41,27.76,56721571,2038119886.223,27.75,1.17,4835000320,4835000000.0,172077646883.8,172077600000.0
2014-11-21,INTC,27.76,26.36,27.77,26.25,26.52,61994708,2188612071.4233,27.26,1.28,4835000320,4835000000.0,173818246999.0,173818200000.0
2014-11-20,INTC,26.52,26.79,26.86,26.45,26.8,21289618,733182679.8099,26.59,0.44,4835000320,4835000000.0,166082294837.0,166082300000.0
2014-11-19,INTC,26.8,26.4,26.95,26.38,26.44,30676719,1064789131.227,26.8,0.63,4835000320,4835000000.0,167822894952.2,167822800000.0
2014-11-18,INTC,26.44,26.11,26.45,26.07,26.21,17646286,601459505.9886,26.32,0.36,4835000320,4835000000.0,165550439966.8,165550400000.0
2014-11-15,INTC,26.21,26.06,26.23,25.75,26.01,18104633,612537795.948,26.12,0.37,4835000320,4835000000.0,164148246359.0,164148200000.0
2014-11-14,INTC,26.01,25.75,26.15,25.74,25.77,26449258,890961770.2106,26.01,0.55,4835000320,4835000000.0,162842776932.6,162842700000.0
2014-11-13,INTC,25.77,25.66,25.81,25.48,25.72,22864223,761021806.8359,25.7,0.47,4835000320,4835000000.0,161392334856.6,161392300000.0
2014-11-12,INTC,25.72,25.76,25.9,25.63,25.68,19676704,656739432.3492,25.77,0.41,4835000320,4835000000.0,161053850989.2,161053800000.0
2014-11-11,INTC,25.68,25.81,25.86,25.54,25.93,30653629,1020710761.1287,25.71,0.63,4835000320,4835000000.0,160812086468.2,160812100000.0
2014-11-08,INTC,25.93,26.24,26.25,25.63,26.11,27604497,925937642.871,25.9,0.57,4835000320,4835000000.0,162359320415.6,162359300000.0
2014-11-07,INTC,26.11,26.01,26.43,25.8,26.07,25240559,851608913.7329,26.05,0.52,4835000320,4835000000.0,163519749502.4,163519700000.0
2014-11-06,INTC,26.07,26.29,26.33,25.94,26.5,34705500,1173243547.8225,26.1,0.72,4835000320,4835000000.0,163229586628.2,163229600000.0
2014-11-05,INTC,26.5,26.27,26.68,26.24,26.32,34695926,1198084708.4427,26.49,0.72,4835000320,4835000000.0,167000882042.8,167000800000.0
2014-11-04,INTC,26.32,25.94,26.45,25.92,26.09,28703614,982269245.0554,26.25,0.59,4835000320,4835000000.0,165888851309.2,165888800000.0
2014-11-01,INTC,26.09,25.88,26.09,25.03,24.99,52089696,1757000343.7331,25.88,1.08,4835000320,4835000000.0,164438336708.2,164438300000.0
2014-10-31,INTC,24.99,25.76,25.78,24.85,26.02,55217856,1812807402.9585,25.18,1.14,4835000320,4835000000.0,157524247570.6,157524200000.0
2014-10-30,INTC,26.02,25.9,26.06,25.71,25.88,24615223,832307126.1169,25.94,0.51,4835000320,4835000000.0,164003206019.4,164003100000.0
2014-10-29,INTC,25.88,25.49,25.89,25.49,25.47,21859946,733328875.5986,25.73,0.45,4835000320,4835000000.0,163132867281.8,163132800000.0
2014-10-28,INTC,25.47,25.38,25.54,25.14,25.45,23751946,785479205.6627,25.37,0.49,4835000320,4835000000.0,160521996119.0,160521900000.0
2014-10-25,INTC,25.45,25.1,25.57,24.99,25.08,27814899,920900821.8483,25.4,0.58,4835000320,4835000000.0,160425276772.6,160425200000.0
2014-10-24,INTC,25.08,25.1,25.25,25.01,24.76,22255305,728496184.9821,25.11,0.46,4835000320,4835000000.0,158056102440.8,158056100000.0
2014-10-23,INTC,24.76,25.05,25.22,24.72,25.02,26725598,868819685.9198,24.94,0.55,4835000320,4835000000.0,156025411976.4,156025400000.0
2014-10-22,INTC,25.02,24.29,25.02,24.23,24.23,33281715,1073125600.6638,24.73,0.69,4835000320,4835000000.0,157669292745.2,157669300000.0
2014-10-21,INTC,24.23,23.81,24.32,23.7,24.07,30523696,957909676.0541,24.07,0.63,4835000320,4835000000.0,152689247250.6,152689200000.0
2014-10-18,INTC,24.07,23.93,24.33,23.76,23.67,37504512,1177667779.9404,24.09,0.78,4835000320,4835000000.0,151722261691.6,151722200000.0
2014-10-17,INTC,23.67,23.7,24.17,23.59,23.99,47787438,1483823461.3195,23.82,0.97,4950999040,4950999000.0,152738275825.01,152738200000.0
2014-10-16,INTC,23.99,23.42,24.28,22.75,24.66,92309000,2852872968.974,23.71,1.86,4950999040,4950999000.0,154842465270.01,154842400000.0
2014-10-15,INTC,24.66,24.54,25.06,24.33,24.14,68671000,2209791440.058,24.69,1.39,4950999040,4950999000.0,159125109145.6,159125100000.0
2014-10-14,INTC,24.14,24.33,24.83,24.14,24.48,42117454,1340017045.1326,24.41,0.85,4950999040,4950999000.0,155807870474.81,155807800000.0
2014-10-11,INTC,24.48,25.02,25.21,23.4,25.79,80917563,2597129616.5426,24.62,1.63,4950999040,4950999000.0,157986324905.41,157986300000.0
2014-10-10,INTC,25.79,26.2,26.42,25.76,26.29,28192887,956034669.0704,26.01,0.57,4950999040,4950999000.0,166452567920.8,166452500000.0
2014-10-09,INTC,26.29,25.69,26.37,25.42,25.68,34963364,1182359331.9809,25.94,0.71,4950999040,4950999000.0,169670687590.81,169670600000.0
2014-10-08,INTC,25.68,26.11,26.12,25.63,26.17,25972715,874711329.4235,25.84,0.52,4950999040,4950999000.0,165709868554.81,165709800000.0
2014-10-07,INTC,26.17,26.2,26.45,25.98,26.11,24323079,830689042.2855,26.2,0.49,4950999040,4950999000.0,168878507940.41,168878400000.0
2014-10-04,INTC,26.11,25.82,26.22,25.68,25.71,25834840,877141645.8476,26.05,0.52,4950999040,4950999000.0,168482492380.2,168482400000.0
2014-10-03,INTC,25.71,26.05,26.08,25.51,26.07,32911575,1105756317.0656,25.77,0.66,4950999040,4950999000.0,165957438310.81,165957400000.0
2014-10-02,INTC,26.07,26.55,26.68,25.96,26.71,35095645,1204163095.8392,26.32,0.71,4950999040,4950999000.0,168284412810.61,168284400000.0
2014-10-01,INTC,26.71,26.77,26.85,26.4,26.77,35274555,1227769406.5891,26.7,0.71,4950999040,4950999000.0,172393751915.81,172393700000.0
2014-09-30,INTC,26.77,26.13,26.84,26.04,26.28,29003106,1006723680.0306,26.63,0.59,4950999040,4950999000.0,172789836790.01,172789800000.0
2014-09-27,INTC,26.28,26.28,26.36,25.8,26.19,25883497,881379378.4261,26.12,0.52,4950999040,4950999000.0,169621202355.4,169621100000.0
2014-09-26,INTC,26.19,26.6,26.69,25.99,26.66,34644684,1183600533.7951,26.21,0.7,4950999040,4950999000.0,169027107225.6,169027100000.0
2014-09-25,INTC,26.66,26.39,26.73,26.37,26.4,18829270,652936890.5212,26.6,0.38,4950999040,4950999000.0,172047216640.0,172047200000.0
2014-09-24,INTC,26.4,26.63,26.63,26.37,26.63,25691469,886758702.5742,26.48,0.52,4950999040,4950999000.0,170413382005.8,170413300000.0
2014-09-23,INTC,26.63,26.68,26.87,26.5,26.71,25448161,885338645.5478,26.69,0.51,4950999040,4950999000.0,171849137070.41,171849100000.0
2014-09-20,INTC,26.71,26.97,27.02,26.71,26.98,46860141,1640648372.0552,26.86,0.95,4950999040,4950999000.0,172393751915.81,172393700000.0
2014-09-19,INTC,26.98,26.94,26.98,26.74,26.83,23815485,833965700.1091,26.86,0.48,4950999040,4950999000.0,174126631285.8,174126600000.0
2014-09-18,INTC,26.83,26.78,27.0,26.65,26.8,26278958,918903840.168,26.82,0.53,4950999040,4950999000.0,173185926615.2,173185900000.0
2014-09-17,INTC,26.8,26.44,26.91,26.44,26.5,20878489,728147513.4561,26.75,0.42,4950999040,4950999000.0,172938361810.21,172938300000.0
2014-09-16,INTC,26.5,26.63,26.67,26.26,26.56,22438274,773433639.8711,26.44,0.45,4950999040,4950999000.0,171007477135.61,171007400000.0
2014-09-13,INTC,26.56,26.77,26.78,26.47,26.86,26733700,927207349.8667,26.61,0.54,4950999040,4950999000.0,171403566960.8,171403500000.0
2014-09-12,INTC,26.86,26.69,26.86,26.49,26.86,21958239,764673495.3536,26.71,0.44,4950999040,4950999000.0,173383936870.81,173383900000.0
2014-09-11,INTC,26.86,26.73,26.95,26.6,26.78,19964375,698008314.0619,26.82,0.4,4950999040,4950999000.0,173383936870.81,173383900000.0
2014-09-10,INTC,26.78,27.07,27.07,26.73,27.1,22334672,781840648.953,26.85,0.45,4950999040,4950999000.0,172839322025.41,172839300000.0
2014-09-09,INTC,27.1,26.82,27.28,26.76,26.85,24860766,877425806.5938,27.07,0.5,4950999040,4950999000.0,174918731720.21,174918700000.0
2014-09-06,INTC,26.85,26.79,26.94,26.72,26.78,20842219,729348234.82,26.84,0.42,4950999040,4950999000.0,173284966400.0,173284900000.0
2014-09-05,INTC,26.78,26.49,26.92,26.48,26.52,27633583,964154695.1415,26.77,0.56,4950999040,4950999000.0,172814616540.2,172814600000.0
2014-09-04,INTC,26.52,26.71,26.76,26.43,26.52,26668973,924189230.5703,26.58,0.54,4950999040,4950999000.0,171156002155.81,171155900000.0
2014-09-03,INTC,26.52,26.67,26.78,26.41,26.79,32095583,1109194398.2641,26.51,0.65,4950999040,4950999000.0,171156002155.81,171155900000.0
2014-08-30,INTC,26.79,26.7,26.8,26.6,26.58,32305329,1125604822.1376,26.73,0.65,4950999040,4950999000.0,172888881525.8,172888800000.0
2014-08-29,INTC,26.58,26.55,26.7,26.55,26.69,18908864,655683673.5197,26.6,0.38,4950999040,4950999000.0,171552087030.01,171552100000.0
2014-08-28,INTC,26.69,26.77,26.8,26.57,26.7,17168930,596726696.1903,26.66,0.35,4950999040,4950999000.0,172245226895.61,172245200000.0
2014-08-27,INTC,26.7,26.69,26.89,26.61,26.7,19664735,684578587.1875,26.71,0.4,4950999040,4950999000.0,172294707180.01,172294600000.0
2014-08-26,INTC,26.7,26.92,26.96,26.58,26.8,18614485,648913753.8657,26.74,0.38,4950999040,4950999000.0,172344266680.4,172344200000.0
2014-08-23,INTC,26.8,27.0,27.0,26.78,26.96,21197844,742549791.6066,26.87,0.43,4950999040,4950999000.0,172987847045.61,172987800000.0
2014-08-22,INTC,26.96,26.44,27.0,26.43,26.47,37164868,1298592184.2514,26.8,0.75,4950999040,4950999000.0,174027586550.01,174027600000.0
2014-08-21,INTC,26.47,26.26,26.47,26.22,26.34,27142649,934583751.7348,26.41,0.55,4950999040,4950999000.0,170809466880.0,170809400000.0
2014-08-20,INTC,26.34,26.47,26.47,26.27,26.4,29283442,1006298836.3978,26.36,0.59,4950999040,4950999000.0,170017292180.6,170017300000.0
2014-08-19,INTC,26.4,26.28,26.44,26.06,26.21,27233547,934516333.0161,26.32,0.55,4950999040,4950999000.0,170363822505.41,170363800000.0
2014-08-16,INTC,26.21,26.16,26.24,25.86,26.04,28582223,973007153.8507,26.11,0.58,4950999040,4950999000.0,169175632245.8,169175600000.0
2014-08-15,INTC,26.04,26.12,26.26,25.88,26.16,25457954,863968850.6559,26.03,0.51,4950999040,4950999000.0,168036848005.61,168036800000.0
2014-08-14,INTC,26.16,25.5,26.2,25.49,25.41,36291008,1227085861.1532,25.94,0.73,4950999040,4950999000.0,168829022705.01,168829000000.0
2014-08-13,INTC,25.41,25.25,25.43,25.07,25.33,24814649,817061773.6169,25.26,0.5,4950999040,4950999000.0,164026548685.21,164026500000.0
2014-08-12,INTC,25.33,25.18,25.5,25.17,25.01,27723922,916488929.9559,25.36,0.56,4950999040,4950999000.0,163481938790.81,163481900000.0
2014-08-09,INTC,25.01,25.15,25.32,24.96,25.07,35489571,1160767726.1622,25.09,0.72,4950999040,4950999000.0,161402524145.01,161402500000.0
2014-08-08,INTC,25.07,25.26,25.43,24.96,25.2,27823411,912818977.0193,25.17,0.56,4950999040,4950999000.0,161798613970.21,161798600000.0
2014-08-07,INTC,25.2,25.01,25.46,24.85,25.18,27924094,920014873.7012,25.27,0.56,4950999040,4950999000.0,162615494154.81,162615400000.0
2014-08-06,INTC,25.18,25.9,25.91,25.0,25.95,49851004,1647012216.3018,25.34,1.01,4950999040,4950999000.0,162491753835.81,162491700000.0
2014-08-05,INTC,25.95,25.75,25.98,25.57,25.72,27250118,922661581.8613,25.8,0.55,4950999040,4950999000.0,168581457900.01,168581400000.0
2014-08-02,INTC,25.72,25.72,25.93,25.61,25.83,33472579,1130539234.3668,25.74,0.68,4950999040,4950999000.0,167071442800.8,167071400000.0
2014-08-01,INTC,25.83,25.98,26.1,25.77,26.18,35432286,1204265202.0848,25.9,0.72,4950999040,4950999000.0,167789357465.6,167789300000.0
2014-07-31,INTC,26.18,26.15,26.34,25.94,26.05,32788875,1123703928.3488,26.12,0.66,4950999040,4950999000.0,170066772465.01,170066700000.0
2014-07-30,INTC,26.05,26.12,26.19,25.98,26.09,26143454,894929436.4534,26.09,0.53,4950999040,4950999000.0,169274597765.61,169274600000.0
2014-07-29,INTC,26.09,26.09,26.15,25.82,26.1,30975051,1056645502.9274,26.0,0.63,4950999040,4950999000.0,169472677335.2,169472600000.0
2014-07-26,INTC,26.1,26.02,26.19,25.86,26.1,31614012,1080506420.941,26.05,0.64,4950999040,4950999000.0,169571717120.0,169571700000.0
2014-07-25,INTC,26.1,26.2,26.42,25.99,26.29,33180903,1138068142.0977,26.14,0.67,4950999040,4950999000.0,169571717120.0,169571700000.0
2014-07-24,INTC,26.29,26.43,26.45,26.14,26.51,26078168,898708381.2765,26.26,0.53,4950999040,4950999000.0,170809466880.0,170809400000.0
2014-07-23,INTC,26.51,26.03,26.54,25.96,25.96,42920547,1485260764.7543,26.37,0.87,4950999040,4950999000.0,172245677436.52,172245600000.0
2014-07-22,INTC,25.96,25.57,26.09,25.56,25.68,32097227,1091340992.8525,25.91,0.65,4950999040,4950999000.0,168631017400.4,168631000000.0
2014-07-19,INTC,25.68,25.76,25.79,25.45,25.68,46530079,1566862953.6114,25.66,0.94,4950999040,4950999000.0,166848652795.0,166848600000.0
2014-07-18,INTC,25.68,26.06,26.18,25.63,26.41,70591063,2397716799.6305,25.88,1.42,4977999360,4977999000.0,167758563498.0,167758500000.0
2014-07-17,INTC,26.41,25.38,26.47,25.31,24.16,135893190,4617527748.7562,25.89,2.73,4977999360,4977999000.0,172487647956.0,172487600000.0
2014-07-16,INTC,24.16,24.07,24.23,23.75,24.0,61218168,1933324045.955,24.07,1.23,4977999360,4977999000.0,157852319881.61,157852300000.0
2014-07-15,INTC,24.0,23.94,24.06,23.88,23.81,24251532,762804971.3564,23.97,0.49,4977999360,4977999000.0,156757155044.41,156757100000.0
2014-07-12,INTC,23.81,23.82,23.97,23.65,23.82,20053215,625870766.4914,23.78,0.4,4977999360,4977999000.0,155562480000.0,155562400000.0
2014-07-11,INTC,23.82,23.32,23.88,23.2,23.54,32458762,1007944727.8395,23.66,0.65,4977999360,4977999000.0,155612235103.6,155612200000.0
2014-07-10,INTC,23.54,23.5,23.61,23.39,23.46,28302426,872905885.0031,23.5,0.57,4977999360,4977999000.0,153770400230.4,153770400000.0
2014-07-09,INTC,23.46,23.62,23.68,23.4,23.65,37614504,1160715323.1152,23.52,0.76,4977999360,4977999000.0,153272570426.4,153272600000.0
2014-07-08,INTC,23.65,23.69,23.78,23.56,23.73,22237032,689799292.5644,23.64,0.45,4977999360,4977999000.0,154467315162.8,154467300000.0
2014-07-04,INTC,23.73,23.68,23.9,23.64,23.61,20437633,636317487.5265,23.73,0.41,4977999360,4977999000.0,155014900070.4,155014900000.0
2014-07-03,INTC,23.61,23.62,23.66,23.47,23.61,16831168,520274848.697,23.56,0.34,4977999360,4977999000.0,154218400260.8,154218300000.0
2014-07-02,INTC,23.61,23.62,23.69,23.52,23.55,28240458,874787581.9889,23.61,0.57,4977999360,4977999000.0,154218400260.8,154218300000.0
2014-07-01,INTC,23.55,23.52,23.62,23.36,23.57,21562543,665624748.6382,23.52,0.43,4977999360,4977999000.0,153820150356.0,153820100000.0
2014-06-28,INTC,23.57,23.52,23.62,23.4,23.46,30776508,950055167.4939,23.52,0.62,4977999360,4977999000.0,153969485358.8,153969400000.0
2014-06-27,INTC,23.46,23.48,23.55,23.33,23.53,26728430,821743850.1364,23.43,0.54,4977999360,4977999000.0,153222815322.8,153222800000.0
2014-06-26,INTC,23.53,23.23,23.62,23.2,23.24,44294567,1363882827.1158,23.46,0.89,4977999360,4977999000.0,153720570456.81,153720500000.0
2014-06-25,INTC,23.24,22.98,23.49,22.93,23.04,53398110,1634740258.9677,23.33,1.07,4977999360,4977999000.0,151828980480.0,151828900000.0
2014-06-24,INTC,23.04,22.94,23.1,22.75,23.01,26529641,800958672.9801,23.01,0.53,4977999360,4977999000.0,150484900740.8,150484800000.0
2014-06-21,INTC,23.01,22.92,23.01,22.88,22.93,39829860,1199921969.8633,22.96,0.8,4977999360,4977999000.0,150335565738.0,150335500000.0
2014-06-20,INTC,22.93,22.84,22.93,22.78,22.81,27166848,815032389.5132,22.86,0.55,4977999360,4977999000.0,149787985808.4,149787900000.0
2014-06-19,INTC,22.81,22.77,22.85,22.61,22.82,34412750,1026852199.0113,22.74,0.69,4977999360,4977999000.0,148991485998.8,148991400000.0
2014-06-18,INTC,22.82,22.77,22.94,22.74,22.87,28441215,852579429.4923,22.84,0.57,4977999360,4977999000.0,149091065898.0,149091000000.0
2014-06-17,INTC,22.87,22.65,22.98,22.61,22.76,36407786,1090980860.8993,22.84,0.73,4977999360,4977999000.0,149389735903.6,149389700000.0
2014-06-14,INTC,22.76,22.67,22.91,22.53,21.31,122194250,3645836031.923,22.74,2.45,4977999360,4977999000.0,148692820971.2,148692800000.0
2014-06-13,INTC,21.31,21.23,21.41,21.16,21.28,31211438,870564628.6663,21.26,0.63,4977999360,4977999000.0,139184822281.61,139184800000.0
2014-06-12,INTC,21.28,21.44,21.5,21.19,21.52,27749282,775398020.4303,21.29,0.56,4977999360,4977999000.0,139035487278.8,139035400000.0
2014-06-11,INTC,21.52,21.22,21.59,21.12,21.27,34260633,966081295.0734,21.49,0.69,4977999360,4977999000.0,140578657124.41,140578600000.0
2014-06-10,INTC,21.27,21.41,21.66,21.21,21.47,39934313,1121602981.9777,21.4,0.8,4977999360,4977999000.0,138935907379.61,138935800000.0
2014-06-07,INTC,21.47,21.17,21.5,21.13,21.08,34795598,976308667.7408,21.38,0.7,4977999360,4977999000.0,140230236993.2,140230200000.0
2014-06-06,INTC,21.08,21.0,21.08,20.9,21.03,26546297,731496407.3446,21.0,0.53,4977999360,4977999000.0,137691407539.61,137691400000.0
2014-06-05,INTC,21.03,20.96,21.15,20.96,21.08,21612727,597734242.97,21.08,0.43,4977999360,4977999000.0,137392737534.01,137392700000.0
2014-06-04,INTC,21.08,20.74,21.11,20.67,20.77,33257028,915761831.4779,20.98,0.67,4977999360,4977999000.0,137691407539.61,137691400000.0
2014-06-03,INTC,20.77,20.81,20.84,20.67,20.82,20265668,551726447.8802,20.75,0.41,4977999360,4977999000.0,135700237663.6,135700200000.0
2014-05-31,INTC,20.82,20.53,20.82,20.52,20.55,43641004,1187575933.5576,20.74,0.88,4977999360,4977999000.0,135998907669.2,135998800000.0
2014-05-30,INTC,20.55,20.51,20.55,20.36,20.48,20640028,555195844.8516,20.5,0.41,4977999360,4977999000.0,134206822921.61,134206800000.0
2014-05-29,INTC,20.48,20.35,20.53,20.32,20.35,27150168,729600708.8284,20.48,0.55,4977999360,4977999000.0,133808573016.81,133808500000.0
2014-05-28,INTC,20.35,20.06,20.38,19.95,20.03,27271938,726360469.4287,20.3,0.55,4977999360,4977999000.0,132962323081.61,132962300000.0
2014-05-24,INTC,20.03,19.93,20.04,19.92,19.93,17178020,450629194.9679,19.99,0.35,4977999360,4977999000.0,130866560461.05,130866500000.0
2014-05-23,INTC,19.93,19.97,20.02,19.87,19.97,15926520,416769794.0508,19.94,0.32,4977999360,4977999000.0,130174653396.0,130174600000.0
2014-05-22,INTC,19.97,19.89,20.0,19.81,19.84,18721590,489801726.216,19.94,0.38,4977999360,4977999000.0,130423568298.0,130423500000.0
2014-05-21,INTC,19.84,19.83,19.94,19.72,19.84,22293211,579629951.0312,19.81,0.45,4977999360,4977999000.0,129627073466.4,129627000000.0
2014-05-20,INTC,19.84,19.62,19.88,19.62,19.68,22680848,588329834.0152,19.77,0.46,4977999360,4977999000.0,129627073466.4,129627000000.0
2014-05-17,INTC,19.68,19.85,19.87,19.62,19.82,30017575,775942156.6321,19.7,0.6,4977999360,4977999000.0,128531908629.2,128531800000.0
2014-05-16,INTC,19.82,20.06,20.19,19.82,20.06,31752743,829349545.1368,19.9,0.64,4977999360,4977999000.0,129477738463.6,129477700000.0
2014-05-15,INTC,20.06,20.19,20.21,20.06,20.16,17811911,470581693.6049,20.13,0.36,4977999360,4977999000.0,131070658434.81,131070600000.0
2014-05-14,INTC,20.16,20.19,20.22,20.06,20.1,20524969,542872848.244,20.16,0.41,4977999360,4977999000.0,131668068138.0,131668000000.0
2014-05-13,INTC,20.1,20.13,20.22,20.04,20.04,20607766,544191131.4609,20.12,0.41,4977999360,4977999000.0,131269823211.2,131269800000.0
2014-05-10,INTC,20.04,20.1,20.13,19.98,20.07,20324411,534452683.1239,20.04,0.41,4977999360,4977999000.0,130921323432.01,130921300000.0
2014-05-09,INTC,20.07,20.06,20.22,19.98,20.1,24168528,637152486.8112,20.09,0.49,4977999360,4977999000.0,131120488208.4,131120400000.0
2014-05-08,INTC,20.1,20.01,20.16,19.98,19.97,24693262,650175909.6266,20.07,0.5,4977999360,4977999000.0,131269823211.2,131269800000.0
2014-05-07,INTC,19.97,19.94,20.1,19.81,19.94,21818282,572716593.348,20.0,0.44,4977999360,4977999000.0,130423568298.0,130423500000.0
2014-05-06,INTC,19.94,19.94,20.01,19.81,19.95,20738950,542221838.6892,19.92,0.42,4977999360,4977999000.0,130274238273.2,130274200000.0
2014-05-03,INTC,19.95,20.07,20.13,19.95,19.98,24236458,642273165.5728,20.02,0.49,4977999360,4977999000.0,131468908339.61,131468900000.0
2014-05-02,INTC,19.98,20.03,20.15,19.94,20.17,19755247,523480303.5381,20.02,0.4,4977999360,4977999000.0,131668068138.0,131668000000.0
2014-05-01,INTC,20.17,19.89,20.17,19.81,20.01,25863926,687788805.7723,20.09,0.52,4977999360,4977999000.0,132862743182.41,132862700000.0
2014-04-30,INTC,20.01,19.92,20.14,19.91,19.89,22146000,586948415.556,20.03,0.44,4977999360,4977999000.0,131817403140.8,131817400000.0
2014-04-29,INTC,19.89,19.77,19.94,19.65,19.84,33472817,878249295.4543,19.82,0.67,4977999360,4977999000.0,131070658434.81,131070600000.0
2014-04-26,INTC,19.84,20.14,20.19,19.78,20.21,33617211,884915526.9098,19.89,0.68,4977999360,4977999000.0,130722238303.6,130722200000.0
2014-04-25,INTC,20.21,20.26,20.37,20.13,20.21,25432836,682293965.1631,20.27,0.51,4977999360,4977999000.0,133161482880.0,133161400000.0
2014-04-24,INTC,20.21,20.25,20.38,20.19,20.28,25581415,685372000.9085,20.24,0.51,4977999360,4977999000.0,133161482880.0,133161400000.0
2014-04-23,INTC,20.28,20.33,20.39,20.14,20.36,29602313,792977583.927,20.24,0.59,4977999360,4977999000.0,133609487888.4,133609400000.0
2014-04-22,INTC,20.36,20.44,20.44,20.2,20.43,20399688,548953502.9121,20.33,0.41,4977999360,4977999000.0,134157067818.0,134157100000.0
2014-04-18,INTC,20.43,20.31,20.52,20.24,20.35,38112606,1028704818.6168,20.39,0.77,4973690880,4973690000.0,134488571553.05,134488500000.0
2014-04-17,INTC,20.35,20.39,20.58,20.09,20.23,59037348,1586823314.599,20.31,1.19,4973690880,4973690000.0,133941460582.56,133941400000.0
2014-04-16,INTC,20.23,20.03,20.27,19.92,20.07,45074434,1200944558.6803,20.13,0.91,4973690880,4973690000.0,133145655120.69,133145600000.0
2014-04-15,INTC,20.07,19.88,20.14,19.75,19.78,26958004,713648348.8584,20.0,0.54,4973690880,4973690000.0,132101219825.42,132101200000.0
2014-04-12,INTC,19.78,19.85,20.09,19.77,19.97,36126903,950783750.814,19.88,0.73,4973690880,4973690000.0,130210660237.64,130210600000.0
2014-04-11,INTC,19.97,20.41,20.47,19.92,20.39,40478235,1078218502.8256,20.13,0.81,4973690880,4973690000.0,131429721819.71,131429700000.0
2014-04-10,INTC,20.39,20.35,20.42,20.2,20.33,34481770,926700741.0728,20.31,0.69,4973690880,4973690000.0,134190160047.64,134190100000.0
2014-04-09,INTC,20.33,19.92,20.39,19.91,20.01,56699485,1521814007.3015,20.28,1.14,4973690880,4973690000.0,133841966870.2,133841900000.0
2014-04-08,INTC,20.01,19.87,20.2,19.8,19.77,49813481,1324345738.8928,20.09,1.0,4973690880,4973690000.0,131728133325.13,131728100000.0
2014-04-05,INTC,19.77,20.01,20.2,19.72,19.95,47918020,1261796374.012,19.9,0.96,4973690880,4973690000.0,130111698710.2,130111700000.0
2014-04-04,INTC,19.95,19.76,19.99,19.75,19.56,38581278,1015836909.0903,19.89,0.78,4973690880,4973690000.0,131355121430.2,131355100000.0
2014-04-03,INTC,19.56,19.61,19.68,19.37,19.64,22464708,579571382.3101,19.49,0.45,4973690880,4973690000.0,128768856883.2,128768800000.0
2014-04-02,INTC,19.64,19.49,19.64,19.37,19.5,23779844,615379321.2024,19.55,0.48,4973690880,4973690000.0,129266181207.98,129266100000.0
2014-04-01,INTC,19.5,19.38,19.69,19.36,19.36,29336278,759471910.3039,19.56,0.59,4973690880,4973690000.0,128390836481.56,128390800000.0
2014-03-29,INTC,19.36,19.2,19.5,19.13,19.12,22884454,585798519.0529,19.34,0.46,4973690880,4973690000.0,127425940450.84,127425900000.0
2014-03-28,INTC,19.12,19.16,19.46,19.11,19.17,27209145,692935186.8784,19.24,0.55,4973690880,4973690000.0,125884106225.42,125884100000.0
2014-03-27,INTC,19.17,19.33,19.45,19.13,19.24,26442817,674169984.9993,19.26,0.53,4973690880,4973690000.0,126218338252.55,126218300000.0
2014-03-26,INTC,19.24,19.03,19.4,19.02,18.98,32317415,823098479.8961,19.24,0.65,4973690880,4973690000.0,126630130015.27,126630100000.0
2014-03-25,INTC,18.98,19.05,19.18,18.83,19.02,36951567,928097469.0512,18.98,0.74,4973690880,4973690000.0,124939095010.84,124939000000.0
2014-03-22,INTC,19.02,19.35,19.4,19.01,19.21,56864567,1441351411.2892,19.15,1.14,4971998720,4971998000.0,125145202810.4,125145100000.0
2014-03-21,INTC,19.21,18.89,19.33,18.84,18.9,37009067,939149152.9238,19.17,0.74,4971998720,4971998000.0,126413007792.02,126413000000.0
2014-03-20,INTC,18.9,18.78,19.08,18.72,18.75,34229422,857840419.847,18.94,0.69,4971998720,4971998000.0,124399358254.41,124399300000.0
2014-03-19,INTC,18.75,18.65,18.81,18.55,18.66,26344016,653394796.0944,18.74,0.53,4971998720,4971998000.0,123404973426.41,123404900000.0
2014-03-18,INTC,18.66,18.62,18.75,18.5,18.51,18525793,457738831.8705,18.67,0.37,4971998720,4971998000.0,122808353468.0,122808300000.0
2014-03-15,INTC,18.51,18.5,18.62,18.44,18.56,21807231,534706761.9507,18.53,0.44,4971998720,4971998000.0,121813968640.0,121813900000.0
2014-03-14,INTC,18.56,18.74,18.89,18.46,18.71,26243250,646667717.4952,18.62,0.53,4971998720,4971998000.0,122161973746.41,122161900000.0
2014-03-13,INTC,18.71,18.62,18.8,18.59,18.69,21259016,526205098.6025,18.7,0.43,4971998720,4971998000.0,123106663447.21,123106600000.0
2014-03-12,INTC,18.69,18.72,18.78,18.59,18.77,26695625,660198583.3644,18.69,0.54,4971998720,4971998000.0,122957508457.61,122957400000.0
2014-03-11,INTC,18.77,18.59,18.81,18.57,18.62,24945278,618333523.0622,18.73,0.5,4971998720,4971998000.0,123504433288.8,123504400000.0
2014-03-08,INTC,18.62,18.66,18.78,18.56,18.61,25380922,626918773.4833,18.66,0.51,4971998720,4971998000.0,122510048460.8,122510000000.0
2014-03-07,INTC,18.61,18.56,18.62,18.42,18.51,22416270,550184751.5498,18.54,0.45,4971998720,4971998000.0,122460278753.61,122460200000.0
2014-03-06,INTC,18.51,18.66,18.67,18.44,18.59,21071348,516707170.6729,18.53,0.42,4971998720,4971998000.0,121813968640.0,121813900000.0
2014-03-05,INTC,18.59,18.68,18.72,18.51,18.51,23714665,583632039.5903,18.59,0.48,4971998720,4971998000.0,122360818891.22,122360800000.0
2014-03-04,INTC,18.51,18.55,18.58,18.36,18.71,25754579,629832994.0421,18.48,0.52,4971998720,4971998000.0,121813968640.0,121813900000.0
2014-03-01,INTC,18.71,18.73,18.77,18.56,18.71,23483723,580768861.4287,18.69,0.47,4971998720,4971998000.0,123106663447.21,123106600000.0
2014-02-28,INTC,18.71,18.74,18.74,18.52,18.74,20866872,514003078.4719,18.61,0.42,4971998720,4971998000.0,123106663447.21,123106600000.0
2014-02-27,INTC,18.74,18.69,18.87,18.59,18.6,19820161,492497266.936,18.77,0.4,4971998720,4971998000.0,123305508592.02,123305400000.0
2014-02-26,INTC,18.6,18.64,18.67,18.48,18.61,21613461,530936701.1303,18.56,0.43,4971998720,4971998000.0,122410588598.41,122410500000.0
2014-02-25,INTC,18.61,18.52,18.8,18.44,18.45,24173567,597659873.3965,18.68,0.49,4971998720,4971998000.0,122460278753.61,122460200000.0
2014-02-22,INTC,18.45,18.85,18.86,18.4,18.69,30617668,752575819.1121,18.57,0.62,4971998720,4971998000.0,121416203770.4,121416100000.0
2014-02-21,INTC,18.69,18.54,18.78,18.51,18.51,20230661,500577360.4535,18.7,0.41,4971998720,4971998000.0,123007203584.81,123007100000.0
2014-02-20,INTC,18.51,18.62,18.68,18.45,18.71,25743614,632327518.875,18.56,0.52,4971998720,4971998000.0,121813968640.0,121813900000.0
2014-02-19,INTC,18.71,18.64,18.72,18.55,18.7,17749250,438612259.8045,18.67,0.36,4971998720,4971998000.0,123106663447.21,123106600000.0
2014-02-15,INTC,18.7,18.57,18.71,18.44,18.66,20592672,507331157.8013,18.61,0.41,4971998720,4971998000.0,123081778593.61,123081800000.0
2014-02-14,INTC,18.66,18.46,18.69,18.37,18.55,22940043,564464877.3621,18.59,0.46,4971998720,4971998000.0,122808353468.0,122808300000.0
2014-02-13,INTC,18.55,18.52,18.65,18.41,18.49,25925262,636566160.9955,18.55,0.52,4971998720,4971998000.0,122062508912.02,122062400000.0
2014-02-12,INTC,18.49,18.4,18.52,18.38,18.35,17947958,438793292.5002,18.47,0.36,4971998720,4971998000.0,121664739070.42,121664700000.0
2014-02-11,INTC,18.35,18.22,18.41,18.18,18.29,24571790,595172663.5887,18.3,0.49,4971998720,4971998000.0,120769819076.81,120769800000.0
2014-02-08,INTC,18.29,18.28,18.33,17.96,18.13,30885856,743237115.2406,18.18,0.62,4971998720,4971998000.0,120347164381.62,120347100000.0
2014-02-07,INTC,18.13,17.83,18.19,17.79,17.77,28049360,671532140.005,18.09,0.56,4971000320,4971000000.0,119254252937.8,119254200000.0
2014-02-06,INTC,17.77,17.91,17.95,17.76,17.83,32484586,766772275.0462,17.83,0.65,4971000320,4971000000.0,116917877816.4,116917800000.0
2014-02-05,INTC,17.83,17.95,17.99,17.65,17.92,50888086,1212698151.2713,17.84,1.02,4971000320,4971000000.0,118409192825.4,118409100000.0
2014-02-04,INTC,17.92,18.34,18.34,17.88,18.37,52928168,1276875909.9088,18.06,1.06,4971000320,4971000000.0,119055442751.0,119055400000.0
2014-02-01,INTC,18.37,18.3,18.45,18.26,18.52,28858176,707700362.453,18.35,0.58,4971000320,4971000000.0,121988318026.8,121988300000.0
2014-01-31,INTC,18.52,18.52,18.63,18.37,18.47,24624110,609446722.5,18.52,0.5,4971000320,4971000000.0,122982503177.8,122982400000.0
2014-01-30,INTC,18.47,18.52,18.68,18.43,18.64,27180051,673032259.7817,18.53,0.55,4971000320,4971000000.0,122684253100.6,122684200000.0
2014-01-29,INTC,18.64,18.49,18.74,18.39,18.5,32485555,808181809.5454,18.62,0.65,4971000320,4971000000.0,123777878142.0,123777800000.0
2014-01-28,INTC,18.5,18.54,18.7,18.46,18.57,32582497,808351810.0818,18.57,0.66,4971000320,4971000000.0,122883058316.4,122883000000.0
2014-01-25,INTC,18.57,18.62,18.85,18.55,18.81,35200629,878357669.7722,18.68,0.71,4971000320,4971000000.0,123330507997.2,123330400000.0
2014-01-24,INTC,18.81,18.84,18.9,18.64,18.94,40281051,1008423987.1886,18.74,0.81,4971000320,4971000000.0,124921188331.6,124921100000.0
2014-01-23,INTC,18.94,19.0,19.11,18.82,19.15,48797801,1235208489.1748,18.94,0.98,4971000320,4971000000.0,125816008157.2,125815900000.0
2014-01-22,INTC,19.15,19.3,19.31,18.91,19.35,42325493,1079625596.8667,19.09,0.85,4971000320,4971000000.0,127207883275.8,127207800000.0
2014-01-18,INTC,19.35,18.98,19.35,18.9,19.86,112538000,2873453911.144,19.11,2.26,4971000320,4971000000.0,128500313533.0,128500300000.0
2014-01-17,INTC,19.86,19.94,20.01,19.7,19.96,49521750,1313058603.5955,19.84,1.0,4971000320,4971000000.0,131930318666.8,131930300000.0
2014-01-16,INTC,19.96,20.0,20.3,19.92,19.84,58315239,1562288054.0684,20.05,1.17,4971000320,4971000000.0,132576573563.4,132576500000.0
2014-01-15,INTC,19.84,19.47,19.87,19.38,19.08,74158125,1956023552.5106,19.74,1.49,4971000320,4971000000.0,131781193628.2,131781100000.0
2014-01-14,INTC,19.08,19.18,19.45,19.03,19.11,40304829,1036724519.5823,19.25,0.81,4971000320,4971000000.0,126760508160.0,126760400000.0
2014-01-11,INTC,19.11,19.08,19.35,19.08,18.94,30620993,784466726.3019,19.17,0.62,4971000320,4971000000.0,126909633198.6,126909600000.0
2014-01-10,INTC,18.94,19.03,19.12,18.9,19.03,20888493,529707032.7344,18.98,0.42,4971000320,4971000000.0,125816008157.2,125815900000.0
2014-01-09,INTC,19.03,19.19,19.24,18.94,19.15,29685075,754822855.0417,19.03,0.6,4971000320,4971000000.0,126412503340.6,126412400000.0
2014-01-08,INTC,19.15,19.11,19.26,19.06,19.05,19684833,504100955.3093,19.17,0.4,4971000320,4971000000.0,127183003419.2,127182900000.0
2014-01-07,INTC,19.05,19.29,19.3,19.05,19.29,31831801,813299236.8745,19.12,0.64,4971000320,4971000000.0,126561628379.2,126561600000.0
2014-01-04,INTC,19.29,19.35,19.38,19.16,19.3,27803864,716388604.4242,19.28,0.56,4971000320,4971000000.0,128152383278.6,128152300000.0
2014-01-03,INTC,19.3,19.29,19.32,19.06,19.43,31843696,817994175.6718,19.23,0.64,4971000320,4971000000.0,128202068426.8,128202000000.0
2014-01-01,INTC,19.43,19.32,19.49,19.29,19.35,22809680,591714827.4649,19.42,0.46,4971000320,4971000000.0,129022248682.6,129022200000.0
2013-12-31,INTC,19.35,19.21,19.35,19.16,19.16,19788907,510145931.4378,19.29,0.4,4971000320,4971000000.0,128500313533.0,128500300000.0
2013-12-28,INTC,19.16,19.27,19.31,19.07,19.23,12972778,332224944.1582,19.17,0.26,4971000320,4971000000.0,127257563453.0,127257500000.0
2013-12-27,INTC,19.23,19.03,19.23,19.03,19.03,16958540,434830413.7222,19.19,0.34,4971000320,4971000000.0,127754693311.0,127754700000.0
2013-12-25,INTC,19.03,19.0,19.17,18.97,18.95,12157875,310059769.4449,19.09,0.24,4971000320,4971000000.0,126412503340.6,126412400000.0
2013-12-24,INTC,18.95,18.91,19.03,18.85,18.75,28120813,712311413.4944,18.96,0.57,4971000320,4971000000.0,125865693305.4,125865600000.0
2013-12-21,INTC,18.75,18.79,18.97,18.74,18.82,55383977,1392551788.7215,18.82,1.11,4971000320,4971000000.0,124548378220.6,124548300000.0
2013-12-20,INTC,18.82,18.8,18.89,18.63,18.82,31880649,800892848.1571,18.8,0.64,4971000320,4971000000.0,124970948044.8,124970900000.0
2013-12-19,INTC,18.82,18.49,18.86,18.36,18.45,42686950,1065691957.9046,18.68,0.86,4971000320,4971000000.0,125020628222.0,125020600000.0
2013-12-18,INTC,18.45,18.28,18.54,18.25,18.3,28165239,694168563.8176,18.45,0.57,4971000320,4971000000.0,122560007918.6,122559900000.0
2013-12-17,INTC,18.3,18.21,18.49,18.21,18.18,25061184,614600150.6206,18.35,0.5,4971000320,4971000000.0,121540942911.0,121540900000.0
2013-12-14,INTC,18.18,18.12,18.33,18.08,18.31,20634282,501794724.9142,18.2,0.42,4971000320,4971000000.0,120745567946.8,120745500000.0
2013-12-13,INTC,18.31,18.5,18.63,18.28,18.28,21917817,538803196.6799,18.4,0.44,4971000320,4971000000.0,121640308236.4,121640300000.0
2013-12-12,INTC,18.28,18.52,18.62,18.26,18.58,24682422,606437136.8415,18.39,0.5,4971000320,4971000000.0,121391822843.4,121391800000.0
2013-12-11,INTC,18.58,18.63,18.69,18.46,18.66,18203665,451363459.797,18.56,0.37,4971000320,4971000000.0,123380193145.4,123380100000.0
2013-12-10,INTC,18.66,18.59,18.77,18.47,18.58,29618356,738145439.8312,18.65,0.6,4971000320,4971000000.0,123927003180.6,123926900000.0
2013-12-07,INTC,18.58,18.69,18.9,18.52,18.16,53874559,1343496815.0625,18.66,1.08,4971000320,4971000000.0,123380193145.4,123380100000.0
2013-12-06,INTC,18.16,17.83,18.22,17.78,17.77,45404926,1096187835.691,18.07,0.91,4971000320,4971000000.0,120596442908.2,120596400000.0
2013-12-05,INTC,17.77,17.6,17.85,17.6,17.63,43501469,1031136722.4297,17.74,0.88,4971000320,4971000000.0,118011502857.8,118011400000.0
2013-12-04,INTC,17.63,17.73,17.76,17.51,17.74,35072176,824964111.4379,17.6,0.71,4971000320,4971000000.0,117066997884.0,117066900000.0
2013-12-03,INTC,17.74,17.96,17.96,17.7,17.84,25686739,609381613.0995,17.76,0.52,4971000320,4971000000.0,117812692671.0,117812600000.0
2013-11-30,INTC,17.84,17.89,17.95,17.78,17.89,13802864,329522535.6754,17.87,0.28,4971000320,4971000000.0,118508632715.8,118508600000.0
2013-11-28,INTC,17.89,17.69,17.9,17.6,17.7,28419157,676185244.0565,17.81,0.57,4971000320,4971000000.0,118806877822.0,118806800000.0
2013-11-27,INTC,17.7,17.81,17.84,17.6,17.78,30602711,723539620.7486,17.7,0.62,4971000320,4971000000.0,117564127742.0,117564100000.0
2013-11-26,INTC,17.78,17.98,17.98,17.59,17.86,43394040,1027991702.5999,17.73,0.87,4971000320,4971000000.0,118061257600.0,118061200000.0
2013-11-23,INTC,17.86,18.34,18.34,17.84,18.88,77908125,1872996400.6725,17.99,1.57,4971000320,4971000000.0,118657757754.4,118657700000.0
2013-11-22,INTC,18.88,18.42,18.93,18.35,18.38,44050579,1102153768.0889,18.73,0.89,4971000320,4971000000.0,125418318189.6,125418300000.0
2013-11-21,INTC,18.38,18.49,18.58,18.31,18.49,20288747,500316260.6719,18.46,0.41,4971000320,4971000000.0,122087757917.2,122087800000.0
2013-11-20,INTC,18.49,18.52,18.61,18.42,18.41,24870200,614940515.4596,18.51,0.5,4971000320,4971000000.0,122783692991.0,122783600000.0
2013-11-19,INTC,18.41,18.42,18.49,18.32,18.35,24712481,608144403.5829,18.42,0.5,4971000320,4971000000.0,122286563133.0,122286500000.0
2013-11-16,INTC,18.35,18.26,18.37,18.15,18.25,22866454,558810151.321,18.29,0.46,4971000320,4971000000.0,121888878136.4,121888800000.0
2013-11-15,INTC,18.25,18.28,18.34,18.22,18.41,20198930,493284048.4133,18.28,0.41,4971000320,4971000000.0,121217817948.2,121217800000.0
2013-11-14,INTC,18.41,18.15,18.43,18.11,18.28,22990313,562207114.2592,18.3,0.46,4971000320,4971000000.0,122286563133.0,122286500000.0
2013-11-13,INTC,18.28,17.95,18.34,17.95,18.09,37816024,922121055.6256,18.25,0.76,4971000320,4971000000.0,121441503020.6,121441400000.0
2013-11-12,INTC,18.09,17.99,18.18,17.91,18.03,19236743,465276986.8993,18.1,0.39,4971000320,4971000000.0,120144066966.08,120144000000.0
2013-11-09,INTC,18.03,17.98,18.05,17.84,18.01,31502895,756378113.8623,17.97,0.63,4971000320,4971000000.0,119751382795.8,119751300000.0
2013-11-08,INTC,18.01,18.24,18.25,17.96,18.15,25631063,618666989.3766,18.07,0.52,4971000320,4971000000.0,119597251959.88,119597200000.0
2013-11-07,INTC,18.15,18.01,18.19,17.88,17.98,25525727,616290370.3838,18.07,0.51,4971000320,4971000000.0,120521882874.4,120521800000.0
2013-11-06,INTC,17.98,17.9,18.04,17.79,17.98,22849922,548512149.1108,17.97,0.46,4971000320,4971000000.0,119453132718.6,119453100000.0
2013-11-05,INTC,17.98,18.03,18.09,17.91,18.04,26639821,645772997.1205,17.97,0.54,4971000320,4971000000.0,120571563051.6,120571500000.0
2013-11-02,INTC,18.04,18.17,18.28,17.96,18.14,28305934,689770123.9441,18.07,0.57,4971000320,4971000000.0,120919567871.0,120919500000.0
2013-11-01,INTC,18.14,18.18,18.34,18.11,18.16,30902028,758882547.6034,18.21,0.62,4971000320,4971000000.0,121640308236.4,121640300000.0
2013-10-31,INTC,18.16,18.19,18.3,18.09,18.18,24096161,591283598.5062,18.19,0.48,4971000320,4971000000.0,121764632954.4,121764600000.0
2013-10-30,INTC,18.18,18.09,18.29,18.05,18.06,29961743,735353784.9676,18.2,0.6,4971000320,4971000000.0,121903815992.36,121903800000.0
2013-10-29,INTC,18.06,17.93,18.16,17.92,17.97,65581625,1596603810.4595,18.05,1.32,4971000320,4971000000.0,121093498201.2,121093400000.0
2013-10-26,INTC,17.97,17.88,17.97,17.81,17.63,59634665,1443355269.9518,17.95,1.2,4971000320,4971000000.0,120472123161.2,120472100000.0
2013-10-25,INTC,17.63,17.69,17.77,17.63,17.6,47590180,1133083590.164,17.65,0.96,4971000320,4971000000.0,118210382638.6,118210300000.0
2013-10-24,INTC,17.6,17.74,17.83,17.47,17.85,31651063,750778723.3809,17.59,0.64,4971000320,4971000000.0,117986623001.2,117986600000.0
2013-10-23,INTC,17.85,17.92,17.94,17.8,17.9,29010786,699014482.519,17.87,0.58,4971000320,4971000000.0,119656948702.72,119656900000.0
2013-10-22,INTC,17.9,17.75,17.92,17.66,17.7,35297559,848422223.2259,17.82,0.71,4971000320,4971000000.0,119975067868.2,119975000000.0
2013-10-19,INTC,17.7,17.69,17.78,17.56,17.74,29579079,706073261.9271,17.7,0.6,4971000320,4971000000.0,118682632640.0,118682600000.0
2013-10-18,INTC,17.74,17.48,17.75,17.42,17.57,28694879,683041106.1207,17.65,0.58,4982000640,4982000000.0,119169450326.8,119169400000.0
2013-10-17,INTC,17.57,17.25,17.6,17.22,17.34,47723434,1124192157.5073,17.47,0.96,4982000640,4982000000.0,118048470290.8,118048400000.0
2013-10-16,INTC,17.34,17.35,17.49,17.29,17.39,42957661,1007343919.4904,17.39,0.86,4982000640,4982000000.0,116528994969.6,116528900000.0
2013-10-15,INTC,17.39,17.12,17.42,17.08,17.24,27176739,634935316.8374,17.32,0.55,4982000640,4982000000.0,116827900062.0,116827800000.0
2013-10-12,INTC,17.24,16.93,17.25,16.92,17.13,24550614,567600350.8838,17.14,0.49,4982000640,4982000000.0,115856375063.19,115856300000.0
2013-10-11,INTC,17.13,17.04,17.22,16.99,16.75,39189446,903931612.7077,17.1,0.79,4982000640,4982000000.0,115084169945.99,115084100000.0
2013-10-10,INTC,16.75,16.69,17.02,16.67,16.67,40435399,918469587.5377,16.84,0.81,4982000640,4982000000.0,112543379511.6,112543400000.0
2013-10-09,INTC,16.67,16.96,16.97,16.67,16.93,36111184,815047334.0273,16.74,0.72,4982000640,4982000000.0,111995354459.2,111995300000.0
2013-10-08,INTC,16.93,16.84,17.05,16.74,16.91,21329903,487548236.4926,16.95,0.43,4982000640,4982000000.0,113739009845.19,113738900000.0
2013-10-05,INTC,16.91,16.76,16.94,16.76,16.76,22550848,513518709.91,16.88,0.45,4982000640,4982000000.0,113639424634.4,113639400000.0
2013-10-04,INTC,16.76,16.92,16.94,16.68,16.97,34888536,788780850.344,16.76,0.7,4982000640,4982000000.0,112593169625.99,112593100000.0
2013-10-03,INTC,16.97,16.84,16.98,16.81,16.93,23212645,529475789.921,16.91,0.47,4982000640,4982000000.0,114013059736.4,114013000000.0
2013-10-02,INTC,16.93,17.01,17.08,16.83,17.0,25888782,592228825.7109,16.96,0.52,4982000640,4982000000.0,113739009845.19,113738900000.0
2013-10-01,INTC,17.0,16.85,17.18,16.76,17.04,32489645,745429061.6359,17.01,0.65,4982000640,4982000000.0,114192386849.43,114192400000.0
2013-09-28,INTC,17.04,17.21,17.34,16.97,17.36,28927778,665978053.2549,17.07,0.58,4982000640,4982000000.0,114486354779.2,114486300000.0
2013-09-27,INTC,17.36,17.61,17.65,17.2,17.57,32003266,748239463.3968,17.34,0.64,4982000640,4982000000.0,116628580180.39,116628500000.0
2013-09-26,INTC,17.57,17.63,17.65,17.48,17.58,19879860,471084991.0767,17.57,0.4,4982000640,4982000000.0,118073400222.0,118073400000.0
2013-09-25,INTC,17.58,17.48,17.68,17.48,17.51,24410083,579155826.1655,17.59,0.49,4982000640,4982000000.0,118098260405.19,118098200000.0
2013-09-24,INTC,17.51,17.57,17.68,17.51,17.62,22441555,531694275.2404,17.57,0.45,4982000640,4982000000.0,117674835188.8,117674800000.0
2013-09-21,INTC,17.62,17.75,17.77,17.48,17.73,47068977,1118829112.6002,17.63,0.94,4982000640,4982000000.0,118417163248.16,118417100000.0
2013-09-20,INTC,17.73,17.77,17.86,17.68,17.72,28261399,676990225.8714,17.76,0.57,4982000640,4982000000.0,119144515413.6,119144400000.0
2013-09-19,INTC,17.72,17.68,17.74,17.47,17.6,31984200,759889771.0812,17.62,0.64,4982000640,4982000000.0,119069785404.0,119069800000.0
2013-09-18,INTC,17.6,17.57,17.71,17.55,17.34,37540657,892724256.5101,17.63,0.75,4982000640,4982000000.0,118272650355.59,118272600000.0
2013-09-17,INTC,17.34,17.52,17.58,17.31,17.38,30256852,710978322.1832,17.42,0.61,4982000640,4982000000.0,116528994969.6,116528900000.0
2013-09-14,INTC,17.38,17.09,17.4,17.08,16.78,61134770,1423919822.9725,17.27,1.23,4982000640,4982000000.0,116778035217.59,116778000000.0
2013-09-13,INTC,16.78,16.89,16.94,16.76,16.91,29519149,670397201.5305,16.84,0.59,4982000640,4982000000.0,112742624663.19,112742600000.0
2013-09-12,INTC,16.91,16.99,17.04,16.84,17.04,45818106,1046435049.4872,16.93,0.92,4982000640,4982000000.0,113639424634.4,113639400000.0
2013-09-11,INTC,17.04,17.11,17.15,17.0,16.99,31707770,729072609.495,17.05,0.64,4982000640,4982000000.0,114511214962.39,114511100000.0
2013-09-10,INTC,16.99,16.85,17.08,16.83,16.81,27770555,636770161.7368,17.0,0.56,4982000640,4982000000.0,114137579860.39,114137500000.0
2013-09-07,INTC,16.81,16.82,16.92,16.61,16.76,27610489,625772184.9588,16.81,0.55,4982000640,4982000000.0,112941949526.8,112941900000.0
2013-09-06,INTC,16.76,16.82,16.85,16.68,16.78,22552727,509362112.3058,16.75,0.45,4982000640,4982000000.0,112593169625.99,112593100000.0
2013-09-05,INTC,16.78,16.59,16.89,16.52,16.36,37951407,856779541.0585,16.74,0.76,4982000640,4982000000.0,112767559576.4,112767500000.0
2013-09-04,INTC,16.36,16.47,16.49,16.29,16.3,26428340,583775337.9766,16.38,0.53,4982000640,4982000000.0,109937743356.87,109937700000.0
2013-08-31,INTC,16.3,16.49,16.5,16.24,16.36,33896243,746438895.3247,16.33,0.68,4982000640,4982000000.0,109504354139.2,109504300000.0
2013-08-30,INTC,16.36,16.49,16.64,16.35,16.52,28308223,628462338.0479,16.46,0.57,4982000640,4982000000.0,109902924154.4,109902900000.0
2013-08-29,INTC,16.52,16.46,16.62,16.41,16.45,28091782,627539452.7362,16.56,0.56,4982000640,4982000000.0,111023829460.39,111023800000.0
2013-08-28,INTC,16.45,16.4,16.48,16.31,16.52,37638469,832141232.8733,16.39,0.76,4982000640,4982000000.0,110555551292.24,110555500000.0
2013-08-27,INTC,16.52,16.61,16.7,16.48,16.64,22267723,497812539.1662,16.58,0.45,4982000640,4982000000.0,110974034364.0,110973900000.0
2013-08-24,INTC,16.64,16.56,16.74,16.56,16.51,23088692,518015538.6654,16.64,0.46,4982000640,4982000000.0,111796034577.59,111796000000.0
2013-08-23,INTC,16.51,16.51,16.6,16.44,16.44,17380586,386771883.5554,16.5,0.35,4982000640,4982000000.0,110899309336.4,110899300000.0
2013-08-22,INTC,16.44,16.71,16.74,16.36,16.7,32403297,721591904.7864,16.51,0.65,4982000640,4982000000.0,110450949206.8,110450900000.0
2013-08-21,INTC,16.7,16.54,16.82,16.54,16.52,32084301,723561819.3847,16.72,0.64,4982000640,4982000000.0,112209575504.72,112209500000.0
2013-08-20,INTC,16.52,16.37,16.83,16.35,16.25,43419051,974788044.8666,16.65,0.87,4982000640,4982000000.0,110998969277.2,110998900000.0
2013-08-17,INTC,16.25,16.36,16.45,16.23,16.33,30086547,662971865.7261,16.34,0.6,4982000640,4982000000.0,109180514133.6,109180400000.0
2013-08-16,INTC,16.33,16.52,16.62,16.29,16.74,40451125,894625008.9205,16.4,0.81,4982000640,4982000000.0,109753469117.2,109753400000.0
2013-08-15,INTC,16.74,16.61,16.86,16.57,16.7,23202465,523579632.4258,16.73,0.47,4982000640,4982000000.0,112443719570.8,112443600000.0
2013-08-14,INTC,16.7,16.82,16.83,16.6,16.79,26101704,587267249.8232,16.68,0.52,4982000640,4982000000.0,112194604592.79,112194500000.0
2013-08-13,INTC,16.79,16.67,16.83,16.65,16.69,23521571,532048503.87,16.77,0.47,4982000640,4982000000.0,112792494489.6,112792400000.0
2013-08-10,INTC,16.69,16.62,16.72,16.54,16.65,25146262,564681617.9444,16.65,0.5,4982000640,4982000000.0,112144809496.4,112144800000.0
2013-08-09,INTC,16.65,16.87,16.89,16.62,16.83,34796899,783410215.9248,16.69,0.7,4982000640,4982000000.0,111845899422.0,111845800000.0
2013-08-08,INTC,16.83,16.84,16.9,16.72,16.91,23350895,528631478.1434,16.79,0.47,4982000640,4982000000.0,113091399582.0,113091400000.0
2013-08-07,INTC,16.91,16.97,17.0,16.84,17.0,28847106,657621677.2137,16.9,0.58,4982000640,4982000000.0,113589554807.99,113589500000.0
2013-08-06,INTC,17.0,17.05,17.07,16.94,17.05,20875719,478339899.8231,16.99,0.42,4982000640,4982000000.0,114207362743.36,114207300000.0
2013-08-03,INTC,17.05,17.02,17.05,16.89,17.04,36242098,837003569.9852,16.96,0.73,4982000640,4982000000.0,115681985112.79,115681900000.0
2013-08-02,INTC,17.04,17.19,17.25,16.9,17.13,37832633,876930166.8336,17.02,0.76,4982000640,4982000000.0,115582399902.0,115582300000.0
2013-08-01,INTC,17.13,17.16,17.23,17.08,17.17,27680403,646342669.3266,17.15,0.56,4982000640,4982000000.0,116254945078.39,116254900000.0
2013-07-31,INTC,17.17,17.11,17.26,17.09,17.07,28858118,675063150.1595,17.18,0.58,4982000640,4982000000.0,116479125143.19,116479100000.0
2013-07-30,INTC,17.07,17.01,17.11,16.94,17.08,85543500,1987312203.513,17.06,1.72,4982000640,4982000000.0,115781650035.59,115781600000.0
2013-07-27,INTC,17.08,16.84,17.08,16.82,16.93,110479570,2565578559.9744,17.05,2.22,4982000640,4982000000.0,115881309976.4,115881300000.0
2013-07-26,INTC,16.93,16.78,16.93,16.76,16.84,114566880,2638910485.9771,16.91,2.3,4982000640,4982000000.0,114884924794.4,114884900000.0
2013-07-25,INTC,16.84,16.84,16.89,16.62,16.71,33432614,764627218.1446,16.79,0.67,4982000640,4982000000.0,114237239801.2,114237200000.0
2013-07-24,INTC,16.71,16.78,16.88,16.62,16.72,28523649,650943841.5115,16.76,0.57,4982000640,4982000000.0,113340514560.0,113340400000.0
2013-07-23,INTC,16.72,16.94,16.98,16.69,16.92,35890875,819941323.9432,16.78,0.72,4982000640,4982000000.0,113440104752.79,113440100000.0
2013-07-20,INTC,16.92,16.97,17.0,16.75,17.07,45875735,1053233015.6667,16.86,0.92,4982000640,4982000000.0,114785264853.6,114785200000.0
2013-07-19,INTC,17.07,17.23,17.34,17.01,17.73,77863875,1815208749.414,17.12,1.57,4971000320,4971000000.0,115545876757.08,115545800000.0
2013-07-18,INTC,17.73,17.84,17.94,17.65,17.81,44084110,1065856618.4216,17.75,0.89,4971000320,4971000000.0,120049627902.0,120049600000.0
2013-07-17,INTC,17.81,17.62,17.84,17.55,17.58,34499286,833802410.5582,17.75,0.69,4971000320,4971000000.0,120546757760.0,120546800000.0
2013-07-16,INTC,17.58,17.51,17.6,17.45,17.55,25650750,612178003.5683,17.52,0.52,4971000320,4971000000.0,119005688008.8,119005600000.0
2013-07-13,INTC,17.55,17.59,17.62,17.37,17.62,34563305,823031338.3285,17.49,0.7,4971000320,4971000000.0,118806877822.0,118806800000.0
2013-07-12,INTC,17.62,17.3,17.62,17.23,17.07,41315907,982124061.0968,17.46,0.83,4971000320,4971000000.0,119254252937.8,119254200000.0
2013-07-11,INTC,17.07,16.99,17.11,16.62,16.99,50037454,1149400098.1559,16.87,1.01,4971000320,4971000000.0,115575757440.0,115575700000.0
2013-07-10,INTC,16.99,17.11,17.2,16.97,17.02,34747778,807239529.8292,17.06,0.7,4971000320,4971000000.0,115004067548.2,115004000000.0
2013-07-09,INTC,17.02,17.52,17.56,16.91,17.67,68832375,1600593287.9006,17.08,1.38,4971000320,4971000000.0,115252632477.2,115252600000.0
2013-07-06,INTC,17.67,17.59,17.68,17.38,17.45,17837829,427103554.876,17.58,0.36,4971000320,4971000000.0,119602257757.2,119602200000.0
2013-07-04,INTC,17.45,17.4,17.55,17.22,17.42,18167161,430165544.4201,17.39,0.37,4971000320,4971000000.0,118120879777.84,118120800000.0
2013-07-03,INTC,17.42,17.53,17.65,17.29,17.54,28293567,673242371.0598,17.47,0.57,4971000320,4971000000.0,117912057996.4,117912000000.0
2013-07-02,INTC,17.54,17.88,17.93,17.51,17.79,29701493,714136549.4829,17.66,0.6,4971000320,4971000000.0,118737249020.52,118737200000.0
2013-06-29,INTC,17.79,17.57,17.92,17.42,17.66,80413813,1940521930.7583,17.72,1.62,4971000320,4971000000.0,120447317869.6,120447300000.0
2013-06-28,INTC,17.66,17.7,17.88,17.63,17.63,25565547,618016368.9375,17.75,0.51,4971000320,4971000000.0,119552498044.0,119552400000.0
2013-06-27,INTC,17.63,17.77,17.8,17.54,17.54,33647911,808131602.7333,17.64,0.68,4971000320,4971000000.0,119328812971.6,119328800000.0
2013-06-26,INTC,17.54,17.5,17.58,17.31,17.31,34571450,821261873.0463,17.44,0.7,4971000320,4971000000.0,118707437931.6,118707400000.0
2013-06-25,INTC,17.31,17.68,17.78,17.19,17.77,49150219,1164692833.8043,17.4,0.99,4971000320,4971000000.0,117216122922.6,117216100000.0
2013-06-22,INTC,17.77,17.85,17.88,17.69,17.76,67753938,1641284809.3917,17.79,1.36,4971000320,4971000000.0,120273317945.4,120273300000.0
2013-06-21,INTC,17.76,18.16,18.17,17.7,18.36,63569375,1547208534.0487,17.87,1.28,4971000320,4971000000.0,120223632797.2,120223600000.0
2013-06-20,INTC,18.36,18.72,18.86,18.36,18.7,28850122,730095295.0417,18.58,0.58,4971000320,4971000000.0,124275008000.0,124274900000.0
2013-06-19,INTC,18.7,18.41,18.83,18.41,18.43,36677348,933419947.8619,18.69,0.74,4971000320,4971000000.0,126586508235.8,126586400000.0
2013-06-18,INTC,18.43,18.44,18.61,18.29,18.3,42653008,1076404020.4844,18.53,0.86,4971000320,4971000000.0,124772063293.0,124772000000.0
2013-06-15,INTC,18.3,18.37,18.46,18.24,18.35,24762696,618383875.3023,18.34,0.5,4971000320,4971000000.0,123877323003.4,123877300000.0
2013-06-14,INTC,18.35,17.96,18.36,17.92,17.96,27709954,687835681.1861,18.23,0.56,4971000320,4971000000.0,124225253257.8,124225200000.0
2013-06-13,INTC,17.96,18.33,18.36,17.92,18.14,24538383,605212101.7818,18.11,0.49,4971000320,4971000000.0,121590628059.2,121590600000.0
2013-06-12,INTC,18.14,18.23,18.42,18.09,18.36,27079571,673138262.1285,18.25,0.54,4971000320,4971000000.0,122833378139.2,122833300000.0
2013-06-11,INTC,18.36,18.14,18.42,18.09,18.06,29783770,743483106.8926,18.33,0.6,4971000320,4971000000.0,124324693148.2,124324600000.0
2013-06-08,INTC,18.06,17.92,18.14,17.78,18.1,35543555,871346447.6646,18.0,0.72,4971000320,4971000000.0,122236882955.8,122236800000.0
2013-06-07,INTC,18.1,18.17,18.31,17.82,18.14,40026692,983307723.6796,18.04,0.81,4971000320,4971000000.0,122535128062.0,122535100000.0
2013-06-06,INTC,18.14,18.44,18.56,18.1,18.62,53343571,1329823112.2003,18.31,1.07,4971000320,4971000000.0,122783692991.0,122783600000.0
2013-06-05,INTC,18.62,18.77,19.08,18.61,18.53,68524000,1757057803.38,18.83,1.38,4971000320,4971000000.0,126064498521.2,126064400000.0
2013-06-04,INTC,18.53,18.27,18.69,18.23,17.83,76493375,1927349259.5788,18.5,1.54,4971000320,4971000000.0,125468003337.8,125467900000.0
2013-06-01,INTC,17.83,17.79,18.14,17.72,17.78,47796668,1169283346.9516,17.96,0.96,4971000320,4971000000.0,120695882798.6,120695800000.0
2013-05-31,INTC,17.78,17.83,17.99,17.78,17.82,26306926,640936289.0749,17.89,0.53,4971000320,4971000000.0,120347877979.2,120347800000.0
2013-05-30,INTC,17.82,17.59,17.9,17.54,17.68,31654258,765681333.1394,17.76,0.64,4971000320,4971000000.0,120646128056.4,120646100000.0
2013-05-29,INTC,17.68,17.74,17.92,17.62,17.57,31158321,753177412.0964,17.75,0.63,4971000320,4971000000.0,119701623082.6,119701600000.0
2013-05-25,INTC,17.57,17.56,17.65,17.31,17.66,30863047,733867673.3124,17.46,0.62,4971000320,4971000000.0,118921185974.36,118921100000.0
2013-05-24,INTC,17.66,17.54,17.71,17.51,17.67,38136442,914938854.7646,17.62,0.77,4971000320,4971000000.0,119552498044.0,119552400000.0
2013-05-23,INTC,17.67,17.72,18.01,17.58,17.73,49689243,1205520662.2716,17.82,1.0,4971000320,4971000000.0,119651942905.4,119651900000.0
2013-05-22,INTC,17.73,17.7,17.81,17.62,17.68,37919969,915865388.2298,17.74,0.76,4971000320,4971000000.0,120049627902.0,120049600000.0
2013-05-21,INTC,17.68,17.68,17.81,17.62,17.65,31326157,754117396.8151,17.68,0.63,4971000320,4971000000.0,119701623082.6,119701600000.0
2013-05-18,INTC,17.65,17.71,17.78,17.55,17.58,36278247,872778148.2753,17.67,0.73,4971000320,4971000000.0,119502817866.8,119502800000.0
2013-05-17,INTC,17.58,17.67,17.92,17.57,17.77,29815250,720819268.1585,17.75,0.6,4971000320,4971000000.0,119005688008.8,119005600000.0
2013-05-16,INTC,17.77,17.54,17.77,17.48,17.51,33570196,808608600.9312,17.69,0.68,4971000320,4971000000.0,120298192831.0,120298100000.0
2013-05-15,INTC,17.51,17.68,17.75,17.46,17.68,36697465,876588199.6415,17.54,0.74,4971000320,4971000000.0,118508632715.8,118508600000.0
2013-05-14,INTC,17.68,17.92,17.98,17.65,17.99,28535192,690545910.8264,17.77,0.57,4971000320,4971000000.0,119701623082.6,119701600000.0
2013-05-11,INTC,17.99,17.93,18.02,17.88,17.89,22559536,551505892.8977,17.95,0.45,4971000320,4971000000.0,121789507840.0,121789400000.0
2013-05-10,INTC,17.89,17.77,18.04,17.7,17.81,31336266,763805721.6082,17.9,0.63,4971000320,4971000000.0,121093498201.2,121093400000.0
2013-05-09,INTC,17.81,17.65,17.84,17.59,17.73,24903239,601948492.0691,17.75,0.5,4971000320,4971000000.0,120546757760.0,120546800000.0
2013-05-08,INTC,17.73,17.6,17.81,17.58,17.56,38605520,930284897.9385,17.69,0.78,4971000320,4971000000.0,120049627902.0,120049600000.0
2013-05-07,INTC,17.56,17.75,17.78,17.51,17.59,31009083,743166629.0409,17.6,0.62,4971000320,4971000000.0,118856562970.2,118856500000.0
2013-05-04,INTC,17.59,17.78,17.78,17.59,17.54,30086348,723146163.8465,17.65,0.61,4971000320,4971000000.0,119105127899.2,119105100000.0
2013-05-03,INTC,17.54,17.26,17.57,17.22,17.45,33494270,804167110.3856,17.47,0.67,4971000320,4971000000.0,119850748121.2,119850700000.0
2013-05-02,INTC,17.45,17.33,17.58,17.32,17.42,38373731,921091956.2019,17.46,0.77,4971000320,4971000000.0,119254252937.8,119254200000.0
2013-05-01,INTC,17.42,17.26,17.46,17.2,17.28,41471153,989123991.3185,17.35,0.83,4971000320,4971000000.0,119055442751.0,119055400000.0
2013-04-30,INTC,17.28,17.05,17.34,17.02,17.02,102145750,2424643065.159,17.27,2.05,4971000320,4971000000.0,118110942748.2,118110900000.0
2013-04-27,INTC,17.02,16.96,17.14,16.83,17.01,101379070,2369907497.3946,17.01,2.04,4971000320,4971000000.0,116321377662.0,116321300000.0
2013-04-26,INTC,17.01,17.2,17.36,16.96,17.21,109181690,2560681848.246,17.06,2.2,4971000320,4971000000.0,116221937771.6,116221900000.0
2013-04-25,INTC,17.21,16.93,17.31,16.91,17.0,54287637,1276329435.4009,17.1,1.09,4971000320,4971000000.0,117613812890.2,117613800000.0
2013-04-24,INTC,17.0,16.72,17.06,16.68,16.64,62494012,1449704530.8999,16.87,1.26,4971000320,4971000000.0,116197132480.0,116197100000.0
2013-04-23,INTC,16.64,16.35,16.69,16.26,16.32,52819793,1199030112.0984,16.51,1.06,4971000320,4971000000.0,113736437611.6,113736400000.0
2013-04-20,INTC,16.32,16.2,16.33,16.16,16.18,49103813,1097037468.646,16.25,0.99,4971000320,4971000000.0,111549187528.8,111549100000.0
2013-04-19,INTC,16.18,16.04,16.29,15.93,15.95,76238000,1694053874.086,16.16,1.54,4950950400,4950950000.0,110109092337.45,110109100000.0
2013-04-18,INTC,15.95,15.85,16.11,15.69,15.94,79463625,1732243056.7819,15.86,1.61,4950950400,4950950000.0,108574307615.35,108574300000.0
2013-04-17,INTC,15.94,15.62,15.95,15.58,15.55,64766911,1407015092.2013,15.8,1.31,4950950400,4950950000.0,108500048310.3,108500000000.0
2013-04-16,INTC,15.55,15.64,15.79,15.54,15.77,38459137,827025205.1297,15.64,0.78,4950950400,4950950000.0,105851270042.5,105851200000.0
2013-04-13,INTC,15.77,15.81,15.86,15.62,15.88,34034793,735604089.4425,15.72,0.69,4950950400,4950950000.0,107311790508.6,107311800000.0
2013-04-12,INTC,15.88,15.81,15.94,15.63,16.19,59299766,1288268796.2235,15.8,1.2,4950950400,4950950000.0,108054477627.15,108054400000.0
2013-04-11,INTC,16.19,15.8,16.31,15.79,15.82,67102813,1492849231.6539,16.18,1.36,4950950400,4950950000.0,110208131149.25,110208100000.0
2013-04-10,INTC,15.82,15.36,15.92,15.32,15.34,61522739,1330533450.3949,15.73,1.24,4950950400,4950950000.0,107683171200.0,107683100000.0
2013-04-09,INTC,15.34,15.2,15.34,15.13,15.23,34214688,716123615.817,15.23,0.69,4950950400,4950950000.0,104415529083.15,104415500000.0
2013-04-06,INTC,15.23,15.23,15.25,15.09,15.37,36724442,765226867.434,15.16,0.74,4950950400,4950950000.0,103672841964.6,103672800000.0
2013-04-05,INTC,15.37,15.31,15.41,15.25,15.31,28703622,605115349.7858,15.34,0.58,4950950400,4950950000.0,104638311949.25,104638300000.0
2013-04-04,INTC,15.31,15.6,15.64,15.28,15.61,36620723,775707112.5234,15.41,0.74,4950950400,4950950000.0,104217446508.6,104217400000.0
2013-04-03,INTC,15.61,15.65,15.7,15.51,15.59,28168028,604702718.3595,15.62,0.57,4950950400,4950950000.0,106222576469.64,106222500000.0
2013-04-02,INTC,15.59,15.76,15.79,15.51,15.88,33722266,722900506.7927,15.59,0.68,4950950400,4950950000.0,106098832415.35,106098800000.0
2013-03-29,INTC,15.88,15.89,15.94,15.71,15.88,33338696,726486591.696,15.85,0.67,4950950400,4950950000.0,108103962376.4,108103900000.0
2013-03-28,INTC,15.88,15.73,15.99,15.65,15.83,45378434,991491374.3259,15.89,0.92,4950950400,4950950000.0,108079182869.64,108079100000.0
2013-03-27,INTC,15.83,15.48,15.84,15.46,15.39,39553688,853105769.3367,15.69,0.8,4950950400,4950950000.0,107757435456.0,107757400000.0
2013-03-26,INTC,15.39,15.56,15.58,15.33,15.52,32741024,694528793.9072,15.43,0.66,4950950400,4950950000.0,104712571254.3,104712500000.0
2013-03-23,INTC,15.52,15.39,15.52,15.33,15.31,30803192,654271718.9153,15.45,0.62,4950950400,4950950000.0,105603707669.64,105603600000.0
2013-03-22,INTC,15.31,15.28,15.38,15.2,15.41,32607512,685569287.7587,15.29,0.66,4950950400,4950950000.0,104167966710.3,104167900000.0
2013-03-21,INTC,15.41,15.5,15.54,15.36,15.38,29918954,634499963.8936,15.43,0.6,4950950400,4950950000.0,104861094815.35,104861100000.0
2013-03-20,INTC,15.38,15.47,15.54,15.28,15.47,42549391,899872645.1223,15.38,0.86,4950950400,4950950000.0,104663091456.0,104663100000.0
2013-03-19,INTC,15.47,15.45,15.63,15.41,15.55,35188243,750431085.6077,15.51,0.71,4950950400,4950950000.0,105257180749.25,105257100000.0
2013-03-16,INTC,15.55,15.72,15.79,15.47,15.75,52955004,1134719507.982,15.59,1.07,4945999360,4945999000.0,105720736320.0,105720700000.0
2013-03-15,INTC,15.75,15.81,15.89,15.65,15.75,28837852,623863671.242,15.74,0.58,4945999360,4945999000.0,107080856468.0,107080800000.0
2013-03-14,INTC,15.75,15.68,15.79,15.61,15.74,24617817,532357683.1364,15.73,0.5,4945999360,4945999000.0,107105611194.8,107105600000.0
2013-03-13,INTC,15.74,15.76,15.81,15.6,15.78,28618676,617361821.1039,15.69,0.58,4945999360,4945999000.0,107031426150.4,107031400000.0
2013-03-12,INTC,15.78,15.66,15.81,15.48,15.7,42151973,908134625.448,15.67,0.85,4945999360,4945999000.0,107278666766.41,107278600000.0
2013-03-09,INTC,15.7,15.97,16.03,15.61,15.92,44997950,973791321.3743,15.74,0.91,4945999360,4945999000.0,106734601890.81,106734600000.0
2013-03-08,INTC,15.92,15.86,16.0,15.82,15.82,42379930,928005786.9094,15.93,0.86,4945999360,4945999000.0,108267925990.4,108267900000.0
2013-03-07,INTC,15.82,15.66,15.85,15.65,15.65,37190641,807408518.5849,15.79,0.75,4945999360,4945999000.0,107575486080.0,107575400000.0
2013-03-06,INTC,15.65,15.52,15.71,15.49,15.47,38801016,833220700.1852,15.62,0.78,4945999360,4945999000.0,106388421503.6,106388400000.0
2013-03-05,INTC,15.47,15.39,15.49,15.25,15.3,47554032,1004868482.5008,15.37,0.96,4945999360,4945999000.0,105201356927.21,105201300000.0
2013-03-02,INTC,15.3,15.12,15.41,15.03,15.19,45699184,958321028.3168,15.25,0.92,4945999360,4945999000.0,104014361594.8,104014300000.0
2013-03-01,INTC,15.19,15.21,15.33,15.15,15.23,34811129,729550685.2823,15.25,0.7,4945999360,4945999000.0,103272417176.81,103272400000.0
2013-02-28,INTC,15.23,14.99,15.31,14.92,14.97,46970239,981043427.1711,15.19,0.95,4945999360,4945999000.0,103519731982.8,103519700000.0
2013-02-27,INTC,14.97,14.91,15.17,14.85,14.72,67248563,1389798883.1015,15.03,1.36,4945999360,4945999000.0,101788602530.81,101788600000.0
2013-02-26,INTC,14.72,14.96,15.02,14.72,14.85,41525543,850036170.3186,14.89,0.84,4945999360,4945999000.0,100057547268.8,100057500000.0
2013-02-23,INTC,14.85,14.78,14.91,14.62,14.73,34537676,702537326.0614,14.8,0.7,4945999360,4945999000.0,100997301985.2,100997300000.0
2013-02-22,INTC,14.73,15.1,15.1,14.64,15.08,60754485,1233236517.8791,14.77,1.23,4945999360,4945999000.0,100156487040.0,100156400000.0
2013-02-21,INTC,15.08,15.34,15.35,15.06,15.34,46119735,962089402.4777,15.18,0.93,4945999360,4945999000.0,102530546948.8,102530500000.0
2013-02-20,INTC,15.34,15.41,15.43,15.32,15.36,31073758,656277644.665,15.36,0.63,4945999360,4945999000.0,104286356937.61,104286300000.0
2013-02-16,INTC,15.36,15.44,15.49,15.27,15.44,33811618,715602574.1876,15.4,0.68,4945999360,4945999000.0,104434731972.41,104434700000.0
2013-02-15,INTC,15.44,15.37,15.48,15.32,15.46,35263020,748256600.286,15.44,0.71,4945999360,4945999000.0,105003546628.8,105003500000.0
2013-02-14,INTC,15.46,15.44,15.49,15.38,15.41,21272454,451509920.8505,15.44,0.43,4945999360,4945999000.0,105102486400.0,105102400000.0
2013-02-13,INTC,15.41,15.3,15.46,15.27,15.3,28393516,600502760.7907,15.39,0.57,4945999360,4945999000.0,104805667086.41,104805600000.0
2013-02-12,INTC,15.3,15.28,15.32,15.22,15.28,18901625,397140058.2044,15.28,0.38,4945999360,4945999000.0,104014361594.8,104014300000.0
2013-02-09,INTC,15.28,15.2,15.34,15.19,15.14,28155317,591841656.5302,15.29,0.57,4945999360,4945999000.0,103865986560.0,103865900000.0
2013-02-08,INTC,15.14,15.25,15.25,15.06,15.27,41019680,853496153.6026,15.14,0.82,4976000000,4976000000.0,103550550048.0,103550500000.0
2013-02-07,INTC,15.27,15.39,15.42,15.21,15.41,32367067,679882768.3899,15.28,0.65,4976000000,4976000000.0,104446195216.0,104446100000.0
2013-02-06,INTC,15.41,15.38,15.52,15.32,15.23,30080735,637584821.7827,15.42,0.6,4976000000,4976000000.0,105383673616.0,105383600000.0
2013-02-05,INTC,15.23,15.33,15.39,15.22,15.37,38345563,815502642.3969,15.31,0.77,4976000000,4976000000.0,105292105264.0,105292100000.0
2013-02-02,INTC,15.37,15.25,15.37,15.18,15.14,31872590,677741941.019,15.3,0.64,4976000000,4976000000.0,106262460096.0,106262400000.0
2013-02-01,INTC,15.14,15.33,15.34,15.13,15.38,36534067,772074291.7747,15.21,0.73,4976000000,4976000000.0,104695010144.0,104694900000.0
2013-01-31,INTC,15.38,15.32,15.45,15.27,15.32,34153461,729107812.2003,15.36,0.69,4976000000,4976000000.0,106337100096.0,106337100000.0
2013-01-30,INTC,15.32,15.18,15.33,15.12,15.15,105706000,2229190811.658,15.18,2.12,4976000000,4976000000.0,105889275024.0,105889300000.0
2013-01-29,INTC,15.15,15.12,15.18,15.11,15.09,105403380,2218635324.0065,15.15,2.12,4976000000,4976000000.0,104744740288.0,104744700000.0
2013-01-26,INTC,15.09,15.14,15.16,15.03,15.08,107633690,2256216441.0768,15.09,2.16,4976000000,4976000000.0,104296920192.0,104296900000.0
2013-01-25,INTC,15.08,15.19,15.24,15.06,15.19,58405399,1228854559.4189,15.14,1.17,4976000000,4976000000.0,104247185072.0,104247100000.0
2013-01-24,INTC,15.19,15.26,15.27,15.14,15.24,42432235,895264742.0011,15.19,0.85,4976000000,4976000000.0,105043290336.0,105043300000.0
2013-01-23,INTC,15.24,15.32,15.32,15.14,15.29,51126762,1080251781.4809,15.21,1.03,4976000000,4976000000.0,105341915024.0,105341800000.0
2013-01-19,INTC,15.29,15.37,15.43,15.14,16.32,143760000,3050714715.12,15.27,2.89,4976000000,4976000000.0,105740000000.0,105739900000.0
2013-01-18,INTC,16.32,15.92,16.6,15.91,15.91,101019570,2276263666.8139,16.22,2.03,4976000000,4976000000.0,112855645168.0,112855600000.0
2013-01-17,INTC,15.91,15.77,15.98,15.73,15.75,36768305,810494409.9234,15.86,0.74,4976000000,4976000000.0,110019290336.0,110019300000.0
2013-01-16,INTC,15.75,15.8,15.93,15.68,15.83,33998458,745575576.4211,15.78,0.68,4976000000,4976000000.0,108874830240.0,108874800000.0
2013-01-15,INTC,15.83,15.82,15.93,15.65,15.83,35724489,781841159.1117,15.75,0.72,4976000000,4976000000.0,109466989168.0,109466900000.0
2013-01-12,INTC,15.83,15.69,15.88,15.67,15.69,44945782,984923438.9774,15.77,0.9,4976000000,4976000000.0,109472000000.0,109471900000.0
2013-01-11,INTC,15.69,15.55,15.7,15.5,15.44,44629665,968575304.6625,15.62,0.9,4976000000,4976000000.0,108476740288.0,108476700000.0
2013-01-10,INTC,15.44,15.27,15.45,15.26,15.18,34295106,731637661.8203,15.35,0.69,4976000000,4976000000.0,106735185072.0,106735100000.0
2013-01-09,INTC,15.18,15.28,15.52,15.13,15.29,48676727,1035816217.4896,15.32,0.98,4976000000,4976000000.0,104943825072.0,104943800000.0
2013-01-08,INTC,15.29,15.32,15.44,15.24,15.23,36355891,774074943.392,15.32,0.73,4976000000,4976000000.0,105740000000.0,105739900000.0
2013-01-05,INTC,15.23,15.37,15.39,15.15,15.34,30149719,637373803.0785,15.21,0.61,4976000000,4976000000.0,105292105264.0,105292100000.0
2013-01-04,INTC,15.34,15.4,15.46,15.21,15.39,41060278,872945082.5242,15.3,0.83,4976000000,4976000000.0,106088285168.0,106088200000.0
2013-01-03,INTC,15.39,15.22,15.39,15.15,14.84,47629711,1010116050.4182,15.26,0.96,4976000000,4976000000.0,106386830240.0,106386800000.0
2013-01-01,INTC,14.84,14.57,14.87,14.51,14.56,41148403,841328395.1218,14.72,0.83,4976000000,4976000000.0,102605100096.0,102605100000.0
2012-12-29,INTC,14.56,14.65,14.75,14.55,14.76,25906817,526851289.6115,14.64,0.52,4976000000,4976000000.0,100664460096.0,100664400000.0
2012-12-28,INTC,14.76,14.9,14.94,14.62,14.86,31712231,649751869.2468,14.75,0.64,4976000000,4976000000.0,102057735120.0,102057700000.0
2012-12-27,INTC,14.86,14.93,15.06,14.85,14.85,22494176,466403040.4068,14.92,0.45,4976000000,4976000000.0,102754370144.0,102754300000.0
2012-12-25,INTC,14.85,14.86,14.92,14.76,14.94,14200782,292925153.8237,14.85,0.29,4976000000,4976000000.0,102704640000.0,102704600000.0
2012-12-22,INTC,14.94,14.87,15.01,14.74,15.14,62002278,1285535949.3435,14.92,1.25,4976000000,4976000000.0,103326640000.0,103326600000.0
2012-12-21,INTC,15.14,15.27,15.29,15.03,15.19,34014895,714070949.0965,15.11,0.68,4976000000,4976000000.0,104641781872.0,104641700000.0
2012-12-20,INTC,15.19,15.16,15.34,15.01,15.09,52806571,1115633124.9108,15.21,1.06,4976000000,4976000000.0,104993555216.0,104993500000.0
2012-12-19,INTC,15.09,14.88,15.11,14.8,14.8,41606348,867279955.3935,15.0,0.84,4976000000,4976000000.0,104296920192.0,104296900000.0
2012-12-18,INTC,14.8,14.79,14.89,14.65,14.77,34967743,717359506.0965,14.76,0.7,4976000000,4976000000.0,102356285168.0,102356300000.0
2012-12-15,INTC,14.77,14.77,14.93,14.65,14.75,34153872,702346849.6592,14.8,0.69,4976000000,4976000000.0,102140799488.0,102140800000.0
2012-12-14,INTC,14.75,14.85,15.06,14.71,14.88,41613895,857457968.4978,14.83,0.84,4976000000,4976000000.0,101958195216.0,101958100000.0
2012-12-13,INTC,14.88,15.01,15.11,14.78,14.86,48357864,1001713809.6144,14.91,0.97,4976000000,4976000000.0,102853915024.0,102853900000.0
2012-12-12,INTC,14.86,14.51,14.93,14.5,14.45,51039793,1050893617.6138,14.82,1.03,4976000000,4976000000.0,102754370144.0,102754300000.0
2012-12-11,INTC,14.45,14.5,14.52,14.38,14.51,27278497,547520025.1935,14.45,0.55,4976000000,4976000000.0,99918015312.0,99917940000.0
2012-12-08,INTC,14.51,14.63,14.65,14.42,14.51,41704645,840594654.1555,14.51,0.84,4976000000,4976000000.0,100291275024.0,100291300000.0
2012-12-07,INTC,14.51,14.39,14.6,14.37,14.29,46291149,933506662.6579,14.51,0.93,4976000000,4976000000.0,100316105264.0,100316100000.0
2012-12-06,INTC,14.29,14.35,14.41,14.21,14.37,45855547,911667290.449,14.31,0.92,4976000000,4976000000.0,98773555216.0,98773500000.0
2012-12-05,INTC,14.37,14.13,14.43,14.11,14.06,57945692,1152545086.938,14.32,1.16,4976000000,4976000000.0,99367689616.0,99367630000.0
2012-12-04,INTC,14.06,14.31,14.33,14.03,14.08,50636903,992883077.1492,14.11,1.02,4976000000,4976000000.0,97231010144.0,97230940000.0
2012-12-01,INTC,14.08,14.13,14.23,13.98,14.06,51437508,1009574154.1426,14.13,1.03,4976000000,4976000000.0,97355380288.0,97355310000.0
2012-11-30,INTC,14.06,14.27,14.42,14.01,14.46,64928942,1276222896.2642,14.15,1.3,4976000000,4976000000.0,97181275024.0,97181190000.0
2012-11-29,INTC,14.46,14.32,14.47,14.14,14.34,43226211,862838354.5448,14.37,0.87,4976000000,4976000000.0,99967825072.0,99967750000.0
2012-11-28,INTC,14.34,14.36,14.53,14.34,14.31,44898106,899712562.4586,14.42,0.9,4976000000,4976000000.0,99171645168.0,99171560000.0
2012-11-27,INTC,14.31,14.17,14.34,14.12,14.19,67047813,1330215066.2618,14.28,1.35,4976000000,4976000000.0,98947735120.0,98947690000.0
2012-11-24,INTC,14.19,14.06,14.28,14.04,13.93,51711395,1018196747.0133,14.17,1.04,4976000000,4976000000.0,98126650336.0,98126630000.0
2012-11-22,INTC,13.93,14.05,14.07,13.84,14.04,95635938,1851558525.6537,13.93,1.92,4976000000,4976000000.0,96335290336.0,96335250000.0
2012-11-21,INTC,14.04,14.31,14.31,13.93,14.57,85743250,1673999081.104,14.05,1.72,4976000000,4976000000.0,97097678224.0,97097630000.0
2012-11-20,INTC,14.57,14.39,14.72,14.2,14.53,69433750,1399832378.7213,14.51,1.4,4976000000,4976000000.0,100764000000.0,100763900000.0
2012-11-17,INTC,14.53,14.44,14.58,14.23,14.42,50860122,1019760348.1157,14.43,1.02,4976000000,4976000000.0,100465380288.0,100465300000.0
2012-11-16,INTC,14.42,14.4,14.6,14.38,14.37,45740032,920280158.6135,14.48,0.92,4976000000,4976000000.0,99669275024.0,99669190000.0
2012-11-15,INTC,14.37,14.7,14.75,14.36,14.6,58961208,1188557424.4204,14.51,1.18,4976000000,4976000000.0,99320920192.0,99320880000.0
2012-11-14,INTC,14.6,14.8,14.98,14.52,14.94,56379188,1154685122.9132,14.74,1.13,4976000000,4976000000.0,100913275024.0,100913200000.0
2012-11-13,INTC,14.94,15.03,15.05,14.86,14.97,27267450,566459078.0457,14.95,0.55,4976000000,4976000000.0,103326640000.0,103326600000.0
2012-11-10,INTC,14.97,14.98,15.21,14.97,14.99,35021477,733489288.9658,15.07,0.7,4976000000,4976000000.0,103500740288.0,103500700000.0
2012-11-09,INTC,14.99,15.04,15.21,14.98,15.05,38089922,799373995.6933,15.1,0.77,4976000000,4976000000.0,103650015312.0,103649900000.0
2012-11-08,INTC,15.05,15.5,15.51,15.04,15.64,70960063,1495553507.2273,15.17,1.43,4976000000,4976000000.0,104048105264.0,104048100000.0
2012-11-07,INTC,15.64,15.64,15.83,15.57,15.72,49862930,1085011772.1518,15.66,1.0,4976000000,4976000000.0,108128460096.0,108128400000.0
2012-11-06,INTC,15.72,15.85,15.91,15.63,15.71,48797372,1069808843.4604,15.78,0.98,4976000000,4976000000.0,108671346672.0,108671300000.0
2012-11-03,INTC,15.71,15.95,16.06,15.69,15.86,51737555,1152872956.6078,15.87,1.04,4976000000,4976000000.0,109770550048.0,109770500000.0
2012-11-02,INTC,15.86,15.5,15.96,15.47,15.41,50364215,1118296800.5177,15.82,1.01,4976000000,4976000000.0,110765735120.0,110765700000.0
2012-11-01,INTC,15.41,15.68,15.74,15.38,15.64,40618000,882783325.928,15.48,0.82,4976000000,4976000000.0,107630830240.0,107630800000.0
2012-10-27,INTC,15.64,15.51,15.69,15.39,15.45,92417375,2025261341.6235,15.61,1.86,4976000000,4976000000.0,109223185072.0,109223100000.0
2012-10-26,INTC,15.45,15.37,15.49,15.32,15.29,79234188,1716822219.1567,15.44,1.59,4976000000,4976000000.0,107929380288.0,107929300000.0
2012-10-25,INTC,15.29,15.48,15.49,15.25,15.38,33237750,715266408.675,15.33,0.67,4976000000,4976000000.0,106784920192.0,106784900000.0
2012-10-24,INTC,15.38,15.19,15.51,15.17,15.29,47202227,1016943092.9521,15.35,0.95,4976000000,4976000000.0,107431825072.0,107431800000.0
2012-10-23,INTC,15.29,15.24,15.36,15.17,15.15,36501774,782338579.9504,15.27,0.73,4976000000,4976000000.0,106784920192.0,106784900000.0
2012-10-20,INTC,15.15,15.44,15.45,15.12,15.44,55622219,1190298188.0899,15.24,1.12,4976000000,4976000000.0,105814640000.0,105814600000.0
2012-10-19,INTC,15.44,15.54,15.57,15.39,15.52,42926977,931004398.1658,15.45,0.86,5003000320,5003000000.0,108415011931.4,108414900000.0
2012-10-18,INTC,15.52,15.15,15.66,15.15,15.92,99061938,2150692823.3376,15.47,1.98,5003000320,5003000000.0,109015346954.8,109015300000.0
2012-10-17,INTC,15.92,15.67,16.01,15.64,15.48,80706875,1797043248.6919,15.86,1.61,5003000320,5003000000.0,111817012125.0,111816900000.0
2012-10-16,INTC,15.48,15.34,15.6,15.32,15.3,49513762,1077622467.5442,15.5,0.99,5003000320,5003000000.0,108715176941.6,108715100000.0
2012-10-13,INTC,15.3,15.37,15.57,15.24,15.44,46277938,998066477.9231,15.36,0.93,5003000320,5003000000.0,107465877731.69,107465800000.0
2012-10-12,INTC,15.44,15.58,15.59,15.33,15.5,36817446,799917701.3589,15.48,0.74,5003000320,5003000000.0,108465011916.6,108464900000.0
2012-10-11,INTC,15.5,15.6,15.67,15.46,15.6,47188809,1029263426.3844,15.54,0.94,5003000320,5003000000.0,108865261948.2,108865200000.0
2012-10-10,INTC,15.6,15.79,15.81,15.57,16.04,66317313,1456307436.161,15.64,1.33,5003000320,5003000000.0,109565676990.0,109565600000.0
2012-10-09,INTC,16.04,16.11,16.11,15.96,16.16,29708075,667893614.8456,16.02,0.59,5003000320,5003000000.0,112617512188.2,112617400000.0
2012-10-06,INTC,16.16,16.14,16.31,16.09,16.0,38348352,872390494.4832,16.21,0.77,5003000320,5003000000.0,113468012236.6,113468000000.0
2012-10-05,INTC,16.0,16.09,16.11,15.86,16.06,52982309,1187449364.0175,15.97,1.06,5003000320,5003000000.0,112392387179.8,112392300000.0
2012-10-04,INTC,16.06,16.28,16.36,16.02,16.27,49779586,1129289333.8421,16.16,0.99,5003000320,5003000000.0,112817597180.0,112817500000.0
2012-10-03,INTC,16.27,16.31,16.38,16.14,16.21,36389344,829942576.2432,16.25,0.73,5003000320,5003000000.0,114268512299.8,114268400000.0
2012-10-02,INTC,16.21,16.21,16.51,16.16,16.14,55266051,1266559502.7283,16.33,1.1,5003000320,5003000000.0,113843222251.6,113843200000.0
2012-09-29,INTC,16.14,16.43,16.43,16.09,16.45,47926536,1090453015.4344,16.21,0.96,5003000320,5003000000.0,113342967246.6,113342900000.0
2012-09-28,INTC,16.45,16.21,16.48,16.14,16.13,43880653,1005849617.0433,16.33,0.88,5003000320,5003000000.0,115494222363.2,115494200000.0
2012-09-27,INTC,16.13,16.08,16.21,16.01,16.05,49734618,1124365429.5114,16.1,0.99,5003000320,5003000000.0,113292892216.4,113292800000.0
2012-09-26,INTC,16.05,16.35,16.36,16.04,16.24,49535055,1126193890.126,16.2,0.99,5003000320,5003000000.0,112742557178.2,112742500000.0
2012-09-25,INTC,16.24,16.33,16.35,16.04,16.47,48848528,1109965366.9387,16.19,0.98,5003000320,5003000000.0,114043387291.4,114043300000.0
2012-09-22,INTC,16.47,16.54,16.58,16.39,16.51,56249063,1302356886.517,16.49,1.12,5003000320,5003000000.0,115694382400.0,115694300000.0
2012-09-21,INTC,16.51,16.45,16.51,16.38,16.49,33083719,764216970.0359,16.46,0.66,5003000320,5003000000.0,115963483781.21,115963400000.0
2012-09-20,INTC,16.49,16.74,16.75,16.48,16.65,39459735,918634034.6634,16.58,0.79,5003000320,5003000000.0,115819427390.0,115819400000.0
2012-09-19,INTC,16.65,16.61,16.75,16.48,16.61,41953133,977796846.2207,16.6,0.84,5003000320,5003000000.0,116920097466.4,116920100000.0
2012-09-18,INTC,16.61,16.59,16.7,16.5,16.65,36169868,840724816.1197,16.56,0.72,5003000320,5003000000.0,116619927453.2,116619900000.0
2012-09-15,INTC,16.65,16.71,16.77,16.55,16.64,47987872,1121255200.5865,16.64,0.96,5003000320,5003000000.0,116920097466.4,116920100000.0
2012-09-14,INTC,16.64,16.39,16.68,16.26,16.52,52998243,1230873223.0387,16.54,1.06,5003000320,5003000000.0,116845052461.6,116845000000.0
2012-09-13,INTC,16.52,16.66,16.8,16.43,16.63,44872477,1043266647.662,16.56,0.9,5003000320,5003000000.0,116019517384.8,116019400000.0
2012-09-12,INTC,16.63,16.6,16.85,16.53,16.57,54241188,1271131392.5424,16.69,1.08,5003000320,5003000000.0,116770012459.8,116769900000.0
2012-09-11,INTC,16.57,17.06,17.52,16.51,17.23,80584563,1889925419.501,16.71,1.61,5003000320,5003000000.0,116369762428.2,116369700000.0
2012-09-08,INTC,17.23,17.19,17.6,17.1,17.88,86289438,2092310913.9544,17.27,1.72,5003000320,5003000000.0,121022517704.8,121022500000.0
2012-09-07,INTC,17.88,17.43,17.88,17.42,17.37,40188754,1000482674.0071,17.73,0.8,5003000320,5003000000.0,125550222988.4,125550100000.0
2012-09-06,INTC,17.37,17.38,17.65,17.23,17.39,38604188,946161354.7191,17.46,0.77,5003000320,5003000000.0,122023177804.8,122023100000.0
2012-09-05,INTC,17.39,17.83,17.85,17.29,17.69,40696297,994816340.7871,17.41,0.81,5003000320,5003000000.0,122148222794.8,122148200000.0
2012-09-01,INTC,17.69,17.45,17.81,17.44,17.29,43448215,1078406246.6146,17.68,0.87,5003000320,5003000000.0,124224432906.6,124224400000.0
2012-08-31,INTC,17.29,17.5,17.55,17.2,17.57,37184067,904241918.2016,17.32,0.74,5003000320,5003000000.0,121422767736.4,121422700000.0
2012-08-30,INTC,17.57,17.76,17.78,17.48,17.81,60466739,1493734040.2126,17.6,1.21,5003000320,5003000000.0,123414011893.76,123413900000.0
2012-08-29,INTC,17.81,17.66,17.82,17.58,17.7,33121059,824571650.4568,17.73,0.66,5003000320,5003000000.0,125075008000.0,125075000000.0
2012-08-28,INTC,17.7,17.71,17.77,17.63,17.75,34434211,855049357.1175,17.69,0.69,5003000320,5003000000.0,124274512939.8,124274400000.0
2012-08-25,INTC,17.75,17.84,17.86,17.6,17.84,45187473,1125045800.3981,17.74,0.9,5003000320,5003000000.0,124624682938.2,124624600000.0
2012-08-24,INTC,17.84,18.22,18.23,17.76,18.33,51404063,1291243949.296,17.89,1.03,5003000320,5003000000.0,125275097994.8,125275000000.0
2012-08-23,INTC,18.33,18.44,18.53,18.28,18.6,33629348,867105666.5549,18.37,0.67,5003000320,5003000000.0,128727178221.6,128727100000.0
2012-08-22,INTC,18.6,18.76,18.76,18.51,18.69,31663614,827936664.2108,18.63,0.63,5003000320,5003000000.0,130628268313.2,130628200000.0
2012-08-21,INTC,18.69,18.68,18.76,18.59,18.76,25602645,671646731.5811,18.69,0.51,5003000320,5003000000.0,131228678381.6,131228600000.0
2012-08-18,INTC,18.76,18.93,18.97,18.67,18.94,30379903,801412727.1691,18.79,0.61,5003000320,5003000000.0,131728933386.6,131728900000.0
2012-08-17,INTC,18.94,18.84,18.98,18.76,18.71,25702360,681747105.566,18.9,0.51,5003000320,5003000000.0,133029763499.8,133029700000.0
2012-08-16,INTC,18.71,18.69,18.86,18.66,18.86,26081907,686997352.1343,18.76,0.52,5003000320,5003000000.0,131428768376.4,131428800000.0
2012-08-15,INTC,18.86,19.09,19.1,18.79,19.01,27477258,728869741.5901,18.9,0.55,5003000320,5003000000.0,132479428461.6,132479400000.0
2012-08-14,INTC,19.01,19.06,19.11,18.81,19.15,23623918,628814173.1573,18.96,0.47,5003000320,5003000000.0,133530018504.8,133530000000.0
2012-08-11,INTC,19.15,19.02,19.16,18.9,19.02,24931993,667379364.2361,19.07,0.5,5003000320,5003000000.0,134480598571.6,134480600000.0
2012-08-10,INTC,19.02,18.98,19.16,18.93,18.95,26468321,706653616.2069,19.02,0.53,5003000320,5003000000.0,133580093535.0,133580100000.0
2012-08-08,INTC,18.88,18.85,18.98,18.77,18.74,27077715,718414724.206,18.9,0.54,5003000320,5003000000.0,132579508480.0,132579400000.0
2012-08-07,INTC,18.74,18.68,18.92,18.66,18.69,24619426,650799459.2213,18.83,0.49,5003000320,5003000000.0,131628928413.2,131628900000.0
2012-08-04,INTC,18.69,18.7,18.77,18.51,18.3,30701165,805048773.1372,18.68,0.61,5003000320,5003000000.0,131228678381.6,131228600000.0
2012-08-03,INTC,18.3,18.18,18.54,18.13,18.31,34310625,889626093.9581,18.31,0.69,5003000320,5003000000.0,129627683258.2,129627600000.0
2012-08-02,INTC,18.31,18.24,18.36,18.13,18.15,29213200,755348184.48,18.26,0.58,5003000320,5003000000.0,129727763276.6,129727700000.0
2012-08-01,INTC,18.15,18.19,18.39,18.15,18.19,26620958,687555215.2522,18.24,0.53,5003000320,5003000000.0,128577093215.0,128577100000.0
2012-07-31,INTC,18.19,18.35,18.5,18.13,18.37,25884833,668695755.651,18.24,0.52,5003000320,5003000000.0,128877263228.2,128877200000.0
2012-07-28,INTC,18.37,18.13,18.41,17.99,18.01,33345262,861298013.8456,18.24,0.67,5003000320,5003000000.0,130178018296.4,130178000000.0
2012-07-27,INTC,18.01,18.07,18.24,17.89,17.75,37809368,965692546.5499,18.04,0.75,5030999040,5030999000.0,128290475520.0,128290400000.0
2012-07-25,INTC,17.66,17.79,17.81,17.51,17.84,33644079,840445915.4595,17.64,0.67,5030999040,5030999000.0,125800080685.21,125800000000.0
2012-07-21,INTC,18.02,18.27,18.36,18.01,18.4,48849274,1252949292.814,18.11,0.97,5030999040,5030999000.0,128391045190.81,128391000000.0
2012-07-20,INTC,18.4,18.61,18.61,18.23,18.51,36559762,952388636.7755,18.4,0.73,5030999040,5030999000.0,131107824920.4,131107800000.0
2012-07-19,INTC,18.51,17.79,18.66,17.69,17.92,67503375,1759077064.4557,18.4,1.34,5030999040,5030999000.0,131862444590.41,131862400000.0
2012-07-17,INTC,17.75,17.81,17.87,17.65,17.83,36989227,930796427.368,17.77,0.74,5030999040,5030999000.0,126428955565.21,126428900000.0
2012-07-13,INTC,17.47,17.77,17.77,17.43,17.93,53150567,1318128587.0916,17.51,1.06,5030999040,5030999000.0,124466870970.61,124466800000.0
2012-07-11,INTC,18.05,18.25,18.66,17.97,18.48,47236657,1216650247.4706,18.19,0.94,5030999040,5030999000.0,128592325400.4,128592300000.0
2012-07-10,INTC,18.48,18.4,18.51,18.23,18.47,27910106,726083947.4096,18.37,0.55,5030999040,5030999000.0,131661239845.8,131661200000.0
2012-07-07,INTC,18.47,18.67,18.71,18.31,18.75,32524051,847673983.4484,18.41,0.65,5030999040,5030999000.0,131585774860.2,131585800000.0
2012-07-06,INTC,18.75,18.93,18.95,18.62,18.97,20326844,540128760.8684,18.76,0.4,5030999040,5030999000.0,133572964140.01,133572900000.0
2012-07-04,INTC,18.97,18.87,18.97,18.76,18.83,12519336,334780678.1969,18.88,0.25,5030999040,5030999000.0,135132563780.41,135132500000.0
2012-07-03,INTC,18.83,18.72,18.88,18.64,18.82,21589266,573609504.6179,18.76,0.43,5030999040,5030999000.0,134151559215.61,134151500000.0
2012-06-29,INTC,18.24,18.36,18.38,17.97,18.52,40168254,1032179361.4126,18.15,0.8,5030999040,5030999000.0,129950639800.21,129950600000.0
2012-06-28,INTC,18.52,18.44,18.6,18.4,18.36,23644208,619705115.7758,18.51,0.47,5030999040,5030999000.0,131912724394.81,131912700000.0
2012-06-27,INTC,18.36,18.47,18.56,18.18,18.4,34935512,908134625.2997,18.36,0.69,5030999040,5030999000.0,130831079725.21,130831100000.0
2012-06-23,INTC,19.02,18.98,19.04,18.83,18.86,100360630,2697562563.0566,18.98,1.99,5030999040,5030999000.0,135509949080.4,135509900000.0
2012-06-22,INTC,18.86,19.43,19.48,18.79,19.52,47574614,1283943302.0351,19.06,0.95,5030999040,5030999000.0,134377944110.41,134377900000.0
2012-06-21,INTC,19.52,19.41,19.6,19.34,19.43,28168000,776676235.832,19.47,0.56,5030999040,5030999000.0,139056813465.6,139056800000.0
2012-06-20,INTC,19.43,19.48,19.51,19.24,19.36,30067028,825989035.6675,19.4,0.6,5030999040,5030999000.0,138402758435.4,138402700000.0
2012-06-19,INTC,19.36,19.27,19.5,19.22,19.31,30439575,835770157.1442,19.39,0.61,5030999040,5030999000.0,137949988645.8,137949900000.0
2012-06-12,INTC,18.35,18.75,18.81,18.33,18.65,28044083,735402764.8732,18.52,0.56,5030999040,5030999000.0,130730439620.41,130730400000.0
2012-06-09,INTC,18.65,18.28,18.7,18.25,18.32,26753368,704284793.6498,18.59,0.53,5030999040,5030999000.0,132868629305.41,132868600000.0
2012-06-08,INTC,18.32,18.62,18.66,18.28,18.41,29538008,770808792.3839,18.43,0.59,5030999040,5030999000.0,130504054725.61,130504000000.0
2012-06-07,INTC,18.41,18.01,18.44,17.96,17.96,33555692,870417839.0783,18.32,0.67,5030999040,5030999000.0,131158109755.81,131158100000.0
2012-06-06,INTC,17.96,17.68,18.06,17.65,17.68,29491239,745945294.5795,17.86,0.59,5030999040,5030999000.0,127938270370.21,127938200000.0
2012-06-05,INTC,17.68,17.85,17.91,17.54,17.75,39904809,999439644.8615,17.69,0.79,5030999040,5030999000.0,125976185775.61,125976100000.0
2012-06-02,INTC,17.75,17.94,18.16,17.74,18.25,40250645,1018522043.8961,17.87,0.8,5030999040,5030999000.0,126479315865.6,126479300000.0
2012-06-01,INTC,18.25,18.21,18.41,18.15,18.45,42248446,1092844608.5328,18.27,0.84,5030999040,5030999000.0,130001000100.6,130000900000.0
2012-05-31,INTC,18.45,18.29,18.49,18.22,18.42,33092336,861959021.0099,18.39,0.66,5030999040,5030999000.0,131459954605.21,131459900000.0
2012-05-30,INTC,18.42,18.39,18.59,18.26,18.18,35057938,914359788.6318,18.42,0.7,5030999040,5030999000.0,131258749860.6,131258700000.0
2012-05-26,INTC,18.18,18.16,18.25,18.06,18.11,19123766,492205576.9314,18.18,0.38,5030999040,5030999000.0,129497870010.61,129497800000.0
2012-05-24,INTC,17.97,17.99,18.01,17.6,18.38,61969598,1563956985.8898,17.82,1.23,5030999040,5030999000.0,127988555205.61,127988500000.0
2012-05-23,INTC,18.38,18.55,18.56,18.2,18.47,46047434,1198140418.4498,18.37,0.92,5030999040,5030999000.0,130956899980.2,130956800000.0
2012-05-22,INTC,18.47,18.4,18.49,18.13,18.41,41395583,1075747015.421,18.35,0.82,5030999040,5030999000.0,131560594710.01,131560600000.0
2012-05-19,INTC,18.41,18.53,18.76,18.4,18.49,43444809,1140765018.8706,18.54,0.86,5030999040,5030999000.0,131158109755.81,131158100000.0
2012-05-18,INTC,18.49,18.69,18.83,18.49,18.71,31505040,831723257.9326,18.64,0.63,5030999040,5030999000.0,131761804485.61,131761800000.0
2012-05-17,INTC,18.71,19.0,19.06,18.71,18.98,44629243,1191234292.7565,18.85,0.89,5030999040,5030999000.0,133296299440.8,133296300000.0
2012-05-16,INTC,18.98,19.1,19.24,18.94,19.08,35712020,965427749.3778,19.09,0.71,5030999040,5030999000.0,135233203885.21,135233100000.0
2012-05-12,INTC,19.51,19.25,19.74,19.21,19.24,34941403,969284861.8753,19.59,0.69,5030999040,5030999000.0,139006453165.21,139006400000.0
2012-05-11,INTC,19.24,19.31,19.39,19.04,19.2,36238934,985506467.3437,19.2,0.72,5030999040,5030999000.0,137044368570.61,137044300000.0
2012-05-10,INTC,19.2,19.12,19.31,18.89,19.33,40607559,1099810782.9472,19.13,0.81,5030999040,5030999000.0,136792803525.61,136792800000.0
2012-05-09,INTC,19.33,19.41,19.49,19.07,19.6,53089336,1447161572.952,19.25,1.06,5030999040,5030999000.0,137698423600.8,137698400000.0
2012-05-05,INTC,19.7,20.0,20.04,19.66,20.17,34575688,968952330.6267,19.79,0.69,5030999040,5030999000.0,140364843030.01,140364800000.0
2012-05-04,INTC,20.17,20.66,20.67,20.07,20.46,41225993,1185906584.8301,20.31,0.82,5030999040,5030999000.0,143685322520.4,143685300000.0
2012-05-03,INTC,20.46,20.21,20.52,20.14,20.3,40434657,1175067442.742,20.37,0.8,5030999040,5030999000.0,146804516770.21,146804400000.0
2012-05-02,INTC,20.3,19.96,20.37,19.89,19.91,43317856,1251985582.8331,20.26,0.86,5030999040,5030999000.0,145647407115.0,145647300000.0
2012-05-01,INTC,19.91,19.93,20.01,19.83,19.9,28812625,818200583.0367,19.91,0.57,5030999040,5030999000.0,142855167430.81,142855100000.0
2012-04-28,INTC,19.9,19.71,20.0,19.7,19.79,33312329,945600273.1995,19.9,0.66,5030999040,5030999000.0,142779702445.21,142779600000.0
2012-04-27,INTC,19.79,19.49,19.84,19.46,19.53,46649637,1311082869.7753,19.7,0.93,5007805440,5007805000.0,141320199407.52,141320200000.0
2012-04-26,INTC,19.53,19.23,19.57,19.18,19.15,40863575,1131655291.6718,19.42,0.82,5007805440,5007805000.0,139517389449.12,139517400000.0
2012-04-25,INTC,19.15,19.18,19.35,19.1,19.25,35010516,958888878.4755,19.2,0.7,5007805440,5007805000.0,136763156550.79,136763100000.0
2012-04-24,INTC,19.25,19.16,19.33,19.1,19.35,37792688,1037122023.3785,19.24,0.75,5007805440,5007805000.0,137464244304.58,137464200000.0
2012-04-21,INTC,19.35,19.43,19.61,19.33,19.41,38064821,1055293414.6977,19.44,0.76,5007805440,5007805000.0,138215385073.75,138215400000.0
2012-04-20,INTC,19.41,19.54,19.69,19.24,19.6,43042965,1194648540.6383,19.46,0.86,5007805440,5007805000.0,138666072539.93,138666100000.0
2012-04-19,INTC,19.6,19.34,19.71,19.25,19.96,72256438,2015195638.5752,19.55,1.44,5007805440,5007805000.0,139968147024.58,139968100000.0
2012-04-17,INTC,19.91,19.81,20.02,19.73,19.69,37479934,1062469437.8127,19.87,0.75,5007805440,5007805000.0,142246708515.39,142246700000.0
2012-04-13,INTC,19.97,19.61,20.0,19.58,19.53,36895243,1046112666.7629,19.88,0.74,5007805440,5007805000.0,142622278899.98,142622300000.0
2012-04-11,INTC,19.25,19.42,19.53,19.22,19.46,36272067,1000731819.7032,19.34,0.72,5007805440,5007805000.0,137464244304.58,137464200000.0
2012-04-10,INTC,19.46,19.44,19.56,19.34,19.68,22970313,638032556.0726,19.47,0.46,5007805440,5007805000.0,139016653975.37,139016600000.0
2012-04-06,INTC,19.68,19.54,19.7,19.49,19.58,22039040,616780055.4368,19.62,0.44,5007805440,5007805000.0,140569063646.16,140569000000.0
2012-04-05,INTC,19.58,19.54,19.65,19.35,19.71,30845071,857653121.4086,19.49,0.62,5007805440,5007805000.0,139867970884.56,139867900000.0
2012-04-03,INTC,19.9,19.66,19.95,19.62,19.71,28854180,816752161.0618,19.85,0.58,5007805440,5007805000.0,142121468309.15,142121400000.0
2012-03-30,INTC,19.74,19.46,19.76,19.4,19.49,39624098,1107013968.6419,19.59,0.79,5007805440,5007805000.0,141019746104.54,141019700000.0
2012-03-28,INTC,19.76,19.8,19.83,19.68,19.76,24372047,686787004.6787,19.76,0.49,5007805440,5007805000.0,141169975259.93,141169900000.0
2012-03-24,INTC,19.54,19.59,19.62,19.41,19.56,24901399,693765152.9241,19.53,0.5,5007805440,5007805000.0,139592576640.0,139592500000.0
2012-03-20,INTC,19.45,19.39,19.56,19.31,19.44,26941758,746668946.2625,19.43,0.54,5007805440,5007805000.0,138916477835.35,138916400000.0
2012-03-17,INTC,19.44,19.5,19.6,19.42,19.46,54672266,1520331348.1042,19.5,1.09,4995998720,4995998000.0,138539024521.61,138539000000.0
2012-03-16,INTC,19.46,19.28,19.53,19.23,19.25,34193219,948123048.5603,19.44,0.68,4995998720,4995998000.0,138638964480.0,138638900000.0
2012-03-15,INTC,19.25,19.25,19.56,19.17,19.27,46835629,1291332994.3583,19.33,0.94,4995998720,4995998000.0,137190084883.21,137190100000.0
2012-03-14,INTC,19.27,19.01,19.28,19.01,18.92,33796754,925304260.4052,19.2,0.68,4995998720,4995998000.0,137339959848.81,137339900000.0
2012-03-13,INTC,18.92,18.93,18.99,18.87,18.98,24016821,648254827.3857,18.92,0.48,4995998720,4995998000.0,134816955515.22,134816900000.0
2012-03-10,INTC,18.98,18.89,19.05,18.84,18.82,29406614,796051626.6605,18.98,0.59,4995998720,4995998000.0,135241650378.41,135241600000.0
2012-03-09,INTC,18.82,18.93,18.96,18.75,18.87,37264477,1000483796.0111,18.82,0.75,4995998720,4995998000.0,134092590656.8,134092500000.0
2012-03-06,INTC,18.61,18.87,18.87,18.48,18.87,32336067,858871549.6851,18.62,0.65,4995998720,4995998000.0,132593776052.81,132593700000.0
2012-03-03,INTC,18.87,18.86,18.95,18.77,18.83,29634028,797193610.7301,18.86,0.59,4995998720,4995998000.0,134467275572.81,134467300000.0
2012-03-02,INTC,18.83,18.97,19.03,18.73,18.85,39415004,1059621064.2048,18.85,0.79,4995998720,4995998000.0,134192455675.22,134192400000.0
2012-03-01,INTC,18.85,19.11,19.14,18.82,19.1,41861797,1130054563.3555,18.93,0.84,4995998720,4995998000.0,134292395633.61,134292300000.0
2012-02-29,INTC,19.1,18.88,19.14,18.8,18.85,32823450,892554847.9997,19.06,0.66,4995998720,4995998000.0,136090960168.81,136090900000.0
2012-02-25,INTC,18.72,18.73,18.79,18.54,18.69,39311235,1048175035.8,18.69,0.79,4995998720,4995998000.0,133393150836.0,133393100000.0
2012-02-24,INTC,18.69,18.62,18.83,18.47,18.74,33801411,900445860.4495,18.68,0.68,4995998720,4995998000.0,133193270919.21,133193200000.0
2012-02-23,INTC,18.74,18.97,19.18,18.59,19.04,51979379,1392823066.1796,18.79,1.04,4995998720,4995998000.0,133543025801.61,133542900000.0
2012-02-22,INTC,19.04,19.17,19.19,18.94,19.19,34913270,949535889.9706,19.07,0.7,4995998720,4995998000.0,135691270279.21,135691300000.0
2012-02-18,INTC,19.19,18.83,19.28,18.8,18.81,74254000,2022945680.368,19.1,1.49,4995998720,4995998000.0,136740464982.41,136740400000.0
2012-02-15,INTC,18.78,18.63,18.78,18.58,18.72,25413700,676614170.9041,18.67,0.51,4995998720,4995998000.0,133792840725.6,133792800000.0
2012-02-14,INTC,18.72,18.81,18.82,18.59,18.72,24727211,659699561.8996,18.7,0.49,4995998720,4995998000.0,133393150836.0,133393100000.0
2012-02-10,INTC,18.83,18.87,18.93,18.78,18.82,35755016,961945584.9307,18.86,0.7,5091998720,5091998000.0,136771014331.22,136771000000.0
2012-02-07,INTC,18.73,18.61,18.74,18.48,18.75,36777891,975305499.0729,18.59,0.72,5091998720,5091998000.0,136058134510.42,136058100000.0
2012-02-04,INTC,18.75,18.69,18.89,18.64,18.42,42194129,1131013332.4861,18.79,0.83,5091998720,5091998000.0,136159999944.81,136159900000.0
2012-02-03,INTC,18.42,18.49,18.6,18.4,18.47,34780239,924068761.8001,18.48,0.68,5091998720,5091998000.0,134887000264.81,134886900000.0
2012-02-02,INTC,18.47,18.6,18.67,18.44,18.38,46334700,1236853570.3218,18.57,0.91,5091998720,5091998000.0,135192504912.02,135192400000.0
2012-02-01,INTC,18.38,18.63,18.64,18.28,18.6,45330704,1199993716.3274,18.41,0.89,5091998720,5091998000.0,134530601090.4,134530600000.0
2012-01-28,INTC,18.59,18.54,18.67,18.49,18.61,50589868,1352752530.8336,18.6,0.99,5091998720,5091998000.0,136109105417.61,136109100000.0
2012-01-26,INTC,18.71,18.67,18.74,18.43,18.71,54757805,1465723850.5258,18.62,1.08,5091998720,5091998000.0,136974735016.01,136974700000.0
2012-01-25,INTC,18.71,18.57,18.77,18.51,18.58,56220360,1511011396.7113,18.69,1.1,5091998720,5091998000.0,136949254654.41,136949200000.0
2012-01-24,INTC,18.58,18.33,18.7,18.32,18.35,69668813,1862553287.2479,18.59,1.37,5091998720,5091998000.0,136007245075.21,136007200000.0
2012-01-21,INTC,18.35,17.99,18.41,17.74,17.83,101282190,2641458252.4051,18.14,1.99,5091998720,5091998000.0,134326875313.61,134326800000.0
2012-01-20,INTC,17.83,17.75,17.86,17.65,17.66,64946204,1658906990.2843,17.77,1.28,5091998720,5091998000.0,130507876273.61,130507800000.0
2012-01-18,INTC,17.42,17.51,17.67,17.37,17.49,60443395,1521348163.471,17.51,1.19,5091998720,5091998000.0,127503617396.81,127503600000.0
2012-01-14,INTC,17.49,17.87,17.89,17.46,17.91,63317333,1600434109.2065,17.58,1.24,5091998720,5091998000.0,128012847820.8,128012800000.0
2012-01-11,INTC,17.8,17.88,18.03,17.74,17.71,41060875,1055017506.3369,17.87,0.81,5091998720,5091998000.0,130304231968.8,130304200000.0
2012-01-10,INTC,17.71,17.67,17.78,17.54,17.56,47478543,1208660604.4514,17.71,0.93,5091998720,5091998000.0,129667732128.8,129667700000.0
2012-01-07,INTC,17.56,17.53,17.67,17.4,17.67,36345172,917133852.177,17.55,0.71,5091998720,5091998000.0,128572967680.0,128572900000.0
2012-01-05,INTC,17.47,17.09,17.48,17.06,17.07,47508610,1182332001.8923,17.31,0.93,5091998720,5091998000.0,127860016571.22,127859900000.0
2011-12-31,INTC,16.87,16.99,17.12,16.87,17.08,21710079,529456483.8095,16.96,0.43,5091998720,5091998000.0,123480968960.0,123480900000.0
2011-12-29,INTC,16.85,17.05,17.08,16.82,17.08,23706758,576654892.7305,16.92,0.47,5091998720,5091998000.0,123353623164.01,123353600000.0
2011-12-28,INTC,17.08,17.01,17.18,16.97,16.97,24136133,593005454.7675,17.09,0.47,5091998720,5091998000.0,125059478379.2,125059400000.0
2011-12-24,INTC,16.97,16.78,16.97,16.72,16.71,24834059,603000480.2162,16.89,0.49,5091998720,5091998000.0,124244738216.01,124244700000.0
2011-12-23,INTC,16.71,16.57,16.76,16.53,16.47,32003485,768083640.0,16.69,0.63,5091998720,5091998000.0,122309758334.41,122309700000.0
2011-12-22,INTC,16.47,16.66,16.76,16.3,16.58,45222793,1068329152.3206,16.43,0.89,5091998720,5091998000.0,120578494045.61,120578400000.0
2011-12-17,INTC,16.16,16.32,16.62,16.15,16.21,94569750,2217602666.2433,16.31,1.86,5091998720,5091998000.0,118287109897.61,118287100000.0
2011-12-16,INTC,16.21,16.4,16.46,16.17,16.21,38693665,904340444.8723,16.26,0.76,5091998720,5091998000.0,118694479979.2,118694400000.0
2011-12-15,INTC,16.21,16.33,16.39,16.09,16.39,56394297,1316033612.7438,16.23,1.11,5091998720,5091998000.0,118694479979.2,118694400000.0
2011-12-14,INTC,16.39,16.73,16.73,16.29,16.69,78518938,1857058704.8992,16.45,1.54,5091998720,5091998000.0,119967479659.2,119967400000.0
2011-12-08,INTC,17.85,17.62,17.93,17.48,17.63,54795336,1398485907.848,17.75,1.08,5091998720,5091998000.0,130660631143.21,130660600000.0
2011-12-07,INTC,17.63,17.45,17.72,17.39,17.4,49517903,1254219108.4079,17.62,0.97,5091998720,5091998000.0,129082121724.01,129082100000.0
2011-12-03,INTC,17.14,17.4,17.48,17.11,17.33,41488922,1030480851.2415,17.28,0.81,5091998720,5091998000.0,125466848460.8,125466800000.0
2011-12-02,INTC,17.33,17.3,17.37,16.97,17.33,51820368,1281434477.129,17.2,1.02,5091998720,5091998000.0,126892603010.4,126892600000.0
2011-12-01,INTC,17.33,16.89,17.35,16.85,16.4,73452313,1819046531.445,17.23,1.44,5091998720,5091998000.0,126841632103.21,126841600000.0
2011-11-29,INTC,16.32,16.19,16.39,16.17,15.81,39757301,931930656.2748,16.3,0.78,5091998720,5091998000.0,119458249235.21,119458200000.0
2011-11-26,INTC,15.81,15.68,16.15,15.66,15.79,28346825,650125728.8997,15.95,0.56,5091998720,5091998000.0,115741110537.61,115741100000.0
2011-11-24,INTC,15.79,16.03,16.09,15.78,16.16,52699543,1205338045.1472,15.91,1.03,5091998720,5091998000.0,115588355668.0,115588300000.0
2011-11-23,INTC,16.16,16.26,16.37,16.06,16.39,48479184,1128943774.9362,16.2,0.95,5091998720,5091998000.0,118338004424.81,118337900000.0
2011-11-22,INTC,16.39,16.71,16.8,16.24,16.89,58582821,1381904189.1213,16.41,1.15,5091998720,5091998000.0,120018374186.41,120018300000.0
2011-11-19,INTC,16.89,16.81,16.99,16.71,16.93,45688559,1107837446.3228,16.87,0.9,5091998720,5091998000.0,123684618356.81,123684600000.0
2011-11-18,INTC,16.93,17.32,17.35,16.78,17.35,62125247,1519018077.6218,17.01,1.22,5091998720,5091998000.0,123939233568.8,123939200000.0
2011-11-17,INTC,17.35,17.48,17.73,17.31,17.63,74249563,1873412479.175,17.55,1.46,5091998720,5091998000.0,126994386972.82,126994300000.0
2011-11-16,INTC,17.63,17.15,17.71,17.12,17.13,77391250,1949732620.37,17.52,1.52,5091998720,5091998000.0,129031232288.8,129031200000.0
2011-11-15,INTC,17.13,17.24,17.32,17.03,17.28,49418043,1219236570.3293,17.16,0.97,5091998720,5091998000.0,125415877553.61,125415800000.0
2011-11-12,INTC,17.28,16.91,17.32,16.9,16.73,43867192,1085133340.9249,17.21,0.86,5091998720,5091998000.0,126536122364.01,126536100000.0
2011-11-11,INTC,16.73,16.79,16.87,16.51,16.58,45508704,1093469259.5573,16.71,0.89,5091998720,5091998000.0,122513479019.2,122513400000.0
2011-11-10,INTC,16.58,16.86,16.92,16.55,17.21,56872141,1366301661.3653,16.71,1.12,5091998720,5091998000.0,121393234208.8,121393200000.0
2011-11-09,INTC,17.21,17.03,17.23,16.87,16.89,55969274,1374084295.4991,17.08,1.1,5091998720,5091998000.0,126026968320.0,126026900000.0
2011-11-08,INTC,16.89,16.48,16.91,16.44,16.51,51144942,1225386370.7127,16.66,1.0,5091998720,5091998000.0,123633723829.6,123633700000.0
2011-11-05,INTC,16.51,16.72,16.74,16.46,16.83,46476000,1106667921.6,16.56,0.91,5091998720,5091998000.0,120884003784.81,120883900000.0
2011-11-03,INTC,16.44,16.56,16.59,16.24,16.48,56702801,1349752681.1648,16.41,1.11,5091998720,5091998000.0,121444123644.01,121444100000.0
2011-11-02,INTC,16.48,16.62,16.79,16.42,16.92,68002313,1634128766.5187,16.57,1.34,5091998720,5091998000.0,121698738856.01,121698700000.0
2011-11-01,INTC,16.92,16.94,17.18,16.88,17.22,43121766,1065758241.4054,17.04,0.85,5091998720,5091998000.0,124957618036.81,124957600000.0
2011-10-29,INTC,17.22,17.15,17.26,17.05,17.33,44897379,1119529075.8102,17.19,0.88,5091998720,5091998000.0,127198107657.61,127198100000.0
2011-10-27,INTC,17.03,17.1,17.13,16.78,16.98,58249852,1434583063.5415,16.98,1.11,5251000320,5251000000.0,129699692151.0,129699600000.0
2011-10-26,INTC,16.98,16.87,17.13,16.81,16.95,60941680,1504765563.6836,17.02,1.16,5251000320,5251000000.0,129332085371.6,129332000000.0
2011-10-25,INTC,16.95,16.58,17.09,16.56,16.57,138276570,3397454356.964,16.94,2.63,5251000320,5251000000.0,129122082115.8,129122000000.0
2011-10-22,INTC,16.57,16.45,16.72,16.41,16.28,123276880,2962083805.2907,16.57,2.35,5251000320,5251000000.0,126181532438.6,126181400000.0
2011-10-21,INTC,16.28,16.46,16.46,16.1,16.71,88691813,2096567496.9935,16.3,1.69,5251000320,5251000000.0,123976044041.2,123976000000.0
2011-10-20,INTC,16.71,16.55,16.89,16.45,16.13,139955750,3400446916.0695,16.75,2.67,5251000320,5251000000.0,127284200497.8,127284100000.0
2011-10-19,INTC,16.13,15.97,16.19,15.9,16.05,85272125,1988391782.998,16.08,1.62,5251000320,5251000000.0,122873375982.0,122873300000.0
2011-10-18,INTC,16.05,16.08,16.27,15.95,16.2,47936067,1119115132.5656,16.1,0.91,5251000320,5251000000.0,122243282198.6,122243300000.0
2011-10-15,INTC,16.2,16.16,16.2,16.03,16.13,44896426,1050692560.3505,16.13,0.86,5251000320,5251000000.0,123398507520.0,123398400000.0
2011-10-14,INTC,16.13,15.87,16.17,15.83,15.94,51290454,1192210392.1695,16.03,0.98,5251000320,5251000000.0,122820897484.8,122820800000.0
2011-10-11,INTC,15.77,15.5,15.78,15.49,15.37,40172731,915468245.8473,15.71,0.77,5251000320,5251000000.0,120142834811.6,120142800000.0
2011-10-08,INTC,15.37,15.22,15.51,15.11,15.19,58431247,1300830836.7185,15.35,1.11,5251000320,5251000000.0,117044765626.8,117044800000.0
2011-10-07,INTC,15.19,15.11,15.2,14.94,15.06,58486485,1280438708.97,15.09,1.11,5251000320,5251000000.0,115679531798.6,115679500000.0
2011-10-06,INTC,15.06,14.65,15.15,14.52,14.63,70935688,1538552014.7574,14.95,1.35,5251000320,5251000000.0,114734309733.0,114734300000.0
2011-10-05,INTC,14.63,14.1,14.66,14.06,14.22,77903375,1621986907.574,14.35,1.48,5251000320,5251000000.0,111426153276.4,111426100000.0
2011-10-04,INTC,14.22,14.6,14.75,14.18,14.71,95776375,2001582477.1611,14.41,1.82,5251000320,5251000000.0,108275605594.4,108275600000.0
2011-10-01,INTC,14.71,15.12,15.22,14.71,15.31,64486727,1394324788.6806,14.91,1.23,5251000320,5251000000.0,112030049819.2,112030000000.0
2011-09-30,INTC,15.31,15.43,15.58,15.08,15.38,85510625,1904833485.3512,15.36,1.63,5251000320,5251000000.0,116624675099.2,116624600000.0
2011-09-28,INTC,15.54,15.51,15.84,15.42,15.33,88219563,2004003973.9665,15.66,1.68,5251000320,5251000000.0,118357515706.8,118357400000.0
2011-09-27,INTC,15.33,15.28,15.47,15.02,15.28,64848579,1430864311.3641,15.21,1.23,5251000320,5251000000.0,116782199857.8,116782100000.0
2011-09-24,INTC,15.28,14.75,15.35,14.63,14.9,74137250,1628683509.3898,15.15,1.41,5251000320,5251000000.0,116362109330.2,116362100000.0
2011-09-23,INTC,14.9,14.86,15.1,14.71,15.13,94238375,2038960329.175,14.92,1.79,5251000320,5251000000.0,113500324657.8,113500300000.0
2011-09-22,INTC,15.13,15.29,15.51,15.1,15.31,66811625,1485803284.0178,15.33,1.27,5251000320,5251000000.0,115206884008.8,115206800000.0
2011-09-21,INTC,15.31,15.16,15.49,15.07,15.12,71497500,1588509862.755,15.32,1.36,5251000320,5251000000.0,116572191351.0,116572100000.0
2011-09-20,INTC,15.12,15.01,15.21,14.91,15.15,57737918,1261543946.486,15.06,1.1,5251000320,5251000000.0,115154400260.6,115154300000.0
2011-09-17,INTC,15.15,14.93,15.23,14.77,14.85,90748250,1985435133.8838,15.08,1.73,5251000320,5251000000.0,115364403516.4,115364300000.0
2011-09-15,INTC,14.56,14.4,14.75,14.28,14.31,58352645,1229612653.9992,14.53,1.11,5251000320,5251000000.0,110874824497.8,110874800000.0
2011-09-14,INTC,14.31,14.01,14.41,13.93,13.98,60227235,1242204187.7731,14.22,1.15,5251000320,5251000000.0,109010740388.2,109010700000.0
2011-09-13,INTC,13.98,13.46,13.99,13.46,13.58,53322606,1066691378.5331,13.79,1.02,5251000320,5251000000.0,106490281238.6,106490300000.0
2011-09-10,INTC,13.58,13.62,13.94,13.55,13.72,61410262,1220608606.3598,13.7,1.17,5251000320,5251000000.0,103444690551.0,103444600000.0
2011-09-09,INTC,13.72,13.82,13.99,13.66,13.84,42994930,861613538.7729,13.82,0.82,5251000320,5251000000.0,104468598856.4,104468500000.0
2011-09-08,INTC,13.84,13.8,13.88,13.69,13.47,46090004,922394364.5116,13.8,0.88,5251000320,5251000000.0,105440018162.6,105440000000.0
2011-09-07,INTC,13.47,13.27,13.5,13.21,13.54,44256672,856388510.2526,13.34,0.84,5251000320,5251000000.0,102604514746.8,102604400000.0
2011-09-01,INTC,13.88,13.95,14.07,13.8,13.95,55290196,1116634882.365,13.92,1.05,5251000320,5251000000.0,105702583931.6,105702600000.0
2011-08-31,INTC,13.95,13.92,14.03,13.73,13.99,39102043,788492462.4827,13.9,0.74,5251000320,5251000000.0,106280199217.8,106280100000.0
2011-08-30,INTC,13.99,13.75,14.0,13.67,13.63,40646004,819581756.8256,13.9,0.77,5251000320,5251000000.0,106569046243.4,106569000000.0
2011-08-27,INTC,13.63,13.4,13.77,13.29,13.39,53821950,1060528801.0044,13.58,1.02,5251000320,5251000000.0,103812223816.4,103812100000.0
2011-08-26,INTC,13.39,13.67,13.71,13.37,13.65,51597145,1010777647.9267,13.51,0.98,5251000320,5251000000.0,101974420963.4,101974400000.0
2011-08-25,INTC,13.65,13.5,13.71,13.35,13.59,53521329,1054177290.4303,13.58,1.02,5251000320,5251000000.0,103969743324.0,103969700000.0
2011-08-20,INTC,13.23,13.52,13.76,13.21,13.63,79157313,1543076036.5863,13.44,1.51,5251000320,5251000000.0,100766633128.8,100766600000.0
2011-08-19,INTC,13.63,13.89,13.91,13.48,14.25,92204875,1826882296.6082,13.66,1.76,5251000320,5251000000.0,103812223816.4,103812100000.0
2011-08-18,INTC,14.25,14.19,14.46,14.06,14.33,51304856,1060845488.53,14.26,0.98,5251000320,5251000000.0,108538171363.4,108538100000.0
2011-08-17,INTC,14.33,14.3,14.53,14.13,14.4,44773375,930739830.5049,14.33,0.85,5251000320,5251000000.0,109168265146.8,109168200000.0
2011-08-16,INTC,14.4,14.31,14.43,14.22,14.24,46288825,962108459.876,14.33,0.88,5251000320,5251000000.0,109693396684.8,109693400000.0
2011-08-13,INTC,14.24,14.33,14.42,14.17,14.31,54186004,1122586942.0651,14.28,1.03,5251000320,5251000000.0,108433125102.0,108433100000.0
2011-08-12,INTC,14.31,13.88,14.48,13.84,13.74,75332313,1551196659.9235,14.2,1.43,5251000320,5251000000.0,109010740388.2,109010700000.0
2011-08-11,INTC,13.74,13.97,14.14,13.63,14.2,95408625,1916710904.0771,13.85,1.82,5251000320,5251000000.0,104652399620.6,104652400000.0
2011-08-09,INTC,13.86,13.95,14.39,13.84,14.33,137491500,2816251318.701,14.12,2.62,5251000320,5251000000.0,105597542921.2,105597500000.0
2011-08-06,INTC,14.33,14.48,14.62,13.93,14.37,101799690,2110450093.266,14.29,1.94,5251000320,5251000000.0,109168265146.8,109168200000.0
2011-08-03,INTC,14.83,15.03,15.15,14.82,15.18,56976563,1249769514.0924,14.98,1.09,5251000320,5251000000.0,114051653436.4,114051600000.0
2011-08-02,INTC,15.18,15.41,15.49,14.95,15.25,51674290,1144404663.485,15.12,0.98,5251000320,5251000000.0,116782199857.8,116782100000.0
2011-07-30,INTC,15.25,15.26,15.44,15.17,15.4,51897481,1162513590.6138,15.29,0.99,5251000320,5251000000.0,117254768882.6,117254800000.0
2011-07-29,INTC,15.4,15.34,15.62,15.25,15.38,36742372,832243678.7891,15.46,0.69,5302000640,5302000000.0,119560050807.99,119560000000.0
2011-07-27,INTC,15.63,15.72,15.81,15.59,15.72,45574860,1045628570.466,15.66,0.86,5302000640,5302000000.0,121389251632.79,121389200000.0
2011-07-26,INTC,15.72,15.66,15.89,15.57,15.79,40716094,938525999.0182,15.74,0.77,5302000640,5302000000.0,122105069437.2,122105000000.0
2011-07-23,INTC,15.79,15.66,15.87,15.55,15.57,45085426,1041175776.7884,15.77,0.85,5302000640,5302000000.0,122635221783.19,122635100000.0
2011-07-22,INTC,15.57,15.26,15.62,15.14,15.7,80133875,1815593045.6073,15.47,1.51,5302000640,5302000000.0,120938623994.4,120938600000.0
2011-07-21,INTC,15.7,15.77,15.85,15.64,15.74,57158797,1316343488.3268,15.72,1.08,5302000640,5302000000.0,121892946995.59,121892900000.0
2011-07-20,INTC,15.74,15.32,15.77,15.32,15.21,55706844,1274449645.7153,15.62,1.05,5302000640,5302000000.0,122264124154.4,122264100000.0
2011-07-19,INTC,15.21,15.22,15.31,15.08,15.27,44904844,998373617.7073,15.18,0.85,5302000640,5302000000.0,118128568957.2,118128500000.0
2011-07-15,INTC,15.2,15.4,15.5,15.16,15.35,47573415,1067480782.2456,15.32,0.9,5302000640,5302000000.0,118075501232.79,118075400000.0
2011-07-14,INTC,15.35,15.41,15.52,15.24,15.33,43270875,975057199.8041,15.39,0.82,5302000640,5302000000.0,119188953179.2,119188900000.0
2011-07-13,INTC,15.33,15.44,15.51,15.18,15.6,51051301,1149057016.2136,15.37,0.96,5302000640,5302000000.0,119029898462.0,119029900000.0
2011-07-12,INTC,15.6,15.59,15.69,15.52,15.76,34662922,791940104.6643,15.6,0.65,5302000640,5302000000.0,121150666905.99,121150600000.0
2011-07-08,INTC,15.86,15.63,15.97,15.61,15.53,53114165,1231977002.1602,15.84,1.0,5302000640,5302000000.0,123165453659.2,123165400000.0
2011-07-07,INTC,15.53,15.33,15.58,15.32,15.32,43270715,980686922.2407,15.47,0.82,5302000640,5302000000.0,120620514560.0,120620400000.0
2011-07-06,INTC,15.32,15.49,15.49,15.27,15.38,33359333,749514024.4734,15.34,0.63,5302000640,5302000000.0,118976830737.59,118976800000.0
2011-07-02,INTC,15.38,15.16,15.42,15.09,15.13,35841176,804766655.1394,15.33,0.68,5302000640,5302000000.0,119454069117.2,119454100000.0
2011-07-01,INTC,15.13,14.67,15.17,14.67,14.6,53931997,1188908599.9502,15.05,1.02,5302000640,5302000000.0,117492275860.39,117492200000.0
2011-06-30,INTC,14.6,14.7,14.73,14.55,14.67,31660356,677831916.8767,14.62,0.6,5302000640,5302000000.0,113409793689.6,113409800000.0
2011-06-29,INTC,14.67,14.62,14.71,14.52,14.57,36515754,781031299.51,14.6,0.69,5302000640,5302000000.0,113939946035.59,113939900000.0
2011-06-28,INTC,14.57,14.45,14.67,14.34,14.47,45186797,959130072.9479,14.49,0.85,5302000640,5302000000.0,113144677751.6,113144600000.0
2011-06-25,INTC,14.47,14.75,14.84,14.46,14.82,124407570,2657146518.6804,14.58,2.35,5302000640,5302000000.0,112402397662.0,112402400000.0
2011-06-24,INTC,14.82,14.47,14.83,14.38,14.61,54193071,1159368409.052,14.61,1.02,5302000640,5302000000.0,115106391478.39,115106300000.0
2011-06-23,INTC,14.61,14.71,14.75,14.6,14.78,37686473,810417339.6272,14.68,0.71,5302000640,5302000000.0,113436250672.79,113436200000.0
2011-06-18,INTC,14.47,14.8,14.8,14.39,14.62,96518375,2052896225.8053,14.52,1.82,5302000640,5302000000.0,112349329937.59,112349300000.0
2011-06-16,INTC,14.62,14.8,14.9,14.61,14.9,48564891,1045407163.7575,14.7,0.92,5302000640,5302000000.0,113568848406.8,113568800000.0
2011-06-14,INTC,14.6,14.63,14.75,14.53,14.6,43553000,932857351.7,14.62,0.82,5302000640,5302000000.0,113383257176.4,113383200000.0
2011-06-10,INTC,14.86,14.93,15.03,14.82,14.9,36986512,806997461.4284,14.9,0.7,5302000640,5302000000.0,115371507416.4,115371400000.0
2011-06-09,INTC,14.9,14.99,15.11,14.84,15.06,49518336,1084872167.146,14.96,0.93,5302000640,5302000000.0,115689616850.8,115689600000.0
2011-06-08,INTC,15.06,15.05,15.32,15.02,14.9,60308551,1341225747.8752,15.18,1.14,5302000640,5302000000.0,116962123514.4,116962100000.0
2011-06-07,INTC,14.9,14.84,14.99,14.79,14.84,49667059,1083610563.0619,14.9,0.94,5302000640,5302000000.0,115737345460.56,115737300000.0
2011-06-04,INTC,14.84,14.88,15.09,14.8,15.08,53942559,1181039640.1142,14.95,1.02,5302000640,5302000000.0,115212452699.2,115212400000.0
2011-06-03,INTC,15.08,15.03,15.25,14.93,15.02,53449008,1183440943.387,15.12,1.01,5302000640,5302000000.0,117094641718.39,117094600000.0
2011-06-01,INTC,15.37,15.33,15.46,15.24,15.16,59575278,1338375718.3748,15.34,1.12,5302000640,5302000000.0,119348007896.4,119347900000.0
2011-05-27,INTC,15.36,15.44,15.46,15.33,15.48,44435965,1001475161.2638,15.39,0.84,5302000640,5302000000.0,119295014400.0,119294900000.0
2011-05-24,INTC,15.61,15.65,15.72,15.54,15.85,64894028,1484982632.1654,15.62,1.22,5302000640,5302000000.0,121203660402.39,121203600000.0
2011-05-21,INTC,15.85,16.02,16.07,15.81,16.07,63124700,1470432948.0206,15.9,1.19,5302000640,5302000000.0,123112380632.79,123112300000.0
2011-05-19,INTC,16.3,16.11,16.36,16.06,16.08,65592813,1564308960.375,16.28,1.24,5302000640,5302000000.0,126611722263.19,126611700000.0
2011-05-18,INTC,16.08,15.96,16.09,15.76,16.14,86025563,2011286007.4196,15.96,1.62,5302000640,5302000000.0,124862051447.99,124862000000.0
2011-05-17,INTC,16.14,15.92,16.35,15.89,15.98,74460625,1768372829.1875,16.21,1.4,5302000640,5302000000.0,125339295129.6,125339300000.0
2011-05-14,INTC,15.98,16.15,16.25,15.95,16.18,53104954,1249181938.2921,16.06,1.0,5302000640,5302000000.0,124119776660.39,124119700000.0
2011-05-13,INTC,16.18,15.87,16.27,15.86,15.98,66277813,1563545968.1423,16.11,1.25,5302000640,5302000000.0,125683856245.19,125683800000.0
2011-05-12,INTC,15.98,15.9,16.13,15.84,15.72,85761750,2008273122.9105,15.99,1.62,5302000640,5302000000.0,124119776660.39,124119700000.0
2011-05-10,INTC,15.54,15.79,15.84,15.46,15.87,73296250,1674701232.2413,15.6,1.38,5302000640,5302000000.0,120673508056.4,120673400000.0
2011-05-07,INTC,15.87,16.02,16.11,15.79,16.12,100008250,2333331583.9757,15.93,1.89,5302000640,5302000000.0,123271514880.0,123271400000.0
2011-05-06,INTC,16.12,16.0,16.29,15.82,16.04,94299063,2220147529.3662,16.07,1.78,5302000640,5302000000.0,125180160882.39,125180100000.0
2011-05-05,INTC,16.04,15.74,16.09,15.51,15.74,137107130,3190592326.5897,15.89,2.59,5302000640,5302000000.0,124597015040.0,124597000000.0
2011-05-03,INTC,15.52,15.59,15.7,15.45,15.68,71978938,1655414587.55,15.58,1.36,5302000640,5302000000.0,121468776340.39,121468800000.0
2011-04-30,INTC,15.68,15.45,15.71,15.33,15.45,156188940,3593327579.8658,15.59,2.95,5302000640,5302000000.0,122741283004.0,122741300000.0
2011-04-29,INTC,15.45,15.21,15.49,15.21,15.33,54952047,1249389355.9277,15.4,1.02,5385154560,5385154000.0,122781459346.15,122781400000.0
2011-04-27,INTC,15.23,14.78,15.26,14.77,14.86,105309130,2349003022.9353,15.11,1.96,5385154560,5385154000.0,121058252968.18,121058200000.0
2011-04-22,INTC,14.54,14.49,14.56,14.35,14.5,77639563,1660297986.4905,14.49,1.44,5385154560,5385154000.0,115565373776.36,115565300000.0
2011-04-21,INTC,14.5,14.37,14.52,14.19,13.45,174554380,3696991248.4305,14.35,3.24,5385154560,5385154000.0,115296099892.9,115296100000.0
2011-04-19,INTC,13.29,13.23,13.37,13.18,13.38,46489504,910129110.8844,13.26,0.86,5385154560,5385154000.0,105656710926.58,105656700000.0
2011-04-16,INTC,13.38,13.28,13.38,13.23,13.26,44282997,870342407.0547,13.31,0.82,5385154560,5385154000.0,106356802560.0,106356800000.0
2011-04-15,INTC,13.26,13.3,13.32,13.15,13.4,52706852,1028547652.5266,13.22,0.98,5385154560,5385154000.0,105441256277.79,105441200000.0
2011-04-14,INTC,13.4,13.47,13.51,13.36,13.39,38977497,772206579.5652,13.42,0.72,5385154560,5385154000.0,106518351811.65,106518300000.0
2011-04-13,INTC,13.39,13.56,13.6,13.34,13.63,52163063,1033798306.5781,13.43,0.97,5385154560,5385154000.0,106410627179.83,106410600000.0
2011-04-12,INTC,13.63,13.6,13.68,13.56,13.56,43167926,868132719.9439,13.62,0.8,5385154560,5385154000.0,108349288206.58,108349300000.0
2011-04-09,INTC,13.56,13.58,13.68,13.51,13.57,46474887,931662819.0858,13.58,0.86,5385154560,5385154000.0,107810740439.65,107810700000.0
2011-04-08,INTC,13.57,13.49,13.61,13.43,13.51,51606391,1030703328.7892,13.53,0.96,5385154560,5385154000.0,107864640451.65,107864600000.0
2011-04-07,INTC,13.51,13.45,13.51,13.35,13.35,56268774,1116524289.3123,13.44,1.04,5385154560,5385154000.0,107433817316.54,107433800000.0
2011-04-06,INTC,13.35,13.27,13.47,13.24,13.2,62621153,1237624930.0923,13.39,1.16,5385154560,5385154000.0,106141353296.36,106141300000.0
2011-04-05,INTC,13.2,13.41,13.41,13.12,13.36,69372688,1350810204.3535,13.19,1.29,5385154560,5385154000.0,104956613908.01,104956600000.0
2011-04-02,INTC,13.36,13.81,13.81,13.25,13.67,82621438,1638341722.1996,13.43,1.53,5385154560,5385154000.0,106195172531.04,106195100000.0
2011-04-01,INTC,13.67,13.75,13.8,13.51,13.86,87544125,1757824749.1125,13.6,1.63,5385154560,5385154000.0,108672381324.72,108672300000.0
2011-03-31,INTC,13.86,13.83,13.86,13.62,13.74,54568399,1108359870.0594,13.76,1.01,5385154560,5385154000.0,110180219216.36,110180200000.0
2011-03-30,INTC,13.74,13.73,13.75,13.54,13.78,59545176,1199751397.247,13.65,1.11,5385154560,5385154000.0,109210929091.65,109210900000.0
2011-03-29,INTC,13.78,13.85,14.0,13.77,13.8,37111485,760387941.3842,13.88,0.69,5385154560,5385154000.0,109534027594.94,109534000000.0
2011-03-26,INTC,13.8,13.75,13.96,13.69,13.81,52479176,1071849699.6683,13.84,0.97,5385154560,5385154000.0,109695576846.58,109695500000.0
2011-03-25,INTC,13.81,13.89,13.89,13.74,13.75,49378215,1007537590.4546,13.82,0.92,5385154560,5385154000.0,109749396081.25,109749300000.0
2011-03-24,INTC,13.75,13.61,13.79,13.56,13.65,37927293,765463381.043,13.67,0.7,5385154560,5385154000.0,109264753711.47,109264700000.0
2011-03-23,INTC,13.65,13.67,13.69,13.54,13.68,45973801,923948857.0731,13.61,0.85,5385154560,5385154000.0,108483884759.65,108483800000.0
2011-03-22,INTC,13.68,13.48,13.81,13.47,13.5,43392286,878728244.9751,13.72,0.81,5385154560,5385154000.0,108726205944.55,108726200000.0
2011-03-19,INTC,13.5,13.54,13.65,13.47,13.48,74001250,1477811844.6162,13.53,1.35,5488000000,5488000000.0,109375801584.0,109375800000.0
2011-03-18,INTC,13.48,13.56,13.59,13.41,13.42,59050844,1177125311.2787,13.5,1.08,5488000000,5488000000.0,109211167072.0,109211100000.0
2011-03-17,INTC,13.42,13.57,13.8,13.35,13.67,84812563,1697192170.5739,13.56,1.55,5488000000,5488000000.0,108703538048.0,108703400000.0
2011-03-16,INTC,13.67,13.7,13.77,13.56,14.12,80463938,1621395743.9595,13.65,1.47,5488000000,5488000000.0,110747801584.0,110747800000.0
2011-03-15,INTC,14.12,14.0,14.14,13.97,14.14,48923504,1015235897.562,14.06,0.89,5488000000,5488000000.0,114369903536.0,114369800000.0
2011-03-12,INTC,14.14,13.98,14.2,13.96,14.08,45648047,950300768.5577,14.1,0.83,5488000000,5488000000.0,114534538048.0,114534500000.0
2011-03-10,INTC,14.36,14.28,14.46,14.19,14.31,60415809,1274725116.4212,14.29,1.1,5488000000,5488000000.0,116345583536.0,116345600000.0
2011-03-09,INTC,14.31,14.4,14.4,14.24,14.37,57165625,1209138145.5313,14.33,1.04,5488000000,5488000000.0,115961385120.0,115961300000.0
2011-03-08,INTC,14.37,14.69,14.73,14.28,14.61,57520129,1221859548.6561,14.39,1.05,5488000000,5488000000.0,116400436096.0,116400400000.0
2011-03-05,INTC,14.61,14.82,14.96,14.5,14.76,64671778,1403422788.1728,14.7,1.18,5488000000,5488000000.0,118321269024.0,118321200000.0
2011-03-04,INTC,14.76,14.67,14.82,14.67,14.56,50503930,1100551239.1941,14.76,0.92,5488000000,5488000000.0,119583487072.0,119583400000.0
2011-03-03,INTC,14.56,14.51,14.7,14.5,14.49,52192364,1124411152.1086,14.59,0.95,5488000000,5488000000.0,117937070608.0,117937000000.0
2011-03-02,INTC,14.49,14.64,14.69,14.46,14.54,57993504,1245572822.2177,14.55,1.06,5488000000,5488000000.0,117388320000.0,117388300000.0
2011-03-01,INTC,14.54,14.73,14.8,14.48,14.81,66390000,1430378525.1,14.6,1.21,5488000000,5488000000.0,117827283168.0,117827300000.0
2011-02-26,INTC,14.81,14.58,14.9,14.54,14.42,53475606,1167885844.7976,14.79,0.97,5488000000,5488000000.0,119967603168.0,119967600000.0
2011-02-24,INTC,14.33,14.7,14.71,14.23,14.77,83648250,1775751216.7658,14.38,1.52,5488000000,5488000000.0,116071167072.0,116071100000.0
2011-02-23,INTC,14.77,14.87,15.03,14.72,15.0,64515547,1413870599.49,14.85,1.18,5488000000,5488000000.0,119693269024.0,119693200000.0
2011-02-19,INTC,15.0,14.96,15.05,14.91,14.88,55066172,1218234044.31,14.99,1.0,5488000000,5488000000.0,121504320000.0,121504300000.0
2011-02-18,INTC,14.88,14.69,14.94,14.68,14.73,50186594,1102057354.5916,14.88,0.91,5488000000,5488000000.0,120571283168.0,120571200000.0
2011-02-16,INTC,14.53,14.55,14.6,14.42,14.61,50646325,1084428424.5254,14.5,0.92,5488000000,5488000000.0,117717583536.0,117717600000.0
2011-02-15,INTC,14.61,14.65,14.77,14.56,14.74,45134575,976847200.5138,14.66,0.82,5488000000,5488000000.0,118376121584.0,118376100000.0
2011-02-12,INTC,14.74,14.65,14.8,14.58,14.77,43716563,949387746.1325,14.71,0.8,5488000000,5488000000.0,119418852560.0,119418800000.0
2011-02-11,INTC,14.77,14.52,14.8,14.46,14.54,56661747,1229735278.007,14.7,1.03,5488000000,5488000000.0,119638334144.0,119638300000.0
2011-02-10,INTC,14.54,14.59,14.63,14.51,14.66,44601336,959115915.8072,14.57,0.81,5488000000,5488000000.0,117772436096.0,117772400000.0
2011-02-08,INTC,14.69,14.73,14.81,14.65,14.69,43647680,949995727.1389,14.74,0.8,5488000000,5488000000.0,119034654144.0,119034600000.0
2011-02-04,INTC,14.61,14.5,14.67,14.43,14.48,39846000,855684601.878,14.55,0.71,5577999360,5577999000.0,120317407149.2,120317400000.0
2011-02-03,INTC,14.48,14.43,14.58,14.42,14.43,46954520,1014686519.8367,14.52,0.84,5577999360,5577999000.0,120261655045.6,120261600000.0
2011-02-02,INTC,14.43,14.44,14.58,14.29,14.42,60970915,1311350123.6952,14.45,1.09,5577999360,5577999000.0,119815403940.8,119815300000.0
2011-01-27,INTC,14.61,14.62,14.71,14.55,14.48,57196020,1246569696.7219,14.64,1.03,5577999360,5577999000.0,121321486080.0,121321400000.0
2011-01-26,INTC,14.48,14.29,14.49,14.22,14.27,72334563,1549948197.6714,14.39,1.3,5577999360,5577999000.0,120205819272.01,120205800000.0
2011-01-25,INTC,14.27,14.13,14.27,14.06,13.99,82375438,1739949899.8955,14.19,1.48,5577999360,5577999000.0,118476656204.41,118476600000.0
2011-01-22,INTC,13.99,14.07,14.13,13.98,14.07,63697594,1332489459.3052,14.05,1.14,5577999360,5577999000.0,116133907629.2,116133900000.0
2011-01-21,INTC,14.07,14.07,14.07,13.85,14.11,56170793,1169874048.8408,13.99,1.01,5577999360,5577999000.0,116859069858.0,116859000000.0
2011-01-20,INTC,14.11,14.15,14.19,14.07,14.16,43338981,910022735.174,14.1,0.78,5577999360,5577999000.0,117193738663.6,117193700000.0
2011-01-15,INTC,14.16,14.34,14.39,14.09,14.3,154888690,3269109500.4363,14.18,2.78,5577999360,5577999000.0,117584153994.81,117584100000.0
2011-01-14,INTC,14.3,14.28,14.32,14.16,14.31,104828190,2226089092.2512,14.26,1.88,5577999360,5577999000.0,118755572906.4,118755500000.0
2011-01-13,INTC,14.31,14.29,14.33,14.15,14.14,53380571,1134214144.9144,14.27,0.96,5577999360,5577999000.0,118825281164.41,118825200000.0
2011-01-12,INTC,14.14,13.99,14.19,13.93,13.9,64452536,1350177182.8797,14.07,1.16,5577999360,5577999000.0,117416819592.01,117416800000.0
2011-01-11,INTC,13.9,13.91,13.95,13.82,13.88,51449696,1063943235.4455,13.89,0.92,5577999360,5577999000.0,115408739822.41,115408700000.0
2011-01-08,INTC,13.88,13.91,13.95,13.62,13.95,74806000,1535317371.522,13.79,1.34,5577999360,5577999000.0,115241405419.61,115241300000.0
2011-01-07,INTC,13.95,13.88,13.99,13.8,14.07,116668940,2413622530.2426,13.9,2.09,5577999360,5577999000.0,115854990927.21,115854900000.0
2011-01-05,INTC,14.21,14.19,14.24,14.14,14.01,75210313,1588509199.0004,14.19,1.35,5577999360,5577999000.0,117974652996.0,117974600000.0
2011-01-04,INTC,14.01,14.11,14.14,13.96,14.13,58223766,1215775639.7612,14.03,1.04,5577999360,5577999000.0,116301236454.01,116301200000.0
2011-01-01,INTC,14.13,14.13,14.15,14.07,14.12,15746407,330806706.594,14.11,0.28,5577999360,5577999000.0,117305320962.8,117305300000.0
2010-12-31,INTC,14.12,14.07,14.16,14.06,14.07,18877606,396871310.9596,14.12,0.34,5577999360,5577999000.0,117249490767.21,117249400000.0
2010-12-30,INTC,14.07,14.07,14.15,14.03,14.03,20848344,437346011.1699,14.09,0.37,5577999360,5577999000.0,116803239662.41,116803200000.0
2010-12-23,INTC,14.03,14.07,14.12,13.98,14.17,49209125,1027830698.6203,14.03,0.88,5577999360,5577999000.0,116524406630.4,116524400000.0
2010-12-22,INTC,14.17,14.29,14.29,14.16,14.26,34102270,722306130.7348,14.23,0.61,5577999360,5577999000.0,117695736294.01,117695700000.0
2010-12-21,INTC,14.26,14.37,14.4,14.24,14.42,34211813,728122900.0219,14.3,0.61,5577999360,5577999000.0,118420904100.8,118420900000.0
2010-12-17,INTC,14.31,14.34,14.37,14.27,14.29,35224809,750633634.8282,14.31,0.63,5577999360,5577999000.0,118811319432.01,118811300000.0
2010-12-16,INTC,14.29,14.34,14.44,14.29,14.42,42701352,911887201.1546,14.34,0.77,5577999360,5577999000.0,118699820802.8,118699800000.0
2010-12-14,INTC,14.44,14.78,14.79,14.33,14.72,78296250,1692099093.69,14.52,1.4,5577999360,5577999000.0,119926986240.0,119926900000.0
2010-12-11,INTC,14.72,14.72,14.76,14.64,14.65,52409450,1147871407.0338,14.71,0.94,5577999360,5577999000.0,122213904619.61,122213800000.0
2010-12-10,INTC,14.65,14.78,14.83,14.59,14.66,79884500,1749086145.786,14.71,1.43,5577999360,5577999000.0,121656154885.6,121656100000.0
2010-12-09,INTC,14.66,14.57,14.71,14.55,14.5,68959563,1505055978.5493,14.66,1.24,5577999360,5577999000.0,121711906989.2,121711800000.0
2010-12-08,INTC,14.5,14.67,14.68,14.5,14.58,46991313,1020975511.4284,14.59,0.84,5577999360,5577999000.0,120373153674.81,120373100000.0
2010-12-04,INTC,14.57,14.53,14.63,14.52,14.58,43907372,952719501.0679,14.58,0.79,5577999360,5577999000.0,120986739182.41,120986700000.0
2010-12-02,INTC,14.43,14.42,14.51,14.39,14.21,52939208,1138822260.3655,14.45,0.95,5577999360,5577999000.0,119815403940.8,119815300000.0
2010-12-01,INTC,14.21,14.23,14.31,14.15,14.33,52406223,1108752747.7327,14.21,0.94,5577999360,5577999000.0,118016443367.21,118016400000.0
2010-11-30,INTC,14.33,14.21,14.41,14.19,14.33,46893004,997943898.4532,14.3,0.84,5577999360,5577999000.0,118978653834.81,118978600000.0
2010-11-23,INTC,14.27,14.05,14.29,14.03,14.2,40328594,852171098.607,14.19,0.72,5577999360,5577999000.0,118532486400.0,118532400000.0
2010-11-17,INTC,14.15,14.19,14.29,14.03,14.3,63078551,1327424522.6156,14.14,1.13,5577999360,5577999000.0,117528407469.2,117528300000.0
2010-11-13,INTC,14.46,14.4,14.65,14.33,14.25,100662190,2170548503.6508,14.48,1.8,5577999360,5577999000.0,120094320642.8,120094300000.0
2010-11-12,INTC,14.25,13.9,14.26,13.8,14.13,69682688,1459273738.2415,14.07,1.25,5577999360,5577999000.0,118309321801.61,118309300000.0
2010-11-11,INTC,14.13,14.21,14.22,13.99,14.21,48072004,1007112762.2084,14.07,0.86,5577999360,5577999000.0,117361073066.4,117361000000.0
2010-11-10,INTC,14.21,14.24,14.34,14.13,14.26,46712950,990603833.2993,14.24,0.84,5577999360,5577999000.0,118030405099.61,118030400000.0
2010-11-09,INTC,14.26,14.33,14.44,14.22,14.27,53006836,1131637270.0325,14.34,0.95,5577999360,5577999000.0,118420904100.8,118420900000.0
2010-11-04,INTC,13.76,13.66,13.78,13.58,13.56,53044559,1081153618.0479,13.69,0.95,5577999360,5577999000.0,114237404580.8,114237400000.0
2010-11-03,INTC,13.56,13.76,13.79,13.52,13.71,60969075,1247097431.8043,13.63,1.09,5577999360,5577999000.0,113456490248.4,113456400000.0
2010-10-30,INTC,13.36,13.63,13.7,13.34,13.64,60774301,1239904830.2703,13.6,1.09,5577999360,5577999000.0,111838820232.01,111838800000.0
2010-10-28,INTC,13.46,13.28,13.46,13.2,13.36,48151825,962886651.5206,13.33,0.86,5577999360,5577999000.0,112619740142.41,112619700000.0
2010-10-26,INTC,13.24,13.3,13.33,13.2,13.22,45769321,911724828.5507,13.28,0.82,5577999360,5577999000.0,110834824971.2,110834800000.0
2010-10-21,INTC,13.09,12.86,13.18,12.86,12.8,84884563,1666614681.9474,13.09,1.52,5568000000,5568000000.0,109355520000.0,109355400000.0
2010-10-20,INTC,12.8,12.67,12.92,12.6,12.79,85409750,1639482514.486,12.79,1.53,5568000000,5568000000.0,106961235456.0,106961200000.0
2010-10-19,INTC,12.79,12.84,12.88,12.64,12.88,55027352,1051720555.2148,12.74,0.99,5568000000,5568000000.0,106849853184.0,106849800000.0
2010-10-14,INTC,12.82,13.32,13.35,12.77,13.18,173827250,3390135474.025,13.0,3.12,5568000000,5568000000.0,107128269888.0,107128300000.0
2010-10-13,INTC,13.18,13.1,13.2,12.96,13.04,94743188,1859741323.2901,13.08,1.7,5568000000,5568000000.0,110079304320.0,110079300000.0
2010-10-09,INTC,13.01,12.93,13.05,12.8,12.93,46526700,904618348.9398,12.96,0.84,5568000000,5568000000.0,108687304320.0,108687300000.0
2010-10-07,INTC,12.87,12.8,12.91,12.75,12.76,54989997,1058260441.2762,12.83,0.99,5568000000,5568000000.0,107518068864.0,107518000000.0
2010-10-06,INTC,12.76,12.72,12.86,12.68,12.58,61004536,1169096662.3304,12.77,1.1,5568000000,5568000000.0,106627166592.0,106627100000.0
2010-10-02,INTC,12.88,12.98,13.56,12.59,12.8,41274926,798174436.4381,12.89,0.74,5568000000,5568000000.0,107573721024.0,107573700000.0
2010-10-01,INTC,12.8,12.89,13.06,12.74,12.82,75386250,1456620510.3525,12.88,1.35,5568000000,5568000000.0,106905583296.0,106905500000.0
2010-09-30,INTC,12.82,12.98,13.08,12.74,13.0,62484211,1209225318.4722,12.9,1.12,5568000000,5568000000.0,107128269888.0,107128300000.0
2010-09-28,INTC,12.82,12.93,12.95,12.78,12.95,51120086,985799585.0637,12.85,0.92,5568000000,5568000000.0,107100402048.0,107100300000.0
2010-09-24,INTC,12.65,12.56,12.87,12.5,12.67,51954672,989408459.801,12.69,0.93,5568000000,5568000000.0,105680617728.0,105680600000.0
2010-09-22,INTC,12.76,12.58,12.84,12.56,12.62,69247688,1322020560.9257,12.72,1.24,5568000000,5568000000.0,106571520000.0,106571400000.0
2010-09-21,INTC,12.62,12.59,12.64,12.46,12.54,44958122,847456103.8878,12.56,0.81,5568000000,5568000000.0,105402796800.0,105402800000.0
2010-09-18,INTC,12.54,12.68,12.72,12.44,12.64,70436500,1328558189.589,12.57,1.27,5568000000,5568000000.0,104734068864.0,104734100000.0
2010-09-17,INTC,12.64,12.46,12.65,12.38,12.48,69165688,1298170659.7406,12.51,1.24,5568000000,5568000000.0,105624882048.0,105624800000.0
2010-09-16,INTC,12.48,12.48,12.51,12.36,12.49,56107211,1047554957.0533,12.44,1.01,5568000000,5568000000.0,104232882048.0,104232900000.0
2010-09-15,INTC,12.49,12.35,12.53,12.22,12.37,64479477,1203153833.8893,12.44,1.16,5568000000,5568000000.0,104344269888.0,104344200000.0
2010-09-14,INTC,12.37,12.14,12.37,12.13,11.98,73870750,1360934714.951,12.28,1.33,5568000000,5568000000.0,103328137728.0,103328100000.0
2010-09-09,INTC,11.93,12.02,12.03,11.83,12.08,101746570,1814394692.0593,11.89,1.83,5568000000,5568000000.0,99667166592.0,99667130000.0
2010-09-08,INTC,12.08,12.24,12.27,12.03,12.28,58636450,1064837286.9991,12.1,1.05,5568000000,5568000000.0,100892137728.0,100892100000.0
2010-08-31,INTC,11.97,12.16,12.2,11.96,12.24,73718813,1329746288.7119,12.02,1.32,5568000000,5568000000.0,100001235456.0,100001200000.0
2010-08-28,INTC,12.24,12.15,12.34,11.87,12.12,135204630,2475893549.4629,12.21,2.43,5568000000,5568000000.0,102284137728.0,102284100000.0
2010-08-27,INTC,12.12,12.4,12.4,12.08,12.32,69585938,1274988001.0753,12.21,1.25,5568000000,5568000000.0,101226201024.0,101226100000.0
2010-08-26,INTC,12.32,12.17,12.39,12.12,12.27,63350524,1166339465.4558,12.27,1.14,5568000000,5568000000.0,102896617728.0,102896600000.0
2010-08-25,INTC,12.27,12.37,12.45,12.26,12.46,75107313,1390363219.8817,12.34,1.35,5568000000,5568000000.0,102479034432.0,102479000000.0
2010-08-24,INTC,12.46,12.61,12.65,12.4,12.6,71954313,1349013850.9866,12.5,1.29,5568000000,5568000000.0,104121583296.0,104121500000.0
2010-08-21,INTC,12.6,12.61,12.66,12.5,12.6,95174375,1799850980.97,12.6,1.71,5568000000,5568000000.0,105290818752.0,105290800000.0
2010-08-20,INTC,12.6,12.64,12.75,12.54,13.06,159900380,3033020149.3107,12.64,2.87,5568000000,5568000000.0,105235166592.0,105235100000.0
2010-08-19,INTC,13.06,13.02,13.18,12.98,13.02,58982348,1158642815.0361,13.09,1.06,5568000000,5568000000.0,109077103296.0,109077100000.0
2010-08-18,INTC,13.02,13.14,13.24,13.0,12.98,60836747,1198556189.9554,13.13,1.09,5568000000,5568000000.0,108743034432.0,108743000000.0
2010-08-17,INTC,12.98,12.76,13.04,12.74,12.76,48721086,946416206.3931,12.95,0.88,5568000000,5568000000.0,108408882048.0,108408800000.0
2010-08-14,INTC,12.76,12.88,12.99,12.76,12.96,57384758,1109046123.7937,12.88,1.03,5568000000,5568000000.0,106627166592.0,106627100000.0
2010-08-12,INTC,12.95,13.02,13.05,12.86,13.21,99078688,1925396044.8253,12.95,1.78,5568000000,5568000000.0,108158333184.0,108158300000.0
2010-08-11,INTC,13.21,13.4,13.44,13.13,13.76,136357690,2711022548.9153,13.25,2.45,5568000000,5568000000.0,110357721024.0,110357700000.0
2010-08-10,INTC,13.76,13.86,13.86,13.6,13.76,46082778,952410699.1266,13.78,0.83,5568000000,5568000000.0,114979166592.0,114979100000.0
2010-08-06,INTC,13.78,13.76,13.86,13.64,13.82,44692442,920793511.0498,13.73,0.8,5568000000,5568000000.0,115090554432.0,115090500000.0
2010-08-05,INTC,13.82,13.87,13.9,13.63,13.81,85639625,1771976845.8827,13.79,1.54,5568000000,5568000000.0,115424617728.0,115424600000.0
2010-08-04,INTC,13.81,13.9,13.91,13.7,13.99,60929149,1267100617.6321,13.76,1.09,5568000000,5568000000.0,116204137728.0,116204100000.0
2010-07-31,INTC,13.63,13.74,13.84,13.61,13.91,67395875,1396348040.9832,13.71,1.21,5568000000,5568000000.0,114700749888.0,114700700000.0
2010-07-28,INTC,14.28,14.34,14.38,14.15,14.36,53982782,1163949376.2135,14.26,0.97,5568000000,5568000000.0,120157367616.0,120157300000.0
2010-07-23,INTC,14.41,14.12,14.54,14.12,14.06,74526000,1620030761.118,14.38,1.34,5563998720,5563998000.0,121183886557.6,121183800000.0
2010-07-22,INTC,14.06,14.27,14.32,14.01,14.32,72438750,1548117429.3112,14.14,1.3,5563998720,5563998000.0,118290584967.21,118290500000.0
2010-07-21,INTC,14.32,14.0,14.37,13.96,14.28,72666313,1556155269.5316,14.17,1.31,5563998720,5563998000.0,120460538904.01,120460500000.0
2010-07-17,INTC,13.9,14.18,14.21,13.89,14.23,80451438,1707741869.9116,14.04,1.45,5563998720,5563998000.0,116955197454.41,116955100000.0
2010-07-16,INTC,14.23,14.12,14.28,13.9,14.13,118558070,2526389006.8187,14.1,2.13,5563998720,5563998000.0,119681584647.21,119681500000.0
2010-07-15,INTC,14.13,14.59,14.72,14.08,13.9,199002570,4330632038.5407,14.4,3.58,5563998720,5563998000.0,118846934763.22,118846900000.0
2010-07-09,INTC,13.3,13.46,13.47,13.12,13.32,65418454,1310291662.9446,13.25,1.18,5563998720,5563998000.0,111836324196.01,111836300000.0
2010-07-02,INTC,12.73,12.85,12.98,12.57,12.87,88390375,1708584799.6751,12.79,1.59,5563998720,5563998000.0,107106975360.0,107106900000.0
2010-07-01,INTC,12.87,13.03,13.25,12.83,13.09,64294891,1265316125.2624,13.02,1.16,5563998720,5563998000.0,108219758412.0,108219700000.0
2010-06-30,INTC,13.09,13.23,13.26,13.0,13.47,79182688,1570017709.2995,13.12,1.42,5563998720,5563998000.0,110111501284.81,110111400000.0
2010-06-29,INTC,13.47,13.3,13.62,13.17,13.25,54485961,1108347370.7203,13.46,0.98,5563998720,5563998000.0,113282936043.22,113282900000.0
2010-06-25,INTC,13.44,13.64,13.75,13.36,13.77,62011422,1263637007.6679,13.48,1.11,5563998720,5563998000.0,113060415042.41,113060300000.0
2010-06-24,INTC,13.77,13.85,13.9,13.67,13.88,61357727,1277080770.2404,13.77,1.1,5563998720,5563998000.0,115786802235.2,115786800000.0
2010-06-23,INTC,13.88,13.98,14.11,13.8,14.02,58831094,1238759222.6517,13.93,1.06,5563998720,5563998000.0,116732670889.61,116732600000.0
2010-06-19,INTC,14.16,14.26,14.32,14.01,14.24,64872575,1389207205.2074,14.17,1.17,5563998720,5563998000.0,119069539224.01,119069500000.0
2010-06-18,INTC,14.24,14.28,14.35,14.02,14.22,37270895,798178168.9822,14.17,0.67,5563998720,5563998000.0,119737196814.41,119737100000.0
2010-06-16,INTC,14.21,13.96,14.26,13.9,13.82,62081930,1325703493.0853,14.13,1.12,5563998720,5563998000.0,119514670249.61,119514600000.0
2010-06-15,INTC,13.82,13.86,13.98,13.77,13.65,68877375,1445109041.628,13.88,1.24,5563998720,5563998000.0,116231933260.8,116231900000.0
2010-06-12,INTC,13.65,13.44,13.73,13.42,13.59,49496395,1017848172.9664,13.6,0.89,5563998720,5563998000.0,114840933580.8,114840900000.0
2010-06-11,INTC,13.59,13.46,13.63,13.4,13.18,57168250,1169285084.55,13.53,1.03,5563998720,5563998000.0,114340106928.02,114340100000.0
2010-06-10,INTC,13.18,13.49,13.63,13.14,13.35,58981141,1192291851.1245,13.37,1.06,5563998720,5563998000.0,110890455541.61,110890400000.0
2010-06-09,INTC,13.35,13.38,13.38,13.06,13.43,91377688,1826996081.9701,13.23,1.64,5563998720,5563998000.0,112281455221.61,112281400000.0
2010-06-05,INTC,13.86,14.25,14.29,13.75,14.49,67919313,1438673611.978,14.01,1.22,5563998720,5563998000.0,116537914242.41,116537900000.0
2010-06-04,INTC,14.49,14.52,14.55,14.2,14.43,54615454,1189360359.4498,14.41,0.98,5563998720,5563998000.0,121851538584.01,121851500000.0
2010-06-03,INTC,14.43,14.15,14.44,14.0,14.01,61537102,1324068408.9109,14.23,1.11,5563998720,5563998000.0,121350800955.2,121350800000.0
2010-06-02,INTC,14.01,14.09,14.38,13.98,14.17,57170954,1225453167.356,14.18,1.03,5563998720,5563998000.0,117845453941.61,117845400000.0
2010-05-28,INTC,14.39,14.0,14.42,13.97,13.69,83237313,1799815114.8558,14.3,1.5,5563998720,5563998000.0,121072584327.21,121072500000.0
2010-05-27,INTC,13.69,13.96,14.22,13.69,13.79,85666750,1811894424.5415,13.99,1.54,5563998720,5563998000.0,115174756812.0,115174700000.0
2010-05-26,INTC,13.79,13.31,13.81,13.25,13.67,96152250,1970466808.9388,13.56,1.73,5563998720,5563998000.0,116009323236.01,116009300000.0
2010-05-21,INTC,13.75,13.9,14.05,13.65,14.29,106551570,2235397916.954,13.88,1.92,5563998720,5563998000.0,115675500004.81,115675400000.0
2010-05-20,INTC,14.29,14.24,14.36,13.89,14.18,89530563,1918299211.7672,14.17,1.61,5563998720,5563998000.0,120182322276.01,120182300000.0
2010-05-19,INTC,14.18,14.65,14.71,14.11,14.57,76636063,1656150996.5235,14.3,1.38,5563998720,5563998000.0,119236453621.61,119236400000.0
2010-05-13,INTC,15.27,14.95,15.31,14.88,14.74,83343313,1909203611.2101,15.15,1.5,5563998720,5563998000.0,128472713752.8,128472600000.0
2010-05-08,INTC,14.1,14.06,14.35,13.53,14.23,139360440,2952739737.0276,14.02,2.5,5563998720,5563998000.0,118568801595.2,118568800000.0
2010-05-05,INTC,14.82,15.06,15.08,14.71,15.28,90704250,2049506973.8325,14.84,1.63,5563998720,5563998000.0,125523799995.2,125523800000.0
2010-05-04,INTC,15.28,15.1,15.4,15.04,15.0,55455540,1288037378.888,15.26,1.0,5563998720,5563998000.0,129418582407.21,129418600000.0
2010-05-01,INTC,15.0,15.4,15.41,14.98,15.43,81863875,1884694198.2292,15.12,1.47,5563998720,5563998000.0,127081714072.8,127081600000.0
2010-04-30,INTC,15.43,15.33,15.44,15.31,15.28,59059387,1383749330.2357,15.39,1.06,5563998720,5563998000.0,130698279856.81,130698200000.0
2010-04-29,INTC,15.28,15.38,15.41,15.05,15.34,109052000,2525937669.88,15.22,1.96,5563998720,5563998000.0,129418582407.21,129418600000.0
2010-04-28,INTC,15.34,15.59,15.68,15.31,15.65,78937500,1859925138.1875,15.48,1.42,5563998720,5563998000.0,129919320036.01,129919300000.0
2010-04-24,INTC,15.79,15.73,15.8,15.59,15.76,56972145,1362733656.9821,15.71,1.02,5563998720,5563998000.0,133758495844.81,133758400000.0
2010-04-23,INTC,15.76,15.47,15.8,15.32,15.63,73666000,1746082950.868,15.57,1.33,5536332800,5536332000.0,132816574045.0,132816600000.0
2010-04-22,INTC,15.63,15.83,15.85,15.46,15.84,73899250,1755638301.4097,15.61,1.33,5536332800,5536332000.0,131764654204.01,131764600000.0
2010-04-14,INTC,14.96,14.88,14.99,14.76,14.81,122395500,2774410767.054,14.89,2.21,5536332800,5536332000.0,126061733150.05,126061700000.0
2010-04-13,INTC,14.81,14.9,14.93,14.74,14.81,49352903,1114136405.7586,14.83,0.89,5536332800,5536332000.0,124783333006.87,124783300000.0
2010-04-10,INTC,14.81,14.71,14.83,14.69,14.66,45528641,1022832744.5851,14.76,0.82,5536332800,5536332000.0,124844238204.01,124844200000.0
2010-04-09,INTC,14.66,14.7,14.72,14.56,14.75,40824426,909845368.3081,14.64,0.74,5536332800,5536332000.0,123515573695.33,123515500000.0
2010-04-08,INTC,14.75,14.73,14.9,14.62,14.71,62544149,1403346789.4732,14.74,1.13,5536332800,5536332000.0,124290654751.0,124290600000.0
2010-04-06,INTC,14.84,14.77,14.88,14.67,14.71,34948133,788835104.0821,14.83,0.63,5536332800,5536332000.0,125065741343.0,125065700000.0
2010-04-01,INTC,14.64,14.66,14.78,14.58,14.67,45991985,1028215213.454,14.69,0.83,5536332800,5536332000.0,123404824894.0,123404800000.0
2010-03-31,INTC,14.67,14.71,14.81,14.57,14.67,37886247,846105787.5704,14.67,0.68,5536332800,5536332000.0,123681658143.0,123681600000.0
2010-03-27,INTC,14.61,14.73,14.84,14.5,14.68,45700422,1020206715.0402,14.66,0.83,5536332800,5536332000.0,123127991645.0,123127900000.0
2010-03-26,INTC,14.68,14.9,14.93,14.66,14.73,52458918,1182434083.8323,14.81,0.95,5536332800,5536332000.0,123736988253.0,123736900000.0
2010-03-25,INTC,14.73,14.8,14.89,14.66,14.89,54742715,1231666855.3863,14.78,0.99,5536332800,5536332000.0,124179905949.67,124179800000.0
2010-03-24,INTC,14.89,14.71,14.94,14.69,14.61,64740825,1460662553.4759,14.82,1.17,5536332800,5536332000.0,125522427899.34,125522400000.0
2010-03-20,INTC,14.45,14.62,14.71,14.33,14.58,77998438,1718578115.6824,14.47,1.41,5523998720,5523998000.0,121486503181.61,121486400000.0
2010-03-19,INTC,14.58,14.58,14.68,14.46,14.61,54458403,1206563276.9295,14.55,0.99,5523998720,5523998000.0,122632755012.0,122632700000.0
2010-03-18,INTC,14.61,14.49,14.68,14.39,14.46,77805813,1725942541.2002,14.57,1.41,5523998720,5523998000.0,122867502861.61,122867400000.0
2010-03-17,INTC,14.46,13.95,14.48,13.93,13.91,123060820,2687818748.0357,14.35,2.23,5523998720,5523998000.0,121583184207.21,121583100000.0
2010-03-16,INTC,13.91,13.9,14.0,13.83,13.97,34377938,728000691.2397,13.91,0.62,5523998720,5523998000.0,116943047378.4,116943000000.0
2010-03-13,INTC,13.97,14.0,14.04,13.91,13.96,39590352,841754109.3121,13.97,0.72,5523998720,5523998000.0,117495397534.41,117495300000.0
2010-03-12,INTC,13.96,13.89,13.97,13.79,13.92,53786516,1136024305.2113,13.87,0.97,5523998720,5523998000.0,117384972800.0,117384900000.0
2010-03-10,INTC,13.76,13.58,13.93,13.57,13.64,83168625,1742190823.7321,13.76,1.51,5523998720,5523998000.0,115672466908.82,115672400000.0
2010-03-05,INTC,13.49,13.53,13.54,13.31,13.48,62756918,1280121073.2159,13.4,1.14,5523998720,5523998000.0,113407688197.6,113407600000.0
2010-03-04,INTC,13.48,13.64,13.68,13.43,13.6,49917383,1027823874.6615,13.53,0.9,5523998720,5523998000.0,113352398494.41,113352400000.0
2010-03-03,INTC,13.6,13.79,13.85,13.52,13.71,59398965,1234838846.4937,13.66,1.08,5523998720,5523998000.0,114332935887.21,114332900000.0
2010-02-27,INTC,13.49,13.53,13.58,13.42,13.55,47795250,982560124.1535,13.5,0.87,5523998720,5523998000.0,113407688197.6,113407600000.0
2010-02-26,INTC,13.55,13.38,13.57,13.28,13.6,48789317,995097054.09,13.4,0.88,5523998720,5523998000.0,113960038353.61,113960000000.0
2010-02-25,INTC,13.6,13.48,13.67,13.47,13.39,51070071,1056440442.5029,13.59,0.92,5523998720,5523998000.0,114346756932.0,114346700000.0
2010-02-23,INTC,13.71,13.76,13.77,13.56,13.68,38730594,806099426.8855,13.67,0.7,5523998720,5523998000.0,115285831190.41,115285800000.0
2010-02-20,INTC,13.68,13.61,13.77,13.52,13.69,40768208,848019290.767,13.66,0.74,5523998720,5523998000.0,115009614682.41,115009600000.0
2010-02-19,INTC,13.69,13.56,13.7,13.5,13.57,42613583,882437218.8155,13.6,0.77,5523998720,5523998000.0,115120116752.8,115120100000.0
2010-02-18,INTC,13.57,13.7,13.7,13.49,13.61,47296649,978349866.7414,13.59,0.86,5523998720,5523998000.0,114125752791.21,114125700000.0
2010-02-13,INTC,13.42,13.11,13.58,13.0,13.18,91108875,1853190414.3967,13.36,1.65,5523998720,5523998000.0,112855255181.61,112855200000.0
2010-02-11,INTC,12.93,12.87,13.05,12.78,12.91,56250598,1106060346.0254,12.92,1.02,5523998720,5523998000.0,108767468508.82,108767400000.0
2010-02-03,INTC,12.98,12.83,13.06,12.75,12.78,63332465,1257883326.8544,12.94,1.15,5521999360,5521999000.0,109942946515.61,109942900000.0
2010-01-30,INTC,12.64,13.12,13.18,12.58,12.98,96053875,1889398643.8634,12.82,1.74,5521999360,5521999000.0,107126754452.0,107126700000.0
2010-01-27,INTC,13.03,13.15,13.28,13.0,13.24,65298836,1314765812.7279,13.12,1.18,5521999360,5521999000.0,110439987200.0,110439900000.0
2010-01-26,INTC,13.24,13.19,13.41,13.13,12.98,73785500,1498930149.279,13.24,1.34,5521999360,5521999000.0,112206988341.2,112206900000.0
2010-01-20,INTC,13.72,13.62,13.8,13.59,13.56,82573438,1737542403.4634,13.71,1.5,5521999360,5521999000.0,116238020264.01,116238000000.0
2010-01-16,INTC,13.56,13.94,13.95,13.54,14.0,198104880,4167629630.0561,13.71,3.59,5521999360,5521999000.0,114857520424.01,114857400000.0
2010-01-09,INTC,13.57,13.39,13.61,13.29,13.42,48234676,996827412.9165,13.47,0.87,5521999360,5521999000.0,115023174882.81,115023100000.0
2010-01-08,INTC,13.42,13.51,13.53,13.26,13.56,54041450,1109319220.1084,13.38,0.98,5521999360,5521999000.0,113753137118.01,113753100000.0
2010-01-07,INTC,13.56,13.56,13.64,13.47,13.6,40037356,832056252.3173,13.54,0.73,5521999360,5521999000.0,114857520424.01,114857400000.0
2010-01-06,INTC,13.6,13.65,13.68,13.42,13.61,52360762,1088893882.9444,13.55,0.95,5521999360,5521999000.0,115244104555.2,115244100000.0
2010-01-01,INTC,13.29,13.42,13.5,13.29,13.42,26435762,542593856.4354,13.38,0.48,5521999360,5521999000.0,112648753812.0,112648700000.0
2009-12-30,INTC,13.3,13.3,13.34,13.18,13.23,29331766,597167946.5259,13.27,0.53,5521999360,5521999000.0,112659792288.72,112659800000.0
2009-12-25,INTC,13.25,13.16,13.26,13.15,13.1,12189145,247082391.8492,13.21,0.22,5521999360,5521999000.0,112262175202.81,112262100000.0
2009-12-22,INTC,13.09,13.02,13.25,12.38,12.79,56886340,1146811491.6117,13.14,1.03,5521999360,5521999000.0,110936950576.4,110936900000.0
2009-12-19,INTC,12.79,12.52,12.84,12.45,12.43,98983125,1926062840.8631,12.68,1.79,5521999360,5521999000.0,108396792216.81,108396800000.0
2009-12-17,INTC,12.63,12.71,12.9,12.56,12.9,96648438,1879491826.1765,12.67,1.75,5521999360,5521999000.0,107016292376.81,107016300000.0
2009-12-16,INTC,12.9,12.93,13.07,12.83,13.02,43145688,856899078.51,12.94,0.78,5521999360,5521999000.0,109335521064.01,109335500000.0
2009-12-15,INTC,13.02,13.05,13.11,12.97,12.97,35704918,714940674.7205,13.05,0.65,5521999360,5521999000.0,110329525124.8,110329400000.0
2009-12-11,INTC,13.13,13.14,13.2,13.05,13.04,43200547,869873124.6263,13.12,0.78,5521999360,5521999000.0,111268253972.0,111268200000.0
2009-12-09,INTC,13.03,13.2,13.22,12.9,13.27,63991848,1278313762.0421,13.02,1.16,5521999360,5521999000.0,110384717508.41,110384700000.0
2009-12-08,INTC,13.27,13.17,13.37,13.16,13.33,47082879,958206599.8911,13.26,0.85,5521999360,5521999000.0,112483104875.2,112483100000.0
2009-12-01,INTC,12.51,12.45,12.55,12.38,12.45,48596911,928428968.2095,12.45,0.88,5521999360,5521999000.0,106022371146.0,106022300000.0
2009-11-28,INTC,12.45,12.32,12.55,12.26,12.6,35747629,681414118.7246,12.42,0.65,5521999360,5521999000.0,105525330461.61,105525300000.0
2009-11-26,INTC,12.6,12.7,12.71,12.56,12.64,46706848,904907440.8668,12.63,0.85,5521999360,5521999000.0,106795451056.4,106795400000.0
2009-11-25,INTC,12.64,12.67,12.71,12.55,12.64,52434606,1017083857.8533,12.64,0.95,5521999360,5521999000.0,107071567590.4,107071500000.0
2009-11-24,INTC,12.64,12.69,12.71,12.59,12.54,42995579,834311453.3209,12.65,0.78,5521999360,5521999000.0,107126754452.0,107126700000.0
2009-11-21,INTC,12.54,12.49,12.58,12.43,12.58,49137594,942945318.5502,12.51,0.89,5521999360,5521999000.0,106243217988.41,106243200000.0
2009-11-20,INTC,12.58,12.64,12.64,12.35,13.11,108665070,2080403196.9967,12.48,1.97,5521999360,5521999000.0,106574521384.01,106574400000.0
2009-11-19,INTC,13.11,13.19,13.22,13.03,13.24,43215645,868339993.095,13.09,0.78,5521999360,5521999000.0,111102605035.2,111102600000.0
2009-11-18,INTC,13.24,13.1,13.26,13.03,13.18,37596504,759716052.8029,13.17,0.68,5521999360,5521999000.0,112206988341.2,112206900000.0
2009-11-17,INTC,13.18,13.11,13.24,13.04,12.92,64782200,1309318939.3802,13.17,1.17,5521999360,5521999000.0,111710024964.8,111710000000.0
2009-11-14,INTC,12.92,12.85,13.0,12.76,12.83,43966500,870475146.9,12.9,0.8,5521999360,5521999000.0,109445988661.2,109445900000.0
2009-11-13,INTC,12.83,13.03,13.36,12.79,12.93,77009500,1531979786.1765,12.96,1.39,5521999360,5521999000.0,108672908750.8,108672900000.0
2009-11-12,INTC,12.93,12.81,12.97,12.8,12.71,61342282,1214220784.9416,12.9,1.11,5521999360,5521999000.0,109556450736.4,109556400000.0
2009-11-11,INTC,12.71,12.66,12.83,12.66,12.68,59517774,1163244836.3541,12.74,1.08,5521999360,5521999000.0,107678987520.0,107678900000.0
2009-11-10,INTC,12.68,12.48,12.68,12.46,12.34,51383090,995125564.9642,12.62,0.93,5521999360,5521999000.0,107458063369.61,107458000000.0
2009-11-07,INTC,12.34,12.26,12.45,12.21,12.31,44168536,838004598.3149,12.36,0.8,5521999360,5521999000.0,104531409230.8,104531400000.0
2009-11-06,INTC,12.31,12.2,12.45,12.13,12.11,66146500,1252145704.299,12.34,1.2,5521999360,5521999000.0,104310567910.4,104310500000.0
2009-11-05,INTC,12.11,12.13,12.27,12.06,11.97,85837063,1602251699.5335,12.16,1.55,5521999360,5521999000.0,102653951536.4,102653900000.0
2009-11-04,INTC,11.97,12.05,12.06,11.84,12.29,101618320,1874815832.3972,11.93,1.84,5521999360,5521999000.0,102156988160.0,102156900000.0
2009-11-03,INTC,12.29,12.32,12.39,12.13,12.36,63635504,1205650858.6138,12.25,1.15,5521999360,5521999000.0,104973180223.6,104973100000.0
2009-10-31,INTC,12.36,12.49,12.51,12.12,12.43,92276188,1755211855.214,12.3,1.67,5521999360,5521999000.0,105525330461.61,105525300000.0
2009-10-30,INTC,12.43,12.4,12.55,12.35,12.31,77273438,1484221678.4943,12.42,1.4,5521999360,5521999000.0,106132750391.21,106132700000.0
2009-10-29,INTC,12.31,12.68,12.77,12.3,12.77,87595125,1690375071.0341,12.48,1.59,5521999360,5521999000.0,105083642298.8,105083600000.0
2009-10-28,INTC,12.77,12.94,13.02,12.72,12.83,68171375,1355205691.3181,12.86,1.23,5521999360,5521999000.0,109004217668.41,109004100000.0
2009-10-27,INTC,12.83,12.79,12.96,12.65,12.79,63005606,1249608959.4686,12.83,1.14,5521999360,5521999000.0,109501175522.81,109501100000.0
2009-10-24,INTC,12.79,13.19,13.19,12.68,13.01,82680875,1644513756.8964,12.86,1.5,5521999360,5521999000.0,109225141818.8,109225100000.0
2009-10-23,INTC,13.01,12.85,13.05,12.69,12.84,66658938,1327071934.713,12.88,1.19,5597998080,5597998000.0,112631698977.61,112631600000.0
2009-10-22,INTC,12.84,13.05,13.21,12.72,13.05,88171750,1769747656.4412,12.98,1.58,5597998080,5597998000.0,111170610282.73,111170600000.0
2009-10-21,INTC,13.05,13.24,13.31,13.01,13.2,67829000,1374825865.342,13.11,1.21,5597998080,5597998000.0,112967562068.41,112967500000.0
2009-10-20,INTC,13.2,13.12,13.25,12.96,13.05,68147500,1382623978.8075,13.12,1.22,5597998080,5597998000.0,114255079234.82,114255000000.0
2009-10-17,INTC,13.05,13.24,13.3,12.95,13.37,75760750,1531101044.3852,13.07,1.35,5597998080,5597998000.0,112967562068.41,112967500000.0
2009-10-16,INTC,13.37,13.46,13.54,13.28,13.47,80532813,1668638757.9006,13.4,1.44,5597998080,5597998000.0,115710614715.6,115710600000.0
2009-10-15,INTC,13.47,13.75,13.76,13.44,13.25,164972250,3462287788.197,13.57,2.95,5597998080,5597998000.0,116611864416.49,116611800000.0
2009-10-14,INTC,13.25,13.27,13.38,13.16,13.19,116652630,2389558084.0983,13.25,2.08,5597998080,5597998000.0,114702930277.22,114702900000.0
2009-10-08,INTC,12.77,12.7,12.85,12.59,12.7,49526321,976143728.75,12.75,0.88,5597998080,5597998000.0,110560462080.0,110560400000.0
2009-10-07,INTC,12.7,12.48,12.79,12.47,12.35,74185313,1452881372.2247,12.67,1.33,5597998080,5597998000.0,109888646330.42,109888600000.0
2009-10-06,INTC,12.35,12.37,12.46,12.26,12.27,56635985,1081095206.7687,12.35,1.01,5597998080,5597998000.0,106921712946.02,106921700000.0
2009-10-03,INTC,12.27,12.26,12.43,12.26,12.22,58179856,1110018534.2715,12.34,1.04,5597998080,5597998000.0,106193945205.63,106193900000.0
2009-10-02,INTC,12.22,12.61,12.63,12.22,12.66,70648750,1356525871.6137,12.42,1.26,5597998080,5597998000.0,105802130124.01,105802100000.0
2009-10-01,INTC,12.66,12.68,12.8,12.45,12.6,64733915,1263398872.272,12.62,1.16,5597998080,5597998000.0,109552783239.61,109552800000.0
2009-09-30,INTC,12.6,12.72,12.79,12.57,12.77,42035106,822038532.936,12.65,0.75,5597998080,5597998000.0,109048980206.41,109048900000.0
2009-09-29,INTC,12.77,12.55,12.89,12.55,12.53,37818836,746672141.9505,12.77,0.68,5597998080,5597998000.0,110504431717.22,110504400000.0
2009-09-25,INTC,12.64,12.87,12.94,12.58,12.86,52362020,1026724175.1337,12.68,0.94,5597998080,5597998000.0,109384848895.21,109384800000.0
2009-09-24,INTC,12.86,12.7,13.09,12.68,12.63,72143125,1439211120.0144,12.9,1.29,5597998080,5597998000.0,111288145850.42,111288100000.0
2009-09-23,INTC,12.63,12.7,12.76,12.58,12.64,38173438,748672620.9109,12.68,0.68,5597998080,5597998000.0,109328896904.4,109328900000.0
2009-09-22,INTC,12.64,12.59,12.78,12.56,12.65,36160961,707394966.5006,12.65,0.65,5597998080,5597998000.0,109384848895.21,109384800000.0
2009-09-19,INTC,12.65,12.62,12.74,12.53,12.55,53493793,1045717314.1681,12.64,0.96,5597998080,5597998000.0,109496831248.8,109496800000.0
2009-09-18,INTC,12.55,12.7,12.86,12.43,12.71,64601567,1260440333.9166,12.62,1.15,5597998080,5597998000.0,108657081154.82,108657000000.0
2009-09-17,INTC,12.71,12.74,12.77,12.57,12.64,49554043,970961670.7718,12.67,0.89,5597998080,5597998000.0,110000628684.01,110000600000.0
2009-09-16,INTC,12.64,12.64,12.74,12.52,12.52,48283458,944839145.1008,12.66,0.86,5597998080,5597998000.0,109440795288.02,109440800000.0
2009-09-12,INTC,12.62,12.87,12.9,12.53,12.78,59413114,1164621623.7001,12.68,1.06,5597998080,5597998000.0,109216914550.81,109216900000.0
2009-09-11,INTC,12.78,12.86,12.99,12.71,12.89,49468879,976950750.2508,12.77,0.88,5597998080,5597998000.0,110616414070.81,110616300000.0
2009-09-10,INTC,12.89,12.81,13.03,12.68,12.81,48804614,971577169.9404,12.88,0.87,5597998080,5597998000.0,111568062548.41,111568000000.0
2009-09-09,INTC,12.81,12.86,12.93,12.64,12.7,45587321,900007365.7313,12.77,0.81,5597998080,5597998000.0,110840294808.02,110840300000.0
2009-09-04,INTC,12.56,12.68,12.7,12.44,12.59,47507442,919862275.6357,12.52,0.85,5597998080,5597998000.0,108713117115.6,108713100000.0
2009-09-03,INTC,12.59,12.69,12.83,12.59,12.75,41576196,816314765.4365,12.7,0.74,5597998080,5597998000.0,108992944245.63,108992900000.0
2009-09-02,INTC,12.75,13.08,13.31,12.72,13.14,74478188,1489130818.2932,12.93,1.33,5597998080,5597998000.0,110392443765.63,110392400000.0
2009-09-01,INTC,13.14,12.99,13.18,12.92,13.1,53486157,1078933242.2908,13.05,0.96,5597998080,5597998000.0,113751281799.61,113751200000.0
2009-08-29,INTC,13.1,13.1,13.36,13.05,12.59,105111130,2138012939.765,13.16,1.88,5597998080,5597998000.0,113359461120.0,113359400000.0
2009-08-25,INTC,12.13,12.27,12.29,12.07,12.22,38709559,727963721.4179,12.16,0.69,5597998080,5597998000.0,105018415990.81,105018400000.0
2009-08-22,INTC,12.22,12.22,12.24,12.0,12.1,55163250,1037383254.7088,12.16,0.99,5597998080,5597998000.0,105746693149.03,105746600000.0
2009-08-21,INTC,12.1,12.11,12.17,12.0,12.16,44859821,838142682.4767,12.08,0.8,5597998080,5597998000.0,104738499292.82,104738400000.0
2009-08-20,INTC,12.16,12.0,12.22,11.97,12.14,48168719,901939754.9438,12.11,0.86,5597998080,5597998000.0,105242296728.02,105242300000.0
2009-08-19,INTC,12.14,11.97,12.2,11.94,11.93,42482559,794049709.4029,12.09,0.76,5597998080,5597998000.0,105085552781.78,105085500000.0
2009-08-18,INTC,11.93,11.92,12.02,11.91,12.14,48360481,894436478.0283,11.96,0.86,5597998080,5597998000.0,103283047782.01,103283000000.0
2009-08-14,INTC,12.32,12.27,12.34,12.15,12.17,44096122,835387229.2038,12.25,0.79,5597998080,5597998000.0,106641796248.02,106641800000.0
2009-08-13,INTC,12.17,12.09,12.35,12.07,12.06,52947668,1000826986.4883,12.23,0.95,5597998080,5597998000.0,105298332688.8,105298300000.0
2009-08-11,INTC,12.13,12.03,12.18,12.0,11.97,46906036,876978139.2016,12.09,0.84,5597998080,5597998000.0,105018415990.81,105018400000.0
2009-08-08,INTC,11.97,12.23,12.29,11.97,12.09,59441864,1110807172.383,12.09,1.06,5597998080,5597998000.0,103562964480.0,103562900000.0
2009-08-07,INTC,12.09,12.24,12.4,12.0,12.2,66862000,1253742132.642,12.13,1.19,5597998080,5597998000.0,104682547302.01,104682500000.0
2009-08-06,INTC,12.2,12.46,12.48,12.2,12.4,60034938,1139588416.1556,12.28,1.07,5597998080,5597998000.0,105578165416.83,105578100000.0
2009-08-05,INTC,12.4,12.33,12.44,12.3,12.44,46880750,902885084.0695,12.37,0.84,5597998080,5597998000.0,108153283719.61,108153200000.0
2009-08-04,INTC,12.44,12.51,12.56,12.31,12.36,44330782,856669930.7743,12.41,0.79,5597998080,5597998000.0,108433200417.61,108433100000.0
2009-08-01,INTC,12.36,12.42,12.56,12.36,12.41,47557571,922535316.1657,12.46,0.85,5597998080,5597998000.0,107761463040.0,107761400000.0
2009-07-31,INTC,12.41,12.57,12.71,12.39,12.46,60640875,1183412193.9446,12.53,1.08,5597998080,5597998000.0,108209230112.42,108209200000.0
2009-07-30,INTC,12.46,12.39,12.48,12.27,12.44,50332692,971143874.1305,12.39,0.9,5597998080,5597998000.0,108601129164.01,108601100000.0
2009-07-29,INTC,12.44,12.39,12.49,12.23,12.5,60037067,1156925568.0586,12.37,1.07,5597998080,5597998000.0,108433200417.61,108433100000.0
2009-07-28,INTC,12.5,12.39,12.51,12.3,12.43,42326004,818800483.6984,12.42,0.76,5597998080,5597998000.0,108992944245.63,108992900000.0
2009-07-25,INTC,12.43,12.28,12.46,12.21,12.51,51690051,992195646.26,12.32,0.92,5597998080,5597998000.0,108377164456.83,108377100000.0
2009-07-23,INTC,12.29,12.12,12.38,12.1,12.14,141096130,2697066352.3707,12.27,2.53,5584998400,5584998000.0,106896869376.0,106896800000.0
2009-07-22,INTC,12.14,12.14,12.15,11.88,12.14,63780368,1192296614.1736,12.0,1.14,5584998400,5584998000.0,105556436250.01,105556400000.0
2009-07-21,INTC,12.14,12.11,12.15,11.89,12.06,77865813,1455880231.8075,12.01,1.39,5584998400,5584998000.0,105556436250.01,105556400000.0
2009-07-18,INTC,12.06,11.88,12.08,11.72,11.88,84212313,1562440644.1414,11.91,1.51,5584998400,5584998000.0,104942086426.01,104942000000.0
2009-07-14,INTC,10.59,10.37,10.62,10.21,10.3,61800918,1007947386.9999,10.47,1.11,5584998400,5584998000.0,92096573351.01,92096500000.0
2009-07-07,INTC,10.62,10.66,10.81,10.51,10.74,47324215,782723444.4414,10.62,0.85,5584998400,5584998000.0,92375840026.01,92375810000.0
2009-07-03,INTC,10.74,10.83,10.88,10.71,10.94,54945438,922303023.2895,10.78,0.98,5584998400,5584998000.0,93381095058.02,93381000000.0
2009-07-02,INTC,10.94,10.7,11.11,10.7,10.63,92514875,1580634217.2013,10.97,1.66,5584998400,5584998000.0,95168339226.01,95168250000.0
2009-07-01,INTC,10.63,10.52,10.68,10.43,10.52,67490938,1109550210.8287,10.56,1.21,5584998400,5584998000.0,92431656500.02,92431630000.0
2009-06-26,INTC,10.47,10.31,10.5,10.22,10.34,55505868,900199384.7756,10.41,0.99,5584998400,5584998000.0,91091312734.0,91091250000.0
2009-06-25,INTC,10.34,10.3,10.48,10.27,10.15,53330321,861002033.4487,10.37,0.95,5584998400,5584998000.0,89918423975.01,89918380000.0
2009-06-19,INTC,10.19,10.38,10.41,10.17,10.36,57990403,928251742.9266,10.28,1.04,5584998400,5584998000.0,88633924608.0,88633880000.0
2009-06-18,INTC,10.36,10.16,10.46,10.15,10.18,59351231,955026296.3879,10.33,1.06,5584998400,5584998000.0,90141874176.0,90141810000.0
2009-06-17,INTC,10.18,10.31,10.4,10.14,10.26,54084696,863418903.8832,10.25,0.97,5584998400,5584998000.0,88578074624.0,88578000000.0
2009-06-16,INTC,10.26,10.31,10.38,10.09,10.47,60420450,963802850.22,10.24,1.08,5584998400,5584998000.0,89248274432.0,89248190000.0
2009-06-13,INTC,10.47,10.43,10.47,10.29,10.5,47625571,768162216.8965,10.36,0.85,5584998400,5584998000.0,91091312734.0,91091250000.0
2009-06-12,INTC,10.5,10.59,10.72,10.47,10.57,53228247,877935528.0861,10.59,0.95,5584998400,5584998000.0,91314673575.01,91314630000.0
2009-06-11,INTC,10.57,10.65,10.66,10.37,10.54,48785313,797249389.9047,10.49,0.87,5584998400,5584998000.0,91929028984.01,91928940000.0
2009-06-10,INTC,10.54,10.41,10.66,10.36,10.22,64051286,1050601026.4611,10.53,1.15,5584998400,5584998000.0,91705668143.0,91705630000.0
2009-06-09,INTC,10.22,10.18,10.34,10.02,10.22,44069930,697503596.096,10.16,0.79,5584998400,5584998000.0,88913174528.0,88913130000.0
2009-06-05,INTC,10.36,10.26,10.43,10.2,10.23,49082778,789255684.0211,10.32,0.88,5584998400,5584998000.0,90085968342.02,90085940000.0
2009-06-03,INTC,10.4,10.43,10.62,10.31,10.59,58400641,948624563.2149,10.43,1.05,5584998400,5584998000.0,90421057076.02,90421000000.0
2009-06-02,INTC,10.59,10.29,10.65,10.25,10.09,75469375,1232324104.0919,10.48,1.35,5584998400,5584998000.0,92152473600.0,92152440000.0
2009-05-30,INTC,10.09,10.11,10.14,9.79,10.09,77294250,1198439616.825,9.96,1.38,5584998400,5584998000.0,87796174848.0,87796130000.0
2009-05-29,INTC,10.09,9.99,10.1,9.73,9.93,59112020,915704301.82,9.95,1.06,5584998400,5584998000.0,87796174848.0,87796130000.0
2009-05-28,INTC,9.93,9.95,10.18,9.85,9.94,60491051,945106131.7189,10.03,1.08,5584998400,5584998000.0,86344075264.0,86344000000.0
2009-05-27,INTC,9.94,9.64,9.96,9.63,9.66,64344766,989899183.5738,9.88,1.15,5584998400,5584998000.0,86455775232.0,86455690000.0
2009-05-23,INTC,9.66,9.78,9.8,9.64,9.75,44344829,671651214.5169,9.72,0.79,5584998400,5584998000.0,84054225920.0,84054190000.0
2009-05-22,INTC,9.75,9.86,9.91,9.66,10.0,59548477,905071347.0753,9.76,1.07,5584998400,5584998000.0,84780275712.0,84780190000.0
2009-05-21,INTC,10.0,10.15,10.31,9.95,10.05,60340200,950442626.28,10.11,1.08,5584998400,5584998000.0,87014275072.0,87014190000.0
2009-05-20,INTC,10.05,9.93,10.22,9.8,9.96,59048110,924150159.988,10.05,1.06,5584998400,5584998000.0,87405224960.0,87405190000.0
2009-05-19,INTC,9.96,9.84,9.98,9.75,9.75,44700708,688909431.4128,9.9,0.8,5584998400,5584998000.0,86679175168.0,86679130000.0
2009-05-16,INTC,9.75,9.98,10.02,9.73,9.98,61813239,947788574.9109,9.84,1.11,5584998400,5584998000.0,84836125696.0,84836060000.0
2009-05-15,INTC,9.98,9.73,10.07,9.73,9.71,71227000,1105257849.8,9.96,1.28,5584998400,5584998000.0,86790875136.0,86790810000.0
2009-05-14,INTC,9.71,9.86,9.93,9.69,9.77,75872375,1155020339.1,9.77,1.36,5584998400,5584998000.0,84501025792.0,84501000000.0
2009-05-13,INTC,9.77,9.95,9.97,9.63,9.87,73713938,1118645866.119,9.74,1.32,5584998400,5584998000.0,84947825664.0,84947750000.0
2009-05-08,INTC,10.13,10.47,10.51,9.94,10.35,90338188,1422275398.0532,10.11,1.62,5584998400,5584998000.0,88075424768.0,88075380000.0
2009-05-07,INTC,10.35,10.55,10.56,10.25,10.38,66328313,1067666624.2255,10.34,1.19,5584998400,5584998000.0,90030151868.01,90030060000.0
2009-05-06,INTC,10.38,10.61,10.61,10.23,10.61,67908938,1096158030.8046,10.36,1.22,5584998400,5584998000.0,90253512709.02,90253440000.0
2009-05-05,INTC,10.61,10.37,10.66,10.28,10.07,88096250,1456018524.345,10.52,1.58,5584998400,5584998000.0,93046011909.02,93046000000.0
2009-05-02,INTC,10.07,10.03,10.09,9.86,10.05,50861551,795550949.9665,9.96,0.91,5584998400,5584998000.0,88298824704.0,88298750000.0
2009-05-01,INTC,10.05,9.94,10.29,9.87,9.77,77775125,1233039054.2375,10.09,1.39,5584998400,5584998000.0,88131274752.0,88131250000.0
2009-04-30,INTC,9.77,9.68,9.9,9.59,9.58,60855547,932069643.4067,9.75,1.09,5584998400,5584998000.0,85729725440.0,85729690000.0
2009-04-29,INTC,9.58,9.63,9.81,9.58,9.73,55531586,842808433.8806,9.66,0.99,5584998400,5584998000.0,84054225920.0,84054190000.0
2009-04-28,INTC,9.73,9.75,9.95,9.68,9.94,64601774,994983602.7932,9.81,1.16,5584998400,5584998000.0,85338775552.0,85338750000.0
2009-04-25,INTC,9.94,9.94,10.02,9.74,9.89,67623563,1052107680.2229,9.91,1.21,5584998400,5584998000.0,87237675008.0,87237630000.0
2009-04-24,INTC,9.89,9.98,10.05,9.61,9.98,74517313,1147432489.0366,9.8,1.33,5584998400,5584998000.0,86735025152.0,86735000000.0
2009-04-23,INTC,9.98,9.67,10.26,9.6,9.78,95293500,1501129917.45,10.03,1.71,5584998400,5584998000.0,87516924928.0,87516880000.0
2009-04-22,INTC,9.78,9.54,9.88,9.52,9.55,85204125,1300231988.325,9.72,1.53,5584998400,5584998000.0,85785575424.0,85785500000.0
2009-04-21,INTC,9.55,9.78,9.79,9.55,9.93,66488938,1005312742.56,9.63,1.19,5584998400,5584998000.0,83774976000.0,83774940000.0
2009-04-18,INTC,9.93,10.11,10.12,9.84,10.12,67299563,1051777760.4329,9.95,1.21,5584998400,5584998000.0,87125975040.0,87125880000.0
2009-04-17,INTC,10.12,10.08,10.14,9.8,9.94,68775000,1079114137.5,9.99,1.24,5561999360,5561999000.0,88380169830.4,88380130000.0
2009-04-16,INTC,9.94,9.78,9.98,9.62,10.19,152727440,2346672388.344,9.78,2.75,5561999360,5561999000.0,86878430003.2,86878380000.0
2009-04-15,INTC,10.19,10.17,10.44,10.06,10.17,92083500,1478905762.581,10.23,1.66,5561999360,5561999000.0,89047581943.6,89047560000.0
2009-04-14,INTC,10.17,10.07,10.24,9.91,10.17,45423125,718802783.875,10.08,0.82,5561999360,5561999000.0,88880749772.8,88880690000.0
2009-04-09,INTC,9.72,9.77,10.01,9.65,9.84,68332188,1052636856.4836,9.81,1.23,5561999360,5561999000.0,84931730227.2,84931690000.0
2009-04-08,INTC,9.84,9.93,10.05,9.72,10.1,52741758,817956102.2946,9.87,0.95,5561999360,5561999000.0,85932890112.0,85932810000.0
2009-04-07,INTC,10.1,9.96,10.1,9.84,10.16,47656239,745009984.287,9.95,0.86,5561999360,5561999000.0,88213309849.6,88213250000.0
2009-04-04,INTC,10.16,9.95,10.16,9.77,10.0,51142797,802348656.4548,9.99,0.92,5561999360,5561999000.0,88713889792.0,88713810000.0
2009-04-03,INTC,10.0,9.79,10.19,9.72,9.57,77690563,1218553173.4861,9.99,1.4,5561999360,5561999000.0,87323389952.0,87323310000.0
2009-04-02,INTC,9.57,9.4,9.75,9.31,9.57,75059500,1128031695.75,9.57,1.35,5561999360,5561999000.0,83596850380.8,83596810000.0
2009-04-01,INTC,9.57,9.49,9.79,9.49,9.37,62049454,938802034.0746,9.63,1.12,5561999360,5561999000.0,83596850380.8,83596810000.0
2009-03-31,INTC,9.37,9.61,9.61,9.22,9.82,55432950,812569440.87,9.33,1.0,5561999360,5561999000.0,81872630579.2,81872560000.0
2009-03-28,INTC,9.82,9.86,9.97,9.72,10.07,45701875,705568397.1875,9.83,0.82,5561999360,5561999000.0,85766030131.2,85766000000.0
2009-03-27,INTC,10.07,9.7,10.12,9.67,9.51,77562625,1207650071.25,9.91,1.39,5561999360,5561999000.0,87990829875.2,87990750000.0
2009-03-26,INTC,9.51,9.6,10.0,9.37,9.55,94539750,1435085043.075,9.66,1.7,5561999360,5561999000.0,83096270438.4,83096190000.0
2009-03-25,INTC,9.55,9.72,9.81,9.55,9.88,61505415,932508198.981,9.65,1.11,5561999360,5561999000.0,83429990400.0,83429940000.0
2009-03-24,INTC,9.88,9.56,9.89,9.51,9.33,64172391,978141252.5784,9.7,1.15,5561999360,5561999000.0,86322230067.2,86322190000.0
2009-03-21,INTC,9.33,9.67,9.8,9.14,9.65,83081250,1234288282.5,9.46,1.49,5561999360,5561999000.0,81483290624.0,81483250000.0
2009-03-20,INTC,9.65,9.8,9.8,9.37,9.7,66563438,997373242.3044,9.54,1.2,5561999360,5561999000.0,84264290304.0,84264250000.0
2009-03-19,INTC,9.7,9.49,9.81,9.37,9.49,91370250,1376776064.025,9.59,1.64,5561999360,5561999000.0,84764870246.4,84764810000.0
2009-03-18,INTC,9.49,9.12,9.49,9.07,9.07,64956176,951802846.928,9.33,1.17,5561999360,5561999000.0,82873790464.0,82873750000.0
2009-03-17,INTC,9.07,9.42,9.45,9.0,9.36,72655750,1046366314.775,9.17,1.31,5561999360,5561999000.0,79258490880.0,79258440000.0
2009-03-14,INTC,9.36,9.28,9.36,9.05,9.24,66636625,967930296.4375,9.25,1.2,5561999360,5561999000.0,81761390592.0,81761310000.0
2009-03-13,INTC,9.24,9.07,9.3,8.84,8.89,84864000,1214166220.8,9.11,1.53,5561999360,5561999000.0,80760230707.2,80760190000.0
2009-03-12,INTC,8.89,8.94,8.98,8.68,8.86,82111500,1141004981.7,8.85,1.48,5561999360,5561999000.0,77645511065.6,77645440000.0
2009-03-11,INTC,8.86,8.15,8.88,8.12,7.99,92477875,1249699763.8125,8.6,1.66,5561999360,5561999000.0,77423031091.2,77423000000.0
2009-03-10,INTC,7.99,7.85,8.28,7.83,7.9,87062188,1111636135.0404,8.13,1.57,5561999360,5561999000.0,69803091968.0,69803000000.0
2009-03-07,INTC,7.9,7.91,8.23,7.68,7.84,79191813,978272304.3516,7.87,1.42,5561999360,5561999000.0,69024412057.6,69024380000.0
2009-03-06,INTC,7.84,8.0,8.19,7.83,8.12,76643625,959095330.1625,7.97,1.38,5561999360,5561999000.0,68468212121.6,68468190000.0
2009-03-05,INTC,8.12,8.09,8.31,7.87,7.82,84414813,1080222596.0358,8.15,1.52,5561999360,5561999000.0,70971111833.6,70971060000.0
2009-03-04,INTC,7.82,7.95,8.04,7.73,7.84,76600688,947374328.9776,7.87,1.38,5561999360,5561999000.0,68301352140.8,68301310000.0
2009-03-03,INTC,7.84,7.96,8.29,7.84,8.11,64496125,811619237.0,8.01,1.16,5561999360,5561999000.0,68468212121.6,68468190000.0
2009-02-28,INTC,8.11,7.96,8.37,7.95,8.09,69765688,896872802.084,8.18,1.25,5561999360,5561999000.0,70859871846.4,70859810000.0
2009-02-27,INTC,8.09,8.48,8.66,8.06,8.3,69022563,905134282.1568,8.35,1.24,5561999360,5561999000.0,70693011865.6,70692940000.0
2009-02-26,INTC,8.3,8.1,8.58,8.01,8.1,108224940,1408428546.666,8.29,1.95,5561999360,5561999000.0,72472851660.8,72472810000.0
2009-02-25,INTC,8.1,7.75,8.16,7.7,7.69,74644188,933231496.0512,7.96,1.34,5561999360,5561999000.0,70804251852.8,70804190000.0
2009-02-24,INTC,7.69,8.21,8.22,7.67,8.14,88416000,1089205545.6,7.84,1.59,5561999360,5561999000.0,67188952268.8,67188940000.0
2009-02-21,INTC,8.14,7.98,8.29,7.98,8.07,73615438,940555005.1508,8.13,1.32,5561999360,5561999000.0,71082351820.8,71082250000.0
2009-02-20,INTC,8.07,8.49,8.52,8.07,8.51,56178661,726547386.9808,8.23,1.01,5561999360,5561999000.0,70526151884.8,70526060000.0
2009-02-19,INTC,8.51,8.48,8.72,8.33,8.41,51305547,688582007.3964,8.54,0.92,5561999360,5561999000.0,74308311449.6,74308250000.0
2009-02-18,INTC,8.41,8.63,8.74,8.41,8.84,60689872,811678486.1024,8.52,1.09,5561999360,5561999000.0,73474011545.6,73473940000.0
2009-02-14,INTC,8.84,8.86,9.08,8.82,8.91,55959672,786087896.4528,8.94,1.01,5561999360,5561999000.0,77200551116.8,77200500000.0
2009-02-13,INTC,8.91,8.79,8.91,8.59,8.96,76371750,1052715839.175,8.78,1.37,5561999360,5561999000.0,77867991040.0,77867940000.0
2009-02-12,INTC,8.96,9.08,9.12,8.74,8.96,57379211,802987630.4184,8.91,1.03,5561999360,5561999000.0,78312950988.8,78312940000.0
2009-02-11,INTC,8.96,9.41,9.65,8.94,9.49,94001063,1360646586.7124,9.22,1.69,5561999360,5561999000.0,78312950988.8,78312940000.0
2009-02-10,INTC,9.49,9.32,9.58,9.26,9.38,64735481,959910659.3642,9.44,1.16,5561999360,5561999000.0,82929410457.6,82929380000.0
2009-02-07,INTC,9.38,9.19,9.47,9.05,9.07,62677266,918923932.2792,9.33,1.13,5561999360,5561999000.0,81928250572.8,81928190000.0
2009-02-06,INTC,9.07,8.69,9.17,8.61,8.84,61027297,859551170.0559,8.97,1.1,5561999360,5561999000.0,79258490880.0,79258440000.0
2009-02-05,INTC,8.84,8.77,9.27,8.73,8.65,77701063,1102142958.0172,9.03,1.4,5561999360,5561999000.0,77200551116.8,77200500000.0
2009-02-04,INTC,8.65,8.61,8.69,8.38,8.59,56697083,766238397.9118,8.52,1.02,5561999360,5561999000.0,76366251212.8,76366190000.0
2009-02-03,INTC,8.59,8.08,8.64,8.03,8.13,69912188,935061532.0624,8.43,1.26,5561999360,5561999000.0,75810051276.8,75810000000.0
2009-01-31,INTC,8.13,8.48,8.51,8.13,8.43,47008965,615192222.2655,8.25,0.85,5561999360,5561999000.0,71749791744.0,71749750000.0
2009-01-30,INTC,8.43,8.73,8.73,8.39,8.83,51382395,692948117.2095,8.5,0.92,5561999360,5561999000.0,74363931443.2,74363880000.0
2009-01-29,INTC,8.83,8.9,8.99,8.69,8.7,57090235,802585941.677,8.86,1.03,5561999360,5561999000.0,77923611033.6,77923560000.0
2009-01-28,INTC,8.7,8.51,8.79,8.51,8.43,45629141,627952801.3561,8.67,0.82,5561999360,5561999000.0,76811211161.6,76811130000.0
2009-01-27,INTC,8.43,8.24,8.56,8.21,8.27,49584782,663702224.0264,8.44,0.89,5561999360,5561999000.0,74419551436.8,74419500000.0
2009-01-24,INTC,8.27,8.1,8.44,7.93,8.08,63162172,825043239.3156,8.23,1.14,5561999360,5561999000.0,72973431603.2,72973380000.0
2009-01-23,INTC,8.08,8.09,8.24,7.91,8.36,72703188,927932599.4004,8.04,1.31,5561999360,5561999000.0,71304831795.2,71304750000.0
2009-01-22,INTC,8.36,8.2,8.36,7.88,8.1,56643254,733813355.57,8.16,1.02,5561999360,5561999000.0,73752111513.6,73752060000.0
2009-01-21,INTC,8.1,8.55,8.66,8.07,8.66,71601188,938820456.8184,8.26,1.29,5561999360,5561999000.0,71527311769.6,71527250000.0
2009-01-17,INTC,8.66,8.75,8.8,8.36,8.38,83994063,1148140045.3659,8.61,1.51,5561999360,5561999000.0,76421871206.4,76421810000.0
2009-01-16,INTC,8.38,8.2,8.48,8.01,8.24,74568188,974539105.7908,8.24,1.34,5561999360,5561999000.0,73918971494.4,73918940000.0
2009-01-15,INTC,8.24,8.48,8.59,8.17,8.61,69568000,918847187.2,8.32,1.25,5561999360,5561999000.0,72750951628.8,72750940000.0
2009-01-14,INTC,8.61,8.56,8.94,8.48,8.69,65575813,901280531.4533,8.66,1.18,5561999360,5561999000.0,76032531251.2,76032440000.0
2009-01-13,INTC,8.69,8.92,9.01,8.58,8.92,54088813,749584406.0792,8.73,0.97,5561999360,5561999000.0,76699971174.4,76699880000.0
2009-01-10,INTC,8.92,9.19,9.2,8.84,9.17,45554899,646610791.8959,8.94,0.82,5561999360,5561999000.0,78702290944.0,78702250000.0
2009-01-09,INTC,9.17,9.11,9.18,8.98,9.1,63104485,911803014.2135,9.11,1.13,5561999360,5561999000.0,80927090688.0,80927000000.0
2009-01-08,INTC,9.1,9.32,9.49,9.04,9.69,131456070,1920139377.669,9.2,2.36,5561999360,5561999000.0,80315270758.4,80315190000.0
2009-01-07,INTC,9.69,9.51,9.77,9.5,9.4,61664321,944167084.5594,9.65,1.11,5561999360,5561999000.0,85487930163.2,85487880000.0
2009-01-06,INTC,9.4,9.5,9.64,9.33,9.58,57337313,860329180.3711,9.46,1.03,5561999360,5561999000.0,82929410457.6,82929380000.0
2009-01-03,INTC,9.58,9.26,9.61,9.12,9.24,52241430,782064655.386,9.43,0.94,5561999360,5561999000.0,84542390272.0,84542380000.0
2009-01-01,INTC,9.24,9.27,9.4,9.18,9.26,34066793,503033672.1173,9.31,0.61,5561999360,5561999000.0,81538910617.6,81538880000.0
2008-12-31,INTC,9.26,9.02,9.33,9.02,8.9,37109016,541145936.7216,9.19,0.67,5561999360,5561999000.0,81705770598.4,81705690000.0
2008-12-30,INTC,8.9,8.97,9.04,8.77,8.94,31943946,450751438.8222,8.89,0.57,5561999360,5561999000.0,78591050956.8,78591000000.0
2008-12-27,INTC,8.94,8.95,9.02,8.86,8.97,14818071,209995774.9836,8.93,0.27,5561999360,5561999000.0,78869150924.8,78869130000.0
2008-12-25,INTC,8.97,8.86,9.03,8.85,8.87,11420672,162124433.5104,8.95,0.21,5561999360,5561999000.0,79147250892.8,79147190000.0
2008-12-24,INTC,8.87,9.1,9.13,8.84,9.04,33811934,479666239.3042,8.94,0.61,5561999360,5561999000.0,78257330995.2,78257310000.0
2008-12-23,INTC,9.04,9.13,9.19,8.82,9.1,42391543,604261771.3849,8.98,0.76,5561999360,5561999000.0,79759070822.4,79759000000.0
2008-12-20,INTC,9.1,9.09,9.34,8.99,8.99,73502938,1067571372.0996,9.15,1.32,5561999360,5561999000.0,80315270758.4,80315190000.0
2008-12-19,INTC,8.99,9.49,9.57,8.88,9.62,74167188,1080408261.0336,9.18,1.33,5561999360,5561999000.0,79314110873.6,79314060000.0
2008-12-18,INTC,9.62,9.71,9.78,9.47,9.86,67062125,1026587009.5,9.65,1.21,5561999360,5561999000.0,84876110233.6,84876060000.0
2008-12-17,INTC,9.86,9.28,9.88,9.21,9.19,100680570,1535016242.448,9.61,1.81,5561999360,5561999000.0,86989669990.4,86989630000.0
2008-12-16,INTC,9.19,9.3,9.41,9.02,9.3,60647571,885260464.3728,9.2,1.09,5561999360,5561999000.0,81149570662.4,81149500000.0
2008-12-13,INTC,9.3,8.63,9.35,8.63,8.83,69918188,1007688892.7312,9.08,1.26,5561999360,5561999000.0,82039490560.0,82039440000.0
2008-12-12,INTC,8.83,8.97,9.2,8.81,8.99,73870063,1053460968.443,8.99,1.33,5561999360,5561999000.0,77923611033.6,77923560000.0
2008-12-11,INTC,8.99,8.99,9.33,8.67,9.01,74923625,1075288881.275,9.04,1.35,5561999360,5561999000.0,79369730867.2,79369690000.0
2008-12-10,INTC,9.01,8.6,9.26,8.5,8.78,88129500,1260851130.6,9.02,1.58,5561999360,5561999000.0,79536590848.0,79536560000.0
2008-12-06,INTC,8.38,8.01,8.41,7.8,8.05,85189750,1092311493.475,8.08,1.53,5561999360,5561999000.0,73918971494.4,73918940000.0
2008-12-05,INTC,8.05,8.42,8.5,8.02,8.61,78417875,1024670689.05,8.23,1.41,5561999360,5561999000.0,71026731827.2,71026690000.0
2008-12-04,INTC,8.61,8.03,8.61,8.02,8.37,77249000,1022205117.4,8.34,1.39,5561999360,5561999000.0,75976911257.6,75976880000.0
2008-12-03,INTC,8.37,8.14,8.4,7.95,7.92,63844622,832636022.2752,8.22,1.15,5561999360,5561999000.0,73863351500.8,73863310000.0
2008-12-02,INTC,7.92,8.48,8.55,7.91,8.7,60880129,789420456.7172,8.17,1.09,5561999360,5561999000.0,69858711961.6,69858630000.0
2008-11-29,INTC,8.7,8.69,8.84,8.62,8.8,28359809,392230338.3745,8.72,0.51,5561999360,5561999000.0,76755591168.0,76755500000.0
2008-11-27,INTC,8.8,8.22,8.82,8.2,8.27,71478188,966020563.0012,8.52,1.29,5561999360,5561999000.0,77701131059.2,77701060000.0
2008-11-26,INTC,8.27,8.68,8.73,8.26,8.55,84221813,1125060244.5979,8.42,1.51,5561999360,5561999000.0,73029051596.8,73029000000.0
2008-11-25,INTC,8.55,8.4,8.63,8.27,8.26,98142688,1315190533.3504,8.44,1.76,5561999360,5561999000.0,75420711321.6,75420630000.0
2008-11-22,INTC,8.26,7.85,8.3,7.6,7.71,104125690,1298999220.457,7.86,1.87,5561999360,5561999000.0,72917811609.6,72917750000.0
2008-11-21,INTC,7.71,7.74,8.29,7.67,7.87,114059750,1446961988.5,7.99,2.05,5561999360,5561999000.0,68023252172.8,68023190000.0
2008-11-20,INTC,7.87,8.2,8.36,7.86,8.26,73739000,949876302.4,8.12,1.33,5561999360,5561999000.0,69469372006.4,69469310000.0
2008-11-19,INTC,8.26,8.27,8.34,7.88,8.19,96921250,1252261318.5,8.14,1.74,5561999360,5561999000.0,72917811609.6,72917750000.0
2008-11-18,INTC,8.19,8.32,8.49,8.19,8.39,60222223,795571699.1638,8.33,1.08,5561999360,5561999000.0,72305991680.0,72305940000.0
2008-11-15,INTC,8.39,8.87,8.9,8.34,9.09,74874625,1020316514.875,8.59,1.35,5561999360,5561999000.0,74085831475.2,74085810000.0
2008-11-14,INTC,9.09,8.22,9.1,8.11,8.52,143494570,1938869930.926,8.51,2.58,5561999360,5561999000.0,80259650764.8,80259630000.0
2008-11-13,INTC,8.52,8.54,8.8,8.51,8.78,72672125,993893050.35,8.62,1.31,5561999360,5561999000.0,75198231347.2,75198190000.0
2008-11-12,INTC,8.78,8.84,8.94,8.48,9.04,84888625,1171743157.4625,8.7,1.53,5561999360,5561999000.0,77478651084.8,77478630000.0
2008-11-11,INTC,9.04,9.46,9.49,8.97,9.22,53203973,773963515.6283,9.17,0.96,5561999360,5561999000.0,79814690816.0,79814630000.0
2008-11-08,INTC,9.22,8.87,9.3,8.84,8.74,73444563,1061699913.8154,9.11,1.32,5561999360,5561999000.0,81372050636.8,81372000000.0
2008-11-07,INTC,8.74,9.2,9.31,8.68,9.49,108740250,1539609703.65,8.92,1.96,5561999360,5561999000.0,77144931123.2,77144880000.0
2008-11-06,INTC,9.49,10.11,10.16,9.42,10.16,68960625,1065703706.625,9.74,1.24,5561999360,5561999000.0,83763710361.6,83763690000.0
2008-11-04,INTC,9.77,10.08,10.21,9.75,10.02,54074094,858258612.5586,9.92,0.97,5561999360,5561999000.0,86989669990.4,86989630000.0
2008-11-01,INTC,10.02,9.98,10.3,9.76,10.1,94913188,1525235379.0433,10.04,1.71,5561999360,5561999000.0,89164361682.17,89164310000.0
2008-10-31,INTC,10.1,9.68,10.26,9.55,9.33,134857130,2134505167.927,9.89,2.42,5561999360,5561999000.0,89937524089.2,89937500000.0
2008-10-30,INTC,9.33,9.75,9.85,9.32,9.91,99527875,1523393560.325,9.56,1.79,5561999360,5561999000.0,83096270438.4,83096190000.0
2008-10-29,INTC,9.91,9.11,9.94,8.97,8.9,102380440,1524383323.336,9.3,1.84,5561999360,5561999000.0,88213309849.6,88213250000.0
2008-10-25,INTC,8.92,8.37,9.28,8.35,9.07,96012375,1360082500.5375,8.85,1.73,5561999360,5561999000.0,79425350860.8,79425310000.0
2008-10-24,INTC,9.07,9.12,9.34,8.68,9.11,85204813,1221683649.7566,8.96,1.52,5621998080,5621998000.0,81575192140.8,81575130000.0
2008-10-23,INTC,9.11,9.49,9.49,8.9,9.53,78515875,1163047804.7875,9.25,1.4,5621998080,5621998000.0,81968732006.4,81968690000.0
2008-10-22,INTC,9.53,9.81,9.93,9.5,10.02,78715125,1221005404.4625,9.69,1.4,5621998080,5621998000.0,85735470720.0,85735440000.0
2008-10-21,INTC,10.02,9.68,10.06,9.65,9.68,74062188,1169256793.05,9.86,1.32,5621998080,5621998000.0,90176815471.21,90176750000.0
2008-10-18,INTC,9.68,9.6,10.19,9.54,9.92,93895938,1479706086.942,9.85,1.67,5621998080,5621998000.0,87140970240.0,87140940000.0
2008-10-17,INTC,9.92,9.52,9.98,9.05,9.37,120891630,1829126629.389,9.45,2.15,5621998080,5621998000.0,89277329510.4,89277310000.0
2008-10-16,INTC,9.37,10.08,10.26,9.36,9.95,141131130,2231438409.543,9.88,2.51,5621998080,5621998000.0,84273751219.2,84273690000.0
2008-10-15,INTC,9.95,10.89,10.91,9.76,10.61,124805070,2023538609.3165,10.13,2.22,5621998080,5621998000.0,89558429414.4,89558380000.0
2008-10-14,INTC,10.61,10.11,10.67,9.8,9.49,99301938,1604271267.7357,10.09,1.77,5621998080,5621998000.0,95517696781.22,95517630000.0
2008-10-10,INTC,9.75,10.44,10.65,9.71,10.15,106037190,1747523217.8363,10.3,1.89,5621998080,5621998000.0,87703170048.0,87703130000.0
2008-10-09,INTC,10.15,9.75,10.51,9.68,10.01,124298130,2035679697.0695,10.23,2.21,5621998080,5621998000.0,91357468800.0,91357380000.0
2008-10-08,INTC,10.01,10.67,10.87,10.0,10.58,90150250,1507987765.9735,10.45,1.6,5621998080,5621998000.0,90064353021.62,90064310000.0
2008-10-07,INTC,10.58,10.6,10.88,10.11,10.81,111117820,1868734716.2785,10.51,1.98,5621998080,5621998000.0,95180388140.41,95180310000.0
2008-10-04,INTC,10.81,10.93,11.19,10.75,10.75,83413500,1466692101.765,10.99,1.48,5621998080,5621998000.0,97316775520.8,97316690000.0
2008-10-02,INTC,11.57,11.56,11.68,11.28,11.7,74461813,1370386643.3435,11.5,1.32,5621998080,5621998000.0,104119348221.62,104119300000.0
2008-10-01,INTC,11.7,11.3,11.75,11.12,10.79,84137750,1538786475.2863,11.43,1.5,5621998080,5621998000.0,105300001550.41,105299900000.0
2008-09-30,INTC,10.79,11.72,11.87,10.79,12.0,93067688,1690406379.2078,11.35,1.66,5621998080,5621998000.0,97091850621.62,97091810000.0
2008-09-27,INTC,12.0,11.38,12.12,11.36,11.6,68353563,1279359762.8977,11.69,1.22,5621998080,5621998000.0,107942346270.01,107942300000.0
2008-09-26,INTC,11.6,11.83,11.87,11.57,11.68,69705500,1308455533.0725,11.73,1.24,5621998080,5621998000.0,104400464991.61,104400400000.0
2008-09-25,INTC,11.68,11.73,11.88,11.57,11.64,67891938,1272368852.4405,11.71,1.21,5621998080,5621998000.0,105131347230.01,105131300000.0
2008-09-24,INTC,11.64,11.65,12.0,11.56,11.56,64685114,1219572427.8197,11.78,1.15,5621998080,5621998000.0,104737768010.42,104737800000.0
2008-09-23,INTC,11.56,11.96,12.19,11.54,12.01,48899266,928615985.3559,11.86,0.87,5621998080,5621998000.0,104006964480.0,104006900000.0
2008-09-20,INTC,12.01,12.6,12.63,11.47,12.03,107697320,2095056105.3588,12.15,1.92,5621998080,5621998000.0,108111000590.41,108110900000.0
2008-09-18,INTC,11.59,12.03,12.18,11.59,12.17,93136000,1764432368.432,11.84,1.66,5621998080,5621998000.0,104287996920.02,104287900000.0
2008-09-17,INTC,12.17,11.74,12.4,11.59,12.1,103762000,1996815331.494,12.02,1.85,5621998080,5621998000.0,109516500110.41,109516400000.0
2008-09-16,INTC,12.1,12.16,12.61,12.08,12.6,75521000,1491803695.895,12.34,1.34,5621998080,5621998000.0,108841804120.83,108841800000.0
2008-09-13,INTC,12.6,12.41,12.63,12.23,12.61,61079567,1219398400.306,12.47,1.09,5621998080,5621998000.0,113339419450.82,113339400000.0
2008-09-12,INTC,12.61,12.48,12.62,12.29,12.6,85606875,1706375643.6713,12.45,1.52,5621998080,5621998000.0,113508073771.22,113508100000.0
2008-09-11,INTC,12.6,12.94,12.94,12.58,12.7,66190063,1347192431.1238,12.72,1.18,5621998080,5621998000.0,113339419450.82,113339400000.0
2008-09-09,INTC,13.1,13.11,13.18,12.82,12.88,63280571,1318026273.9953,13.01,1.13,5621998080,5621998000.0,117893221029.63,117893200000.0
2008-09-05,INTC,12.82,13.41,13.44,12.81,13.46,87879688,1834409395.2808,13.04,1.56,5621998080,5621998000.0,115363344381.62,115363300000.0
2008-09-04,INTC,13.46,14.11,14.11,13.44,14.11,73837188,1611326285.7073,13.63,1.31,5621998080,5621998000.0,121097804911.21,121097800000.0
2008-09-03,INTC,14.11,14.54,14.67,14.04,14.29,44119426,1011666909.1098,14.33,0.78,5621998080,5621998000.0,126944643560.42,126944600000.0
2008-08-27,INTC,14.46,14.33,14.48,14.15,14.35,39521934,908127055.5433,14.36,0.7,5621998080,5621998000.0,130149221820.01,130149200000.0
2008-08-26,INTC,14.35,14.54,14.59,14.33,14.68,42332719,976670436.5375,14.41,0.75,5621998080,5621998000.0,129137217189.63,129137200000.0
2008-08-23,INTC,14.68,14.49,14.69,14.32,14.4,45353969,1058003691.9334,14.57,0.81,5621998080,5621998000.0,132060684301.22,132060600000.0
2008-08-22,INTC,14.4,14.45,14.54,14.24,14.61,54977000,1264217665.984,14.37,0.98,5621998080,5621998000.0,129586988280.02,129586900000.0
2008-08-21,INTC,14.61,14.83,14.87,14.46,14.74,54152336,1264034332.4652,14.58,0.96,5621998080,5621998000.0,131498535091.2,131498500000.0
2008-08-20,INTC,14.74,14.88,15.04,14.67,15.0,66160813,1574653813.7252,14.87,1.18,5621998080,5621998000.0,132622917841.21,132622900000.0
2008-08-19,INTC,15.0,15.18,15.23,14.92,15.16,45839543,1102633535.2306,15.03,0.82,5621998080,5621998000.0,134984145790.81,134984100000.0
2008-08-14,INTC,15.07,15.18,15.46,15.01,15.32,46340520,1124642204.1863,15.16,0.82,5621998080,5621998000.0,135602571201.61,135602500000.0
2008-08-13,INTC,15.32,15.18,15.36,15.03,15.23,51907989,1262962691.1292,15.2,0.92,5621998080,5621998000.0,137851336701.62,137851300000.0
2008-08-12,INTC,15.23,15.06,15.46,14.95,15.14,51685743,1259389699.432,15.22,0.92,5621998080,5621998000.0,137064256970.42,137064200000.0
2008-08-09,INTC,15.14,14.83,15.18,14.74,14.79,69460375,1671062837.2297,15.03,1.24,5621998080,5621998000.0,136220990990.41,136220900000.0
2008-08-08,INTC,14.79,14.19,15.03,14.18,14.24,113395000,2687346971.05,14.81,2.02,5621998080,5621998000.0,133072688931.6,133072600000.0
2008-08-07,INTC,14.24,14.33,14.39,14.03,14.38,49931344,1135078707.6384,14.2,0.89,5621998080,5621998000.0,128181488760.02,128181400000.0
2008-08-06,INTC,14.38,14.21,14.4,14.03,13.98,54587668,1245351976.4554,14.25,0.97,5621998080,5621998000.0,129418339581.62,129418300000.0
2008-08-05,INTC,13.98,13.91,14.06,13.76,13.88,41598215,935789118.4256,13.97,0.74,5621998080,5621998000.0,126607340541.62,126607300000.0
2008-08-02,INTC,13.88,13.92,13.98,13.65,13.78,42123950,938238743.6758,13.83,0.75,5621998080,5621998000.0,125651606490.02,125651600000.0
2008-08-01,INTC,13.78,13.65,14.03,13.61,13.8,65270356,1459098639.84,13.88,1.16,5621998080,5621998000.0,124752069931.22,124752000000.0
2008-07-31,INTC,13.8,13.85,13.94,13.21,13.8,52619465,1168893899.5981,13.79,0.94,5621998080,5621998000.0,124976994830.41,124976900000.0
2008-07-29,INTC,13.45,13.58,13.66,13.42,13.67,49869258,1087553316.5665,13.54,0.89,5621998080,5621998000.0,121828692771.6,121828600000.0
2008-07-26,INTC,13.67,13.54,13.71,13.39,13.45,40234567,880975958.3283,13.59,0.72,5621998080,5621998000.0,123740149630.81,123740100000.0
2008-07-25,INTC,13.45,13.69,13.75,13.42,13.85,61416223,1337497201.0101,13.52,1.07,5728000000,5728000000.0,124125754272.0,124125700000.0
2008-07-24,INTC,13.85,13.78,14.04,13.67,13.72,56708329,1262111685.0565,13.82,0.99,5728000000,5728000000.0,127734331264.0,127734300000.0
2008-07-22,INTC,13.72,13.78,13.81,13.63,13.72,48694579,1074917833.4947,13.71,0.85,5728000000,5728000000.0,126531502816.0,126531400000.0
2008-07-19,INTC,13.72,13.59,13.76,13.33,13.65,54735204,1197928927.5476,13.59,0.96,5728000000,5728000000.0,126531502816.0,126531400000.0
2008-07-18,INTC,13.65,13.19,13.91,13.06,12.98,94035188,2045218039.3004,13.5,1.64,5728000000,5728000000.0,125958668448.0,125958600000.0
2008-07-17,INTC,12.98,13.06,13.13,12.56,12.86,87310813,1816352948.7721,12.92,1.52,5728000000,5728000000.0,119772416992.0,119772400000.0
2008-07-16,INTC,12.86,12.57,13.15,12.55,12.71,100047190,2069304944.4079,12.84,1.75,5728000000,5728000000.0,118626834176.0,118626800000.0
2008-07-15,INTC,12.71,13.05,13.13,12.62,12.81,49076926,1012917815.7151,12.81,0.86,5728000000,5728000000.0,117252079808.0,117252000000.0
2008-07-12,INTC,12.81,12.59,13.15,12.41,12.8,74358188,1525502469.9419,12.74,1.3,5728000000,5728000000.0,118225920000.0,118225900000.0
2008-07-11,INTC,12.8,12.32,12.9,12.24,12.3,93633750,1882964787.3225,12.49,1.63,5728000000,5728000000.0,118111337088.0,118111300000.0
2008-07-10,INTC,12.3,12.95,12.98,12.27,12.99,68354750,1382912289.15,12.56,1.19,5728000000,5728000000.0,113471668544.0,113471600000.0
2008-07-09,INTC,12.99,12.85,13.12,12.61,12.86,58447848,1216059671.5683,12.92,1.02,5728000000,5728000000.0,119829754272.0,119829700000.0
2008-07-08,INTC,12.86,12.9,13.2,12.6,12.83,47325762,982520111.8205,12.89,0.83,5728000000,5728000000.0,118626834176.0,118626800000.0
2008-07-04,INTC,12.83,12.8,12.91,12.58,12.99,41364950,851662541.9005,12.78,0.72,5728000000,5728000000.0,118340416992.0,118340400000.0
2008-07-02,INTC,13.39,13.22,13.55,13.11,13.34,66858813,1436381099.2941,13.34,1.17,5728000000,5728000000.0,123552919904.0,123552900000.0
2008-07-01,INTC,13.34,13.29,13.6,13.25,13.34,50170750,1083436643.8595,13.41,0.88,5728000000,5728000000.0,123037417088.0,123037400000.0
2008-06-28,INTC,13.34,13.41,13.56,13.17,13.4,60068778,1292145130.0231,13.36,1.05,5728000000,5728000000.0,123094668448.0,123094600000.0
2008-06-27,INTC,13.4,13.88,13.98,13.4,14.06,56485547,1237626125.6591,13.6,0.99,5728000000,5728000000.0,123667502816.0,123667400000.0
2008-06-26,INTC,14.06,13.93,14.28,13.92,13.91,54778004,1250280223.63,14.17,0.96,5728000000,5728000000.0,129739165632.0,129739100000.0
2008-06-25,INTC,13.91,13.78,14.16,13.77,13.88,46129125,1037222555.3209,13.96,0.81,5728000000,5728000000.0,128364416992.0,128364400000.0
2008-06-24,INTC,13.88,13.97,14.1,13.85,13.89,46282954,1042416625.2263,13.98,0.81,5728000000,5728000000.0,128077999808.0,128077900000.0
2008-06-21,INTC,13.89,14.11,14.12,13.85,14.19,71026000,1597743649.044,13.97,1.24,5728000000,5728000000.0,128135337088.0,128135300000.0
2008-06-19,INTC,13.83,13.88,14.08,13.79,14.02,41539950,929946386.5002,13.9,0.73,5728000000,5728000000.0,127619834272.0,127619800000.0
2008-06-18,INTC,14.02,14.24,14.29,14.01,14.19,43992012,1002872348.0243,14.15,0.77,5728000000,5728000000.0,129338165536.0,129338100000.0
2008-06-17,INTC,14.19,13.94,14.33,13.91,14.07,44777200,1024609174.3992,14.21,0.78,5728000000,5728000000.0,130941999808.0,130941900000.0
2008-06-14,INTC,14.07,13.81,14.09,13.78,13.69,43013008,968708297.9013,13.98,0.75,5728000000,5728000000.0,129796416992.0,129796400000.0
2008-06-13,INTC,13.69,13.69,14.04,13.58,13.54,60253512,1338699816.125,13.79,1.05,5728000000,5728000000.0,126302331264.0,126302300000.0
2008-06-12,INTC,13.54,13.99,14.06,13.53,14.08,59805422,1322357267.204,13.73,1.04,5728000000,5728000000.0,124927668544.0,124927600000.0
2008-06-11,INTC,14.08,13.85,14.22,13.85,14.13,56575942,1278943863.9042,14.04,0.99,5728000000,5728000000.0,129910999904.0,129910900000.0
2008-06-10,INTC,14.13,14.33,14.34,13.87,14.22,57227786,1298206087.5813,14.08,1.0,5728000000,5728000000.0,130369251360.0,130369200000.0
2008-06-07,INTC,14.22,14.69,14.71,14.22,14.82,69863938,1624315249.9989,14.44,1.22,5728000000,5728000000.0,131182615904.0,131182600000.0
2008-06-06,INTC,14.82,14.67,14.9,14.5,14.58,51960723,1235064609.2887,14.76,0.91,5728000000,5728000000.0,136727337088.0,136727300000.0
2008-06-05,INTC,14.58,14.16,14.7,14.16,14.24,57519040,1345812667.0176,14.53,1.0,5728000000,5728000000.0,134493417088.0,134493400000.0
2008-06-04,INTC,14.24,14.47,14.71,14.19,14.4,66149750,1537107584.7035,14.43,1.15,5728000000,5728000000.0,131400251264.0,131400200000.0
2008-06-03,INTC,14.4,14.31,14.52,14.17,14.39,50569442,1167167550.956,14.33,0.88,5728000000,5728000000.0,132889582816.0,132889500000.0
2008-05-31,INTC,14.39,14.45,14.62,14.32,14.37,55489442,1292598529.2218,14.46,0.97,5728000000,5728000000.0,132774999904.0,132774900000.0
2008-05-30,INTC,14.37,14.45,14.48,14.16,14.57,54937317,1268513362.3068,14.34,0.96,5728000000,5728000000.0,132545920000.0,132545900000.0
2008-05-29,INTC,14.57,14.78,14.78,14.37,14.65,50291676,1175401410.7608,14.51,0.88,5728000000,5728000000.0,134436079808.0,134436000000.0
2008-05-28,INTC,14.65,14.46,14.73,14.45,14.53,52828149,1244451310.5927,14.63,0.92,5728000000,5728000000.0,135180748448.0,135180700000.0
2008-05-23,INTC,14.83,14.79,14.98,14.73,14.69,41173938,984641788.1196,14.85,0.72,5728000000,5728000000.0,136784582720.0,136784600000.0
2008-05-22,INTC,14.69,14.83,15.03,14.6,14.96,64453692,1535718203.0932,14.79,1.13,5728000000,5728000000.0,135524416992.0,135524400000.0
2008-05-21,INTC,14.96,15.24,15.29,14.78,15.45,73929563,1783498882.7513,14.98,1.29,5728000000,5728000000.0,137987502816.0,137987400000.0
2008-05-20,INTC,15.45,15.65,15.7,15.39,15.52,61250266,1535366114.0967,15.56,1.07,5728000000,5728000000.0,142512582720.0,142512600000.0
2008-05-17,INTC,15.52,15.52,15.52,15.22,15.5,59981129,1489649153.1103,15.42,1.05,5728000000,5728000000.0,143200000000.0,143199900000.0
2008-05-16,INTC,15.5,14.85,15.52,14.81,14.8,77365438,1899498824.4839,15.24,1.35,5728000000,5728000000.0,143028079808.0,143028000000.0
2008-05-15,INTC,14.8,14.81,15.08,14.75,14.75,58954672,1419604330.3445,14.95,1.03,5728000000,5728000000.0,136555502816.0,136555400000.0
2008-05-14,INTC,14.75,14.68,14.86,14.65,14.68,39218352,931631559.5765,14.75,0.68,5728000000,5728000000.0,136097251360.0,136097200000.0
2008-05-10,INTC,14.51,14.37,14.63,14.36,14.53,40038653,934522180.3465,14.49,0.7,5728000000,5728000000.0,133863337088.0,133863300000.0
2008-05-09,INTC,14.53,14.52,14.66,14.35,14.39,50109805,1172092792.5348,14.52,0.87,5728000000,5728000000.0,134035165632.0,134035100000.0
2008-05-08,INTC,14.39,14.65,14.74,14.37,14.64,54233051,1271119455.7109,14.55,0.95,5728000000,5728000000.0,132717754272.0,132717700000.0
2008-05-07,INTC,14.64,14.33,14.72,14.33,14.44,46003793,1077422127.1562,14.54,0.8,5728000000,5728000000.0,135066165536.0,135066100000.0
2008-05-06,INTC,14.44,14.52,14.83,14.39,14.55,38633317,899754383.7032,14.46,0.67,5728000000,5728000000.0,133176000000.0,133175900000.0
2008-05-03,INTC,14.55,14.57,14.6,14.28,14.37,59078852,1382172546.9769,14.44,1.03,5728000000,5728000000.0,135066165536.0,135066100000.0
2008-05-02,INTC,14.37,13.8,14.45,13.8,13.74,71505875,1653286406.2986,14.27,1.25,5728000000,5728000000.0,133405085632.0,133405000000.0
2008-04-30,INTC,13.96,13.97,14.07,13.86,14.02,40666942,920211197.5735,13.97,0.71,5728000000,5728000000.0,129567337088.0,129567300000.0
2008-04-29,INTC,14.02,13.84,14.1,13.78,13.92,47697680,1079517408.7162,13.97,0.83,5728000000,5728000000.0,130082834176.0,130082800000.0
2008-04-26,INTC,13.92,13.97,13.97,13.62,14.0,47604313,1063175113.565,13.78,0.83,5728000000,5728000000.0,129223668544.0,129223600000.0
2008-04-23,INTC,13.57,13.75,13.83,13.5,13.86,56303821,1241509781.8645,13.61,0.97,5787998720,5787998000.0,127278039760.81,127277900000.0
2008-04-19,INTC,13.92,13.93,13.97,13.72,13.65,68288438,1536707695.1172,13.89,1.18,5787998720,5787998000.0,130519301680.02,130519300000.0
2008-04-18,INTC,13.65,13.68,13.76,13.53,13.66,57754020,1275243240.7499,13.63,1.0,5787998720,5787998000.0,127972570667.22,127972500000.0
2008-04-16,INTC,12.91,12.91,12.92,12.65,12.77,93477250,1942671130.948,12.83,1.62,5787998720,5787998000.0,121026989567.21,121026900000.0
2008-04-15,INTC,12.77,13.04,13.15,12.74,13.11,60084258,1257473273.3845,12.92,1.04,5787998720,5787998000.0,119753624060.82,119753600000.0
2008-04-12,INTC,13.11,13.46,13.52,13.03,13.63,66927000,1435001885.1,13.23,1.16,5787998720,5787998000.0,122937040720.81,122937000000.0
2008-04-11,INTC,13.63,13.31,13.85,13.3,13.22,72063563,1591941036.8848,13.63,1.25,5787998720,5787998000.0,127798936493.62,127798900000.0
2008-04-10,INTC,13.22,13.0,13.23,12.82,13.01,63456840,1340119113.5693,13.03,1.1,5787998720,5787998000.0,123978926794.4,123978900000.0
2008-04-09,INTC,13.01,13.2,13.29,12.99,13.42,55241493,1174864582.8935,13.13,0.95,5787998720,5787998000.0,122010937773.62,122010900000.0
2008-04-08,INTC,13.42,13.53,13.63,13.37,13.5,39720079,869090700.1906,13.5,0.69,5787998720,5787998000.0,125888972160.0,125888900000.0
2008-04-05,INTC,13.5,13.54,13.69,13.37,13.53,41388727,908130670.693,13.54,0.72,5787998720,5787998000.0,126583508854.41,126583400000.0
2008-04-03,INTC,13.49,13.6,13.6,13.36,13.56,43779590,956601027.9809,13.49,0.76,5787998720,5787998000.0,126467719940.01,126467600000.0
2008-04-02,INTC,13.56,13.28,13.58,13.21,13.07,55507196,1208690896.2136,13.44,0.96,5787998720,5787998000.0,127162250846.42,127162200000.0
2008-04-01,INTC,13.07,12.78,13.16,12.76,12.83,48074602,1015782111.1434,13.04,0.83,5787998720,5787998000.0,122589772373.61,122589800000.0
2008-03-29,INTC,12.83,13.08,13.23,12.79,13.02,59431043,1252788378.834,13.01,1.03,5787998720,5787998000.0,120332458660.81,120332400000.0
2008-03-28,INTC,13.02,13.5,13.52,13.02,13.49,71530063,1529941782.314,13.2,1.24,5787998720,5787998000.0,122068875640.8,122068800000.0
2008-03-27,INTC,13.49,13.6,13.62,13.4,13.74,51872172,1134724355.7523,13.5,0.9,5787998720,5787998000.0,126525570987.22,126525600000.0
2008-03-26,INTC,13.74,13.78,13.83,13.6,13.66,48239688,1071673226.8153,13.71,0.83,5787998720,5787998000.0,128898673614.41,128898600000.0
2008-03-25,INTC,13.66,13.43,13.86,13.42,13.42,53806180,1194474866.4353,13.7,0.93,5787998720,5787998000.0,128088353793.61,128088300000.0
2008-03-21,INTC,13.42,13.25,13.43,13.02,13.02,67375000,1451950990.875,13.3,1.16,5787998720,5787998000.0,125888972160.0,125888900000.0
2008-03-20,INTC,13.02,13.29,13.41,13.01,13.42,69668563,1490663408.2295,13.21,1.2,5787998720,5787998000.0,122068256324.94,122068200000.0
2008-03-19,INTC,13.42,13.15,13.42,13.08,12.87,72379625,1550378081.6662,13.22,1.25,5787998720,5787998000.0,125888972160.0,125888900000.0
2008-03-18,INTC,12.87,12.45,13.05,12.44,12.75,67472750,1400666007.577,12.81,1.17,5787998720,5787998000.0,120679721220.01,120679700000.0
2008-03-15,INTC,12.75,13.11,13.23,12.67,13.13,80050875,1667115427.4366,12.85,1.38,5787998720,5787998000.0,119579989887.21,119579900000.0
2008-03-14,INTC,13.13,12.85,13.26,12.8,13.04,66780750,1410362292.7905,13.03,1.15,5787998720,5787998000.0,123168606973.6,123168600000.0
2008-03-11,INTC,12.42,12.41,12.65,12.33,12.39,67408750,1367089490.7975,12.52,1.16,5787998720,5787998000.0,116454511094.41,116454400000.0
2008-03-08,INTC,12.39,12.23,12.58,12.19,12.26,73720250,1479535634.519,12.39,1.27,5787998720,5787998000.0,116165093794.41,116165000000.0
2008-03-07,INTC,12.26,12.41,12.48,12.24,12.47,65557188,1310717638.278,12.34,1.13,5787998720,5787998000.0,115007511414.41,115007400000.0
2008-03-06,INTC,12.47,12.37,12.49,12.25,12.34,62233465,1248601645.953,12.38,1.08,5787998720,5787998000.0,116916943252.14,116916900000.0
2008-03-04,INTC,12.35,12.38,12.58,12.3,12.33,75760250,1523144522.6795,12.41,1.31,5787998720,5787998000.0,115817825447.21,115817800000.0
2008-02-29,INTC,12.65,12.68,12.79,12.54,12.82,56144602,1151615449.9494,12.66,0.97,5787998720,5787998000.0,118596041680.81,118596000000.0
2008-02-26,INTC,12.31,12.19,12.33,12.05,12.23,82400750,1625328919.9145,12.17,1.42,5787998720,5787998000.0,115412625020.82,115412600000.0
2008-02-16,INTC,12.41,12.54,12.68,12.33,12.63,78265563,1580493605.2386,12.46,1.35,5787998720,5787998000.0,116396573227.22,116396600000.0
2008-02-15,INTC,12.63,12.94,12.95,12.63,13.09,71583438,1471926856.0306,12.69,1.24,5787998720,5787998000.0,118422407507.21,118422300000.0
2008-02-14,INTC,13.09,13.0,13.13,12.87,12.9,49788836,1049568528.6256,13.01,0.86,5787998720,5787998000.0,122763406547.21,122763400000.0
2008-02-12,INTC,12.76,12.59,12.85,12.44,12.51,53777805,1109515977.1904,12.73,0.93,5787998720,5787998000.0,119695773013.61,119695800000.0
2008-02-05,INTC,13.01,13.34,13.34,12.98,13.36,65729063,1406916527.4955,13.13,1.12,5846999040,5846999000.0,123956362107.0,123956300000.0
2008-02-02,INTC,13.36,13.13,13.39,13.02,12.94,66092563,1421518580.6337,13.19,1.13,5846999040,5846999000.0,127288572706.9,127288600000.0
2008-01-31,INTC,12.69,12.49,13.02,12.45,12.58,96055438,1996262054.414,12.75,1.64,5846999040,5846999000.0,120974339973.61,120974300000.0
2008-01-30,INTC,12.58,12.54,12.64,12.42,12.45,78365688,1599976108.5643,12.53,1.34,5846999040,5846999000.0,119863480320.0,119863400000.0
2008-01-29,INTC,12.45,12.2,12.45,12.04,12.27,68633188,1374475538.8968,12.29,1.17,5846999040,5846999000.0,118635575439.61,118635500000.0
2008-01-26,INTC,12.27,13.05,13.05,12.27,12.69,104701070,2138874396.0784,12.53,1.79,5846999040,5846999000.0,116939980800.0,116939900000.0
2008-01-25,INTC,12.69,12.36,12.72,12.31,12.26,90383813,1845862155.6191,12.53,1.55,5846999040,5846999000.0,120974339973.61,120974300000.0
2008-01-24,INTC,12.26,11.25,12.4,11.19,11.43,173909320,3347144162.1961,11.81,2.97,5846999040,5846999000.0,116823017431.2,116822900000.0
2008-01-23,INTC,11.43,11.17,11.66,11.07,11.66,147075440,2735043120.7245,11.41,2.52,5846999040,5846999000.0,108929533645.21,108929500000.0
2008-01-19,INTC,11.66,11.9,12.05,11.63,11.86,143864000,2765193687.368,11.79,2.46,5846999040,5846999000.0,111092981760.0,111092900000.0
2008-01-18,INTC,11.86,12.28,12.3,11.78,12.2,172805250,3377960910.7028,11.99,2.96,5846999040,5846999000.0,113022415432.21,113022400000.0
2008-01-17,INTC,12.2,12.29,12.51,12.09,13.92,310073440,6188722611.1019,12.24,5.3,5846999040,5846999000.0,116238282445.21,116238300000.0
2008-01-16,INTC,13.92,14.11,14.23,13.81,14.16,131938070,3010072863.268,14.0,2.26,5846999040,5846999000.0,132668338053.61,132668300000.0
2008-01-15,INTC,14.16,14.04,14.23,13.75,13.49,85032875,1944709249.1101,14.03,1.45,5846999040,5846999000.0,134948661832.21,134948600000.0
2008-01-12,INTC,13.49,13.65,13.72,13.36,13.83,75915125,1669774886.1007,13.49,1.3,5846999040,5846999000.0,128575456266.61,128575400000.0
2008-01-11,INTC,13.83,13.85,13.93,13.62,13.96,81185000,1824988952.41,13.79,1.39,5846999040,5846999000.0,131791323279.61,131791300000.0
2008-01-10,INTC,13.96,13.74,14.03,13.66,13.66,73258625,1653768551.8379,13.85,1.25,5846999040,5846999000.0,133019228160.0,133019200000.0
2008-01-09,INTC,13.66,14.06,14.19,13.64,14.04,80520688,1830169855.4413,13.94,1.38,5846999040,5846999000.0,130154169395.4,130154100000.0
2008-01-08,INTC,14.04,13.99,14.13,13.72,13.91,112063690,2546232607.5333,13.94,1.92,5846999040,5846999000.0,133779279565.21,133779300000.0
2008-01-05,INTC,13.91,14.39,14.48,13.71,15.13,174093380,3982245400.049,14.03,2.98,5846999040,5846999000.0,132551462389.8,132551400000.0
2008-01-04,INTC,15.13,15.56,15.58,14.96,15.55,85190375,2102387366.751,15.14,1.46,5846999040,5846999000.0,144245460469.8,144245400000.0
2008-01-03,INTC,15.55,16.12,16.16,15.31,16.36,84278688,2140661482.3476,15.58,1.44,5846999040,5846999000.0,148221373041.01,148221300000.0
2008-01-01,INTC,16.36,16.34,16.56,16.31,16.42,23687833,634184854.088,16.42,0.41,5846999040,5846999000.0,155880930089.41,155880900000.0
2007-12-29,INTC,16.42,16.63,16.73,16.35,16.46,35391387,952601615.378,16.51,0.61,5846999040,5846999000.0,156465665075.4,156465600000.0
2007-12-22,INTC,16.54,16.42,16.54,16.31,16.2,58868282,1575844923.1214,16.42,1.01,5846999040,5846999000.0,157635047342.41,157635000000.0
2007-12-21,INTC,16.2,16.28,16.28,15.96,16.07,40103563,1055561590.6418,16.15,0.69,5846999040,5846999000.0,154419180329.41,154419100000.0
2007-12-13,INTC,16.74,16.83,17.01,16.5,16.52,56576778,1546118308.0606,16.76,0.97,5846999040,5846999000.0,159506127964.2,159506100000.0
2007-12-12,INTC,16.52,17.05,17.07,16.51,17.04,67579750,1850224616.443,16.8,1.16,5846999040,5846999000.0,157459643218.21,157459600000.0
2007-12-07,INTC,17.17,16.7,17.17,16.67,16.7,60512094,1674526548.8397,16.98,1.03,5846999040,5846999000.0,163599009751.2,163598900000.0
2007-12-05,INTC,16.14,15.85,16.27,15.85,16.1,44505344,1172087933.0068,16.16,0.76,5846999040,5846999000.0,153834533048.4,153834400000.0
2007-11-28,INTC,15.4,15.18,15.44,15.02,14.95,62933610,1567839726.6188,15.28,1.08,5846999040,5846999000.0,146818064036.41,146818000000.0
2007-11-27,INTC,14.95,15.36,15.53,14.92,15.38,53157438,1323997092.4354,15.28,0.91,5846999040,5846999000.0,142491875293.72,142491800000.0
2007-11-24,INTC,15.38,15.2,15.4,15.06,15.11,36587075,908109348.6892,15.23,0.63,5846999040,5846999000.0,146584225003.81,146584200000.0
2007-11-22,INTC,15.11,15.48,15.51,15.05,15.66,69563063,1732912800.6768,15.28,1.19,5846999040,5846999000.0,144011527885.21,144011500000.0
2007-11-21,INTC,15.66,15.55,15.8,15.28,15.44,74694063,1895413163.4463,15.57,1.28,5846999040,5846999000.0,149215357030.81,149215300000.0
2007-11-20,INTC,15.44,15.61,15.7,15.4,15.65,52325942,1323281212.4264,15.51,0.89,5846999040,5846999000.0,147168959989.8,147168900000.0
2007-11-17,INTC,15.65,15.66,15.82,15.44,15.66,80444375,2045996974.2163,15.6,1.38,5846999040,5846999000.0,149156916275.4,149156900000.0
2007-11-16,INTC,15.66,15.85,15.99,15.51,15.86,67018688,1718023731.7866,15.73,1.15,5846999040,5846999000.0,149273879644.2,149273800000.0
2007-11-15,INTC,15.86,16.26,16.27,15.81,16.04,63262430,1641419534.7411,15.92,1.08,5846999040,5846999000.0,151144872561.01,151144800000.0
2007-11-14,INTC,16.04,15.7,16.04,15.51,15.51,62117719,1603462943.1564,15.84,1.06,5846999040,5846999000.0,152840554905.6,152840500000.0
2007-11-13,INTC,15.51,15.59,15.69,15.4,15.43,72660500,1843454214.1345,15.56,1.24,5846999040,5846999000.0,147870570639.61,147870500000.0
2007-11-10,INTC,15.43,15.56,15.73,15.34,15.91,71692375,1814985673.2125,15.53,1.23,5846999040,5846999000.0,147051990774.01,147051900000.0
2007-11-09,INTC,15.91,16.5,16.55,15.51,16.5,91404875,2376279956.8375,15.95,1.56,5846999040,5846999000.0,151630220257.32,151630200000.0
2007-11-08,INTC,16.5,16.71,16.9,16.48,16.86,71488000,1947589904.896,16.71,1.22,5846999040,5846999000.0,157284239094.01,157284200000.0
2007-11-06,INTC,16.47,16.31,16.58,16.22,16.37,55392442,1483459449.9578,16.43,0.95,5846999040,5846999000.0,156933436692.6,156933400000.0
2007-11-03,INTC,16.37,16.34,16.47,16.13,16.19,58633739,1566388493.3697,16.32,1.0,5846999040,5846999000.0,156699504108.01,156699400000.0
2007-11-02,INTC,16.19,16.31,16.54,16.19,16.43,86595688,2325795128.2987,16.41,1.48,5846999040,5846999000.0,154945474560.0,154945400000.0
2007-10-31,INTC,16.05,15.95,16.11,15.94,16.04,41448989,1088325648.2341,16.04,0.71,5846999040,5846999000.0,153600606310.81,153600600000.0
2007-10-30,INTC,16.04,15.91,16.1,15.88,15.85,53264567,1396069574.2621,16.01,0.91,5846999040,5846999000.0,153542165555.4,153542100000.0
2007-10-27,INTC,15.85,16.04,16.16,15.75,15.82,61642247,1602124717.6072,15.88,1.05,5846999040,5846999000.0,151671084933.61,151671100000.0
2007-10-26,INTC,15.82,15.99,16.04,15.6,15.89,57694340,1490942153.6876,15.79,0.99,5840000000,5840000000.0,151197600000.0,151197600000.0
2007-10-19,INTC,16.48,16.19,16.48,16.17,16.32,66210438,1768837938.0826,16.32,1.13,5840000000,5840000000.0,157504718240.0,157504700000.0
2007-10-18,INTC,16.32,16.37,16.48,16.04,15.57,187866070,4995601899.9946,16.24,3.22,5840000000,5840000000.0,156044718240.0,156044700000.0
2007-10-16,INTC,15.73,15.66,15.93,15.62,15.61,74615875,1930841787.4196,15.81,1.28,5840000000,5840000000.0,150380000000.0,150379900000.0
2007-10-13,INTC,15.61,15.64,15.69,15.47,15.54,48670243,1241524166.9817,15.58,0.83,5840000000,5840000000.0,149211929920.0,149211900000.0
2007-10-11,INTC,15.81,15.81,15.84,15.66,15.79,38323778,988032563.812,15.75,0.66,5840000000,5840000000.0,151139141600.0,151139100000.0
2007-10-09,INTC,15.68,15.58,15.74,15.56,15.6,34606868,886558640.6034,15.65,0.59,5840000000,5840000000.0,149854335760.0,149854300000.0
2007-10-05,INTC,15.64,15.76,15.78,15.5,15.77,44415661,1135401806.0465,15.62,0.76,5840000000,5840000000.0,149503947440.0,149503900000.0
2007-10-02,INTC,16.11,15.91,16.22,15.8,15.8,54672719,1442659533.415,16.12,0.94,5840000000,5840000000.0,154006564080.0,154006500000.0
2007-09-29,INTC,15.8,15.71,16.93,15.68,15.74,44063278,1139815303.8144,15.8,0.75,5840000000,5840000000.0,151022318240.0,151022300000.0
2007-09-28,INTC,15.74,15.94,15.94,15.7,15.83,47541372,1227099290.4699,15.77,0.81,5840000000,5840000000.0,150438370800.0,150438300000.0
2007-09-26,INTC,15.82,15.78,15.99,15.74,15.87,50670356,1313036136.1348,15.83,0.87,5840000000,5840000000.0,151198131440.0,151198100000.0
2007-09-25,INTC,15.87,15.87,16.03,15.77,15.8,50341766,1308432739.4225,15.88,0.86,5840000000,5840000000.0,151723176640.0,151723100000.0
2007-09-22,INTC,15.8,15.89,15.91,15.74,15.77,70411313,1826278433.3278,15.85,1.21,5840000000,5840000000.0,151080776640.0,151080800000.0
2007-09-21,INTC,15.77,15.58,15.86,15.57,15.69,51971309,1344778252.9847,15.81,0.89,5840000000,5840000000.0,150730388320.0,150730400000.0
2007-09-20,INTC,15.69,15.66,15.75,15.54,15.52,69117813,1775477575.8823,15.69,1.18,5840000000,5840000000.0,149971159120.0,149971100000.0
2007-09-19,INTC,15.52,15.24,15.57,15.21,15.18,72076563,1816595350.1175,15.4,1.23,5840000000,5840000000.0,148394335760.0,148394300000.0
2007-09-18,INTC,15.18,15.19,15.32,15.13,15.23,46370282,1154480354.5106,15.21,0.79,5840000000,5840000000.0,145123947440.0,145123900000.0
2007-09-15,INTC,15.23,15.24,15.39,15.03,15.49,66858563,1670126636.3057,15.26,1.14,5840000000,5840000000.0,145591159120.0,145591100000.0
2007-09-14,INTC,15.49,15.62,15.66,15.43,15.55,65044926,1649018313.5027,15.49,1.11,5840000000,5840000000.0,148043947440.0,148043900000.0
2007-09-12,INTC,15.68,15.58,15.82,15.43,15.49,61962215,1586282273.772,15.64,1.06,5840000000,5840000000.0,149854335760.0,149854300000.0
2007-09-11,INTC,15.49,15.83,16.02,15.42,15.56,107385130,2755255450.001,15.67,1.84,5840000000,5840000000.0,148043947440.0,148043900000.0
2007-09-08,INTC,15.56,15.69,15.72,15.43,15.98,65687125,1671894520.5401,15.55,1.12,5840000000,5840000000.0,148744718240.0,148744600000.0
2007-09-07,INTC,15.98,15.9,16.02,15.81,15.88,49595286,1292690664.9847,15.92,0.85,5840000000,5840000000.0,152715964960.0,152715900000.0
2007-09-06,INTC,15.88,15.88,16.01,15.76,15.99,59596500,1548739728.378,15.88,1.02,5840000000,5840000000.0,151781541600.0,151781500000.0
2007-09-01,INTC,15.73,15.61,15.76,15.6,15.44,56844372,1460183780.2466,15.69,0.97,5840000000,5840000000.0,150380000000.0,150379900000.0
2007-08-31,INTC,15.44,15.22,15.65,15.21,15.33,68907438,1746244645.0704,15.48,1.18,5840000000,5840000000.0,147635194160.0,147635100000.0
2007-08-30,INTC,15.33,14.84,15.39,14.8,14.64,82168563,2035898702.3073,15.14,1.41,5840000000,5840000000.0,146525582480.0,146525500000.0
2007-08-29,INTC,14.64,14.81,14.97,14.62,14.94,56199012,1359992767.81,14.78,0.96,5840000000,5840000000.0,139926353280.0,139926300000.0
2007-08-28,INTC,14.94,15.1,15.1,14.89,15.14,45804043,1124122502.6777,14.99,0.78,5840000000,5840000000.0,142787982480.0,142787900000.0
2007-08-25,INTC,15.14,14.78,15.2,14.7,14.8,51700993,1270422391.9875,15.01,0.89,5840000000,5840000000.0,144773564960.0,144773500000.0
2007-08-24,INTC,14.8,14.84,14.86,14.66,14.75,38614340,932026447.2546,14.75,0.66,5840000000,5840000000.0,141503176640.0,141503100000.0
2007-08-18,INTC,14.48,14.6,14.66,14.26,14.11,94354875,2233765613.979,14.46,1.62,5840000000,5840000000.0,138407982480.0,138407900000.0
2007-08-17,INTC,14.11,14.19,14.41,13.49,14.19,118378130,2712787675.1158,14.0,2.03,5840000000,5840000000.0,134903947440.0,134903900000.0
2007-08-16,INTC,14.19,14.53,14.66,14.18,14.54,63252407,1494534071.3319,14.43,1.08,5840000000,5840000000.0,135604718240.0,135604700000.0
2007-08-15,INTC,14.54,14.7,14.89,14.53,14.67,55471254,1331453988.4329,14.66,0.95,5840000000,5840000000.0,138991929920.0,138991900000.0
2007-08-11,INTC,14.65,14.57,14.87,14.36,14.61,68821063,1648071071.663,14.63,1.18,5840000000,5840000000.0,140043176640.0,140043100000.0
2007-08-10,INTC,14.61,14.86,15.11,14.61,15.08,71724625,1739931815.5625,14.82,1.23,5840000000,5840000000.0,139692794160.0,139692800000.0
2007-08-08,INTC,14.74,14.69,14.86,14.51,14.74,59898239,1438395892.0583,14.67,1.03,5840000000,5840000000.0,140918610160.0,140918600000.0
2007-08-07,INTC,14.74,14.69,14.78,14.53,14.61,64100243,1538200454.8214,14.66,1.1,5840000000,5840000000.0,140919141600.0,140919100000.0
2007-08-04,INTC,14.61,14.83,14.96,14.59,14.78,77218875,1871854332.0176,14.81,1.32,5840000000,5840000000.0,139634960640.0,139634900000.0
2007-08-01,INTC,14.36,14.65,14.7,14.34,14.5,61631891,1472212813.6401,14.53,1.06,5840000000,5840000000.0,137940776640.0,137940700000.0
2007-07-28,INTC,14.31,14.53,14.62,14.31,14.59,79410438,1888872083.893,14.46,1.36,5840000000,5840000000.0,137473564960.0,137473500000.0
2007-07-26,INTC,14.9,15.01,15.03,14.82,14.92,50856059,1247437794.8628,14.92,0.88,5809999360,5809999000.0,142344984320.0,142344900000.0
2007-07-21,INTC,14.93,15.37,15.38,14.89,15.36,95624813,2370194195.5695,15.07,1.65,5809999360,5809999000.0,142635414568.01,142635400000.0
2007-07-20,INTC,15.36,15.28,15.4,15.26,15.24,62612250,1580201704.275,15.35,1.08,5809999360,5809999000.0,146760554783.6,146760500000.0
2007-07-18,INTC,16.01,15.85,16.13,15.8,15.78,122061820,3210883779.2098,16.0,2.1,5809999360,5809999000.0,152976678908.87,152976600000.0
2007-07-17,INTC,15.78,15.77,15.83,15.71,15.79,50045508,1298134785.9712,15.77,0.86,5809999360,5809999000.0,150769465962.0,150769400000.0
2007-07-14,INTC,15.79,15.69,15.81,15.62,15.81,64189575,1660757360.3442,15.73,1.1,5809999360,5809999000.0,150885602039.21,150885600000.0
2007-07-13,INTC,15.81,15.05,15.81,14.94,14.94,134702500,3429631391.4625,15.48,2.32,5809999360,5809999000.0,151059983360.0,151059900000.0
2007-07-12,INTC,14.94,15.09,15.14,14.87,15.18,56054516,1380958327.4673,14.98,0.96,5809999360,5809999000.0,142751643605.2,142751600000.0
2007-07-11,INTC,15.18,15.07,15.31,15.05,15.18,64931840,1622132875.9501,15.19,1.12,5809999360,5809999000.0,145075602679.21,145075600000.0
2007-07-10,INTC,15.18,15.09,15.21,15.07,15.01,76331188,1904355818.9497,15.17,1.31,5809999360,5809999000.0,145017003025.66,145016900000.0
2007-07-06,INTC,14.96,14.89,15.01,14.86,14.95,36687536,900498872.9982,14.93,0.63,5809999360,5809999000.0,142925931966.01,142925900000.0
2007-07-04,INTC,14.95,14.78,14.96,14.75,14.76,29204344,715412857.2818,14.9,0.5,5809999360,5809999000.0,142867866832.4,142867800000.0
2007-07-03,INTC,14.76,14.52,14.78,14.51,14.44,48917700,1182898324.0269,14.7,0.84,5809999360,5809999000.0,141008626367.21,141008600000.0
2007-06-29,INTC,14.55,14.67,14.7,14.51,14.47,47752305,1146847387.483,14.6,0.82,5809999360,5809999000.0,138975178881.2,138975100000.0
2007-06-28,INTC,14.47,14.16,14.5,14.16,14.22,50801102,1201151212.704,14.38,0.87,5809999360,5809999000.0,138219849914.4,138219800000.0
2007-06-26,INTC,14.28,14.44,14.53,14.17,14.41,50089899,1183003198.6224,14.36,0.86,5809999360,5809999000.0,136418761732.8,136418800000.0
2007-06-23,INTC,14.41,14.71,14.73,14.41,14.77,71449125,1707626085.198,14.53,1.23,5809999360,5809999000.0,137696967402.0,137696900000.0
2007-06-22,INTC,14.77,14.51,14.82,14.47,14.56,56161051,1356064568.9628,14.68,0.97,5809999360,5809999000.0,141124849594.4,141124800000.0
2007-06-21,INTC,14.56,14.73,14.81,14.53,14.65,63550793,1534572882.5693,14.68,1.09,5809999360,5809999000.0,139091314958.41,139091300000.0
2007-06-20,INTC,14.65,14.62,14.87,14.57,14.7,67162250,1624829247.8633,14.71,1.16,5809999360,5809999000.0,140020932286.01,140020900000.0
2007-06-16,INTC,14.74,14.58,14.75,14.47,14.13,159927690,3847330380.963,14.63,2.75,5809999360,5809999000.0,140834332196.41,140834300000.0
2007-06-15,INTC,14.13,13.77,14.31,13.76,13.79,85683188,1980549068.5169,14.06,1.47,5809999360,5809999000.0,134966261892.8,134966200000.0
2007-06-13,INTC,13.5,13.29,13.68,13.28,13.34,59729172,1326130550.3086,13.5,1.03,5809999360,5809999000.0,128981968362.0,128981900000.0
2007-06-12,INTC,13.34,13.23,13.43,13.19,13.27,42244688,927502867.1818,13.35,0.73,5809999360,5809999000.0,127413245294.8,127413200000.0
2007-06-09,INTC,13.27,13.04,13.3,12.98,12.96,60983204,1319925894.8812,13.16,1.05,5809999360,5809999000.0,126832210498.81,126832200000.0
2007-06-08,INTC,12.96,12.96,13.15,12.95,13.07,65438903,1403081146.9687,13.04,1.13,5809999360,5809999000.0,123811074741.6,123811000000.0
2007-06-07,INTC,13.07,13.3,13.36,13.05,13.35,69070125,1496009660.5009,13.17,1.19,5809999360,5809999000.0,124856833956.41,124856800000.0
2007-06-06,INTC,13.35,13.45,13.52,13.29,13.47,55938172,1232552589.7915,13.4,0.96,5809999360,5809999000.0,127587539465.61,127587500000.0
2007-06-05,INTC,13.47,13.52,13.71,13.45,13.6,48194833,1075264894.5377,13.57,0.83,5809999360,5809999000.0,128749521907.61,128749400000.0
2007-06-02,INTC,13.6,13.58,13.74,13.57,13.49,48720360,1093450040.4204,13.65,0.84,5809999360,5809999000.0,129911504349.61,129911400000.0
2007-06-01,INTC,13.49,13.46,13.49,13.33,13.43,49347266,1090885120.9449,13.44,0.85,5809999360,5809999000.0,128865123464.87,128865100000.0
2007-05-31,INTC,13.43,13.42,13.56,13.29,13.56,58624809,1290495433.4327,13.39,1.01,5809999360,5809999000.0,128284710338.81,128284600000.0
2007-05-26,INTC,13.47,13.45,13.56,13.4,13.36,38037676,842774008.6081,13.47,0.65,5809999360,5809999000.0,128749521907.61,128749400000.0
2007-05-25,INTC,13.36,13.81,13.83,13.27,13.79,86999250,1929042722.178,13.48,1.5,5809999360,5809999000.0,127645604599.21,127645600000.0
2007-05-24,INTC,13.79,13.98,14.07,13.77,13.98,63665801,1456373660.9573,13.91,1.1,5809999360,5809999000.0,131712679681.2,131712600000.0
2007-05-23,INTC,13.98,13.92,14.03,13.8,13.76,66458625,1522985189.9599,13.93,1.14,5809999360,5809999000.0,133571832996.41,133571800000.0
2007-05-19,INTC,13.8,13.8,13.83,13.69,13.52,68323500,1547198502.318,13.77,1.18,5809999360,5809999000.0,131886968042.0,131886900000.0
2007-05-18,INTC,13.52,13.56,13.66,13.49,13.49,58808461,1312016647.2931,13.57,1.01,5809999360,5809999000.0,129156262532.8,129156300000.0
2007-05-17,INTC,13.49,13.41,13.52,13.32,13.38,60815102,1341635762.0816,13.41,1.05,5809999360,5809999000.0,128865745134.8,128865700000.0
2007-05-16,INTC,13.38,13.43,13.6,13.32,13.45,57423586,1270726419.7468,13.46,0.99,5809999360,5809999000.0,127878056863.6,127878000000.0
2007-05-15,INTC,13.45,13.6,13.65,13.37,13.55,50213020,1113749739.4709,13.49,0.86,5809999360,5809999000.0,128517162603.2,128517100000.0
2007-05-12,INTC,13.55,13.57,13.62,13.46,13.51,46898028,1043536978.5513,13.53,0.81,5809999360,5809999000.0,129446779930.8,129446700000.0
2007-05-11,INTC,13.51,13.6,13.8,13.41,13.66,65535172,1467259494.8984,13.61,1.13,5809999360,5809999000.0,129040039305.61,129040000000.0
2007-05-10,INTC,13.66,13.4,13.69,13.35,13.47,72653500,1619511467.229,13.55,1.25,5809999360,5809999000.0,130550604279.21,130550600000.0
2007-05-09,INTC,13.47,13.37,13.5,13.26,13.35,49544649,1092251026.567,13.41,0.85,5809999360,5809999000.0,128691450964.0,128691400000.0
2007-05-05,INTC,13.32,13.35,13.39,13.26,13.22,53045129,1162865714.7833,13.33,0.91,5809999360,5809999000.0,127238951124.0,127238900000.0
2007-05-04,INTC,13.22,13.44,13.46,13.2,13.27,71142000,1559132918.754,13.33,1.22,5809999360,5809999000.0,126309333796.41,126309300000.0
2007-05-03,INTC,13.27,13.19,13.35,13.16,13.19,69037313,1515279271.8431,13.28,1.19,5809999360,5809999000.0,127413245294.8,127413200000.0
2007-05-02,INTC,13.19,13.04,13.21,12.98,13.01,60729387,1315064267.874,13.1,1.05,5809999360,5809999000.0,126657916328.01,126657900000.0
2007-05-01,INTC,13.01,13.18,13.22,12.99,13.23,60442243,1309601655.9853,13.11,1.04,5809999360,5809999000.0,124914986240.0,124914900000.0
2007-04-28,INTC,13.23,13.26,13.36,13.2,13.36,48825774,1071310622.5695,13.27,0.84,5809999360,5809999000.0,127064662763.2,127064600000.0
2007-04-27,INTC,13.36,13.39,13.44,13.31,13.47,62604512,1384517313.8156,13.38,1.09,5766999040,5766999000.0,127392991492.6,127392900000.0
2007-04-26,INTC,13.47,13.3,13.49,13.19,13.27,69081313,1525887936.9621,13.36,1.2,5766999040,5766999000.0,128361841564.32,128361800000.0
2007-04-25,INTC,13.27,13.28,13.36,13.15,13.25,85238500,1870472365.4225,13.28,1.48,5766999040,5766999000.0,126527889733.61,126527800000.0
2007-04-24,INTC,13.25,13.33,13.39,13.18,13.41,55981586,1226976187.2287,13.26,0.97,5766999040,5766999000.0,126354885529.41,126354800000.0
2007-04-21,INTC,13.41,13.34,13.43,13.1,13.19,120866940,2656944454.9205,13.3,2.1,5766999040,5766999000.0,127796635289.41,127796600000.0
2007-04-20,INTC,13.19,12.8,13.25,12.79,12.92,97614188,2110574732.0324,13.08,1.69,5766999040,5766999000.0,125778237528.4,125778200000.0
2007-04-19,INTC,12.92,12.9,12.99,12.7,12.69,112639570,2393015161.6577,12.85,1.95,5766999040,5766999000.0,123125377601.01,123125300000.0
2007-04-18,INTC,12.69,12.5,12.7,12.5,12.52,105638820,2207924862.6187,12.64,1.83,5766999040,5766999000.0,120991616791.2,120991600000.0
2007-04-13,INTC,12.4,12.33,12.43,12.25,12.38,63691981,1301144117.4868,12.36,1.1,5766999040,5766999000.0,118223480320.0,118223400000.0
2007-04-11,INTC,12.51,12.16,12.55,12.14,12.16,94828875,1938396559.7306,12.37,1.64,5766999040,5766999000.0,119261499778.21,119261400000.0
2007-04-04,INTC,11.68,11.63,11.74,11.61,11.57,53287938,1028946866.2623,11.68,0.92,5766999040,5766999000.0,111360739928.4,111360700000.0
2007-04-03,INTC,11.57,11.58,11.64,11.51,11.57,54267809,1038055706.4619,11.57,0.94,5766999040,5766999000.0,110322633965.21,110322600000.0
2007-03-24,INTC,11.66,11.61,11.71,11.59,11.59,37591239,724834195.2155,11.66,0.65,5766999040,5766999000.0,111130013830.81,111129900000.0
2007-03-23,INTC,11.59,11.64,11.68,11.56,11.7,52024122,998478007.8248,11.61,0.9,5766999040,5766999000.0,110495638169.41,110495600000.0
2007-03-20,INTC,11.56,11.62,11.66,11.46,11.58,59159872,1129047640.0801,11.55,1.03,5766999040,5766999000.0,110207270916.41,110207300000.0
2007-03-17,INTC,11.58,11.58,11.63,11.52,11.58,56512219,1082304386.4757,11.59,0.98,5766999040,5766999000.0,110437997014.01,110437900000.0
2007-03-14,INTC,11.57,11.67,11.79,11.57,11.78,66230625,1277012284.89,11.66,1.15,5766999040,5766999000.0,110264992809.8,110264900000.0
2007-03-13,INTC,11.78,11.56,11.88,11.55,11.55,68227813,1323162172.9416,11.73,1.18,5766999040,5766999000.0,112341118231.2,112341100000.0
2007-03-10,INTC,11.55,11.71,11.75,11.52,11.63,51063324,980589436.1016,11.62,0.89,5766999040,5766999000.0,110149629761.01,110149600000.0
2007-03-09,INTC,11.63,11.66,11.69,11.59,11.57,46511719,894662170.7971,11.64,0.81,5766999040,5766999000.0,110899368471.2,110899300000.0
2007-03-07,INTC,11.74,11.7,11.74,11.58,11.56,66909375,1290172997.9531,11.66,1.16,5766999040,5766999000.0,111879746774.01,111879700000.0
2007-03-06,INTC,11.56,11.48,11.77,11.43,11.63,88296000,1700739539.616,11.65,1.53,5766999040,5766999000.0,110206740352.5,110206700000.0
2007-03-03,INTC,11.63,11.8,11.86,11.62,11.85,95613375,1852603989.093,11.72,1.66,5766999040,5766999000.0,110841640810.81,110841600000.0
2007-03-02,INTC,11.85,11.81,11.98,11.7,12.01,108310250,2123822007.7622,11.86,1.88,5766999040,5766999000.0,112975488125.6,112975400000.0
2007-03-01,INTC,12.01,12.13,12.22,11.98,12.12,102879688,2056071037.7379,12.09,1.78,5766999040,5766999000.0,114532514429.41,114532500000.0
2007-02-27,INTC,12.61,12.59,12.7,12.41,12.56,72264250,1501895874.0148,12.57,1.25,5766999040,5766999000.0,120241878081.01,120241800000.0
2007-02-23,INTC,12.69,12.7,12.75,12.57,12.63,52438555,1096510426.3322,12.65,0.91,5766999040,5766999000.0,120933889130.81,120933800000.0
2007-02-22,INTC,12.63,12.69,12.7,12.54,12.81,69371188,1444897234.2885,12.6,1.2,5766999040,5766999000.0,120414882285.21,120414800000.0
2007-02-21,INTC,12.81,12.74,12.9,12.64,12.84,47974641,1012835487.5054,12.77,0.83,5766999040,5766999000.0,122144999298.21,122144900000.0
2007-02-16,INTC,12.89,12.83,12.92,12.78,12.79,44738883,950168826.3034,12.85,0.78,5765998080,5765998000.0,122873407552.8,122873300000.0
2007-02-15,INTC,12.79,12.68,12.89,12.67,12.64,56571063,1197173410.5275,12.8,0.98,5765998080,5765998000.0,121893193645.2,121893200000.0
2007-02-10,INTC,12.72,12.96,13.03,12.66,12.92,80416000,1705414117.568,12.83,1.39,5765998080,5765998000.0,121258933856.4,121258900000.0
2007-02-09,INTC,12.92,12.89,12.96,12.81,13.01,40290699,858473601.2674,12.89,0.7,5765998080,5765998000.0,123161632498.83,123161600000.0
2007-02-08,INTC,13.01,12.93,13.11,12.85,12.89,57655012,1237967552.8388,12.99,1.0,5765998080,5765998000.0,124026589870.81,124026500000.0
2007-02-07,INTC,12.89,12.93,13.0,12.75,12.87,56868438,1209841840.5188,12.87,0.99,5765998080,5765998000.0,122873407552.8,122873300000.0
2007-02-02,INTC,12.7,12.62,12.72,12.56,12.61,50493957,1061730677.5279,12.65,0.88,5765998080,5765998000.0,121720132978.83,121720100000.0
2007-02-01,INTC,12.61,12.61,12.65,12.45,12.59,47853621,997651907.779,12.55,0.83,5765998080,5765998000.0,120855267862.82,120855300000.0
2007-01-31,INTC,12.59,12.69,12.71,12.53,12.57,61706434,1293347542.5262,12.61,1.07,5765998080,5765998000.0,120682299452.41,120682300000.0
2007-01-30,INTC,12.57,12.52,12.72,12.46,12.35,99694063,2090403656.0797,12.62,1.73,5765998080,5765998000.0,120451694125.2,120451600000.0
2007-01-27,INTC,12.35,12.45,12.58,12.34,12.4,62257035,1286012132.1923,12.43,1.08,5765998080,5765998000.0,118375934816.4,118375900000.0
2007-01-26,INTC,12.4,12.56,12.66,12.4,12.54,57218027,1187645119.1551,12.49,0.99,5765998080,5765998000.0,118779508554.02,118779400000.0
2007-01-23,INTC,12.51,12.59,12.65,12.43,12.53,77088000,1604663422.56,12.53,1.34,5765998080,5765998000.0,119875059721.21,119875000000.0
2007-01-19,INTC,12.43,12.57,12.58,12.34,12.66,101277000,2090994008.499,12.42,1.76,5765998080,5765998000.0,119067825756.01,119067800000.0
2007-01-18,INTC,12.66,12.79,12.94,12.5,13.42,192705000,4069369984.68,12.71,3.34,5765998080,5765998000.0,121316559241.21,121316500000.0
2007-01-17,INTC,13.42,13.3,13.42,13.11,13.32,133282875,2940272869.2356,13.27,2.31,5765998080,5765998000.0,128581687992.02,128581600000.0
2007-01-13,INTC,13.32,13.11,13.33,13.01,13.19,90768063,1986767488.6331,13.17,1.57,5765998080,5765998000.0,127601479850.42,127601400000.0
2007-01-12,INTC,13.19,13.0,13.27,12.65,12.95,99292938,2175238989.1321,13.18,1.72,5765998080,5765998000.0,126390666381.6,126390600000.0
2007-01-11,INTC,12.95,12.69,13.01,12.65,12.65,76369875,1627906823.3092,12.83,1.32,5765998080,5765998000.0,124084215255.62,124084100000.0
2007-01-10,INTC,12.65,12.75,12.76,12.55,12.64,54420680,1145538878.9546,12.67,0.94,5765998080,5765998000.0,121258933856.4,121258900000.0
2007-01-09,INTC,12.64,12.79,12.84,12.61,12.7,52844605,1116119751.9933,12.71,0.92,5765998080,5765998000.0,121143590830.81,121143600000.0
2007-01-06,INTC,12.7,12.69,12.73,12.49,12.74,64596473,1354335789.5829,12.62,1.12,5765998080,5765998000.0,121662507594.02,121662500000.0
2007-01-05,INTC,12.74,12.41,12.84,12.37,12.25,89514250,1884784746.1537,12.67,1.55,5765998080,5765998000.0,122066167821.6,122066100000.0
2007-01-04,INTC,12.25,12.31,12.56,12.12,12.19,69803938,1435133714.2913,12.37,1.21,5765998080,5765998000.0,117338009034.02,117337900000.0
2006-12-30,INTC,12.19,12.24,12.35,12.17,12.29,37142016,757775124.6336,12.28,0.64,5765998080,5765998000.0,116761461120.0,116761400000.0
2006-12-29,INTC,12.29,12.28,12.32,12.23,12.28,30821293,629034511.9321,12.28,0.53,5765998080,5765998000.0,117741669261.6,117741600000.0
2006-12-28,INTC,12.28,12.19,12.34,12.17,12.13,31901629,651067585.6094,12.28,0.55,5765998080,5765998000.0,117626326236.01,117626300000.0
2006-12-19,INTC,12.54,12.67,12.82,12.43,12.61,48976492,1027149242.3832,12.62,0.85,5765998080,5765998000.0,120163376923.21,120163300000.0
2006-12-14,INTC,12.46,12.56,12.57,12.43,12.47,48000859,995984175.6478,12.49,0.83,5765998080,5765998000.0,119356142958.01,119356100000.0
2006-12-13,INTC,12.47,12.44,12.54,12.32,12.46,46230617,954763578.5625,12.43,0.8,5765998080,5765998000.0,119529117134.41,119529100000.0
2006-12-09,INTC,12.44,12.43,12.55,12.36,12.43,41741445,863384139.0416,12.45,0.72,5765998080,5765998000.0,119240799932.41,119240800000.0
2006-12-07,INTC,12.58,12.72,12.76,12.53,12.71,46987902,985138485.8726,12.62,0.81,5765998080,5765998000.0,120509325276.01,120509300000.0
2006-12-06,INTC,12.71,12.76,12.88,12.7,12.77,33754637,715820713.7032,12.76,0.59,5765998080,5765998000.0,121777850619.61,121777800000.0
2006-12-05,INTC,12.77,12.69,12.91,12.52,12.59,62804574,1333692560.4161,12.78,1.09,5765998080,5765998000.0,122354398533.63,122354300000.0
2006-12-02,INTC,12.59,12.83,12.88,12.4,12.87,65123652,1361396008.5985,12.58,1.13,5765998080,5765998000.0,120682299452.41,120682300000.0
2006-12-01,INTC,12.87,12.78,12.93,12.68,12.78,47499590,1012225572.8196,12.82,0.82,5765998080,5765998000.0,123363465495.62,123363400000.0
2006-11-30,INTC,12.78,12.76,12.91,12.7,12.62,55214055,1174667756.4578,12.8,0.96,5765998080,5765998000.0,122469741559.22,122469700000.0
2006-11-25,INTC,12.99,12.91,13.09,12.89,13.08,23101406,498812165.3541,12.99,0.4,5765998080,5765998000.0,124487875483.21,124487800000.0
2006-11-23,INTC,13.08,13.12,13.14,12.96,12.98,41650938,904858006.3058,13.07,0.72,5765998080,5765998000.0,125295115214.41,125295100000.0
2006-11-22,INTC,12.98,13.35,13.4,12.87,13.4,87561250,1905884173.1913,13.1,1.52,5765998080,5765998000.0,124372532457.62,124372500000.0
2006-11-21,INTC,13.4,13.16,13.45,12.94,13.3,65803125,1461388504.1531,13.36,1.14,5765998080,5765998000.0,128408713815.62,128408700000.0
2006-11-14,INTC,12.64,12.4,12.68,12.38,12.38,45848188,959648423.028,12.6,0.8,5765998080,5765998000.0,121085959680.0,121085900000.0
2006-11-10,INTC,12.29,12.53,12.62,12.26,12.46,52838090,1088627870.86,12.4,0.92,5765998080,5765998000.0,117741669261.6,117741600000.0
2006-11-09,INTC,12.46,12.47,12.58,12.34,12.52,52958242,1094757491.9075,12.44,0.92,5765998080,5765998000.0,119413768342.82,119413800000.0
2006-11-08,INTC,12.52,12.5,12.74,12.47,12.53,48494457,1016404926.1655,12.61,0.84,5765998080,5765998000.0,119932690872.02,119932600000.0
2006-11-03,INTC,12.38,12.36,12.53,12.32,12.59,68206500,1410107183.172,12.38,1.18,5765998080,5765998000.0,119240799932.41,119240800000.0
2006-10-28,INTC,12.64,12.98,13.04,12.52,13.04,99929688,2124824841.9519,12.73,1.73,5765998080,5765998000.0,121662507594.02,121662500000.0
2006-10-27,INTC,13.04,13.02,13.07,12.94,13.01,44056055,957395039.6291,13.01,0.76,5768000000,5768000000.0,125569296552.0,125569300000.0
2006-10-25,INTC,12.95,12.85,13.08,12.85,12.85,62854137,1362344437.5256,12.98,1.09,5768000000,5768000000.0,124704131160.0,124704100000.0
2006-10-21,INTC,12.77,12.68,12.85,12.61,12.59,61152168,1299532124.8214,12.73,1.06,5768000000,5768000000.0,123031365016.0,123031300000.0
2006-10-19,INTC,12.64,12.93,12.95,12.59,12.52,115227250,2448220475.298,12.72,2.0,5768000000,5768000000.0,121762393480.0,121762300000.0
2006-10-18,INTC,12.52,12.69,12.71,12.47,12.94,118131500,2477677440.9295,12.56,2.05,5768000000,5768000000.0,120551165392.0,120551100000.0
2006-10-17,INTC,12.94,13.13,13.19,12.91,12.93,93784750,2040840097.3513,13.03,1.63,5768000000,5768000000.0,124646393480.0,124646300000.0
2006-10-14,INTC,12.93,12.82,13.08,12.8,12.87,78956875,1706352106.3881,12.94,1.37,5768000000,5768000000.0,124588748088.0,124588700000.0
2006-10-13,INTC,12.87,12.64,12.9,12.55,12.51,81948500,1744339217.403,12.75,1.42,5768000000,5768000000.0,123954262320.0,123954300000.0
2006-10-12,INTC,12.51,12.43,12.74,12.42,12.51,106872188,2245522748.7469,12.58,1.85,5768000000,5768000000.0,120493514232.0,120493500000.0
2006-10-10,INTC,12.35,12.29,12.45,12.25,12.35,46483359,961484806.8187,12.39,0.81,5768000000,5768000000.0,118936131160.0,118936100000.0
2006-10-06,INTC,12.44,12.46,12.56,12.37,12.47,53736277,1117762333.1503,12.46,0.93,5768000000,5768000000.0,119859034232.0,119858900000.0
2006-10-05,INTC,12.47,12.28,12.5,12.27,12.32,79483688,1646153835.4049,12.4,1.38,5768000000,5768000000.0,120089713856.0,120089600000.0
2006-10-04,INTC,12.32,12.22,12.45,12.08,12.24,80571438,1652270180.2079,12.28,1.4,5768000000,5768000000.0,118647713856.0,118647600000.0
2006-09-30,INTC,12.32,12.52,12.55,12.29,12.44,73310125,1518047420.4,12.4,1.27,5768000000,5768000000.0,118647713856.0,118647600000.0
2006-09-29,INTC,12.44,12.25,12.47,12.25,12.21,98065813,2029824448.5669,12.4,1.7,5768000000,5768000000.0,119801296552.0,119801300000.0
2006-09-28,INTC,12.21,12.01,12.43,12.01,11.95,131905875,2698515353.4802,12.25,2.29,5768000000,5768000000.0,117609514232.0,117609500000.0
2006-09-27,INTC,11.95,11.61,11.96,11.57,11.62,96076375,1898641723.1695,11.83,1.67,5768000000,5768000000.0,115129228088.0,115129200000.0
2006-09-26,INTC,11.62,11.48,11.68,11.4,11.42,56047520,1083179752.0819,11.57,0.97,5768000000,5768000000.0,111956810784.0,111956800000.0
2006-09-23,INTC,11.42,11.49,11.59,11.4,11.49,48777453,933585573.2968,11.46,0.85,5768000000,5768000000.0,109995713856.0,109995700000.0
2006-09-22,INTC,11.49,11.65,11.77,11.46,11.67,59117789,1144283214.4705,11.59,1.02,5768000000,5768000000.0,110687845016.0,110687800000.0
2006-09-21,INTC,11.67,11.68,11.79,11.64,11.63,60914676,1192678837.8273,11.72,1.06,5768000000,5768000000.0,112418262320.0,112418200000.0
2006-09-20,INTC,11.63,11.77,11.8,11.52,11.77,62046383,1203575427.2021,11.62,1.08,5768000000,5768000000.0,112014548464.0,112014500000.0
2006-09-19,INTC,11.77,11.65,11.83,11.64,11.68,54075871,1060752177.3843,11.75,0.94,5768000000,5768000000.0,113341165392.0,113341100000.0
2006-09-15,INTC,11.85,11.83,11.87,11.68,11.87,53503520,1054302484.6278,11.8,0.93,5768000000,5768000000.0,114091034232.0,114091000000.0
2006-09-14,INTC,11.87,11.85,11.97,11.74,11.83,63948680,1266189939.1246,11.86,1.11,5768000000,5768000000.0,114379365016.0,114379300000.0
2006-09-09,INTC,11.65,11.53,11.7,11.5,11.51,49941980,968404707.6781,11.61,0.87,5768000000,5768000000.0,112187582696.0,112187500000.0
2006-09-08,INTC,11.51,11.52,11.68,11.41,11.56,76851250,1479278740.1962,11.53,1.33,5768000000,5768000000.0,110860879248.0,110860800000.0
2006-09-07,INTC,11.56,11.76,11.87,11.54,11.97,76694813,1493799368.1207,11.66,1.33,5768000000,5768000000.0,111380068464.0,111380000000.0
2006-09-06,INTC,11.97,11.95,11.99,11.76,11.9,80214750,1592334339.057,11.89,1.39,5768000000,5768000000.0,115302262320.0,115302200000.0
2006-09-02,INTC,11.9,11.91,11.95,11.71,11.72,68307500,1353157913.5,11.86,1.18,5768000000,5768000000.0,114667782320.0,114667800000.0
2006-09-01,INTC,11.72,11.87,11.88,11.7,11.88,46223152,907336761.283,11.75,0.8,5768000000,5768000000.0,112879713856.0,112879700000.0
2006-08-31,INTC,11.88,11.76,11.98,11.71,11.79,70881688,1401848266.319,11.84,1.23,5768000000,5768000000.0,114437096928.0,114437100000.0
2006-08-30,INTC,11.79,11.65,11.8,11.5,11.61,74642688,1450687359.1219,11.64,1.29,5768000000,5768000000.0,113514199624.0,113514100000.0
2006-08-29,INTC,11.61,11.41,11.65,11.39,11.32,68406375,1316925054.687,11.53,1.19,5768000000,5768000000.0,111783782320.0,111783800000.0
2006-08-26,INTC,11.32,11.05,11.38,11.04,11.11,67067750,1258660397.1822,11.24,1.16,5768000000,5768000000.0,109015165392.0,109015100000.0
2006-08-25,INTC,11.11,11.01,11.12,10.96,11.01,48188898,886892380.4854,11.02,0.84,5768000000,5768000000.0,107054068464.0,107054000000.0
2006-08-23,INTC,10.98,10.88,11.02,10.82,10.93,67406125,1226440558.7133,10.9,1.17,5768000000,5768000000.0,105785096928.0,105785100000.0
2006-08-22,INTC,10.93,10.96,10.99,10.83,11.02,55186879,1004428018.6232,10.9,0.96,5768000000,5768000000.0,105266000000.0,105265900000.0
2006-08-19,INTC,11.02,11.02,11.1,10.98,11.11,61895961,1139646569.4486,11.03,1.07,5768000000,5768000000.0,106131165392.0,106131100000.0
2006-08-18,INTC,11.11,11.19,11.2,10.98,11.14,63940281,1184947042.1173,11.1,1.11,5768000000,5768000000.0,107054068464.0,107054000000.0
2006-08-17,INTC,11.14,10.94,11.19,10.86,10.86,68499313,1261798034.0519,11.03,1.19,5768000000,5768000000.0,107342393480.0,107342300000.0
2006-08-16,INTC,10.86,10.88,10.89,10.74,10.7,49996828,903517077.2401,10.82,0.87,5768000000,5768000000.0,104573782320.0,104573700000.0
2006-08-15,INTC,10.7,10.5,10.8,10.5,10.43,61412945,1096214926.9555,10.69,1.06,5768000000,5768000000.0,103074131160.0,103074100000.0
2006-08-12,INTC,10.43,10.58,10.65,10.4,10.63,41435902,726474371.7124,10.5,0.72,5768000000,5768000000.0,100420810784.0,100420800000.0
2006-08-11,INTC,10.63,10.4,10.67,10.36,10.42,56530805,997847738.3154,10.57,0.98,5768000000,5768000000.0,102382000000.0,102381900000.0
2006-08-10,INTC,10.42,10.55,10.68,10.38,10.4,56904465,1000675828.8734,10.53,0.99,5768000000,5768000000.0,100363165392.0,100363100000.0
2006-08-08,INTC,10.37,10.41,10.47,10.34,10.47,32862422,569173402.7239,10.37,0.57,5768000000,5768000000.0,99901713856.0,99901630000.0
2006-08-05,INTC,10.47,10.55,10.58,10.34,10.38,52990039,927044305.3929,10.48,0.92,5768000000,5768000000.0,100882262320.0,100882200000.0
2006-08-04,INTC,10.38,10.47,10.48,10.31,10.47,59754363,1038351506.0966,10.41,1.04,5768000000,5768000000.0,99959365016.0,99959310000.0
2006-08-03,INTC,10.47,10.52,10.59,10.46,10.52,41677207,736173556.2543,10.52,0.72,5768000000,5768000000.0,101459096928.0,101459100000.0
2006-08-02,INTC,10.52,10.65,10.65,10.42,10.72,39668711,700101060.8196,10.51,0.69,5768000000,5768000000.0,101862810784.0,101862800000.0
2006-07-28,INTC,10.4,10.56,10.65,10.37,10.42,54400719,959301626.0374,10.5,0.94,5816998400,5816998000.0,101622880610.02,101622800000.0
2006-07-27,INTC,10.42,10.47,10.56,10.27,10.44,58198992,1016974482.3163,10.4,1.0,5816998400,5816998000.0,101797472000.0,101797400000.0
2006-07-25,INTC,10.41,10.23,10.52,10.21,10.21,54854434,954669399.8982,10.36,0.94,5816998400,5816998000.0,101681108764.01,101681100000.0
2006-07-22,INTC,10.21,10.12,10.36,10.03,10.18,82610813,1416221620.0596,10.21,1.42,5816998400,5816998000.0,99761487658.01,99761440000.0
2006-07-21,INTC,10.18,10.7,10.72,10.16,11.01,136123875,2382506488.701,10.42,2.34,5816998400,5816998000.0,99493876646.62,99493810000.0
2006-07-20,INTC,11.01,10.87,11.1,10.75,10.84,86712063,1596307254.1291,10.96,1.49,5816998400,5816998000.0,107556242246.02,107556200000.0
2006-07-19,INTC,10.84,10.69,10.88,10.5,10.62,69046813,1237007971.1611,10.67,1.19,5816998400,5816998000.0,105927488511.01,105927400000.0
2006-07-15,INTC,10.65,10.55,10.78,10.53,10.55,65420406,1169644308.0497,10.65,1.12,5816998400,5816998000.0,104007873222.02,104007800000.0
2006-07-14,INTC,10.55,10.6,10.77,10.53,10.65,78659125,1408075895.3972,10.66,1.35,5816998400,5816998000.0,103077130210.02,103077100000.0
2006-07-08,INTC,11.05,11.14,11.28,11.02,11.22,57549273,1075382692.3135,11.13,0.99,5816998400,5816998000.0,107963478670.0,107963400000.0
2006-07-07,INTC,11.22,11.2,11.28,11.16,11.16,35027555,660570543.6403,11.23,0.6,5816998400,5816998000.0,109650367487.01,109650300000.0
2006-07-04,INTC,11.53,11.47,11.55,11.4,11.31,25048160,482575345.744,11.47,0.43,5816998400,5816998000.0,112617001769.02,112616900000.0
2006-07-01,INTC,11.31,11.48,11.5,11.28,11.5,54048816,1029753824.6863,11.34,0.93,5816998400,5816998000.0,110522969600.0,110522900000.0
2006-06-30,INTC,11.5,11.17,11.53,11.12,11.11,76684313,1456365467.2021,11.31,1.32,5816998400,5816998000.0,112383740133.18,112383700000.0
2006-06-28,INTC,10.75,11.1,11.13,10.75,10.88,61133195,1121774932.4268,10.93,1.05,5816998400,5816998000.0,104996751316.02,104996700000.0
2006-06-27,INTC,10.88,10.81,10.91,10.79,10.72,36205742,660580786.7039,10.86,0.62,5816998400,5816998000.0,106334724935.0,106334700000.0
2006-06-24,INTC,10.72,10.87,10.89,10.72,10.87,48909320,885683665.0815,10.78,0.84,5816998400,5816998000.0,104705971200.0,104705900000.0
2006-06-23,INTC,10.87,10.98,11.04,10.81,10.96,45674465,836993523.3201,10.91,0.79,5816998400,5816998000.0,106160220800.0,106160200000.0
2006-06-22,INTC,10.96,10.85,11.08,10.84,10.81,55137313,1017415368.44,10.99,0.95,5816998400,5816998000.0,107032735658.01,107032700000.0
2006-06-21,INTC,10.81,10.88,10.96,10.76,10.86,50890098,927878495.2627,10.86,0.87,5816998400,5816998000.0,105578486058.01,105578400000.0
2006-06-20,INTC,10.86,11.02,11.1,10.84,10.9,61511965,1134870226.7845,10.99,1.06,5816998400,5816998000.0,106101992646.02,106101900000.0
2006-06-16,INTC,10.79,10.6,10.82,10.58,10.56,71509438,1284880723.8707,10.7,1.23,5816998400,5816998000.0,105403981923.01,105403900000.0
2006-06-15,INTC,10.56,10.41,10.63,10.41,10.19,117605063,2082467073.6143,10.54,2.02,5816998400,5816998000.0,103135358364.01,103135300000.0
2006-06-13,INTC,10.04,10.27,10.33,9.97,10.22,64680000,1100413711.32,10.13,1.11,5816998400,5816998000.0,98074505769.02,98074500000.0
2006-06-10,INTC,10.22,10.19,10.28,10.18,10.19,83419625,1433549571.7,10.23,1.43,5816998400,5816998000.0,99819622740.02,99819560000.0
2006-06-09,INTC,10.19,10.27,10.34,10.15,10.35,114392625,1962016203.7721,10.21,1.97,5816998400,5816998000.0,99528755369.02,99528690000.0
2006-06-08,INTC,10.35,10.59,10.59,10.32,10.59,109004563,1902641618.7824,10.39,1.87,5816998400,5816998000.0,101157596359.0,101157500000.0
2006-06-07,INTC,10.59,10.75,10.75,10.52,10.71,82309875,1464975436.6631,10.6,1.41,5816998400,5816998000.0,103484360817.01,103484300000.0
2006-06-03,INTC,10.85,10.76,10.9,10.69,10.74,71259688,1290433637.6473,10.78,1.23,5816998400,5816998000.0,106043857564.01,106043800000.0
2006-06-01,INTC,10.73,10.65,10.83,10.58,10.6,76175375,1373510569.0875,10.74,1.31,5816998400,5816998000.0,104822247181.02,104822200000.0
2006-05-31,INTC,10.6,10.84,10.85,10.58,10.85,65610125,1177084877.3548,10.68,1.13,5816998400,5816998000.0,103600729870.0,103600700000.0
2006-05-27,INTC,10.85,10.8,10.9,10.72,10.75,61157746,1111713030.6078,10.82,1.05,5816998400,5816998000.0,105985629410.02,105985600000.0
2006-05-26,INTC,10.75,10.7,10.75,10.56,10.65,68218563,1222004985.8154,10.67,1.17,5816998400,5816998000.0,104996751316.02,104996700000.0
2006-05-24,INTC,10.69,10.8,10.88,10.65,10.72,89362188,1610976576.0834,10.73,1.54,5816998400,5816998000.0,104415103829.0,104415100000.0
2006-05-23,INTC,10.72,10.8,10.99,10.7,10.93,84591313,1534951077.9023,10.8,1.45,5816998400,5816998000.0,104764112099.01,104764100000.0
2006-05-18,INTC,11.11,11.29,11.33,11.1,11.35,83398125,1568751673.5094,11.2,1.43,5816998400,5816998000.0,108545120340.02,108545100000.0
2006-05-16,INTC,11.5,11.35,11.52,11.31,11.34,62478398,1198078824.9458,11.42,1.07,5816998400,5816998000.0,112384362552.01,112384300000.0
2006-05-13,INTC,11.34,11.48,11.62,11.33,11.53,66626625,1282222002.5696,11.46,1.15,5816998400,5816998000.0,110755608817.01,110755600000.0
2006-05-11,INTC,11.66,11.82,11.9,11.61,11.85,60607063,1193213613.618,11.72,1.04,5816998400,5816998000.0,113896753051.02,113896700000.0
2006-05-09,INTC,11.97,11.69,12.04,11.69,11.62,102807875,2063373687.5541,11.95,1.77,5816998400,5816998000.0,116979750569.02,116979700000.0
2006-05-06,INTC,11.62,11.57,11.7,11.53,11.52,51090855,994355458.8924,11.59,0.88,5816998400,5816998000.0,113489609699.01,113489600000.0
2006-05-05,INTC,11.52,11.48,11.58,11.44,11.41,42448059,821726462.8975,11.53,0.73,5816998400,5816998000.0,112500725788.01,112500700000.0
2006-05-04,INTC,11.41,11.62,11.83,11.38,11.61,69940625,1348510712.9156,11.48,1.2,5816998400,5816998000.0,111453619540.02,111453600000.0
2006-05-03,INTC,11.61,11.63,11.68,11.56,11.55,52922918,1037166782.0907,11.61,0.91,5816998400,5816998000.0,113954975388.01,113954900000.0
2006-05-02,INTC,11.55,11.88,11.94,11.53,11.84,75872313,1494737600.8468,11.67,1.3,5816998400,5816998000.0,113373240646.02,113373200000.0
2006-04-29,INTC,11.84,11.84,12.01,11.79,11.9,89979938,1807282056.9259,11.9,1.55,5816998400,5816998000.0,116223604764.01,116223600000.0
2006-04-28,INTC,11.9,11.49,11.97,11.37,11.55,134533875,2668679462.4971,11.75,2.29,5882997760,5882997000.0,118130518541.83,118130400000.0
2006-04-27,INTC,11.55,11.34,11.6,11.33,11.34,85363938,1653789545.7213,11.48,1.45,5882997760,5882997000.0,114659567512.42,114659500000.0
2006-04-26,INTC,11.34,11.22,11.37,11.11,11.2,90284000,1709454319.676,11.22,1.53,5882997760,5882997000.0,112659371806.01,112659300000.0
2006-04-25,INTC,11.2,11.21,11.4,11.2,11.29,67613625,1282771913.9535,11.24,1.15,5882997760,5882997000.0,111247417045.63,111247400000.0
2006-04-22,INTC,11.29,11.56,11.85,11.27,11.52,92187750,1765348488.9353,11.34,1.57,5882997760,5882997000.0,112129925539.6,112129900000.0
2006-04-21,INTC,11.52,11.71,11.81,11.49,11.59,127129625,2497828760.6116,11.64,2.16,5882997760,5882997000.0,114424288783.01,114424300000.0
2006-04-18,INTC,11.37,11.5,11.85,11.25,11.52,76275875,1464542031.5939,11.37,1.3,5882997760,5882997000.0,112894650535.43,112894600000.0
2006-04-14,INTC,11.52,11.37,11.61,11.36,11.33,77395688,1503294604.0982,11.51,1.32,5882997760,5882997000.0,114424288783.01,114424300000.0
2006-04-13,INTC,11.33,11.34,11.42,11.31,11.35,44103020,845631129.0679,11.36,0.75,5882997760,5882997000.0,112482887756.21,112482900000.0
2006-04-07,INTC,11.48,11.55,11.61,11.45,11.54,51711855,1003964824.9474,11.5,0.88,5882997760,5882997000.0,114012437758.82,114012400000.0
2006-04-06,INTC,11.54,11.46,11.57,11.42,11.43,74324438,1442458442.6577,11.5,1.26,5882997760,5882997000.0,114600772832.81,114600800000.0
2006-04-05,INTC,11.43,11.49,11.55,11.4,11.46,67112188,1299855232.2739,11.47,1.14,5882997760,5882997000.0,113541786172.03,113541800000.0
2006-04-04,INTC,11.46,11.66,11.67,11.46,11.53,73361125,1431729654.1138,11.56,1.25,5882997760,5882997000.0,113835953709.02,113835900000.0
2006-04-01,INTC,11.53,11.72,11.78,11.46,11.67,89604563,1755307959.6566,11.6,1.52,5882997760,5882997000.0,114483083462.62,114483100000.0
2006-03-31,INTC,11.67,11.79,11.87,11.64,11.74,70656313,1399262643.5136,11.73,1.2,5882997760,5882997000.0,115895038223.01,115895000000.0
2006-03-30,INTC,11.74,11.62,11.82,11.56,11.6,81242938,1601345997.5846,11.68,1.38,5882997760,5882997000.0,116600968539.22,116600900000.0
2006-03-29,INTC,11.6,11.7,11.76,11.59,11.7,72698813,1431614032.4224,11.67,1.24,5882997760,5882997000.0,115189019661.83,115188900000.0
2006-03-28,INTC,11.7,11.62,11.8,11.62,11.61,60292531,1194291878.5895,11.73,1.02,5882997760,5882997000.0,116189205760.0,116189100000.0
2006-03-25,INTC,11.61,11.7,11.74,11.44,11.67,60452840,1186743052.2276,11.63,1.03,5882997760,5882997000.0,115306703149.02,115306700000.0
2006-03-24,INTC,11.67,11.84,11.94,11.66,11.84,84379500,1678527135.423,11.78,1.43,5882997760,5882997000.0,115895038223.01,115895000000.0
2006-03-23,INTC,11.84,11.65,11.87,11.61,11.72,84953813,1680521157.8874,11.72,1.44,5882997760,5882997000.0,117542271712.81,117542300000.0
2006-03-22,INTC,11.72,11.72,12.04,11.61,11.62,124284500,2485354431.85,11.85,2.11,5882997760,5882997000.0,116365689809.8,116365600000.0
2006-03-21,INTC,11.62,11.52,11.82,11.52,11.58,58655156,1148168285.288,11.6,1.0,5882997760,5882997000.0,115424386636.21,115424400000.0
2006-03-14,INTC,11.69,11.82,12.14,11.66,11.76,80534500,1593736682.405,11.72,1.37,5882997760,5882997000.0,116071522272.81,116071500000.0
2006-03-11,INTC,11.76,11.75,11.86,11.72,11.7,61554984,1225337394.8378,11.79,1.05,5882997760,5882997000.0,116777452589.02,116777400000.0
2006-03-10,INTC,11.7,11.88,11.94,11.69,11.85,69752625,1390385421.6139,11.81,1.19,5882997760,5882997000.0,116189205760.0,116189100000.0
2006-03-07,INTC,12.03,12.1,12.18,11.98,12.04,81747938,1666889095.8431,12.08,1.39,5882997760,5882997000.0,119424783932.03,119424800000.0
2006-03-03,INTC,12.14,12.25,12.35,12.07,12.32,86247375,1777092576.6776,12.21,1.47,5882997760,5882997000.0,120542565272.42,120542500000.0
2006-02-25,INTC,12.06,11.96,12.16,11.92,12.02,73157063,1488131639.5637,12.05,1.24,5882997760,5882997000.0,119777746148.63,119777700000.0
2006-02-24,INTC,12.02,11.95,12.14,11.78,11.94,85301438,1729954789.7417,12.01,1.45,5882997760,5882997000.0,119365983369.42,119365900000.0
2006-02-22,INTC,12.22,12.24,12.29,12.14,12.21,67232625,1385072552.4521,12.2,1.14,5882997760,5882997000.0,121307384396.21,121307400000.0
2006-02-18,INTC,12.21,12.44,12.46,12.18,12.65,116649000,2422752253.857,12.3,1.98,5882997760,5882997000.0,121248495588.63,121248400000.0
2006-02-17,INTC,12.65,12.65,12.71,12.55,12.65,70979063,1510802629.0398,12.61,1.21,5882997760,5882997000.0,125601949229.02,125601900000.0
2006-02-16,INTC,12.65,12.65,12.72,12.56,12.66,67234438,1434540594.0054,12.64,1.14,5882997760,5882997000.0,125601949229.02,125601900000.0
2006-02-15,INTC,12.66,12.55,12.72,12.52,12.52,60129137,1284129033.7915,12.65,1.02,5882997760,5882997000.0,125719632716.21,125719600000.0
2006-02-14,INTC,12.52,12.55,12.7,12.48,12.61,65892000,1395539846.4,12.55,1.12,5882997760,5882997000.0,124307683838.82,124307600000.0
2006-02-11,INTC,12.61,12.45,12.64,12.33,12.44,83023188,1748176844.8669,12.47,1.41,5882997760,5882997000.0,125248981129.42,125248900000.0
2006-02-10,INTC,12.44,12.3,12.59,12.27,12.24,81808375,1723701888.5914,12.48,1.39,5882997760,5882997000.0,123542952960.0,123542900000.0
2006-02-09,INTC,12.24,12.31,12.35,12.17,12.24,77626313,1605668147.1114,12.25,1.32,5882997760,5882997000.0,121601551933.2,121601500000.0
2006-02-08,INTC,12.24,12.22,12.4,12.16,12.21,95326000,1976631224.414,12.28,1.62,5882997760,5882997000.0,121601551933.2,121601500000.0
2006-02-07,INTC,12.21,12.35,12.35,12.14,12.29,66862000,1380566241.69,12.23,1.14,5882997760,5882997000.0,121248495588.63,121248400000.0
2006-02-02,INTC,12.71,12.52,12.73,12.52,12.53,71661313,1531358187.1025,12.6,1.22,5882997760,5882997000.0,126778531132.03,126778400000.0
2006-02-01,INTC,12.53,12.79,12.8,12.53,12.76,79350750,1696526732.0227,12.61,1.35,5882997760,5882997000.0,125043058558.82,125043000000.0
2006-01-31,INTC,12.76,12.87,12.93,12.73,12.78,60422488,1314460229.7037,12.83,1.03,5882997760,5882997000.0,127366866206.01,127366800000.0
2006-01-27,INTC,12.67,12.62,12.82,12.54,12.51,101993188,2189863917.6733,12.66,1.69,6028999680,6028999000.0,129563142833.2,129563100000.0
2006-01-26,INTC,12.51,12.62,12.63,12.44,12.55,110327063,2346589771.8098,12.54,1.83,6028999680,6028999000.0,127875028951.8,127875000000.0
2006-01-25,INTC,12.55,12.69,12.73,12.52,12.59,107260750,2297363086.746,12.63,1.78,6028999680,6028999000.0,128297107161.4,128297100000.0
2006-01-24,INTC,12.59,12.92,12.93,12.44,12.83,155149563,3322046307.4014,12.62,2.57,6028999680,6028999000.0,128719088907.0,128719000000.0
2006-01-21,INTC,12.83,13.23,13.25,12.82,13.21,155494750,3433946059.0,13.02,2.58,6028999680,6028999000.0,131190357788.84,131190300000.0
2006-01-20,INTC,13.21,13.44,13.48,13.2,13.32,196361125,4430985198.9374,13.3,3.26,6028999680,6028999000.0,135049556658.0,135049500000.0
2006-01-19,INTC,13.32,13.48,13.6,13.18,15.05,282104750,6393760285.3275,13.36,4.68,6028999680,6028999000.0,136249357739.32,136249300000.0
2006-01-18,INTC,15.05,15.09,15.18,14.93,15.21,89043313,2273133044.4593,15.05,1.48,6028999680,6028999000.0,153860005514.6,153859900000.0
2006-01-14,INTC,15.21,15.31,15.44,15.06,15.31,46311961,1197279693.8807,15.24,0.77,6028999680,6028999000.0,155487859544.2,155487800000.0
2006-01-13,INTC,15.31,15.36,15.64,15.25,15.41,54026672,1413785620.6309,15.43,0.9,6028999680,6028999000.0,156573037283.6,156572900000.0
2006-01-12,INTC,15.41,15.41,15.52,15.27,15.4,53005008,1382344053.131,15.38,0.88,6028999680,6028999000.0,157598045606.2,157598000000.0
2006-01-11,INTC,15.4,15.5,15.57,15.28,15.61,47034594,1231125653.3868,15.43,0.78,6028999680,6028999000.0,157476796393.64,157476800000.0
2006-01-10,INTC,15.61,15.56,15.63,15.38,15.51,39461727,1039697529.3431,15.53,0.65,6028999680,6028999000.0,159587537123.6,159587500000.0
2006-01-06,INTC,15.49,15.29,15.61,15.28,15.28,54893191,1440693315.9259,15.47,0.91,6028999680,6028999000.0,158381755274.6,158381800000.0
2005-12-31,INTC,14.72,14.75,14.83,14.66,14.78,31684797,791476438.4577,14.73,0.53,6028999680,6028999000.0,150483777751.8,150483800000.0
2005-12-28,INTC,15.01,15.35,15.39,14.99,15.31,28971543,744785651.9571,15.16,0.48,6028999680,6028999000.0,153498277591.8,153498300000.0
2005-12-22,INTC,15.26,15.24,15.44,15.09,15.22,34541875,898948428.185,15.34,0.57,6028999680,6028999000.0,156030451428.4,156030400000.0
2005-12-20,INTC,15.2,15.55,15.59,15.2,15.55,45259602,1183986526.581,15.42,0.75,6028999680,6028999000.0,155427605721.4,155427600000.0
2005-12-17,INTC,15.55,15.67,15.73,15.55,15.67,72050500,1912327553.1945,15.65,1.2,6028999680,6028999000.0,159044951268.4,159044900000.0
2005-12-16,INTC,15.67,15.68,15.86,15.64,15.7,69699125,1859523238.3204,15.73,1.16,6028999680,6028999000.0,160250733117.4,160250700000.0
2005-12-15,INTC,15.7,15.72,15.83,15.62,15.75,107658438,2871874637.4251,15.73,1.79,6028999680,6028999000.0,160552201188.4,160552100000.0
2005-12-14,INTC,15.75,15.54,15.85,15.51,15.7,46475469,1234011819.4392,15.65,0.77,6028999680,6028999000.0,161094787043.6,161094800000.0
2005-12-13,INTC,15.7,15.44,15.81,15.4,15.38,75637813,2011586577.8056,15.68,1.25,6028999680,6028999000.0,160491941336.6,160491900000.0
2005-12-10,INTC,15.38,14.91,15.4,14.84,15.15,80114875,2053455926.3858,15.11,1.33,6028999680,6028999000.0,157236233277.4,157236200000.0
2005-12-09,INTC,15.15,15.52,15.52,14.94,15.42,104607188,2695726188.6881,15.19,1.74,6028999680,6028999000.0,154945273689.0,154945200000.0
2005-12-08,INTC,15.42,15.72,15.74,15.35,15.72,65558500,1722995385.3,15.5,1.09,6028999680,6028999000.0,157658305458.0,157658300000.0
2005-12-07,INTC,15.72,15.94,16.0,15.7,15.86,50918434,1372495644.6804,15.89,0.84,6028999680,6028999000.0,160793409407.6,160793400000.0
2005-12-06,INTC,15.86,16.08,16.08,15.8,16.17,47751930,1287759627.1571,15.9,0.79,6028999680,6028999000.0,162180055218.0,162180000000.0
2005-12-01,INTC,15.73,15.77,15.84,15.7,15.79,50114430,1339538618.0136,15.76,0.83,6028999680,6028999000.0,160853669259.4,160853600000.0
2005-11-29,INTC,15.84,15.88,15.98,15.77,15.81,78716125,2122666504.7819,15.9,1.31,6028999680,6028999000.0,161938840969.8,161938800000.0
2005-11-26,INTC,15.81,15.67,16.01,15.65,15.71,45653746,1232682506.1235,15.92,0.76,6028999680,6028999000.0,161637469362.8,161637400000.0
2005-11-24,INTC,15.71,15.41,15.87,15.38,15.42,80686813,2148972234.0355,15.7,1.34,6028999680,6028999000.0,160612545446.2,160612500000.0
2005-11-23,INTC,15.42,14.79,15.48,14.78,14.89,86079500,2230293935.0705,15.28,1.43,6028999680,6028999000.0,157718559280.8,157718500000.0
2005-11-19,INTC,14.92,14.93,14.98,14.45,14.8,38919031,982962087.0024,14.89,0.65,6028999680,6028999000.0,152533619556.0,152533600000.0
2005-11-18,INTC,14.8,14.83,14.89,14.69,14.66,39396492,990088762.6698,14.82,0.65,6028999680,6028999000.0,151388091529.8,151388100000.0
2005-11-16,INTC,14.79,14.85,14.95,14.76,14.96,37542645,945623729.2909,14.85,0.62,6028999680,6028999000.0,151207233597.4,151207200000.0
2005-11-15,INTC,14.96,14.86,14.98,14.84,14.82,31035000,785747233.5,14.93,0.51,6028999680,6028999000.0,152955691736.6,152955600000.0
2005-11-11,INTC,14.88,14.86,14.93,14.69,14.62,82211438,2064624100.6081,14.81,1.36,6028999680,6028999000.0,152171891633.2,152171900000.0
2005-11-09,INTC,14.47,14.37,14.54,14.27,14.45,39967430,978386659.4606,14.43,0.66,6028999680,6028999000.0,148011869796.0,148011800000.0
2005-11-04,INTC,14.09,13.88,14.14,13.87,13.73,63945020,1522434177.3847,14.04,1.06,6028999680,6028999000.0,144032796326.2,144032800000.0
2005-11-03,INTC,13.73,13.36,13.75,13.34,13.31,63870031,1477307366.1569,13.59,1.06,6028999680,6028999000.0,140897692376.6,140897700000.0
2005-11-02,INTC,13.31,13.62,13.67,13.24,13.81,85059688,1941334015.9825,13.41,1.41,6028999680,6028999000.0,136556806578.0,136556800000.0
2005-11-01,INTC,13.81,13.77,13.92,13.76,13.71,58753684,1384147900.7161,13.84,0.97,6028999680,6028999000.0,141681492480.0,141681400000.0
2005-10-29,INTC,13.71,13.5,13.73,13.39,13.42,56075961,1294462642.7124,13.56,0.93,6028999680,6028999000.0,140656484157.4,140656400000.0
2005-10-28,INTC,13.42,13.54,13.63,13.41,13.56,42151504,970647467.6924,13.53,0.7,6028999680,6028999000.0,137702328575.2,137702300000.0
2005-10-27,INTC,13.56,13.55,13.69,13.51,13.58,51644719,1195548957.688,13.6,0.86,6028999680,6028999000.0,139088974385.6,139088900000.0
2005-10-26,INTC,13.58,13.48,13.69,13.41,13.57,54677090,1259376867.1991,13.53,0.91,6028999680,6028999000.0,139330092169.8,139330100000.0
2005-10-21,INTC,13.88,13.86,13.97,13.78,13.92,62491871,1476132108.379,13.88,1.03,6092999680,6092999000.0,143916621976.6,143916600000.0
2005-10-19,INTC,13.94,13.86,14.1,13.8,13.78,79198813,1885358631.0021,13.99,1.3,6092999680,6092999000.0,144525867107.6,144525800000.0
2005-10-18,INTC,13.78,13.62,13.8,13.58,13.65,45309141,1055721108.9564,13.69,0.74,6092999680,6092999000.0,142941717655.8,142941700000.0
2005-10-12,INTC,13.76,13.82,13.86,13.68,13.76,41667574,976300217.7839,13.77,0.68,6092999680,6092999000.0,142698040319.6,142698000000.0
2005-10-11,INTC,13.76,14.01,14.04,13.71,14.0,38503676,906076088.8562,13.83,0.63,6092999680,6092999000.0,142698040319.6,142698000000.0
2005-10-06,INTC,14.14,14.43,14.45,14.14,14.4,45721047,1112877350.8398,14.3,0.75,6092999680,6092999000.0,146658453553.6,146658400000.0
2005-09-28,INTC,14.0,14.24,14.35,13.98,14.23,57309152,1378863354.9437,14.14,0.94,6092999680,6092999000.0,145196103165.4,145196100000.0
2005-09-27,INTC,14.23,14.37,14.4,14.2,14.33,52197734,1266864737.6629,14.26,0.86,6092999680,6092999000.0,147572366947.6,147572300000.0
2005-09-24,INTC,14.33,14.41,14.43,14.31,14.43,41389215,1011804516.3086,14.36,0.68,6092999680,6092999000.0,148547271268.4,148547300000.0
2005-09-22,INTC,14.4,14.58,14.6,14.38,14.38,48992500,1207012985.8325,14.48,0.8,6092999680,6092999000.0,149278492160.0,149278400000.0
2005-09-16,INTC,14.43,14.46,14.52,14.3,14.39,51596262,1264727264.5664,14.4,0.85,6092999680,6092999000.0,149583069028.0,149583000000.0
2005-09-15,INTC,14.39,14.64,14.71,14.36,14.63,59305281,1470266221.5534,14.57,0.97,6092999680,6092999000.0,149217501233.2,149217400000.0
2005-09-09,INTC,15.33,15.08,15.35,15.06,15.08,55423023,1438316123.6868,15.25,0.91,6092999680,6092999000.0,158966337279.2,158966300000.0
2005-09-08,INTC,15.08,15.06,15.13,14.97,15.1,35830973,918533908.2328,15.06,0.59,6092999680,6092999000.0,156346298672.8,156346300000.0
2005-09-07,INTC,15.1,14.97,15.12,14.94,14.85,37065973,948528887.0043,15.04,0.61,6092999680,6092999000.0,156590073497.0,156590000000.0
2005-09-03,INTC,14.85,14.91,14.94,14.81,14.84,33339410,843526880.2555,14.87,0.55,6092999680,6092999000.0,154031025817.4,154031000000.0
2005-09-02,INTC,14.84,15.03,15.06,14.83,15.11,49502109,1258274060.3169,14.94,0.81,6092999680,6092999000.0,153909141451.8,153909100000.0
2005-09-01,INTC,15.11,15.06,15.15,14.96,15.02,41501656,1064114495.3202,15.07,0.68,6092999680,6092999000.0,156711866467.6,156711800000.0
2005-08-26,INTC,14.96,14.97,15.08,14.94,15.0,31633977,807318073.4262,15.0,0.52,6092999680,6092999000.0,155127717015.8,155127600000.0
2005-08-25,INTC,15.0,15.08,15.33,14.99,15.11,47652980,1229460846.3231,15.16,0.78,6092999680,6092999000.0,155554275737.4,155554200000.0
2005-08-24,INTC,15.11,15.4,15.44,15.11,15.31,46026574,1194573471.4631,15.25,0.76,6092999680,6092999000.0,156711866467.6,156711800000.0
2005-08-23,INTC,15.31,15.13,15.41,15.12,15.07,39873266,1037645566.2182,15.29,0.65,6092999680,6092999000.0,158783559474.8,158783500000.0
2005-08-19,INTC,15.21,15.26,15.34,15.17,15.33,37997977,984835025.7019,15.23,0.62,6092999680,6092999000.0,157686770788.4,157686700000.0
2005-08-18,INTC,15.33,15.31,15.38,15.25,15.28,47466340,1237964249.8436,15.32,0.78,6092999680,6092999000.0,158966337279.2,158966300000.0
2005-08-11,INTC,15.79,15.85,16.11,15.74,15.81,61120379,1654791232.6782,15.91,1.0,6092999680,6092999000.0,163779770468.4,163779700000.0
2005-08-10,INTC,15.81,15.75,15.98,15.71,15.69,47006996,1270918232.3758,15.89,0.77,6092999680,6092999000.0,163901654834.0,163901600000.0
2005-08-09,INTC,15.69,15.79,15.85,15.28,15.73,28041695,752540583.3255,15.77,0.46,6092999680,6092999000.0,162743966615.8,162743900000.0
2005-07-30,INTC,15.9,15.99,16.02,15.9,16.02,41494887,1129801786.8232,15.95,0.68,6092999680,6092999000.0,165364005222.2,165363900000.0
2005-07-27,INTC,15.75,15.62,15.82,15.54,15.54,53059152,1419973535.8519,15.68,0.86,6172999680,6172999000.0,165991955222.2,165991900000.0
2005-07-26,INTC,15.54,15.73,15.77,15.48,15.67,49897121,1329174029.2602,15.61,0.81,6172999680,6172999000.0,163707315694.63,163707300000.0
2005-07-23,INTC,15.67,15.91,15.96,15.67,15.84,54918977,1480472720.7418,15.79,0.89,6172999680,6172999000.0,165127741440.0,165127700000.0
2005-07-22,INTC,15.84,16.12,16.14,15.81,16.08,62411270,1694003762.6344,15.9,1.01,6172999680,6172999000.0,166856175177.4,166856100000.0
2005-07-21,INTC,16.08,15.87,16.08,15.73,16.82,126591688,3433697250.9161,15.89,2.05,6172999680,6172999000.0,169387030970.2,169387000000.0
2005-07-20,INTC,16.82,16.77,16.9,16.64,16.54,92175500,2639665834.1205,16.78,1.49,6172999680,6172999000.0,177226765255.8,177226800000.0
2005-07-19,INTC,16.54,16.53,16.59,16.4,16.58,36976582,1041404572.9069,16.5,0.6,6172999680,6172999000.0,174263756274.4,174263700000.0
2005-07-16,INTC,16.58,16.38,16.6,16.29,16.33,43631930,1222540237.6504,16.42,0.71,6172999680,6172999000.0,174695816868.0,174695800000.0
2005-07-15,INTC,16.33,16.35,16.48,16.25,16.16,68618375,1919022577.6566,16.38,1.11,6172999680,6172999000.0,172103169348.4,172103100000.0
2005-07-14,INTC,16.16,16.22,16.29,16.14,16.26,44387926,1228089226.7359,16.21,0.72,6172999680,6172999000.0,170313036479.2,170313000000.0
2005-07-13,INTC,16.26,16.19,16.32,16.07,16.23,40949398,1132926069.3236,16.21,0.66,6172999680,6172999000.0,171300741120.0,171300700000.0
2005-07-12,INTC,16.23,16.05,16.23,16.02,15.98,45944258,1262933636.2204,16.1,0.74,6172999680,6172999000.0,170992072617.0,170992100000.0
2005-07-09,INTC,15.98,15.61,15.98,15.57,15.56,45848301,1237459215.0871,15.81,0.74,6172999680,6172999000.0,168399425097.4,168399400000.0
2005-07-08,INTC,15.56,15.39,15.56,15.32,15.53,45737141,1206079123.5304,15.45,0.74,6172999680,6172999000.0,163954859154.8,163954800000.0
2005-07-07,INTC,15.53,15.65,15.81,15.5,15.63,45730742,1223539492.7789,15.68,0.74,6172999680,6172999000.0,163584491520.0,163584400000.0
2005-07-06,INTC,15.63,15.31,15.68,15.28,15.36,42891641,1139973519.7983,15.57,0.69,6172999680,6172999000.0,164695588251.4,164695600000.0
2005-07-02,INTC,15.36,15.37,15.45,15.29,15.24,30462910,799514273.9421,15.38,0.49,6172999680,6172999000.0,161794266055.8,161794300000.0
2005-07-01,INTC,15.24,15.47,15.52,15.24,15.38,45137418,1183611294.3509,15.36,0.73,6172999680,6172999000.0,160621383770.6,160621300000.0
2005-06-30,INTC,15.38,15.41,15.48,15.29,15.43,33939109,891878853.9545,15.4,0.55,6172999680,6172999000.0,162041241600.0,162041200000.0
2005-06-29,INTC,15.43,15.1,15.49,15.07,15.15,55769324,1460335810.5053,15.34,0.9,6172999680,6172999000.0,162535001325.4,162534900000.0
2005-06-28,INTC,15.15,15.32,15.39,15.13,15.29,47713188,1242112556.4588,15.25,0.77,6172999680,6172999000.0,159633679129.8,159633600000.0
2005-06-25,INTC,15.29,15.74,15.75,15.26,15.68,70354750,1856232407.106,15.46,1.14,6172999680,6172999000.0,161115236091.0,161115200000.0
2005-06-24,INTC,15.68,15.91,16.13,15.68,15.88,61851594,1683185240.7811,15.94,1.0,6172999680,6172999000.0,165251133530.6,165251100000.0
2005-06-23,INTC,15.88,16.0,16.06,15.85,15.92,33054363,898992335.6038,15.93,0.54,6172999680,6172999000.0,167349928729.8,167349900000.0
2005-06-22,INTC,15.92,15.77,15.97,15.74,15.76,48495168,1314703325.5476,15.88,0.79,6172999680,6172999000.0,167782088091.4,167782100000.0
2005-06-21,INTC,15.76,15.77,15.92,15.64,15.89,35538398,957077026.8592,15.78,0.58,6172999680,6172999000.0,166053654354.0,166053600000.0
2005-06-18,INTC,15.89,16.05,16.18,15.85,15.89,60083313,1639324828.138,15.99,0.97,6172999680,6172999000.0,167411720456.6,167411700000.0
2005-06-17,INTC,15.89,15.8,15.99,15.71,15.78,52378969,1418285928.5478,15.86,0.85,6172999680,6172999000.0,167411720456.6,167411700000.0
2005-06-16,INTC,15.78,15.74,15.81,15.38,15.64,61177035,1627112569.1865,15.58,0.99,6172999680,6172999000.0,166300531130.2,166300500000.0
2005-06-15,INTC,15.64,15.77,15.91,15.64,15.82,38138109,1025228226.6188,15.75,0.62,6172999680,6172999000.0,164819072937.0,164819100000.0
2005-06-14,INTC,15.82,15.77,15.9,15.67,15.81,49881527,1344386963.0932,15.79,0.81,6172999680,6172999000.0,166670991360.0,166670900000.0
2005-06-11,INTC,15.81,16.12,16.12,15.7,16.23,74923688,2027299984.7942,15.85,1.21,6172999680,6172999000.0,166547506674.4,166547400000.0
2005-06-10,INTC,16.23,15.94,16.25,15.85,15.88,76572188,2098338066.9226,16.05,1.24,6172999680,6172999000.0,170992072617.0,170992100000.0
2005-06-09,INTC,15.88,15.88,15.94,15.79,15.74,42606285,1153671682.0875,15.86,0.69,6172999680,6172999000.0,167288235771.0,167288200000.0
2005-06-08,INTC,15.74,15.99,16.08,15.74,15.92,60728984,1653400759.6537,15.95,0.98,6172999680,6172999000.0,165806678809.8,165806600000.0
2005-06-07,INTC,15.92,16.05,16.08,15.79,16.01,47275789,1283144998.6466,15.9,0.77,6172999680,6172999000.0,167720388959.6,167720400000.0
2005-06-04,INTC,16.01,16.2,16.26,15.97,16.16,55467195,1521681425.4433,16.07,0.9,6172999680,6172999000.0,168708001005.4,168707900000.0
2005-06-03,INTC,16.16,15.93,16.4,15.92,15.99,54426926,1498955423.1805,16.14,0.88,6172999680,6172999000.0,170313036479.2,170313000000.0
2005-06-02,INTC,15.99,15.7,16.12,15.69,15.8,77799813,2124198714.0659,16.0,1.26,6172999680,6172999000.0,168461118056.2,168461100000.0
2005-06-01,INTC,15.8,15.97,16.04,15.76,16.05,62898938,1709164667.2743,15.92,1.02,6172999680,6172999000.0,166424015815.8,166424000000.0
2005-05-28,INTC,16.05,15.92,16.05,15.85,16.04,49846137,1358641152.5218,15.97,0.81,6172999680,6172999000.0,169078455062.2,169078400000.0
2005-05-27,INTC,16.04,15.89,16.05,15.86,15.82,59792813,1631261006.8494,15.98,0.97,6172999680,6172999000.0,168954970376.6,168954900000.0
2005-05-26,INTC,15.82,15.71,15.85,15.64,15.8,81928250,2203394413.437,15.76,1.33,6172999680,6172999000.0,166670991360.0,166670900000.0
2005-05-25,INTC,15.8,15.46,15.81,15.44,15.53,77764813,2079531260.6991,15.67,1.26,6172999680,6172999000.0,166424015815.8,166424000000.0
2005-05-24,INTC,15.53,15.53,15.61,15.36,15.44,65599688,1735032503.1769,15.5,1.06,6172999680,6172999000.0,163584491520.0,163584400000.0
2005-05-21,INTC,15.44,15.18,15.46,15.14,15.24,54028246,1411168889.9574,15.3,0.88,6172999680,6172999000.0,162658486011.0,162658400000.0
2005-05-20,INTC,15.24,15.2,15.27,15.12,15.19,52038703,1349821353.2603,15.2,0.84,6172999680,6172999000.0,160559690811.8,160559600000.0
2005-05-19,INTC,15.19,15.06,15.25,15.0,15.06,68805313,1781906028.5955,15.17,1.11,6172999680,6172999000.0,160065838491.4,160065800000.0
2005-05-18,INTC,15.06,14.75,15.07,14.73,14.84,62451238,1587459884.4572,14.89,1.01,6172999680,6172999000.0,158646073257.0,158646100000.0
2005-05-17,INTC,14.84,14.69,14.85,14.65,14.72,45696859,1152391889.8778,14.77,0.74,6172999680,6172999000.0,156362001645.4,156361900000.0
2005-05-14,INTC,14.72,14.65,14.82,14.59,14.55,67927438,1707586971.5643,14.73,1.1,6172999680,6172999000.0,155065721096.6,155065700000.0
2005-05-13,INTC,14.55,14.52,14.68,14.09,14.51,82154813,2037454725.35,14.53,1.33,6172999680,6172999000.0,153337287359.2,153337300000.0
2005-05-12,INTC,14.51,14.49,14.53,14.27,14.45,58843992,1448391315.0473,14.42,0.95,6172999680,6172999000.0,152905134170.6,152905100000.0
2005-05-11,INTC,14.45,14.42,14.55,14.18,14.53,59924145,1479616906.4192,14.47,0.97,6172999680,6172999000.0,152287889759.6,152287900000.0
2005-05-10,INTC,14.53,14.3,14.53,14.26,14.35,57989418,1425524288.0908,14.4,0.94,6172999680,6172999000.0,153090317988.0,153090300000.0
2005-05-07,INTC,14.35,14.32,14.35,14.24,14.21,54840121,1338476855.6738,14.3,0.89,6172999680,6172999000.0,151176700433.2,151176600000.0
2005-05-06,INTC,14.21,14.14,14.34,14.12,14.13,64325254,1561810219.9926,14.23,1.04,6172999680,6172999000.0,149756941371.8,149756900000.0
2005-05-05,INTC,14.13,13.96,14.18,13.87,13.91,62138453,1488899410.1945,14.04,1.01,6172999680,6172999000.0,148830929689.8,148830900000.0
2005-05-04,INTC,13.91,13.7,13.96,13.68,13.75,67775813,1608875126.3985,13.86,1.1,6172999680,6172999000.0,147102502125.4,147102400000.0
2005-05-03,INTC,13.75,13.72,13.76,13.63,13.73,41246492,968545505.5369,13.71,0.67,6172999680,6172999000.0,145374068388.0,145374000000.0
2005-04-30,INTC,13.73,13.68,13.77,13.46,13.54,55146645,1285644047.3076,13.61,0.89,6172999680,6172999000.0,145188884570.6,145188800000.0
2005-04-29,INTC,13.54,13.63,13.79,13.5,13.73,57756504,1347707013.7222,13.63,0.93,6228817920,6228817000.0,144446206590.17,144446100000.0
2005-04-28,INTC,13.73,13.54,13.79,13.49,13.62,57323738,1341404016.4215,13.66,0.92,6228817920,6228817000.0,146439478155.11,146439400000.0
2005-04-27,INTC,13.62,13.56,13.96,13.54,13.67,71586250,1683572371.3663,13.73,1.15,6228817920,6228817000.0,145255984063.86,145255900000.0
2005-04-26,INTC,13.67,13.62,13.75,13.55,13.57,53928594,1260472272.5617,13.65,0.87,6228817920,6228817000.0,145816552761.38,145816500000.0
2005-04-23,INTC,13.57,13.59,13.61,13.46,13.64,65492965,1518644126.6446,13.54,1.05,6228817920,6228817000.0,144757666172.62,144757600000.0
2005-04-22,INTC,13.64,13.42,13.66,13.39,13.23,87214813,2021106482.8326,13.53,1.4,6228817920,6228817000.0,145505093178.93,145505100000.0
2005-04-21,INTC,13.23,13.66,13.69,13.21,13.21,110582000,2559231958.272,13.51,1.78,6228817920,6228817000.0,141144939321.38,141144900000.0
2005-04-20,INTC,13.21,13.14,13.25,13.02,12.97,86128938,1939959242.1024,13.15,1.38,6228817920,6228817000.0,140958087241.42,140958100000.0
2005-04-19,INTC,12.97,12.98,13.13,12.9,12.92,53860988,1200033477.1156,13.01,0.86,6228817920,6228817000.0,138341989943.84,138341900000.0
2005-04-16,INTC,12.92,12.97,13.14,12.81,13.13,92617063,2055162995.7954,12.96,1.49,6228817920,6228817000.0,137781421246.31,137781400000.0
2005-04-15,INTC,13.13,13.28,13.31,13.12,13.32,68358438,1546458450.8851,13.21,1.1,6228817920,6228817000.0,140086052732.62,140086000000.0
2005-04-14,INTC,13.32,13.51,13.54,13.25,13.56,54133215,1240553998.5919,13.38,0.87,6228817920,6228817000.0,142141575103.86,142141600000.0
2005-04-13,INTC,13.56,13.5,13.58,13.22,13.5,84660875,1938776198.6157,13.37,1.36,6228817920,6228817000.0,144633064898.95,144633000000.0
2005-04-12,INTC,13.5,13.61,13.63,13.46,13.6,42015840,973754444.0818,13.53,0.67,6228817920,6228817000.0,144010239166.31,144010200000.0
2005-04-09,INTC,13.6,13.65,13.84,13.58,13.67,45972160,1079242336.2157,13.71,0.74,6228817920,6228817000.0,145069125755.07,145069100000.0
2005-04-08,INTC,13.67,13.44,13.68,13.44,13.46,53363355,1241236279.9119,13.58,0.86,6228817920,6228817000.0,145816552761.38,145816500000.0
2005-04-07,INTC,13.46,13.55,13.61,13.43,13.51,53986480,1251400451.9413,13.53,0.87,6228817920,6228817000.0,143574178310.18,143574100000.0
2005-04-06,INTC,13.51,13.43,13.58,13.41,13.39,48205305,1115075040.3513,13.51,0.77,6228817920,6228817000.0,144072496201.42,144072400000.0
2005-04-05,INTC,13.39,13.49,13.49,13.23,13.44,60604613,1388742282.9493,13.38,0.97,6228817920,6228817000.0,142826751303.87,142826700000.0
2005-04-02,INTC,13.44,13.63,13.69,13.37,13.56,68418875,1585155589.8745,13.53,1.1,6228817920,6228817000.0,143325069195.11,143325000000.0
2005-04-01,INTC,13.56,13.73,13.75,13.51,13.72,41593098,968499279.8674,13.6,0.67,6228817920,6228817000.0,144695415366.33,144695400000.0
2005-03-31,INTC,13.72,13.59,13.75,13.43,13.52,62444551,1455682395.0916,13.61,1.0,6228817920,6228817000.0,146314870652.62,146314800000.0
2005-03-30,INTC,13.52,13.63,13.66,13.46,13.61,54032605,1253561244.9018,13.55,0.87,6228817920,6228817000.0,144197097475.09,144197000000.0
2005-03-29,INTC,13.61,13.63,13.81,13.59,13.54,43240277,1015562592.7994,13.71,0.69,6228817920,6228817000.0,145131382790.18,145131300000.0
2005-03-25,INTC,13.54,13.73,13.79,13.54,13.66,34742059,814277083.0096,13.69,0.56,6228817920,6228817000.0,144383955783.87,144383900000.0
2005-03-24,INTC,13.66,13.44,13.73,13.41,13.44,54516723,1270386241.3681,13.61,0.88,6228817920,6228817000.0,145692044919.98,145692000000.0
2005-03-23,INTC,13.44,13.76,13.82,13.43,13.72,49193805,1148138986.6941,13.63,0.79,6228817920,6228817000.0,143387320001.4,143387300000.0
2005-03-22,INTC,13.72,13.7,13.82,13.58,13.67,39709371,932387387.9601,13.71,0.64,6228817920,6228817000.0,146377221120.0,146377200000.0
2005-03-19,INTC,13.67,13.79,13.82,13.65,13.67,64253180,1508869312.7783,13.71,1.03,6228817920,6228817000.0,145816552761.38,145816500000.0
2005-03-18,INTC,13.67,13.73,13.82,13.63,13.75,49166234,1155106437.4739,13.72,0.79,6228817920,6228817000.0,145816552761.38,145816500000.0
2005-03-17,INTC,13.75,13.76,14.04,13.73,13.94,59794645,1417180384.0642,13.84,0.96,6228817920,6228817000.0,146626330235.07,146626300000.0
2005-03-16,INTC,13.94,14.22,14.26,13.91,14.17,47295828,1136054680.1757,14.03,0.76,6228817920,6228817000.0,148744109641.42,148744100000.0
2005-03-15,INTC,14.17,14.16,14.26,14.08,14.13,45832637,1111486913.2259,14.16,0.74,6228817920,6228817000.0,151173342401.4,151173300000.0
2005-03-12,INTC,14.13,14.63,14.66,14.01,14.51,114213500,2805003153.696,14.34,1.83,6228817920,6228817000.0,150737374977.55,150737300000.0
2005-03-11,INTC,14.51,14.56,14.67,14.21,14.5,82473000,2034896988.189,14.41,1.32,6228817920,6228817000.0,154786069252.64,154786000000.0
2005-03-10,INTC,14.5,14.52,14.73,14.45,14.48,64171020,1602516957.3679,14.58,1.03,6228817920,6228817000.0,154723812217.53,154723800000.0
2005-03-09,INTC,14.48,14.58,14.85,14.47,14.66,55792512,1396369076.3297,14.61,0.9,6228817920,6228817000.0,154474609670.18,154474600000.0
2005-03-08,INTC,14.66,14.41,14.87,14.33,14.41,88558938,2227062195.3596,14.68,1.42,6228817920,6228817000.0,156405524538.93,156405500000.0
2005-03-05,INTC,14.41,14.42,14.6,14.3,14.31,66040188,1629904661.8134,14.41,1.06,6228817920,6228817000.0,153727182663.87,153727100000.0
2005-03-04,INTC,14.31,14.31,14.36,14.15,14.32,85961813,2100837424.4987,14.27,1.38,6228817920,6228817000.0,152606039040.0,152606000000.0
2005-03-03,INTC,14.32,14.25,14.48,14.22,14.38,78914750,1942998806.8922,14.38,1.27,6228817920,6228817000.0,152730546881.4,152730500000.0
2005-03-02,INTC,14.38,14.22,14.46,14.21,14.01,84685500,2083567490.316,14.37,1.36,6228817920,6228817000.0,153353466046.31,153353400000.0
2005-03-01,INTC,14.01,14.11,14.3,13.93,14.07,78984625,1909800683.7557,14.12,1.27,6228817920,6228817000.0,149429279612.62,149429200000.0
2005-02-26,INTC,14.07,13.82,14.08,13.76,13.84,73560625,1757001927.8994,13.95,1.18,6228817920,6228817000.0,150052198777.53,150052100000.0
2005-02-25,INTC,13.84,13.61,13.85,13.52,13.61,78719625,1845235084.3358,13.69,1.26,6228817920,6228817000.0,147622966017.55,147622900000.0
2005-02-24,INTC,13.61,13.97,13.97,13.46,13.87,92077250,2148318405.516,13.62,1.48,6228817920,6228817000.0,145193733257.56,145193700000.0
2005-02-23,INTC,13.87,13.88,14.25,13.8,14.03,80070188,1919729678.4302,14.0,1.29,6228817920,6228817000.0,147996682635.11,147996600000.0
2005-02-19,INTC,14.03,13.82,14.06,13.8,13.8,58196598,1392318281.815,13.97,0.93,6226997760,6226997000.0,149572417698.22,149572400000.0
2005-02-18,INTC,13.8,14.13,14.2,13.75,14.1,80353125,1923926209.5938,13.98,1.29,6226997760,6226997000.0,147143894798.82,147143900000.0
2005-02-17,INTC,14.1,14.19,14.25,14.09,14.29,85335250,2068534822.8545,14.15,1.37,6226997760,6226997000.0,150319719699.4,150319700000.0
2005-02-16,INTC,14.29,14.12,14.38,14.11,14.19,80906438,1978865890.5784,14.28,1.3,6226997760,6226997000.0,152374548009.23,152374500000.0
2005-02-15,INTC,14.19,14.04,14.24,14.01,14.11,59214785,1430788493.3716,14.11,0.95,6226997760,6226997000.0,151378303091.6,151378300000.0
2005-02-12,INTC,14.11,13.56,14.21,13.54,13.72,102348250,2447401606.9907,13.96,1.64,6226997760,6226997000.0,150506523405.2,150506400000.0
2005-02-11,INTC,13.72,13.69,13.77,13.56,13.61,74185625,1735839097.4544,13.66,1.19,6226997760,6226997000.0,146334447360.0,146334400000.0
2005-02-10,INTC,13.61,13.68,13.71,13.52,13.67,70233000,1636484875.701,13.61,1.13,6226997760,6226997000.0,145088973084.03,145088900000.0
2005-02-09,INTC,13.67,13.4,13.72,13.39,13.38,85265563,1991453621.8094,13.64,1.37,6226997760,6226997000.0,145773942837.63,145773900000.0
2005-02-08,INTC,13.38,13.39,13.54,13.36,13.43,53857207,1238182466.9363,13.42,0.86,6226997760,6226997000.0,142660443957.63,142660400000.0
2005-02-05,INTC,13.43,13.07,13.44,13.06,13.07,67684750,1538399778.9055,13.27,1.09,6226997760,6226997000.0,143220948480.0,143220900000.0
2005-02-04,INTC,13.07,13.13,13.22,12.95,13.14,60836434,1361841826.0202,13.07,0.98,6226997760,6226997000.0,139360147598.82,139360100000.0
2005-02-03,INTC,13.14,13.18,13.24,13.09,13.17,73622000,1666220171.712,13.17,1.18,6226997760,6226997000.0,140605528469.83,140605500000.0
2005-02-02,INTC,13.17,13.09,13.24,13.03,13.06,67100875,1511050576.1029,13.1,1.08,6226997760,6226997000.0,140915657866.27,140915600000.0
2005-02-01,INTC,13.06,13.06,13.12,12.96,12.94,61234355,1374368173.6589,13.06,0.98,6226997760,6226997000.0,139796081031.01,139796100000.0
2005-01-29,INTC,12.94,13.0,13.13,12.85,12.98,76600875,1707471574.3849,12.97,1.23,6226997760,6226997000.0,138488367912.42,138488300000.0
2005-01-28,INTC,12.98,13.02,13.1,12.9,13.04,79103750,1765682002.1912,12.99,1.25,6322997760,6322997000.0,141066067379.6,141066000000.0
2005-01-27,INTC,13.04,13.09,13.14,12.98,12.95,72567875,1628176384.225,13.05,1.15,6322997760,6322997000.0,141761597133.2,141761600000.0
2005-01-26,INTC,12.95,12.92,13.11,12.9,12.79,95027688,2127117443.342,13.02,1.5,6322997760,6322997000.0,140749898522.61,140749800000.0
2005-01-25,INTC,12.79,13.09,13.11,12.74,13.04,83775125,1861649571.1231,12.93,1.32,6322997760,6322997000.0,139042657512.42,139042600000.0
2005-01-22,INTC,13.04,13.14,13.21,13.02,13.14,81016750,1826570752.6995,13.12,1.28,6322997760,6322997000.0,141761597133.2,141761600000.0
2005-01-21,INTC,13.14,13.1,13.28,13.03,13.15,68571625,1552399875.5375,13.17,1.08,6322997760,6322997000.0,142773207221.83,142773100000.0
2005-01-20,INTC,13.15,13.36,13.36,13.12,13.35,71808625,1628597210.709,13.2,1.14,6322997760,6322997000.0,142899692469.02,142899600000.0
2005-01-19,INTC,13.35,13.31,13.35,13.17,13.39,63958047,1458562814.1287,13.27,1.01,6322997760,6322997000.0,145049486415.43,145049400000.0
2005-01-15,INTC,13.39,13.35,13.46,13.32,13.28,65155570,1500532711.9444,13.4,1.03,6322997760,6322997000.0,145555338882.22,145555300000.0
2005-01-14,INTC,13.28,13.45,13.5,13.24,13.48,74010563,1704182025.7506,13.4,1.17,6322997760,6322997000.0,144290758299.22,144290700000.0
2005-01-13,INTC,13.48,13.52,13.57,13.31,13.11,146256313,3382409346.8937,13.46,2.31,6322997760,6322997000.0,146440552245.63,146440500000.0
2005-01-12,INTC,13.11,13.22,13.25,13.03,13.31,117802500,2661321631.4625,13.14,1.86,6322997760,6322997000.0,142520325249.42,142520300000.0
2005-01-11,INTC,13.31,13.34,13.39,13.24,13.27,65979000,1511096913.405,13.33,1.04,6322997760,6322997000.0,144670125518.82,144670100000.0
2005-01-08,INTC,13.27,13.22,13.34,13.07,13.07,82660438,1879317956.7843,13.23,1.31,6322997760,6322997000.0,144164273052.03,144164200000.0
2005-01-07,INTC,13.07,13.14,13.23,13.04,13.03,63460762,1433400225.378,13.14,1.0,6322997760,6322997000.0,142014472782.62,142014400000.0
2005-01-06,INTC,13.03,13.07,13.25,13.02,13.16,74013813,1670432474.3458,13.13,1.17,6322997760,6322997000.0,141571913523.4,141571900000.0
2005-01-05,INTC,13.16,13.49,13.5,13.0,13.42,93840063,2133913554.7736,13.23,1.48,6322997760,6322997000.0,142962884508.63,142962800000.0
2005-01-04,INTC,13.42,13.75,13.84,13.41,13.61,64537063,1510108803.6209,13.61,1.02,6322997760,6322997000.0,145871507739.22,145871500000.0
2005-01-01,INTC,13.61,13.59,13.67,13.52,13.53,32141387,752085699.698,13.61,0.51,6322997760,6322997000.0,147894911283.4,147894900000.0
2004-12-31,INTC,13.53,13.52,13.63,13.48,13.53,32599645,760826358.4375,13.58,0.52,6322997760,6322997000.0,147009697920.0,147009600000.0
2004-12-30,INTC,13.53,13.47,13.7,13.46,13.55,48597109,1135004579.3588,13.59,0.77,6322997760,6322997000.0,147009697920.0,147009600000.0
2004-12-29,INTC,13.55,13.59,13.7,13.53,13.6,41489563,969382355.3492,13.59,0.66,6322997760,6322997000.0,147199381529.8,147199300000.0
2004-12-28,INTC,13.6,13.77,13.79,13.53,13.7,38903742,913996344.7622,13.67,0.62,6322997760,6322997000.0,147768426036.21,147768400000.0
2004-12-24,INTC,13.7,13.6,13.73,13.59,13.64,35045840,823710414.192,13.68,0.55,6322997760,6322997000.0,148843323009.42,148843300000.0
2004-12-23,INTC,13.64,13.66,13.85,13.6,13.67,55960605,1319444460.9475,13.72,0.89,6322997760,6322997000.0,148274278503.01,148274300000.0
2004-12-22,INTC,13.67,13.42,13.67,13.37,13.21,67216813,1564457610.3451,13.54,1.06,6322997760,6322997000.0,148527154152.42,148527100000.0
2004-12-21,INTC,13.21,13.27,13.43,13.18,13.25,50745016,1158102298.4469,13.28,0.8,6322997760,6322997000.0,143532030183.01,143531900000.0
2004-12-18,INTC,13.25,13.24,13.44,13.1,13.31,98113875,2241773907.0292,13.29,1.55,6322997760,6322997000.0,143974589442.22,143974600000.0
2004-12-17,INTC,13.31,13.39,13.6,13.28,13.46,64005152,1478089728.6455,13.44,1.01,6322997760,6322997000.0,144606927156.21,144606900000.0
2004-12-16,INTC,13.46,13.54,13.65,13.41,13.52,64381391,1495302422.279,13.51,1.02,6322997760,6322997000.0,146314161843.4,146314100000.0
2004-12-15,INTC,13.52,13.34,13.56,13.3,13.17,76610250,1774139403.3975,13.47,1.21,6322997760,6322997000.0,146946404712.42,146946400000.0
2004-12-14,INTC,13.17,13.18,13.27,13.06,13.13,57227141,1295129975.4646,13.17,0.91,6322997760,6322997000.0,143089376078.82,143089300000.0
2004-12-11,INTC,13.13,13.19,13.32,13.09,13.24,73533938,1664330385.723,13.17,1.16,6322997760,6322997000.0,142646816819.6,142646800000.0
2004-12-10,INTC,13.24,13.28,13.45,13.12,13.39,112834188,2570261139.0366,13.25,1.78,6322997760,6322997000.0,143911397402.61,143911300000.0
2004-12-09,INTC,13.39,13.66,13.68,13.38,13.66,79033750,1828919376.48,13.46,1.25,6322997760,6322997000.0,145492146842.61,145492100000.0
2004-12-08,INTC,13.66,13.95,14.11,13.65,13.97,68999938,1644682453.1681,13.87,1.09,6322997760,6322997000.0,148463962112.81,148463900000.0
2004-12-07,INTC,13.97,13.92,14.07,13.8,13.91,63820820,1532439810.0495,13.97,1.01,6322997760,6322997000.0,151815144602.61,151815100000.0
2004-12-04,INTC,13.91,14.22,14.26,13.91,13.21,142402125,3440533739.8684,14.06,2.25,6322997760,6322997000.0,151182800565.63,151182800000.0
2004-12-03,INTC,13.21,13.46,13.62,13.17,13.44,111520250,2561853442.863,13.37,1.76,6322997760,6322997000.0,143595222222.62,143595200000.0
2004-12-02,INTC,13.44,13.09,13.44,13.06,13.02,84187688,1921432188.1985,13.28,1.33,6322997760,6322997000.0,146061191349.02,146061200000.0
2004-12-01,INTC,13.02,13.41,13.43,13.0,13.42,89245063,2021899913.8324,13.18,1.41,6322997760,6322997000.0,141508626638.82,141508600000.0
2004-11-30,INTC,13.42,13.56,13.73,13.25,13.5,66812750,1544797168.8858,13.45,1.06,6322997760,6322997000.0,145808315699.6,145808300000.0
2004-11-27,INTC,13.5,13.61,13.74,13.49,13.74,23067816,538513274.143,13.58,0.36,6322997760,6322997000.0,146756721102.62,146756700000.0
2004-11-25,INTC,13.74,13.7,13.78,13.56,13.6,52014531,1223786806.2729,13.69,0.82,6322997760,6322997000.0,149285882268.63,149285800000.0
2004-11-24,INTC,13.6,13.81,13.92,13.47,14.02,92070188,2159211450.798,13.65,1.46,6322997760,6322997000.0,147768426036.21,147768400000.0
2004-11-23,INTC,14.02,13.94,14.03,13.86,14.06,58695852,1406569788.5724,13.94,0.93,6322997760,6322997000.0,152384189109.02,152384100000.0
2004-11-20,INTC,14.06,14.37,14.39,14.03,14.43,80405063,1966498627.0061,14.23,1.27,6322997760,6322997000.0,152763550005.63,152763500000.0
2004-11-19,INTC,14.43,14.12,14.54,14.09,14.15,67132500,1649015809.8675,14.29,1.06,6322997760,6322997000.0,156810268572.03,156810200000.0
2004-11-18,INTC,14.15,13.95,14.28,13.94,13.87,80964438,1969200301.3973,14.15,1.28,6322997760,6322997000.0,153775254939.22,153775200000.0
2004-11-17,INTC,13.87,13.75,13.89,13.65,13.83,61500766,1456362124.1787,13.78,0.97,6322997760,6322997000.0,150740241306.41,150740200000.0
2004-11-16,INTC,13.83,13.7,13.84,13.62,13.78,66719750,1574038797.8907,13.73,1.06,6322997760,6322997000.0,150297587202.22,150297500000.0
2004-11-13,INTC,13.78,13.57,13.82,13.31,13.48,92884813,2156720338.4909,13.51,1.47,6322997760,6322997000.0,149791734735.43,149791700000.0
2004-11-12,INTC,13.48,13.41,13.54,13.32,13.3,67711438,1565446804.0256,13.45,1.07,6322997760,6322997000.0,146503845453.2,146503800000.0
2004-11-11,INTC,13.3,13.33,13.41,13.11,13.43,88388375,2015131206.275,13.27,1.4,6322997760,6322997000.0,144543633948.63,144543600000.0
2004-11-10,INTC,13.43,13.5,13.53,13.37,13.52,47633824,1100702875.1242,13.44,0.75,6322997760,6322997000.0,145934706101.83,145934600000.0
2004-11-09,INTC,13.52,13.51,13.62,13.45,13.59,51268770,1190270837.3384,13.51,0.81,6322997760,6322997000.0,146883212672.81,146883100000.0
2004-11-06,INTC,13.59,13.49,13.6,13.45,13.31,73276063,1704722907.2966,13.54,1.16,6322997760,6322997000.0,147705132828.63,147705100000.0
2004-11-05,INTC,13.31,13.11,13.31,13.08,13.19,61204656,1389638800.2976,13.21,0.97,6322997760,6322997000.0,144670125518.82,144670100000.0
2004-11-04,INTC,13.19,13.38,13.45,13.04,13.13,85214000,1938830512.432,13.24,1.35,6322997760,6322997000.0,143342346573.2,143342300000.0
2004-11-03,INTC,13.13,12.98,13.26,12.93,13.03,70897250,1600696699.5305,13.11,1.12,6322997760,6322997000.0,142962884508.63,142962800000.0
2004-11-02,INTC,13.03,12.89,13.06,12.86,12.93,49920359,1117092234.4782,13.0,0.79,6322997760,6322997000.0,141887987535.43,141887900000.0
2004-10-30,INTC,12.93,12.97,13.07,12.88,12.93,62662570,1396873571.802,12.95,0.99,6322997760,6322997000.0,140749898522.61,140749800000.0
2004-10-29,INTC,12.93,12.76,13.13,12.74,12.78,66712000,1486856375.28,12.94,1.06,6322997760,6322997000.0,140813090562.22,140813100000.0
2004-10-28,INTC,12.78,12.4,12.91,12.38,12.43,64109289,1395382718.1665,12.64,1.01,6322997760,6322997000.0,139105950720.0,139105900000.0
2004-10-27,INTC,12.43,12.42,12.46,12.31,12.38,58996570,1256850420.0072,12.37,0.93,6322997760,6322997000.0,135312114126.01,135312100000.0
2004-10-26,INTC,12.38,12.32,12.52,12.32,12.37,60226348,1287807833.5617,12.42,0.95,6322997760,6322997000.0,134743069619.6,134743000000.0
2004-10-23,INTC,12.37,12.57,12.64,12.35,12.6,58587031,1256955398.0025,12.46,0.93,6322997760,6322997000.0,134679776412.03,134679800000.0
2004-10-22,INTC,12.6,12.57,12.73,12.44,12.46,76633500,1656723543.465,12.56,1.19,6414999040,6414999000.0,139141245782.61,139141200000.0
2004-10-21,INTC,12.46,12.05,12.46,12.04,12.08,81515063,1726806861.5706,12.3,1.27,6414999040,6414999000.0,137601710163.0,137601600000.0
2004-10-20,INTC,12.08,12.24,12.38,12.06,12.08,84843188,1788358653.9392,12.24,1.32,6414999040,6414999000.0,133431903052.01,133431800000.0
2004-10-19,INTC,12.08,11.94,12.08,11.82,11.97,60563035,1244739703.4959,11.94,0.94,6414999040,6414999000.0,133367785136.61,133367800000.0
2004-10-16,INTC,11.97,12.01,12.1,11.84,11.91,69500250,1431447929.5747,11.96,1.08,6414999040,6414999000.0,132213033989.41,132213000000.0
2004-10-15,INTC,11.91,12.19,12.23,11.88,12.19,83675875,1726592521.7814,11.98,1.3,6414999040,6414999000.0,131571598235.4,131571600000.0
2004-10-14,INTC,12.19,12.41,12.5,12.12,11.78,149063000,3151787773.874,12.28,2.32,6414999040,6414999000.0,134650765699.61,134650800000.0
2004-10-13,INTC,11.78,11.8,11.92,11.74,11.97,79178313,1611935216.1214,11.82,1.23,6414999040,6414999000.0,130096174116.2,130096100000.0
2004-10-12,INTC,11.97,12.01,12.1,11.8,11.94,49615090,1020021056.1717,11.94,0.77,6414999040,6414999000.0,132213033989.41,132213000000.0
2004-10-09,INTC,11.94,12.23,12.35,11.9,12.34,67233188,1399815009.65,12.09,1.05,6414999040,6414999000.0,131828153292.01,131828100000.0
2004-10-08,INTC,12.34,12.27,12.53,12.25,12.27,74883438,1598491072.0888,12.4,1.17,6414999040,6414999000.0,136254515459.61,136254500000.0
2004-10-07,INTC,12.27,12.3,12.37,12.16,12.38,57755340,1217522360.6293,12.24,0.9,6414999040,6414999000.0,135548865565.21,135548800000.0
2004-10-06,INTC,12.38,12.23,12.48,12.19,12.27,72083313,1531582335.8864,12.34,1.12,6414999040,6414999000.0,136767728212.81,136767700000.0
2004-10-05,INTC,12.27,12.3,12.4,12.11,12.11,74361625,1577514725.8276,12.32,1.16,6414999040,6414999000.0,135548865565.21,135548800000.0
2004-10-02,INTC,12.11,11.8,12.15,11.75,11.65,73881563,1523888432.7127,11.98,1.15,6414999040,6414999000.0,133752672249.01,133752600000.0
2004-10-01,INTC,11.65,11.71,11.84,11.52,11.66,72548438,1458346936.1446,11.68,1.13,6414999040,6414999000.0,128684867912.4,128684800000.0
2004-09-30,INTC,11.66,11.49,11.77,11.45,11.43,63635992,1275710604.352,11.64,0.99,6414999040,6414999000.0,128748979412.81,128748900000.0
2004-09-29,INTC,11.43,11.67,11.82,11.41,11.57,78088188,1545068036.8765,11.49,1.22,6414999040,6414999000.0,126247136202.21,126247100000.0
2004-09-28,INTC,11.57,11.61,11.86,11.53,11.69,56521121,1131704884.2355,11.63,0.88,6414999040,6414999000.0,127786768046.8,127786800000.0
2004-09-25,INTC,11.69,11.88,12.02,11.66,11.84,62126605,1262735423.4396,11.81,0.97,6414999040,6414999000.0,129133866525.21,129133800000.0
2004-09-24,INTC,11.84,11.89,11.97,11.77,11.86,68361563,1398779232.6242,11.88,1.07,6414999040,6414999000.0,130737616285.21,130737600000.0
2004-09-23,INTC,11.86,12.2,12.23,11.86,12.24,62633602,1296364426.5184,12.02,0.98,6414999040,6414999000.0,130994267566.8,130994300000.0
2004-09-22,INTC,12.24,12.28,12.4,12.19,12.15,59361754,1256658354.4942,12.3,0.93,6414999040,6414999000.0,135228096368.21,135228100000.0
2004-09-21,INTC,12.15,11.88,12.34,11.88,11.96,74947750,1571406315.3953,12.18,1.17,6414999040,6414999000.0,134201767086.8,134201800000.0
2004-09-18,INTC,11.96,11.78,11.98,11.56,11.68,94897563,1923430686.2801,11.77,1.48,6414999040,6414999000.0,132084804573.6,132084800000.0
2004-09-17,INTC,11.68,11.9,11.96,11.66,11.86,57774316,1172281082.5639,11.79,0.9,6414999040,6414999000.0,129005534469.41,129005500000.0
2004-09-16,INTC,11.86,11.95,11.98,11.73,12.06,59769328,1218767723.4203,11.84,0.93,6414999040,6414999000.0,130994267566.8,130994300000.0
2004-09-15,INTC,12.06,12.09,12.17,11.94,12.08,53521398,1110938145.582,12.06,0.83,6414999040,6414999000.0,133239459495.81,133239400000.0
2004-09-14,INTC,12.08,12.06,12.3,11.96,11.95,81758625,1707528474.3319,12.13,1.27,6414999040,6414999000.0,133431903052.01,133431800000.0
2004-09-11,INTC,11.95,11.74,12.02,11.6,11.71,67277000,1371468017.584,11.84,1.05,6414999040,6414999000.0,131956478932.81,131956400000.0
2004-09-10,INTC,11.71,11.56,11.81,11.45,11.45,95678938,1913444522.45,11.62,1.49,6414999040,6414999000.0,129390517806.8,129390500000.0
2004-09-09,INTC,11.45,11.55,11.65,11.44,11.55,75788063,1504051246.3859,11.53,1.18,6414999040,6414999000.0,126503691258.81,126503700000.0
2004-09-08,INTC,11.55,11.73,11.76,11.46,11.65,78338063,1565405776.4959,11.61,1.22,6414999040,6414999000.0,127594324490.6,127594300000.0
2004-09-04,INTC,11.65,11.59,11.72,11.53,12.56,172245625,3446875927.8794,11.62,2.69,6414999040,6414999000.0,128620653772.01,128620600000.0
2004-09-03,INTC,12.56,12.44,12.62,12.35,12.45,72559688,1561099556.6152,12.5,1.13,6414999040,6414999000.0,138756365085.21,138756300000.0
2004-09-02,INTC,12.45,12.26,12.6,12.21,12.37,61739754,1323317107.1069,12.45,0.96,6414999040,6414999000.0,137473384522.21,137473300000.0
2004-09-01,INTC,12.37,12.43,12.48,12.12,12.55,79105500,1669750587.9225,12.26,1.23,6414999040,6414999000.0,136575284656.61,136575300000.0
2004-08-31,INTC,12.55,12.77,12.8,12.53,12.79,43057031,936998324.9877,12.64,0.67,6414999040,6414999000.0,138563921529.01,138563900000.0
2004-08-28,INTC,12.79,12.7,12.93,12.67,12.64,47397988,1048106968.8452,12.84,0.74,6414999040,6414999000.0,141258208295.81,141258100000.0
2004-08-27,INTC,12.64,12.7,12.73,12.6,12.75,44175371,963778177.4165,12.67,0.69,6414999040,6414999000.0,139654458535.81,139654400000.0
2004-08-26,INTC,12.75,12.59,12.85,12.5,12.59,60614730,1327522353.1238,12.72,0.94,6414999040,6414999000.0,140809209683.0,140809100000.0
2004-08-25,INTC,12.59,12.88,12.89,12.52,12.71,52276219,1142621810.9608,12.7,0.81,6414999040,6414999000.0,139013016366.8,139012900000.0
2004-08-24,INTC,12.71,12.67,12.84,12.64,12.56,50440844,1106566040.2651,12.74,0.79,6414999040,6414999000.0,140424322570.6,140424300000.0
2004-08-21,INTC,12.56,12.73,12.75,12.55,12.78,58097070,1264499576.7003,12.64,0.91,6414999040,6414999000.0,138692247169.8,138692200000.0
2004-08-20,INTC,12.78,12.87,12.93,12.63,12.91,57327430,1261908530.0616,12.78,0.89,6414999040,6414999000.0,141194096795.4,141194100000.0
2004-08-19,INTC,12.91,12.44,12.92,12.41,12.49,61349031,1342887221.5702,12.71,0.96,6414999040,6414999000.0,142541188858.81,142541100000.0
2004-08-18,INTC,12.49,12.59,12.7,12.48,12.44,57637480,1248029657.0882,12.58,0.9,6414999040,6414999000.0,137980130956.37,137980100000.0
2004-08-17,INTC,12.44,12.53,12.73,12.39,12.52,59733621,1294343641.3325,12.59,0.93,6414999040,6414999000.0,137409266606.8,137409200000.0
2004-08-14,INTC,12.52,12.49,12.58,12.21,12.34,71232188,1521070701.6634,12.4,1.11,6414999040,6414999000.0,138307366472.4,138307300000.0
2004-08-13,INTC,12.34,12.75,12.81,12.31,12.87,70379500,1515207223.0705,12.5,1.1,6414999040,6414999000.0,136254515459.61,136254500000.0
2004-08-12,INTC,12.87,12.87,12.93,12.67,13.09,60908613,1341170747.6405,12.79,0.95,6414999040,6414999000.0,142156301746.41,142156300000.0
2004-08-11,INTC,13.09,13.17,13.2,12.89,13.11,56794332,1276270131.5113,13.05,0.89,6414999040,6414999000.0,144594033456.61,144594000000.0
2004-08-10,INTC,13.11,13.31,13.35,13.09,13.23,44145336,1001971017.4349,13.18,0.69,6414999040,6414999000.0,144786477012.81,144786400000.0
2004-08-07,INTC,13.23,13.5,13.63,13.18,13.75,56155492,1295787809.4335,13.4,0.88,6414999040,6414999000.0,146069457575.81,146069400000.0
2004-08-06,INTC,13.75,13.97,14.06,13.5,13.92,55783160,1330567489.201,13.85,0.87,6414999040,6414999000.0,151843014446.8,151842900000.0
2004-08-05,INTC,13.92,13.96,14.1,13.77,14.01,56214023,1346139557.5778,13.91,0.88,6414999040,6414999000.0,153767437178.81,153767400000.0
2004-08-04,INTC,14.01,14.37,14.49,13.98,14.44,59735914,1463332107.3887,14.2,0.93,6414999040,6414999000.0,155050513966.8,155050400000.0
2004-08-03,INTC,14.44,13.93,14.46,13.88,14.14,67147688,1649052807.6307,14.24,1.05,6414999040,6414999000.0,159733437606.01,159733400000.0
2004-07-31,INTC,14.14,13.85,14.29,13.83,14.06,83598375,2031648756.0521,14.09,1.3,6414999040,6414999000.0,156397612445.21,156397600000.0
2004-07-30,INTC,14.06,13.74,14.18,13.7,13.6,104214563,2514998481.0625,13.99,1.62,6414999040,6414999000.0,155505972483.64,155505900000.0
2004-07-29,INTC,13.6,13.42,13.66,13.23,13.49,78925250,1825066928.5232,13.41,1.23,6414999040,6414999000.0,150495819743.41,150495800000.0
2004-07-28,INTC,13.49,13.44,13.59,13.32,13.32,87159750,2021782837.3275,13.45,1.36,6414999040,6414999000.0,149276957095.81,149276900000.0
2004-07-27,INTC,13.32,13.25,13.39,13.14,13.15,81236250,1859927908.4438,13.28,1.27,6414999040,6414999000.0,147352438138.81,147352400000.0
2004-07-24,INTC,13.15,13.35,13.43,13.12,13.49,75649313,1731521541.4985,13.27,1.18,6414999040,6414999000.0,145428015406.8,145427900000.0
2004-07-23,INTC,13.49,13.03,13.62,13.02,13.08,75591750,1735298802.2077,13.31,1.17,6467998720,6467998000.0,150510259066.41,150510200000.0
2004-07-22,INTC,13.08,13.63,13.64,13.05,13.48,72237875,1664518913.1841,13.36,1.12,6467998720,6467998000.0,145918038187.2,145918000000.0
2004-07-21,INTC,13.48,13.32,13.49,13.31,13.28,60331129,1391911422.7225,13.38,0.93,6467998720,6467998000.0,150316225572.81,150316200000.0
2004-07-20,INTC,13.28,13.25,13.48,13.2,13.18,59011563,1352691726.7056,13.29,0.91,6467998720,6467998000.0,148181773059.22,148181800000.0
2004-07-17,INTC,13.18,13.59,13.61,13.13,13.42,85396313,1961638193.5451,13.32,1.32,6467998720,6467998000.0,147017585033.61,147017600000.0
2004-07-16,INTC,13.42,13.61,13.67,13.42,13.56,95340063,2230642661.312,13.57,1.47,6467998720,6467998000.0,149734131560.01,149734100000.0
2004-07-15,INTC,13.56,13.97,14.01,13.48,15.16,283634813,6743814200.5436,13.79,4.39,6467998720,6467998000.0,151221745393.61,151221700000.0
2004-07-14,INTC,15.16,15.28,15.36,15.11,15.22,78670750,2059599684.3047,15.18,1.22,6467998720,6467998000.0,169073480072.8,169073400000.0
2004-07-13,INTC,15.22,15.12,15.26,14.89,15.41,59675023,1550577238.6998,15.07,0.92,6467998720,6467998000.0,169720221732.81,169720200000.0
2004-07-10,INTC,15.41,15.33,15.5,15.3,15.2,38204777,1014619124.4473,15.4,0.59,6467998720,6467998000.0,171854674246.41,171854600000.0
2004-07-09,INTC,15.2,15.24,15.4,15.15,15.27,47141352,1240665819.0879,15.26,0.73,6467998720,6467998000.0,169590835886.42,169590800000.0
2004-07-08,INTC,15.27,15.15,15.41,15.11,15.14,45929918,1211819319.8542,15.3,0.71,6467998720,6467998000.0,170367060412.81,170367000000.0
2004-07-07,INTC,15.14,15.09,15.24,14.89,15.27,60487305,1570733610.3923,15.06,0.94,6467998720,6467998000.0,168879349559.22,168879300000.0
2004-07-03,INTC,15.27,15.56,15.57,15.22,15.67,46772816,1237080178.5392,15.34,0.72,6467998720,6467998000.0,170302322213.62,170302300000.0
2004-07-02,INTC,15.67,15.89,15.93,15.48,16.0,69074125,1864690472.3634,15.65,1.07,6467998720,6467998000.0,174765254266.41,174765200000.0
2004-07-01,INTC,16.0,16.06,16.18,15.84,16.0,50606082,1394956043.057,15.98,0.78,6467998720,6467998000.0,178516706460.01,178516700000.0
2004-06-30,INTC,16.0,15.81,16.02,15.74,15.88,52668805,1446664284.6832,15.93,0.81,6467998720,6467998000.0,178516706460.01,178516700000.0
2004-06-29,INTC,15.88,16.18,16.22,15.79,16.11,51745547,1426717510.5558,15.99,0.8,6467998720,6467998000.0,177093740273.61,177093700000.0
2004-06-26,INTC,16.11,16.09,16.29,15.73,16.21,70646875,1961806918.6625,16.1,1.09,6467998720,6467998000.0,179680997973.6,179680900000.0
2004-06-25,INTC,16.21,16.51,16.58,16.17,16.54,55063816,1555210855.7026,16.38,0.85,6467998720,6467998000.0,180780544820.0,180780500000.0
2004-06-24,INTC,16.54,16.26,16.56,16.15,16.26,51878199,1462622296.9046,16.35,0.8,6467998720,6467998000.0,184467252346.41,184467300000.0
2004-06-23,INTC,16.26,16.02,16.29,15.92,15.96,47250746,1311978246.9076,16.1,0.73,6467998720,6467998000.0,181362638832.81,181362600000.0
2004-06-22,INTC,15.96,16.14,16.36,15.95,16.03,43545063,1212625322.2185,16.15,0.67,6467998720,6467998000.0,177999253626.41,177999200000.0
2004-06-19,INTC,16.03,15.94,16.18,15.85,16.02,52501129,1450679380.8438,16.02,0.81,6467998720,6467998000.0,178775478152.8,178775400000.0
2004-06-18,INTC,16.02,16.22,16.26,16.0,16.31,39088254,1082998631.2745,16.07,0.6,6467998720,6467998000.0,178710739953.61,178710700000.0
2004-06-17,INTC,16.31,16.44,16.46,16.29,16.49,34046574,961352341.6279,16.37,0.53,6467998720,6467998000.0,181880091666.41,181880000000.0
2004-06-16,INTC,16.49,16.39,16.61,16.33,16.23,47047555,1337180480.0265,16.48,0.73,6467998720,6467998000.0,183885158333.61,183885100000.0
2004-06-15,INTC,16.23,16.4,16.44,16.15,16.61,37877848,1063420468.9665,16.28,0.59,6467998720,6467998000.0,181039219492.81,181039100000.0
2004-06-11,INTC,16.61,16.54,16.63,16.44,16.47,42510988,1214410841.5532,16.56,0.66,6467998720,6467998000.0,185243476872.8,185243400000.0
2004-06-10,INTC,16.47,16.68,16.73,16.46,16.81,46170129,1321960955.1978,16.6,0.71,6467998720,6467998000.0,183691124840.01,183691100000.0
2004-06-09,INTC,16.81,16.53,16.82,16.49,16.67,48126789,1383625403.6397,16.67,0.74,6467998720,6467998000.0,187507218212.81,187507100000.0
2004-06-08,INTC,16.67,16.48,16.68,16.37,16.32,37503324,1069407283.86,16.53,0.58,6467998720,6467998000.0,185954963200.0,185954900000.0
2004-06-05,INTC,16.32,16.47,16.53,16.25,15.89,62264309,1761600384.9921,16.41,0.96,6467998720,6467998000.0,182009477512.8,182009400000.0
2004-06-04,INTC,15.89,16.15,16.18,15.86,16.24,56527703,1559146312.7582,15.99,0.87,6467998720,6467998000.0,177287767299.22,177287700000.0
2004-06-03,INTC,16.24,16.45,16.48,16.17,16.43,49714277,1396612694.0486,16.29,0.77,6467998720,6467998000.0,181168611807.21,181168600000.0
2004-06-02,INTC,16.43,16.46,16.65,16.28,16.55,51174992,1453809877.7312,16.47,0.79,6467998720,6467998000.0,183238319653.62,183238300000.0
2004-05-29,INTC,16.55,16.54,16.8,16.52,16.5,48060109,1379896995.537,16.65,0.74,6467998720,6467998000.0,184661285840.02,184661300000.0
2004-05-28,INTC,16.5,16.52,16.55,16.34,16.45,55405828,1572666226.2135,16.46,0.86,6467998720,6467998000.0,184014544180.0,184014500000.0
2004-05-27,INTC,16.45,16.29,16.51,16.23,16.29,51792094,1460189991.9781,16.35,0.8,6467998720,6467998000.0,183497091346.41,183497100000.0
2004-05-26,INTC,16.29,16.02,16.42,15.93,16.09,65529320,1823412174.3294,16.13,1.01,6467998720,6467998000.0,181750705820.01,181750700000.0
2004-05-25,INTC,16.09,16.14,16.19,15.98,15.97,45733023,1269333544.6068,16.09,0.71,6467998720,6467998000.0,179422219812.81,179422200000.0
2004-05-22,INTC,15.97,16.05,16.09,15.86,15.89,46809563,1287375138.2129,15.95,0.72,6467998720,6467998000.0,178193287120.02,178193300000.0
2004-05-21,INTC,15.89,15.83,16.02,15.79,15.72,52386453,1436410086.1012,15.9,0.81,6467998720,6467998000.0,177287767299.22,177287700000.0
2004-05-20,INTC,15.72,16.02,16.21,15.72,15.74,77052000,2131974672.444,16.04,1.19,6467998720,6467998000.0,175347348279.22,175347300000.0
2004-05-19,INTC,15.74,15.77,15.93,15.69,15.56,55188867,1505656653.9075,15.82,0.85,6467998720,6467998000.0,175606126440.01,175606100000.0
2004-05-18,INTC,15.56,15.37,15.83,15.33,15.68,64866953,1745309653.6154,15.6,1.0,6467998720,6467998000.0,173601059772.81,173601000000.0
2004-05-15,INTC,15.68,15.88,15.94,15.6,15.91,51888262,1408371754.9558,15.74,0.8,6467998720,6467998000.0,174894640112.81,174894600000.0
2004-05-14,INTC,15.91,15.93,16.01,15.71,15.99,59999797,1642452383.0173,15.87,0.93,6467998720,6467998000.0,177481800792.82,177481800000.0
2004-05-13,INTC,15.99,16.01,16.1,15.55,16.1,81061375,2204219855.2021,15.77,1.25,6467998720,6467998000.0,178322672966.41,178322600000.0
2004-05-12,INTC,16.1,15.59,16.11,15.53,15.4,82414625,2256602182.0266,15.88,1.27,6467998720,6467998000.0,179616253306.41,179616200000.0
2004-05-11,INTC,15.4,15.27,15.46,15.16,15.35,71553813,1887209993.962,15.29,1.11,6467998720,6467998000.0,171725288400.02,171725300000.0
2004-05-08,INTC,15.35,15.05,15.56,15.03,15.06,69611750,1849875801.1207,15.41,1.08,6467998720,6467998000.0,171207835566.42,171207800000.0
2004-05-07,INTC,15.06,15.05,15.15,14.95,15.19,54146840,1404417147.7138,15.04,0.84,6467998720,6467998000.0,168038580873.61,168038600000.0
2004-05-06,INTC,15.19,15.33,15.41,15.08,15.22,41491637,1092673713.1178,15.27,0.64,6467998720,6467998000.0,169461547060.0,169461500000.0
2004-05-05,INTC,15.22,15.24,15.42,15.02,15.08,61002641,1600770180.4757,15.19,0.94,6467998720,6467998000.0,169978999893.6,169978900000.0
2004-05-04,INTC,15.08,15.08,15.26,14.83,14.9,61596039,1601828831.8621,15.06,0.95,6467998720,6467998000.0,168426641392.81,168426600000.0
2004-05-01,INTC,14.9,15.18,15.26,14.89,15.13,71338750,1862968367.645,15.12,1.1,6467998720,6467998000.0,166421581193.61,166421500000.0
2004-04-30,INTC,15.13,15.3,15.48,14.94,15.26,76415625,2002585923.7313,15.17,1.18,6467998720,6467998000.0,169008741873.61,169008700000.0
2004-04-29,INTC,15.26,15.42,15.67,15.22,15.56,61453563,1639255234.049,15.44,0.95,6467998720,6467998000.0,170431708060.01,170431700000.0
2004-04-28,INTC,15.56,15.77,15.8,15.56,15.72,53649863,1454184257.8029,15.69,0.83,6467998720,6467998000.0,173859740913.61,173859700000.0
2004-04-27,INTC,15.72,15.94,15.97,15.58,15.94,56769340,1543132357.4726,15.74,0.88,6467998720,6467998000.0,175606126440.01,175606100000.0
2004-04-24,INTC,15.94,15.49,15.96,15.43,15.35,65231227,1781209885.7349,15.81,1.01,6467998720,6467998000.0,178063998293.6,178063900000.0
2004-04-23,INTC,15.35,15.06,15.49,14.97,15.21,65213918,1717173173.4999,15.25,1.01,6483998720,6483998000.0,171955574730.41,171955600000.0
2004-04-22,INTC,15.21,15.15,15.34,14.95,15.09,62092395,1624206534.9857,15.14,0.96,6483998720,6483998000.0,170363759528.65,170363700000.0
2004-04-21,INTC,15.09,15.47,15.58,15.07,15.45,50632637,1346650778.0726,15.4,0.78,6483998720,6483998000.0,169037794758.41,169037800000.0
2004-04-20,INTC,15.45,15.29,15.48,15.23,15.31,51533781,1367721956.3405,15.37,0.79,6483998720,6483998000.0,172993040461.61,172993000000.0
2004-04-17,INTC,15.31,15.47,15.53,15.2,15.44,63913648,1696318517.961,15.37,0.99,6483998720,6483998000.0,171501746692.0,171501700000.0
2004-04-16,INTC,15.44,15.87,15.88,15.38,15.85,90529563,2432348027.0953,15.56,1.4,6483998720,6483998000.0,172863328067.22,172863300000.0
2004-04-15,INTC,15.85,15.76,15.99,15.71,16.02,79244188,2174238238.7727,15.89,1.22,6483998720,6483998000.0,177467012546.41,177466900000.0
2004-04-14,INTC,16.02,16.12,16.14,15.89,15.98,83732125,2318223354.3895,16.03,1.29,6483998720,6483998000.0,179412231614.4,179412200000.0
2004-04-13,INTC,15.98,16.04,16.08,15.77,15.85,51093320,1403380016.0667,15.9,0.79,6483998720,6483998000.0,178958306316.01,178958300000.0
2004-04-09,INTC,15.85,16.23,16.29,15.75,15.99,71802375,1982419846.1036,15.98,1.11,6483998720,6483998000.0,177467012546.41,177466900000.0
2004-04-08,INTC,15.99,16.25,16.29,15.91,16.37,72842563,2017396489.3688,16.03,1.12,6483998720,6483998000.0,179088012226.41,179087900000.0
2004-04-07,INTC,16.37,16.34,16.47,16.23,16.53,70259000,1981507340.323,16.33,1.08,6483998720,6483998000.0,183302572490.41,183302500000.0
2004-04-06,INTC,16.53,16.37,16.54,16.28,16.28,47545820,1347229305.024,16.41,0.73,6483998720,6483998000.0,185118085648.02,185118100000.0
2004-04-03,INTC,16.28,16.22,16.28,16.01,15.85,78682563,2193653490.4669,16.14,1.21,6483998720,6483998000.0,182330011586.41,182329900000.0
2004-04-02,INTC,15.85,15.85,16.08,15.79,15.75,55067328,1513591095.2676,15.91,0.85,6483998720,6483998000.0,177531820113.61,177531800000.0
2004-04-01,INTC,15.75,15.88,15.9,15.64,15.88,59957965,1634495916.6016,15.78,0.92,6483998720,6483998000.0,176364745732.0,176364700000.0
2004-03-31,INTC,15.88,15.85,15.94,15.69,16.03,62223570,1701490330.2532,15.83,0.96,6483998720,6483998000.0,177856039501.61,177856000000.0
2004-03-30,INTC,16.03,15.99,16.18,15.92,15.85,66256500,1837245967.911,16.05,1.02,6483998720,6483998000.0,179541840264.82,179541800000.0
2004-03-27,INTC,15.85,16.06,16.12,15.43,16.09,65668625,1813950506.6265,15.99,1.01,6483998720,6483998000.0,177531820113.61,177531800000.0
2004-03-26,INTC,16.09,15.56,16.1,15.55,15.36,84786125,2321579082.011,15.85,1.31,6483998720,6483998000.0,180190279040.81,180190200000.0
2004-03-25,INTC,15.36,15.17,15.56,15.15,15.15,69551750,1846403939.393,15.37,1.07,6483998720,6483998000.0,172020479557.6,172020400000.0
2004-03-24,INTC,15.15,15.33,15.46,15.11,15.19,70235063,1853994115.1902,15.28,1.08,6483998720,6483998000.0,169621328707.22,169621300000.0
2004-03-23,INTC,15.19,15.21,15.34,15.07,15.34,73188000,1920005721.756,15.19,1.13,6483998720,6483998000.0,170075260489.61,170075200000.0
2004-03-20,INTC,15.34,15.68,15.85,15.27,15.75,84323188,2269920941.7588,15.59,1.3,6483998720,6483998000.0,171761061252.81,171761000000.0
2004-03-19,INTC,15.75,16.07,16.1,15.7,16.09,70706313,1934750276.8185,15.84,1.09,6483998720,6483998000.0,176364745732.0,176364700000.0
2004-03-18,INTC,16.09,15.86,16.15,15.82,15.72,55581875,1535015091.2675,15.99,0.86,6483998720,6483998000.0,180190279040.81,180190200000.0
2004-03-17,INTC,15.72,15.82,15.93,15.47,15.69,67319250,1830396203.1383,15.74,1.04,6483998720,6483998000.0,176105327427.22,176105300000.0
2004-03-16,INTC,15.69,15.96,15.97,15.65,16.03,54890762,1496206297.7214,15.78,0.85,6483998720,6483998000.0,175716306956.01,175716300000.0
2004-03-13,INTC,16.03,15.91,16.05,15.84,15.68,56538348,1558971446.2476,15.96,0.87,6483998720,6483998000.0,179541840264.82,179541800000.0
2004-03-12,INTC,15.68,15.71,16.09,15.66,15.81,97988188,2687540258.079,15.88,1.51,6483998720,6483998000.0,175586601045.62,175586600000.0
2004-03-11,INTC,15.81,16.27,16.36,15.73,16.2,88065875,2443219319.922,16.06,1.36,6483998720,6483998000.0,177077992075.2,177077900000.0
2004-03-10,INTC,16.2,16.03,16.27,15.93,16.04,92553125,2570735978.7375,16.08,1.43,6483998720,6483998000.0,181422258249.61,181422200000.0
2004-03-09,INTC,16.04,16.84,16.85,15.99,16.76,105817938,2986837964.1218,16.34,1.63,6483998720,6483998000.0,179606745092.0,179606700000.0
2004-03-06,INTC,16.76,16.76,17.01,16.66,17.17,118697938,3447936397.3467,16.82,1.83,6483998720,6483998000.0,187711743492.0,187711700000.0
2004-03-05,INTC,17.17,16.83,17.2,16.82,16.81,60725539,1787595119.7727,17.04,0.94,6483998720,6483998000.0,192250523144.01,192250500000.0
2004-03-04,INTC,16.81,17.11,17.17,16.7,17.14,68261813,1987292031.6737,16.86,1.05,6483998720,6483998000.0,188295277440.81,188295200000.0
2004-03-03,INTC,17.14,17.22,17.45,17.11,17.19,65244227,1948922440.1432,17.29,1.01,6483998720,6483998000.0,191926303756.01,191926300000.0
2004-03-02,INTC,17.19,16.8,17.22,16.7,16.91,65452641,1915169933.0953,16.94,1.01,6483998720,6483998000.0,192509837704.82,192509800000.0
2004-02-28,INTC,16.91,17.2,17.21,16.85,17.08,59004211,1732487071.7694,17.0,0.91,6483998720,6483998000.0,189332743172.0,189332700000.0
2004-02-27,INTC,17.08,17.11,17.29,16.99,17.15,45921660,1360327598.7881,17.15,0.71,6483998720,6483998000.0,191277962240.0,191277900000.0
2004-02-26,INTC,17.15,17.05,17.24,16.96,16.91,54750543,1617877888.6435,17.11,0.84,6483998720,6483998000.0,192056009666.41,192055900000.0
2004-02-25,INTC,16.91,16.67,17.04,16.66,16.79,68444500,1995813694.644,16.88,1.06,6483998720,6483998000.0,189332743172.0,189332700000.0
2004-02-24,INTC,16.79,17.39,17.39,16.59,17.37,92198688,2691288369.3967,16.9,1.42,6483998720,6483998000.0,188035962880.0,188035900000.0
2004-02-21,INTC,17.37,17.42,17.43,17.08,17.31,70635750,2108597218.275,17.28,1.09,6483998720,6483998000.0,194519961600.0,194519900000.0
2004-02-20,INTC,17.31,17.88,18.01,17.28,17.72,60341035,1838102513.7255,17.64,0.93,6483998720,6483998000.0,193806715256.8,193806700000.0
2004-02-19,INTC,17.72,17.86,17.92,17.68,17.84,42271824,1299359357.7586,17.8,0.65,6483998720,6483998000.0,198410302476.01,198410300000.0
2004-02-18,INTC,17.84,17.6,17.88,17.49,17.45,40253969,1231219529.231,17.71,0.62,6483998720,6483998000.0,199771987595.2,199771900000.0
2004-02-14,INTC,17.45,17.96,18.06,17.29,17.8,63313199,1917762179.3319,17.54,0.98,6483998720,6483998000.0,195427714936.8,195427700000.0
2004-02-13,INTC,17.8,17.94,18.17,17.79,17.94,38292434,1185495464.206,17.92,0.59,6483998720,6483998000.0,199318055812.81,199318000000.0
2004-02-12,INTC,17.94,17.87,18.04,17.68,17.68,52365344,1615999385.817,17.87,0.81,6483998720,6483998000.0,200939055492.81,200939000000.0
2004-02-11,INTC,17.68,17.76,17.9,17.56,17.7,36404770,1113632362.469,17.71,0.56,6483998720,6483998000.0,198021275520.81,198021200000.0
2004-02-10,INTC,17.7,17.95,18.01,17.65,17.88,36557871,1125404629.6488,17.82,0.56,6483998720,6483998000.0,198215788998.41,198215800000.0
2004-02-07,INTC,17.88,17.43,17.91,17.36,17.32,55409391,1691210695.9941,17.67,0.85,6483998720,6483998000.0,200225815633.61,200225800000.0
2004-02-06,INTC,17.32,17.57,17.62,17.22,17.38,74683500,2245679894.3985,17.41,1.15,6483998720,6483998000.0,194001228734.4,194001200000.0
2004-02-05,INTC,17.38,17.93,17.95,17.37,18.16,79409563,2414733637.4418,17.61,1.22,6483998720,6483998000.0,194649570250.41,194649500000.0
2004-02-04,INTC,18.16,17.58,18.17,17.53,17.53,62425445,1934713487.6618,17.92,0.96,6483998720,6483998000.0,203597520904.01,203597400000.0
2004-02-03,INTC,17.53,17.86,17.9,17.47,17.65,65309844,1999035706.9756,17.7,1.01,6483998720,6483998000.0,196594789318.41,196594800000.0
2004-01-31,INTC,17.65,17.9,17.92,17.55,17.86,64205605,1965115141.5818,17.7,0.99,6483998720,6483998000.0,197891569610.41,197891600000.0
2004-01-30,INTC,17.86,18.19,18.25,17.65,18.14,84941313,2630827064.1581,17.91,1.3,6531998720,6531998000.0,201773433928.8,201773400000.0
2004-01-29,INTC,18.14,18.42,18.62,18.02,18.29,61596531,1959397724.0301,18.39,0.94,6531998720,6531998000.0,204974054513.61,204974000000.0
2004-01-28,INTC,18.29,18.68,18.71,18.27,18.75,51484773,1643172363.697,18.45,0.79,6531998720,6531998000.0,206607054193.61,206607000000.0
2004-01-27,INTC,18.75,18.35,18.79,18.33,18.36,41345863,1324013981.4582,18.52,0.63,6531998720,6531998000.0,211832672765.61,211832600000.0
2004-01-24,INTC,18.36,18.44,18.51,18.2,18.29,45871039,1455877741.9463,18.35,0.7,6531998720,6531998000.0,207390959360.0,207390900000.0
2004-01-23,INTC,18.29,18.66,18.71,18.27,18.62,52045992,1658018601.8076,18.42,0.8,6531998720,6531998000.0,206607054193.61,206607000000.0
2004-01-22,INTC,18.62,18.63,18.68,18.4,18.86,56318602,1804402953.1984,18.53,0.86,6531998720,6531998000.0,210330339188.0,210330300000.0
2004-01-21,INTC,18.86,19.09,19.12,18.67,19.02,47798922,1557895829.4716,18.85,0.73,6531998720,6531998000.0,213008380279.22,213008300000.0
2004-01-17,INTC,19.02,19.28,19.3,18.9,19.12,54520379,1794968876.7383,19.04,0.83,6531998720,6531998000.0,214837431368.8,214837400000.0
2004-01-16,INTC,19.12,18.97,19.32,18.89,19.31,82607750,2728483509.1648,19.1,1.26,6531998720,6531998000.0,215947864619.2,215947800000.0
2004-01-15,INTC,19.31,19.55,19.57,19.16,19.42,75862750,2534027279.4842,19.31,1.16,6531998720,6531998000.0,218103430728.8,218103400000.0
2004-01-14,INTC,19.42,19.85,19.89,19.23,19.75,68256875,2299238977.4938,19.48,1.04,6531998720,6531998000.0,219409810876.81,219409800000.0
2004-01-13,INTC,19.75,19.82,19.85,19.58,19.64,50671859,1726587805.7082,19.7,0.78,6531998720,6531998000.0,223067717096.01,223067700000.0
2004-01-10,INTC,19.64,19.56,20.01,19.54,19.8,56898809,1946638895.5555,19.78,0.87,6531998720,6531998000.0,221891905070.42,221891800000.0
2004-01-09,INTC,19.8,19.76,19.86,19.6,19.65,50613547,1728507950.6569,19.75,0.77,6531998720,6531998000.0,223655570852.81,223655600000.0
2004-01-08,INTC,19.65,19.27,19.66,19.21,19.02,63680578,2142856926.2297,19.46,0.97,6531998720,6531998000.0,222022571172.81,222022500000.0
2004-01-07,INTC,19.02,19.04,19.08,18.86,19.03,38011020,1249254446.7577,19.0,0.58,6531998720,6531998000.0,214902718696.01,214902700000.0
2004-01-06,INTC,19.03,18.8,19.06,18.73,18.6,42621379,1393237088.1249,18.9,0.65,6531998720,6531998000.0,214967999491.22,214967900000.0
2004-01-03,INTC,18.6,18.71,18.85,18.52,18.53,37346215,1208892834.1201,18.72,0.57,6531998720,6531998000.0,210069000451.22,210068900000.0
2004-01-01,INTC,18.53,18.64,18.79,18.45,18.53,32097520,1030519638.9779,18.56,0.49,6531998720,6531998000.0,209350480592.02,209350400000.0
2003-12-31,INTC,18.53,18.64,18.72,18.47,18.59,31567953,1013725511.8971,18.57,0.48,6531998720,6531998000.0,209285193264.81,209285100000.0
2003-12-30,INTC,18.59,18.24,18.62,18.22,18.13,36526008,1165877228.9008,18.46,0.56,6531998720,6531998000.0,210003719656.01,210003600000.0
2003-12-27,INTC,18.13,18.03,18.24,18.01,17.97,11868848,372832442.8811,18.16,0.18,6531998720,6531998000.0,204843381879.22,204843400000.0
2003-12-25,INTC,17.97,17.97,18.08,17.87,17.99,15596445,485503140.0851,18.0,0.24,6531998720,6531998000.0,203014435301.62,203014400000.0
2003-12-24,INTC,17.99,17.64,18.01,17.56,17.59,37324953,1148944056.2617,17.8,0.57,6531998720,6531998000.0,203210382199.22,203210400000.0
2003-12-23,INTC,17.59,17.57,17.8,17.45,17.68,33917707,1032756834.7546,17.61,0.52,6531998720,6531998000.0,198703387998.4,198703300000.0
2003-12-20,INTC,17.68,17.92,18.01,17.56,17.87,55237391,1696715726.1566,17.76,0.85,6531998720,6531998000.0,199683148614.41,199683100000.0
2003-12-19,INTC,17.87,17.53,17.92,17.51,17.45,52718867,1619970966.5454,17.77,0.81,6531998720,6531998000.0,201838721256.01,201838700000.0
2003-12-18,INTC,17.45,17.51,17.68,17.32,17.5,58170387,1756094004.5544,17.46,0.89,6531998720,6531998000.0,197070388318.4,197070300000.0
2003-12-17,INTC,17.5,17.48,17.61,17.18,17.49,56390148,1696677825.493,17.4,0.86,6531998720,6531998000.0,197658248607.21,197658200000.0
2003-12-16,INTC,17.49,18.21,18.23,17.4,17.84,60918285,1882489898.3855,17.87,0.93,6531998720,6531998000.0,197527575972.81,197527500000.0
2003-12-13,INTC,17.84,18.0,18.03,17.63,17.87,48084320,1480915072.2344,17.81,0.74,6531998720,6531998000.0,201577382519.22,201577300000.0
2003-12-12,INTC,17.87,17.64,17.92,17.54,17.59,56901723,1746069201.4611,17.74,0.87,6531998720,6531998000.0,201904002051.22,201903900000.0
2003-12-11,INTC,17.59,17.52,17.63,17.15,17.49,81164000,2450437988.652,17.46,1.24,6531998720,6531998000.0,198703387998.4,198703300000.0
2003-12-10,INTC,17.49,18.42,18.46,17.41,18.3,81641438,2519944462.0251,17.85,1.25,6531998720,6531998000.0,197592961280.0,197592900000.0
2003-12-09,INTC,18.3,18.46,18.67,18.12,18.56,67082063,2132410387.7014,18.38,1.03,6531998720,6531998000.0,206672432968.8,206672400000.0
2003-12-06,INTC,18.56,18.77,18.93,18.5,19.39,66241938,2143350642.7032,18.71,1.01,6531998720,6531998000.0,209677100124.01,209677100000.0
2003-12-05,INTC,19.39,19.36,19.49,18.99,19.28,61599566,2054468109.2363,19.29,0.94,6531998720,6531998000.0,219083191344.81,219083100000.0
2003-12-04,INTC,19.28,19.7,19.86,19.23,19.57,50080836,1700905248.9119,19.64,0.77,6531998720,6531998000.0,217776811196.81,217776800000.0
2003-12-03,INTC,19.57,19.77,19.89,19.52,19.68,45864609,1565450329.8773,19.74,0.7,6531998720,6531998000.0,221108097884.01,221108000000.0
2003-12-02,INTC,19.68,19.56,19.74,19.38,19.39,47084023,1593944659.0875,19.57,0.72,6531998720,6531998000.0,222349190704.81,222349200000.0
2003-11-29,INTC,19.39,19.16,19.45,19.16,19.28,13255160,443432807.3208,19.34,0.2,6531998720,6531998000.0,219083191344.81,219083100000.0
2003-11-27,INTC,19.28,19.31,19.43,19.02,19.12,42785539,1423346483.1275,19.24,0.66,6531998720,6531998000.0,217842098524.01,217842100000.0
2003-11-26,INTC,19.12,19.33,19.51,19.11,19.35,38898852,1301613430.5129,19.35,0.6,6531998720,6531998000.0,216013145414.41,216013100000.0
2003-11-25,INTC,19.35,18.79,19.36,18.79,18.69,45807223,1513232038.0954,19.1,0.7,6531998720,6531998000.0,218560618383.21,218560600000.0
2003-11-22,INTC,18.69,18.61,18.72,18.46,18.41,45737781,1470501492.6456,18.59,0.7,6531998720,6531998000.0,211114146374.41,211114100000.0
2003-11-21,INTC,18.41,18.65,18.96,18.36,18.8,59554844,1927920904.0529,18.72,0.91,6531998720,6531998000.0,207913434341.62,207913400000.0
2003-11-20,INTC,18.8,18.45,18.86,18.34,18.41,48001129,1545918936.4464,18.62,0.73,6531998720,6531998000.0,212420526522.41,212420500000.0
2003-11-19,INTC,18.41,18.8,18.87,18.39,18.64,59471590,1918250128.8194,18.65,0.91,6531998720,6531998000.0,207978813116.81,207978800000.0
2003-11-18,INTC,18.64,18.73,18.84,18.31,18.97,64956125,2085747214.6696,18.57,0.99,6531998720,6531998000.0,210526292617.61,210526300000.0
2003-11-15,INTC,18.97,19.57,19.65,18.91,19.53,59448492,1977119577.352,19.23,0.91,6531998720,6531998000.0,214249479632.02,214249400000.0
2003-11-14,INTC,19.53,19.6,19.65,19.33,19.72,52696238,1777353839.0843,19.5,0.81,6531998720,6531998000.0,220650910229.6,220650900000.0
2003-11-13,INTC,19.72,19.41,19.83,19.38,19.32,49515730,1678731794.19,19.6,0.76,6531998720,6531998000.0,222741097564.01,222741100000.0
2003-11-12,INTC,19.32,19.23,19.34,19.15,19.31,41187449,1370812539.6033,19.24,0.63,6531998720,6531998000.0,218233998851.22,218233900000.0
2003-11-11,INTC,19.31,19.67,19.74,19.21,19.58,54440465,1836336496.7592,19.5,0.83,6531998720,6531998000.0,218103430728.8,218103400000.0
2003-11-08,INTC,19.58,19.9,19.95,19.51,19.73,48496961,1661137112.9686,19.81,0.74,6531998720,6531998000.0,221238763986.41,221238800000.0
2003-11-07,INTC,19.73,19.6,19.79,19.34,19.51,42162133,1424851871.7741,19.54,0.65,6531998720,6531998000.0,222871763666.41,222871800000.0
2003-11-06,INTC,19.51,19.47,19.59,19.22,19.46,45644418,1528768355.1407,19.37,0.7,6531998720,6531998000.0,220389571492.81,220389500000.0
2003-11-05,INTC,19.46,19.6,19.65,19.4,19.67,42013262,1419984941.6142,19.53,0.64,6531998720,6531998000.0,219997671165.61,219997600000.0
2003-11-04,INTC,19.67,19.26,19.71,19.16,19.04,53330141,1801444112.523,19.52,0.82,6531998720,6531998000.0,222349190704.81,222349200000.0
2003-11-01,INTC,19.04,19.03,19.15,18.94,19.01,39566805,1304105868.244,19.05,0.61,6531998720,6531998000.0,215229338228.0,215229300000.0
2003-10-31,INTC,19.01,19.12,19.23,18.97,18.95,55759430,1843060378.2208,19.1,0.85,6531998720,6531998000.0,214837431368.8,214837400000.0
2003-10-30,INTC,18.95,18.79,19.02,18.74,18.88,47733832,1559115357.1281,18.88,0.73,6531998720,6531998000.0,214249479632.02,214249400000.0
2003-10-29,INTC,18.88,18.28,18.92,18.24,18.16,57135008,1832416036.1835,18.53,0.87,6531998720,6531998000.0,213400385118.4,213400300000.0
2003-10-28,INTC,18.16,18.06,18.23,18.05,17.96,37246035,1167949879.9814,18.12,0.57,6531998720,6531998000.0,205235386718.4,205235300000.0
2003-10-25,INTC,17.96,17.89,18.02,17.54,18.04,55944109,1720980485.2802,17.78,0.86,6531998720,6531998000.0,203014435301.62,203014400000.0
2003-10-24,INTC,18.04,17.87,18.14,17.85,18.21,48298488,1503213064.8222,17.99,0.74,6509998080,6509998000.0,203242048917.63,203242000000.0
2003-10-23,INTC,18.21,18.36,18.78,18.15,18.56,50056395,1580179977.0216,18.24,0.77,6509998080,6509998000.0,205195067871.62,205195000000.0
2003-10-22,INTC,18.56,18.65,18.68,18.5,18.58,50330414,1618323729.1127,18.58,0.77,6509998080,6509998000.0,209114119265.77,209114100000.0
2003-10-21,INTC,18.58,18.27,18.61,18.24,18.3,43142547,1375509037.1783,18.42,0.66,6509998080,6509998000.0,209361460132.82,209361400000.0
2003-10-18,INTC,18.3,18.65,18.72,18.24,18.63,53275418,1696379397.8518,18.4,0.82,6509998080,6509998000.0,206106461092.82,206106400000.0
2003-10-17,INTC,18.63,18.2,18.64,18.15,18.35,55254352,1765934560.1008,18.47,0.85,6509998080,6509998000.0,209817212078.41,209817200000.0
2003-10-16,INTC,18.35,18.94,18.94,18.27,17.96,110953250,3568998575.336,18.59,1.7,6509998080,6509998000.0,206757506470.81,206757400000.0
2003-10-15,INTC,17.96,17.79,17.97,17.64,17.8,68536938,2109449753.476,17.79,1.05,6509998080,6509998000.0,202330655696.42,202330600000.0
2003-10-14,INTC,17.8,17.75,17.88,17.61,17.59,41733004,1280902536.5062,17.74,0.64,6509998080,6509998000.0,200507862744.02,200507800000.0
2003-10-11,INTC,17.59,17.43,17.62,17.39,17.2,46220859,1401471817.4691,17.52,0.71,6509998080,6509998000.0,198099196004.41,198099200000.0
2003-10-10,INTC,17.2,17.33,17.56,17.04,17.15,76084938,2277343549.8161,17.3,1.17,6509998080,6509998000.0,193802571231.62,193802600000.0
2003-10-09,INTC,17.15,17.29,17.34,17.05,17.31,41163926,1222959165.5299,17.17,0.63,6509998080,6509998000.0,193151630013.6,193151600000.0
2003-10-08,INTC,17.31,16.92,17.33,16.85,17.08,47969305,1416931721.8815,17.07,0.74,6509998080,6509998000.0,194974422966.01,194974400000.0
2003-10-07,INTC,17.08,17.15,17.22,16.98,17.11,28967883,857162207.1437,17.1,0.44,6509998080,6509998000.0,192435530224.8,192435400000.0
2003-10-04,INTC,17.11,16.91,17.22,16.87,16.54,66654063,1971213395.1169,17.09,1.02,6509998080,6509998000.0,192760945498.83,192760900000.0
2003-10-03,INTC,16.54,16.52,16.73,16.42,16.54,42560426,1220594415.3736,16.57,0.65,6509998080,6509998000.0,186316112499.61,186316100000.0
2003-10-02,INTC,16.54,16.08,16.6,16.07,15.9,60029387,1696508034.588,16.33,0.92,6509998080,6509998000.0,186381179930.42,186381100000.0
2003-10-01,INTC,15.9,16.28,16.28,15.86,16.39,63440129,1762309624.0638,16.05,0.97,6509998080,6509998000.0,179155075551.62,179155100000.0
2003-09-30,INTC,16.39,15.92,16.41,15.87,15.76,65814688,1842054066.0146,16.17,1.01,6509998080,6509998000.0,184688612979.61,184688600000.0
2003-09-27,INTC,15.76,15.89,16.09,15.73,15.86,68707688,1891467066.1204,15.91,1.06,6509998080,6509998000.0,177527576031.62,177527500000.0
2003-09-26,INTC,15.86,16.15,16.38,15.83,16.05,57643266,1611145828.3173,16.15,0.89,6509998080,6509998000.0,178699427766.01,178699400000.0
2003-09-25,INTC,16.05,16.7,16.76,16.03,16.72,59904555,1695801865.1438,16.36,0.92,6509998080,6509998000.0,180847740152.4,180847700000.0
2003-09-24,INTC,16.72,16.48,16.76,16.42,16.48,43976340,1262617406.9023,16.59,0.68,6509998080,6509998000.0,188392801887.13,188392800000.0
2003-09-23,INTC,16.48,16.53,16.63,16.3,16.86,48520422,1381487574.6268,16.45,0.75,6509998080,6509998000.0,185665073631.62,185665000000.0
2003-09-20,INTC,16.86,16.93,16.97,16.66,16.85,53595676,1557377364.875,16.79,0.82,6509998080,6509998000.0,189896630973.6,189896600000.0
2003-09-19,INTC,16.85,16.58,16.92,16.45,16.69,46624992,1348613812.8524,16.72,0.72,6509998080,6509998000.0,189831465892.82,189831400000.0
2003-09-18,INTC,16.69,16.72,16.98,16.63,16.71,52843559,1534396809.6674,16.78,0.81,6509998080,6509998000.0,188008679450.42,188008600000.0
2003-09-17,INTC,16.71,16.23,16.75,16.19,16.18,48868582,1393457805.895,16.48,0.75,6509998080,6509998000.0,188203966372.82,188203900000.0
2003-09-16,INTC,16.18,16.37,16.44,16.13,16.38,36385676,1023343280.6183,16.25,0.56,6509998080,6509998000.0,182214781159.22,182214800000.0
2003-09-13,INTC,16.38,16.07,16.41,15.92,16.2,51936191,1447264077.8994,16.1,0.8,6509998080,6509998000.0,184493319547.21,184493300000.0
2003-09-12,INTC,16.2,15.96,16.38,15.77,15.98,56743680,1583330195.0323,16.12,0.87,6509998080,6509998000.0,182475239672.4,182475200000.0
2003-09-11,INTC,15.98,16.44,16.46,15.97,16.64,58058836,1629856383.3158,16.22,0.89,6509998080,6509998000.0,180066468772.82,180066400000.0
2003-09-10,INTC,16.64,16.76,16.83,16.56,16.86,49835406,1440526597.5185,16.7,0.77,6509998080,6509998000.0,187422799153.21,187422800000.0
2003-09-09,INTC,16.86,16.69,16.87,16.64,16.59,52243996,1517776741.8612,16.79,0.8,6509998080,6509998000.0,189961698404.41,189961600000.0
2003-09-06,INTC,16.59,16.66,16.82,16.39,16.53,68483250,1971460943.0257,16.64,1.05,6509998080,6509998000.0,186901986286.82,186901900000.0
2003-09-05,INTC,16.53,16.37,16.61,16.2,16.31,64061184,1821739920.0,16.43,0.98,6509998080,6509998000.0,186185886498.02,186185800000.0
2003-09-04,INTC,16.31,16.72,16.74,16.2,16.61,60762410,1730039429.2396,16.45,0.93,6509998080,6509998000.0,183712054677.63,183712000000.0
2003-09-03,INTC,16.61,16.63,16.67,16.28,16.52,58919852,1679545733.1712,16.47,0.91,6509998080,6509998000.0,187097279719.22,187097300000.0
2003-08-30,INTC,16.52,16.28,16.56,16.2,16.35,42160125,1194940038.222,16.38,0.65,6509998080,6509998000.0,186120819067.21,186120800000.0
2003-08-29,INTC,16.35,16.24,16.38,16.09,16.19,48679352,1368848287.6409,16.25,0.75,6509998080,6509998000.0,184232867544.02,184232800000.0
2003-08-28,INTC,16.19,15.96,16.23,15.85,16.01,58227301,1615126168.6464,16.03,0.89,6509998080,6509998000.0,182410074591.62,182410000000.0
2003-08-27,INTC,16.01,15.58,16.03,15.42,15.74,65227508,1770124282.9416,15.68,1.0,6509998080,6509998000.0,180391988206.82,180391900000.0
2003-08-26,INTC,15.74,15.93,16.04,15.64,15.83,52075297,1422482980.4187,15.79,0.8,6509998080,6509998000.0,177332282599.22,177332300000.0
2003-08-23,INTC,15.83,16.27,16.78,15.79,15.25,120637938,3411338929.8812,16.34,1.85,6509998080,6509998000.0,178308840901.2,178308800000.0
2003-08-22,INTC,15.25,15.42,15.48,15.03,15.23,66627063,1757441295.9722,15.24,1.02,6509998080,6509998000.0,171798842821.2,171798800000.0
2003-08-21,INTC,15.23,15.11,15.45,15.1,15.3,47289820,1248332645.1314,15.25,0.73,6509998080,6509998000.0,171603451738.83,171603400000.0
2003-08-20,INTC,15.3,15.24,15.34,14.98,15.13,55983547,1467994635.178,15.15,0.86,6509998080,6509998000.0,172319558037.63,172319500000.0
2003-08-19,INTC,15.13,14.5,15.16,14.48,14.48,59198664,1524086535.4979,14.88,0.91,6509998080,6509998000.0,170496765085.22,170496700000.0
2003-08-16,INTC,14.48,14.5,14.59,14.34,14.53,21638902,542543252.9795,14.49,0.33,6509998080,6509998000.0,163075373784.02,163075300000.0
2003-08-15,INTC,14.53,14.33,14.55,14.19,14.28,51883375,1293945378.9291,14.41,0.8,6509998080,6509998000.0,163661345221.2,163661300000.0
2003-08-14,INTC,14.28,14.16,14.45,14.04,14.08,51972746,1280472864.5457,14.24,0.8,6509998080,6509998000.0,160861993966.82,160861900000.0
2003-08-13,INTC,14.08,13.92,14.1,13.77,13.81,48486074,1165100333.4714,13.89,0.74,6509998080,6509998000.0,158648620659.61,158648600000.0
2003-08-12,INTC,13.81,13.65,13.94,13.63,13.63,41632063,994622999.296,13.81,0.64,6509998080,6509998000.0,155588915052.01,155588900000.0
2003-08-09,INTC,13.63,13.96,14.0,13.48,13.86,57517809,1360048338.611,13.66,0.88,6509998080,6509998000.0,153505670096.42,153505600000.0
2003-08-08,INTC,13.86,13.83,14.04,13.79,13.95,48608004,1169809605.6088,13.91,0.75,6509998080,6509998000.0,156174788839.22,156174800000.0
2003-08-07,INTC,13.95,13.93,14.19,13.76,14.03,57811813,1399530915.7111,13.99,0.89,6509998080,6509998000.0,157151347141.2,157151300000.0
2003-08-06,INTC,14.03,14.52,14.52,14.0,14.51,52070949,1283720206.2722,14.25,0.8,6509998080,6509998000.0,157997581791.62,157997500000.0
2003-08-05,INTC,14.51,14.38,14.57,14.08,14.45,53587813,1328602647.709,14.32,0.82,6509998080,6509998000.0,163596186650.42,163596100000.0
2003-08-02,INTC,14.45,14.31,14.48,14.28,14.37,48851164,1215368011.4537,14.37,0.75,6509998080,6509998000.0,162880080351.62,162880000000.0
2003-08-01,INTC,14.37,14.32,14.64,14.25,14.14,68712563,1720925998.2657,14.46,1.06,6509998080,6509998000.0,162033845701.2,162033800000.0
2003-07-31,INTC,14.14,14.35,14.36,14.02,14.38,40908566,1003409070.4361,14.16,0.63,6509998080,6509998000.0,159429787879.22,159429800000.0
2003-07-30,INTC,14.38,14.33,14.57,14.26,14.3,68274313,1701429129.5504,14.39,1.05,6509998080,6509998000.0,162098913132.01,162098800000.0
2003-07-29,INTC,14.3,14.39,14.51,14.21,14.38,45509785,1130771934.3108,14.35,0.7,6509998080,6509998000.0,161187519910.81,161187500000.0
2003-07-26,INTC,14.38,13.96,14.4,13.7,13.84,52639016,1280043955.0394,14.04,0.81,6509998080,6509998000.0,162163974052.82,162163900000.0
2003-07-25,INTC,13.84,14.52,14.53,13.83,14.33,58182570,1432641057.624,14.22,0.89,6533998080,6533998000.0,156619842501.63,156619800000.0
2003-07-24,INTC,14.33,14.07,14.38,14.01,14.1,49057500,1207490757.6375,14.21,0.75,6533998080,6533998000.0,162108479296.8,162108400000.0
2003-07-23,INTC,14.1,14.08,14.16,13.89,13.89,61087371,1486474917.9171,14.05,0.93,6533998080,6533998000.0,159560220045.6,159560200000.0
2003-07-22,INTC,13.89,14.2,14.22,13.83,14.24,53216484,1286380408.623,13.96,0.81,6533998080,6533998000.0,157207980736.8,157207900000.0
2003-07-19,INTC,14.24,14.49,14.52,13.94,14.4,65354387,1607233709.5467,14.2,1.0,6533998080,6533998000.0,161128314244.82,161128300000.0
2003-07-18,INTC,14.4,14.26,14.49,14.2,14.61,72013000,1788859810.27,14.34,1.1,6533998080,6533998000.0,162892526396.41,162892500000.0
2003-07-17,INTC,14.61,14.57,14.72,14.33,13.92,129156875,3252362427.0869,14.54,1.98,6533998080,6533998000.0,165375478336.8,165375400000.0
2003-07-16,INTC,13.92,14.11,14.3,13.67,13.87,104140375,2505825390.8289,13.89,1.59,6533998080,6533998000.0,157469294922.02,157469300000.0
2003-07-15,INTC,13.87,14.01,14.19,13.77,13.48,76976625,1870115313.0289,14.03,1.18,6533998080,6533998000.0,156946562007.62,156946500000.0
2003-07-12,INTC,13.48,13.45,13.57,13.32,13.23,46542313,1086367026.551,13.48,0.71,6533998080,6533998000.0,152483847852.98,152483800000.0
2003-07-11,INTC,13.23,13.32,13.45,13.06,13.56,63362691,1453191319.926,13.24,0.97,6533998080,6533998000.0,149693817604.82,149693800000.0
2003-07-10,INTC,13.56,13.45,13.85,13.43,13.37,78629938,1858159027.2047,13.65,1.2,6533998080,6533998000.0,153418248782.41,153418200000.0
2003-07-09,INTC,13.37,13.18,13.51,13.09,13.23,65013480,1498170113.0122,13.31,1.0,6533998080,6533998000.0,151262016348.01,151262000000.0
2003-07-08,INTC,13.23,12.84,13.27,12.8,12.55,56622563,1283598850.2014,13.09,0.87,6533998080,6533998000.0,149687342412.73,149687300000.0
2003-07-04,INTC,12.55,12.69,12.88,12.54,12.82,40502410,891315678.1289,12.71,0.62,6533998080,6533998000.0,141983752142.41,141983700000.0
2003-07-03,INTC,12.82,12.51,12.89,12.4,12.36,75107375,1644722703.3519,12.64,1.15,6533998080,6533998000.0,145120038550.82,145120000000.0
2003-07-02,INTC,12.36,12.05,12.41,11.84,12.02,64593805,1353749601.4962,12.1,0.99,6533998080,6533998000.0,139892820484.82,139892800000.0
2003-07-01,INTC,12.02,12.21,12.3,11.89,11.88,57247840,1205512763.6822,12.16,0.88,6533998080,6533998000.0,135972486976.8,135972400000.0
2003-06-28,INTC,11.88,11.95,12.2,11.85,11.91,63360973,1318560096.0902,12.02,0.97,6533998080,6533998000.0,134404288233.62,134404300000.0
2003-06-27,INTC,11.91,11.72,11.99,11.64,11.57,52775336,1081128565.0993,11.83,0.81,6533998080,6533998000.0,134796315050.42,134796300000.0
2003-06-26,INTC,11.57,11.85,12.03,11.54,11.81,61324980,1257174293.671,11.84,0.94,6533998080,6533998000.0,130941275785.21,130941300000.0
2003-06-25,INTC,11.81,11.61,11.98,11.57,11.76,63938801,1303737536.094,11.77,0.98,6533998080,6533998000.0,133620241134.01,133620200000.0
2003-06-24,INTC,11.76,11.95,12.11,11.58,11.94,59787020,1223236450.498,11.81,0.92,6533998080,6533998000.0,133032102898.83,133032100000.0
2003-06-21,INTC,11.94,12.32,12.37,11.92,12.2,80149813,1677237829.5347,12.08,1.23,6533998080,6533998000.0,135057727245.6,135057700000.0
2003-06-20,INTC,12.2,12.51,12.66,12.2,12.56,69646063,1497808021.9398,12.42,1.07,6533998080,6533998000.0,137998006779.61,137997900000.0
2003-06-19,INTC,12.56,12.3,12.69,12.2,12.39,62530359,1351700011.3953,12.48,0.96,6533998080,6533998000.0,142120939966.1,142120900000.0
2003-06-18,INTC,12.39,12.69,12.71,12.35,12.63,50773336,1096647851.517,12.47,0.78,6533998080,6533998000.0,140154239214.01,140154200000.0
2003-06-17,INTC,12.63,12.41,12.67,12.31,12.33,52018438,1125985386.9198,12.5,0.8,6533998080,6533998000.0,142898505339.61,142898500000.0
2003-06-14,INTC,12.33,12.68,12.74,12.24,12.78,58856141,1268279093.4685,12.44,0.9,6533998080,6533998000.0,139559625786.73,139559600000.0
2003-06-13,INTC,12.78,12.71,12.9,12.63,12.64,59496012,1314611684.4695,12.76,0.91,6533998080,6533998000.0,144662710957.2,144662700000.0
2003-06-12,INTC,12.64,12.43,12.68,12.36,12.69,54249375,1179538193.1937,12.55,0.83,6533998080,6533998000.0,143029211437.2,143029200000.0
2003-06-11,INTC,12.69,12.65,12.69,12.4,12.51,52513082,1138183558.0095,12.52,0.8,6533998080,6533998000.0,143545364615.53,143545300000.0
2003-06-10,INTC,12.51,12.47,12.58,12.21,12.56,50315703,1082265160.8372,12.42,0.77,6533998080,6533998000.0,141591725325.6,141591700000.0
2003-06-07,INTC,12.56,12.97,13.23,12.55,12.61,106739375,2394440316.0131,12.95,1.63,6533998080,6533998000.0,142179765550.81,142179700000.0
2003-06-06,INTC,12.61,12.18,12.67,12.01,12.35,88784875,1887548419.1704,12.28,1.36,6533998080,6533998000.0,142702491931.21,142702400000.0
2003-06-05,INTC,12.35,12.14,12.41,12.04,12.18,79296000,1678838973.504,12.23,1.21,6533998080,6533998000.0,139703393346.49,139703400000.0
2003-06-04,INTC,12.18,11.76,12.2,11.65,11.77,67943875,1406587349.3056,11.95,1.04,6533998080,6533998000.0,137867300682.02,137867300000.0
2003-06-03,INTC,11.77,12.13,12.22,11.72,12.02,73499750,1530638835.2277,12.02,1.12,6533998080,6533998000.0,133162815530.42,133162800000.0
2003-05-31,INTC,12.02,12.05,12.13,11.8,12.03,69659938,1451733100.3222,12.03,1.07,6533998080,6533998000.0,136037787753.62,136037800000.0
2003-05-30,INTC,12.03,11.43,12.11,11.42,11.4,122323563,2515853184.9336,11.88,1.87,6533998080,6533998000.0,136103095064.42,136103100000.0
2003-05-29,INTC,11.4,11.46,11.61,11.32,11.42,69201500,1375683953.0925,11.48,1.06,6533998080,6533998000.0,128981056759.22,128981000000.0
2003-05-28,INTC,11.42,10.79,11.43,10.78,10.86,71433313,1387234867.0267,11.21,1.09,6533998080,6533998000.0,129242475488.4,129242400000.0
2003-05-24,INTC,10.86,10.84,10.97,10.81,10.84,36960840,696959102.0196,10.89,0.57,6533998080,6533998000.0,122904490816.8,122904400000.0
2003-05-23,INTC,10.84,10.93,11.01,10.82,10.88,61189168,1158065887.6222,10.93,0.94,6533998080,6533998000.0,122643072087.62,122643000000.0
2003-05-22,INTC,10.88,10.85,10.91,10.72,10.77,49636895,929043687.4253,10.81,0.76,6533998080,6533998000.0,123100497691.21,123100400000.0
2003-05-21,INTC,10.77,10.78,10.88,10.69,10.78,56914266,1062395610.0585,10.78,0.87,6533998080,6533998000.0,121924325764.82,121924300000.0
2003-05-20,INTC,10.78,11.06,11.15,10.76,11.26,59183762,1118459883.2633,10.91,0.91,6533998080,6533998000.0,121989731085.6,121989700000.0
2003-05-17,INTC,11.26,11.38,11.55,11.23,11.55,56752227,1114153874.9846,11.34,0.87,6533998080,6533998000.0,127412962560.0,127412900000.0
2003-05-16,INTC,11.55,11.46,11.61,11.32,11.35,72053313,1431281203.9347,11.47,1.1,6533998080,6533998000.0,130679961600.0,130679900000.0
2003-05-15,INTC,11.35,11.5,11.53,11.14,11.44,57809219,1130736761.7962,11.29,0.88,6533998080,6533998000.0,128458323844.82,128458300000.0
2003-05-14,INTC,11.44,11.43,11.53,11.35,11.54,46560074,922773408.2049,11.44,0.71,6533998080,6533998000.0,129503789673.62,129503800000.0
2003-05-13,INTC,11.54,11.25,11.57,11.22,11.31,68929563,1364825543.762,11.43,1.05,6533998080,6533998000.0,130614556279.22,130614500000.0
2003-05-10,INTC,11.31,11.16,11.31,11.07,10.9,51979770,1006946282.7058,11.19,0.8,6533998080,6533998000.0,127935597464.42,127935600000.0
2003-05-09,INTC,10.9,10.92,11.13,10.88,11.06,54255148,1031162437.6033,10.97,0.83,6533998080,6533998000.0,123296511099.61,123296400000.0
2003-05-08,INTC,11.06,11.13,11.28,11.01,11.28,53641555,1036064695.429,11.15,0.82,6533998080,6533998000.0,125191324804.82,125191300000.0
2003-05-07,INTC,11.28,10.96,11.37,10.93,10.98,62255422,1207804244.0725,11.2,0.95,6533998080,6533998000.0,127674276745.21,127674200000.0
2003-05-06,INTC,10.98,11.11,11.22,10.96,10.99,55419016,1064000162.378,11.09,0.85,6533998080,6533998000.0,124276571607.62,124276500000.0
2003-05-03,INTC,10.99,10.7,11.01,10.61,10.7,59686117,1129427917.5925,10.92,0.91,6533998080,6533998000.0,124472585016.02,124472600000.0
2003-05-02,INTC,10.7,10.6,10.82,10.56,10.6,53044895,980508255.5377,10.66,0.81,6533998080,6533998000.0,121205585976.02,121205500000.0
2003-05-01,INTC,10.6,10.87,10.91,10.59,10.91,64718551,1199253453.6912,10.69,0.99,6533998080,6533998000.0,120029512059.61,120029500000.0
2003-04-30,INTC,10.91,10.94,11.12,10.79,10.82,60975297,1154938344.3525,10.93,0.93,6533998080,6533998000.0,123623230605.6,123623200000.0
2003-04-29,INTC,10.82,10.58,10.89,10.49,10.54,51267105,955725985.4495,10.75,0.78,6533998080,6533998000.0,122512464000.0,122512400000.0
2003-04-26,INTC,10.54,10.7,10.73,10.42,10.93,60967504,1115004074.969,10.55,0.93,6533998080,6533998000.0,119441478368.4,119441400000.0
2003-04-25,INTC,10.93,11.16,11.16,10.78,11.24,65649188,1244734142.0141,10.94,1.0,6544000000,6544000000.0,124008780368.0,124008800000.0
2003-04-24,INTC,11.24,10.99,11.28,10.9,10.96,63367020,1215353843.3239,11.06,0.97,6544000000,6544000000.0,127477093824.0,127477100000.0
2003-04-23,INTC,10.96,10.55,10.97,10.52,10.76,60819441,1137353104.9483,10.79,0.93,6544000000,6544000000.0,124336000000.0,124335900000.0
2003-04-22,INTC,10.76,10.7,10.84,10.55,10.76,50487266,935351828.6763,10.69,0.77,6544000000,6544000000.0,122045560736.0,122045500000.0
2003-04-18,INTC,10.76,10.38,10.78,10.32,10.48,69139813,1268909090.8866,10.59,1.06,6544000000,6544000000.0,122110961472.0,122110900000.0
2003-04-17,INTC,10.48,10.36,10.57,10.27,9.88,106499750,1930967841.201,10.46,1.63,6544000000,6544000000.0,118838961472.0,118838900000.0
2003-04-16,INTC,9.88,9.88,10.0,9.76,9.9,63187906,1082655009.8618,9.88,0.97,6544000000,6544000000.0,112098654560.0,112098600000.0
2003-04-15,INTC,9.9,9.7,9.92,9.6,9.67,41868852,710254454.7379,9.79,0.64,6544000000,6544000000.0,112294961472.0,112294900000.0
2003-04-12,INTC,9.67,9.95,10.03,9.6,9.74,41871598,707746702.3436,9.75,0.64,6544000000,6544000000.0,109677407280.0,109677300000.0
2003-04-11,INTC,9.74,9.73,9.79,9.55,9.62,44937375,753392932.0129,9.67,0.69,6544000000,6544000000.0,110462654560.0,110462600000.0
2003-04-10,INTC,9.62,9.89,10.05,9.6,9.86,56550547,963864318.5805,9.83,0.86,6544000000,6544000000.0,109153874192.0,109153800000.0
2003-04-09,INTC,9.86,10.03,10.08,9.77,10.01,48803223,836960096.6476,9.89,0.75,6544000000,6544000000.0,111902341104.0,111902300000.0
2003-04-08,INTC,10.01,10.41,10.43,10.01,9.83,59348730,1054976792.8633,10.25,0.91,6544000000,6544000000.0,113538341104.0,113538300000.0
2003-04-05,INTC,9.83,10.17,10.2,9.72,10.13,56673363,972259198.8661,9.9,0.87,6544000000,6544000000.0,111575121472.0,111575100000.0
2003-04-04,INTC,10.13,10.16,10.38,10.07,10.11,55240914,976675821.3124,10.2,0.84,6544000000,6544000000.0,114978027648.0,114977900000.0
2003-04-03,INTC,10.11,9.81,10.15,9.81,9.47,56854965,986711606.6739,10.01,0.87,6544000000,6544000000.0,114650808016.0,114650800000.0
2003-04-02,INTC,9.47,9.45,9.6,9.39,9.39,46077352,758571353.8213,9.5,0.7,6544000000,6544000000.0,107452466912.0,107452400000.0
2003-04-01,INTC,9.39,9.6,9.7,9.38,9.93,67529375,1116956053.7831,9.54,1.03,6544000000,6544000000.0,106536313456.0,106536300000.0
2003-03-29,INTC,9.93,10.05,10.18,9.92,10.14,37302219,649464794.4627,10.04,0.57,6544000000,6544000000.0,112687588384.0,112687500000.0
2003-03-28,INTC,10.14,10.16,10.28,10.05,10.32,46438344,817342067.2696,10.15,0.71,6544000000,6544000000.0,115043434928.0,115043400000.0
2003-03-27,INTC,10.32,10.38,10.41,10.27,10.41,44381691,796424385.4822,10.35,0.68,6544000000,6544000000.0,117072153456.0,117072100000.0
2003-03-26,INTC,10.41,10.34,10.52,10.18,10.28,60618625,1089043907.4375,10.36,0.93,6544000000,6544000000.0,118053714192.0,118053600000.0
2003-03-25,INTC,10.28,10.43,10.57,10.27,10.9,64944617,1172951219.1567,10.42,0.99,6544000000,6544000000.0,116679434928.0,116679400000.0
2003-03-22,INTC,10.9,10.78,10.97,10.67,10.54,73618563,1381533241.4957,10.82,1.12,6544000000,6544000000.0,123681560736.0,123681500000.0
2003-03-21,INTC,10.54,10.31,10.73,10.27,10.37,68974000,1257188408.26,10.51,1.05,6544000000,6544000000.0,119558808016.0,119558800000.0
2003-03-20,INTC,10.37,10.43,10.5,10.19,10.53,64757828,1163930520.2469,10.37,0.99,6544000000,6544000000.0,117661093824.0,117661100000.0
2003-03-19,INTC,10.53,10.48,10.55,10.26,10.42,62472895,1125186067.5913,10.39,0.95,6544000000,6544000000.0,119428000000.0,119427900000.0
2003-03-18,INTC,10.42,9.81,10.49,9.77,9.9,78150125,1391931094.8737,10.27,1.19,6544000000,6544000000.0,118184626912.0,118184600000.0
2003-03-15,INTC,9.9,10.04,10.06,9.74,10.01,73274375,1257482505.8463,9.9,1.12,6544000000,6544000000.0,112360466912.0,112360400000.0
2003-03-14,INTC,10.01,9.59,10.01,9.46,9.34,78248188,1314381215.0115,9.69,1.2,6544000000,6544000000.0,113538341104.0,113538300000.0
2003-03-13,INTC,9.34,9.12,9.35,8.99,9.14,62179238,988382513.4766,9.17,0.95,6544000000,6544000000.0,106012780368.0,106012800000.0
2003-03-12,INTC,9.14,9.21,9.29,9.12,9.17,49873605,796566256.9785,9.21,0.76,6544000000,6544000000.0,103722393456.0,103722400000.0
2003-03-11,INTC,9.17,9.18,9.29,9.06,9.23,57776738,917725706.392,9.16,0.88,6544000000,6544000000.0,104049600000.0,104049600000.0
2003-03-08,INTC,9.23,9.15,9.34,9.07,9.63,91309438,1460019651.7324,9.22,1.4,6544000000,6544000000.0,104769407280.0,104769300000.0
2003-03-07,INTC,9.63,9.73,9.8,9.56,9.79,57172855,957690716.4969,9.66,0.87,6544000000,6544000000.0,109284780368.0,109284800000.0
2003-03-06,INTC,9.79,9.61,9.86,9.58,9.59,49468375,833962105.2537,9.72,0.76,6544000000,6544000000.0,111117093824.0,111117100000.0
2003-03-05,INTC,9.59,9.63,9.75,9.51,9.61,50908621,849506558.6787,9.63,0.78,6544000000,6544000000.0,108761247280.0,108761200000.0
2003-03-04,INTC,9.61,9.88,9.98,9.57,9.96,58402711,990591508.7446,9.78,0.89,6544000000,6544000000.0,109022961472.0,109022900000.0
2003-03-01,INTC,9.96,9.79,9.97,9.7,9.63,65376813,1118949455.3216,9.87,1.0,6544000000,6544000000.0,112949407280.0,112949300000.0
2003-02-28,INTC,9.63,9.45,9.67,9.4,9.37,50408602,835123997.334,9.56,0.77,6544000000,6544000000.0,109284780368.0,109284800000.0
2003-02-27,INTC,9.37,9.53,9.72,9.29,9.65,53591242,880455498.8035,9.48,0.82,6544000000,6544000000.0,106274494560.0,106274400000.0
2003-02-26,INTC,9.65,9.4,9.68,9.23,9.54,58713441,961127110.3415,9.44,0.9,6544000000,6544000000.0,109481093824.0,109481100000.0
2003-02-25,INTC,9.54,9.62,9.86,9.53,9.68,49258004,827903705.198,9.69,0.75,6544000000,6544000000.0,108237714192.0,108237700000.0
2003-02-22,INTC,9.68,9.83,9.83,9.47,9.82,61472648,1028639768.9972,9.65,0.94,6544000000,6544000000.0,109808313456.0,109808300000.0
2003-02-21,INTC,9.82,9.85,9.86,9.7,9.69,52239559,886457569.2731,9.79,0.79,6624998400,6624998000.0,112757399893.02,112757400000.0
2003-02-20,INTC,9.69,9.8,9.84,9.52,9.64,51975926,874515433.4648,9.71,0.78,6624998400,6624998000.0,111299893620.02,111299800000.0
2003-02-19,INTC,9.64,9.47,9.66,9.33,9.32,50625395,840107673.613,9.57,0.76,6624998400,6624998000.0,110703663639.01,110703600000.0
2003-02-15,INTC,9.32,9.04,9.34,8.96,8.96,54904125,867336933.8625,9.11,0.83,6624998400,6624998000.0,106993684410.01,106993600000.0
2003-02-14,INTC,8.96,8.84,9.0,8.71,8.74,54847941,840040094.7678,8.83,0.83,6624998400,6624998000.0,102886225152.0,102886200000.0
2003-02-13,INTC,8.74,8.81,8.9,8.72,8.85,38522785,589402462.7785,8.83,0.58,6624998400,6624998000.0,100368725760.0,100368700000.0
2003-02-12,INTC,8.85,8.88,8.96,8.69,8.81,47404078,727316028.3462,8.85,0.72,6624998400,6624998000.0,101627468831.0,101627400000.0
2003-02-11,INTC,8.81,8.69,8.91,8.58,8.68,53100301,804676651.3239,8.74,0.8,6624998400,6624998000.0,101163725568.0,101163700000.0
2003-02-08,INTC,8.68,8.96,9.02,8.59,8.87,49871348,755919970.1752,8.74,0.75,6624998400,6624998000.0,99706219295.0,99706130000.0
2003-02-07,INTC,8.87,8.93,9.06,8.8,8.99,47485898,737095103.1152,8.95,0.72,6624998400,6624998000.0,101892468767.0,101892400000.0
2003-02-06,INTC,8.99,9.1,9.32,8.94,9.01,51023609,806943478.6959,9.12,0.77,6624998400,6624998000.0,103217475072.0,103217400000.0
2003-02-05,INTC,9.01,8.97,9.09,8.83,9.08,41210047,639340911.1674,8.94,0.62,6624998400,6624998000.0,103614968351.0,103614900000.0
2003-02-04,INTC,9.08,9.02,9.21,8.93,9.04,44038457,694534909.1927,9.09,0.66,6624998400,6624998000.0,104476224768.0,104476200000.0
2003-02-01,INTC,9.04,8.87,9.13,8.72,9.1,65798938,1021107399.2468,8.94,0.99,6624998400,6624998000.0,104012474880.0,104012400000.0
2003-01-31,INTC,9.1,9.58,9.62,9.08,9.6,55799422,904954356.4029,9.34,0.84,6624998400,6624998000.0,104608724736.0,104608600000.0
2003-01-30,INTC,9.6,9.18,9.61,9.06,9.23,63345293,1023400219.1787,9.31,0.96,6624998400,6624998000.0,110372393844.02,110372300000.0
2003-01-29,INTC,9.23,9.27,9.38,9.1,9.15,58527625,939339117.4375,9.25,0.88,6624998400,6624998000.0,106198717727.0,106198700000.0
2003-01-28,INTC,9.15,8.92,9.29,8.92,9.13,56687215,898293952.4975,9.13,0.86,6624998400,6624998000.0,105204967967.0,105204900000.0
2003-01-25,INTC,9.13,9.47,9.5,9.07,9.6,60958879,976323440.993,9.23,0.92,6624998400,6624998000.0,105006218015.0,105006200000.0
2003-01-24,INTC,9.6,9.53,9.67,9.33,9.36,52078777,858450363.5684,9.5,0.79,6624998400,6624998000.0,110438710078.0,110438600000.0
2003-01-23,INTC,9.36,9.34,9.61,9.3,9.38,60356367,991836118.5546,9.47,0.91,6624998400,6624998000.0,107656224000.0,107656200000.0
2003-01-22,INTC,9.38,9.37,9.56,9.35,9.41,57510594,941982582.1771,9.44,0.87,6624998400,6624998000.0,107921177561.01,107921100000.0
2003-01-18,INTC,9.41,9.73,9.76,9.38,9.91,68216688,1125950134.4839,9.51,1.03,6624998400,6624998000.0,108252447356.01,108252400000.0
2003-01-17,INTC,9.91,10.05,10.1,9.86,10.0,54680832,944446674.134,9.95,0.83,6624998400,6624998000.0,113949952605.0,113949900000.0
2003-01-16,INTC,10.0,10.33,10.38,9.99,10.25,100045938,1762508289.2866,10.15,1.51,6624998400,6624998000.0,114943662615.01,114943600000.0
2003-01-15,INTC,10.25,10.12,10.28,9.99,10.01,82349875,1446928149.288,10.12,1.24,6624998400,6624998000.0,117858675161.01,117858600000.0
2003-01-14,INTC,10.01,10.28,10.36,9.93,10.04,67024500,1175783189.406,10.11,1.01,6624998400,6624998000.0,115142405942.02,115142300000.0
2003-01-11,INTC,10.04,9.82,10.08,9.71,9.83,55155984,953133240.525,9.96,0.83,6624998400,6624998000.0,115407458878.0,115407400000.0
2003-01-10,INTC,9.83,9.72,10.01,9.71,9.61,58811395,1008720990.704,9.88,0.89,6624998400,6624998000.0,113022459454.0,113022400000.0
2003-01-09,INTC,9.61,9.9,9.97,9.56,10.0,56046180,945128535.304,9.71,0.85,6624998400,6624998000.0,110504926937.01,110504900000.0
2003-01-08,INTC,10.0,10.09,10.17,9.8,9.9,64224656,1114888134.638,10.0,0.97,6624998400,6624998000.0,115009872849.02,115009800000.0
2003-01-07,INTC,9.9,9.62,10.06,9.56,9.53,57311383,975760051.9796,9.81,0.87,6624998400,6624998000.0,113817426137.01,113817400000.0
2003-01-04,INTC,9.53,9.6,9.71,9.41,9.61,50413293,835272493.8306,9.54,0.76,6624998400,6624998000.0,109577427161.01,109577400000.0
2003-01-03,INTC,9.61,9.23,9.64,9.02,8.97,57259480,936879611.76,9.43,0.86,6624998400,6624998000.0,110571137171.02,110571100000.0
2003-01-01,INTC,8.97,9.05,9.11,8.88,9.08,50103027,781567138.7784,8.99,0.76,6624998400,6624998000.0,103151225088.0,103151200000.0
2002-12-31,INTC,9.08,9.47,9.53,9.07,9.45,56997039,913559883.5028,9.23,0.86,6624998400,6624998000.0,104409968159.0,104409900000.0
2002-12-28,INTC,9.45,9.55,9.7,9.38,9.61,31320145,517702860.2414,9.52,0.47,6624998400,6624998000.0,108649934010.01,108649900000.0
2002-12-27,INTC,9.61,9.73,9.93,9.58,9.67,30066691,510574506.5474,9.78,0.45,6624998400,6624998000.0,110571137171.02,110571100000.0
2002-12-25,INTC,9.67,9.8,9.88,9.67,9.91,21556469,365931731.7272,9.78,0.33,6624998400,6624998000.0,111167466527.0,111167400000.0
2002-12-24,INTC,9.91,9.71,10.02,9.7,9.8,35527012,611245580.9991,9.91,0.54,6624998400,6624998000.0,114016162839.01,114016100000.0
2002-12-21,INTC,9.8,9.89,10.03,9.65,9.79,69240000,1187514191.04,9.88,1.05,6624998400,6624998000.0,112691189659.01,112691100000.0
2002-12-20,INTC,9.79,9.78,10.07,9.59,9.87,59576547,1014004030.3308,9.81,0.9,6624998400,6624998000.0,112624972800.0,112624900000.0
2002-12-19,INTC,9.87,10.1,10.14,9.81,10.31,54190352,933580491.9952,9.92,0.82,6624998400,6624998000.0,113486156342.02,113486100000.0
2002-12-18,INTC,10.31,10.48,10.55,10.23,10.5,52435086,946872730.5529,10.4,0.79,6624998400,6624998000.0,118521214751.0,118521200000.0
2002-12-17,INTC,10.5,10.19,10.51,10.14,10.13,51346992,923059689.1378,10.36,0.78,6624998400,6624998000.0,120707378098.02,120707300000.0
2002-12-14,INTC,10.13,10.28,10.37,10.12,10.48,53552617,952304392.1959,10.24,0.81,6624998400,6624998000.0,116467385747.02,116467300000.0
2002-12-13,INTC,10.48,10.61,10.7,10.34,10.46,54391953,994398580.0218,10.53,0.82,6624998400,6624998000.0,120508634771.02,120508600000.0
2002-12-12,INTC,10.46,10.33,10.61,10.23,10.44,55709813,1006926680.8096,10.41,0.84,6624998400,6624998000.0,120309891444.02,120309900000.0
2002-12-11,INTC,10.44,10.27,10.66,10.21,10.19,58707426,1066590233.8734,10.47,0.89,6624998400,6624998000.0,120111154742.02,120111100000.0
2002-12-10,INTC,10.19,10.63,10.66,10.16,10.78,72066875,1291560337.1525,10.32,1.09,6624998400,6624998000.0,117129925337.01,117129900000.0
2002-12-07,INTC,10.78,10.72,10.96,10.59,10.92,71769063,1343882738.0432,10.79,1.08,6624998400,6624998000.0,123953660439.01,123953600000.0
2002-12-06,INTC,10.92,11.56,11.61,10.88,11.37,89398000,1726597123.402,11.13,1.35,6624998400,6624998000.0,125609910039.01,125609900000.0
2002-12-05,INTC,11.37,11.18,11.55,11.12,11.7,75168500,1470776261.8835,11.27,1.13,6624998400,6624998000.0,130777402166.02,130777300000.0
2002-12-04,INTC,11.7,12.04,12.05,11.61,12.13,53812727,1102961419.721,11.81,0.81,6624998400,6624998000.0,134553704254.0,134553600000.0
2002-12-03,INTC,12.13,12.6,12.73,11.97,12.03,83173125,1786973426.2012,12.38,1.26,6624998400,6624998000.0,139456136820.02,139456100000.0
2002-11-30,INTC,12.03,12.21,12.27,11.87,12.04,20723156,435492688.5846,12.11,0.31,6624998400,6624998000.0,138329900342.02,138329800000.0
2002-11-28,INTC,12.04,11.85,12.16,11.75,11.64,51001352,1064387862.9655,12.02,0.77,6624998400,6624998000.0,138462426810.01,138462400000.0
2002-11-27,INTC,11.64,11.82,11.92,11.52,11.8,71244313,1455577383.8643,11.77,1.08,6624998400,6624998000.0,133824947805.0,133824900000.0
2002-11-26,INTC,11.8,11.55,11.84,11.46,11.55,53785176,1091521632.6912,11.69,0.81,6624998400,6624998000.0,135679940732.01,135679900000.0
2002-11-23,INTC,11.55,11.41,11.75,11.3,11.64,59659855,1193328232.3613,11.52,0.9,6624998400,6624998000.0,132831138420.02,132831100000.0
2002-11-22,INTC,11.64,11.18,11.73,11.15,11.03,91060750,1825330672.7178,11.55,1.37,6624998400,6624998000.0,133891158039.01,133891100000.0
2002-11-21,INTC,11.03,10.51,11.04,10.42,10.46,65383137,1230254728.7418,10.84,0.99,6624998400,6624998000.0,126868679610.01,126868600000.0
2002-11-20,INTC,10.46,10.55,10.7,10.38,10.69,51582113,941368094.546,10.51,0.78,6624998400,6624998000.0,120243681210.01,120243600000.0
2002-11-19,INTC,10.69,10.99,11.05,10.65,10.83,52918672,998061553.2536,10.87,0.8,6624998400,6624998000.0,122893640820.02,122893600000.0
2002-11-16,INTC,10.83,10.65,10.9,10.43,11.07,73994938,1361750302.546,10.6,1.12,6624998400,6624998000.0,124549890420.02,124549800000.0
2002-11-15,INTC,11.07,10.87,11.11,10.72,10.44,65135957,1235804124.6065,10.93,0.98,6624998400,6624998000.0,127266159639.01,127266100000.0
2002-11-14,INTC,10.44,10.15,10.5,10.1,10.25,66194063,1185329870.9881,10.32,1.0,6624998400,6624998000.0,120044937883.01,120044900000.0
2002-11-13,INTC,10.25,10.09,10.55,10.08,9.99,54810895,982106604.4014,10.32,0.83,6624998400,6624998000.0,117858675161.01,117858600000.0
2002-11-12,INTC,9.99,10.35,10.46,9.95,10.46,40951227,720561286.9475,10.14,0.62,6624998400,6624998000.0,114877445756.01,114877400000.0
2002-11-09,INTC,10.46,10.58,10.88,10.4,10.62,50992996,935945131.8805,10.57,0.77,6624998400,6624998000.0,120243681210.01,120243600000.0
2002-11-08,INTC,10.62,10.76,10.99,10.48,11.03,66579813,1239408985.3826,10.72,1.0,6624998400,6624998000.0,122164884371.02,122164900000.0
2002-11-07,INTC,11.03,10.65,11.08,10.51,10.57,83158500,1560643053.765,10.81,1.26,6624998400,6624998000.0,126868679610.01,126868600000.0
2002-11-06,INTC,10.57,10.58,10.81,10.2,10.8,72052875,1312817793.075,10.5,1.09,6624998400,6624998000.0,121568661015.01,121568600000.0
2002-11-05,INTC,10.8,10.86,11.07,10.61,10.53,81569063,1544329613.9995,10.9,1.23,6624998400,6624998000.0,124351147093.02,124351100000.0
2002-11-02,INTC,10.53,9.84,10.63,9.73,9.96,85187313,1516171974.756,10.24,1.29,6624998400,6624998000.0,121237391220.02,121237400000.0
2002-11-01,INTC,9.96,9.85,10.08,9.68,9.78,77286250,1326502397.3025,9.88,1.17,6624998400,6624998000.0,114612392820.02,114612400000.0
2002-10-31,INTC,9.78,9.54,10.0,9.43,9.44,80861688,1370532593.4957,9.75,1.22,6624998400,6624998000.0,112558656566.02,112558600000.0
2002-10-30,INTC,9.44,9.61,9.74,9.24,9.67,79184313,1297370512.4742,9.43,1.2,6624998400,6624998000.0,108649934010.01,108649900000.0
2002-10-29,INTC,9.67,9.86,9.94,9.52,9.55,86128188,1462240795.0009,9.77,1.3,6624998400,6624998000.0,111366209854.0,111366100000.0
2002-10-26,INTC,9.55,9.02,9.55,8.97,8.99,69907813,1132170383.9273,9.32,1.06,6624998400,6624998000.0,109908696956.01,109908600000.0
2002-10-25,INTC,8.99,9.4,9.59,8.96,9.3,86519125,1398537530.8713,9.3,1.31,6624998400,6624998000.0,103548718367.0,103548600000.0
2002-10-24,INTC,9.3,8.67,9.37,8.64,8.7,91968375,1440059209.425,9.01,1.39,6624998400,6624998000.0,107059894644.02,107059900000.0
2002-10-23,INTC,8.7,8.55,8.9,8.48,8.89,74290750,1123617877.45,8.7,1.12,6624998400,6624998000.0,100169975808.0,100169900000.0
2002-10-22,INTC,8.89,8.18,8.94,8.14,8.32,88093313,1315735294.9741,8.6,1.33,6624998400,6624998000.0,102356225280.0,102356200000.0
2002-10-19,INTC,8.32,8.19,8.34,7.88,8.19,63471000,893785927.8,8.1,0.96,6624998400,6624998000.0,95797470239.0,95797440000.0
2002-10-18,INTC,8.19,8.18,8.23,8.0,7.79,92034188,1296770912.3388,8.11,1.39,6624998400,6624998000.0,94273727232.0,94273690000.0
2002-10-17,INTC,7.79,7.79,8.13,7.72,9.51,134399688,1845710915.304,7.9,2.03,6624998400,6624998000.0,89702478336.0,89702440000.0
2002-10-16,INTC,9.51,9.17,9.52,8.7,8.69,93298063,1505456331.6932,9.29,1.41,6624998400,6624998000.0,109444900693.02,109444800000.0
2002-10-15,INTC,8.69,8.59,8.74,8.4,8.76,41076297,610525217.5704,8.55,0.62,6624998400,6624998000.0,100037469215.0,100037400000.0
2002-10-12,INTC,8.76,8.28,8.78,8.14,8.16,66919688,988450635.5416,8.5,1.01,6624998400,6624998000.0,100832469023.0,100832400000.0
2002-10-11,INTC,8.16,7.76,8.3,7.62,7.75,71902250,1005567346.7,8.05,1.09,6624998400,6624998000.0,93942470687.0,93942440000.0
2002-10-10,INTC,7.75,7.48,7.95,7.45,7.61,69681875,938886615.5625,7.75,1.05,6624998400,6624998000.0,89172471839.0,89172440000.0
2002-10-09,INTC,7.61,8.08,8.11,7.53,7.95,72176000,977667225.6,7.8,1.09,6624998400,6624998000.0,87582472223.0,87582440000.0
2002-10-08,INTC,7.95,7.9,8.21,7.85,7.89,47355898,659123066.313,8.01,0.71,6624998400,6624998000.0,91557477888.0,91557380000.0
2002-10-05,INTC,7.89,8.14,8.25,7.82,7.96,54461000,758026320.7,8.01,0.82,6624998400,6624998000.0,90828721439.0,90828690000.0
2002-10-04,INTC,7.96,8.22,8.4,7.94,8.23,51531398,731318140.9966,8.17,0.78,6624998400,6624998000.0,91689971231.0,91689940000.0
2002-10-03,INTC,8.23,8.5,8.75,8.19,8.44,65484500,962216146.1,8.46,0.99,6624998400,6624998000.0,94737470495.0,94737440000.0
2002-10-02,INTC,8.44,8.09,8.46,7.97,7.99,57729898,820561224.1924,8.18,0.87,6624998400,6624998000.0,97188719903.0,97188690000.0
2002-10-01,INTC,7.99,8.2,8.22,7.87,8.41,64117598,892888846.2284,8.01,0.97,6624998400,6624998000.0,92021221151.0,92021130000.0
2002-09-28,INTC,8.41,8.63,8.8,8.34,8.72,54382199,809060289.1827,8.56,0.81,6685995520,6685995000.0,97749254502.4,97749190000.0
2002-09-27,INTC,8.72,9.0,9.03,8.48,8.75,61896398,945529375.848,8.79,0.93,6685995520,6685995000.0,101292832128.0,101292800000.0
2002-09-26,INTC,8.75,8.38,8.91,8.06,8.25,62070699,930253565.913,8.62,0.93,6685995520,6685995000.0,101627131904.0,101627100000.0
2002-09-25,INTC,8.25,8.06,8.63,8.0,8.13,72978375,1062521352.975,8.38,1.09,6685995520,6685995000.0,95877169070.8,95877130000.0
2002-09-24,INTC,8.13,8.47,8.48,8.11,8.57,54283598,780104158.4982,8.27,0.81,6685995520,6685995000.0,94486488688.64,94486440000.0
2002-09-21,INTC,8.57,8.7,8.74,8.53,8.62,69942500,1050417447.75,8.64,1.05,6685995520,6685995000.0,99621333248.0,99621310000.0
2002-09-20,INTC,8.62,8.64,8.95,8.57,8.79,48508598,736685525.2466,8.74,0.73,6685995520,6685995000.0,100156212889.6,100156100000.0
2002-09-19,INTC,8.79,8.76,9.01,8.63,8.96,45250598,692157672.0678,8.8,0.68,6685995520,6685995000.0,102162011545.6,102161900000.0
2002-09-18,INTC,8.96,9.3,9.41,8.92,9.03,49541699,783591144.7432,9.1,0.74,6685995520,6685995000.0,104100950246.4,104100900000.0
2002-09-17,INTC,9.03,9.2,9.29,8.94,9.22,35507098,560266499.342,9.08,0.53,6685995520,6685995000.0,104970129664.0,104970100000.0
2002-09-14,INTC,9.22,9.03,9.32,9.0,9.03,38478297,615194860.2657,9.2,0.58,6685995520,6685995000.0,107176501499.6,107176400000.0
2002-09-13,INTC,9.03,9.41,9.43,9.02,9.56,42090898,674034969.847,9.22,0.63,6685995520,6685995000.0,104970129664.0,104970100000.0
2002-09-12,INTC,9.56,9.63,9.81,9.54,9.48,39700199,668165941.6281,9.69,0.59,6685995520,6685995000.0,111121212112.42,111121200000.0
2002-09-11,INTC,9.48,9.32,9.58,9.27,9.25,48610500,793838485.4685,9.4,0.73,6685995520,6685995000.0,110118252610.46,110118200000.0
2002-09-10,INTC,9.25,9.22,9.4,9.03,9.33,51438199,823581839.3797,9.21,0.77,6685995520,6685995000.0,107510721043.66,107510700000.0
2002-09-07,INTC,9.33,9.44,9.52,9.27,8.7,67727875,1106917162.3942,9.41,1.01,6685995520,6685995000.0,108446753730.46,108446700000.0
2002-09-06,INTC,8.7,9.1,9.11,8.65,9.27,76396875,1161881873.4375,8.75,1.14,6685995520,6685995000.0,101025392307.2,101025400000.0
2002-09-05,INTC,9.27,9.1,9.31,8.97,9.13,58202098,925803312.2566,9.15,0.87,6685995520,6685995000.0,107711287537.27,107711300000.0
2002-09-04,INTC,9.13,9.48,9.5,9.12,9.59,51676500,829888209.744,9.24,0.77,6685995520,6685995000.0,106039888947.2,106039800000.0
2002-08-31,INTC,9.59,9.72,9.83,9.58,9.86,29737898,502704177.7894,9.73,0.44,6685995520,6685995000.0,111455531946.41,111455500000.0
2002-08-30,INTC,9.86,9.54,10.04,9.5,9.69,45204000,770881486.764,9.81,0.68,6685995520,6685995000.0,114597956526.8,114597900000.0
2002-08-29,INTC,9.69,9.85,10.04,9.65,9.89,50245598,853778024.7934,9.78,0.75,6685995520,6685995000.0,112592137812.82,112592100000.0
2002-08-28,INTC,9.89,10.31,10.34,9.87,10.43,53165297,923560478.3478,10.0,0.8,6685995520,6685995000.0,114865356231.63,114865300000.0
2002-08-27,INTC,10.43,10.42,10.49,10.13,10.34,40356898,725749880.9482,10.35,0.6,6685995520,6685995000.0,121217031917.64,121217000000.0
2002-08-24,INTC,10.34,10.84,10.84,10.3,11.02,42329098,772657830.6454,10.5,0.63,6685995520,6685995000.0,120080419365.24,120080400000.0
2002-08-23,INTC,11.02,11.18,11.22,10.87,11.27,47554398,912397083.58,11.04,0.71,6685995520,6685995000.0,128036774092.03,128036700000.0
2002-08-22,INTC,11.27,11.07,11.32,10.82,10.92,49864898,960372554.2469,11.08,0.75,6685995520,6685995000.0,130978625492.82,130978600000.0
2002-08-21,INTC,10.92,11.04,11.12,10.79,11.2,39056598,744937741.9542,10.98,0.58,6685995520,6685995000.0,126833241410.46,126833200000.0
2002-08-20,INTC,11.2,10.71,11.3,10.61,10.79,45101898,863123681.5904,11.01,0.67,6685995520,6685995000.0,130109412645.24,130109400000.0
2002-08-17,INTC,10.79,10.39,10.95,10.35,10.71,48176000,896410591.12,10.71,0.72,6685995520,6685995000.0,125362416000.0,125362400000.0
2002-08-16,INTC,10.71,10.55,10.82,10.37,10.53,43872199,809524990.0061,10.62,0.66,6685995520,6685995000.0,124426276337.27,124426200000.0
2002-08-15,INTC,10.53,9.74,10.54,9.62,9.61,47242098,823372510.7172,10.03,0.71,6685995520,6685995000.0,122286811258.83,122286800000.0
2002-08-14,INTC,9.61,10.01,10.35,9.6,10.09,39758398,693843404.3882,10.04,0.59,6685995520,6685995000.0,111656105126.01,111656100000.0
2002-08-13,INTC,10.09,9.9,10.13,9.78,10.28,30457797,526587715.3659,9.95,0.46,6685995520,6685995000.0,117205494779.6,117205400000.0
2002-08-10,INTC,10.28,10.31,10.51,10.14,10.58,38434699,690686838.0402,10.34,0.57,6685995520,6685995000.0,119411779697.27,119411800000.0
2002-08-09,INTC,10.58,10.12,10.6,9.8,10.2,49158398,871887996.1306,10.21,0.74,6685995520,6685995000.0,122888530797.64,122888500000.0
2002-08-08,INTC,10.2,10.35,10.44,9.57,9.86,61076797,1067505693.8009,10.06,0.91,6685995520,6685995000.0,118475747010.46,118475700000.0
2002-08-07,INTC,9.86,9.4,10.32,9.31,9.14,71702563,1223439249.9975,9.82,1.07,6685995520,6685995000.0,114531036397.64,114531000000.0
2002-08-06,INTC,9.14,9.6,9.79,9.1,9.6,52121898,853542259.7516,9.42,0.78,6685995520,6685995000.0,106173602171.6,106173600000.0
2002-08-03,INTC,9.6,10.09,10.18,9.5,10.09,49020797,830990648.543,9.74,0.73,6685995520,6685995000.0,111722924965.24,111722900000.0
2002-08-02,INTC,10.09,10.76,10.83,10.04,10.8,47869000,865595787.924,10.39,0.72,6685995520,6685995000.0,117406067959.21,117406100000.0
2002-08-01,INTC,10.8,10.87,10.9,10.35,10.9,46241898,852154621.0303,10.59,0.69,6685998080,6685998000.0,125629857121.21,125629800000.0
2002-07-31,INTC,10.9,10.67,10.98,10.49,10.86,51194699,955973716.8632,10.73,0.77,6685998080,6685998000.0,126833289973.63,126833300000.0
2002-07-30,INTC,10.86,10.54,10.86,10.35,10.24,46480098,855308031.9165,10.58,0.7,6685998080,6685998000.0,126298497045.2,126298400000.0
2002-07-27,INTC,10.24,10.16,10.46,9.78,10.05,48983797,861521682.4021,10.11,0.73,6685998080,6685998000.0,119077612432.8,119077600000.0
2002-07-26,INTC,10.05,10.5,10.76,9.83,10.75,68210375,1224136676.413,10.32,1.02,6685998080,6685998000.0,116871219694.41,116871200000.0
2002-07-25,INTC,10.75,9.91,10.76,9.79,10.24,83418188,1491358540.0464,10.28,1.25,6685998080,6685998000.0,125028144038.01,125028100000.0
2002-07-24,INTC,10.24,10.58,10.77,10.21,10.5,59842500,1096128789.0375,10.53,0.9,6685998080,6685998000.0,119077612432.8,119077600000.0
2002-07-23,INTC,10.5,10.62,11.04,10.49,10.72,64939098,1214068646.9026,10.75,0.97,6685998080,6685998000.0,122086291510.81,122086300000.0
2002-07-20,INTC,10.72,10.75,11.19,10.63,11.03,52594098,998840075.8496,10.92,0.79,6685998080,6685998000.0,124693824076.01,124693800000.0
2002-07-19,INTC,11.03,11.07,11.35,10.92,11.17,48241000,935242815.767,11.14,0.72,6685998080,6685998000.0,128304216237.22,128304200000.0
2002-07-18,INTC,11.17,11.09,11.43,10.81,10.55,82062000,1593479916.0,11.16,1.23,6685998080,6685998000.0,129975715757.22,129975700000.0
2002-07-17,INTC,10.55,10.67,11.18,10.43,10.99,81070688,1525304378.3053,10.81,1.21,6685998080,6685998000.0,122754824458.83,122754800000.0
2002-07-16,INTC,10.99,10.37,11.01,10.02,10.34,66067500,1202765047.845,10.46,0.99,6685998080,6685998000.0,127836249859.61,127836200000.0
2002-07-13,INTC,10.34,10.81,10.86,10.18,10.49,64329898,1177198085.1519,10.52,0.96,6685998080,6685998000.0,120281038599.22,120281000000.0
2002-07-12,INTC,10.49,9.6,10.52,9.49,9.66,75844375,1322619642.0306,10.02,1.13,6685998080,6685998000.0,122019464960.0,122019400000.0
2002-07-11,INTC,9.66,10.5,10.51,9.64,10.32,63453297,1102189289.3268,9.98,0.95,6685998080,6685998000.0,112391614352.8,112391600000.0
2002-07-10,INTC,10.32,10.51,10.6,10.21,10.63,43934699,793209840.7434,10.38,0.66,6685998080,6685998000.0,120080465342.82,120080400000.0
2002-07-09,INTC,10.63,11.07,11.25,10.39,11.23,46339297,862415373.7871,10.7,0.69,6685998080,6685998000.0,123690964480.0,123690900000.0
2002-07-06,INTC,11.23,10.75,11.27,10.69,10.2,29767297,567679856.9606,10.96,0.45,6685998080,6685998000.0,130644355681.21,130644300000.0
2002-07-04,INTC,10.2,9.35,10.22,9.35,9.52,54249000,924103776.765,9.79,0.81,6685998080,6685998000.0,118676465920.0,118676400000.0
2002-07-03,INTC,9.52,10.04,10.24,9.46,10.08,66173063,1122566259.5191,9.75,0.99,6685998080,6685998000.0,110786934697.62,110786900000.0
2002-07-02,INTC,10.08,10.55,10.79,10.05,10.5,39764598,722033641.1046,10.44,0.59,6685998080,6685998000.0,117272359521.21,117272300000.0
2002-06-29,INTC,10.5,10.75,11.1,10.41,10.72,56710098,1067912732.5064,10.82,0.85,6685998080,6685998000.0,122153111375.62,122153100000.0
2002-06-28,INTC,10.72,10.86,10.9,10.27,10.7,61603699,1135331284.6756,10.59,0.92,6685998080,6685998000.0,124693824076.01,124693800000.0
2002-06-27,INTC,10.7,10.06,10.86,10.03,10.53,71893688,1298450330.8616,10.38,1.08,6685998080,6685998000.0,124426323978.83,124426300000.0
2002-06-26,INTC,10.53,11.37,11.48,10.52,11.11,55730598,1074970618.4508,11.09,0.83,6685998080,6685998000.0,122487431337.62,122487400000.0
2002-06-25,INTC,11.11,10.59,11.47,10.57,10.77,57610297,1096737939.5042,10.94,0.86,6685998080,6685998000.0,129240255968.42,129240200000.0
2002-06-22,INTC,10.77,10.97,11.29,10.58,11.06,70953250,1348721309.3707,10.93,1.06,6685998080,6685998000.0,125228717294.41,125228600000.0
2002-06-21,INTC,11.06,11.56,11.84,11.05,11.55,64060297,1278098567.1734,11.47,0.96,6685998080,6685998000.0,128638536199.22,128638500000.0
2002-06-20,INTC,11.55,12.05,12.19,11.51,12.66,56465699,1163785668.1168,11.85,0.84,6685998080,6685998000.0,134321674683.21,134321600000.0
2002-06-19,INTC,12.66,12.73,13.21,12.65,12.97,43843500,981629220.465,12.87,0.66,6685998080,6685998000.0,147225604175.62,147225600000.0
2002-06-18,INTC,12.97,12.45,12.97,12.27,12.23,45956797,1014334893.5039,12.69,0.69,6685998080,6685998000.0,150836103312.8,150836000000.0
2002-06-15,INTC,12.23,11.81,12.29,11.53,12.13,42538398,882633473.9418,11.93,0.64,6685998080,6685998000.0,142278032456.4,142278000000.0
2002-06-14,INTC,12.13,12.42,12.63,12.07,12.4,41841500,898006373.467,12.34,0.63,6685998080,6685998000.0,141141319178.83,141141300000.0
2002-06-13,INTC,12.4,11.56,12.42,11.5,11.62,66516563,1377085552.583,11.9,0.99,6685998080,6685998000.0,144283751648.42,144283700000.0
2002-06-12,INTC,11.62,12.32,12.58,11.6,12.11,59694000,1259011824.93,12.12,0.89,6685998080,6685998000.0,135190787573.63,135190800000.0
2002-06-11,INTC,12.11,12.81,12.81,12.07,12.65,58702000,1280566401.996,12.54,0.88,6685998080,6685998000.0,140873926057.62,140873900000.0
2002-06-08,INTC,12.65,12.84,13.08,12.47,15.52,135185000,2998740721.76,12.75,2.02,6685998080,6685998000.0,147091957760.0,147091900000.0
2002-06-07,INTC,15.52,15.81,15.85,15.35,16.2,46900297,1272630038.3347,15.6,0.7,6685998080,6685998000.0,180521948160.0,180521900000.0
2002-06-06,INTC,16.2,15.86,16.21,15.46,15.81,35471199,976092871.4909,15.82,0.53,6685998080,6685998000.0,188411379092.41,188411300000.0
2002-06-05,INTC,15.81,15.08,15.82,15.07,15.3,42872199,1151040987.342,15.43,0.64,6685998080,6685998000.0,183864947200.0,183864900000.0
2002-06-04,INTC,15.3,15.77,15.93,15.2,15.88,30645098,826114922.884,15.49,0.46,6685998080,6685998000.0,177981235459.61,177981200000.0
2002-06-01,INTC,15.88,16.05,16.34,15.75,15.76,33988898,949975593.7073,16.06,0.51,6685998080,6685998000.0,184667233539.61,184667200000.0
2002-05-31,INTC,15.76,15.52,15.93,15.29,15.67,35834398,971646082.4958,15.59,0.54,6685998080,6685998000.0,183330053981.6,183330000000.0
2002-05-30,INTC,15.67,16.02,16.09,15.66,16.3,35354797,976117378.494,15.87,0.53,6685998080,6685998000.0,182327094095.62,182327100000.0
2002-05-29,INTC,16.3,16.42,16.45,15.9,16.47,42898199,1207184790.9227,16.17,0.64,6685998080,6685998000.0,189547985394.02,189547900000.0
2002-05-25,INTC,16.47,16.55,16.67,16.32,16.89,26050098,747051450.9441,16.48,0.39,6685998080,6685998000.0,191620624740.82,191620600000.0
2002-05-24,INTC,16.89,17.04,17.13,16.35,17.01,42346297,1228334675.4104,16.67,0.63,6685998080,6685998000.0,196501476885.2,196501400000.0
2002-05-23,INTC,17.01,16.62,17.05,16.5,16.71,41218000,1204298827.002,16.79,0.62,6685998080,6685998000.0,197838656443.21,197838600000.0
2002-05-22,INTC,16.71,17.36,17.44,16.65,17.35,48063898,1415688470.8614,16.93,0.72,6685998080,6685998000.0,194361910697.62,194361900000.0
2002-05-21,INTC,17.35,17.59,17.7,17.2,17.93,37237000,1127484042.015,17.4,0.56,6685998080,6685998000.0,201850195117.22,201850100000.0
2002-05-18,INTC,17.93,17.82,18.03,17.59,17.69,53195598,1646956407.1676,17.8,0.8,6685998080,6685998000.0,208603120038.01,208603100000.0
2002-05-17,INTC,17.69,17.37,17.7,17.19,17.38,37292199,1132202013.6699,17.45,0.56,6685998080,6685998000.0,205728087375.62,205728100000.0
2002-05-16,INTC,17.38,17.06,17.82,16.96,17.33,53460500,1615591920.466,17.37,0.8,6685998080,6685998000.0,202184515079.22,202184400000.0
2002-05-15,INTC,17.33,17.2,17.45,16.88,16.39,57100098,1710678395.0104,17.22,0.85,6685998080,6685998000.0,201582801996.01,201582800000.0
2002-05-14,INTC,16.39,15.63,16.42,15.58,15.52,40707199,1143611684.412,16.15,0.61,6685998080,6685998000.0,190684591695.62,190684600000.0
2002-05-11,INTC,15.52,16.36,16.44,15.47,16.23,44073297,1217211468.4833,15.87,0.66,6685998080,6685998000.0,180588774710.81,180588700000.0
2002-05-10,INTC,16.23,16.47,16.58,15.98,16.66,41395199,1173822629.2819,16.3,0.62,6685998080,6685998000.0,188812518919.22,188812400000.0
2002-05-09,INTC,16.66,15.66,16.7,15.56,15.03,58162098,1638972908.057,16.2,0.87,6685998080,6685998000.0,193760197614.41,193760100000.0
2002-05-08,INTC,15.03,15.03,15.51,14.69,14.82,55951199,1470906329.9237,15.11,0.84,6685998080,6685998000.0,174838809676.01,174838800000.0
2002-05-07,INTC,14.82,15.23,15.52,14.8,15.27,44273598,1172988911.4038,15.23,0.66,6685998080,6685998000.0,172365023816.4,172365000000.0
2002-05-04,INTC,15.27,16.01,16.07,15.23,16.01,50958699,1374381081.7925,15.5,0.76,6685998080,6685998000.0,177580095632.8,177580100000.0
2002-05-03,INTC,16.01,16.38,16.78,15.95,16.44,41816297,1186118888.0583,16.29,0.63,6685998080,6685998000.0,186338733059.61,186338700000.0
2002-05-02,INTC,16.44,16.41,16.69,15.82,16.43,46014898,1304696800.7783,16.29,0.69,6685998080,6685998000.0,191420058170.42,191420000000.0
2002-05-01,INTC,16.43,16.09,16.8,16.02,16.11,45055898,1293752446.7486,16.49,0.67,6685998080,6685998000.0,191286304778.83,191286300000.0
2002-04-30,INTC,16.11,16.18,16.34,15.8,16.15,40711000,1141711375.167,16.11,0.61,6685998080,6685998000.0,187475339361.21,187475300000.0
2002-04-27,INTC,16.15,16.9,16.92,16.14,16.71,39354398,1126444593.913,16.44,0.59,6685998080,6685998000.0,188010232579.61,188010200000.0
2002-04-26,INTC,16.71,16.46,16.93,16.18,16.6,49887699,1439748367.0601,16.58,0.75,6685998080,6685998000.0,194495657403.21,194495600000.0
2002-04-25,INTC,16.6,17.04,17.23,16.59,16.97,38234098,1128853943.694,16.96,0.57,6685998080,6685998000.0,193292124260.82,193292100000.0
2002-04-24,INTC,16.97,17.33,17.43,16.87,17.27,42705598,1277789884.4926,17.19,0.64,6685998080,6685998000.0,197504336481.21,197504300000.0
2002-04-23,INTC,17.27,17.2,17.36,16.96,17.29,34154199,1021790932.4036,17.18,0.51,6685998080,6685998000.0,200981088912.8,200981000000.0
2002-04-20,INTC,17.29,17.7,17.72,17.27,17.49,35206699,1071262255.0054,17.48,0.53,6685998080,6685998000.0,201248482034.02,201248400000.0
2002-04-19,INTC,17.49,17.54,17.77,17.15,17.6,45515797,1382965312.1765,17.45,0.68,6685998080,6685998000.0,203588621478.01,203588600000.0
2002-04-18,INTC,17.6,17.92,17.97,17.41,16.95,63805598,1967349714.5162,17.71,0.95,6685998080,6685998000.0,204858974485.2,204858900000.0
2002-04-17,INTC,16.95,16.7,17.12,16.65,16.15,61204797,1798233658.7382,16.88,0.92,6685998080,6685998000.0,197303769910.81,197303700000.0
2002-04-16,INTC,16.15,16.2,16.5,15.94,16.31,43026297,1215789642.6204,16.23,0.64,6685998080,6685998000.0,187943305738.83,187943300000.0
2002-04-13,INTC,16.31,16.74,16.74,16.12,16.62,40685297,1158533971.297,16.36,0.61,6685998080,6685998000.0,189815478805.2,189815400000.0
2002-04-12,INTC,16.62,16.56,16.91,16.37,16.81,42030000,1218945065.58,16.66,0.63,6685998080,6685998000.0,193492697517.22,193492600000.0
2002-04-11,INTC,16.81,16.46,16.88,16.09,16.35,60571500,1735579236.3855,16.46,0.91,6685998080,6685998000.0,195632270390.81,195632300000.0
2002-04-10,INTC,16.35,17.18,17.37,16.32,17.19,62004199,1803633820.2827,16.71,0.93,6685998080,6685998000.0,190283445182.82,190283400000.0
2002-04-09,INTC,17.19,16.68,17.25,16.37,17.26,45248598,1331751532.7472,16.9,0.68,6685998080,6685998000.0,200111875732.41,200111800000.0
2002-04-06,INTC,17.26,17.62,17.63,17.12,17.57,32757699,990016183.9845,17.36,0.49,6685998080,6685998000.0,200914162072.02,200914100000.0
2002-04-05,INTC,17.57,17.26,17.62,17.2,17.16,43750797,1327202083.6395,17.42,0.65,6685998080,6685998000.0,204524654523.21,204524600000.0
2002-04-04,INTC,17.16,17.28,17.4,16.87,17.25,42769598,1273293573.7492,17.1,0.64,6685998080,6685998000.0,199710729219.61,199710700000.0
2002-04-03,INTC,17.25,17.56,17.75,17.24,17.9,37850898,1148869154.4396,17.43,0.57,6685998080,6685998000.0,200780515656.4,200780500000.0
2002-04-02,INTC,17.9,17.31,18.06,17.25,17.47,32596297,997700580.7573,17.58,0.49,6685998080,6685998000.0,208402546781.6,208402500000.0
2002-03-29,INTC,17.47,17.7,17.95,17.45,17.47,33061000,1017891986.3,17.68,0.49,6702999040,6702999000.0,203838120370.41,203838100000.0
2002-03-28,INTC,17.47,17.5,17.52,17.2,17.67,38029797,1148746987.0209,17.35,0.57,6702999040,6702999000.0,203838120370.41,203838100000.0
2002-03-27,INTC,17.67,17.24,17.83,17.2,17.23,37565598,1146396754.5888,17.53,0.56,6702999040,6702999000.0,206251206727.81,206251100000.0
2002-03-26,INTC,17.23,17.63,17.79,17.21,17.57,43047898,1304682519.9272,17.41,0.64,6702999040,6702999000.0,201089971200.0,201089900000.0
2002-03-23,INTC,17.57,17.86,17.93,17.5,18.04,33582598,1034753558.1826,17.7,0.5,6702999040,6702999000.0,205044713821.6,205044700000.0
2002-03-22,INTC,18.04,17.57,18.09,17.5,17.54,36970598,1142187622.3226,17.74,0.55,6702999040,6702999000.0,210474129638.01,210474100000.0
2002-03-21,INTC,17.54,17.56,17.64,17.24,18.22,51287398,1558931595.7458,17.46,0.77,6702999040,6702999000.0,204642553988.2,204642500000.0
2002-03-20,INTC,18.22,18.21,18.47,17.95,18.16,33498500,1062150271.903,18.21,0.5,6702999040,6702999000.0,212619035706.81,212619000000.0
2002-03-19,INTC,18.16,18.34,18.52,17.94,18.23,32830199,1041189603.5428,18.22,0.49,6702999040,6702999000.0,211948796129.8,211948800000.0
2002-03-16,INTC,18.23,17.73,18.29,17.69,17.79,49715398,1553928591.856,17.95,0.74,6702999040,6702999000.0,212753122499.61,212753100000.0
2002-03-15,INTC,17.79,17.95,18.18,17.69,18.0,39873699,1245462923.1311,17.94,0.59,6702999040,6702999000.0,207591786426.81,207591800000.0
2002-03-14,INTC,18.0,18.39,18.41,17.83,18.95,56561000,1781020765.695,18.09,0.84,6702999040,6702999000.0,210071963101.6,210071900000.0
2002-03-13,INTC,18.95,18.65,18.97,18.56,19.2,37678699,1231855930.7815,18.78,0.56,6702999040,6702999000.0,221131871299.61,221131800000.0
2002-03-12,INTC,19.2,19.43,19.57,19.05,19.63,40291398,1353049167.8714,19.29,0.6,6702999040,6702999000.0,224014214510.8,224014200000.0
2002-03-09,INTC,19.63,19.06,19.67,18.86,18.94,70226000,2368189051.722,19.37,1.05,6702999040,6702999000.0,229041463790.8,229041400000.0
2002-03-08,INTC,18.94,19.25,19.3,18.4,18.93,55198199,1817521365.338,18.91,0.82,6702999040,6702999000.0,221064881527.2,221064800000.0
2002-03-07,INTC,18.93,18.86,19.0,18.45,18.78,44900797,1467474204.3218,18.77,0.67,6702999040,6702999000.0,220930788031.41,220930800000.0
2002-03-06,INTC,18.78,18.67,19.12,18.61,18.29,68040250,2236965490.9127,18.88,1.02,6702999040,6702999000.0,219188048499.0,219188000000.0
2002-03-05,INTC,18.29,17.78,18.31,17.16,17.79,57665898,1800276628.9292,17.93,0.86,6702999040,6702999000.0,213490459097.01,213490400000.0
2002-03-02,INTC,17.79,16.71,17.81,16.65,16.4,58703098,1768436227.935,17.3,0.88,6702999040,6702999000.0,207658883447.2,207658800000.0
2002-03-01,INTC,16.4,17.29,17.32,16.37,17.17,64458598,1884266177.2454,16.79,0.96,6702999040,6702999000.0,191370542156.01,191370500000.0
2002-02-28,INTC,17.17,17.55,17.85,16.82,17.24,57715398,1743726115.7826,17.35,0.86,6702999040,6702999000.0,200352634602.6,200352600000.0
2002-02-27,INTC,17.24,17.95,18.06,17.09,17.82,61583699,1871941100.2259,17.46,0.92,6702999040,6702999000.0,201223957447.81,201223900000.0
2002-02-26,INTC,17.82,17.09,18.1,17.02,16.96,52400000,1608836571.2,17.63,0.78,6702999040,6702999000.0,207926956487.81,207926900000.0
2002-02-23,INTC,16.96,16.95,17.29,16.75,16.93,56067500,1662418195.25,17.03,0.84,6702999040,6702999000.0,197939554948.2,197939500000.0
2002-02-22,INTC,16.93,17.43,17.62,16.93,18.06,76450188,2296303028.8291,17.25,1.14,6712000000,6712000000.0,197869733152.0,197869700000.0
2002-02-21,INTC,18.06,18.09,18.14,17.2,18.0,63431199,1955761155.3712,17.71,0.95,6712000000,6712000000.0,211025192744.0,211025100000.0
2002-02-20,INTC,18.0,18.23,18.48,17.91,18.55,44224098,1395960099.3806,18.13,0.66,6712000000,6712000000.0,210354053152.0,210354000000.0
2002-02-16,INTC,18.55,19.2,19.34,18.35,19.15,47597199,1554833377.5643,18.76,0.71,6712000000,6712000000.0,216730433016.0,216730400000.0
2002-02-15,INTC,19.15,19.32,19.73,19.13,19.17,44897598,1521013706.8948,19.46,0.67,6712000000,6712000000.0,223778053152.0,223778000000.0
2002-02-14,INTC,19.17,19.07,19.36,18.99,18.94,36799500,1227852043.401,19.16,0.55,6712000000,6712000000.0,224046492880.0,224046400000.0
2002-02-13,INTC,18.94,19.02,19.23,18.75,19.28,37623098,1241603581.7847,18.95,0.56,6712000000,6712000000.0,221294546032.0,221294500000.0
2002-02-12,INTC,19.28,18.52,19.32,18.45,18.68,37651699,1236756313.6974,18.87,0.56,6712000000,6712000000.0,225321786304.0,225321800000.0
2002-02-09,INTC,18.68,18.67,18.72,18.02,18.56,60723898,1938336396.6983,18.33,0.9,6712000000,6712000000.0,218274166168.0,218274100000.0
2002-02-08,INTC,18.56,18.84,19.24,18.44,18.91,46603898,1534036695.8741,18.91,0.69,6712000000,6712000000.0,216864706576.0,216864600000.0
2002-02-07,INTC,18.91,19.4,19.41,18.68,19.41,51674398,1709058059.6464,19.0,0.77,6712000000,6712000000.0,220959026576.0,220959000000.0
2002-02-06,INTC,19.41,19.41,19.75,19.18,19.51,40983098,1386531483.1192,19.43,0.61,6712000000,6712000000.0,226865519456.0,226865400000.0
2002-02-05,INTC,19.51,19.88,19.88,19.32,19.9,38594797,1313511662.4874,19.54,0.58,6712000000,6712000000.0,228073733152.0,228073700000.0
2002-02-02,INTC,19.9,19.99,20.13,19.55,20.11,39372297,1364273281.3329,19.89,0.59,6712000000,6712000000.0,232705026576.0,232705000000.0
2002-02-01,INTC,20.11,19.87,20.18,19.7,19.44,63039500,2194669382.663,19.98,0.94,6712000000,6712000000.0,235188433016.0,235188400000.0
2002-01-31,INTC,19.44,18.87,19.45,18.63,18.76,47013000,1557667201.983,19.02,0.7,6712000000,6712000000.0,227268219320.0,227268200000.0
2002-01-30,INTC,18.76,19.45,19.69,18.66,19.47,44735297,1492405072.4811,19.15,0.67,6712000000,6712000000.0,219348113016.0,219348100000.0
2002-01-29,INTC,19.47,19.42,19.69,19.13,19.33,29920699,1009937289.9062,19.38,0.45,6712000000,6712000000.0,227671026576.0,227670900000.0
2002-01-26,INTC,19.33,18.87,19.61,18.8,19.06,35833699,1202471150.6734,19.26,0.53,6712000000,6712000000.0,226060113016.0,226060100000.0
2002-01-25,INTC,19.06,18.9,19.29,18.69,18.63,53953398,1790648373.6822,19.05,0.8,6712000000,6712000000.0,222838379864.0,222838300000.0
2002-01-24,INTC,18.63,18.17,18.72,18.15,18.2,49429500,1595485401.0,18.53,0.74,6712000000,6712000000.0,217804379864.0,217804300000.0
2002-01-23,INTC,18.2,19.26,19.28,18.12,19.22,52961297,1715686300.5995,18.6,0.79,6712000000,6712000000.0,212770379864.0,212770300000.0
2002-01-19,INTC,19.22,19.1,19.69,19.03,19.82,51725398,1742860853.9316,19.34,0.77,6712000000,6712000000.0,224717733152.0,224717700000.0
2002-01-18,INTC,19.82,19.55,19.95,19.29,19.35,50619000,1727954987.31,19.6,0.75,6712000000,6712000000.0,231765353288.0,231765300000.0
2002-01-17,INTC,19.35,19.49,19.86,19.33,19.91,76435688,2612158451.6393,19.62,1.14,6712000000,6712000000.0,226261459592.0,226261400000.0
2002-01-16,INTC,19.91,20.06,20.08,19.57,20.0,57236098,1979429631.9596,19.85,0.85,6712000000,6712000000.0,232772113016.0,232772100000.0
2002-01-15,INTC,20.0,19.69,20.2,19.57,19.83,58700098,2036370147.9264,19.91,0.87,6712000000,6712000000.0,233846053152.0,233846000000.0
2002-01-12,INTC,19.83,19.99,20.15,19.67,19.89,39585699,1373005743.3672,19.91,0.59,6712000000,6712000000.0,231899519456.0,231899500000.0
2002-01-11,INTC,19.89,20.34,20.36,19.8,20.3,51680398,1803335704.4512,20.03,0.77,6712000000,6712000000.0,232570759728.0,232570800000.0
2002-01-10,INTC,20.3,20.64,21.11,20.11,20.42,59085199,2137471299.4363,20.77,0.88,6712000000,6712000000.0,237336219320.0,237336200000.0
2002-01-09,INTC,20.42,20.29,20.65,20.06,20.25,35637598,1266731293.3904,20.4,0.53,6712000000,6712000000.0,238812872744.0,238812800000.0
2002-01-08,INTC,20.25,20.68,20.81,20.1,20.54,48809898,1741507777.0814,20.48,0.73,6712000000,6712000000.0,236732166168.0,236732100000.0
2002-01-05,INTC,20.54,20.78,20.87,20.27,20.39,65039898,2337689964.8353,20.63,0.97,6712000000,6712000000.0,240222433016.0,240222400000.0
2002-01-04,INTC,20.39,19.23,20.45,19.17,18.94,91531500,3184215487.5795,19.97,1.36,6712000000,6712000000.0,238410166168.0,238410100000.0
2002-01-03,INTC,18.94,18.31,18.94,18.21,18.05,42916297,1388865700.9408,18.58,0.64,6712000000,6712000000.0,221496000000.0,221495900000.0
2002-01-01,INTC,18.05,18.46,18.6,18.03,18.51,28023898,893384913.7817,18.3,0.42,6712000000,6712000000.0,211092379864.0,211092300000.0
2001-12-29,INTC,18.51,18.91,19.12,18.44,18.75,27598898,900629263.4566,18.73,0.41,6712000000,6712000000.0,216394812880.0,216394800000.0
2001-12-28,INTC,18.75,18.6,18.93,18.58,18.54,22455699,735064716.3318,18.79,0.33,6712000000,6712000000.0,219281026576.0,219280900000.0
2001-12-27,INTC,18.54,18.4,19.01,18.38,18.38,23236297,761774090.3523,18.82,0.35,6712000000,6712000000.0,216730433016.0,216730400000.0
2001-12-25,INTC,18.38,18.46,18.6,18.37,18.6,8673500,279202506.3355,18.48,0.13,6712000000,6712000000.0,214918166168.0,214918100000.0
2001-12-22,INTC,18.6,18.5,18.79,18.35,18.36,57883297,1871603850.4613,18.56,0.86,6712000000,6712000000.0,217535839456.0,217535800000.0
2001-12-21,INTC,18.36,18.86,19.06,18.27,18.97,49431500,1601560728.537,18.6,0.74,6712000000,6712000000.0,214649733152.0,214649700000.0
2001-12-20,INTC,18.97,19.13,19.49,18.97,19.41,39962199,1334513418.5124,19.17,0.6,6712000000,6712000000.0,221831519456.0,221831400000.0
2001-12-19,INTC,19.41,19.6,19.75,19.15,19.5,39789398,1347459687.0752,19.44,0.59,6712000000,6712000000.0,226932706576.0,226932700000.0
2001-12-18,INTC,19.5,19.0,19.57,18.94,19.1,39109898,1322305573.1602,19.41,0.58,6712000000,6712000000.0,228006546032.0,228006500000.0
2001-12-15,INTC,19.1,18.71,19.39,18.52,18.7,46158797,1525811115.1989,18.97,0.69,6712000000,6712000000.0,223308166168.0,223308100000.0
2001-12-14,INTC,18.7,19.1,19.36,18.66,19.56,51017199,1685041198.7931,18.96,0.76,6712000000,6712000000.0,218609786304.0,218609700000.0
2001-12-13,INTC,19.56,19.11,19.6,19.01,19.05,50051699,1684239371.0398,19.32,0.75,6712000000,6712000000.0,228744872744.0,228744800000.0
2001-12-12,INTC,19.05,19.14,19.6,18.97,18.91,46755199,1571432279.5326,19.29,0.7,6712000000,6712000000.0,222771192744.0,222771100000.0
2001-12-11,INTC,18.91,18.88,19.3,18.86,19.08,41557598,1383855463.0054,19.11,0.62,6712000000,6712000000.0,221160379864.0,221160300000.0
2001-12-08,INTC,19.08,19.61,19.8,18.8,19.61,59282898,1994223334.1118,19.31,0.88,6712000000,6712000000.0,223106812880.0,223106800000.0
2001-12-07,INTC,19.61,19.8,19.96,19.37,19.87,58446898,1997760971.3487,19.62,0.87,6712000000,6712000000.0,229281839456.0,229281800000.0
2001-12-06,INTC,19.87,18.98,20.0,18.97,18.86,75450188,2575446897.2672,19.59,1.12,6712000000,6712000000.0,232302219320.0,232302100000.0
2001-12-05,INTC,18.86,18.48,18.89,18.28,18.39,44363297,1433120818.9474,18.54,0.66,6712000000,6712000000.0,220556219320.0,220556200000.0
2001-12-04,INTC,18.39,18.54,18.87,18.35,18.75,43011500,1388652041.3885,18.53,0.64,6712000000,6712000000.0,215052433016.0,215052400000.0
2001-12-01,INTC,18.75,18.5,18.89,18.19,18.55,42407699,1371057829.3419,18.56,0.63,6712000000,6712000000.0,219213839456.0,219213800000.0
2001-11-30,INTC,18.55,18.36,18.61,17.89,18.23,45967598,1459567354.7474,18.23,0.68,6712000000,6712000000.0,216931786304.0,216931800000.0
2001-11-29,INTC,18.23,18.32,18.68,18.15,18.55,61315398,1958566487.461,18.34,0.91,6712000000,6712000000.0,213173086440.0,213173000000.0
2001-11-28,INTC,18.55,18.09,18.94,17.74,18.29,80745000,2587174041.795,18.39,1.2,6712000000,6712000000.0,216864706576.0,216864600000.0
2001-11-27,INTC,18.29,18.04,18.44,17.97,17.83,53247598,1693992032.9922,18.26,0.79,6712000000,6712000000.0,213911406440.0,213911400000.0
2001-11-24,INTC,17.83,17.55,17.94,17.4,17.69,17596500,541064185.407,17.65,0.26,6712000000,6712000000.0,208474706576.0,208474600000.0
2001-11-22,INTC,17.69,16.96,17.7,16.92,17.19,55275797,1669859440.6722,17.34,0.82,6712000000,6712000000.0,206796706576.0,206796600000.0
2001-11-21,INTC,17.19,17.63,17.67,17.12,17.79,41313398,1248077423.0728,17.34,0.62,6712000000,6712000000.0,201024379864.0,201024300000.0
2001-11-20,INTC,17.79,17.69,17.97,17.17,17.58,47861199,1463221669.4558,17.55,0.71,6712000000,6712000000.0,208004812880.0,208004800000.0
2001-11-17,INTC,17.58,17.58,17.77,17.31,17.67,39650898,1210696157.9332,17.53,0.59,6712000000,6712000000.0,205588492880.0,205588400000.0
2001-11-16,INTC,17.67,17.69,18.07,17.49,17.98,58212699,1799144261.8212,17.74,0.87,6712000000,6712000000.0,206595353288.0,206595300000.0
2001-11-15,INTC,17.98,17.49,18.13,17.16,17.25,78508688,2413294026.6435,17.65,1.17,6712000000,6712000000.0,210219786304.0,210219800000.0
2001-11-14,INTC,17.25,16.68,17.26,16.62,16.29,68039500,2010641183.9365,16.96,1.01,6712000000,6712000000.0,201695519456.0,201695400000.0
2001-11-13,INTC,16.29,15.85,16.51,15.37,16.0,47879297,1332202608.9151,15.97,0.71,6712000000,6712000000.0,190486492880.0,190486400000.0
2001-11-10,INTC,16.0,16.18,16.25,15.84,16.23,40856297,1141761332.7144,16.04,0.61,6712000000,6712000000.0,187130492880.0,187130400000.0
2001-11-09,INTC,16.23,16.57,16.95,16.03,16.24,64846797,1872736265.0478,16.58,0.97,6712000000,6712000000.0,189815353288.0,189815300000.0
2001-11-08,INTC,16.24,16.02,16.69,15.93,16.22,59721500,1700683123.6285,16.35,0.89,6712000000,6712000000.0,189882433016.0,189882400000.0
2001-11-07,INTC,16.22,15.38,16.23,15.33,15.48,63157098,1736182245.1531,15.78,0.94,6712000000,6712000000.0,189614000000.0,189613900000.0
2001-11-06,INTC,15.48,15.36,15.66,15.3,15.09,42270398,1139136163.4592,15.47,0.63,6712000000,6712000000.0,180955459592.0,180955400000.0
2001-11-03,INTC,15.09,14.88,15.33,14.63,14.88,49880098,1303750837.9742,14.99,0.74,6712000000,6712000000.0,176525519456.0,176525500000.0
2001-11-02,INTC,14.88,14.07,14.9,13.91,14.01,54543199,1372993749.345,14.44,0.81,6712000000,6712000000.0,174109192744.0,174109100000.0
2001-11-01,INTC,14.01,13.73,14.51,13.45,13.5,64581398,1573273894.8178,13.97,0.96,6712000000,6712000000.0,163907026576.0,163907000000.0
2001-10-31,INTC,13.5,13.63,14.06,13.33,13.87,52548098,1244375481.5681,13.58,0.78,6712000000,6712000000.0,158000433016.0,158000400000.0
2001-10-30,INTC,13.87,14.68,14.85,13.86,14.83,46393598,1156388219.9152,14.3,0.69,6712000000,6712000000.0,162296113016.0,162296100000.0
2001-10-27,INTC,14.83,14.92,15.2,14.66,14.97,45507199,1189052642.3863,14.99,0.68,6712000000,6712000000.0,173572219320.0,173572200000.0
2001-10-26,INTC,14.97,14.34,15.04,13.94,14.62,56328098,1424621470.9579,14.51,0.84,6712000000,6712000000.0,175183139592.0,175183100000.0
2001-10-25,INTC,14.62,14.45,14.87,14.3,14.34,41107098,1044761107.7507,14.58,0.61,6712000000,6712000000.0,171021733152.0,171021700000.0
2001-10-24,INTC,14.34,14.58,14.91,14.28,14.51,41883699,1065072770.0274,14.59,0.62,6712000000,6712000000.0,167800000000.0,167799900000.0
2001-10-23,INTC,14.51,13.84,14.55,13.63,13.85,46028398,1145996596.0164,14.28,0.69,6712000000,6712000000.0,169813519456.0,169813400000.0
2001-10-20,INTC,13.85,13.76,14.09,13.54,13.79,42200199,1013251676.1074,13.77,0.63,6712000000,6712000000.0,162094759728.0,162094700000.0
2001-10-19,INTC,13.79,14.11,14.2,13.59,14.09,49945297,1209595180.8648,13.89,0.74,6712000000,6712000000.0,161423519456.0,161423400000.0
2001-10-18,INTC,14.09,14.99,15.05,14.05,14.32,91476750,2325238360.575,14.58,1.36,6712000000,6712000000.0,164913786304.0,164913800000.0
2001-10-17,INTC,14.32,14.07,14.4,13.86,13.98,54140898,1336180470.6798,14.16,0.81,6712000000,6712000000.0,167531459592.0,167531400000.0
2001-10-16,INTC,13.98,14.05,14.06,13.55,14.35,44407500,1070931181.185,13.83,0.66,6712000000,6712000000.0,163638492880.0,163638400000.0
2001-10-13,INTC,14.35,13.94,14.41,13.83,14.06,64759500,1600576309.3905,14.18,0.96,6712000000,6712000000.0,167934166168.0,167934100000.0
2001-10-12,INTC,14.06,13.42,14.16,13.39,13.23,76388000,1851896207.356,13.91,1.14,6712000000,6712000000.0,164511086440.0,164511000000.0
2001-10-11,INTC,13.23,12.29,13.31,12.26,12.3,52544398,1179395478.9222,12.87,0.78,6712000000,6712000000.0,154778706576.0,154778600000.0
2001-10-10,INTC,12.3,12.64,12.75,12.1,12.76,42529598,918026337.704,12.38,0.63,6712000000,6712000000.0,143972379864.0,143972300000.0
2001-10-09,INTC,12.76,12.26,12.92,12.2,12.6,36857898,811994088.6676,12.64,0.55,6712000000,6712000000.0,149274812880.0,149274800000.0
2001-10-06,INTC,12.6,12.34,12.65,11.79,12.36,49144797,1042645692.7446,12.17,0.73,6712000000,6712000000.0,147395459592.0,147395400000.0
2001-10-05,INTC,12.36,12.46,12.95,12.05,12.18,67199750,1474416006.001,12.59,1.0,6712000000,6712000000.0,144643519456.0,144643400000.0
2001-10-04,INTC,12.18,11.07,12.42,10.94,11.21,75609063,1539535560.4665,11.68,1.13,6712000000,6712000000.0,142495733152.0,142495700000.0
2001-10-03,INTC,11.21,11.47,11.52,11.11,11.48,52211398,1029519643.7036,11.31,0.78,6712000000,6712000000.0,131152433016.0,131152400000.0
2001-10-02,INTC,11.48,11.59,11.63,11.3,11.72,44629297,891224657.1829,11.45,0.66,6712000000,6712000000.0,134307086440.0,134307000000.0
2001-09-29,INTC,11.72,11.9,12.03,11.53,11.79,72652500,1487421825.0975,11.74,1.08,6728000000,6728000000.0,137520232536.0,137520200000.0
2001-09-28,INTC,11.79,11.99,12.25,11.23,11.99,58795797,1200756341.0913,11.71,0.87,6728000000,6728000000.0,138260319264.0,138260300000.0
2001-09-27,INTC,11.99,12.46,12.53,11.88,12.44,48086199,1017989160.5879,12.14,0.71,6728000000,6728000000.0,140615159632.0,140615100000.0
2001-09-26,INTC,12.44,12.37,12.6,11.93,12.22,65921563,1410859883.4823,12.28,0.98,6728000000,6728000000.0,145862992904.0,145862900000.0
2001-09-25,INTC,12.22,11.47,12.46,11.19,11.07,79145063,1663517313.1409,12.06,1.18,6728000000,6728000000.0,143373666544.0,143373600000.0
2001-09-22,INTC,11.07,10.9,11.9,10.88,11.86,116397750,2276203396.3725,11.22,1.73,6728000000,6728000000.0,129850319264.0,129850300000.0
2001-09-21,INTC,11.86,12.31,12.77,11.76,12.78,70391188,1510770450.1029,12.31,1.05,6728000000,6728000000.0,139067746544.0,139067700000.0
2001-09-20,INTC,12.78,13.51,13.59,11.95,13.46,86258688,1910120064.0952,12.7,1.28,6728000000,6728000000.0,149899833272.0,149899800000.0
2001-09-19,INTC,13.46,13.7,14.04,13.31,13.53,56158797,1341818759.7249,13.71,0.83,6728000000,6728000000.0,157906065808.0,157906000000.0
2001-09-18,INTC,13.53,13.92,14.34,13.48,14.95,82324000,1994092184.436,13.89,1.22,6728000000,6728000000.0,158713493088.0,158713400000.0
2001-09-11,INTC,14.95,14.64,15.1,14.6,14.85,51666199,1337363544.5933,14.85,0.77,6728000000,6728000000.0,175398906176.0,175398800000.0
2001-09-08,INTC,14.85,15.01,15.48,14.76,14.97,72762000,1912636047.828,15.08,1.08,6728000000,6728000000.0,174187913272.0,174187900000.0
2001-09-07,INTC,14.97,15.35,15.85,14.8,15.76,82299688,2186324131.5952,15.24,1.22,6728000000,6728000000.0,175600739448.0,175600700000.0
2001-09-06,INTC,15.76,15.45,15.88,15.11,15.4,71250500,1922801333.248,15.48,1.06,6728000000,6728000000.0,184818065808.0,184818000000.0
2001-09-05,INTC,15.4,15.81,16.11,15.4,16.04,54417199,1490513636.2031,15.71,0.81,6728000000,6728000000.0,180646739448.0,180646700000.0
2001-09-01,INTC,16.04,15.5,16.14,15.49,15.56,38184199,1055601799.513,15.86,0.57,6728000000,6728000000.0,188114819448.0,188114800000.0
2001-08-31,INTC,15.56,15.77,15.96,15.42,16.12,44816500,1224242829.402,15.67,0.67,6728000000,6728000000.0,182530572720.0,182530500000.0
2001-08-30,INTC,16.12,16.55,16.59,15.91,16.35,37925699,1068817687.7626,16.16,0.56,6728000000,6728000000.0,189056739448.0,189056700000.0
2001-08-29,INTC,16.35,16.76,17.01,16.31,16.72,55261098,1602449604.4512,16.63,0.82,6728000000,6728000000.0,191815246360.0,191815200000.0
2001-08-28,INTC,16.72,16.65,17.15,16.4,16.68,28004699,818283246.4211,16.76,0.42,6728000000,6728000000.0,196121159632.0,196121100000.0
2001-08-25,INTC,16.68,16.09,16.71,15.97,15.87,38868398,1110936007.4784,16.39,0.58,6728000000,6728000000.0,195650152536.0,195650100000.0
2001-08-24,INTC,15.87,16.0,16.27,15.84,16.04,32679898,915824533.4624,16.07,0.49,6728000000,6728000000.0,186163746544.0,186163700000.0
2001-08-23,INTC,16.04,15.83,16.06,15.49,15.53,42352898,1165195861.5581,15.78,0.63,6728000000,6728000000.0,188114819448.0,188114800000.0
2001-08-22,INTC,15.53,16.25,16.35,15.52,16.18,35100898,981241953.0966,16.03,0.52,6728000000,6728000000.0,182126906176.0,182126900000.0
2001-08-21,INTC,16.18,16.1,16.45,16.0,16.1,36549898,1033188825.1243,16.21,0.54,6728000000,6728000000.0,189729579816.0,189729500000.0
2001-08-18,INTC,16.1,16.73,16.85,15.94,17.3,60333098,1716276694.2132,16.32,0.9,6728000000,6728000000.0,188854906176.0,188854900000.0
2001-08-17,INTC,17.3,16.87,17.31,16.68,17.08,38746199,1141195480.0359,16.89,0.58,6728000000,6728000000.0,202916399264.0,202916300000.0
2001-08-16,INTC,17.08,17.37,17.64,17.04,17.41,33350898,1003751805.0821,17.26,0.5,6728000000,6728000000.0,200359833272.0,200359800000.0
2001-08-15,INTC,17.41,17.62,17.7,17.35,17.53,27573500,840707356.921,17.49,0.41,6728000000,6728000000.0,204194739448.0,204194700000.0
2001-08-14,INTC,17.53,17.59,17.62,17.25,17.18,30835297,936674381.3681,17.42,0.46,6728000000,6728000000.0,205607666544.0,205607600000.0
2001-08-11,INTC,17.18,16.93,17.32,16.63,17.01,33802797,999355558.1079,16.96,0.5,6728000000,6728000000.0,201503579816.0,201503500000.0
2001-08-10,INTC,17.01,16.92,17.22,16.74,16.98,35740297,1058180807.6872,16.98,0.53,6728000000,6728000000.0,199485159632.0,199485100000.0
2001-08-09,INTC,16.98,17.43,17.89,16.86,17.56,49099598,1490093699.8476,17.41,0.73,6728000000,6728000000.0,199215979080.0,199215900000.0
2001-08-08,INTC,17.56,17.18,17.78,17.08,17.37,44104199,1334389609.07,17.35,0.66,6728000000,6728000000.0,206011326360.0,206011300000.0
2001-08-07,INTC,17.37,17.45,17.6,17.23,18.17,54185898,1642618350.7351,17.39,0.81,6728000000,6728000000.0,203723833272.0,203723800000.0
2001-08-04,INTC,18.17,18.38,18.4,17.92,18.41,35673797,1125690231.7147,18.1,0.53,6728000000,6728000000.0,213142992904.0,213142900000.0
2001-08-03,INTC,18.41,18.01,18.48,17.96,17.63,74146063,2362923808.7155,18.27,1.1,6728000000,6728000000.0,216035979080.0,216035900000.0
2001-08-02,INTC,17.63,17.55,17.76,17.36,17.09,45032398,1379657307.3316,17.56,0.67,6728000000,6728000000.0,206886000000.0,206885900000.0
2001-08-01,INTC,17.09,16.72,17.44,16.64,16.65,50205500,1501651324.728,17.15,0.75,6728000000,6728000000.0,200561666544.0,200561600000.0
2001-07-31,INTC,16.65,16.92,17.05,16.51,16.75,30516098,896382914.2618,16.84,0.45,6728000000,6728000000.0,195381072904.0,195381000000.0
2001-07-28,INTC,16.75,16.97,17.11,16.63,17.07,35491699,1044122946.0993,16.86,0.53,6728000000,6728000000.0,196592065808.0,196592000000.0
2001-07-27,INTC,17.07,16.68,17.14,16.51,16.86,46259199,1358127801.7321,16.83,0.69,6728000000,6728000000.0,200359833272.0,200359800000.0
2001-07-26,INTC,16.86,16.61,16.9,16.16,16.56,35546500,1029398131.707,16.6,0.53,6728000000,6728000000.0,197937746544.0,197937700000.0
2001-07-25,INTC,16.56,16.46,16.96,16.3,16.62,38043199,1102521961.1472,16.61,0.57,6728000000,6728000000.0,194304572720.0,194304500000.0
2001-07-24,INTC,16.62,17.18,17.33,16.57,17.16,35058000,1035241319.562,16.93,0.52,6728000000,6728000000.0,195112000000.0,195111900000.0
2001-07-21,INTC,17.16,16.86,17.21,16.58,17.17,50445898,1491654784.9835,16.95,0.75,6728000000,6728000000.0,201368992904.0,201368900000.0
2001-07-20,INTC,17.17,16.96,17.32,16.87,16.56,54696098,1634275487.2733,17.13,0.81,6728000000,6728000000.0,201570819448.0,201570800000.0
2001-07-19,INTC,16.56,16.55,17.28,16.35,17.14,71681500,2084934632.0165,16.67,1.07,6728000000,6728000000.0,194371913272.0,194371900000.0
2001-07-18,INTC,17.14,16.38,17.2,16.1,16.7,104794750,3044884293.6013,16.66,1.56,6728000000,6728000000.0,201167159632.0,201167100000.0
2001-07-17,INTC,16.7,17.21,17.63,16.49,17.31,65745875,1963440728.1288,17.12,0.98,6728000000,6728000000.0,195986572720.0,195986500000.0
2001-07-14,INTC,17.31,17.2,17.41,16.77,17.25,42797398,1278041363.5278,17.12,0.64,6728000000,6728000000.0,203118232536.0,203118200000.0
2001-07-13,INTC,17.25,16.82,17.31,16.65,16.08,49245000,1459980993.03,16.99,0.73,6728000000,6728000000.0,202512739448.0,202512700000.0
2001-07-12,INTC,16.08,15.85,16.34,15.48,15.93,50500000,1398693450.0,15.88,0.75,6728000000,6728000000.0,188787666544.0,188787600000.0
2001-07-11,INTC,15.93,16.76,16.85,15.74,16.57,41262500,1171871133.6375,16.28,0.61,6728000000,6728000000.0,186971072904.0,186971000000.0
2001-07-10,INTC,16.57,16.35,16.87,16.11,16.3,30142199,867000807.6699,16.49,0.45,6728000000,6728000000.0,194439159632.0,194439100000.0
2001-07-07,INTC,16.3,16.7,17.11,16.22,17.11,37433398,1075536204.169,16.47,0.56,6728000000,6728000000.0,191276992904.0,191276900000.0
2001-07-06,INTC,17.11,17.24,17.77,17.08,17.46,35646098,1081748357.5196,17.4,0.53,6728000000,6728000000.0,200763493088.0,200763400000.0
2001-07-04,INTC,17.46,17.16,17.59,17.0,17.23,22125199,670760586.7514,17.38,0.33,6728000000,6728000000.0,204934819448.0,204934800000.0
2001-07-03,INTC,17.23,16.96,17.51,16.72,16.77,38618098,1159291899.3926,17.21,0.57,6728000000,6728000000.0,202243666544.0,202243600000.0
2001-06-30,INTC,16.77,17.09,17.64,16.48,16.99,50528098,1528090243.5618,17.34,0.75,6724999680,6724999000.0,196706240640.0,196706200000.0
2001-06-29,INTC,16.99,16.76,17.48,16.74,16.42,54526797,1625017746.1782,17.08,0.81,6724999680,6724999000.0,199328983790.2,199328900000.0
2001-06-28,INTC,16.42,16.62,16.74,16.25,16.61,33732797,971355926.8964,16.51,0.5,6724999680,6724999000.0,192671200482.0,192671100000.0
2001-06-27,INTC,16.61,16.1,16.66,16.07,16.38,34784398,992551717.5848,16.36,0.52,6724999680,6724999000.0,194823146579.6,194823100000.0
2001-06-26,INTC,16.38,16.05,16.45,15.75,15.77,28370297,804039665.1364,16.25,0.42,6724999680,6724999000.0,192200403429.4,192200400000.0
2001-06-23,INTC,15.77,15.75,16.22,15.63,15.63,30370797,842604263.7759,15.9,0.45,6724999680,6724999000.0,185004707571.8,185004600000.0
2001-06-22,INTC,15.63,15.68,16.1,15.45,15.76,45924398,1264500468.7448,15.78,0.68,6724999680,6724999000.0,183390667298.6,183390600000.0
2001-06-21,INTC,15.76,15.08,15.86,15.05,15.29,43075098,1166895703.6502,15.53,0.64,6724999680,6724999000.0,184870173953.2,184870100000.0
2001-06-20,INTC,15.29,16.35,16.5,14.99,15.79,60445398,1652274470.7668,15.67,0.9,6724999680,6724999000.0,179355728015.6,179355700000.0
2001-06-19,INTC,15.79,15.98,16.36,15.73,15.87,27884297,777849195.3932,15.99,0.41,6724999680,6724999000.0,185273660484.0,185273600000.0
2001-06-16,INTC,15.87,15.67,16.22,15.54,15.83,54988000,1517047435.6,15.81,0.82,6724999680,6724999000.0,186147944067.4,186147900000.0
2001-06-15,INTC,15.83,16.37,16.68,15.8,16.66,41928000,1186650197.232,16.22,0.62,6724999680,6724999000.0,185677140289.8,185677100000.0
2001-06-14,INTC,16.66,17.13,17.27,16.62,17.27,41041797,1209957116.3277,16.9,0.61,6724999680,6724999000.0,195428477250.8,195428400000.0
2001-06-13,INTC,17.27,17.03,17.32,16.62,17.39,54092398,1594935883.8044,16.9,0.8,6724999680,6724999000.0,202624173108.4,202624100000.0
2001-06-12,INTC,17.39,17.29,17.49,16.86,17.58,41179699,1231911161.8954,17.15,0.61,6724999680,6724999000.0,203969152869.4,203969100000.0
2001-06-09,INTC,17.58,18.28,18.34,17.2,17.85,68338500,2104688371.2765,17.65,1.02,6724999680,6724999000.0,206255726735.6,206255700000.0
2001-06-08,INTC,17.85,17.04,17.9,17.01,17.09,75898063,2333500671.1592,17.62,1.13,6724999680,6724999000.0,209416483310.2,209416400000.0
2001-06-07,INTC,17.09,16.88,17.59,16.65,17.04,72674500,2183409858.207,17.22,1.08,6724999680,6724999000.0,200539436657.6,200539400000.0
2001-06-06,INTC,17.04,16.54,17.17,16.54,16.34,51634699,1525128734.3543,16.93,0.77,6724999680,6724999000.0,199934213586.4,199934200000.0
2001-06-05,INTC,16.34,16.69,16.74,16.08,16.47,37911199,1081924658.252,16.36,0.56,6724999680,6724999000.0,191662490880.0,191662400000.0
2001-06-02,INTC,16.47,15.63,16.66,15.59,15.48,60607699,1720106923.4959,16.27,0.9,6724999680,6724999000.0,193276423553.2,193276400000.0
2001-06-01,INTC,15.48,15.49,15.81,15.39,15.25,38765000,1054915395.085,15.6,0.58,6724999680,6724999000.0,181642207731.8,181642200000.0
2001-05-31,INTC,15.25,15.67,15.88,15.13,15.96,47269098,1274322555.1885,15.45,0.7,6724999680,6724999000.0,178884930963.0,178884900000.0
2001-05-30,INTC,15.96,16.6,16.64,15.92,16.68,37800000,1066469770.8,16.17,0.56,6724999680,6724999000.0,187291180563.0,187291100000.0
2001-05-26,INTC,16.68,16.88,16.94,16.44,16.74,29599598,864621632.544,16.74,0.44,6724999680,6724999000.0,195697430163.0,195697400000.0
2001-05-25,INTC,16.74,16.08,16.85,16.08,16.51,47219797,1353347666.6784,16.43,0.7,6724999680,6724999000.0,196437180127.8,196437100000.0
2001-05-24,INTC,16.51,16.84,17.34,16.37,16.93,53506500,1573957851.7935,16.86,0.8,6724999680,6724999000.0,193679910084.0,193679900000.0
2001-05-23,INTC,16.93,17.31,17.44,16.85,17.14,39668598,1186435879.6538,17.14,0.59,6724999680,6724999000.0,198589233825.4,198589200000.0
2001-05-22,INTC,17.14,16.26,17.2,16.16,16.49,44441500,1305739666.7935,16.84,0.66,6724999680,6724999000.0,201077450082.0,201077400000.0
2001-05-19,INTC,16.49,16.35,16.7,16.04,16.39,34849898,992242601.7668,16.32,0.52,6724999680,6724999000.0,193410957171.8,193410900000.0
2001-05-18,INTC,16.39,16.5,16.73,16.05,16.26,56388797,1616671884.9817,16.43,0.84,6724999680,6724999000.0,192334930323.0,192334900000.0
2001-05-17,INTC,16.26,15.48,16.34,15.19,15.59,59912098,1645575160.4202,15.74,0.89,6724999680,6724999000.0,190720890049.8,190720800000.0
2001-05-16,INTC,15.59,15.83,16.11,15.44,15.71,47320699,1294144884.0039,15.68,0.7,6724999680,6724999000.0,182919971121.0,182919900000.0
2001-05-15,INTC,15.71,16.08,16.14,15.31,16.02,42030398,1148362519.9316,15.66,0.62,6724999680,6724999000.0,184332160528.8,184332100000.0
2001-05-12,INTC,16.02,16.64,16.76,15.93,16.63,47538398,1349624531.8228,16.27,0.71,6724999680,6724999000.0,187896403634.2,187896400000.0
2001-05-11,INTC,16.63,17.47,17.51,16.57,17.16,49126699,1450966241.6577,16.93,0.73,6724999680,6724999000.0,195092207091.8,195092200000.0
2001-05-10,INTC,17.16,17.76,17.76,16.8,18.05,61625098,1852757831.8688,17.23,0.92,6717998080,6717998000.0,201069635508.41,201069600000.0
2001-05-09,INTC,18.05,18.05,18.23,17.71,17.86,41516098,1297141171.6448,17.91,0.62,6717998080,6717998000.0,211482552686.41,211482500000.0
2001-05-08,INTC,17.86,17.8,18.16,17.39,17.7,33649598,1048800428.8474,17.87,0.5,6717998080,6717998000.0,209332739556.82,209332700000.0
2001-05-05,INTC,17.7,17.14,17.8,16.8,17.43,35393598,1070673646.9694,17.34,0.53,6717998080,6717998000.0,207451713530.42,207451700000.0
2001-05-04,INTC,17.43,17.85,17.88,17.26,18.3,37081699,1133401684.9546,17.52,0.55,6717998080,6717998000.0,204228431487.63,204228400000.0
2001-05-03,INTC,18.3,18.27,18.62,17.87,17.86,45024297,1434014539.4205,18.25,0.67,6717998080,6717998000.0,214572771341.22,214572800000.0
2001-05-02,INTC,17.86,17.63,17.99,17.26,17.71,37212098,1141298394.7488,17.57,0.55,6717998080,6717998000.0,209467133108.41,209467100000.0
2001-05-01,INTC,17.71,17.67,18.13,17.49,17.29,41267000,1283057015.933,17.81,0.61,6717998080,6717998000.0,207653240036.82,207653200000.0
2001-04-28,INTC,17.29,16.96,17.32,16.64,16.41,42818098,1274365035.2873,17.05,0.64,6717998080,6717998000.0,202749135028.41,202749100000.0
2001-04-27,INTC,16.41,17.32,17.39,16.38,16.63,53735797,1589063865.574,16.94,0.8,6717998080,6717998000.0,192403458293.2,192403400000.0
2001-04-26,INTC,16.63,16.61,16.82,15.75,16.69,64643199,1842149718.0404,16.33,0.96,6717998080,6717998000.0,195023477544.4,195023400000.0
2001-04-25,INTC,16.69,17.15,17.78,16.56,17.37,50139500,1496007197.4105,17.09,0.75,6717998080,6717998000.0,195762457333.2,195762400000.0
2001-04-24,INTC,17.37,17.8,17.93,16.99,18.58,58505598,1785543812.4592,17.48,0.87,6717998080,6717998000.0,203689648041.62,203689600000.0
2001-04-21,INTC,18.58,18.31,18.66,17.91,18.61,62663297,2007468724.706,18.35,0.93,6717998080,6717998000.0,217864630708.41,217864600000.0
2001-04-20,INTC,18.61,17.64,18.63,17.44,17.92,86104250,2713549176.9538,18.05,1.28,6717998080,6717998000.0,218267690439.22,218267700000.0
2001-04-19,INTC,17.92,16.74,18.44,16.38,14.92,154867500,4720793325.4575,17.46,2.31,6717998080,6717998000.0,210138973224.4,210138900000.0
2001-04-18,INTC,14.92,14.47,15.31,14.43,15.07,74565000,1927116617.22,14.81,1.11,6717998080,6717998000.0,174936622977.21,174936600000.0
2001-04-17,INTC,15.07,15.34,15.47,14.62,16.11,59350297,1555772778.6283,15.02,0.88,6717998080,6717998000.0,176683268888.02,176683300000.0
2001-04-13,INTC,16.11,15.73,16.33,15.07,15.77,54030398,1489785026.7898,15.8,0.8,6717998080,6717998000.0,188910072419.61,188910000000.0
2001-04-12,INTC,15.77,15.98,16.21,15.57,14.19,91353250,2524801665.2578,15.83,1.36,6717998080,6717998000.0,184879233263.62,184879200000.0
2001-04-11,INTC,14.19,13.45,14.38,13.38,13.29,55860398,1366355948.5556,14.01,0.83,6717998080,6717998000.0,166404738543.62,166404700000.0
2001-04-10,INTC,13.29,13.57,13.86,12.75,13.53,60546000,1392091493.07,13.17,0.9,6717998080,6717998000.0,155857535302.01,155857500000.0
2001-04-07,INTC,13.53,14.36,14.46,13.18,14.68,73966500,1786327810.317,13.84,1.1,6717998080,6717998000.0,158712704640.0,158712600000.0
2001-04-06,INTC,14.68,13.89,14.79,13.8,12.96,67723750,1692917058.7362,14.32,1.01,6717998080,6717998000.0,172148700800.0,172148700000.0
2001-04-05,INTC,12.96,14.14,14.38,12.85,14.32,84598500,1995500196.7635,13.51,1.26,6717998080,6717998000.0,151994706560.0,151994700000.0
2001-04-04,INTC,14.32,14.5,15.11,14.23,14.78,57243500,1459978294.45,14.61,0.85,6717998080,6717998000.0,167949952000.0,167949900000.0
2001-04-03,INTC,14.78,14.93,15.4,14.36,15.07,44926398,1168099376.6554,14.89,0.67,6717998080,6717998000.0,173303356720.0,173303300000.0
2001-03-31,INTC,15.07,15.25,15.32,14.5,15.22,47407898,1231647613.6446,14.88,0.71,6717998080,6717998000.0,176767324480.0,176767300000.0
2001-03-30,INTC,15.22,15.4,15.79,14.75,15.43,64860098,1738159822.2628,15.35,0.97,6717998080,6717998000.0,178446824000.0,178446800000.0
2001-03-29,INTC,15.43,16.43,16.79,15.36,16.83,72981375,2038486209.0431,16.0,1.09,6717998080,6717998000.0,180966073280.0,180966100000.0
2001-03-28,INTC,16.83,16.26,17.02,16.08,16.22,72663063,2115257296.1678,16.68,1.08,6717998080,6717998000.0,197341193600.0,197341100000.0
2001-03-27,INTC,16.22,16.9,16.94,15.97,16.51,64434699,1828134063.3417,16.25,0.96,6717998080,6717998000.0,190203320640.0,190203300000.0
2001-03-24,INTC,16.51,17.01,17.04,15.86,16.43,84798375,2439216183.4489,16.48,1.26,6717998080,6717998000.0,193562319680.0,193562300000.0
2001-03-23,INTC,16.43,14.97,16.51,14.89,14.64,94035500,2576270846.045,15.69,1.4,6717998080,6717998000.0,192722569920.0,192722500000.0
2001-03-22,INTC,14.64,14.18,15.32,14.11,14.11,68769688,1750978517.0061,14.59,1.02,6717998080,6717998000.0,171728825920.0,171728800000.0
2001-03-21,INTC,14.11,15.68,15.72,14.07,15.5,64447398,1673666573.4662,14.88,0.96,6729999360,6729999000.0,165726234240.0,165726200000.0
2001-03-20,INTC,15.5,15.75,15.9,14.54,15.97,76658250,2026230250.734,15.14,1.14,6729999360,6729999000.0,182130607680.0,182130600000.0
2001-03-17,INTC,15.97,16.29,16.57,15.86,16.33,59069297,1670839333.0401,16.2,0.88,6729999360,6729999000.0,187598732160.0,187598700000.0
2001-03-16,INTC,16.33,17.04,17.15,16.29,16.65,40752098,1197214768.2751,16.83,0.61,6729999360,6729999000.0,191804981760.0,191804900000.0
2001-03-15,INTC,16.65,16.26,17.11,16.04,16.83,57451699,1660704441.5605,16.56,0.85,6729999360,6729999000.0,195590606400.0,195590600000.0
2001-03-14,INTC,16.83,16.18,16.97,15.9,15.9,52029398,1488737404.4098,16.39,0.77,6729999360,6729999000.0,197693731200.0,197693700000.0
2001-03-13,INTC,15.9,16.33,16.83,15.79,16.86,59606500,1691584605.9805,16.26,0.89,6729999360,6729999000.0,186757482240.0,186757400000.0
2001-03-10,INTC,16.86,17.29,17.53,16.61,19.05,95273375,2835601166.8961,17.05,1.42,6729999360,6729999000.0,198114356160.0,198114300000.0
2001-03-09,INTC,19.05,18.87,19.3,18.73,18.87,64903098,2147740348.2422,18.96,0.96,6729999360,6729999000.0,223772478720.0,223772400000.0
2001-03-08,INTC,18.87,18.76,19.3,18.62,18.05,77826063,2563363963.5506,18.87,1.16,6729999360,6729999000.0,221669353920.0,221669300000.0
2001-03-07,INTC,18.05,18.12,18.83,18.01,17.4,59734199,1915209536.5068,18.37,0.89,6729999360,6729999000.0,211994979840.0,211994900000.0
2001-03-06,INTC,17.4,17.11,17.62,16.9,16.79,33275699,1005252011.996,17.31,0.49,6729999360,6729999000.0,204423730560.0,204423700000.0
2001-03-03,INTC,16.79,16.33,17.83,16.18,16.69,54626199,1626576468.2615,17.06,0.81,6729999360,6729999000.0,197273106240.0,197273100000.0
2001-03-02,INTC,16.69,16.18,16.76,15.5,16.36,56268297,1586883463.6041,16.16,0.84,6729999360,6729999000.0,196011231360.0,196011200000.0
2001-03-01,INTC,16.36,16.83,17.29,16.04,16.61,48642398,1405677454.0292,16.56,0.72,6729999360,6729999000.0,192225606720.0,192225600000.0
2001-02-28,INTC,16.61,16.9,17.69,16.61,16.9,40788797,1213502849.6241,17.04,0.61,6729999360,6729999000.0,195169981440.0,195169900000.0
2001-02-27,INTC,16.9,17.51,17.59,16.29,17.15,60349598,1766793986.1536,16.77,0.9,6729999360,6729999000.0,198534981120.0,198534900000.0
2001-02-24,INTC,17.15,17.4,17.62,16.33,17.19,63558500,1874498616.3405,16.9,0.94,6729999360,6729999000.0,201479355840.0,201479300000.0
2001-02-23,INTC,17.19,17.72,18.15,16.97,17.62,58524000,1805932831.188,17.68,0.87,6729999360,6729999000.0,201899980800.0,201899900000.0
2001-02-22,INTC,17.62,17.76,18.76,17.47,18.01,51585000,1632355636.83,18.13,0.77,6729999360,6729999000.0,206947480320.0,206947400000.0
2001-02-21,INTC,18.01,19.51,19.55,17.97,19.69,52398199,1707657148.2154,18.67,0.78,6729999360,6729999000.0,211574354880.0,211574300000.0
2001-02-17,INTC,19.69,19.91,20.23,19.26,20.52,41543898,1431377972.5918,19.74,0.62,6729999360,6729999000.0,231343728000.0,231343700000.0
2001-02-16,INTC,20.52,20.3,20.91,20.12,19.55,58334500,2094575824.012,20.57,0.87,6729999360,6729999000.0,241018102080.0,241018100000.0
2001-02-15,INTC,19.55,18.65,19.79,18.3,18.58,47442297,1575183319.9161,19.02,0.7,6729999360,6729999000.0,229661228160.0,229661200000.0
2001-02-14,INTC,18.58,19.55,20.19,18.55,19.8,41910797,1418973644.475,19.4,0.62,6729999360,6729999000.0,218304354240.0,218304300000.0
2001-02-13,INTC,19.8,19.3,20.16,19.26,19.19,30483398,1052634043.8964,19.78,0.45,6729999360,6729999000.0,232605602880.0,232605600000.0
2001-02-10,INTC,19.19,19.66,20.37,19.16,19.84,40914598,1408983989.6726,19.73,0.61,6729999360,6729999000.0,225454978560.0,225454900000.0
2001-02-09,INTC,19.84,20.27,20.7,19.8,20.01,42899000,1510705187.206,20.17,0.64,6729999360,6729999000.0,233026227840.0,233026200000.0
2001-02-08,INTC,20.01,20.05,20.66,19.41,20.3,53148000,1857405674.4,20.02,0.79,6729999360,6729999000.0,235129352640.0,235129300000.0
2001-02-07,INTC,20.3,19.8,20.59,19.76,19.87,40329199,1434634225.6549,20.38,0.6,6729999360,6729999000.0,238494352320.0,238494300000.0
2001-02-06,INTC,19.87,20.09,20.23,19.26,20.43,45158199,1556006489.4048,19.74,0.67,6729999360,6729999000.0,233446852800.0,233446800000.0
2001-02-03,INTC,20.43,21.57,21.89,20.33,21.65,47151199,1735498849.5617,21.07,0.7,6729999360,6729999000.0,240176852160.0,240176800000.0
2001-02-02,INTC,21.65,21.22,21.72,20.9,21.18,50299297,1870257986.7413,21.29,0.75,6729999360,6729999000.0,254478100800.0,254478100000.0
2001-02-01,INTC,21.18,21.36,22.1,20.9,21.18,71895063,2714009079.3791,21.61,1.07,6729999360,6729999000.0,236559477504.0,249009900000.0
2001-01-31,INTC,21.18,21.4,21.86,21.08,21.22,60806398,2292115292.9166,21.58,0.9,6729999360,6729999000.0,236559477504.0,249009900000.0
2001-01-30,INTC,21.22,20.18,21.4,19.9,20.54,49092797,1771361097.5175,20.66,0.73,6729999360,6729999000.0,236959071216.0,249430600000.0
2001-01-27,INTC,20.54,19.54,20.65,19.32,19.75,48063699,1681080261.9569,20.03,0.71,6729999360,6729999000.0,229366790688.0,241438700000.0
2001-01-26,INTC,19.75,20.5,20.65,19.65,20.76,45900199,1616260481.8863,20.16,0.68,6729999360,6729999000.0,220575729024.0,232184900000.0
2001-01-25,INTC,20.76,20.43,21.22,20.15,20.25,73581188,2663491769.6428,20.73,1.09,6729999360,6729999000.0,231764352960.0,243962400000.0
2001-01-24,INTC,20.25,19.14,20.55,18.75,19.11,84596688,2928634976.5675,19.82,1.26,6729999360,6729999000.0,226170040992.0,238073700000.0
2001-01-23,INTC,19.11,18.72,19.4,18.61,19.22,45756898,1516886285.0014,18.98,0.68,6729999360,6729999000.0,213383042208.0,224613700000.0
2001-01-20,INTC,19.22,19.11,19.82,18.5,18.43,81348875,2713578828.0375,19.1,1.21,6729999360,6729999000.0,214581823344.0,225875600000.0
2001-01-19,INTC,18.43,17.71,18.5,17.18,17.46,86633250,2720076043.5668,17.98,1.29,6729999360,6729999000.0,205790761680.0,216621800000.0
2001-01-18,INTC,17.46,18.89,18.93,17.25,17.96,112290375,3546949313.076,18.09,1.67,6729999360,6729999000.0,195001731456.0,205264900000.0
2001-01-17,INTC,17.96,18.43,18.54,17.75,18.39,60301098,1896240267.3254,18.0,0.9,6729999360,6729999000.0,200596043424.0,211153700000.0
2001-01-13,INTC,18.39,19.22,19.36,18.21,19.11,51377797,1676754890.799,18.69,0.76,6729999360,6729999000.0,205391167968.0,216201200000.0
2001-01-12,INTC,19.11,18.54,19.61,18.32,18.89,64970199,2177670545.3502,19.19,0.97,6729999360,6729999000.0,213383042208.0,224613700000.0
2001-01-11,INTC,18.89,18.11,19.11,17.82,18.46,51496297,1663093252.6523,18.49,0.77,6729999360,6729999000.0,210985479936.0,222089900000.0
2001-01-10,INTC,18.46,18.63,18.86,18.25,18.29,40814398,1324002378.0312,18.57,0.61,6729999360,6729999000.0,206190355392.0,217042400000.0
2001-01-09,INTC,18.29,18.04,18.5,17.53,18.36,45061297,1414126870.4753,17.97,0.67,6729999360,6729999000.0,204192386832.0,214939300000.0
2001-01-06,INTC,18.36,19.5,19.82,18.18,19.35,44975398,1475269377.6504,18.78,0.67,6729999360,6729999000.0,204991574256.0,215780600000.0
2001-01-05,INTC,19.35,19.47,20.25,18.72,19.6,68769000,2341886896.062,19.5,1.02,6729999360,6729999000.0,216080299764.0,227452900000.0
2001-01-04,INTC,19.6,17.25,19.82,17.25,17.79,78290375,2551631211.7684,18.66,1.16,6729999360,6729999000.0,218877455748.0,230397300000.0
2001-01-03,INTC,17.79,17.57,18.25,17.32,17.21,50342898,1560664423.5709,17.75,0.75,6729999360,6729999000.0,198598074864.0,209050600000.0
2000-12-30,INTC,17.21,17.71,18.0,17.07,17.71,54132500,1640885668.205,17.36,0.8,6729999360,6729999000.0,192204575472.0,202320600000.0
2000-12-29,INTC,17.71,18.39,18.72,17.21,18.64,49339699,1539412769.2936,17.86,0.73,6729999360,6729999000.0,197798887440.0,208209300000.0
2000-12-28,INTC,18.64,18.72,19.29,18.5,18.82,33621500,1109095518.4705,18.89,0.5,6729999360,6729999000.0,208188323952.0,219145600000.0
2000-12-27,INTC,18.82,18.97,19.4,18.32,18.86,28436797,934734323.537,18.82,0.42,6729999360,6729999000.0,210186292512.0,221248700000.0
2000-12-23,INTC,18.86,19.25,20.04,18.32,18.97,45430598,1520734115.304,19.17,0.68,6729999360,6729999000.0,210585886224.0,221669300000.0
2000-12-22,INTC,18.97,18.32,19.73,18.11,18.29,51591297,1707222776.8683,18.95,0.77,6729999360,6729999000.0,211784667360.0,222931200000.0
2000-12-21,INTC,18.29,18.86,19.54,18.04,19.14,63150797,2072065239.7254,18.79,0.94,6729999360,6729999000.0,204192386832.0,214939300000.0
2000-12-20,INTC,19.14,19.32,20.76,19.07,19.04,54740297,1897724901.9724,19.85,0.81,6729999360,6729999000.0,213782635920.0,225034300000.0
2000-12-19,INTC,19.04,19.57,19.75,18.56,18.57,38556098,1284738922.7264,19.08,0.57,6729999360,6729999000.0,212583854784.0,223772400000.0
2000-12-16,INTC,18.57,19.79,19.9,18.5,20.11,80843875,2714663512.0421,19.23,1.2,6729999360,6729999000.0,207389136528.0,218304300000.0
2000-12-15,INTC,20.11,20.36,20.97,19.75,20.33,33709398,1206439095.0718,20.49,0.5,6729999360,6729999000.0,224571666144.0,236391200000.0
2000-12-14,INTC,20.33,21.61,21.69,20.15,20.9,48719797,1768615790.8168,20.78,0.72,6729999360,6729999000.0,226969228416.0,238914900000.0
2000-12-13,INTC,20.9,21.15,21.71,20.83,21.44,48167199,1785769376.432,21.23,0.72,6729999360,6729999000.0,233362727808.0,245644900000.0
2000-12-12,INTC,21.44,20.11,21.86,19.65,19.47,73069563,2647185099.3286,20.74,1.09,6697996800,6697996000.0,238218442440.0,250756200000.0
2000-12-09,INTC,19.47,19.9,19.97,18.89,18.5,88021375,2989222619.0612,19.44,1.31,6697996800,6697996000.0,216345296640.0,227731800000.0
2000-12-08,INTC,18.5,18.57,19.04,18.0,18.18,67775875,2199767551.3858,18.58,1.01,6697996800,6697996000.0,205607570520.0,216428900000.0
2000-12-07,INTC,18.18,20.22,20.22,17.89,20.61,102011875,3339796257.0569,18.75,1.52,6697996800,6697996000.0,202028328480.0,212661300000.0
2000-12-06,INTC,20.61,19.82,20.9,19.47,18.86,75020563,2645989360.8758,20.19,1.12,6697996800,6697996000.0,229071490560.0,241127800000.0
2000-12-05,INTC,18.86,20.11,20.24,18.36,19.54,82567375,2753035397.618,19.09,1.23,6697996800,6697996000.0,209584506120.0,220615200000.0
2000-11-30,INTC,24.48,24.26,24.91,23.44,24.07,60963297,2572107706.5705,24.16,0.91,6697996800,6697996000.0,272022395040.0,286339300000.0
2000-11-29,INTC,24.07,24.73,25.55,24.05,25.16,49694797,2148643303.2024,24.76,0.74,6697996800,6697996000.0,267448919100.0,281525100000.0
2000-11-28,INTC,25.16,26.02,26.77,25.05,25.16,52912699,2401923767.6362,25.99,0.79,6697996800,6697996000.0,279578572680.0,294293200000.0
2000-11-25,INTC,25.16,24.51,25.19,24.05,23.58,20679098,890063284.2374,24.64,0.31,6697996800,6697996000.0,279578572680.0,294293200000.0
2000-11-23,INTC,23.58,24.19,25.12,23.51,24.41,36694000,1560771620.954,24.35,0.55,6697996800,6697996000.0,262080056040.0,275873700000.0
2000-11-22,INTC,24.41,24.3,24.83,23.73,23.55,36477199,1555846940.341,24.42,0.54,6697996800,6697996000.0,271227007920.0,285502100000.0
2000-11-21,INTC,23.55,23.47,24.58,23.26,23.76,37490699,1556755874.7385,23.77,0.56,6697996800,6697996000.0,261682362480.0,275455100000.0
2000-11-18,INTC,23.76,22.97,23.9,22.62,22.9,40976199,1664633088.8936,23.26,0.61,6697996800,6697996000.0,264068523840.0,277966800000.0
2000-11-17,INTC,22.9,23.62,24.58,22.77,23.76,39501098,1624695447.6649,23.55,0.59,6697996800,6697996000.0,254523878400.0,267919800000.0
2000-11-16,INTC,23.76,23.87,24.55,23.33,23.44,41949598,1753576550.2512,23.93,0.63,6697996800,6697996000.0,264068523840.0,277966800000.0
2000-11-15,INTC,23.44,23.19,23.62,22.58,21.86,48664000,1965451316.136,23.12,0.73,6697996800,6697996000.0,260489281800.0,274199200000.0
2000-11-14,INTC,21.86,21.18,22.76,20.61,21.18,81377875,3041716659.0972,21.4,1.21,6697996800,6697996000.0,242990765160.0,255779700000.0
2000-11-11,INTC,21.18,21.76,22.33,21.18,23.69,94053250,3538640197.0838,21.54,1.4,6697996800,6697996000.0,235434587520.0,247825800000.0
2000-11-10,INTC,23.69,24.23,24.26,22.87,24.44,48755297,2013642277.6205,23.65,0.73,6697996800,6697996000.0,263273136720.0,277129600000.0
2000-11-09,INTC,24.44,26.48,26.52,24.3,26.44,38061797,1679986744.5812,25.27,0.57,6697996800,6697996000.0,271624701480.0,285920700000.0
2000-11-08,INTC,26.44,26.77,26.8,25.94,26.66,21039199,968242662.8671,26.35,0.31,6697996800,6697996000.0,293895540840.0,309363700000.0
2000-11-07,INTC,26.66,26.7,27.12,26.55,26.3,24561000,1150058632.185,26.81,0.37,6697996800,6697996000.0,296281702200.0,311875400000.0
2000-11-04,INTC,26.3,26.98,27.05,26.05,26.72,31092297,1439766092.2491,26.51,0.46,6697996800,6697996000.0,292304766600.0,307689200000.0
2000-11-03,INTC,26.72,26.61,27.4,26.54,25.68,65504098,3084077042.8556,26.95,0.98,6697996800,6697996000.0,297077089320.0,312712700000.0
2000-11-02,INTC,25.68,25.36,26.65,25.29,25.75,47449598,2152199411.7488,25.96,0.71,6697996800,6697996000.0,285543976080.0,300572600000.0
2000-11-01,INTC,25.75,26.15,26.86,25.58,25.75,55776000,2566883303.712,26.34,0.83,6697996800,6697996000.0,286339363200.0,301409800000.0
2000-10-31,INTC,25.75,26.3,26.4,25.11,26.54,49107000,2208296906.202,25.74,0.73,6697996800,6697996000.0,286339363200.0,301409800000.0
2000-10-28,INTC,26.54,26.25,26.9,25.66,25.58,50192898,2312185788.3035,26.36,0.75,6697996800,6697996000.0,295088621520.0,310619600000.0
2000-10-27,INTC,25.58,24.04,25.75,23.86,23.64,50762398,2179792498.0842,24.58,0.76,6697996800,6697996000.0,284350895400.0,299316700000.0
2000-10-26,INTC,23.64,24.29,24.93,23.55,24.04,53219398,2251760520.3994,24.21,0.79,6697996800,6697996000.0,262875443160.0,276710900000.0
2000-10-25,INTC,24.04,24.97,25.47,23.82,24.79,46902098,2016790214.0,24.61,0.7,6697996800,6697996000.0,267250072320.0,281315800000.0
2000-10-24,INTC,24.79,25.0,25.75,24.25,24.65,43722098,1916903395.5158,25.09,0.65,6697996800,6697996000.0,275601637080.0,290106900000.0
2000-10-21,INTC,24.65,23.82,25.4,23.68,24.0,59892297,2591353545.9309,24.76,0.89,6697996800,6697996000.0,274010862840.0,288432400000.0
2000-10-20,INTC,24.0,24.05,24.22,23.39,21.86,64225898,2682946394.6597,23.91,0.96,6697996800,6697996000.0,266852378760.0,280897200000.0
2000-10-19,INTC,21.86,20.75,22.79,20.17,20.71,121643000,4679361464.284,22.02,1.82,6697996800,6697996000.0,242990765160.0,255779700000.0
2000-10-18,INTC,20.71,20.82,20.96,20.03,20.42,78205875,2800145322.1706,20.49,1.17,6697996800,6697996000.0,230264571240.0,242383700000.0
2000-10-17,INTC,20.42,22.39,22.43,20.25,23.11,92015750,3364389074.1953,20.93,1.37,6697996800,6697996000.0,227083022760.0,239034700000.0
2000-10-14,INTC,23.11,21.24,23.32,21.14,21.25,80884250,3193423427.95,22.6,1.21,6697996800,6697996000.0,256910039760.0,270431600000.0
2000-10-13,INTC,21.25,21.25,22.03,20.03,20.25,100220188,3690927824.8392,21.08,1.5,6697996800,6697996000.0,236229974640.0,248663100000.0
2000-10-12,INTC,20.25,21.18,21.82,20.03,21.5,122051500,4462776237.947,20.93,1.82,6697996800,6697996000.0,225094554960.0,236941600000.0
2000-10-11,INTC,21.5,22.43,23.0,21.43,22.36,68813500,2650083166.969,22.04,1.03,6697996800,6697996000.0,239013829560.0,251593400000.0
2000-10-10,INTC,22.36,23.14,23.2,21.75,22.86,56538500,2210422807.1495,22.37,0.84,6697996800,6697996000.0,248558475000.0,261640400000.0
2000-10-07,INTC,22.86,23.68,24.18,22.46,23.46,69717000,2818679085.666,23.14,1.04,6697996800,6697996000.0,254126184840.0,267501200000.0
2000-10-06,INTC,23.46,24.11,24.25,23.18,24.04,52068098,2158665084.7287,23.73,0.78,6697996800,6697996000.0,260886975360.0,274617800000.0
2000-10-05,INTC,24.04,23.46,24.47,23.29,23.07,63667598,2664685645.5102,23.95,0.95,6697996800,6697996000.0,267250072320.0,281315800000.0
2000-10-04,INTC,23.07,23.9,24.32,22.96,22.96,81163375,3366761739.2439,23.74,1.21,6697996800,6697996000.0,256512346200.0,270012900000.0
2000-10-03,INTC,22.96,24.54,24.57,22.82,23.79,66765563,2730177335.4304,23.4,1.0,6697996800,6697996000.0,255319265520.0,268757100000.0
2000-09-30,INTC,23.79,25.07,25.11,23.68,25.43,72969750,3079898889.4485,24.16,1.09,6697996800,6697996000.0,264466217400.0,278385400000.0
2000-09-29,INTC,25.43,25.25,25.61,24.89,25.11,66715250,2946765691.6793,25.28,1.0,6697996800,6697996000.0,282760121160.0,297642200000.0
2000-09-28,INTC,25.11,25.54,26.15,24.86,24.79,80356063,3585060518.9412,25.53,1.2,6697996800,6697996000.0,279180879120.0,293874600000.0
2000-09-27,INTC,24.79,26.58,26.61,24.5,25.97,112678500,4996018207.95,25.38,1.68,6697996800,6697996000.0,275601637080.0,290106900000.0
2000-09-26,INTC,25.97,28.65,28.73,25.61,27.44,130214688,6224091635.3734,27.36,1.94,6697996800,6697996000.0,288725524560.0,303921600000.0
2000-09-23,INTC,27.44,26.76,28.33,26.61,35.19,308733875,14871738544.7987,27.57,4.61,6697996800,6697996000.0,305030960520.0,321085200000.0
2000-09-22,INTC,35.19,35.52,36.02,34.55,36.09,52771898,3244668908.1157,35.19,0.79,6697996800,6697996000.0,391231039650.0,411822100000.0
2000-09-21,INTC,36.09,35.05,36.34,34.59,34.55,70328188,4349762419.7677,35.4,1.05,6697996800,6697996000.0,401272802040.0,422392400000.0
2000-09-20,INTC,34.55,32.73,34.62,32.51,31.94,59289199,3489145349.0244,33.68,0.89,6697996800,6697996000.0,384171978960.0,404391500000.0
2000-09-19,INTC,31.94,33.41,33.91,31.76,32.92,50756699,2905155749.6962,32.76,0.76,6697996800,6697996000.0,355140349080.0,373831900000.0
2000-09-16,INTC,32.92,34.16,34.27,32.41,34.12,75662875,4403283558.8216,33.31,1.13,6697996800,6697996000.0,365977498590.0,385239400000.0
2000-09-15,INTC,34.12,35.77,35.98,33.91,35.05,50478297,3092658365.3457,35.06,0.75,6697996800,6697996000.0,379399656240.0,399368000000.0
2000-09-14,INTC,35.05,35.3,36.23,34.62,37.16,70046063,4333588251.4966,35.41,1.05,6697996800,6697996000.0,389739688800.0,410252300000.0
2000-09-13,INTC,37.16,37.24,38.31,36.95,37.02,28995199,1909426522.806,37.69,0.43,6697996800,6697996000.0,413203608840.0,434951100000.0
2000-09-12,INTC,37.02,37.52,38.27,36.59,37.41,30506199,1989275466.4277,37.32,0.46,6697996800,6697996000.0,411612834600.0,433276600000.0
2000-09-09,INTC,37.41,38.45,38.6,37.16,38.6,29679797,1954895326.4422,37.7,0.44,6697996800,6697996000.0,415987463760.0,437881500000.0
2000-09-08,INTC,38.6,38.12,39.31,37.92,37.6,34714199,2346287581.9513,38.68,0.52,6697996800,6697996000.0,429111351240.0,451696100000.0
2000-09-07,INTC,37.6,38.95,39.2,37.24,39.63,62336398,4153754151.5034,38.14,0.93,6697996800,6697996000.0,418075354950.0,440079300000.0
2000-09-06,INTC,39.63,40.67,40.85,39.06,42.32,58384297,4072187129.7758,39.92,0.87,6697996800,6697996000.0,440644464480.0,463836200000.0
2000-09-02,INTC,42.32,43.28,43.32,42.03,42.85,18316297,1367247464.0105,42.72,0.27,6697996800,6697996000.0,470471481480.0,495233100000.0
2000-09-01,INTC,42.85,42.28,43.28,42.14,42.06,28527098,2135398431.1746,42.84,0.43,6697996800,6697996000.0,476436884880.0,501512400000.0
2000-08-31,INTC,42.06,42.21,42.57,41.64,42.39,21768297,1601343321.9675,42.1,0.32,6697996800,6697996000.0,467687626560.0,492302700000.0
2000-08-30,INTC,42.39,41.96,42.89,41.85,42.28,23022500,1708055160.525,42.46,0.34,6697996800,6697996000.0,471266868600.0,496070300000.0
2000-08-29,INTC,42.28,41.92,43.39,41.78,41.74,42757699,3197172137.958,42.79,0.64,6697996800,6697996000.0,470073787920.0,494814400000.0
2000-08-26,INTC,41.74,42.28,42.6,41.56,42.49,20841797,1532961938.7487,42.09,0.31,6697996800,6697996000.0,464108384520.0,488535100000.0
2000-08-25,INTC,42.49,42.67,42.71,41.78,42.71,23351000,1724242393.445,42.26,0.35,6697996800,6697996000.0,472459949280.0,497326200000.0
2000-08-24,INTC,42.71,40.88,42.85,40.46,41.28,36146898,2648924100.1749,41.94,0.54,6697996800,6697996000.0,474846110640.0,499837900000.0
2000-08-23,INTC,41.28,41.47,42.14,41.28,41.24,31451699,2295458124.7813,41.77,0.47,6697996800,6697996000.0,458938368240.0,483093000000.0
2000-08-22,INTC,41.24,41.59,42.39,40.38,40.38,46031500,3343364327.024,41.57,0.69,6697996800,6697996000.0,458540674680.0,482674300000.0
2000-08-19,INTC,40.38,40.63,41.74,40.2,40.1,35795500,2562370324.254,40.97,0.53,6697996800,6697996000.0,448996029240.0,472627300000.0
2000-08-18,INTC,40.1,39.2,40.92,39.17,38.95,40491898,2849345499.6387,40.27,0.6,6697996800,6697996000.0,445814480760.0,469278400000.0
2000-08-17,INTC,38.95,39.27,39.78,38.67,38.85,24606297,1685381172.2694,39.2,0.37,6697996800,6697996000.0,433088286840.0,455882400000.0
2000-08-16,INTC,38.85,38.24,39.35,37.77,38.31,34458098,2323447282.3569,38.59,0.51,6697996800,6697996000.0,431895206160.0,454626500000.0
2000-08-15,INTC,38.31,36.88,38.34,36.41,36.52,25662898,1672740796.7784,37.3,0.38,6697996800,6697996000.0,425929802760.0,448347100000.0
2000-08-12,INTC,36.52,35.41,36.7,34.8,35.48,22508000,1407067362.8,35.78,0.34,6697996800,6697996000.0,406045124760.0,427415900000.0
2000-08-11,INTC,35.48,36.16,37.09,35.48,36.38,16677297,1058309580.7557,36.32,0.25,6697996800,6697996000.0,394512011520.0,415275800000.0
2000-08-10,INTC,36.38,35.98,37.13,35.97,35.27,30065898,1920456047.7648,36.56,0.45,6697996800,6697996000.0,404454350520.0,425741400000.0
2000-08-09,INTC,35.27,35.91,36.27,35.2,36.02,24879398,1552063925.133,35.7,0.37,6697996800,6697996000.0,392125850160.0,412764000000.0
2000-08-08,INTC,36.02,35.84,36.84,34.98,35.81,30630398,1928664420.7182,36.04,0.46,6697996800,6697996000.0,400477414920.0,421555100000.0
2000-08-05,INTC,35.81,37.9,37.92,35.16,37.24,34928598,2210595584.7502,36.22,0.52,6697996800,6697996000.0,398091253560.0,419043400000.0
2000-08-04,INTC,37.24,35.38,37.41,34.59,36.22,34939398,2195084659.8974,35.96,0.52,6697996800,6697996000.0,413998995960.0,435788400000.0
2000-08-03,INTC,36.22,37.33,37.83,36.15,36.97,33222797,2153189174.6886,37.08,0.5,6697996800,6697996000.0,402863576280.0,424066900000.0
2000-08-02,INTC,36.97,38.37,38.55,36.76,38.19,24889500,1639282130.1315,37.68,0.37,6697996800,6697996000.0,411215141040.0,432858000000.0
2000-08-01,INTC,38.19,37.44,38.65,36.9,36.94,30462699,2015576390.2503,37.86,0.45,6697999360,6697999000.0,424736884416.0,447091400000.0
2000-07-29,INTC,36.94,39.48,39.87,36.83,39.19,27715199,3709759760.2271,38.29,0.83,3348999680,3348999000.0,410817604496.0,432439600000.0
2000-07-28,INTC,39.19,39.62,40.16,38.9,39.76,19611098,2696225925.2006,39.33,0.59,3348999680,3348999000.0,435872308352.0,458812900000.0
2000-07-27,INTC,39.76,39.76,40.08,39.07,40.3,23101297,3192975796.5411,39.54,0.69,3348999680,3348999000.0,442235407744.0,465510900000.0
2000-07-26,INTC,40.3,39.69,40.6,39.39,39.48,14810797,2069911075.2493,39.98,0.44,3348999680,3348999000.0,448200813424.0,471790300000.0
2000-07-25,INTC,39.48,39.53,40.62,39.37,39.53,19917598,2776070990.5244,39.87,0.59,3348999680,3348999000.0,439053858048.0,462161900000.0
2000-07-22,INTC,39.53,40.66,40.69,39.49,40.82,16039098,2247828099.1954,40.09,0.48,3348999680,3348999000.0,439650398616.0,462789900000.0
2000-07-21,INTC,40.82,39.75,40.98,39.44,39.51,30231797,4263847301.1845,40.35,0.9,3348999680,3348999000.0,453967372248.0,477860300000.0
2000-07-20,INTC,39.51,41.46,41.8,39.48,40.91,36060098,5123299725.5166,40.64,1.08,3348999680,3348999000.0,439451551760.0,462580600000.0
2000-07-19,INTC,40.91,41.43,41.43,40.46,41.85,25260598,3617246651.3196,40.96,0.75,3348999680,3348999000.0,454961606528.0,478906900000.0
2000-07-18,INTC,41.85,41.94,42.19,41.3,41.96,23285398,3397609678.8168,41.74,0.7,3348999680,3348999000.0,465500489896.0,490000500000.0
2000-07-15,INTC,41.96,41.19,42.07,40.93,40.96,18729398,2711117819.296,41.41,0.56,3348999680,3348999000.0,466693571032.0,491256400000.0
2000-07-14,INTC,40.96,40.16,41.48,40.12,40.39,22586898,3228056218.8456,40.88,0.67,3348999680,3348999000.0,455558147096.0,479534800000.0
2000-07-13,INTC,40.39,40.12,40.69,39.69,39.71,14875000,2090728850.0,40.21,0.44,3348999680,3348999000.0,449195047704.0,472836800000.0
2000-07-12,INTC,39.71,39.55,40.41,39.23,39.42,21371297,2976326891.2345,39.84,0.64,3348999680,3348999000.0,441638867176.0,464883000000.0
2000-07-11,INTC,39.42,39.41,40.05,39.19,39.85,15672598,2170866246.347,39.62,0.47,3348999680,3348999000.0,438457317480.0,461534000000.0
2000-07-08,INTC,39.85,39.41,40.01,38.94,39.08,18642797,2581430628.568,39.61,0.56,3348999680,3348999000.0,443229642024.0,466557500000.0
2000-07-07,INTC,39.08,37.62,39.14,37.35,37.65,22451898,3010036157.268,38.35,0.67,3348999680,3348999000.0,434679227216.0,457557100000.0
2000-07-06,INTC,37.65,38.08,38.48,37.58,39.16,21001297,2790450732.9088,38.01,0.63,3348999680,3348999000.0,418771478736.0,440812000000.0
2000-07-04,INTC,39.16,38.37,39.16,38.25,38.24,7541699,1020720692.7764,38.72,0.23,3348999680,3348999000.0,435474614640.0,458394300000.0
2000-07-01,INTC,38.24,37.44,38.37,37.08,37.69,20168598,2645843747.8074,37.53,0.6,3348999680,3348999000.0,425333424984.0,447719400000.0
2000-06-30,INTC,37.69,37.49,38.44,37.46,37.87,23567000,3124312304.83,37.92,0.7,3348999680,3348999000.0,419169172448.0,441230700000.0
2000-06-29,INTC,37.87,37.74,38.82,37.47,37.58,15315500,2051442305.25,38.32,0.46,3348999680,3348999000.0,421157641008.0,443323800000.0
2000-06-28,INTC,37.58,38.31,39.05,37.55,38.39,16646500,2234446211.335,38.4,0.5,3348999680,3348999000.0,417976091312.0,439974800000.0
2000-06-27,INTC,38.39,38.85,39.25,37.94,38.44,14951098,2021551416.5682,38.68,0.45,3348999680,3348999000.0,426924199832.0,449393800000.0
2000-06-24,INTC,38.44,38.69,39.33,38.37,38.35,15159598,2059554181.0438,38.86,0.45,3348999680,3348999000.0,427520740400.0,450021800000.0
2000-06-23,INTC,38.35,39.48,39.58,38.33,39.76,14848000,2028019870.72,39.07,0.44,3348999680,3348999000.0,426526506120.0,448975300000.0
2000-06-22,INTC,39.76,39.01,39.83,38.9,39.57,16444398,2265607036.7284,39.41,0.49,3348999680,3348999000.0,442235407744.0,465510900000.0
2000-06-21,INTC,39.57,38.89,40.12,38.89,39.05,29287398,4063640823.325,39.69,0.87,3348999680,3348999000.0,440048092328.0,463208400000.0
2000-06-20,INTC,39.05,36.74,39.1,36.72,36.06,30609500,4073545624.355,38.07,0.91,3348999680,3348999000.0,434281533504.0,457138400000.0
2000-06-17,INTC,36.06,36.97,37.1,36.01,36.69,22030699,2827913397.3176,36.72,0.66,3348999680,3348999000.0,401074108552.0,422183200000.0
2000-06-16,INTC,36.69,36.25,37.21,36.19,36.17,16705398,2139142919.298,36.63,0.5,3348999680,3348999000.0,408033748512.0,429509100000.0
2000-06-15,INTC,36.17,37.44,37.56,36.04,37.62,18502898,2376110521.2044,36.74,0.55,3341998080,3341998000.0,401426188128.0,422553800000.0
2000-06-14,INTC,37.62,35.62,37.72,35.51,35.78,19561699,2505012488.843,36.63,0.59,3341998080,3341998000.0,417499110144.0,439472700000.0
2000-06-13,INTC,35.78,36.56,36.62,35.65,36.35,12972297,1638895225.8927,36.14,0.39,3341998080,3341998000.0,397060703136.0,417958600000.0
2000-06-10,INTC,36.35,36.6,36.62,35.9,36.1,13757699,1742134672.8302,36.22,0.41,3341998080,3341998000.0,403410499488.0,424642600000.0
2000-06-09,INTC,36.1,37.08,37.62,36.04,36.88,17194000,2215452058.2,36.86,0.51,3341998080,3341998000.0,400632463584.0,421718300000.0
2000-06-08,INTC,36.88,36.97,37.01,35.95,37.06,19876199,2535280538.0044,36.49,0.59,3341998080,3341998000.0,409363433568.0,430908800000.0
2000-06-07,INTC,37.06,37.56,38.64,37.05,37.92,23702398,3136772744.0562,37.86,0.71,3341998080,3341998000.0,411347744928.0,432997600000.0
2000-06-06,INTC,37.92,37.94,38.62,37.53,38.39,19586898,2604366016.5006,38.04,0.59,3341998080,3341998000.0,420872439456.0,443023600000.0
2000-06-03,INTC,38.39,37.99,38.49,37.76,37.1,21326598,2843483841.9792,38.14,0.64,3341998080,3341998000.0,426031648992.0,448454300000.0
2000-06-02,INTC,37.1,36.1,37.19,36.08,35.67,22985500,2946042110.945,36.66,0.69,3341998080,3341998000.0,411744607200.0,433415300000.0
2000-06-01,INTC,35.67,36.12,36.6,35.62,35.97,27042199,3415881338.4233,36.13,0.81,3341998080,3341998000.0,395870116320.0,416705300000.0
2000-05-31,INTC,35.97,34.11,36.01,34.08,33.63,20861199,2558210919.4899,35.08,0.62,3341998080,3341998000.0,399243445632.0,420256200000.0
2000-05-27,INTC,33.63,32.9,34.29,32.72,32.95,15331000,1791067071.5,33.42,0.46,3341998080,3341998000.0,373248966816.0,392893600000.0
2000-05-26,INTC,32.95,33.95,34.97,32.49,33.58,25244000,3000559648.76,34.0,0.76,3341998080,3341998000.0,365708583648.0,384956400000.0
2000-05-25,INTC,33.58,31.36,33.8,31.32,31.43,37730098,4296907302.7692,32.58,1.13,3341998080,3341998000.0,372653673408.0,392266900000.0
2000-05-24,INTC,31.43,33.68,34.29,31.41,33.86,25180500,2890900181.55,32.84,0.75,3341998080,3341998000.0,348841937088.0,367202000000.0
2000-05-23,INTC,33.86,33.61,33.92,31.86,33.72,29638398,3404790697.5406,32.86,0.89,3341998080,3341998000.0,375828571584.0,395609000000.0
2000-05-20,INTC,33.72,34.86,35.36,33.27,35.45,35982598,4311236988.071,34.27,1.08,3341998080,3341998000.0,374241122496.0,393938000000.0
2000-05-19,INTC,35.45,35.44,36.19,35.22,35.24,25065598,3126391933.5832,35.68,0.75,3341998080,3341998000.0,393488942688.0,414198800000.0
2000-05-18,INTC,35.24,35.01,35.88,34.43,34.86,32768898,4039303760.7382,35.26,0.98,3341998080,3341998000.0,391107769056.0,411692300000.0
2000-05-17,INTC,34.86,34.26,35.15,33.95,33.79,22121398,2678186555.4306,34.63,0.66,3341998080,3341998000.0,386940715200.0,407305900000.0
2000-05-16,INTC,33.79,32.77,33.83,32.25,32.9,20551699,2362025262.5991,32.88,0.61,3341998080,3341998000.0,375034847040.0,394773500000.0
2000-05-13,INTC,32.9,33.36,34.18,32.83,33.06,19214598,2260334214.7074,33.65,0.57,3341998080,3341998000.0,365113290240.0,384329800000.0
2000-05-12,INTC,33.06,30.64,33.18,30.43,30.34,35131297,3939946502.1994,32.08,1.05,3341998080,3341998000.0,366899170464.0,386209600000.0
2000-05-11,INTC,30.34,32.75,33.33,30.07,33.45,48584000,5337511116.0,31.43,1.45,3341998080,3341998000.0,336737637792.0,354460600000.0
2000-05-10,INTC,33.45,33.86,34.11,32.9,33.65,21525797,2518180293.9871,33.47,0.64,3341998080,3341998000.0,371264655456.0,390804900000.0
2000-05-09,INTC,33.65,34.97,35.1,33.61,35.29,20468098,2440781797.1138,34.11,0.61,3341998080,3341998000.0,373447397952.0,393102400000.0
2000-05-06,INTC,35.29,34.04,35.44,34.04,34.2,17108000,2081958060.0,34.81,0.51,3341998080,3341998000.0,391703062464.0,412319000000.0
2000-05-05,INTC,34.2,33.97,34.51,33.49,34.06,20491199,2435432073.3554,34.0,0.61,3341998080,3341998000.0,379598763168.0,399577600000.0
2000-05-04,INTC,34.06,34.36,34.51,33.15,34.66,29491098,3483246373.8454,33.79,0.88,3341998080,3341998000.0,378011314080.0,397906600000.0
2000-05-03,INTC,34.66,36.0,36.5,34.57,36.36,21935000,2737147788.15,35.69,0.66,3341998080,3341998000.0,384757972704.0,405008400000.0
2000-05-02,INTC,36.36,36.59,37.47,36.11,36.27,21185898,2732686358.0178,36.89,0.63,3341998080,3341998000.0,403608930624.0,424851400000.0
2000-04-29,INTC,36.27,36.61,36.91,36.0,35.84,22098098,2821350133.2612,36.51,0.66,3341998080,3341998000.0,402616774944.0,423807100000.0
2000-04-28,INTC,35.84,33.62,36.2,33.46,34.55,30536699,3751464008.849,35.13,0.91,3341998080,3341998000.0,397854427680.0,418794100000.0
2000-04-27,INTC,34.55,35.53,35.75,34.5,35.75,23776297,2917246788.4302,35.09,0.71,3341998080,3341998000.0,383567385888.0,403755100000.0
2000-04-26,INTC,35.75,34.24,35.82,34.18,33.21,25666199,3126461299.0676,34.84,0.77,3341998080,3341998000.0,396862272000.0,417749700000.0
2000-04-25,INTC,33.21,31.75,33.32,31.57,33.0,29146199,3291897043.7157,32.3,0.87,3341998080,3341998000.0,368685050688.0,388089400000.0
2000-04-21,INTC,33.0,33.73,34.03,32.89,34.05,22895297,2678186295.7408,33.45,0.69,3341998080,3341998000.0,366303877056.0,385583000000.0
2000-04-20,INTC,34.05,35.92,35.96,34.02,36.89,43685898,5346197194.0338,35.0,1.31,3341998080,3341998000.0,378011314080.0,397906600000.0
2000-04-19,INTC,36.89,36.21,37.47,35.82,35.18,49204000,6317705032.8,36.72,1.47,3341998080,3341998000.0,409561864704.0,431117700000.0
2000-04-18,INTC,35.18,31.46,35.25,31.33,31.6,44427598,5143987235.7928,33.11,1.33,3341998080,3341998000.0,390512475648.0,411065800000.0
2000-04-15,INTC,31.6,34.09,34.53,30.99,34.64,46390797,5379926810.8509,33.17,1.39,3341998080,3341998000.0,350826248448.0,369290800000.0
2000-04-14,INTC,34.64,35.28,36.96,34.53,34.86,34699797,4356056366.2935,35.9,1.04,3341998080,3341998000.0,384559541568.0,404799400000.0
2000-04-13,INTC,34.86,37.16,37.72,34.82,37.39,30049098,3802307689.077,36.19,0.9,3341998080,3341998000.0,386940715200.0,407305900000.0
2000-04-12,INTC,37.39,37.18,38.39,36.46,37.5,26534500,3467350678.85,37.37,0.79,3341998080,3341998000.0,415117936512.0,436966200000.0
2000-04-11,INTC,37.5,39.32,39.77,37.43,39.13,22423000,3053947573.3,38.95,0.67,3341998080,3341998000.0,416308523328.0,438219400000.0
2000-04-08,INTC,39.13,37.57,39.18,37.55,37.13,25679500,3451034364.855,38.43,0.77,3341998080,3341998000.0,434365756704.0,457227100000.0
2000-04-07,INTC,37.13,36.96,37.64,36.32,37.14,27565398,3561471473.9184,36.95,0.82,3341998080,3341998000.0,412141469472.0,433833100000.0
2000-04-06,INTC,37.14,37.14,38.32,36.54,37.97,31050297,4077189348.3294,37.55,0.93,3341998080,3341998000.0,412339900608.0,434041900000.0
2000-04-05,INTC,37.97,37.61,38.32,34.03,37.36,43673297,5623753679.4039,36.83,1.31,3341998080,3341998000.0,421467732864.0,443650200000.0
2000-04-04,INTC,37.36,37.57,38.04,35.96,37.73,25015699,3226407283.2347,36.89,0.75,3341998080,3341998000.0,414721074240.0,436548400000.0
2000-04-01,INTC,37.73,37.07,38.57,36.68,36.32,29219898,3846790513.5316,37.65,0.87,3341998080,3341998000.0,418888128096.0,440934800000.0
2000-03-31,INTC,36.32,37.11,38.14,35.2,37.72,35794398,4598688862.4898,36.74,1.07,3341998080,3341998000.0,403212068352.0,424433700000.0
2000-03-30,INTC,37.72,39.04,39.38,37.61,38.81,30677199,4124702484.773,38.45,0.92,3341998080,3341998000.0,418689696960.0,440725900000.0
2000-03-29,INTC,38.81,40.22,40.77,38.64,40.81,22413598,3103734189.849,39.6,0.67,3341998080,3341998000.0,430793996256.0,453467300000.0
2000-03-28,INTC,40.81,39.93,41.11,39.77,39.77,17878000,2534941285.8,40.55,0.53,3341998080,3341998000.0,453018283488.0,476861300000.0
2000-03-25,INTC,39.77,40.07,41.33,39.36,40.79,23436500,3318153731.9,40.49,0.7,3340997120,3340997000.0,441377041400.0,464607400000.0
2000-03-24,INTC,40.79,40.72,41.09,39.88,41.2,22796598,3222128152.815,40.42,0.68,3340997120,3340997000.0,452684228528.0,476509600000.0
2000-03-23,INTC,41.2,40.15,41.58,39.9,39.59,26843797,3835004161.4689,40.86,0.8,3340997120,3340997000.0,457246777720.0,481312300000.0
2000-03-22,INTC,39.59,38.61,39.72,38.36,38.61,25611797,3496030779.9376,39.04,0.77,3340997120,3340997000.0,439393324360.0,462519300000.0
2000-03-21,INTC,38.61,37.16,39.29,37.16,37.14,32580000,4393409742.0,38.57,0.98,3340997120,3340997000.0,428482880640.0,451034600000.0
2000-03-18,INTC,37.14,35.55,37.18,35.46,35.77,30370699,3866709321.6529,36.41,0.91,3340997120,3340997000.0,412216400912.0,433911900000.0
2000-03-17,INTC,35.77,35.25,35.86,34.21,34.37,27486898,3371702057.8194,35.08,0.82,3340997120,3340997000.0,396941779704.0,417833400000.0
2000-03-16,INTC,34.37,34.05,35.21,33.94,33.71,24447398,2954702498.8468,34.57,0.73,3340997120,3340997000.0,381468786792.0,401546100000.0
2000-03-15,INTC,33.71,35.53,35.93,33.69,34.93,28387598,3489247130.495,35.15,0.85,3340997120,3340997000.0,374129033744.0,393819900000.0
2000-03-14,INTC,34.93,33.98,35.89,33.96,34.37,33715398,4155935277.5496,35.25,1.01,3340997120,3340997000.0,387618309616.0,408019300000.0
2000-03-11,INTC,34.37,33.71,34.5,33.57,33.85,21748297,2593560536.2895,34.11,0.65,3340997120,3340997000.0,381468786792.0,401546100000.0
2000-03-10,INTC,33.85,32.51,33.89,32.03,32.87,19180297,2198390019.2787,32.78,0.57,3340997120,3340997000.0,375716007376.0,395490500000.0
2000-03-09,INTC,32.87,33.21,33.3,32.1,33.1,23193500,2653000094.25,32.71,0.69,3340997120,3340997000.0,364805563656.0,384005800000.0
2000-03-08,INTC,33.1,33.69,34.32,32.94,33.57,19961199,2345367026.0637,33.6,0.6,3340997120,3340997000.0,367384395808.0,386720400000.0
2000-03-07,INTC,33.57,33.75,34.0,33.37,34.1,14015699,1652052866.2484,33.71,0.42,3340997120,3340997000.0,372542060112.0,392149500000.0
2000-03-04,INTC,34.1,33.46,34.25,33.07,33.1,17142398,2018604790.7298,33.68,0.51,3340997120,3340997000.0,378493211232.0,398413900000.0
2000-03-03,INTC,33.1,33.0,33.48,32.64,33.14,18234797,2111157327.9111,33.11,0.55,3340997120,3340997000.0,367384395808.0,386720400000.0
2000-03-02,INTC,33.14,32.28,33.43,32.17,32.32,20405199,2353380573.1476,32.98,0.61,3340997120,3340997000.0,367781139216.0,387138000000.0
2000-03-01,INTC,32.32,32.37,33.07,31.83,32.14,22145898,2515246718.9686,32.48,0.66,3340997120,3340997000.0,358656040832.0,377532600000.0
2000-02-29,INTC,32.14,31.92,32.76,30.96,32.39,23710898,2637002778.8904,31.81,0.71,3340997120,3340997000.0,356672323792.0,375444500000.0
2000-02-26,INTC,32.39,32.57,33.0,32.26,32.67,23149199,2643434812.8488,32.66,0.69,3340997120,3340997000.0,359449527648.0,378367900000.0
2000-02-25,INTC,32.67,32.16,33.32,31.53,31.19,42672898,4846317926.233,32.48,1.28,3340997120,3340997000.0,362623474912.0,381708900000.0
2000-02-24,INTC,31.19,30.12,31.78,29.83,30.53,20420699,2199107117.3799,30.8,0.61,3340997120,3340997000.0,346158623480.0,364377400000.0
2000-02-23,INTC,30.53,29.99,30.55,29.05,30.14,22837699,2369230853.4279,29.67,0.68,3340997120,3340997000.0,338818870432.0,356651400000.0
2000-02-19,INTC,30.14,31.46,31.6,30.08,31.46,25180898,2734882223.2412,31.06,0.75,3340997120,3340997000.0,334454692944.0,352057500000.0
2000-02-18,INTC,31.46,31.14,32.14,30.85,30.65,24334398,2677209388.621,31.46,0.73,3340997120,3340997000.0,349134199040.0,367509600000.0
2000-02-17,INTC,30.65,31.85,32.28,30.6,32.03,23020898,2537397908.907,31.52,0.69,3340997120,3340997000.0,340207472360.0,358113100000.0
2000-02-16,INTC,32.03,31.44,32.28,30.1,31.42,31380500,3419608398.2,31.17,0.94,3340997120,3340997000.0,355482093568.0,374191600000.0
2000-02-15,INTC,31.42,30.4,31.44,30.21,30.28,17184500,1847914586.1,30.75,0.51,3340997120,3340997000.0,348737455632.0,367092000000.0
2000-02-12,INTC,30.28,30.67,31.1,30.1,30.78,18877398,2014138892.7544,30.51,0.57,3340997120,3340997000.0,336041666576.0,353728000000.0
2000-02-11,INTC,30.78,29.85,30.92,29.51,29.92,21769297,2306054067.4625,30.3,0.65,3340997120,3340997000.0,341596074288.0,359574800000.0
2000-02-10,INTC,29.92,30.92,31.14,29.89,31.12,19305797,2061239403.5163,30.53,0.58,3340997120,3340997000.0,332074232496.0,349551800000.0
2000-02-09,INTC,31.12,31.12,31.48,30.89,30.87,19010699,2074677504.3379,31.21,0.57,3340997120,3340997000.0,345365136664.0,363542200000.0
2000-02-08,INTC,30.87,30.01,30.92,29.89,29.96,21399297,2255216272.6578,30.14,0.64,3340997120,3340997000.0,342587932808.0,360618800000.0
2000-02-05,INTC,29.96,29.85,30.96,29.81,29.8,27975098,2976667922.6116,30.43,0.84,3340997120,3340997000.0,332470975904.0,349969400000.0
2000-02-04,INTC,29.8,29.08,29.92,28.81,28.61,28060898,2889054370.4178,29.44,0.84,3340997120,3340997000.0,330685630568.0,348090100000.0
2000-02-03,INTC,28.61,28.88,29.43,28.5,29.0,26037598,2641871032.1926,29.01,0.78,3340997120,3340997000.0,317593098104.0,334308500000.0
2000-02-02,INTC,29.0,28.13,29.02,27.63,28.29,24024098,2373453386.5119,28.25,0.72,3340997120,3340997000.0,321957275592.0,338902400000.0
2000-02-01,INTC,28.29,26.77,28.32,26.55,26.88,34246898,3255773414.0318,27.18,1.03,3340997120,3340997000.0,314022407432.0,330549800000.0
2000-01-29,INTC,26.88,27.8,28.23,26.61,28.05,26982500,2583123551.39,27.37,0.81,3340997120,3340997000.0,298351042816.0,314053700000.0
2000-01-28,INTC,28.05,28.41,28.91,27.3,27.59,30739598,3029297899.9302,28.18,0.92,3340997120,3340997000.0,311443575280.0,327835300000.0
2000-01-27,INTC,27.59,28.81,28.93,27.55,29.04,24619199,2436699647.8756,28.3,0.74,3340997120,3340997000.0,306285910976.0,322406200000.0
2000-01-26,INTC,29.04,28.41,29.11,27.86,28.25,25691297,2564692453.3299,28.54,0.77,3340997120,3340997000.0,322354019000.0,339320000000.0
2000-01-25,INTC,28.25,29.23,29.98,28.09,28.0,37410398,3820405959.357,29.2,1.12,3340997120,3340997000.0,313625664024.0,330132300000.0
2000-01-22,INTC,28.0,27.45,28.09,27.34,27.34,27780500,2694519453.6975,27.73,0.83,3340997120,3340997000.0,310848460168.0,327208900000.0
2000-01-21,INTC,27.34,28.52,28.82,27.29,28.61,34997398,3419672367.8842,27.94,1.05,3340997120,3340997000.0,303508707120.0,319482800000.0
2000-01-20,INTC,28.61,28.88,29.2,28.56,29.2,22780000,2299568104.0,28.86,0.68,3340997120,3340997000.0,317593098104.0,334308500000.0
2000-01-19,INTC,29.2,28.68,30.23,28.66,29.47,51033098,5265946669.6852,29.5,1.53,3340997120,3340997000.0,324139364336.0,341199300000.0
2000-01-15,INTC,29.47,28.16,30.48,28.09,26.04,92193750,9421979063.0625,29.22,2.76,3340997120,3340997000.0,327114939896.0,344331500000.0
2000-01-14,INTC,26.04,26.5,26.59,25.54,26.09,37877297,3444311247.5106,26.0,1.13,3340997120,3340997000.0,289027572728.0,304239500000.0
2000-01-13,INTC,26.09,25.98,27.09,25.52,25.64,48656500,4490464302.211,26.39,1.46,3340997120,3340997000.0,289622687840.0,304865900000.0
2000-01-12,INTC,25.64,25.32,26.41,25.24,24.52,52730398,4787239652.6138,25.96,1.58,3340997120,3340997000.0,284663395240.0,299645600000.0
2000-01-11,INTC,24.52,24.52,24.95,24.05,23.44,26808699,2302984907.4799,24.56,0.8,3340997120,3340997000.0,272165977888.0,286490500000.0
2000-01-08,INTC,23.44,22.16,23.44,22.12,22.52,20547500,1646801743.18,22.91,0.62,3340997120,3340997000.0,260263675648.0,273961700000.0
2000-01-07,INTC,22.52,23.37,23.84,22.35,23.91,27570500,2222868640.027,23.05,0.83,3340997120,3340997000.0,249948347040.0,263103400000.0
2000-01-06,INTC,23.91,23.73,24.55,23.02,23.71,26158398,2173388651.7582,23.75,0.78,3340997120,3340997000.0,265421339952.0,279390800000.0
2000-01-05,INTC,23.71,24.43,25.12,23.52,24.87,25506297,2190179684.5239,24.55,0.76,3340997120,3340997000.0,263239251208.0,277093900000.0
2000-01-04,INTC,24.87,23.81,24.98,23.8,23.53,28853500,2463955769.951,24.42,0.86,3340997120,3340997000.0,276133411968.0,290666700000.0
2000-01-01,INTC,23.53,23.96,23.98,23.43,23.93,5786000,480192799.768,23.73,,3340997120,,261255534168.0,
1999-12-31,INTC,23.93,24.11,24.41,23.66,23.98,7442098,628768712.5917,24.16,,3340997120,,265619711656.0,
1999-12-30,INTC,23.98,23.62,24.27,23.57,23.73,8011797,674211865.7448,24.06,,3340997120,,266214826768.0,
1999-12-29,INTC,23.73,24.14,24.45,23.69,24.32,11727398,988895092.7968,24.11,,3340997120,,263437622912.0,
1999-12-28,INTC,24.32,23.86,24.34,23.62,23.77,14304199,1201684114.372,24.02,,3340997120,,269983889144.0,
1999-12-24,INTC,23.77,23.84,24.0,23.59,23.59,10820098,901731743.4421,23.83,,3340997120,,263834366320.0,
1999-12-23,INTC,23.59,23.75,23.91,23.34,23.69,12461797,1031295849.9158,23.66,,3340997120,,261850649280.0,
1999-12-22,INTC,23.69,23.03,23.8,22.87,23.18,17335098,1423894375.3102,23.48,,3340997120,,263040879504.0,
1999-12-21,INTC,23.18,23.69,23.78,22.62,23.46,18123398,1469227520.3236,23.18,,3340997120,,257288100088.0,
1999-12-18,INTC,23.46,23.27,23.73,23.02,22.94,34608598,2830851423.033,23.39,,3340997120,,260462047352.0,
1999-12-17,INTC,22.94,22.8,23.19,22.69,22.57,25069098,2008989706.9501,22.91,,3340997120,,254709267936.0,
1999-12-16,INTC,22.57,20.64,22.65,20.62,20.71,41017398,3120410324.8432,21.75,,3340997120,,250543462152.0,
1999-12-15,INTC,20.71,21.34,21.44,20.69,21.18,20871500,1532423077.8285,20.99,,3340997120,,229912804936.0,
1999-12-14,INTC,21.18,20.37,21.5,20.17,20.66,23887699,1734812799.2139,20.76,,3340997120,,235070469240.0,
1999-12-11,INTC,20.66,21.01,21.16,20.48,20.94,28117199,2037372014.6024,20.72,,3340997120,,229317689824.0,
1999-12-10,INTC,20.94,21.62,21.62,20.62,21.3,26912598,1978522352.263,21.02,,3340997120,,232491637088.0,
1999-12-09,INTC,21.3,21.85,22.16,21.16,22.07,26339297,1995104107.976,21.66,,3340997120,,236459071168.0,
1999-12-08,INTC,22.07,22.37,22.43,21.82,22.27,16825098,1298029255.9424,22.06,,3340997120,,244989054440.0,
1999-12-07,INTC,22.27,22.53,22.69,22.07,22.5,14320000,1122760903.12,22.42,,3340997120,,247171143184.0,
1999-12-04,INTC,22.5,22.59,22.87,22.44,22.18,18271000,1445373114.229,22.62,,3340997120,,249749975336.0,
1999-12-03,INTC,22.18,21.62,22.34,21.59,21.82,15558398,1199583447.012,22.04,,3340997120,,246179284664.0,
1999-12-02,INTC,21.82,21.75,22.18,21.44,21.93,22777699,1732191597.4646,21.74,,3340997120,,242211850584.0,
1999-12-01,INTC,21.93,22.43,22.78,21.89,22.57,17391199,1358095929.8058,22.33,,3340997120,,256212716640.0,
1999-11-30,INTC,22.57,22.94,22.96,22.37,22.94,16315000,1293518411.055,22.67,,3340997120,,263729960160.0,
1999-11-27,INTC,22.94,23.44,23.52,22.93,23.5,7039199,572596568.26,23.26,,3340997120,,268115018880.0,
1999-11-25,INTC,23.5,22.85,23.52,22.62,22.59,16811797,1360612220.3096,23.14,,3340997120,,274588200800.0,
1999-11-24,INTC,22.59,23.06,23.3,22.3,23.02,20520297,1624981717.0518,22.64,,3340997120,,263938772480.0,
1999-11-23,INTC,23.02,23.12,23.27,22.55,22.84,18538898,1488154197.7892,22.95,,3340997120,,268950268160.0,
1999-11-20,INTC,22.84,22.3,22.98,22.23,22.44,23246398,1848576745.6188,22.74,,3340997120,,266862144960.0,
1999-11-19,INTC,22.44,21.64,22.44,21.63,21.37,18817500,1448100467.8725,22.0,,3340997120,,262268273920.0,
1999-11-18,INTC,21.37,22.03,22.52,21.3,21.89,23542898,1803762626.0822,21.91,,3340997120,,249739534720.0,
1999-11-17,INTC,21.89,21.3,22.01,21.05,21.18,27865297,2106476736.6008,21.61,,3340997120,,255795092000.0,
1999-11-16,INTC,21.18,21.78,21.8,21.16,21.78,19665199,1475322323.3956,21.45,,3340997120,,247442599200.0,
1999-11-13,INTC,21.78,22.62,22.69,21.3,22.71,43756199,3310112129.3204,21.63,,3340997120,,254542218080.0,
1999-11-12,INTC,22.71,22.82,23.0,22.34,22.59,16093098,1280012748.2585,22.74,,3341790720,,265463500320.0,
1999-11-11,INTC,22.59,22.59,23.3,22.37,22.89,17086898,1364388651.5179,22.83,,3341790720,,264001466880.0,
1999-11-10,INTC,22.89,23.52,23.53,22.69,23.48,16836898,1361397679.6043,23.12,,3341790720,,267552119520.0,
1999-11-09,INTC,23.48,23.32,23.77,23.09,23.55,13471199,1102078763.2476,23.39,,3341790720,,274444562880.0,
1999-11-06,INTC,23.55,23.55,23.98,23.39,23.32,19836699,1641030399.806,23.65,,3341790720,,275280010560.0,
1999-11-05,INTC,23.32,23.0,23.37,22.93,22.8,21843500,1764015289.2215,23.09,,3341790720,,272564805600.0,
1999-11-04,INTC,22.8,22.41,23.07,22.23,22.15,25240098,2004568557.9199,22.71,,3341790720,,266507809920.0,
1999-11-02,INTC,21.72,22.19,22.38,21.7,22.13,22934000,1774793320.396,22.12,,3341790720,,253976094720.0,
1999-10-30,INTC,22.13,21.7,22.31,21.63,20.63,42294297,3256660869.0,22.01,,3341790720,,258779918880.0,
1999-10-29,INTC,20.63,20.33,20.65,20.04,19.85,36695898,2612784229.8431,20.35,,3341790720,,241235517600.0,
1999-10-28,INTC,19.85,20.2,20.22,19.42,20.42,36091098,2499235849.0286,19.79,,3341790720,,232045593120.0,
1999-10-26,INTC,20.36,20.86,20.9,20.24,20.99,17506898,1258255685.5215,20.54,,3341790720,,238102588800.0,
1999-10-23,INTC,20.99,20.83,21.26,20.7,20.49,30873098,2265220792.0905,20.97,,3341790720,,245412756000.0,
1999-10-22,INTC,20.49,19.56,20.65,19.4,19.99,26503598,1840383235.5076,19.85,,3341790720,,239564622240.0,
1999-10-19,INTC,19.83,20.17,20.29,19.17,20.26,29092898,2009416935.5685,19.74,,3341790720,,231836731200.0,
1999-10-16,INTC,20.26,20.61,20.95,20.24,20.96,24316598,1753469541.3476,20.61,,3341790720,,236849417280.0,
1999-10-06,INTC,21.77,22.19,22.35,21.43,22.01,19771098,1519705269.8301,21.97,,3341790720,,254602680480.0,
1999-10-05,INTC,22.01,21.2,22.1,21.04,21.42,20667398,1570701435.9302,21.72,,3341790720,,257317885440.0,
1999-10-02,INTC,21.42,21.22,21.58,21.02,21.24,18876797,1408265629.9606,21.32,,3341790720,,250425442080.0,
1999-10-01,INTC,21.24,21.49,21.79,20.97,21.49,23055797,1724066388.066,21.37,,3341790720,,248336822880.0,
1999-09-29,INTC,22.15,22.29,22.36,21.51,22.35,25017098,1919236607.1976,21.93,,3341790720,,258988780800.0,
1999-09-25,INTC,21.63,21.49,21.76,20.76,22.15,62282000,4618521647.718,21.19,,3341790720,,252879569640.0,
1999-09-23,INTC,23.67,23.52,23.92,23.26,23.44,21027699,1737960055.6612,23.62,,3341790720,,276742044000.0,
1999-09-21,INTC,24.02,24.2,24.47,23.88,24.19,10352297,874592972.8711,24.15,,3341790720,,280919282400.0,
1999-09-18,INTC,24.19,23.6,24.26,23.49,23.61,25787598,2156049158.3452,23.89,,3341790720,,282799039680.0,
1999-09-16,INTC,23.72,24.76,24.76,23.65,24.52,23474500,1978360272.1785,24.09,,3341790720,,277368629760.0,
1999-09-14,INTC,24.11,24.74,25.04,24.02,24.97,18023297,1553085345.554,24.63,,3341790720,,281963592000.0,
1999-09-10,INTC,25.08,24.67,25.1,24.44,24.56,19829398,1721072611.3768,24.81,,3341790720,,293242135680.0,
1999-09-09,INTC,24.56,24.86,25.33,24.45,25.04,22272898,1942775756.4022,24.93,,3341790720,,287185140000.0,
1999-09-08,INTC,25.04,25.44,25.54,24.94,25.53,19802797,1744646178.8914,25.18,,3341790720,,292824411840.0,
1999-09-04,INTC,25.53,24.88,25.58,24.86,24.38,24414199,2157238281.8412,25.25,,3341790720,,298463683680.0,
1999-08-28,INTC,23.72,23.54,23.86,23.38,23.17,20440598,1689701327.3442,23.63,,3341790720,,277368629760.0,
1999-08-27,INTC,23.17,23.85,23.97,23.11,23.92,21730898,1785345343.5242,23.48,,3341790720,,270893910240.0,
1999-08-21,INTC,22.85,22.27,22.88,22.01,22.1,17859000,1405145994.987,22.49,,3341790720,,267134395680.0,
1999-08-20,INTC,22.1,22.15,22.38,21.95,22.44,16060297,1246038014.2626,22.17,,3341790720,,258362195040.0,
1999-08-19,INTC,22.44,22.42,22.81,22.31,22.58,16262297,1286087495.948,22.6,,3341790720,,262330571520.0,
1999-08-18,INTC,22.58,22.67,22.72,22.15,22.45,16360199,1283146767.769,22.42,,3341790720,,264001466880.0,
1999-08-17,INTC,22.45,22.65,22.7,22.19,22.79,17671797,1391777521.9392,22.51,,3341790720,,262539433440.0,
1999-08-13,INTC,21.7,21.56,21.93,21.45,21.72,24015000,1826436473.79,21.74,,3341790720,,253767232800.0,
1999-08-12,INTC,21.72,21.13,21.79,21.02,20.51,40494699,3027302545.8632,21.37,,3341790720,,253976094720.0,
1999-08-11,INTC,20.51,20.85,21.27,20.45,20.99,33596898,2448642582.5464,20.83,,3341790720,,239773484160.0,
1999-08-05,INTC,20.81,20.85,21.24,20.76,20.84,26636398,1957801676.3068,21.01,,3324677120,,242078052800.0,
1999-08-04,INTC,20.84,20.66,21.02,20.14,20.37,37725297,2724407622.5478,20.63,,3324677120,,242493637440.0,
1999-07-31,INTC,19.71,20.03,20.5,19.71,19.85,29054000,2049410906.73,20.15,,3324677120,,229402721280.0,
1999-07-30,INTC,19.85,19.66,20.29,19.5,20.09,36251000,2528760608.239,19.93,,3324677120,,231065059840.0,
1999-07-29,INTC,20.09,19.27,20.23,19.14,19.3,41692199,2901818659.2146,19.88,,3324677120,,233766360000.0,
1999-07-28,INTC,19.3,18.46,19.46,18.44,17.96,38969199,2593516867.2318,19.01,,3324677120,,224623497920.0,
1999-07-27,INTC,17.96,17.96,18.62,17.93,18.34,17847098,1138823287.6858,18.23,,3324677120,,209039073920.0,
1999-07-23,INTC,18.25,18.6,18.71,18.21,18.73,14923297,963626999.5743,18.45,,3324677120,,212363751040.0,
1999-07-22,INTC,18.73,18.62,18.85,18.44,18.55,14289598,933396441.3328,18.66,,3324677120,,217974143680.0,
1999-07-21,INTC,18.55,19.19,19.19,18.46,19.3,21362000,1406516718.552,18.81,,3324677120,,215896220480.0,
1999-07-20,INTC,19.3,19.18,19.43,19.14,19.18,16586500,1119140781.808,19.28,,3324677120,,224623497920.0,
1999-07-17,INTC,19.18,19.43,19.46,19.14,19.34,16143297,1089462684.639,19.28,,3324677120,,223168951680.0,
1999-07-16,INTC,19.34,19.57,19.62,19.21,19.43,23831500,1620327468.837,19.42,,3324677120,,225039082560.0,
1999-07-15,INTC,19.43,19.1,19.44,18.74,18.68,44907699,3005806972.2593,19.12,,3324677120,,226078044160.0,
1999-07-14,INTC,18.68,18.53,18.89,18.43,18.69,23384297,1524843075.0859,18.63,,3324677120,,217350766720.0,
1999-07-13,INTC,18.69,18.96,19.05,18.57,18.93,20849500,1371625806.306,18.79,,3324677120,,217558559040.0,
1999-07-10,INTC,18.93,18.75,18.96,18.39,18.78,17767000,1161624173.699,18.68,,3324677120,,220259859200.0,
1999-07-07,INTC,18.25,18.53,18.78,18.19,18.14,28720699,1868310047.0455,18.58,,3324677120,,212363751040.0,
1999-07-03,INTC,18.14,17.94,18.28,17.93,17.96,18727797,1189121395.6038,18.14,,3324677120,,211116997120.0,
1999-07-02,INTC,17.96,17.07,18.05,16.93,17.0,30824297,1896557345.816,17.58,,3324677120,,209039073920.0,
1999-07-01,INTC,17.0,16.91,17.11,16.16,16.93,19218598,1132128978.798,16.83,,3324677120,,197818288640.0,
1999-06-30,INTC,16.93,16.28,16.93,16.19,16.28,21632297,1263498986.853,16.69,,3324677120,,196987119360.0,
1999-06-29,INTC,16.28,15.87,16.28,15.8,15.8,11846000,667687932.154,16.1,,3324677120,,189506595840.0,
1999-06-26,INTC,15.8,15.86,16.09,15.68,15.73,11880297,660473172.0165,15.88,,3324677120,,183896203200.0,
1999-06-25,INTC,15.73,16.11,16.12,15.71,16.16,13348699,742160860.2124,15.88,,3324677120,,183065033920.0,
1999-06-24,INTC,16.16,15.96,16.28,15.86,15.91,11469598,647424295.0796,16.13,,3324677120,,188052049600.0,
1999-06-23,INTC,15.91,15.93,16.32,15.73,16.23,16431797,920985724.3258,16.01,,3324677120,,185142957120.0,
1999-06-22,INTC,16.23,15.93,16.3,15.84,15.69,15573699,879150710.9383,16.13,,3324677120,,188883218880.0,
1999-06-19,INTC,15.69,15.96,16.03,15.53,16.57,40036500,2206851396.0255,15.75,,3324677120,,182649449280.0,
1999-06-18,INTC,16.57,16.36,16.69,16.25,17.05,23381598,1349866298.828,16.49,,3324677120,,192831272960.0,
1999-06-17,INTC,17.05,16.43,17.07,16.36,15.91,30706699,1799688737.4508,16.74,,3324677120,,198441665600.0,
1999-06-16,INTC,15.91,15.64,16.03,15.62,15.53,13793398,764705819.5992,15.84,,3324677120,,185142957120.0,
1999-06-15,INTC,15.53,15.66,15.86,15.43,15.55,12494699,684859404.1039,15.66,,3324677120,,180779318400.0,
1999-06-12,INTC,15.55,16.03,16.19,15.5,15.82,22891598,1268858065.0596,15.83,,3324677120,,180987110720.0,
1999-06-11,INTC,15.82,15.28,15.84,15.25,15.18,30942199,1682234223.611,15.53,,3324677120,,184103995520.0,
1999-06-10,INTC,15.18,15.03,15.34,14.86,14.77,22057398,1169284438.6318,15.14,,3324677120,,176623472000.0,
1999-06-09,INTC,14.77,15.21,15.39,14.71,15.27,16385098,863740391.9147,15.06,,3324677120,,171844248640.0,
1999-06-08,INTC,15.27,15.41,15.57,15.18,15.19,18877098,1012812938.994,15.33,,3324677120,,177662433600.0,
1999-06-05,INTC,15.19,14.73,15.23,14.68,14.43,25101898,1309917219.3149,14.91,,3324677120,,176831264320.0,
1999-06-04,INTC,14.43,15.0,15.03,14.37,14.84,24509797,1253406337.2144,14.61,,3324677120,,167896194560.0,
1999-06-03,INTC,14.84,14.71,14.96,14.39,14.48,28835297,1480461703.2328,14.67,,3324677120,,172675417920.0,
1999-06-02,INTC,14.48,15.37,15.39,14.32,15.44,28529297,1474194050.0587,14.76,,3324677120,,168519571520.0,
1999-05-29,INTC,15.44,15.32,15.48,15.0,15.18,17477699,930669871.7071,15.21,,3324677120,,179740356800.0,
1999-05-28,INTC,15.18,14.93,15.53,14.78,14.77,27500398,1468795954.6756,15.26,,3324677120,,176623472000.0,
1999-05-27,INTC,14.77,15.36,15.36,14.57,15.11,36618000,1915304233.674,14.94,,3324677120,,171844248640.0,
1999-05-26,INTC,15.11,16.09,16.09,15.07,15.98,33100598,1803386614.733,15.56,,3324677120,,175792302720.0,
1999-05-25,INTC,15.98,16.36,16.36,15.86,16.28,17834500,1001531980.831,16.04,,3324677120,,185974126400.0,
1999-05-22,INTC,16.28,16.49,16.53,16.12,16.48,19675199,1124752150.5812,16.33,,3324677120,,189506595840.0,
1999-05-21,INTC,16.48,17.12,17.18,16.46,17.05,21309500,1255576836.405,16.83,,3324677120,,191792311360.0,
1999-05-19,INTC,16.84,17.09,17.11,16.59,16.98,16381199,964967256.7306,16.83,,3324677120,,195948157760.0,
1999-05-18,INTC,16.98,16.44,17.0,16.34,16.57,15002297,873718759.9807,16.64,,3324677120,,197610496320.0,
1999-05-15,INTC,16.57,16.96,17.07,16.41,17.16,22633598,1320511736.5108,16.67,,3324677120,,192831272960.0,
1999-05-14,INTC,17.16,17.98,18.0,17.14,17.85,13832098,851185648.6408,17.58,,3324677120,,199688419520.0,
1999-05-12,INTC,17.8,17.48,17.89,17.34,17.32,14292098,881150717.994,17.61,,3324677120,,207168943040.0,
1999-05-11,INTC,17.32,17.46,17.66,17.18,17.41,10610098,646727860.4415,17.41,,3324677120,,201558550400.0,
1999-05-07,INTC,17.05,18.14,18.27,16.71,18.28,29013699,1768936069.2625,17.42,,3324677120,,198441665600.0,
1999-05-06,INTC,18.28,17.62,18.57,17.32,17.61,17628398,1095181713.1208,17.75,,3324677120,,212779335680.0,
1999-05-05,INTC,17.61,17.94,18.26,17.58,18.02,14610598,919210972.6342,17.96,,3324677120,,205091019840.0,
1999-05-01,INTC,17.47,17.58,17.77,16.94,17.36,14022500,858387295.4325,17.48,,3324677120,,203428681280.0,
1999-04-30,INTC,17.36,17.56,17.6,17.1,17.47,14668098,890998783.5629,17.34,,3324677120,,202181927360.0,
1999-04-28,INTC,17.77,18.29,18.51,17.72,18.4,18385797,1165732925.9016,18.1,,3324677120,,206961150720.0,
1999-04-27,INTC,18.4,17.9,18.45,17.85,17.63,18910797,1204995720.0888,18.19,,3324677120,,214233881920.0,
1999-04-24,INTC,17.63,17.69,18.13,17.42,17.56,22358500,1394656132.1415,17.81,,3324677120,,205298812160.0,
1999-04-23,INTC,17.56,17.13,17.6,16.99,16.69,28498398,1727487106.582,17.31,,3324677120,,204467642880.0,
1999-04-20,INTC,15.85,16.31,16.85,15.7,16.35,32174699,1841840515.5562,16.35,,3324677120,,184519580160.0,
1999-04-16,INTC,16.69,16.7,16.74,16.13,16.28,31938398,1839747444.1788,16.45,,3324677120,,194285819200.0,
1999-04-09,INTC,18.71,18.85,19.04,18.34,18.86,13631598,1782903965.616,18.67,,1667000000,,218481187500.0,
1999-04-07,INTC,18.62,18.1,18.73,17.99,18.2,17667297,2286748919.898,18.48,,1667000000,,217439312500.0,
1999-04-02,INTC,17.26,17.12,17.33,16.97,16.97,8222199,988357652.994,17.16,,1667000000,,201498625000.0,
1999-03-31,INTC,17.36,17.23,17.56,17.22,17.36,12682297,1546187603.349,17.41,,1667000000,,202644687500.0,
1999-03-27,INTC,16.66,16.85,17.29,16.65,16.84,13420000,1595208560.0,16.97,,1667000000,,194518062500.0,
1999-03-26,INTC,16.84,17.16,17.18,16.67,17.03,15100797,1787133871.551,16.9,,1667000000,,196601812500.0,
1999-03-25,INTC,17.03,16.38,17.05,16.31,16.36,16045000,1874473009.55,16.68,,1667000000,,198789750000.0,
1999-03-24,INTC,16.36,16.5,16.7,16.24,16.44,16710000,1923939270.0,16.44,,1667000000,,190975687500.0,
1999-03-23,INTC,16.44,17.01,17.03,16.42,16.99,12293500,1433409806.5,16.65,,1667000000,,191913375000.0,
1999-03-20,INTC,16.99,17.69,17.76,16.98,17.39,17755699,2170296666.912,17.45,,1667000000,,198373000000.0,
1999-03-19,INTC,17.39,17.39,17.56,17.22,17.2,13514398,1650013259.87,17.43,,1667000000,,203061437500.0,
1999-03-18,INTC,17.2,17.24,17.47,17.08,17.19,14669797,1778155433.964,17.31,,1667000000,,200873500000.0,
1999-03-16,INTC,16.83,16.97,16.97,16.67,16.88,11139297,1312153490.115,16.82,,1667000000,,196497625000.0,
1999-03-12,INTC,16.86,16.84,17.04,16.58,16.69,15029000,1775285596.0,16.86,,1667000000,,196914375000.0,
1999-03-09,INTC,17.08,16.81,17.14,16.7,16.37,18470500,2190379654.0,16.93,,1667000000,,199414875000.0,
1999-03-06,INTC,16.37,16.6,16.72,16.03,16.19,21952098,2525193737.136,16.42,,1667000000,,191079875000.0,
1999-03-04,INTC,16.37,16.12,16.42,15.7,15.68,34132699,3832829036.108,16.03,,1667000000,,191184062500.0,
1999-03-02,INTC,16.71,16.96,16.99,16.37,17.12,32147898,3733463664.853,16.58,,1667000000,,195143187500.0,
1999-02-25,INTC,18.61,19.12,19.54,18.6,19.17,16412598,2195545895.53,19.1,,1667000000,,217335125000.0,
1999-02-24,INTC,19.17,18.88,19.63,18.77,18.96,18425199,2487678242.985,19.28,,1667000000,,223794750000.0,
1999-02-23,INTC,18.96,18.24,18.97,17.9,18.28,15146199,1957797682.74,18.45,,1667000000,,221398437500.0,
1999-02-20,INTC,18.28,18.33,18.65,18.19,18.29,12607598,1629998396.55,18.46,,1667000000,,213480187500.0,
1999-02-18,INTC,17.79,17.69,18.34,17.65,18.04,20360797,2571670465.085,18.03,,1667000000,,207749875000.0,
1999-02-17,INTC,18.04,18.44,18.63,17.86,18.06,14873199,1903709830.472,18.27,,1667000000,,210667125000.0,
1999-02-13,INTC,18.06,18.74,18.74,17.95,19.02,18298699,2336761978.012,18.23,,1667000000,,210875500000.0,
1999-02-10,INTC,17.89,18.78,18.93,17.81,18.85,20110000,2582244660.0,18.33,,1667000000,,208895937500.0,
1999-02-06,INTC,18.21,18.81,18.92,17.52,18.58,33762398,4294374113.588,18.16,,1667000000,,212646687500.0,
1999-02-04,INTC,19.8,19.06,19.85,18.96,19.21,14251000,1944506197.0,19.48,,1667000000,,231192062500.0,
1999-01-28,INTC,18.95,19.5,19.63,18.93,19.54,14334000,1930087290.66,19.22,,1667000000,,221294250000.0,
1999-01-27,INTC,19.54,18.96,19.55,18.79,18.64,17032500,2283359917.5,19.13,,1667000000,,228274812500.0,
1999-01-26,INTC,18.64,18.54,18.73,18.06,18.39,14879797,1912663837.379,18.35,,1667000000,,217751875000.0,
1999-01-23,INTC,18.39,18.66,18.95,18.34,19.05,21860199,2847618822.735,18.59,,1667000000,,214834625000.0,
1999-01-22,INTC,19.05,19.55,19.64,18.88,19.73,15981598,2158346613.28,19.28,,1667000000,,222544500000.0,
1999-01-21,INTC,19.73,20.11,20.51,19.64,19.89,15375000,2165891471.25,20.11,,1667000000,,230462750000.0,
1999-01-20,INTC,19.89,19.62,19.93,19.27,19.32,10825598,1482219226.964,19.54,,1667000000,,232338125000.0,
1999-01-16,INTC,19.32,19.16,19.52,19.13,19.09,15979297,2164411598.154,19.33,,1667000000,,225670125000.0,
1999-01-15,INTC,19.09,19.98,19.98,19.05,19.84,20597699,2799762834.274,19.4,,1667000000,,222961250000.0,
1999-01-14,INTC,19.84,18.74,20.29,18.7,19.35,29702297,4092916824.983,19.67,,1667000000,,231713000000.0,
1999-01-13,INTC,19.35,20.3,20.34,19.2,19.95,25894500,3550369000.5,19.57,,1667000000,,225982687500.0,
1999-01-12,INTC,19.95,19.1,20.18,18.68,18.51,26453199,3617289790.857,19.52,,1667000000,,232963250000.0,
1999-01-09,INTC,18.51,18.72,18.77,18.29,18.41,10977797,1421624711.5,18.48,,1667000000,,216189062500.0,
1999-01-08,INTC,18.41,18.22,18.7,18.2,18.48,13616598,1759387010.982,18.44,,1667000000,,215043000000.0,
1999-01-07,INTC,18.48,17.97,18.52,17.73,17.59,26932598,3418015742.854,18.11,,1667000000,,215876500000.0,
1999-01-06,INTC,17.59,17.2,17.86,17.13,17.24,16379699,2013114146.197,17.54,,1667000000,,205457750000.0,
1999-01-05,INTC,17.24,17.12,17.57,17.08,16.92,16351199,1989417679.932,17.37,,1667000000,,201394437500.0,
1999-01-01,INTC,16.92,17.09,17.22,16.88,17.01,7262398,867217397.352,17.04,,1667000000,,197643687500.0,
1998-12-31,INTC,17.01,17.2,17.55,16.99,17.28,10370098,1255694426.624,17.28,,1667000000,,198685562500.0,
1998-12-30,INTC,17.28,17.43,17.7,17.18,17.43,10107500,1232205223.925,17.4,,1667000000,,201811187500.0,
1998-12-29,INTC,17.43,17.94,17.94,17.41,17.84,6965797,863097077.285,17.68,,1667000000,,203582375000.0,
1998-12-25,INTC,17.84,17.81,18.01,17.64,17.84,4359500,545386528.5,17.86,,1667000000,,208375000000.0,
1998-12-24,INTC,17.84,17.84,17.84,17.32,16.99,19971098,2471543204.088,17.66,,1667000000,,208375000000.0,
1998-12-23,INTC,16.99,17.47,17.52,16.88,17.51,11555500,1387434102.945,17.14,,1667000000,,198477187500.0,
1998-12-22,INTC,17.51,17.2,17.7,17.12,17.13,9714098,1190627752.425,17.49,,1667000000,,204520062500.0,
1998-12-19,INTC,17.13,17.1,17.21,16.97,16.68,15805398,1894640316.4,17.11,,1667000000,,200040000000.0,
1998-12-18,INTC,16.68,16.4,16.76,16.38,16.29,9969199,1158709930.879,16.59,,1667000000,,194830625000.0,
1998-12-17,INTC,16.29,16.63,16.7,16.18,16.55,11157398,1285812017.714,16.45,,1667000000,,190246375000.0,
1998-12-16,INTC,16.55,16.11,16.59,15.99,15.92,17538500,2006351609.115,16.33,,1667000000,,193267812500.0,
1998-12-15,INTC,15.92,16.34,16.49,15.87,16.62,15475699,1750936060.559,16.15,,1667000000,,185974687500.0,
1998-12-12,INTC,16.62,16.34,16.73,16.2,16.36,13720598,1583892112.522,16.48,,1667000000,,194101312500.0,
1998-12-11,INTC,16.36,16.92,17.15,16.31,17.01,15424699,1801280924.521,16.67,,1667000000,,191079875000.0,
1998-12-10,INTC,17.01,17.31,17.34,16.89,17.14,12564500,1505126584.0,17.1,,1667000000,,198685562500.0,
1998-12-09,INTC,17.14,17.16,17.7,17.01,16.98,24861000,3017851929.0,17.33,,1667000000,,200144187500.0,
1998-12-08,INTC,16.98,16.65,17.06,16.61,16.6,12764000,1505603020.36,16.84,,1667000000,,198268812500.0,
1998-12-05,INTC,16.6,16.16,16.6,16.15,15.63,17635797,2018522781.432,16.34,,1667000000,,193892937500.0,
1998-12-04,INTC,15.63,16.21,16.72,15.54,16.21,19557297,2243261080.494,16.37,,1667000000,,182536500000.0,
1998-12-03,INTC,16.21,16.26,16.41,15.9,16.41,16143297,1832328782.688,16.2,,1667000000,,189308687500.0,
1998-12-02,INTC,16.41,15.1,16.41,15.08,15.36,19231098,2121286264.89,15.74,,1667000000,,191705000000.0,
1998-12-01,INTC,15.36,15.8,16.02,15.34,15.7,15777398,1738558817.814,15.73,,1667000000,,179410875000.0,
1998-11-28,INTC,15.7,15.6,15.74,15.56,15.66,4319598,474693583.014,15.68,,1667000000,,183370000000.0,
1998-11-26,INTC,15.66,15.84,16.0,15.38,15.76,14719398,1615910231.838,15.67,,1667000000,,182953250000.0,
1998-11-25,INTC,15.76,16.06,16.31,15.75,16.21,11577398,1304205346.324,16.08,,1667000000,,184099312500.0,
1998-11-24,INTC,16.21,15.97,16.54,15.78,15.99,14373000,1632269601.27,16.21,,1667000000,,189308687500.0,
1998-11-21,INTC,15.99,16.25,16.29,15.85,16.11,16884098,1899528561.392,16.06,,1667000000,,186808187500.0,
1998-11-20,INTC,16.11,15.82,16.44,15.81,15.68,23533000,2670971967.0,16.2,,1667000000,,188162625000.0,
1998-11-19,INTC,15.68,15.47,15.82,15.45,15.49,12974797,1424632580.852,15.67,,1667000000,,183161625000.0,
1998-11-18,INTC,15.49,15.16,15.7,15.08,15.25,14614598,1565618039.946,15.29,,1667000000,,180869500000.0,
1998-11-17,INTC,15.25,15.01,15.27,15.0,14.81,12351500,1309888926.5,15.14,,1667000000,,178160625000.0,
1998-11-14,INTC,14.81,14.47,14.97,14.47,14.66,14972898,1551042503.82,14.79,,1667000000,,172951250000.0,
1998-11-13,INTC,14.66,14.65,15.0,14.47,14.8,18076797,1869032349.018,14.76,,1667000000,,171180062500.0,
1998-11-12,INTC,14.8,14.51,14.9,14.5,13.92,31539297,3245361806.61,14.69,,1680000000,,174195000000.0,
1998-11-11,INTC,13.92,13.76,14.2,13.66,13.7,21476098,2097548843.7532,13.94,,1680000000,,163905000000.0,
1998-11-10,INTC,13.7,13.54,13.71,13.34,13.62,11886598,1124781127.2552,13.51,,1680000000,,161280000000.0,
1998-11-07,INTC,13.62,13.39,13.68,13.35,13.42,16278297,1546975236.018,13.56,,1680000000,,160335000000.0,
1998-11-06,INTC,13.42,13.42,13.49,13.31,13.53,14662398,1377194866.3348,13.41,,1680000000,,157920000000.0,
1998-11-05,INTC,13.53,13.08,13.56,13.0,12.9,27445898,2565697299.6065,13.34,,1680000000,,159285000000.0,
1998-11-04,INTC,12.9,13.01,13.1,12.8,13.1,12778898,1160132114.3621,12.95,,1680000000,,151935000000.0,
1998-11-03,INTC,13.1,12.8,13.13,12.78,12.72,13145297,1193737434.414,12.96,,1680000000,,154245000000.0,
1998-10-31,INTC,12.72,12.84,12.96,12.72,12.8,11951898,1077128891.7965,12.86,,1680000000,,149835000000.0,
1998-10-30,INTC,12.8,12.64,12.93,12.63,12.73,18256000,1640611769.44,12.82,,1680000000,,150780000000.0,
1998-10-29,INTC,12.73,12.39,12.77,12.38,12.46,12235398,1084313047.0978,12.64,,1680000000,,149887500000.0,
1998-10-28,INTC,12.46,12.76,12.8,12.45,12.69,13185797,1168881188.4294,12.65,,1680000000,,146685000000.0,
1998-10-27,INTC,12.69,12.42,12.71,12.34,12.45,12425098,1094787722.9023,12.57,,1680000000,,149415000000.0,
1998-10-24,INTC,12.45,12.35,12.69,12.32,12.47,14226297,1251956686.8543,12.55,,1680000000,,146580000000.0,
1998-10-23,INTC,12.47,12.3,12.54,12.21,12.42,12070898,1047971150.1386,12.39,,1680000000,,146790000000.0,
1998-10-22,INTC,12.42,12.15,12.43,12.07,12.06,14350500,1227613508.1495,12.2,,1680000000,,146265000000.0,
1998-10-21,INTC,12.06,12.23,12.45,12.06,12.13,20847000,1794405462.459,12.28,,1680000000,,142065000000.0,
1998-10-20,INTC,12.13,11.86,12.14,11.79,11.95,14848699,1250171140.8755,12.01,,1680000000,,142800000000.0,
1998-10-17,INTC,11.95,12.15,12.2,11.92,12.06,19178199,1622533112.4624,12.07,,1680000000,,140700000000.0,
1998-10-16,INTC,12.06,11.74,12.16,11.63,11.78,18481398,1537153112.5586,11.87,,1680000000,,142065000000.0,
1998-10-15,INTC,11.78,11.81,12.02,11.73,11.92,27714398,2304590737.9756,11.86,,1680000000,,138705000000.0,
1998-10-14,INTC,11.92,12.06,12.19,11.69,12.19,25167500,2105462463.325,11.94,,1680000000,,140385000000.0,
1998-10-13,INTC,12.19,12.11,12.25,12.02,11.96,15637098,1329575422.1863,12.13,,1680000000,,143535000000.0,
1998-10-10,INTC,11.96,11.37,12.02,11.32,11.19,21818598,1774964722.2608,11.61,,1680000000,,140805000000.0,
1998-10-09,INTC,11.19,10.96,11.47,10.82,11.28,30149199,2342954281.3452,11.09,,1680000000,,131775000000.0,
1998-10-08,INTC,11.28,11.25,11.57,11.2,11.36,20707199,1650715699.8542,11.37,,1680000000,,132825000000.0,
1998-10-07,INTC,11.36,11.78,11.88,11.21,11.49,20652398,1684388742.6104,11.64,,1680000000,,133770000000.0,
1998-10-06,INTC,11.49,11.78,11.94,11.1,11.97,19627797,1567397121.6984,11.39,,1680000000,,135345000000.0,
1998-10-03,INTC,11.97,11.81,12.13,11.59,11.9,14816898,1237299839.9373,11.91,,1680000000,,140910000000.0,
1998-10-02,INTC,11.9,12.02,12.19,11.71,12.23,15347500,1287025910.415,11.96,,1680000000,,140175000000.0,
1998-10-01,INTC,12.23,12.46,12.55,12.22,12.63,11335000,982710392.985,12.37,,1680000000,,144060000000.0,
1998-09-30,INTC,12.63,12.47,12.64,12.38,12.41,13185000,1155981637.26,12.51,,1680000000,,148680000000.0,
1998-09-25,INTC,12.17,12.38,12.57,12.04,12.42,15680797,1357564953.2326,12.35,,1680000000,,143325000000.0,
1998-09-24,INTC,12.42,12.0,12.42,11.97,11.92,16952098,1451234985.2067,12.21,,1680000000,,146265000000.0,
1998-09-23,INTC,11.92,12.14,12.16,11.89,12.07,10219000,862953674.0,12.05,,1680000000,,140385000000.0,
1998-09-19,INTC,11.84,11.87,11.91,11.7,11.84,12651199,1047481298.3006,11.81,,1680000000,,139440000000.0,
1998-09-18,INTC,11.84,11.82,12.02,11.75,12.14,14107699,1177484848.259,11.91,,1680000000,,139440000000.0,
1998-09-17,INTC,12.14,12.28,12.39,11.94,12.26,11293000,963507297.605,12.17,,1680000000,,142905000000.0,
1998-09-16,INTC,12.26,12.13,12.29,12.06,12.24,11827297,1009317847.7314,12.17,,1680000000,,144375000000.0,
1998-09-15,INTC,12.24,12.09,12.35,12.06,12.12,16990000,1450555213.01,12.18,,1680000000,,144165000000.0,
1998-09-12,INTC,12.12,11.88,12.14,11.7,11.28,37521500,3129292874.871,11.9,,1680000000,,142695000000.0,
1998-09-11,INTC,11.28,11.38,11.5,11.05,11.59,19112199,1516915912.1968,11.32,,1680000000,,132825000000.0,
1998-09-10,INTC,11.59,11.81,12.07,11.57,11.69,23609500,1960343956.781,11.85,,1680000000,,136500000000.0,
1998-09-09,INTC,11.69,11.58,11.7,11.32,11.16,20773199,1681486447.6426,11.55,,1680000000,,137602500000.0,
1998-09-05,INTC,11.16,11.08,11.25,10.86,10.95,16162297,1253483106.132,11.06,,1680000000,,131460000000.0,
1998-09-04,INTC,10.95,10.71,11.23,10.64,10.68,26939699,2079825258.6206,11.01,,1680000000,,128940000000.0,
1998-09-03,INTC,10.68,10.89,11.12,10.57,10.84,21220297,1610726622.5647,10.83,,1680000000,,125790000000.0,
1998-09-02,INTC,10.84,10.12,10.95,9.95,10.16,27255297,2001983003.4774,10.48,,1680000000,,127680000000.0,
1998-09-01,INTC,10.16,10.97,11.05,10.12,10.99,26067297,1928432278.0227,10.55,,1680000000,,119595000000.0,
1998-08-29,INTC,10.99,11.18,11.49,10.81,11.38,23611297,1841279467.0041,11.13,,1680000000,,129360000000.0,
1998-08-28,INTC,11.38,11.61,11.71,10.95,11.84,33362297,2667715692.4533,11.41,,1680000000,,133980000000.0,
1998-08-27,INTC,11.84,11.8,12.06,11.73,12.04,13128797,1093996238.8704,11.89,,1680000000,,139440000000.0,
1998-08-26,INTC,12.04,12.2,12.25,11.94,12.07,13110598,1113155310.0794,12.11,,1680000000,,141828750000.0,
1998-08-25,INTC,12.07,12.15,12.34,11.91,12.12,21082199,1789688786.6514,12.11,,1680000000,,142170000000.0,
1998-08-22,INTC,12.12,12.06,12.22,11.75,12.27,29034000,2438826762.762,11.98,,1680000000,,142695000000.0,
1998-08-21,INTC,12.27,12.41,12.59,12.18,12.78,33571699,2915332433.744,12.39,,1680000000,,144480000000.0,
1998-08-19,INTC,13.04,12.76,13.21,12.75,12.78,29901199,2727886265.1652,13.02,,1680000000,,153615000000.0,
1998-08-18,INTC,12.78,12.23,12.8,12.23,12.3,23951000,2116573509.637,12.61,,1680000000,,150465000000.0,
1998-08-15,INTC,12.3,12.26,12.38,12.21,12.16,15458000,1331892010.504,12.29,,1680000000,,144795000000.0,
1998-08-14,INTC,12.16,12.25,12.41,12.06,12.22,16326500,1398740054.9085,12.22,,1680000000,,143220000000.0,
1998-08-13,INTC,12.22,12.2,12.27,12.04,12.06,13801500,1178082155.691,12.18,,1696000000,,145220000000.0,
1998-08-12,INTC,12.06,12.02,12.18,11.96,12.36,18229000,1540660374.771,12.06,,1696000000,,143418000000.0,
1998-08-11,INTC,12.36,12.3,12.52,12.22,12.37,12291199,1064970814.443,12.36,,1696000000,,146916000000.0,
1998-08-08,INTC,12.37,12.54,12.69,12.32,12.41,20452500,1797283726.38,12.54,,1696000000,,147022000000.0,
1998-08-07,INTC,12.41,11.84,12.49,11.84,12.0,23638199,2036005096.2478,12.29,,1696000000,,147552000000.0,
1998-08-06,INTC,12.0,11.71,12.07,11.57,11.69,22862598,1904271352.5778,11.88,,1696000000,,142676000000.0,
1998-08-05,INTC,11.69,12.18,12.26,11.64,12.1,19358898,1630328741.0201,12.01,,1696000000,,138966000000.0,
1998-08-04,INTC,12.1,11.93,12.28,11.85,12.04,13965898,1178721707.4046,12.04,,1696000000,,143842000000.0,
1998-08-01,INTC,12.04,12.45,12.53,12.02,12.5,12008199,1036595650.394,12.31,,1696000000,,143206000000.0,
1998-07-31,INTC,12.5,12.22,12.51,12.12,12.07,14503598,1255576377.3348,12.35,,1696000000,,148612000000.0,
1998-07-30,INTC,12.07,12.32,12.38,12.04,12.21,14259898,1219677567.2162,12.2,,1696000000,,143524000000.0,
1998-07-29,INTC,12.21,12.38,12.59,12.19,12.27,29501699,2567414444.1502,12.41,,1696000000,,145220000000.0,
1998-07-28,INTC,12.27,11.73,12.28,11.66,11.85,21115898,1773650693.9013,11.98,,1696000000,,145962000000.0,
1998-07-25,INTC,11.85,11.8,11.98,11.64,11.77,14746199,1220395355.509,11.8,,1696000000,,140874000000.0,
1998-07-24,INTC,11.77,11.65,12.11,11.61,11.75,21351000,1777726833.894,11.87,,1696000000,,140026000000.0,
1998-07-23,INTC,11.75,11.5,11.89,11.5,11.64,16454598,1354147432.462,11.74,,1696000000,,139708000000.0,
1998-07-22,INTC,11.64,11.61,12.1,11.58,11.66,19987000,1661299233.143,11.85,,1696000000,,138436000000.0,
1998-07-21,INTC,11.66,11.75,11.85,11.63,11.85,9385398,772268060.8758,11.73,,1696000000,,138648000000.0,
1998-07-18,INTC,11.85,11.96,11.97,11.76,12.02,12529797,1040624537.5566,11.84,,1696000000,,140980000000.0,
1998-07-02,INTC,10.72,10.65,10.75,10.33,10.57,17499898,,,,1696000000,,127518000000.0,
1998-05-16,INTC,11.45,11.86,11.87,11.39,12.06,24646000,,,,1696000000,,136210000000.0,
1998-05-15,INTC,12.06,11.95,12.18,11.9,12.1,14011898,,,,1696000000,,143418000000.0,
1998-05-14,INTC,12.1,12.07,12.17,11.94,12.06,13136898,,,,1626800000,,137972975000.0,
1998-05-08,INTC,11.55,11.61,11.73,11.51,11.61,9866199,,,,1626800000,,131770800000.0,
1998-05-07,INTC,11.61,11.72,11.73,11.52,11.68,8248199,,,,1626800000,,132380850000.0,
1998-05-06,INTC,11.68,11.66,11.8,11.63,11.69,8698699,,,,1626800000,,133194250000.0,
1998-05-05,INTC,11.69,11.73,11.91,11.59,11.71,9144500,,,,1626800000,,133397600000.0,
1998-05-01,INTC,11.52,11.5,11.63,11.32,11.43,12638500,,,,1626800000,,131465775000.0,
1998-04-30,INTC,11.43,11.34,11.48,11.23,11.31,10452598,,,,1626800000,,130347350000.0,
1998-04-25,INTC,11.7,11.67,11.89,11.58,11.87,17119199,,,,1626800000,,133499275000.0,
1998-04-24,INTC,11.87,11.87,12.13,11.7,11.98,24602398,,,,1626800000,,135431100000.0,
1998-04-23,INTC,11.98,11.3,12.05,11.28,11.25,37968797,,,,1626800000,,136752875000.0,
1998-04-22,INTC,11.25,11.08,11.26,11.07,10.91,23298898,,,,1626800000,,128415525000.0,
1998-04-21,INTC,10.91,10.68,10.92,10.67,10.72,10100098,,,,1626800000,,124450200000.0,
1998-04-18,INTC,10.72,10.56,10.74,10.54,10.6,11278199,,,,1626800000,,122315025000.0,
1998-04-17,INTC,10.6,10.47,10.67,10.44,10.67,18085699,,,,1626800000,,120993250000.0,
1998-04-16,INTC,10.67,11.15,11.28,10.66,10.83,34296398,,,,1626800000,,121806650000.0,
1998-04-14,INTC,10.87,10.53,10.91,10.48,10.51,15861500,,,,1626800000,,124043500000.0,
1998-04-08,INTC,10.35,10.55,10.6,10.28,10.53,18585797,,,,1626800000,,118146350000.0,
1998-04-07,INTC,10.53,10.86,10.87,10.53,10.94,17894398,,,,1626800000,,120179850000.0,
1998-04-04,INTC,10.94,10.92,11.1,10.83,10.89,18602797,,,,1626800000,,124856900000.0,
1998-04-03,INTC,10.89,10.97,11.05,10.84,11.05,11082699,,,,1626800000,,124246850000.0,
1998-04-02,INTC,11.05,11.05,11.11,10.9,11.13,15025199,,,,1626800000,,126077000000.0,
1998-04-01,INTC,11.13,10.93,11.16,10.92,11.03,14357500,,,,1626800000,,126992075000.0,
1998-03-31,INTC,11.03,11.21,11.23,10.99,11.24,11124098,,,,1633000000,,126353375000.0,
1998-03-28,INTC,11.24,11.16,11.34,11.16,11.15,18196297,,,,1633000000,,128802875000.0,
1998-03-27,INTC,11.15,10.97,11.16,10.94,10.84,13901598,,,,1633000000,,127680187500.0,
1998-03-26,INTC,10.84,10.82,10.9,10.73,10.61,16646898,,,,1633000000,,124210062500.0,
1998-03-25,INTC,10.61,10.72,10.82,10.55,10.71,15722199,,,,1633000000,,121556437500.0,
1998-03-24,INTC,10.71,10.76,10.78,10.61,10.8,18408898,,,,1633000000,,122628093750.0,
1998-03-21,INTC,10.8,11.05,11.05,10.74,11.02,16022699,,,,1633000000,,123699750000.0,
1998-03-20,INTC,11.02,11.03,11.11,10.94,10.98,8639500,,,,1633000000,,126251312500.0,
1998-03-19,INTC,10.98,10.83,11.04,10.82,10.94,8132000,,,,1633000000,,125741000000.0,
1998-03-18,INTC,10.94,11.05,11.08,10.78,11.08,13860098,,,,1633000000,,125332750000.0,
1998-03-17,INTC,11.08,10.99,11.1,10.98,10.92,9039898,,,,1633000000,,126863687500.0,
1998-03-14,INTC,10.92,10.98,11.05,10.91,10.89,8396098,,,,1633000000,,125128625000.0,
1998-03-13,INTC,10.89,10.85,10.93,10.74,10.82,9870898,,,,1633000000,,124720375000.0,
1998-03-12,INTC,10.82,10.91,10.92,10.7,10.76,14119797,,,,1633000000,,123903875000.0,
1998-03-11,INTC,10.76,10.91,10.91,10.68,10.7,17101500,,,,1633000000,,123291500000.0,
1998-03-10,INTC,10.7,11.16,11.17,10.68,11.14,26769500,,,,1633000000,,122577062500.0,
1998-03-07,INTC,11.14,11.03,11.16,10.85,10.77,32088898,,,,1633000000,,127578125000.0,
1998-03-06,INTC,10.77,10.7,11.03,10.69,12.32,92334188,,,,1633000000,,123393562500.0,
1998-03-05,INTC,12.32,12.11,12.39,12.09,12.16,13550000,,,,1633000000,,141152437500.0,
1998-03-04,INTC,12.16,12.25,12.3,11.99,12.49,29159797,,,,1633000000,,139315312500.0,
1998-03-03,INTC,12.49,12.8,13.03,12.47,12.79,17933398,,,,1633000000,,143091625000.0,
1998-02-28,INTC,12.79,13.11,13.17,12.76,13.16,18390898,,,,1633000000,,146459687500.0,
1998-02-27,INTC,13.16,13.36,13.41,13.15,13.4,13979699,,,,1633000000,,150746312500.0,
1998-02-26,INTC,13.4,13.21,13.45,13.2,13.17,12495000,,,,1633000000,,153502000000.0,
1998-02-25,INTC,13.17,13.42,13.63,13.15,13.43,18946297,,,,1633000000,,150848375000.0,
1998-02-24,INTC,13.43,13.26,13.49,13.17,13.09,17230297,,,,1633000000,,153808187500.0,
1998-02-21,INTC,13.09,13.01,13.17,12.9,12.91,24620500,,,,1633000000,,149929812500.0,
1998-02-20,INTC,12.91,12.69,12.99,12.56,12.39,34073598,,,,1633000000,,147888562500.0,
1998-02-19,INTC,12.39,12.03,12.4,12.01,12.06,16450699,,,,1633000000,,141968937500.0,
1998-02-18,INTC,12.06,12.06,12.11,11.97,11.95,10370398,,,,1633000000,,138192625000.0,
1998-02-14,INTC,11.95,12.03,12.11,11.95,12.12,9773398,,,,1633000000,,136865812500.0,
1998-02-13,INTC,12.12,11.96,12.15,11.8,12.13,17597199,,,,1633000000,,138805000000.0,
1998-02-12,INTC,12.13,12.22,12.27,12.01,12.3,16229500,,,,1633000000,,138907062500.0,
1998-02-11,INTC,12.3,12.18,12.52,12.13,12.23,14893797,,,,1633000000,,140846250000.0,
1998-02-10,INTC,12.23,12.46,12.53,12.18,12.48,11451098,,,,1633000000,,140131812500.0,
1998-02-07,INTC,12.48,12.22,12.55,12.21,12.33,13010699,,,,1633000000,,142964046875.0,
1998-02-06,INTC,12.33,12.65,12.84,12.28,12.48,24330199,,,,1633000000,,141254500000.0,
1998-02-05,INTC,12.48,12.28,12.59,12.21,12.3,18847898,,,,1633000000,,142989562500.0,
1998-02-04,INTC,12.3,11.97,12.42,11.92,11.84,24971098,,,,1633000000,,140948312500.0,
1998-02-03,INTC,11.84,11.76,11.92,11.72,11.55,15606500,,,,1633000000,,135641062500.0,
1998-01-31,INTC,11.55,11.76,11.8,11.53,11.69,11346000,,,,1633000000,,132273000000.0,
1998-01-30,INTC,11.69,11.45,11.81,11.44,11.53,18091598,,,,1633000000,,133906000000.0,
1998-01-29,INTC,11.53,11.37,11.61,11.33,11.28,16765898,,,,1633000000,,132068875000.0,
1998-01-28,INTC,11.28,11.1,11.34,11.03,11.07,14678297,,,,1633000000,,129313187500.0,
1998-01-27,INTC,11.07,10.97,11.12,10.97,11.0,11173797,,,,1633000000,,126863687500.0,
1998-01-24,INTC,11.0,10.96,11.1,10.9,10.9,14046199,,,,1633000000,,126047187500.0,
1998-01-23,INTC,10.9,10.83,11.04,10.82,10.93,12474500,,,,1633000000,,124924500000.0,
1998-01-22,INTC,10.93,10.75,11.07,10.74,10.87,17353797,,,,1633000000,,125230687500.0,
1998-01-21,INTC,10.87,10.71,10.87,10.67,10.66,12493000,,,,1633000000,,124516250000.0,
1998-01-17,INTC,10.66,10.8,10.81,10.63,10.73,14820297,,,,1633000000,,122168812500.0,
1998-01-16,INTC,10.73,10.67,10.88,10.63,10.75,13364598,,,,1633000000,,122985312500.0,
1998-01-15,INTC,10.75,10.97,10.97,10.6,10.96,30990500,,,,1633000000,,123189437500.0,
1998-01-14,INTC,10.96,10.88,11.01,10.87,10.78,24337000,,,,1633000000,,125638937500.0,
1998-01-13,INTC,10.78,10.09,10.79,10.07,10.24,30974898,,,,1633000000,,123495625000.0,
1998-01-10,INTC,10.24,10.63,10.69,10.15,10.59,22007199,,,,1633000000,,117371875000.0,
1998-01-09,INTC,10.59,10.3,10.66,10.28,10.37,18934797,,,,1633000000,,121352312500.0,
1998-01-08,INTC,10.37,10.37,10.49,10.2,10.42,13845199,,,,1633000000,,118800750000.0,
1998-01-07,INTC,10.42,10.53,10.59,10.36,10.62,12077398,,,,1633000000,,119413125000.0,
1998-01-06,INTC,10.62,10.41,10.71,10.26,10.35,19592098,,,,1633000000,,121658500000.0,
1998-01-03,INTC,10.35,10.07,10.35,10.05,10.01,10231797,,,,1633000000,,118596625000.0,
1998-01-01,INTC,10.01,10.22,10.23,9.99,10.22,10530898,,,,1633000000,,114718250000.0,
1997-12-31,INTC,10.22,10.14,10.28,10.13,10.09,10289297,,,,1633000000,,117065687500.0,
1997-12-30,INTC,10.09,10.21,10.24,10.01,10.1,10161000,,,,1633000000,,115636812500.0,
1997-12-27,INTC,10.1,10.03,10.13,9.98,10.01,3703900,,,,1633000000,,115738875000.0,
1997-12-25,INTC,10.01,10.13,10.17,9.96,10.0,5505398,,,,1633000000,,114718250000.0,
1997-12-24,INTC,10.0,10.18,10.37,9.98,10.18,11094297,,,,1633000000,,114616187500.0,
1997-12-23,INTC,10.18,10.37,10.47,10.12,9.98,18898000,,,,1633000000,,116657437500.0,
1997-12-20,INTC,9.98,9.69,9.99,9.6,9.85,27266898,,,,1633000000,,114310000000.0,
1997-12-19,INTC,9.85,9.96,9.98,9.67,9.9,23461398,,,,1633000000,,112881125000.0,
1997-12-18,INTC,9.9,10.32,10.35,9.88,10.14,19318199,,,,1633000000,,113493500000.0,
1997-12-17,INTC,10.14,10.39,10.5,10.05,10.28,15335797,,,,1633000000,,116249187500.0,
1997-12-16,INTC,10.28,10.01,10.52,9.85,10.05,27134098,,,,1633000000,,117780125000.0,
1997-12-13,INTC,10.05,10.3,10.37,9.98,10.23,19645297,,,,1633000000,,115126500000.0,
1997-12-12,INTC,10.23,10.41,10.51,10.22,10.64,22508398,,,,1633000000,,117269812500.0,
1997-12-11,INTC,10.64,10.7,10.76,10.39,10.78,20421797,,,,1633000000,,121964687500.0,
1997-12-10,INTC,10.78,11.12,11.2,10.75,11.18,16064398,,,,1633000000,,123495625000.0,
1997-12-09,INTC,11.18,11.13,11.28,11.05,11.05,10052898,,,,1633000000,,128088437500.0,
1997-12-06,INTC,11.05,10.92,11.15,10.88,10.93,13444598,,,,1633000000,,126659562500.0,
1997-12-05,INTC,10.93,11.26,11.28,10.83,11.19,20556500,,,,1633000000,,125230687500.0,
1997-12-04,INTC,11.19,11.08,11.28,10.85,11.12,13780398,,,,1633000000,,128190500000.0,
1997-12-03,INTC,11.12,11.53,11.54,10.99,11.61,17082898,,,,1633000000,,127476062500.0,
1997-12-02,INTC,11.61,11.19,11.65,11.14,11.06,17281000,,,,1633000000,,133089500000.0,
1997-11-29,INTC,11.06,10.96,11.1,10.87,10.92,3485800,,,,1633000000,,126761625000.0,
1997-11-27,INTC,10.92,10.95,11.04,10.88,10.89,8307398,,,,1633000000,,125128625000.0,
1997-11-26,INTC,10.89,11.12,11.13,10.83,11.13,17660699,,,,1633000000,,124822437500.0,
1997-11-25,INTC,11.13,11.36,11.53,11.13,11.44,14179500,,,,1633000000,,127578125000.0,
1997-11-22,INTC,11.44,11.65,11.65,11.36,11.53,14490699,,,,1633000000,,131048250000.0,
1997-11-21,INTC,11.53,11.33,11.6,11.22,11.27,13478199,,,,1633000000,,132068875000.0,
1997-11-20,INTC,11.27,11.2,11.37,11.14,11.22,10763000,,,,1633000000,,129109062500.0,
1997-11-19,INTC,11.22,11.44,11.49,11.2,11.46,11088398,,,,1633000000,,128598750000.0,
1997-11-18,INTC,11.46,11.4,11.56,11.33,11.22,14029699,,,,1633000000,,131354437500.0,
1997-11-15,INTC,11.22,11.16,11.28,10.96,11.11,12812199,,,,1633000000,,128598750000.0,
1997-11-14,INTC,11.11,10.84,11.12,10.65,10.68,17884098,,,,1633000000,,127271937500.0,
1997-11-13,INTC,10.68,10.81,11.12,10.65,10.87,20068297,,,,1633000000,,122372937500.0,
1997-11-12,INTC,10.87,10.71,11.03,10.69,10.71,10479898,,,,1633000000,,124516250000.0,
1997-11-11,INTC,10.71,11.02,11.15,10.67,11.04,19760199,,,,1633000000,,122679125000.0,
1997-11-08,INTC,11.04,10.3,11.12,10.26,10.47,39807797,,,,1633000000,,126455437500.0,
1997-11-07,INTC,10.47,10.68,10.68,10.39,10.63,22858199,,,,1633000000,,120025500000.0,
1997-11-06,INTC,10.63,10.97,10.97,10.6,10.82,25426699,,,,1633000000,,121862625000.0,
1997-11-05,INTC,10.82,11.2,11.33,10.71,11.19,24883199,,,,1633000000,,124005937500.0,
1997-11-04,INTC,11.19,11.18,11.26,11.06,10.97,16645398,,,,1633000000,,128190500000.0,
1997-11-01,INTC,10.97,11.15,11.17,10.87,10.79,21966000,,,,1633000000,,125741000000.0,
1997-10-31,INTC,10.79,11.08,11.33,10.78,11.44,26566297,,,,1633000000,,123699750000.0,
1997-10-30,INTC,11.44,11.85,11.86,11.29,12.11,32986297,,,,1633000000,,131048250000.0,
1997-10-29,INTC,12.11,9.86,12.36,9.86,10.65,51949199,,,,1633000000,,138805000000.0,
1997-10-28,INTC,10.65,11.2,11.36,10.53,11.4,26291398,,,,1633000000,,122066750000.0,
1997-10-25,INTC,11.4,11.86,11.91,11.15,11.66,30695199,,,,1633000000,,130640000000.0,
1997-10-24,INTC,11.66,11.68,11.91,11.5,11.96,23372898,,,,1633000000,,133701875000.0,
1997-10-23,INTC,11.96,12.23,12.27,11.95,12.13,12661500,,,,1633000000,,137069937500.0,
1997-10-22,INTC,12.13,12.24,12.24,12.09,11.98,15065199,,,,1633000000,,139009125000.0,
1997-10-21,INTC,11.98,12.0,12.13,11.84,11.82,18507297,,,,1633000000,,137274062500.0,
1997-10-18,INTC,11.82,12.06,12.13,11.66,12.16,24585098,,,,1633000000,,135539000000.0,
1997-10-17,INTC,12.16,12.46,12.47,12.06,12.35,22546000,,,,1633000000,,139417375000.0,
1997-10-16,INTC,12.35,12.19,12.43,12.18,13.08,66250063,,,,1633000000,,141560687500.0,
1997-10-15,INTC,13.08,13.19,13.25,12.83,13.19,21927797,,,,1633000000,,149929812500.0,
1997-10-14,INTC,13.19,13.32,13.34,13.07,13.25,11602898,,,,1633000000,,151154562500.0,
1997-10-11,INTC,13.25,13.41,13.42,13.25,13.49,9916000,,,,1633000000,,151869000000.0,
1997-10-10,INTC,13.49,13.41,13.57,13.34,13.47,10542598,,,,1633000000,,154624687500.0,
1997-10-09,INTC,13.47,13.46,13.53,13.33,13.57,12155898,,,,1633000000,,154420562500.0,
1997-10-08,INTC,13.57,13.41,13.62,13.34,13.32,10634898,,,,1633000000,,155543250000.0,
1997-10-07,INTC,13.32,13.41,13.5,13.27,13.29,9928398,,,,1633000000,,152685500000.0,
1997-10-04,INTC,13.29,13.5,13.52,13.14,13.27,10900000,,,,1633000000,,152379312500.0,
1997-10-03,INTC,13.27,13.33,13.36,13.06,13.28,7078598,,,,1633000000,,152073125000.0,
1997-10-02,INTC,13.28,13.21,13.32,12.91,13.15,18527500,,,,1633000000,,152277250000.0,
1997-10-01,INTC,13.15,13.52,13.53,13.14,13.59,15505797,,,,1633000000,,150746312500.0,
1997-09-30,INTC,13.59,13.35,13.68,13.3,13.26,6990797,,,,1633000000,,155747375000.0,
1997-09-27,INTC,13.26,13.41,13.44,13.23,13.27,13089199,,,,1633000000,,151971062500.0,
1997-09-26,INTC,13.27,13.5,13.7,13.25,13.62,13612297,,,,1633000000,,152073125000.0,
1997-09-25,INTC,13.62,14.1,14.12,13.59,14.12,15166398,,,,1633000000,,156155625000.0,
1997-09-24,INTC,14.12,13.8,14.14,13.76,13.73,14358500,,,,1633000000,,161871125000.0,
1997-09-23,INTC,13.73,13.61,13.92,13.59,13.6,10999000,,,,1633000000,,157380375000.0,
1997-09-20,INTC,13.6,13.57,13.63,13.51,13.53,11321098,,,,1633000000,,155849437500.0,
1997-09-19,INTC,13.53,13.68,13.89,13.52,13.63,9256797,,,,1633000000,,155135000000.0,
1997-09-18,INTC,13.63,13.84,13.92,13.53,13.65,17701500,,,,1633000000,,156206656250.0,
1997-09-17,INTC,13.65,13.25,13.73,13.18,13.11,14925598,,,,1633000000,,156461812500.0,
1997-09-16,INTC,13.11,13.42,13.6,13.11,13.43,8306000,,,,1633000000,,150338062500.0,
1997-09-13,INTC,13.43,13.42,13.5,13.27,13.57,10632898,,,,1633000000,,153910250000.0,
1997-09-12,INTC,13.57,13.52,13.68,13.28,13.6,12825500,,,,1633000000,,155543250000.0,
1997-09-11,INTC,13.6,13.87,13.99,13.6,13.92,13815297,,,,1633000000,,155951500000.0,
1997-09-10,INTC,13.92,13.7,13.93,13.68,13.67,14179898,,,,1633000000,,159625750000.0,
1997-09-09,INTC,13.67,13.63,13.79,13.57,13.47,10090598,,,,1633000000,,156665937500.0,
1997-09-06,INTC,13.47,13.64,13.71,13.44,13.48,9852297,,,,1633000000,,154420562500.0,
1997-09-05,INTC,13.48,13.36,13.66,13.32,13.36,11734098,,,,1633000000,,154522625000.0,
1997-09-04,INTC,13.36,13.53,13.68,13.36,13.54,11517098,,,,1633000000,,153195812500.0,
1997-09-03,INTC,13.54,13.27,13.6,13.25,13.12,12729598,,,,1633000000,,155237062500.0,
1997-08-30,INTC,13.12,13.07,13.3,13.03,13.16,9723898,,,,1633000000,,150440125000.0,
1997-08-29,INTC,13.16,13.16,13.43,12.97,13.4,14655898,,,,1633000000,,150848375000.0,
1997-08-28,INTC,13.4,13.11,13.41,13.09,13.2,11134098,,,,1633000000,,153604062500.0,
1997-08-27,INTC,13.2,13.32,13.43,13.19,13.42,11476297,,,,1633000000,,151358687500.0,
1997-08-26,INTC,13.42,13.61,13.76,13.32,13.7,16419598,,,,1633000000,,153808187500.0,
1997-08-23,INTC,13.7,13.14,13.71,13.03,14.01,30045398,,,,1633000000,,157074187500.0,
1997-08-22,INTC,14.01,14.37,14.51,13.92,14.32,15727297,,,,1633000000,,160646375000.0,
1997-08-21,INTC,14.32,14.03,14.35,13.87,13.95,15288000,,,,1633000000,,164116500000.0,
1997-08-20,INTC,13.95,13.68,14.0,13.58,13.47,17018898,,,,1633000000,,159880906250.0,
1997-08-19,INTC,13.47,13.07,13.5,12.8,13.12,19999699,,,,1633000000,,154420562500.0,
1997-08-16,INTC,13.12,13.59,13.64,13.11,13.66,16658398,,,,1633000000,,150440125000.0,
1997-08-15,INTC,13.66,13.8,13.85,13.54,13.73,12039598,,,,1635000000,,156755625000.0,
1997-08-14,INTC,13.73,13.85,13.98,13.43,13.58,15970297,,,,1635000000,,157573125000.0,
1997-08-13,INTC,13.58,13.84,14.05,13.53,13.69,11987199,,,,1635000000,,155835937500.0,
1997-08-12,INTC,13.69,13.85,13.94,13.36,13.93,18350398,,,,1635000000,,157164375000.0,
1997-08-09,INTC,13.93,14.01,14.21,13.66,14.25,20843898,,,,1635000000,,159923437500.0,
1997-08-08,INTC,14.25,14.46,14.5,14.25,14.25,15702898,,,,1635000000,,163602187500.0,
1997-08-07,INTC,14.25,14.29,14.53,14.02,14.2,18545898,,,,1635000000,,163602187500.0,
1997-08-06,INTC,14.2,13.92,14.26,13.8,13.78,21571598,,,,1635000000,,162989062500.0,
1997-08-05,INTC,13.78,13.32,13.82,13.23,13.34,17395098,,,,1635000000,,158186250000.0,
1997-08-02,INTC,13.34,13.21,13.44,12.89,13.08,21847199,,,,1635000000,,153076875000.0,
1997-08-01,INTC,13.08,12.85,13.12,12.71,12.73,17788199,,,,1635000000,,150113437500.0,
1997-07-31,INTC,12.73,12.46,12.87,12.43,12.55,10510699,,,,1635000000,,146128125000.0,
1997-07-30,INTC,12.55,12.48,12.6,12.37,12.61,9518699,,,,1635000000,,144084375000.0,
1997-07-29,INTC,12.61,12.75,12.78,12.52,12.7,7766598,,,,1635000000,,144799687500.0,
1997-07-26,INTC,12.7,12.78,12.98,12.59,12.78,12390500,,,,1635000000,,145821562500.0,
1997-07-25,INTC,12.78,12.67,12.91,12.59,12.72,12212000,,,,1635000000,,146741250000.0,
1997-07-24,INTC,12.72,12.76,12.92,12.67,12.64,16670000,,,,1635000000,,146025937500.0,
1997-07-23,INTC,12.64,12.18,12.67,12.16,12.2,15836500,,,,1635000000,,145106250000.0,
1997-07-22,INTC,12.2,12.27,12.32,12.04,12.31,14278598,,,,1635000000,,140099062500.0,
1997-07-19,INTC,12.31,12.35,12.5,12.07,12.51,22442598,,,,1635000000,,141325312500.0,
1997-07-18,INTC,12.51,12.57,12.77,12.26,12.59,25737098,,,,1635000000,,143573437500.0,
1997-07-17,INTC,12.59,12.3,12.66,12.07,11.52,47132199,,,,1635000000,,144493125000.0,
1997-07-16,INTC,11.52,11.5,11.67,11.27,11.21,34417297,,,,1635000000,,132281718750.0,
1997-07-15,INTC,11.21,11.0,11.32,10.93,10.95,22754199,,,,1635000000,,128756250000.0,
1997-07-12,INTC,10.95,10.72,10.97,10.67,10.69,11080699,,,,817500000,,125741718750.0,
1997-07-11,INTC,10.69,10.86,10.93,10.66,10.87,13084398,,,,817500000,,122727187500.0,
1997-07-10,INTC,10.87,10.75,11.01,10.75,10.65,16791297,,,,817500000,,124770937500.0,
1997-07-09,INTC,10.65,10.52,10.71,10.41,10.49,11080598,,,,817500000,,122318437500.0,
1997-07-08,INTC,10.49,10.37,10.61,10.35,10.32,10132098,,,,817500000,,120479062500.0,
1997-07-04,INTC,10.32,10.3,10.35,10.18,10.18,8705699,,,,817500000,,118486406250.0,
1997-07-03,INTC,10.18,9.97,10.19,9.9,9.9,15863000,,,,817500000,,116902500000.0,
1997-07-02,INTC,9.9,10.11,10.12,9.87,10.1,15012297,,,,817500000,,113683593750.0,
1997-07-01,INTC,10.1,10.16,10.22,10.02,10.13,9248598,,,,817500000,,115931718750.0,
1997-06-28,INTC,10.13,10.32,10.33,10.11,10.23,10400297,,,,817500000,,116289375000.0,
1997-06-27,INTC,10.23,10.35,10.44,10.23,10.44,11164598,,,,817500000,,117464531250.0,
1997-06-26,INTC,10.44,10.59,10.6,10.39,10.54,8952699,,,,817500000,,119917031250.0,
1997-06-25,INTC,10.54,10.43,10.58,10.34,10.34,7483598,,,,817500000,,120990000000.0,
1997-06-24,INTC,10.34,10.4,10.48,10.33,10.45,6902199,,,,817500000,,118690781250.0,
1997-06-21,INTC,10.45,10.42,10.59,10.4,10.43,8858797,,,,817500000,,119968125000.0,
1997-06-20,INTC,10.43,10.43,10.5,10.31,10.44,8396199,,,,817500000,,119712656250.0,
1997-06-19,INTC,10.44,10.5,10.57,10.4,10.66,9690297,,,,817500000,,119814843750.0,
1997-06-18,INTC,10.66,10.49,10.69,10.43,10.48,10590398,,,,817500000,,122369531250.0,
1997-06-17,INTC,10.48,10.37,10.49,10.3,10.31,6786098,,,,817500000,,120376875000.0,
1997-06-14,INTC,10.31,10.24,10.47,10.13,10.23,15003598,,,,817500000,,118333125000.0,
1997-06-13,INTC,10.23,10.18,10.36,10.11,10.5,18393598,,,,817500000,,117438984375.0,
1997-06-12,INTC,10.5,10.34,10.53,10.12,10.34,13009898,,,,817500000,,120581250000.0,
1997-06-11,INTC,10.34,10.57,10.61,10.3,10.63,13702797,,,,817500000,,118690781250.0,
1997-06-10,INTC,10.63,10.53,10.66,10.47,10.4,11996297,,,,817500000,,122011875000.0,
1997-06-07,INTC,10.4,10.24,10.46,10.18,10.19,10709699,,,,817500000,,119355000000.0,
1997-06-06,INTC,10.19,10.28,10.36,10.16,10.15,14109500,,,,817500000,,117017460937.5,
1997-06-05,INTC,10.15,10.38,10.54,10.06,10.32,21663898,,,,817500000,,116493750000.0,
1997-06-04,INTC,10.32,10.57,10.57,10.31,10.66,22353098,,,,817500000,,118537500000.0,
1997-06-03,INTC,10.66,10.97,11.01,10.62,10.79,23301898,,,,817500000,,122420625000.0,
1997-05-31,INTC,10.79,10.15,10.94,9.97,11.66,57377797,,,,817500000,,123851250000.0,
1997-05-30,INTC,11.66,11.92,11.93,11.6,11.9,11676098,,,,817500000,,133878398437.5,
1997-05-29,INTC,11.9,12.08,12.09,11.78,12.06,13781199,,,,817500000,,136624687500.0,
1997-05-28,INTC,12.06,11.63,12.06,11.62,11.62,13247898,,,,817500000,,138412968750.0,
1997-05-24,INTC,11.62,11.59,11.68,11.5,11.49,5418898,,,,817500000,,133405781250.0,
1997-05-23,INTC,11.49,11.59,11.66,11.37,11.57,8932500,,,,817500000,,131924062500.0,
1997-05-22,INTC,11.57,11.64,11.76,11.53,11.46,13157098,,,,817500000,,132843750000.0,
1997-05-21,INTC,11.46,11.07,11.47,11.07,11.02,11761797,,,,817500000,,131617500000.0,
1997-05-20,INTC,11.02,11.05,11.16,10.89,11.05,6703000,,,,817500000,,126508125000.0,
1997-05-17,INTC,11.05,11.16,11.25,11.04,11.26,10669797,,,,817500000,,126814687500.0,
1997-05-16,INTC,11.26,10.94,11.29,10.89,10.88,11513598,,,,817500000,,129267187500.0,
1997-05-15,INTC,10.88,10.64,10.89,10.4,10.85,24003297,,,,817500000,,124873125000.0,
1997-05-14,INTC,10.85,11.25,11.29,10.75,11.33,19212297,,,,817500000,,124566562500.0,
1997-05-13,INTC,11.33,11.4,11.43,11.26,11.36,8505898,,,,817500000,,130084687500.0,
1997-05-10,INTC,11.36,11.45,11.5,11.23,11.3,11645398,,,,817500000,,130391250000.0,
1997-05-09,INTC,11.3,11.05,11.42,11.04,11.1,12471797,,,,817500000,,129778125000.0,
1997-05-08,INTC,11.1,11.11,11.39,11.09,11.25,10214000,,,,817500000,,127427812500.0,
1997-05-07,INTC,11.25,11.44,11.46,11.21,11.57,12926699,,,,817500000,,129165000000.0,
1997-05-06,INTC,11.57,11.29,11.57,11.22,11.22,13088297,,,,817500000,,132843750000.0,
1997-05-03,INTC,11.22,11.02,11.22,10.97,10.95,9655797,,,,817500000,,128858437500.0,
1997-05-02,INTC,10.95,10.92,11.03,10.81,10.9,12109000,,,,817500000,,125690625000.0,
1997-05-01,INTC,10.9,10.64,10.94,10.64,10.68,15323000,,,,817500000,,125179687500.0,
1997-04-30,INTC,10.68,10.62,10.69,10.54,10.42,10543199,,,,817500000,,122625000000.0,
1997-04-29,INTC,10.42,10.27,10.46,10.2,10.24,10024797,,,,817500000,,119661562500.0,
1997-04-26,INTC,10.24,10.27,10.38,10.24,10.4,9954699,,,,817500000,,117617812500.0,
1997-04-25,INTC,10.4,10.55,10.61,10.4,10.41,14764797,,,,817500000,,119457187500.0,
1997-04-24,INTC,10.41,10.05,10.44,10.03,10.03,15151199,,,,817500000,,119559375000.0,
1997-04-23,INTC,10.03,9.87,10.05,9.79,9.85,10146199,,,,817500000,,115165312500.0,
1997-04-22,INTC,9.85,9.75,9.98,9.7,9.76,11203000,,,,820600000,,113550525000.0,
1997-04-19,INTC,9.76,9.99,9.99,9.75,9.82,13359500,,,,820600000,,112524775000.0,
1997-04-18,INTC,9.82,9.63,9.89,9.57,9.54,16369000,,,,820600000,,113242800000.0,
1997-04-17,INTC,9.54,9.32,9.57,9.32,9.32,12552297,,,,820600000,,109960400000.0,
1997-04-16,INTC,9.32,9.4,9.5,9.13,9.52,24963598,,,,820600000,,107498600000.0,
1997-04-15,INTC,9.52,9.4,9.53,9.28,9.29,19349297,,,,820600000,,109755250000.0,
1997-04-12,INTC,9.29,9.63,9.65,9.24,9.77,24071000,,,,820600000,,107088300000.0,
1997-04-11,INTC,9.77,10.16,10.16,9.75,10.13,15398199,,,,820600000,,112627350000.0,
1997-04-10,INTC,10.13,10.5,10.55,10.11,10.44,10213699,,,,820600000,,116730350000.0,
1997-04-09,INTC,10.44,10.36,10.45,10.28,10.33,10593898,,,,820600000,,120307653125.0,
1997-04-08,INTC,10.33,10.39,10.61,10.32,10.32,12371000,,,,820600000,,119089575000.0,
1997-04-05,INTC,10.32,9.96,10.35,9.94,10.01,15666098,,,,820600000,,118987000000.0,
1997-04-04,INTC,10.01,9.7,10.04,9.69,9.75,12864297,,,,820600000,,115396875000.0,
1997-04-03,INTC,9.75,9.88,9.92,9.72,9.92,12820199,,,,820600000,,112422200000.0,
1997-04-02,INTC,9.92,9.8,9.95,9.78,9.9,11348297,,,,820600000,,114319837500.0,
1997-04-01,INTC,9.9,9.88,9.98,9.75,9.9,13474297,,,,820600000,,114165975000.0,
1997-03-28,INTC,9.9,10.14,10.24,9.77,10.01,17577500,,,,820600000,,114165975000.0,
1997-03-27,INTC,10.01,9.59,10.02,9.56,9.48,15967098,,,,820600000,,115396875000.0,
1997-03-26,INTC,9.48,9.34,9.61,9.25,9.3,14448398,,,,820600000,,109344950000.0,
1997-03-25,INTC,9.3,9.23,9.33,8.95,9.29,21240598,,,,820600000,,107190875000.0,
1997-03-22,INTC,9.29,9.51,9.55,9.28,9.48,10300098,,,,820600000,,107088300000.0,
1997-03-21,INTC,9.48,9.51,9.63,9.34,9.49,13472797,,,,820600000,,109344950000.0,
1997-03-20,INTC,9.49,9.64,9.68,9.4,9.73,16866297,,,,820600000,,109447525000.0,
1997-03-19,INTC,9.73,9.77,9.82,9.65,9.71,11903297,,,,820600000,,112217050000.0,
1997-03-18,INTC,9.71,9.69,9.73,9.38,9.81,20183699,,,,820600000,,111909325000.0,
1997-03-15,INTC,9.81,10.12,10.2,9.79,10.05,10200297,,,,820600000,,113140225000.0,
1997-03-14,INTC,10.05,10.08,10.21,9.97,10.16,11362797,,,,820600000,,115909750000.0,
1997-03-13,INTC,10.16,10.19,10.24,9.97,10.24,12299000,,,,820600000,,117140650000.0,
1997-03-12,INTC,10.24,10.29,10.4,10.21,10.3,10123797,,,,820600000,,118063825000.0,
1997-03-11,INTC,10.3,10.2,10.37,10.07,10.21,10264898,,,,820600000,,118781850000.0,
1997-03-08,INTC,10.21,10.43,10.53,10.14,10.35,10777199,,,,820600000,,117756100000.0,
1997-03-07,INTC,10.35,10.64,10.69,10.33,10.64,14449500,,,,820600000,,119294725000.0,
1997-03-06,INTC,10.64,10.53,10.65,10.51,10.42,12452699,,,,820600000,,122679700000.0,
1997-03-05,INTC,10.42,10.44,10.65,10.39,10.38,15044199,,,,820600000,,120115325000.0,
1997-03-04,INTC,10.38,10.05,10.39,10.0,10.1,10316000,,,,820600000,,119705025000.0,
1997-03-01,INTC,10.1,9.93,10.29,9.75,9.95,18722398,,,,820600000,,116422625000.0,
1997-02-28,INTC,9.95,10.4,10.41,9.94,10.42,12664500,,,,820600000,,114666028125.0,
1997-02-27,INTC,10.42,10.57,10.59,10.3,10.6,11840797,,,,820600000,,120115325000.0,
1997-02-26,INTC,10.6,10.73,10.77,10.5,10.61,12395898,,,,820600000,,122166825000.0,
1997-02-25,INTC,10.61,10.24,10.64,10.13,10.42,16496098,,,,820600000,,122269400000.0,
1997-02-22,INTC,10.42,10.64,10.65,10.35,10.67,15936797,,,,820600000,,120115325000.0,
1997-02-21,INTC,10.67,10.84,10.89,10.63,10.95,16123699,,,,820600000,,122987425000.0,
1997-02-20,INTC,10.95,10.97,11.09,10.91,11.01,6898797,,,,820600000,,126269825000.0,
1997-02-19,INTC,11.01,10.98,11.04,10.83,11.0,7504199,,,,820600000,,126885275000.0,
1997-02-15,INTC,11.0,11.11,11.18,10.93,11.18,8664199,,,,820600000,,126782700000.0,
1997-02-14,INTC,11.18,11.25,11.32,11.1,11.16,12062898,,,,820600000,,128834200000.0,
1997-02-13,INTC,11.16,10.8,11.18,10.71,10.8,14093297,,,,820600000,,128629050000.0,
1997-02-12,INTC,10.8,10.97,11.01,10.43,10.79,18982598,,,,820600000,,124526050000.0,
1997-02-11,INTC,10.79,11.23,11.29,10.75,11.13,15790797,,,,820600000,,124423475000.0,
1997-02-08,INTC,11.13,11.05,11.19,10.98,10.9,14744398,,,,820600000,,128321325000.0,
1997-02-07,INTC,10.9,11.17,11.2,10.73,11.19,22547598,,,,820600000,,125654375000.0,
1997-02-06,INTC,11.19,11.59,11.6,11.03,11.73,23499398,,,,820600000,,129039350000.0,
1997-02-05,INTC,11.73,11.69,11.74,11.56,11.66,11168797,,,,820600000,,135193850000.0,
1997-02-04,INTC,11.66,11.64,11.74,11.53,11.55,9666000,,,,820600000,,134475825000.0,
1997-02-01,INTC,11.55,11.43,11.67,11.41,11.4,12607398,,,,820600000,,133142350000.0,
1997-01-31,INTC,11.4,11.15,11.41,11.09,11.01,11021500,,,,820600000,,131398575000.0,
1997-01-30,INTC,11.01,10.85,11.01,10.78,10.74,9295398,,,,820600000,,126987850000.0,
1997-01-29,INTC,10.74,10.86,10.94,10.66,10.68,7355398,,,,820600000,,123910600000.0,
1997-01-28,INTC,10.68,10.74,10.83,10.62,10.71,8691500,,,,820600000,,123192575000.0,
1997-01-25,INTC,10.71,10.82,11.0,10.7,10.8,14294500,,,,820600000,,123500300000.0,
1997-01-24,INTC,10.8,10.9,11.09,10.79,10.82,12390898,,,,820600000,,124526050000.0,
1997-01-23,INTC,10.82,10.57,10.83,10.44,10.54,11061797,,,,820600000,,124833775000.0,
1997-01-22,INTC,10.54,10.33,10.56,10.31,10.34,8071699,,,,820600000,,121500087500.0,
1997-01-21,INTC,10.34,10.27,10.38,10.25,10.25,7333598,,,,820600000,,119192150000.0,
1997-01-18,INTC,10.25,10.1,10.34,10.1,10.13,12245797,,,,820600000,,118217687500.0,
1997-01-17,INTC,10.13,10.23,10.39,10.11,10.1,16676699,,,,820600000,,116832925000.0,
1997-01-16,INTC,10.1,10.5,10.51,10.07,10.47,28427898,,,,820600000,,116525200000.0,
1997-01-15,INTC,10.47,10.52,10.66,10.42,10.45,14234598,,,,820600000,,120730775000.0,
1997-01-14,INTC,10.45,10.37,10.51,10.25,10.28,14575500,,,,820600000,,120525625000.0,
1997-01-11,INTC,10.28,10.11,10.3,10.07,10.18,13988898,,,,820600000,,118576700000.0,
1997-01-10,INTC,10.18,10.2,10.25,10.09,10.12,9678199,,,,820600000,,117345800000.0,
1997-01-09,INTC,10.12,10.25,10.36,10.09,10.2,15689297,,,,820600000,,116730350000.0,
1997-01-08,INTC,10.2,9.86,10.21,9.75,9.88,12006098,,,,820600000,,117653525000.0,
1997-01-07,INTC,9.88,9.9,10.09,9.79,9.85,15070199,,,,820600000,,113960825000.0,
1997-01-04,INTC,9.85,9.46,9.86,9.44,9.28,11956500,,,,820600000,,113550525000.0,
1997-01-03,INTC,9.28,9.37,9.39,9.08,9.32,12208500,,,,820600000,,106985725000.0,
1997-01-01,INTC,9.32,9.49,9.53,9.3,9.48,6415297,,,,820600000,,107447312500.0,
1996-12-31,INTC,9.48,9.69,9.72,9.48,9.63,5723000,,,,820600000,,109344950000.0,
1996-12-28,INTC,9.63,9.76,9.77,9.6,9.72,4171297,,,,820600000,,111088725000.0,
1996-12-27,INTC,9.72,9.67,9.84,9.61,9.64,6209598,,,,820600000,,112114475000.0,
1996-12-25,INTC,9.64,9.42,9.65,9.31,9.41,4356797,,,,820600000,,111191300000.0,
1996-12-24,INTC,9.41,9.6,9.6,9.4,9.58,7200398,,,,820600000,,108524350000.0,
1996-12-21,INTC,9.58,9.82,9.84,9.55,9.78,13392297,,,,820600000,,110473275000.0,
1996-12-20,INTC,9.78,9.77,9.88,9.68,9.66,11231199,,,,820600000,,112832500000.0,
1996-12-19,INTC,9.66,9.41,9.67,9.34,9.25,10727199,,,,820600000,,111396450000.0,
1996-12-18,INTC,9.25,9.01,9.31,8.99,9.05,14949199,,,,820600000,,106678000000.0,
1996-12-17,INTC,9.05,9.49,9.53,9.03,9.42,14845398,,,,820600000,,104421350000.0,
1996-12-14,INTC,9.42,9.72,9.76,9.39,9.74,15634098,,,,820600000,,108626925000.0,
1996-12-13,INTC,9.74,10.04,10.07,9.73,9.74,18998598,,,,820600000,,112319625000.0,
1996-12-12,INTC,9.74,9.16,9.75,9.11,9.19,21005000,,,,820600000,,112319625000.0,
1996-12-11,INTC,9.19,9.45,9.49,9.18,9.26,10788297,,,,820600000,,105959975000.0,
1996-12-10,INTC,9.26,8.95,9.26,8.95,8.94,7474898,,,,820600000,,106780575000.0,
1996-12-07,INTC,8.94,8.86,9.08,8.78,9.13,13067199,,,,820600000,,103139162500.0,
1996-12-06,INTC,9.13,9.28,9.28,9.05,9.21,10275598,,,,820600000,,105241950000.0,
1996-12-05,INTC,9.21,9.04,9.22,8.96,8.96,12163199,,,,820600000,,106267700000.0,
1996-12-04,INTC,8.96,9.06,9.21,8.94,9.05,9478000,,,,820600000,,103293025000.0,
1996-12-03,INTC,9.05,8.97,9.07,8.85,9.03,7783500,,,,820600000,,104318775000.0,
1996-11-30,INTC,9.03,9.03,9.05,9.01,9.01,2448100,,,,820600000,,104113625000.0,
1996-11-28,INTC,9.01,8.85,9.05,8.79,8.81,10637098,,,,820600000,,103908475000.0,
1996-11-27,INTC,8.81,8.67,8.86,8.5,8.65,15619297,,,,820600000,,101549250000.0,
1996-11-26,INTC,8.65,8.67,8.73,8.49,8.72,7782898,,,,820600000,,99702900000.0,
1996-11-23,INTC,8.72,8.52,8.73,8.49,8.46,9503297,,,,824300000,,100976750000.0,
1996-11-22,INTC,8.46,8.66,8.67,8.38,8.6,11984199,,,,824300000,,97988662500.0,
1996-11-21,INTC,8.6,8.64,8.86,8.58,8.59,12426398,,,,824300000,,99637262500.0,
1996-11-20,INTC,8.59,8.19,8.61,8.18,8.21,11246398,,,,824300000,,99534225000.0,
1996-11-19,INTC,8.21,8.27,8.33,8.09,8.25,12276098,,,,824300000,,95103612500.0,
1996-11-16,INTC,8.25,8.56,8.56,8.21,8.53,15168000,,,,824300000,,95515762500.0,
1996-11-15,INTC,8.53,8.44,8.63,8.41,8.5,9693699,,,,824300000,,98812962500.0,
1996-11-14,INTC,8.5,8.62,8.64,8.43,8.61,9120898,,,,824300000,,98503850000.0,
1996-11-13,INTC,8.61,8.89,8.9,8.55,8.81,12356898,,,,824300000,,99740300000.0,
1996-11-12,INTC,8.81,8.68,8.82,8.63,8.7,6144797,,,,824300000,,102110162500.0,
1996-11-09,INTC,8.7,8.67,8.75,8.57,8.69,8640699,,,,824300000,,100770675000.0,
1996-11-08,INTC,8.69,8.54,8.88,8.45,8.46,16156797,,,,824300000,,100667637500.0,
1996-11-07,INTC,8.46,8.11,8.49,8.06,8.11,13971797,,,,824300000,,97988662500.0,
1996-11-06,INTC,8.11,7.85,8.14,7.85,7.85,10301297,,,,824300000,,93970200000.0,
1996-11-05,INTC,7.85,7.75,7.88,7.71,7.74,5854797,,,,824300000,,90982112500.0,
1996-11-02,INTC,7.74,7.82,7.82,7.68,7.82,7682797,,,,824300000,,89642625000.0,
1996-11-01,INTC,7.82,7.63,7.84,7.62,7.6,8266199,,,,824300000,,90569962500.0,
1996-10-31,INTC,7.6,7.46,7.64,7.45,7.42,8742500,,,,824300000,,87994025000.0,
1996-10-30,INTC,7.42,7.58,7.63,7.38,7.54,9706000,,,,824300000,,86036312500.0,
1996-10-29,INTC,7.54,7.53,7.65,7.51,7.49,7701398,,,,824300000,,87375800000.0,
1996-10-26,INTC,7.49,7.63,7.78,7.49,7.65,7113098,,,,824300000,,86860612500.0,
1996-10-25,INTC,7.65,7.81,7.91,7.65,7.78,8669297,,,,824300000,,88612250000.0,
1996-10-24,INTC,7.78,7.49,7.79,7.45,7.5,10393598,,,,824300000,,90157812500.0,
1996-10-23,INTC,7.5,7.61,7.66,7.45,7.66,12149699,,,,824300000,,86963650000.0,
1996-10-22,INTC,7.66,7.8,7.91,7.62,7.82,8312398,,,,824300000,,88818325000.0,
1996-10-19,INTC,7.82,7.88,7.88,7.77,7.88,7782199,,,,824300000,,90673000000.0,
1996-10-18,INTC,7.88,8.05,8.1,7.88,8.01,8448297,,,,824300000,,91291225000.0,
1996-10-17,INTC,8.01,7.86,8.04,7.75,7.9,10887000,,,,824300000,,92836787500.0,
1996-10-16,INTC,7.9,8.12,8.12,7.8,7.65,20026699,,,,824300000,,91600337500.0,
1996-10-15,INTC,7.65,7.58,7.7,7.51,7.49,11185598,,,,824300000,,88715287500.0,
1996-10-12,INTC,7.49,7.3,7.49,7.29,7.1,11051898,,,,824300000,,86860612500.0,
1996-10-11,INTC,7.1,7.06,7.25,7.05,7.17,8409199,,,,824300000,,82326962500.0,
1996-10-10,INTC,7.17,7.38,7.4,7.17,7.23,13134699,,,,824300000,,83151262500.0,
1996-10-09,INTC,7.23,7.5,7.61,7.21,7.45,14019098,,,,824300000,,83769487500.0,
1996-10-08,INTC,7.45,7.24,7.47,7.24,7.23,6515398,,,,824300000,,86345425000.0,
1996-10-05,INTC,7.23,7.17,7.24,7.11,7.08,5541797,,,,824300000,,83821006250.0,
1996-10-04,INTC,7.08,7.03,7.13,6.98,7.04,8919500,,,,824300000,,82017850000.0,
1996-10-03,INTC,7.04,6.83,7.07,6.82,6.81,8989598,,,,824300000,,81605700000.0,
1996-10-02,INTC,6.81,6.73,6.84,6.7,6.79,6990098,,,,824300000,,78926725000.0,
1996-10-01,INTC,6.79,6.88,6.9,6.77,6.89,5333500,,,,822400000,,78487800000.0,
1996-09-28,INTC,6.89,6.95,6.95,6.86,6.93,4210000,,,,822400000,,79670000000.0,
1996-09-27,INTC,6.93,6.94,7.08,6.86,6.92,10328098,,,,822400000,,80081200000.0,
1996-09-26,INTC,6.92,6.91,6.93,6.85,6.86,5780297,,,,822400000,,79978400000.0,
1996-09-25,INTC,6.86,6.84,6.95,6.84,6.81,7933699,,,,822400000,,79361600000.0,
1996-09-24,INTC,6.81,6.87,6.9,6.77,6.93,6120297,,,,822400000,,78744800000.0,
1996-09-21,INTC,6.93,6.91,7.01,6.83,6.9,10158297,,,,822400000,,80081200000.0,
1996-09-20,INTC,6.9,6.77,6.93,6.76,6.8,8272000,,,,822400000,,79772800000.0,
1996-09-19,INTC,6.8,6.75,6.93,6.64,6.7,12977000,,,,822400000,,78642000000.0,
1996-09-18,INTC,6.7,6.72,6.76,6.57,6.3,19124297,,,,822400000,,77511200000.0,
1996-09-17,INTC,6.3,6.27,6.36,6.23,6.27,8794699,,,,822400000,,72885200000.0,
1996-09-14,INTC,6.27,6.16,6.29,6.08,6.07,10368000,,,,822400000,,72474000000.0,
1996-09-13,INTC,6.07,6.06,6.09,6.02,6.05,6149699,,,,822400000,,70212400000.0,
1996-09-12,INTC,6.05,5.97,6.05,5.96,6.0,5853898,,,,822400000,,69904000000.0,
1996-09-11,INTC,6.0,5.93,6.01,5.89,5.94,9731098,,,,822400000,,69338600000.0,
1996-09-10,INTC,5.94,5.79,5.95,5.78,5.78,7042797,,,,822400000,,68670400000.0,
1996-09-07,INTC,5.78,5.79,5.84,5.73,5.73,4905500,,,,822400000,,66820000000.0,
1996-09-06,INTC,5.73,5.81,5.83,5.72,5.85,6804500,,,,822400000,,66306000000.0,
1996-09-05,INTC,5.85,5.81,5.87,5.79,5.81,4933699,,,,822400000,,67642400000.0,
1996-09-04,INTC,5.81,5.63,5.82,5.58,5.68,6307297,,,,822400000,,67128400000.0,
1996-08-31,INTC,5.68,5.78,5.8,5.67,5.79,3257800,,,,822400000,,65637800000.0,
1996-08-30,INTC,5.79,5.77,5.82,5.75,5.78,4634898,,,,822400000,,66922800000.0,
1996-08-29,INTC,5.78,5.81,5.85,5.77,5.8,4001900,,,,822400000,,66820000000.0,
1996-08-28,INTC,5.8,5.79,5.81,5.71,5.78,5128797,,,,822400000,,67025600000.0,
1996-08-27,INTC,5.78,5.79,5.8,5.73,5.81,4093700,,,,822400000,,66820000000.0,
1996-08-24,INTC,5.81,5.88,5.91,5.8,5.9,4012600,,,,822400000,,67128400000.0,
1996-08-23,INTC,5.9,5.75,5.9,5.73,5.71,7261297,,,,822400000,,68259200000.0,
1996-08-22,INTC,5.71,5.6,5.71,5.58,5.65,5732898,,,,822400000,,65997600000.0,
1996-08-21,INTC,5.65,5.74,5.75,5.65,5.74,4167199,,,,822400000,,65380800000.0,
1996-08-20,INTC,5.74,5.74,5.77,5.67,5.76,3774000,,,,822400000,,66408800000.0,
1996-08-17,INTC,5.76,5.81,5.84,5.75,5.81,5539898,,,,822400000,,66614400000.0,
1996-08-16,INTC,5.81,5.81,5.85,5.78,5.81,3854000,,,,822400000,,67231200000.0,
1996-08-15,INTC,5.81,5.73,5.83,5.73,5.71,6321598,,,,822400000,,67231200000.0,
1996-08-14,INTC,5.71,5.79,5.82,5.65,5.84,7537500,,,,822400000,,65997600000.0,
1996-08-13,INTC,5.84,5.84,5.92,5.78,5.86,6659398,,,,822400000,,67539600000.0,
1996-08-10,INTC,5.86,5.68,5.88,5.65,5.74,15177598,,,,822400000,,67745200000.0,
1996-08-09,INTC,5.74,5.81,5.84,5.73,5.86,10813598,,,,822400000,,66408800000.0,
1996-08-08,INTC,5.86,5.71,5.88,5.69,5.68,13721898,,,,822400000,,67732350000.0,
1996-08-07,INTC,5.68,5.53,5.68,5.51,5.56,8100199,,,,822400000,,65689200000.0,
1996-08-06,INTC,5.56,5.6,5.66,5.56,5.6,7575598,,,,822400000,,64250000000.0,
1996-08-03,INTC,5.6,5.55,5.63,5.54,5.48,13434898,,,,822400000,,64764000000.0,
1996-08-02,INTC,5.48,5.36,5.48,5.33,5.34,10141797,,,,822400000,,63324800000.0,
1996-08-01,INTC,5.34,5.3,5.36,5.27,5.29,8025699,,,,822400000,,61782800000.0,
1996-07-31,INTC,5.29,5.24,5.31,5.2,5.18,7370898,,,,822400000,,61166000000.0,
1996-07-30,INTC,5.18,5.26,5.34,5.18,5.28,8873598,,,,822400000,,59932400000.0,
1996-07-27,INTC,5.28,5.16,5.29,5.14,5.13,10359297,,,,822400000,,61063200000.0,
1996-07-26,INTC,5.13,5.02,5.14,4.96,4.9,9360898,,,,822400000,,59315600000.0,
1996-07-25,INTC,4.9,4.72,4.99,4.69,4.94,16729500,,,,822400000,,56745600000.0,
1996-07-24,INTC,4.94,5.17,5.17,4.9,5.14,13203500,,,,822400000,,57156800000.0,
1996-07-23,INTC,5.14,5.16,5.17,5.12,5.17,6529000,,,,822400000,,59418400000.0,
1996-07-20,INTC,5.17,5.14,5.21,5.09,5.15,9527000,,,,822400000,,59829600000.0,
1996-07-19,INTC,5.15,5.13,5.17,5.06,5.09,10021699,,,,822400000,,59624000000.0,
1996-07-18,INTC,5.09,5.26,5.28,5.03,4.98,24941898,,,,822400000,,58904400000.0,
1996-07-17,INTC,4.98,4.88,4.98,4.56,4.91,25094898,,,,822400000,,57568000000.0,
1996-07-16,INTC,4.91,5.01,5.04,4.88,5.06,12210797,,,,822400000,,56848400000.0,
1996-07-13,INTC,5.06,5.04,5.1,4.98,4.94,17703398,,,,822400000,,58596000000.0,
1996-07-12,INTC,4.94,5.09,5.12,4.88,5.18,18213500,,,,822400000,,57156800000.0,
1996-07-11,INTC,5.18,5.19,5.2,5.08,5.21,11462398,,,,822400000,,59932400000.0,
1996-07-10,INTC,5.21,5.25,5.28,5.2,5.19,4494598,,,,822400000,,60343600000.0,
1996-07-09,INTC,5.19,5.14,5.29,5.12,5.13,8131699,,,,822400000,,60035200000.0,
1996-07-06,INTC,5.13,5.19,5.29,5.12,5.32,4938398,,,,822400000,,59315600000.0,
1996-07-04,INTC,5.32,5.3,5.33,5.23,5.31,7592000,,,,822400000,,61577200000.0,
1996-07-03,INTC,5.31,5.32,5.39,5.29,5.34,6456398,,,,822400000,,61474400000.0,
1996-07-02,INTC,5.34,5.24,5.36,5.21,5.22,4377297,,,,822400000,,61782800000.0,
1996-06-29,INTC,5.22,5.27,5.29,5.21,5.25,4031600,,,,822400000,,60395000000.0,
1996-06-28,INTC,5.25,5.14,5.26,5.09,5.15,5782199,,,,822400000,,60754800000.0,
1996-06-27,INTC,5.15,5.19,5.19,5.06,5.18,7397199,,,,822400000,,59624000000.0,
1996-06-26,INTC,5.18,5.26,5.29,5.13,5.23,4351797,,,,822400000,,59932400000.0,
1996-06-25,INTC,5.23,5.07,5.28,5.06,5.07,7229598,,,,822400000,,60536350000.0,
1996-06-22,INTC,5.07,5.07,5.09,5.0,5.06,6781699,,,,822400000,,58698800000.0,
1996-06-21,INTC,5.06,5.08,5.11,4.99,5.07,9227199,,,,821200000,,58407850000.0,
1996-06-20,INTC,5.07,5.03,5.1,5.0,5.0,8929398,,,,821200000,,58613150000.0,
1996-06-19,INTC,5.0,5.12,5.13,4.99,5.12,7504398,,,,821200000,,57791950000.0,
1996-06-18,INTC,5.12,5.2,5.21,5.06,5.19,8844797,,,,821200000,,59126400000.0,
1996-06-15,INTC,5.19,5.32,5.33,5.17,5.33,7663398,,,,821200000,,59947600000.0,
1996-06-14,INTC,5.33,5.45,5.45,5.31,5.45,7754500,,,,821200000,,61590000000.0,
1996-06-13,INTC,5.45,5.43,5.53,5.39,5.35,8302797,,,,821200000,,63027100000.0,
1996-06-12,INTC,5.35,5.29,5.39,5.26,5.27,5293898,,,,821200000,,61795300000.0,
1996-06-11,INTC,5.27,5.35,5.35,5.27,5.35,4551000,,,,821200000,,60871450000.0,
1996-06-08,INTC,5.35,5.24,5.37,5.22,5.35,8820297,,,,821200000,,61795300000.0,
1996-06-07,INTC,5.35,5.49,5.51,5.34,5.46,6446797,,,,821200000,,61795300000.0,
1996-06-06,INTC,5.46,5.4,5.47,5.37,5.42,4426699,,,,821200000,,63129750000.0,
1996-06-05,INTC,5.42,5.47,5.51,5.39,5.45,7034297,,,,821200000,,62667825000.0,
1996-06-04,INTC,5.45,5.34,5.47,5.31,5.37,8701797,,,,821200000,,62924450000.0,
1996-06-01,INTC,5.37,5.25,5.37,5.19,5.08,18136297,,,,821200000,,62000600000.0,
1996-05-31,INTC,5.08,5.07,5.09,5.03,5.07,7712098,,,,821200000,,58715800000.0,
1996-05-30,INTC,5.07,5.16,5.19,5.06,5.15,7427797,,,,821200000,,58613150000.0,
1996-05-29,INTC,5.15,5.06,5.19,5.06,5.05,6649598,,,,821200000,,59537000000.0,
1996-05-25,INTC,5.05,5.04,5.07,5.02,5.04,4192098,,,,821200000,,58305200000.0,
1996-05-24,INTC,5.04,4.98,5.1,4.95,4.97,5661898,,,,821200000,,58202550000.0,
1996-05-23,INTC,4.97,4.96,4.98,4.91,4.99,5724598,,,,821200000,,57381350000.0,
1996-05-22,INTC,4.99,5.05,5.06,4.98,5.05,4994199,,,,821200000,,57689300000.0,
1996-05-21,INTC,5.05,5.07,5.1,5.04,5.06,4134699,,,,821200000,,58305200000.0,
1996-05-18,INTC,5.06,5.14,5.14,5.05,5.11,5010500,,,,821200000,,58407850000.0,
1996-05-17,INTC,5.11,5.1,5.14,5.06,5.14,5004199,,,,821200000,,59023750000.0,
1996-05-16,INTC,5.14,5.16,5.23,5.14,5.18,7606500,,,,821200000,,59434350000.0,
1996-05-15,INTC,5.18,5.12,5.22,5.11,5.1,14312898,,,,821200000,,59844950000.0,
1996-05-14,INTC,5.1,4.91,5.1,4.9,4.91,9582098,,,,821200000,,58921100000.0,
1996-05-11,INTC,4.91,4.92,4.94,4.9,4.88,6028398,,,,821200000,,56765450000.0,
1996-05-10,INTC,4.88,4.9,4.95,4.86,4.89,6361699,,,,821200000,,56354850000.0,
1996-05-09,INTC,4.89,4.81,4.9,4.73,4.82,8066098,,,,821200000,,56457500000.0,
1996-05-08,INTC,4.82,4.9,4.92,4.82,4.89,5268398,,,,821200000,,55738950000.0,
1996-05-07,INTC,4.89,4.88,4.9,4.82,4.88,5089098,,,,821200000,,56457500000.0,
1996-05-04,INTC,4.88,4.85,4.93,4.83,4.83,7730098,,,,821200000,,56406175000.0,
1996-05-03,INTC,4.83,4.82,4.9,4.82,4.82,7877398,,,,821200000,,55841600000.0,
1996-05-02,INTC,4.82,4.79,4.9,4.78,4.82,6507098,,,,821200000,,55738950000.0,
1996-05-01,INTC,4.82,4.82,4.83,4.78,4.84,5854598,,,,821200000,,55636300000.0,
1996-04-30,INTC,4.84,4.9,4.9,4.82,4.92,4414898,,,,821200000,,55944250000.0,
1996-04-27,INTC,4.92,4.95,5.0,4.9,4.95,9168098,,,,821200000,,56868100000.0,
1996-04-26,INTC,4.95,4.97,4.97,4.88,4.99,9654098,,,,821200000,,57176050000.0,
1996-04-25,INTC,4.99,4.9,5.0,4.83,4.84,20465797,,,,821200000,,57689300000.0,
1996-04-24,INTC,4.84,4.8,4.84,4.74,4.81,7946500,,,,821200000,,55931418750.0,
1996-04-23,INTC,4.81,4.66,4.81,4.66,4.63,10435598,,,,821200000,,55636300000.0,
1996-04-20,INTC,4.63,4.72,4.72,4.63,4.67,7818898,,,,821200000,,53583300000.0,
1996-04-19,INTC,4.67,4.57,4.68,4.56,4.56,9138398,,,,821200000,,53993900000.0,
1996-04-18,INTC,4.56,4.59,4.61,4.53,4.61,8824500,,,,821200000,,52710775000.0,
1996-04-17,INTC,4.61,4.55,4.62,4.47,4.3,23893297,,,,821200000,,53275350000.0,
1996-04-16,INTC,4.3,4.24,4.32,4.24,4.24,5317598,,,,821200000,,49733925000.0,
1996-04-13,INTC,4.24,4.29,4.3,4.23,4.29,6055098,,,,821200000,,48964050000.0,
1996-04-12,INTC,4.29,4.36,4.4,4.25,4.39,13236000,,,,821200000,,49631275000.0,
1996-04-11,INTC,4.39,4.36,4.48,4.35,4.4,16426699,,,,821200000,,50709100000.0,
1996-04-10,INTC,4.4,4.37,4.41,4.31,4.31,14498797,,,,821200000,,50811750000.0,
1996-04-09,INTC,4.31,4.15,4.32,4.14,4.21,14426598,,,,821200000,,49785250000.0,
1996-04-05,INTC,4.21,4.1,4.22,4.08,4.09,9095797,,,,821200000,,48656100000.0,
1996-04-04,INTC,4.09,4.03,4.11,4.0,4.04,4170098,,,,821200000,,47321650000.0,
1996-04-03,INTC,4.04,4.06,4.07,4.02,4.06,2205600,,,,821200000,,46705750000.0,
1996-04-02,INTC,4.06,4.06,4.08,4.02,4.04,3564900,,,,821200000,,46911050000.0,
1996-03-30,INTC,4.04,4.03,4.08,4.0,4.0,4539797,,,,821200000,,46705750000.0,
1996-03-29,INTC,4.0,4.0,4.08,3.99,4.02,4038200,,,,821200000,,46295150000.0,
1996-03-28,INTC,4.02,4.0,4.08,3.99,3.99,6448598,,,,821200000,,46500450000.0,
1996-03-27,INTC,3.99,3.87,4.0,3.84,3.9,6247098,,,,821200000,,46089850000.0,
1996-03-26,INTC,3.9,4.0,4.03,3.89,3.99,5728699,,,,821200000,,45076181250.0,
1996-03-23,INTC,3.99,4.0,4.01,3.94,3.97,3787900,,,,821200000,,46089850000.0,
1996-03-22,INTC,3.97,3.95,4.01,3.92,3.94,5952098,,,,821200000,,45884550000.0,
1996-03-21,INTC,3.94,4.11,4.14,3.92,4.17,14799398,,,,821200000,,45576600000.0,
1996-03-20,INTC,4.17,4.25,4.25,4.15,4.23,5540000,,,,821200000,,48245500000.0,
1996-03-19,INTC,4.23,4.24,4.28,4.21,4.18,7777898,,,,821200000,,48861400000.0,
1996-03-16,INTC,4.18,4.01,4.2,4.0,3.99,10942598,,,,821200000,,48348150000.0,
1996-03-15,INTC,3.99,4.01,4.08,3.99,3.99,7184797,,,,821200000,,46089850000.0,
1996-03-14,INTC,3.99,3.95,4.04,3.9,3.9,8640898,,,,821200000,,46089850000.0,
1996-03-13,INTC,3.9,3.92,3.92,3.84,3.92,6079199,,,,821200000,,45063350000.0,
1996-03-12,INTC,3.92,3.84,3.93,3.83,3.8,9407000,,,,821200000,,45371300000.0,
1996-03-09,INTC,3.8,3.67,3.84,3.66,3.77,13990699,,,,821200000,,43934200000.0,
1996-03-08,INTC,3.77,3.79,3.82,3.75,3.8,9339398,,,,821200000,,43626250000.0,
1996-03-07,INTC,3.8,3.92,3.95,3.78,3.93,8487199,,,,821200000,,43934200000.0,
1996-03-06,INTC,3.93,3.91,3.97,3.89,3.9,7482098,,,,821200000,,45473950000.0,
1996-03-05,INTC,3.9,3.99,4.0,3.89,3.98,8785699,,,,821200000,,45063350000.0,
1996-03-02,INTC,3.98,4.09,4.1,3.91,4.18,18129797,,,,821200000,,46038525000.0,
1996-03-01,INTC,4.18,4.26,4.27,4.17,4.32,9175297,,,,821200000,,48296825000.0,
1996-02-29,INTC,4.32,4.3,4.37,4.3,4.28,5321297,,,,821200000,,49887900000.0,
1996-02-28,INTC,4.28,4.29,4.32,4.26,4.29,4521000,,,,821200000,,49477300000.0,
1996-02-27,INTC,4.29,4.32,4.34,4.26,4.32,4461898,,,,821200000,,49579950000.0,
1996-02-24,INTC,4.32,4.34,4.38,4.28,4.33,7148297,,,,821200000,,49939225000.0,
1996-02-23,INTC,4.33,4.23,4.35,4.2,4.21,11185598,,,,821200000,,50093200000.0,
1996-02-22,INTC,4.21,4.14,4.21,4.1,4.11,6049297,,,,821200000,,48656100000.0,
1996-02-21,INTC,4.11,4.07,4.16,4.06,4.09,5145598,,,,821200000,,47526950000.0,
1996-02-17,INTC,4.09,4.1,4.17,4.07,4.08,6083500,,,,821200000,,47270325000.0,
1996-02-16,INTC,4.08,4.1,4.14,4.08,4.12,6008297,,,,821200000,,47219000000.0,
1996-02-15,INTC,4.12,4.06,4.12,4.04,4.06,6178297,,,,821200000,,47629600000.0,
1996-02-14,INTC,4.06,4.01,4.11,3.98,4.14,9749699,,,,821200000,,46911050000.0,
1996-02-13,INTC,4.14,4.12,4.19,4.12,4.12,5840898,,,,821200000,,47822068750.0,
1996-02-10,INTC,4.12,4.11,4.16,4.08,4.11,6253598,,,,821200000,,47629600000.0,
1996-02-09,INTC,4.11,4.13,4.14,4.05,4.14,6099598,,,,821200000,,47526950000.0,
1996-02-08,INTC,4.14,4.2,4.23,4.08,4.23,8826398,,,,821200000,,47834900000.0,
1996-02-07,INTC,4.23,4.18,4.26,4.15,4.16,10705500,,,,821200000,,48861400000.0,
1996-02-06,INTC,4.16,4.06,4.16,4.04,4.03,8450098,,,,821200000,,48040200000.0,
1996-02-03,INTC,4.03,4.0,4.06,3.98,4.0,6432000,,,,821200000,,46603100000.0,
1996-02-02,INTC,4.0,3.91,4.01,3.9,3.92,8359297,,,,821200000,,46192500000.0,
1996-02-01,INTC,3.92,3.86,3.94,3.82,3.84,9086199,,,,821200000,,45358468750.0,
1996-01-31,INTC,3.84,3.87,3.89,3.82,3.86,5380000,,,,821200000,,44447450000.0,
1996-01-30,INTC,3.86,3.94,3.94,3.85,3.9,4894797,,,,821200000,,44704075000.0,
1996-01-27,INTC,3.9,3.84,3.9,3.81,3.88,8351598,,,,821200000,,45166000000.0,
1996-01-26,INTC,3.88,3.94,4.04,3.86,3.89,14408898,,,,821200000,,44858050000.0,
1996-01-25,INTC,3.89,3.79,3.9,3.76,3.74,11763898,,,,821200000,,44960700000.0,
1996-01-24,INTC,3.74,3.71,3.75,3.71,3.69,8655500,,,,821200000,,43266975000.0,
1996-01-23,INTC,3.69,3.65,3.73,3.62,3.65,13352098,,,,821200000,,42702400000.0,
1996-01-20,INTC,3.65,3.65,3.66,3.59,3.62,16056199,,,,821200000,,42189150000.0,
1996-01-19,INTC,3.62,3.6,3.66,3.57,3.55,16589398,,,,821200000,,41881200000.0,
1996-01-18,INTC,3.55,3.62,3.74,3.54,3.96,68329250,,,,821200000,,41060000000.0,
1996-01-17,INTC,3.96,3.82,3.97,3.69,3.79,18837098,,,,821200000,,45781900000.0,
1996-01-16,INTC,3.79,4.02,4.03,3.79,4.02,13329699,,,,821200000,,43831550000.0,
1996-01-13,INTC,4.02,4.05,4.08,3.92,4.04,8777297,,,,821200000,,46500450000.0,
1996-01-12,INTC,4.04,3.96,4.05,3.86,3.84,10471699,,,,821200000,,46705750000.0,
1996-01-11,INTC,3.84,3.85,3.9,3.78,3.9,17181500,,,,821200000,,44447450000.0,
1996-01-10,INTC,3.9,4.09,4.1,3.89,4.09,13765098,,,,821200000,,45166000000.0,
1996-01-09,INTC,4.09,4.13,4.14,4.07,4.08,2193000,,,,821200000,,47321650000.0,
1996-01-06,INTC,4.08,4.05,4.17,4.03,4.08,8179297,,,,821200000,,47219000000.0,
1996-01-05,INTC,4.08,4.17,4.18,3.97,4.1,12532898,,,,821200000,,47219000000.0,
1996-01-04,INTC,4.1,4.16,4.21,4.09,4.16,9084797,,,,821200000,,47424300000.0,
1996-01-03,INTC,4.16,4.07,4.17,4.04,4.03,7856797,,,,821200000,,48142850000.0,
1995-12-30,INTC,4.03,4.05,4.12,4.03,4.05,6987898,,,,821200000,,,
1995-12-29,INTC,4.05,4.12,4.13,4.05,4.18,7993098,,,,821200000,,,
1995-12-28,INTC,4.18,4.22,4.27,4.17,4.21,4038400,,,,821200000,,,
1995-12-27,INTC,4.21,4.19,4.25,4.18,4.19,2812500,,,,821200000,,,
1995-12-23,INTC,4.19,4.21,4.24,4.16,4.22,5208398,,,,821200000,,,
1995-12-22,INTC,4.22,4.26,4.29,4.21,4.23,7470199,,,,821200000,,,
1995-12-21,INTC,4.23,4.31,4.34,4.2,4.29,8991398,,,,823500000,,,
1995-12-20,INTC,4.29,4.1,4.33,4.08,4.06,11637398,,,,823500000,,,
1995-12-19,INTC,4.06,4.13,4.15,3.92,4.13,15816199,,,,823500000,,,
1995-12-16,INTC,4.13,4.28,4.32,4.13,4.26,16401199,,,,823500000,,,
1995-12-15,INTC,4.26,4.45,4.47,4.26,4.45,9501098,,,,823500000,,,
1995-12-14,INTC,4.45,4.44,4.49,4.4,4.42,6298297,,,,823500000,,,
1995-12-13,INTC,4.42,4.51,4.52,4.39,4.51,4870500,,,,823500000,,,
1995-12-12,INTC,4.51,4.52,4.54,4.5,4.49,4785199,,,,823500000,,,
1995-12-09,INTC,4.49,4.43,4.49,4.36,4.37,7627500,,,,823500000,,,
1995-12-08,INTC,4.37,4.33,4.37,4.29,4.33,5740199,,,,823500000,,,
1995-12-07,INTC,4.33,4.38,4.41,4.29,4.36,8304000,,,,823500000,,,
1995-12-06,INTC,4.36,4.4,4.4,4.32,4.38,6544797,,,,823500000,,,
1995-12-05,INTC,4.38,4.4,4.51,4.29,4.33,7000500,,,,823500000,,,
1995-12-02,INTC,4.33,4.36,4.38,4.3,4.32,7277398,,,,823500000,,,
1995-12-01,INTC,4.32,4.42,4.51,4.28,4.47,8506199,,,,823500000,,,
1995-11-30,INTC,4.47,4.54,4.58,4.42,4.52,9057398,,,,823500000,,,
1995-11-29,INTC,4.52,4.27,4.52,4.25,4.26,12477000,,,,823500000,,,
1995-11-28,INTC,4.26,4.51,4.52,4.25,4.47,15126500,,,,823500000,,,
1995-11-25,INTC,4.47,4.42,4.47,4.42,4.39,2296000,,,,823500000,,,
1995-11-23,INTC,4.39,4.5,4.52,4.38,4.47,6083098,,,,823500000,,,
1995-11-22,INTC,4.47,4.43,4.51,4.4,4.41,8811898,,,,823500000,,,
1995-11-21,INTC,4.41,4.52,4.55,4.4,4.45,8961797,,,,823500000,,,
1995-11-18,INTC,4.45,4.46,4.49,4.42,4.46,11671199,,,,823500000,,,
1995-11-17,INTC,4.46,4.53,4.61,4.46,4.6,10321598,,,,823500000,,,
1995-11-16,INTC,4.6,4.67,4.68,4.44,4.62,12900699,,,,823500000,,,
1995-11-15,INTC,4.62,4.68,4.73,4.62,4.76,6637598,,,,823500000,,,
1995-11-14,INTC,4.76,4.84,4.89,4.75,4.84,4557000,,,,823500000,,,
1995-11-11,INTC,4.84,4.86,4.92,4.81,4.9,6260297,,,,823500000,,,
1995-11-10,INTC,4.9,4.9,4.92,4.83,4.68,9717199,,,,823500000,,,
1995-11-09,INTC,4.68,4.77,4.83,4.62,4.71,12657199,,,,823500000,,,
1995-11-08,INTC,4.71,4.89,4.93,4.6,5.03,28191898,,,,823500000,,,
1995-11-07,INTC,5.03,5.13,5.15,5.01,5.15,4725000,,,,823500000,,,
1995-11-04,INTC,5.15,5.19,5.19,5.09,5.17,5950699,,,,823500000,,,
1995-11-03,INTC,5.17,5.05,5.18,5.03,5.03,10034500,,,,823500000,,,
1995-11-02,INTC,5.03,5.02,5.03,4.9,4.96,9542598,,,,823500000,,,
1995-11-01,INTC,4.96,5.02,5.07,4.96,4.95,9296297,,,,823500000,,,
1995-10-31,INTC,4.95,4.86,5.0,4.86,4.81,12336000,,,,823500000,,,
1995-10-28,INTC,4.81,4.69,4.83,4.69,4.71,7716797,,,,823500000,,,
1995-10-27,INTC,4.71,4.73,4.76,4.6,4.72,5989098,,,,823500000,,,
1995-10-26,INTC,4.72,4.81,4.81,4.71,4.82,5992898,,,,823500000,,,
1995-10-25,INTC,4.82,4.82,4.85,4.79,4.79,7039598,,,,823500000,,,
1995-10-24,INTC,4.79,4.7,4.8,4.68,4.76,6766098,,,,823500000,,,
1995-10-21,INTC,4.76,4.8,4.83,4.73,4.82,6598797,,,,823500000,,,
1995-10-20,INTC,4.82,4.78,4.84,4.72,4.81,8268797,,,,823500000,,,
1995-10-19,INTC,4.81,4.75,4.84,4.71,4.65,17801898,,,,823500000,,,
1995-10-18,INTC,4.65,4.55,4.66,4.46,4.48,16709098,,,,823500000,,,
1995-10-17,INTC,4.48,4.44,4.54,4.42,4.45,6899898,,,,823500000,,,
1995-10-14,INTC,4.45,4.58,4.58,4.43,4.52,9991898,,,,823500000,,,
1995-10-13,INTC,4.52,4.45,4.56,4.43,4.46,11315500,,,,823500000,,,
1995-10-12,INTC,4.46,4.49,4.5,4.4,4.37,9823199,,,,823500000,,,
1995-10-11,INTC,4.37,4.13,4.37,4.1,4.27,14807098,,,,823500000,,,
1995-10-10,INTC,4.27,4.37,4.37,4.21,4.4,9888000,,,,823500000,,,
1995-10-07,INTC,4.4,4.48,4.5,4.39,4.32,14550098,,,,823500000,,,
1995-10-06,INTC,4.32,4.16,4.32,4.14,4.16,9916598,,,,823500000,,,
1995-10-05,INTC,4.16,4.17,4.25,4.13,4.24,8951699,,,,823500000,,,
1995-10-04,INTC,4.24,4.21,4.27,4.18,4.19,10038797,,,,823500000,,,
1995-10-03,INTC,4.19,4.3,4.35,4.19,4.27,7494199,,,,823500000,,,
1995-09-30,INTC,4.27,4.42,4.45,4.26,4.39,9573898,,,,823500000,,,
1995-09-29,INTC,4.39,4.23,4.39,4.22,4.21,10430199,,,,823500000,,,
1995-09-28,INTC,4.21,4.19,4.22,4.06,4.24,16665699,,,,823500000,,,
1995-09-27,INTC,4.24,4.28,4.37,4.21,4.26,8759500,,,,823500000,,,
1995-09-26,INTC,4.26,4.29,4.29,4.18,4.29,9487898,,,,823500000,,,
1995-09-23,INTC,4.29,4.31,4.34,4.27,4.34,8563699,,,,823500000,,,
1995-09-22,INTC,4.34,4.4,4.45,4.33,4.45,8892098,,,,823500000,,,
1995-09-21,INTC,4.45,4.5,4.52,4.42,4.45,7908500,,,,823500000,,,
1995-09-20,INTC,4.45,4.38,4.52,4.37,4.46,8711699,,,,823500000,,,
1995-09-19,INTC,4.46,4.42,4.47,4.33,4.41,7899598,,,,823500000,,,
1995-09-16,INTC,4.41,4.52,4.58,4.34,4.52,12500297,,,,823500000,,,
1995-09-15,INTC,4.52,4.63,4.63,4.5,4.6,6660098,,,,823500000,,,
1995-09-14,INTC,4.6,4.6,4.66,4.56,4.6,6610797,,,,823500000,,,
1995-09-13,INTC,4.6,4.7,4.71,4.59,4.66,6615500,,,,823500000,,,
1995-09-12,INTC,4.66,4.65,4.73,4.65,4.66,6725598,,,,823500000,,,
1995-09-09,INTC,4.66,4.65,4.66,4.57,4.61,7958000,,,,828200000,,,
1995-09-08,INTC,4.61,4.61,4.68,4.56,4.43,15729000,,,,828200000,,,
1995-09-07,INTC,4.43,4.56,4.59,4.42,4.52,9120000,,,,828200000,,,
1995-09-06,INTC,4.52,4.35,4.52,4.32,4.32,7446797,,,,828200000,,,
1995-09-02,INTC,4.32,4.34,4.38,4.3,4.35,4340199,,,,828200000,,,
1995-09-01,INTC,4.35,4.33,4.4,4.3,4.28,6367699,,,,828200000,,,
1995-08-31,INTC,4.28,4.26,4.32,4.19,4.18,11085898,,,,828200000,,,
1995-08-30,INTC,4.18,4.17,4.24,4.05,4.16,17850297,,,,828200000,,,
1995-08-29,INTC,4.16,4.29,4.32,4.15,4.28,9725500,,,,828200000,,,
1995-08-26,INTC,4.28,4.34,4.34,4.24,4.33,11384699,,,,828200000,,,
1995-08-25,INTC,4.33,4.42,4.43,4.29,4.42,12503398,,,,828200000,,,
1995-08-24,INTC,4.42,4.45,4.49,4.4,4.42,8206000,,,,828200000,,,
1995-08-23,INTC,4.42,4.34,4.42,4.27,4.27,16193797,,,,828200000,,,
1995-08-22,INTC,4.27,4.6,4.61,4.25,4.6,21926797,,,,828200000,,,
1995-08-19,INTC,4.6,4.7,4.7,4.58,4.66,9187098,,,,828200000,,,
1995-08-18,INTC,4.66,4.75,4.76,4.64,4.74,8265398,,,,828200000,,,
1995-08-17,INTC,4.74,4.7,4.76,4.61,4.65,8416598,,,,828200000,,,
1995-08-16,INTC,4.65,4.75,4.77,4.58,4.71,8469297,,,,828200000,,,
1995-08-15,INTC,4.71,4.68,4.75,4.64,4.69,6275297,,,,828200000,,,
1995-08-12,INTC,4.69,4.66,4.72,4.62,4.56,8546898,,,,828200000,,,
1995-08-11,INTC,4.56,4.69,4.7,4.53,4.69,7551000,,,,828200000,,,
1995-08-10,INTC,4.69,4.73,4.74,4.65,4.59,8850898,,,,828200000,,,
1995-08-09,INTC,4.59,4.56,4.63,4.53,4.5,7265297,,,,828200000,,,
1995-08-08,INTC,4.5,4.43,4.53,4.42,4.4,6447500,,,,828200000,,,
1995-08-05,INTC,4.4,4.42,4.47,4.38,4.41,8590398,,,,828200000,,,
1995-08-04,INTC,4.41,4.24,4.45,4.19,4.36,14745699,,,,828200000,,,
1995-08-03,INTC,4.36,4.57,4.61,4.33,4.49,16955098,,,,828200000,,,
1995-08-02,INTC,4.49,4.61,4.61,4.43,4.61,11820098,,,,828200000,,,
1995-08-01,INTC,4.61,4.77,4.8,4.59,4.76,8110098,,,,828200000,,,
1995-07-29,INTC,4.76,4.87,4.9,4.74,4.87,8580398,,,,828200000,,,
1995-07-28,INTC,4.87,4.84,4.94,4.81,4.83,6582898,,,,828200000,,,
1995-07-27,INTC,4.83,4.94,4.95,4.79,4.89,11249398,,,,828200000,,,
1995-07-26,INTC,4.89,4.96,4.97,4.82,4.77,17620199,,,,828200000,,,
1995-07-25,INTC,4.77,4.49,4.79,4.47,4.46,15326500,,,,828200000,,,
1995-07-22,INTC,4.46,4.59,4.65,4.46,4.57,19056797,,,,828200000,,,
1995-07-21,INTC,4.57,4.64,4.75,4.56,4.63,24991500,,,,828200000,,,
1995-07-20,INTC,4.63,4.61,4.87,4.47,5.19,55957000,,,,828200000,,,
1995-07-19,INTC,5.19,5.47,5.49,5.18,5.42,17179898,,,,828200000,,,
1995-07-18,INTC,5.42,5.42,5.56,5.35,5.35,17460699,,,,828200000,,,
1995-07-15,INTC,5.35,5.09,5.37,5.05,5.22,10979598,,,,828200000,,,
1995-07-14,INTC,5.22,5.1,5.39,5.05,5.12,14685398,,,,828200000,,,
1995-07-13,INTC,5.12,5.02,5.14,4.95,4.88,10599398,,,,828200000,,,
1995-07-12,INTC,4.88,4.95,4.96,4.88,4.98,6491598,,,,828200000,,,
1995-07-11,INTC,4.98,4.87,5.0,4.84,4.84,10426000,,,,828200000,,,
1995-07-08,INTC,4.84,4.65,4.84,4.61,4.64,9870199,,,,828200000,,,
1995-07-07,INTC,4.64,4.52,4.64,4.47,4.52,6522199,,,,828200000,,,
1995-07-06,INTC,4.52,4.5,4.57,4.49,4.49,5860898,,,,828200000,,,
1995-07-04,INTC,4.49,4.49,4.52,4.47,4.49,1627600,,,,828200000,,,
1995-07-01,INTC,4.49,4.54,4.59,4.47,4.52,5180699,,,,828200000,,,
1995-06-30,INTC,4.52,4.52,4.58,4.47,4.48,7587797,,,,828200000,,,
1995-06-29,INTC,4.48,4.41,4.52,4.32,4.44,14111500,,,,828200000,,,
1995-06-28,INTC,4.44,4.58,4.58,4.42,4.61,11501098,,,,828200000,,,
1995-06-27,INTC,4.61,4.66,4.71,4.56,4.65,7169699,,,,828200000,,,
1995-06-24,INTC,4.65,4.63,4.71,4.52,4.63,6591898,,,,828200000,,,
1995-06-23,INTC,4.63,4.53,4.67,4.51,4.51,8874797,,,,828200000,,,
1995-06-22,INTC,4.51,4.69,4.69,4.49,4.61,14964098,,,,828200000,,,
1995-06-21,INTC,4.61,4.49,4.62,4.44,4.38,17629297,,,,828200000,,,
1995-06-20,INTC,4.38,4.15,4.4,4.14,4.12,15985000,,,,828200000,,,
1995-06-17,INTC,4.12,4.09,4.16,4.06,4.08,7650699,,,,414100000,,,
1995-06-16,INTC,4.08,3.99,4.1,3.99,3.99,5689199,,,,414100000,,,
1995-06-15,INTC,3.99,3.91,4.01,3.88,3.93,6117598,,,,414100000,,,
1995-06-14,INTC,3.93,4.02,4.02,3.93,3.95,6741297,,,,414100000,,,
1995-06-13,INTC,3.95,4.01,4.03,3.95,4.0,4042900,,,,414100000,,,
1995-06-10,INTC,4.0,4.03,4.07,3.99,4.03,3425200,,,,414100000,,,
1995-06-09,INTC,4.03,4.01,4.05,4.01,4.01,2776900,,,,414100000,,,
1995-06-08,INTC,4.01,3.99,4.03,3.94,3.98,7335797,,,,414100000,,,
1995-06-07,INTC,3.98,4.09,4.1,3.98,4.1,6024000,,,,414100000,,,
1995-06-06,INTC,4.1,4.16,4.16,4.09,4.13,4851000,,,,414100000,,,
1995-06-03,INTC,4.13,4.02,4.17,4.0,4.07,7520199,,,,414100000,,,
1995-06-02,INTC,4.07,3.99,4.1,3.98,3.98,7335297,,,,414400000,,,
1995-06-01,INTC,3.98,3.94,3.99,3.83,3.92,10227898,,,,414400000,,,
1995-05-31,INTC,3.92,4.12,4.14,3.86,4.11,15148098,,,,414400000,,,
1995-05-27,INTC,4.11,4.15,4.17,4.09,4.17,3606200,,,,414400000,,,
1995-05-26,INTC,4.17,4.12,4.19,4.09,4.12,5320098,,,,414400000,,,
1995-05-25,INTC,4.12,4.19,4.22,4.1,4.13,8688000,,,,414400000,,,
1995-05-24,INTC,4.13,4.06,4.15,4.05,4.04,7639000,,,,414400000,,,
1995-05-23,INTC,4.04,3.96,4.06,3.96,3.95,6448398,,,,414400000,,,
1995-05-20,INTC,3.95,3.92,4.01,3.91,3.93,9141797,,,,414400000,,,
1995-05-19,INTC,3.93,3.95,4.09,3.92,3.93,10662898,,,,414400000,,,
1995-05-18,INTC,3.93,3.89,3.95,3.89,3.86,6488500,,,,414400000,,,
1995-05-17,INTC,3.86,3.84,3.9,3.82,3.84,5225398,,,,414400000,,,
1995-05-16,INTC,3.84,3.86,3.87,3.8,3.85,4533797,,,,414400000,,,
1995-05-13,INTC,3.85,3.87,3.93,3.83,3.87,4889898,,,,414400000,,,
1995-05-12,INTC,3.87,3.83,3.89,3.8,3.86,7219500,,,,414400000,,,
1995-05-11,INTC,3.86,3.98,3.99,3.85,3.94,8828199,,,,414400000,,,
1995-05-10,INTC,3.94,3.99,4.0,3.88,3.96,8633199,,,,414400000,,,
1995-05-09,INTC,3.96,3.84,3.99,3.83,3.85,7330699,,,,414400000,,,
1995-05-06,INTC,3.85,3.93,3.96,3.84,3.89,8977297,,,,414400000,,,
1995-05-05,INTC,3.89,3.84,3.95,3.82,3.81,11059598,,,,414400000,,,
1995-05-04,INTC,3.81,3.69,3.82,3.69,3.69,5613000,,,,414400000,,,
1995-05-03,INTC,3.69,3.68,3.7,3.65,3.69,7223297,,,,414400000,,,
1995-05-02,INTC,3.69,3.67,3.73,3.65,3.63,7240297,,,,414400000,,,
1995-04-29,INTC,3.63,3.62,3.69,3.59,3.57,8270898,,,,414400000,,,
1995-04-28,INTC,3.57,3.53,3.62,3.53,3.53,5697098,,,,414400000,,,
1995-04-27,INTC,3.53,3.46,3.57,3.45,3.48,6005000,,,,414400000,,,
1995-04-26,INTC,3.48,3.42,3.5,3.42,3.42,8084398,,,,414400000,,,
1995-04-25,INTC,3.42,3.29,3.43,3.27,3.29,6003500,,,,414400000,,,
1995-04-22,INTC,3.29,3.3,3.34,3.27,3.29,5486699,,,,414400000,,,
1995-04-21,INTC,3.29,3.33,3.33,3.27,3.31,4966797,,,,414400000,,,
1995-04-20,INTC,3.31,3.33,3.35,3.25,3.34,5987199,,,,414400000,,,
1995-04-19,INTC,3.34,3.41,3.44,3.3,3.33,10514199,,,,414400000,,,
1995-04-18,INTC,3.33,3.37,3.45,3.31,3.37,9792199,,,,414400000,,,
1995-04-14,INTC,3.37,3.26,3.37,3.26,3.25,7217000,,,,414400000,,,
1995-04-13,INTC,3.25,3.24,3.25,3.2,3.23,5230000,,,,414400000,,,
1995-04-12,INTC,3.23,3.21,3.26,3.21,3.14,10848199,,,,414400000,,,
1995-04-11,INTC,3.14,3.08,3.14,3.06,3.09,4963199,,,,414400000,,,
1995-04-08,INTC,3.09,3.03,3.11,3.01,3.03,5318199,,,,414400000,,,
1995-04-07,INTC,3.03,3.08,3.1,3.02,3.07,4943199,,,,414400000,,,
1995-04-06,INTC,3.07,3.05,3.08,3.0,3.07,7450699,,,,414400000,,,
1995-04-05,INTC,3.07,3.15,3.19,3.06,3.14,6278098,,,,414400000,,,
1995-04-04,INTC,3.14,3.0,3.14,2.99,3.01,5900000,,,,414400000,,,
1995-04-01,INTC,3.01,2.96,3.06,2.94,3.02,9410898,,,,414400000,,,
1995-03-31,INTC,3.02,3.09,3.09,2.97,3.08,10261297,,,,414400000,,,
1995-03-30,INTC,3.08,3.14,3.19,3.03,3.14,10006898,,,,414400000,,,
1995-03-29,INTC,3.14,3.13,3.17,3.12,3.1,5921898,,,,414400000,,,
1995-03-28,INTC,3.1,3.05,3.11,3.05,3.05,4197598,,,,414400000,,,
1995-03-25,INTC,3.05,3.04,3.09,3.03,3.02,6161199,,,,414400000,,,
1995-03-24,INTC,3.02,2.99,3.04,2.96,2.99,6875398,,,,414400000,,,
1995-03-23,INTC,2.99,2.94,2.99,2.93,2.95,4351500,,,,414400000,,,
1995-03-22,INTC,2.95,2.95,2.98,2.94,2.95,5221000,,,,414400000,,,
1995-03-21,INTC,2.95,2.87,2.95,2.84,2.87,4173297,,,,414400000,,,
1995-03-18,INTC,2.87,2.9,2.9,2.87,2.89,2382500,,,,414400000,,,
1995-03-17,INTC,2.89,2.9,2.92,2.88,2.9,2156300,,,,414400000,,,
1995-03-16,INTC,2.9,2.92,2.93,2.89,2.92,2152200,,,,414400000,,,
1995-03-15,INTC,2.92,2.89,2.94,2.89,2.88,4186598,,,,414400000,,,
1995-03-14,INTC,2.88,2.85,2.9,2.85,2.85,4579199,,,,414400000,,,
1995-03-11,INTC,2.85,2.83,2.86,2.83,2.84,3592300,,,,414400000,,,
1995-03-10,INTC,2.84,2.83,2.87,2.8,2.83,5297598,,,,414400000,,,
1995-03-09,INTC,2.83,2.84,2.87,2.81,2.85,5362797,,,,414400000,,,
1995-03-08,INTC,2.85,2.9,2.91,2.84,2.91,5347699,,,,414400000,,,
1995-03-07,INTC,2.91,2.89,2.93,2.87,2.9,5041500,,,,414400000,,,
1995-03-04,INTC,2.9,2.79,2.91,2.79,2.8,8803797,,,,414400000,,,
1995-03-03,INTC,2.8,2.79,2.82,2.78,2.79,2445100,,,,414400000,,,
1995-03-02,INTC,2.79,2.83,2.85,2.79,2.83,4078900,,,,414400000,,,
1995-03-01,INTC,2.83,2.77,2.83,2.75,2.77,3386200,,,,414400000,,,
1995-02-28,INTC,2.77,2.77,2.8,2.76,2.78,3221600,,,,414400000,,,
1995-02-25,INTC,2.78,2.76,2.79,2.73,2.77,4897598,,,,414400000,,,
1995-02-24,INTC,2.77,2.83,2.86,2.76,2.82,5473598,,,,414400000,,,
1995-02-23,INTC,2.82,2.79,2.83,2.79,2.8,2755500,,,,414400000,,,
1995-02-22,INTC,2.8,2.79,2.81,2.77,2.79,4223098,,,,414400000,,,
1995-02-18,INTC,2.79,2.82,2.82,2.79,2.83,5057297,,,,414400000,,,
1995-02-17,INTC,2.83,2.83,2.86,2.82,2.83,5937098,,,,414400000,,,
1995-02-16,INTC,2.83,2.78,2.83,2.78,2.78,7122297,,,,414400000,,,
1995-02-15,INTC,2.78,2.73,2.78,2.73,2.73,4301500,,,,414400000,,,
1995-02-14,INTC,2.73,2.74,2.76,2.72,2.74,3366500,,,,414400000,,,
1995-02-11,INTC,2.74,2.74,2.78,2.73,2.75,5531898,,,,414400000,,,
1995-02-10,INTC,2.75,2.71,2.79,2.71,2.71,7906098,,,,414400000,,,
1995-02-09,INTC,2.71,2.63,2.72,2.59,2.59,8507598,,,,414400000,,,
1995-02-08,INTC,2.59,2.61,2.61,2.57,2.61,2792200,,,,414400000,,,
1995-02-07,INTC,2.61,2.6,2.63,2.6,2.6,3506200,,,,414400000,,,
1995-02-04,INTC,2.6,2.58,2.63,2.55,2.56,8903699,,,,414400000,,,
1995-02-03,INTC,2.56,2.5,2.56,2.5,2.5,5504098,,,,414400000,,,
1995-02-02,INTC,2.5,2.46,2.52,2.45,2.46,4702098,,,,414400000,,,
1995-02-01,INTC,2.46,2.48,2.48,2.44,2.48,5266598,,,,414400000,,,
1995-01-31,INTC,2.48,2.52,2.52,2.48,2.52,4071100,,,,414400000,,,
1995-01-28,INTC,2.52,2.5,2.53,2.49,2.5,5000699,,,,414400000,,,
1995-01-27,INTC,2.5,2.5,2.52,2.48,2.51,4914598,,,,414400000,,,
1995-01-26,INTC,2.51,2.48,2.54,2.46,2.53,9541000,,,,414400000,,,
1995-01-25,INTC,2.53,2.5,2.54,2.47,2.49,6916000,,,,414400000,,,
1995-01-24,INTC,2.49,2.42,2.5,2.41,2.44,6578797,,,,414400000,,,
1995-01-21,INTC,2.44,2.49,2.5,2.43,2.5,9139598,,,,414400000,,,
1995-01-20,INTC,2.5,2.45,2.5,2.44,2.46,9187000,,,,414400000,,,
1995-01-19,INTC,2.46,2.42,2.46,2.42,2.37,11851398,,,,414400000,,,
1995-01-18,INTC,2.37,2.41,2.46,2.37,2.41,7417500,,,,414400000,,,
1995-01-17,INTC,2.41,2.42,2.42,2.4,2.41,3727800,,,,414400000,,,
1995-01-14,INTC,2.41,2.39,2.42,2.39,2.38,7918098,,,,414400000,,,
1995-01-13,INTC,2.38,2.34,2.39,2.32,2.35,5336500,,,,414400000,,,
1995-01-12,INTC,2.35,2.37,2.38,2.34,2.36,3654300,,,,414400000,,,
1995-01-11,INTC,2.36,2.35,2.38,2.34,2.34,6832500,,,,414400000,,,
1995-01-10,INTC,2.34,2.3,2.34,2.3,2.3,4690297,,,,414400000,,,
1995-01-07,INTC,2.3,2.27,2.31,2.27,2.27,3519800,,,,414400000,,,
1995-01-06,INTC,2.27,2.26,2.3,2.25,2.25,3779800,,,,414400000,,,
1995-01-05,INTC,2.25,2.27,2.28,2.24,2.26,2616600,,,,414400000,,,
1995-01-04,INTC,2.26,2.25,2.27,2.23,2.26,2607600,,,,414400000,,,
