dt,symbol,close,open,high,low,pre_close,vol,amount,vwap,turnover_ratio,free_share,total_share,free_mv,total_mv
2025-06-05,PAYX,159.33,157.95,159.74,157.52,158.25,1271111,202179115.0381,159.06,0.35,360190668,360191000.0,44189670705.45,57389176000.0
2025-06-04,PAYX,158.25,157.08,158.36,156.48,157.5,1459485,230338257.876,157.82,0.41,360190668,360191000.0,43890133372.47,57000141000.0
2025-06-03,PAYX,157.5,157.1,157.57,155.48,157.91,1417437,222458799.5028,156.94,0.39,360190668,360191000.0,43682123261.7,56730008000.0
2025-05-31,PAYX,157.91,157.81,158.81,156.95,157.42,1993759,314901673.3683,157.94,0.55,360190668,360191000.0,43795838229.06,56877710000.0
2025-05-30,PAYX,157.42,157.05,157.9,156.21,156.99,1402412,220494521.2065,157.23,0.39,360190668,360191000.0,43659935516.55,56701211000.0
2025-05-29,PAYX,156.99,159.39,159.75,156.97,158.97,1483969,234081121.6631,157.74,0.41,360190668,360191000.0,43540679159.84,56546300000.0
2025-05-28,PAYX,158.97,157.5,159.25,156.88,156.09,1759811,279099706.8785,158.6,0.49,360190668,360191000.0,44089825852.28,57259497000.0
2025-05-24,PAYX,156.09,155.04,156.56,154.17,156.18,1085447,169116441.6645,155.8,0.3,360190668,360191000.0,43291064253.45,56222145000.0
2025-05-23,PAYX,156.18,156.19,157.01,155.27,156.22,1034413,161575424.3854,156.2,0.29,360190668,360191000.0,43316025466.74,56254540000.0
2025-05-22,PAYX,156.22,156.67,157.51,155.63,157.67,1217481,190470653.4413,156.45,0.34,360190668,360191000.0,43327122112.79,56268960000.0
2025-05-21,PAYX,157.67,157.58,158.23,156.86,158.19,1466983,231177596.7193,157.59,0.41,360190668,360191000.0,43729272220.14,56791240000.0
2025-05-20,PAYX,158.19,155.19,158.25,154.91,155.98,1628420,256646808.416,157.6,0.45,360190668,360191000.0,43873495337.08,56978550000.0
2025-05-17,PAYX,155.98,154.19,156.27,153.67,154.43,1415547,220142769.3921,155.52,0.39,360190668,360191000.0,43260556103.87,56182540000.0
2025-05-16,PAYX,154.43,152.56,154.51,152.43,152.01,1549931,238924653.5258,154.15,0.43,360190668,360191000.0,42830668541.61,55624210000.0
2025-05-15,PAYX,152.01,150.46,152.29,149.47,151.26,1823496,276208403.7624,151.47,0.51,360190668,360191000.0,42159489250.86,54752583000.0
2025-05-14,PAYX,151.26,151.82,152.5,151.18,151.69,1456490,220700779.0729,151.53,0.4,360190668,360191000.0,41951479140.09,54482411000.0
2025-05-13,PAYX,151.69,153.28,153.28,150.1,150.57,2435072,368954585.0675,151.52,0.68,360190668,360191000.0,42070741043.74,54637320000.0
2025-05-10,PAYX,151.65,151.17,152.05,150.79,151.33,1120255,169741149.6255,151.52,0.31,360190668,360191000.0,42059644397.69,54622903000.0
2025-05-09,PAYX,151.33,151.53,152.8,150.53,150.32,1295307,196443280.4139,151.66,0.36,360190668,360191000.0,41970896190.57,54507641000.0
2025-05-08,PAYX,150.32,149.51,151.09,149.05,149.02,1610354,241717050.1407,150.1,0.45,360190668,360191000.0,41690775908.06,54143840000.0
2025-05-07,PAYX,149.02,148.85,149.4,147.74,149.45,1291788,192435991.9535,148.97,0.36,360190668,360191000.0,41330225049.4,53675620000.0
2025-05-06,PAYX,149.45,149.81,150.79,148.87,149.81,1345614,201518762.4119,149.76,0.37,360190668,360191000.0,41449481406.1,53830489000.0
2025-05-03,PAYX,149.81,148.25,150.55,147.5,146.61,1460429,218806438.2386,149.82,0.41,360190668,360191000.0,41549326259.27,53960129000.0
2025-05-02,PAYX,146.61,146.34,147.53,144.3,147.12,1785017,261654931.928,146.58,0.5,360190668,360191000.0,40661819226.79,52807555000.0
2025-05-01,PAYX,147.12,144.73,147.33,141.93,146.41,2500114,364752131.9388,145.89,0.69,360190668,360191000.0,40803263328.64,52991220000.0
2025-04-30,PAYX,146.41,144.16,147.21,143.25,144.16,2130974,311298648.6472,146.08,0.59,360190668,360191000.0,40606349863.92,52735510000.0
2025-04-29,PAYX,144.16,143.21,144.52,142.32,143.21,2228902,320614625.0684,143.84,0.62,360190668,360191000.0,39982319531.61,51925071000.0
2025-04-26,PAYX,143.21,143.96,143.96,141.93,144.21,1394964,199375522.6424,142.93,0.39,360190668,360191000.0,39718840057.96,51582891000.0
2025-04-25,PAYX,144.21,143.0,144.47,140.58,143.22,1597400,229403428.674,143.61,0.44,360190668,360191000.0,39996186872.32,51943094000.0
2025-04-24,PAYX,143.22,143.87,145.59,142.71,143.29,2835921,407410424.3639,143.66,,360190668,,39721613526.11,
2025-04-23,PAYX,143.29,142.01,143.88,141.45,140.39,1903453,272134981.3368,142.97,0.53,360190668,360191000.0,39741025029.64,51611688000.0
2025-04-22,PAYX,140.39,144.06,144.51,138.17,144.9,2653710,372689155.368,140.44,0.74,360190668,360191000.0,38936719268.0,50567168000.0
2025-04-18,PAYX,144.9,146.3,146.81,144.59,145.57,2148167,312440364.1317,145.45,0.6,360190668,360191000.0,40187553400.76,52191598000.0
2025-04-17,PAYX,145.57,147.54,148.23,144.54,147.62,1559013,227880322.1949,146.17,0.43,360190668,360191000.0,40373378539.85,52432934000.0
2025-04-16,PAYX,147.62,148.82,149.84,147.44,149.07,1154280,170926024.7988,148.08,0.32,360190668,360191000.0,40941936735.82,53171320000.0
2025-04-15,PAYX,149.07,146.88,149.54,146.04,146.75,1720053,255679858.2645,148.65,0.48,360190668,360191000.0,41344092390.11,53693602000.0
2025-04-12,PAYX,146.75,144.48,147.83,141.51,144.41,1918174,280010245.085,145.98,0.53,360190668,360191000.0,40700645007.33,52857977000.0
2025-04-11,PAYX,144.41,145.32,146.48,140.2,146.15,3099896,445247703.1566,143.63,0.86,360190668,360191000.0,40051656235.2,52015100000.0
2025-04-10,PAYX,146.15,135.44,146.5,135.0,137.01,5285574,756009920.2698,143.03,1.47,360190668,360191000.0,40534236918.71,52641833000.0
2025-04-09,PAYX,137.01,141.51,142.58,135.26,140.49,4456238,619787395.3778,139.08,1.24,360190668,360191000.0,37999287035.46,49349711000.0
2025-04-08,PAYX,140.49,140.8,145.54,136.82,143.32,4652016,654929001.8626,140.78,1.29,360190668,360191000.0,38964456722.9,50603170000.0
2025-04-05,PAYX,143.32,152.84,153.05,143.24,153.53,3049825,446632537.0725,146.45,0.85,360190668,360191000.0,39749348207.54,51622500000.0
2025-04-04,PAYX,153.53,154.91,155.58,152.48,154.94,2623769,403337603.8782,153.72,0.73,360190668,360191000.0,42581056408.69,55300055000.0
2025-04-03,PAYX,154.94,154.38,155.26,153.15,154.59,1422463,219953903.2053,154.63,0.39,360190668,360191000.0,42972118190.41,55807920000.0
2025-04-02,PAYX,154.59,154.07,155.16,152.96,154.28,1941092,299311533.67,154.2,0.54,360190668,360191000.0,42875044031.91,55681840000.0
2025-04-01,PAYX,154.28,151.4,154.71,151.4,151.03,2910733,446584740.9177,153.43,0.81,360190668,360191000.0,42789066519.46,55570180000.0
2025-03-29,PAYX,151.03,152.32,152.88,150.1,151.83,2419752,365592368.6959,151.09,0.67,360190668,360191000.0,41887689372.79,54399590000.0
2025-03-28,PAYX,151.83,149.48,152.13,147.59,150.19,2640533,398483389.5419,150.91,0.73,360190668,360191000.0,42109569597.75,54687743000.0
2025-03-27,PAYX,150.19,148.81,153.12,144.52,144.13,4430461,666285067.5453,150.39,1.23,360063074,360063000.0,41639965047.21,54077848000.0
2025-03-26,PAYX,144.13,144.78,145.79,143.23,144.83,3167701,456715994.156,144.18,0.88,360063074,360063000.0,39959838731.31,51895868000.0
2025-03-25,PAYX,144.83,143.63,145.17,143.33,143.02,2152326,311073976.4425,144.53,0.6,360063074,360063000.0,40153912728.2,52147895000.0
2025-03-22,PAYX,143.02,144.12,144.54,142.01,145.23,4764680,682129218.116,143.16,1.32,360063074,360063000.0,39652092821.97,51496180000.0
2025-03-21,PAYX,145.23,146.74,147.44,145.03,147.53,1464068,213374002.354,145.74,0.41,360063074,360063000.0,40264809382.51,52291950000.0
2025-03-20,PAYX,147.53,147.01,147.9,146.15,146.99,1722335,253706163.1293,147.3,0.48,360063074,360063000.0,40902481086.56,53120079000.0
2025-03-19,PAYX,146.99,146.47,147.53,145.62,147.99,1351132,198151749.7052,146.66,0.38,360063074,360063000.0,40752769632.88,52925645000.0
2025-03-18,PAYX,147.99,144.91,148.44,144.48,145.44,1897010,279988242.445,147.59,0.53,360063074,360063000.0,41030018199.86,53285723000.0
2025-03-15,PAYX,145.44,143.36,145.85,143.26,143.56,1591344,231155940.0686,145.26,0.44,360063074,360063000.0,40323034354.06,52367563000.0
2025-03-14,PAYX,143.56,144.98,145.84,142.88,145.01,1977267,284208997.2261,143.74,0.55,360063074,360063000.0,39801804275.65,51690618000.0
2025-03-13,PAYX,145.01,145.55,147.04,143.83,146.5,2779818,403190112.1724,145.04,0.77,360063074,360063000.0,40203814697.77,52212735000.0
2025-03-12,PAYX,146.5,154.11,154.43,146.39,154.52,2955342,438106429.3858,148.24,0.82,360063074,360063000.0,40616915062.57,52749227000.0
2025-03-11,PAYX,154.52,153.48,158.37,153.34,153.48,3967519,617834794.416,155.72,1.1,360063074,360063000.0,42840451342.24,55636907000.0
2025-03-08,PAYX,153.48,149.36,154.05,148.95,149.89,2210462,337111392.431,152.51,0.61,360063074,360063000.0,42552110060.09,55262454000.0
2025-03-07,PAYX,149.89,151.26,151.88,147.86,152.1,2553446,382870332.1996,149.94,,360063074,,41556787704.63,
2025-03-06,PAYX,152.1,150.91,153.26,150.61,152.0,1864127,283476879.4678,152.07,0.52,360063074,360063000.0,42169509810.14,54765567000.0
2025-03-05,PAYX,152.0,154.43,154.98,151.79,153.37,3803463,582350159.6961,153.11,1.06,360063074,360063000.0,42141782180.96,54729563000.0
2025-03-04,PAYX,153.37,151.77,154.48,151.77,151.67,1783465,273676627.873,153.45,0.5,360063074,360063000.0,42521612717.72,55222844000.0
2025-03-01,PAYX,151.67,150.06,151.82,149.38,148.76,2412897,364121358.5511,150.91,0.67,360063074,360063000.0,42050290153.86,54610739000.0
2025-02-28,PAYX,148.76,149.35,150.61,148.3,149.26,1678132,250516931.7637,149.28,0.47,360063074,360063000.0,41243496823.94,53562942000.0
2025-02-27,PAYX,149.26,150.43,151.66,149.03,151.0,1211624,181456457.2282,149.76,0.34,360063074,360063000.0,41382121107.43,53743000000.0
2025-02-26,PAYX,151.0,150.19,151.86,150.07,149.89,1753355,264583917.066,150.9,0.49,360063074,360063000.0,41864533613.98,54369485000.0
2025-02-25,PAYX,149.89,148.61,150.96,148.31,148.51,2465901,370003537.907,150.05,0.68,360063074,360063000.0,41556787704.63,
2025-02-22,PAYX,148.51,150.07,150.15,147.59,150.26,1663981,247354785.8442,148.65,0.46,360063074,360063000.0,41174184682.2,
2025-02-21,PAYX,150.26,149.65,150.66,149.35,150.04,1355614,203409623.1333,150.05,0.38,360063074,360063000.0,41659369674.41,54103040000.0
2025-02-20,PAYX,150.04,148.65,150.17,147.78,148.4,1091726,163142631.5903,149.44,0.3,360063074,360063000.0,41598374989.68,54023821000.0
2025-02-19,PAYX,148.4,147.66,149.24,147.2,147.25,1457356,216268875.9972,148.4,0.4,360063074,360063000.0,41143687339.83,53433344000.0
2025-02-15,PAYX,147.25,148.96,149.28,147.09,148.63,1044338,154334776.0512,147.78,0.29,360063074,360063000.0,40824851487.81,53019278000.0
2025-02-14,PAYX,148.63,146.94,148.78,146.49,146.95,1252128,185242708.7357,147.94,0.35,360063074,360063000.0,41207457282.72,53516165000.0
2025-02-13,PAYX,146.95,144.13,147.33,144.07,146.1,1370532,200869021.1149,146.56,0.38,360063074,360063000.0,40741676917.71,52911227000.0
2025-02-12,PAYX,146.1,146.31,146.69,145.46,147.01,1404086,204989816.3872,146.0,0.39,360063074,360063000.0,40506018408.26,52605172000.0
2025-02-11,PAYX,147.01,147.98,147.98,146.54,146.74,1331657,195979561.1929,147.17,0.37,360063074,360063000.0,40758311831.73,52932852000.0
2025-02-08,PAYX,146.74,149.16,149.93,146.55,149.03,1803413,265901723.0409,147.44,0.5,360063074,360063000.0,40683457491.13,52835614000.0
2025-02-07,PAYX,149.03,150.39,150.73,148.88,149.88,1535978,231526119.9832,149.75,0.43,360063074,360063000.0,41590057532.67,54013051000.0
2025-02-06,PAYX,150.87,149.96,151.01,148.66,149.51,1537782,231322395.132,150.43,0.43,360063074,360063000.0,41828491300.27,54322708000.0
2025-02-05,PAYX,149.51,148.14,149.9,147.45,148.62,1662663,248132334.5277,149.24,0.46,360063074,360063000.0,41451433249.18,53832989000.0
2025-02-04,PAYX,148.62,147.27,149.21,146.29,147.67,1588308,235517486.856,148.28,0.44,360063074,360063000.0,41204682024.57,53512559000.0
2025-02-01,PAYX,147.67,147.62,148.97,147.17,148.05,1766384,261386324.8288,147.98,0.49,360063074,360063000.0,40941295885.94,53170500000.0
2025-01-31,PAYX,148.05,147.21,149.87,147.21,146.89,1470597,218439243.0666,148.54,0.41,360063074,360063000.0,41046653113.87,53307309000.0
2025-01-30,PAYX,146.89,148.0,148.55,146.3,147.48,1801312,265445857.6131,147.36,0.5,360063074,360063000.0,40725042003.69,52889641000.0
2025-01-29,PAYX,147.48,148.17,150.41,147.38,148.04,1579366,234120319.8054,148.24,0.44,360063074,360063000.0,40888618658.21,53102059000.0
2025-01-28,PAYX,148.04,145.46,148.58,144.98,146.11,2445540,361448855.568,147.8,0.68,360063074,360063000.0,41043877855.72,53303704000.0
2025-01-25,PAYX,146.11,144.16,146.35,144.16,144.75,1425361,208007648.6749,145.93,0.4,360063074,360063000.0,40508790893.93,52608778000.0
2025-01-24,PAYX,144.75,144.52,145.37,144.09,144.78,1331070,192723229.374,144.79,0.37,360063074,360063000.0,40131730070.36,52119098000.0
2025-01-23,PAYX,144.78,145.62,146.43,144.67,145.66,1653930,240368309.7273,145.33,0.46,360063074,360063000.0,40138661284.53,52128110000.0
2025-01-22,PAYX,145.66,146.36,147.22,145.06,146.29,1483321,216292379.9323,145.82,0.41,360063074,360063000.0,40384029038.79,52446782000.0
2025-01-18,PAYX,146.29,149.46,149.46,146.19,146.84,2108881,310411677.4806,147.19,0.59,360063074,360063000.0,40558692863.5,52673618000.0
2025-01-17,PAYX,146.84,144.27,147.25,143.49,144.27,2259963,329956654.5663,146.0,0.63,360063074,360063000.0,40711179575.34,52871618000.0
2025-01-16,PAYX,144.27,143.0,145.42,142.03,141.71,3777502,545374962.499,144.37,1.05,360063074,360063000.0,39998653530.69,51946290000.0
2025-01-15,PAYX,141.71,140.64,142.3,139.85,140.53,1729317,244492065.2751,141.38,0.48,360063074,360063000.0,39288897199.22,51024528000.0
2025-01-14,PAYX,140.53,138.73,140.97,138.33,139.06,1411389,197918952.445,140.23,0.39,360063074,360063000.0,38961741117.7,50599649000.0
2025-01-11,PAYX,139.06,140.77,141.03,138.72,140.25,1903982,265402924.355,139.39,0.53,360063074,360063000.0,38554185724.24,50070364000.0
2025-01-09,PAYX,140.25,139.95,140.46,138.14,139.26,2079913,291015811.1949,139.92,0.58,360063074,360063000.0,38884111518.95,50498805000.0
2025-01-08,PAYX,139.26,137.17,140.24,137.0,136.06,2250347,313436678.9474,139.28,0.62,360063074,360063000.0,38609635437.63,50142372000.0
2025-01-07,PAYX,136.06,137.53,139.35,135.02,139.67,2628820,359257695.784,136.66,,360063074,,37722440023.3,
2025-01-04,PAYX,139.67,138.89,140.12,138.31,138.5,1225232,171102055.9984,139.65,0.34,360063074,360063000.0,38723307350.1,50289989000.0
2025-01-03,PAYX,138.5,141.39,141.63,138.21,140.22,1559723,216958888.6479,139.1,0.43,360063074,360063000.0,38398926526.73,49868715000.0
2025-01-01,PAYX,140.22,140.46,140.97,139.86,139.96,1227386,172183857.2839,140.29,0.34,360063074,360063000.0,38875796834.42,50488032000.0
2024-12-31,PAYX,139.96,140.66,140.71,138.31,141.27,1576166,220482296.1432,139.89,0.44,360063074,360063000.0,38803712207.01,50394399000.0
2024-12-28,PAYX,141.27,142.1,142.98,140.61,142.64,2031671,287316474.8148,141.42,0.56,360063074,360063000.0,39166907829.75,50866094000.0
2024-12-27,PAYX,142.64,141.07,142.87,140.8,141.39,2346252,334140798.1669,142.41,0.65,360063074,360063000.0,39546735594.03,51359375000.0
2024-12-25,PAYX,141.39,139.35,141.7,139.1,139.34,885732,124771835.6725,140.87,0.25,360063074,360063000.0,39200174885.3,50909305000.0
2024-12-24,PAYX,139.34,139.17,139.59,137.98,139.54,1499341,208572441.8988,139.11,0.42,360063074,360063000.0,38631815322.99,50171165000.0
2024-12-21,PAYX,139.54,136.58,140.11,136.58,137.81,4853449,674729392.0494,139.02,1.35,360063074,360063000.0,38687265036.39,50243172000.0
2024-12-20,PAYX,137.81,140.94,142.68,137.09,135.86,4198227,583511150.9073,138.99,1.17,359898021,359898000.0,38190110630.99,49597520000.0
2024-12-19,PAYX,135.86,139.36,141.7,135.84,140.28,3954326,545411920.6387,137.93,1.1,359898021,359898000.0,37649726523.67,48895711000.0
2024-12-18,PAYX,140.28,140.71,142.29,139.46,141.2,3509464,492795460.5106,140.42,0.98,359898021,359898000.0,38874600677.13,50486477000.0
2024-12-17,PAYX,141.2,141.99,142.25,140.74,140.98,2493753,352562335.3221,141.38,0.69,359898021,359898000.0,39129552435.2,50817594000.0
2024-12-14,PAYX,140.98,141.48,141.87,140.41,141.19,2137280,301607182.944,141.12,0.59,359898021,359898000.0,39068585710.45,50738418000.0
2024-12-13,PAYX,141.19,141.34,142.16,139.56,141.24,1810600,255497387.2,141.11,0.5,359898021,359898000.0,39126783991.66,50813990000.0
2024-12-12,PAYX,141.24,142.42,143.16,140.97,142.39,2178945,308813834.543,141.73,0.61,359898021,359898000.0,39140640065.47,50831973000.0
2024-12-11,PAYX,142.39,140.85,142.69,139.81,140.95,2318662,329542387.2782,142.13,0.64,359898021,359898000.0,39459326991.85,51245875000.0
2024-12-10,PAYX,140.95,142.86,143.19,139.81,142.86,1625522,229069714.3606,140.92,0.45,359898021,359898000.0,39060272066.16,50727606000.0
2024-12-07,PAYX,142.86,142.92,143.92,142.66,142.4,2004798,286729618.1166,143.02,0.56,359898021,359898000.0,39589576856.86,51414997000.0
2024-12-06,PAYX,142.4,144.17,144.51,141.24,143.98,1362786,193980608.2111,142.34,0.38,359898021,359898000.0,39462098206.61,51249477000.0
2024-12-05,PAYX,143.98,145.18,145.24,143.55,144.49,1264924,182205345.118,144.04,0.35,359898021,359898000.0,39899950138.96,51818086000.0
2024-12-04,PAYX,144.49,145.59,145.74,144.0,145.45,1357520,196305944.376,144.61,0.38,359898021,359898000.0,40041284863.02,52001668000.0
2024-12-03,PAYX,145.45,146.37,146.49,144.62,146.27,1195430,173808002.7453,145.39,0.33,359898021,359898000.0,40307318708.93,52347165000.0
2024-11-30,PAYX,146.27,145.49,146.62,145.37,145.71,730616,106780777.7534,146.15,0.2,359898021,359898000.0,40534561090.6,52642282000.0
2024-11-28,PAYX,145.71,146.23,147.42,145.51,146.19,1017870,148661755.8447,146.05,0.28,359898021,359898000.0,40379373063.95,52440719000.0
2024-11-27,PAYX,146.19,146.0,146.32,144.97,145.26,1331695,194233588.5249,145.85,0.37,359898021,359898000.0,40512391372.51,52613489000.0
2024-11-26,PAYX,145.26,145.11,145.87,143.83,144.46,2004644,290762406.24,145.04,0.56,359898021,359898000.0,40254665628.45,52278762000.0
2024-11-23,PAYX,144.46,144.43,145.51,143.7,144.09,1249043,180467990.3454,144.49,0.35,359898021,359898000.0,40032971218.73,51990856000.0
2024-11-22,PAYX,144.09,142.89,144.19,141.7,141.83,1073522,153960993.3526,143.42,0.3,359898021,359898000.0,39930433501.34,51857692000.0
2024-11-21,PAYX,141.83,140.16,142.05,139.7,140.66,1348724,190430792.3492,141.19,0.37,359898021,359898000.0,39304141736.41,51044309000.0
2024-11-20,PAYX,140.66,141.26,141.83,140.37,141.76,1332118,187664667.5954,140.88,0.37,359898021,359898000.0,38979909609.29,50623243000.0
2024-11-19,PAYX,141.76,143.35,143.62,141.61,142.96,1086141,154682889.9905,142.42,0.3,359898021,359898000.0,39284740461.86,51019118000.0
2024-11-16,PAYX,142.96,145.81,145.81,142.73,145.84,1631138,233830646.1934,143.35,0.45,359898021,359898000.0,39617289004.48,51451000000.0
2024-11-15,PAYX,145.84,146.03,146.4,145.32,146.53,1439324,210010901.2456,145.91,0.4,359898021,359898000.0,40415396084.63,52487493000.0
2024-11-14,PAYX,146.53,147.73,148.2,146.21,148.0,1939423,284617113.2305,146.75,0.54,359898021,359898000.0,41133968473.36,52735836000.0
2024-11-13,PAYX,148.0,148.43,149.78,147.94,148.73,1472268,218683636.5563,148.54,0.41,359898021,359898000.0,41546627544.24,53264875000.0
2024-11-12,PAYX,148.73,149.12,150.71,148.6,148.57,1325000,198108713.25,149.52,0.37,359898021,359898000.0,41751553477.4,53527633000.0
2024-11-09,PAYX,148.57,147.38,149.24,146.24,146.56,1984980,294929340.7398,148.58,0.55,359898021,359898000.0,41706641011.58,53470043000.0
2024-11-08,PAYX,146.56,147.36,147.52,145.7,147.61,1536456,225150126.5662,146.54,0.43,359898021,359898000.0,41140986484.77,52744844000.0
2024-11-07,PAYX,147.61,142.39,148.27,141.21,138.84,3444472,505564100.036,145.81,0.96,359898021,359898000.0,41712252613.5,53477250000.0
2024-11-06,PAYX,139.76,140.07,140.4,139.33,139.68,2101347,293742905.3148,139.79,0.58,359898021,359898000.0,39233490983.67,50299329000.0
2024-11-05,PAYX,139.68,140.17,140.44,138.92,139.09,1031088,143950515.3173,139.61,0.29,359898021,359898000.0,39211033347.16,50270536000.0
2024-11-02,PAYX,139.09,139.14,140.14,138.02,139.33,1182361,164586542.9776,139.2,0.33,359898021,359898000.0,39045408277.89,50058196000.0
2024-11-01,PAYX,139.33,141.53,142.01,139.3,141.39,1594200,222907899.06,139.82,0.44,359898021,359898000.0,39112783994.63,50144583000.0
2024-10-31,PAYX,141.39,141.5,142.47,139.93,141.87,1436038,203063240.5976,141.41,0.4,359898021,359898000.0,39691065327.57,50885958000.0
2024-10-30,PAYX,141.87,140.03,142.42,139.27,140.27,2044498,289532831.4138,141.62,0.57,359898021,359898000.0,39825811146.63,51058727000.0
2024-10-29,PAYX,140.27,140.09,140.62,139.35,140.33,1514337,212147725.617,140.09,0.42,359898021,359898000.0,39376661223.63,50482870000.0
2024-10-26,PAYX,140.33,142.35,142.76,140.19,141.68,1237610,174466760.4031,140.97,0.34,359898021,359898000.0,39393504451.01,50504458000.0
2024-10-25,PAYX,141.68,142.0,142.47,140.78,141.43,1171917,166253536.4382,141.86,0.33,359898021,359898000.0,39772474259.92,50990325000.0
2024-10-24,PAYX,141.43,140.47,141.91,140.01,141.34,1062216,150120969.0696,141.33,0.3,359898021,359898000.0,39702294145.82,50900380000.0
2024-10-23,PAYX,141.34,140.47,141.64,139.55,141.09,1305251,184060635.443,141.02,0.36,359898021,359898000.0,39677029304.75,50867977000.0
2024-10-22,PAYX,141.09,141.68,141.91,140.34,141.53,834022,117693264.7366,141.12,0.23,359898021,359898000.0,39606849190.65,50777989000.0
2024-10-19,PAYX,141.53,142.34,142.49,141.18,142.32,1359706,192717399.6247,141.73,0.38,359898021,359898000.0,39730366191.46,50936340000.0
2024-10-18,PAYX,142.32,143.02,143.22,141.42,142.28,1279819,181871878.5425,142.11,0.36,359898021,359898000.0,39952138159.21,51220684000.0
2024-10-17,PAYX,142.28,142.0,142.5,140.82,142.3,1170492,166095506.9316,141.9,0.33,359898021,359898000.0,39940906533.75,51206270000.0
2024-10-16,PAYX,142.3,142.35,144.17,141.79,142.35,1499951,214053972.3418,142.71,0.42,359900000,359900000.0,39946743407.22,51213762000.0
2024-10-15,PAYX,142.35,139.1,142.73,138.58,138.89,1430117,203042577.2154,141.98,0.4,359900000,359900000.0,39960779507.22,51231740000.0
2024-10-12,PAYX,138.89,139.99,140.08,138.77,139.29,1498067,208317152.2391,139.06,0.42,359900000,359900000.0,38989478580.0,49986477000.0
2024-10-11,PAYX,139.29,139.39,139.86,138.64,139.84,892732,124337659.6764,139.28,0.25,359900000,359900000.0,39101767380.0,50130450000.0
2024-10-10,PAYX,139.84,138.23,139.91,137.95,138.16,1159122,161481586.1626,139.31,0.32,359900000,359900000.0,39256164480.0,50328410000.0
2024-10-09,PAYX,138.16,138.0,138.57,137.27,137.44,1079839,149203946.2436,138.17,0.3,359900000,359900000.0,38784554327.22,49723758000.0
2024-10-08,PAYX,137.44,137.88,138.62,136.97,138.65,1148013,157890590.3394,137.53,0.32,359900000,359900000.0,38582434487.22,49464640000.0
2024-10-05,PAYX,138.65,140.62,140.67,138.32,139.36,1776714,246705267.1272,138.85,0.49,359900000,359900000.0,38922105300.0,49900090000.0
2024-10-04,PAYX,139.36,139.96,141.0,138.77,140.76,2884972,402514755.4064,139.52,0.8,359900000,359900000.0,39121420727.22,50155640000.0
2024-10-03,PAYX,140.76,139.38,142.04,138.54,140.79,3208276,452076599.1048,140.91,0.89,359900000,359900000.0,39514428720.0,50659489000.0
2024-10-02,PAYX,140.79,137.69,141.59,132.18,134.19,5187785,723911352.4553,139.54,1.44,359741600,359742000.0,39505455493.92,50647981000.0
2024-10-01,PAYX,134.19,133.04,134.82,132.92,132.99,2813851,377286488.3969,134.08,0.78,359741600,359742000.0,37653508543.1,48273690000.0
2024-09-28,PAYX,132.99,133.43,134.15,132.72,132.99,1670683,222584110.387,133.23,0.46,359741600,359742000.0,37316790405.5,47842016000.0
2024-09-27,PAYX,132.99,133.07,133.69,132.14,132.46,1544848,205165253.4213,132.81,0.43,359741600,359742000.0,37316790405.5,47842020000.0
2024-09-26,PAYX,132.46,134.04,134.26,132.38,133.63,1810190,240477966.9939,132.85,0.5,359741600,359742000.0,37168073228.06,47651348000.0
2024-09-25,PAYX,133.63,134.06,134.06,132.69,134.06,1693432,225915022.3855,133.41,0.47,359741600,359742000.0,37496373412.22,48072250000.0
2024-09-24,PAYX,134.06,133.86,134.92,132.89,133.26,1346293,180676303.6833,134.2,0.37,359741600,359742000.0,37617027938.88,48226918000.0
2024-09-21,PAYX,133.26,133.17,134.46,131.83,133.17,2411813,321178749.5151,133.17,0.67,359741600,359742000.0,37392549180.48,47939133000.0
2024-09-20,PAYX,133.17,134.35,134.35,132.26,132.5,1252596,166655267.3484,133.05,0.35,359741600,359742000.0,37367295320.16,47906774000.0
2024-09-19,PAYX,132.5,134.98,135.46,132.36,134.93,1444723,192876458.3115,133.5,0.4,359741600,359742000.0,37179294360.0,47665720000.0
2024-09-18,PAYX,134.93,135.03,136.41,134.75,135.19,1259713,170463859.2748,135.32,0.35,359741600,359742000.0,37861148588.64,48539891000.0
2024-09-17,PAYX,135.19,135.42,137.4,134.75,135.09,1244345,168550387.7195,135.45,0.35,359741600,359742000.0,37934106991.1,48633450000.0
2024-09-14,PAYX,135.09,134.09,136.4,133.97,134.19,1476827,199952348.1447,135.39,0.41,359741600,359742000.0,37906044340.32,48597481000.0
2024-09-13,PAYX,134.19,133.77,134.47,132.36,132.99,1546722,206697756.6592,133.64,0.43,359741600,359742000.0,37653508543.1,48273690000.0
2024-09-12,PAYX,132.99,133.14,133.59,129.2,134.12,2324708,306821959.2111,131.98,0.65,359741600,359742000.0,37316790405.5,47842016000.0
2024-09-11,PAYX,134.12,132.7,134.27,131.94,132.22,1208173,161309459.7296,133.52,0.34,359741600,359742000.0,37633863845.76,48248504000.0
2024-09-10,PAYX,132.22,130.07,132.32,129.39,129.38,1196163,157682871.6957,131.82,0.33,359741600,359742000.0,37100729600.54,47565004000.0
2024-09-07,PAYX,129.38,130.1,131.09,128.92,130.07,1359690,176167976.5089,129.56,0.38,359741600,359742000.0,36303830008.22,46543336000.0
2024-09-06,PAYX,130.07,132.1,132.3,129.34,132.04,1206582,157106629.056,130.21,0.34,359741600,359742000.0,36497442937.34,46791555000.0
2024-09-05,PAYX,132.04,132.05,133.0,131.08,131.93,988783,130425421.615,131.91,0.27,359741600,359742000.0,37050219073.92,47500247000.0
2024-09-04,PAYX,131.93,131.07,133.12,130.48,131.2,1579142,208355643.298,131.94,0.44,359741600,359742000.0,37019353244.64,47460676000.0
2024-08-31,PAYX,131.2,129.92,131.39,129.2,129.55,1798939,235302138.6589,130.8,0.5,360126880,360127000.0,36853944391.68,47248629000.0
2024-08-30,PAYX,129.55,130.69,131.43,129.04,129.98,1135932,147687403.8276,130.01,0.32,360126880,360127000.0,36390463906.11,46654422000.0
2024-08-29,PAYX,129.98,130.65,132.13,129.56,130.1,1391195,181399599.3959,130.39,0.39,360126880,360127000.0,36511247652.67,46809250000.0
2024-08-28,PAYX,130.1,129.14,130.54,129.14,130.19,2022174,262622972.8584,129.87,0.56,360126880,360127000.0,36544958337.63,46852504000.0
2024-08-27,PAYX,130.19,130.87,131.49,130.11,130.0,1817575,237603237.0808,130.73,0.5,360126880,360127000.0,36570239244.61,46884903000.0
2024-08-24,PAYX,130.0,128.39,130.15,127.76,127.89,2120698,274989234.3086,129.67,0.59,360126880,360127000.0,36516865632.0,46816458000.0
2024-08-23,PAYX,127.89,127.58,127.93,126.78,127.03,1391044,177464663.9704,127.58,0.39,360126880,360127000.0,35924168812.9,46056610000.0
2024-08-22,PAYX,127.03,126.0,127.1,125.45,125.25,1616316,204976362.3352,126.82,0.45,360126880,360127000.0,35682595701.79,45746911000.0
2024-08-21,PAYX,125.25,125.09,125.73,124.64,125.21,975020,121897780.416,125.02,0.27,360126880,360127000.0,35182595541.6,45105887000.0
2024-08-20,PAYX,125.21,125.2,126.21,124.69,125.2,1559773,195151326.4473,125.12,0.43,360126880,360127000.0,35171362391.93,45091469000.0
2024-08-17,PAYX,125.2,125.76,125.76,124.9,125.82,1171508,146799687.6315,125.31,0.33,360126880,360127000.0,35168550593.28,45087864000.0
2024-08-16,PAYX,125.82,125.29,126.29,125.29,125.1,1219582,153448917.0596,125.82,0.34,360126880,360127000.0,35342710761.44,45311137000.0
2024-08-15,PAYX,125.1,125.36,125.65,124.48,125.41,1050087,131398341.8892,125.13,0.29,360126880,360127000.0,35140463505.63,45051860000.0
2024-08-14,PAYX,125.41,123.68,125.75,123.35,123.75,1280135,160008554.1225,124.99,0.36,360126880,360127000.0,35227542185.21,45163477000.0
2024-08-13,PAYX,123.75,124.4,124.68,123.13,124.46,1746127,215902160.3414,123.65,0.48,360126880,360127000.0,35206904106.0,44565665000.0
2024-08-10,PAYX,124.46,124.17,124.72,123.0,124.37,1188042,147543779.4898,124.19,0.33,360126880,360127000.0,35408902117.99,44821379000.0
2024-08-09,PAYX,124.37,122.66,124.95,122.07,122.24,2002133,248790452.3391,124.26,0.56,360126880,360127000.0,35383294251.82,44788938000.0
2024-08-08,PAYX,122.24,124.02,126.18,122.1,124.22,1874633,233710121.1834,123.68,0.52,360126880,360127000.0,35056121826.35,44374793000.0
2024-08-07,PAYX,125.22,124.7,126.82,124.07,124.7,1547497,194525479.6401,125.7,0.43,360126880,360127000.0,35625122296.75,45095070000.0
2024-08-06,PAYX,124.7,127.81,128.0,124.29,127.28,2244432,281197725.5419,125.29,0.62,360126880,360127000.0,35477179329.44,44907805000.0
2024-08-03,PAYX,127.28,126.42,127.52,124.65,126.49,2415604,305015684.0716,126.27,0.67,360126880,360127000.0,36211189936.26,45836942000.0
2024-08-02,PAYX,126.49,127.4,128.68,125.61,128.02,2033595,257366109.4699,126.56,0.56,360126880,360127000.0,35986437595.45,45552434000.0
2024-08-01,PAYX,128.02,128.96,129.92,127.93,127.92,2494383,320586085.1856,128.52,0.69,360126880,360127000.0,36421722955.31,46103430000.0
2024-07-31,PAYX,127.92,127.18,128.42,127.07,126.77,1657882,212020229.0284,127.89,0.46,360126880,360127000.0,36393270086.78,46067420000.0
2024-07-30,PAYX,126.77,126.01,127.11,125.24,125.75,956122,120903070.6442,126.45,0.27,360126880,360127000.0,36066097661.31,45653278000.0
2024-07-27,PAYX,125.75,124.45,126.19,124.26,123.98,1339337,168038858.6288,125.46,0.37,360126880,360127000.0,35775904576.4,45285950000.0
2024-07-26,PAYX,123.98,124.1,127.4,123.77,123.24,1829046,228585042.1405,124.98,0.51,360126880,360127000.0,35272339160.1,44648489000.0
2024-07-25,PAYX,123.24,124.0,124.09,122.68,123.71,2784257,343497990.3181,123.37,0.77,360126880,360127000.0,35061811831.05,44382000000.0
2024-07-24,PAYX,123.71,122.38,124.23,122.13,122.98,1809353,223195091.4739,123.36,0.5,360126880,360127000.0,35195526941.59,44551290000.0
2024-07-23,PAYX,122.98,123.07,123.64,121.33,122.68,1586026,194503408.7282,122.64,0.44,360126880,360127000.0,34987838924.9,44288370000.0
2024-07-20,PAYX,122.68,124.48,124.89,122.31,124.24,1822258,223982477.6184,122.91,0.51,360126880,360127000.0,34902488854.34,44180356000.0
2024-07-19,PAYX,124.24,125.55,128.18,123.8,126.81,2757358,346524376.5644,125.67,0.77,360126880,360127000.0,35346312066.25,44742160000.0
2024-07-18,PAYX,126.81,124.58,126.92,124.57,124.28,3488813,440321693.2048,126.21,0.97,360126880,360127000.0,36077474825.71,45667650000.0
2024-07-17,PAYX,124.28,121.54,124.31,121.49,121.63,1791507,221352155.4948,123.56,0.5,360126880,360127000.0,35357689230.66,44756540000.0
2024-07-16,PAYX,121.63,118.58,121.86,118.58,118.3,1979812,239448778.1005,120.95,0.55,360126880,360127000.0,34603766452.38,43802210000.0
2024-07-13,PAYX,118.3,117.82,118.85,117.43,117.06,1453515,172027003.2212,118.35,0.4,360126880,360127000.0,33656380669.16,42603010000.0
2024-07-12,PAYX,117.06,116.84,118.52,116.57,116.97,1609294,188871410.7926,117.36,0.45,360126880,360127000.0,33303597532.51,42156450000.0
2024-07-11,PAYX,116.97,117.08,117.08,115.4,117.02,2368121,276111541.6192,116.6,0.66,360126880,360127000.0,33277995356.35,42124040000.0
2024-07-10,PAYX,117.02,116.01,117.22,115.8,116.17,1802171,210303461.7812,116.69,0.5,360126880,360127000.0,33292220368.11,42142040000.0
2024-07-09,PAYX,116.17,117.48,118.0,115.77,117.54,1601599,186392345.8771,116.38,0.44,360126880,360127000.0,33050392323.18,41835930000.0
2024-07-06,PAYX,117.54,117.73,117.73,116.33,117.43,1585817,185764030.6153,117.14,0.44,360126880,360127000.0,33440157645.41,42329310000.0
2024-07-04,PAYX,117.43,118.2,118.38,117.38,118.38,1072413,126354069.6927,117.82,0.3,360126880,360127000.0,33408862619.54,42289690000.0
2024-07-03,PAYX,118.38,116.77,118.43,116.23,117.0,1717752,201994082.1367,117.59,0.48,360126880,360127000.0,33679140687.98,42631820000.0
2024-07-02,PAYX,117.0,118.97,120.14,116.36,118.56,1727812,202479005.4372,117.19,0.48,360126880,360127000.0,33286527518.4,42134840000.0
2024-06-29,PAYX,118.56,117.57,119.83,117.52,117.84,6556910,778053497.2251,118.66,1.82,360100000,360100000.0,33727830240.0,42693450000.0
2024-06-28,PAYX,117.84,117.21,118.19,115.54,117.39,2610010,306744296.261,117.53,0.72,360100000,360100000.0,33523005360.0,42434180000.0
2024-06-27,PAYX,117.39,125.0,125.0,117.31,125.03,5176211,615380625.5714,118.89,1.44,360100000,360100000.0,33394989810.0,42272140000.0
2024-06-26,PAYX,125.03,126.13,126.48,124.77,126.08,2510507,314666219.333,125.34,0.7,360100000,360100000.0,35568409370.0,45023270000.0
2024-06-25,PAYX,126.08,126.22,127.75,125.59,125.96,1735946,219417324.9944,126.4,0.48,360100000,360100000.0,35867115164.79,45401370000.0
2024-06-22,PAYX,125.96,125.61,126.19,125.16,125.08,2889819,363464383.8879,125.77,0.8,360100000,360100000.0,35832977684.79,45358160000.0
2024-06-21,PAYX,125.08,125.29,126.2,124.84,125.46,2256781,282709460.8969,125.27,0.63,360100000,360100000.0,35582636164.79,45041290000.0
2024-06-19,PAYX,125.46,124.93,125.56,124.03,124.71,1181740,147873607.854,125.13,0.33,360100000,360100000.0,35690738184.79,45178140000.0
2024-06-18,PAYX,124.71,121.52,124.89,120.8,121.99,1477961,183413777.7312,124.1,0.41,360100000,360100000.0,35477378934.79,44908050000.0
2024-06-15,PAYX,121.99,122.6,122.85,121.46,122.67,1144904,139646356.6274,121.97,0.32,360100000,360100000.0,34703596054.79,43928570000.0
2024-06-14,PAYX,122.67,122.12,122.85,121.25,122.82,1528158,186807856.202,122.24,0.42,360100000,360100000.0,34897038930.0,44173430000.0
2024-06-13,PAYX,122.82,124.25,124.51,122.69,123.93,1889291,233061615.2563,123.36,0.52,360100000,360100000.0,34939713624.79,44227460000.0
2024-06-12,PAYX,123.93,121.81,124.13,121.62,121.94,2435615,300482309.673,123.37,0.68,360100000,360100000.0,35255482470.0,44627190000.0
2024-06-11,PAYX,121.94,122.12,122.48,120.75,122.58,2717781,330611535.9756,121.65,0.75,360100000,360100000.0,34689372104.79,43910590000.0
2024-06-08,PAYX,122.58,121.3,124.16,121.3,121.83,1975870,243090693.339,123.03,0.55,360100000,360100000.0,34871438664.79,44141040000.0
2024-06-07,PAYX,121.83,121.86,122.81,121.49,121.64,1177266,143536391.151,121.92,0.33,360100000,360100000.0,34658079414.79,43870940000.0
2024-06-06,PAYX,121.64,121.71,121.99,120.1,121.57,1166421,141565495.7396,121.37,0.32,360100000,360100000.0,34604025560.0,43802540000.0
2024-06-05,PAYX,121.57,119.77,122.26,119.31,120.15,1265986,153817058.4627,121.5,0.35,360100000,360100000.0,34584114874.79,43777350000.0
2024-06-04,PAYX,120.15,120.14,120.3,118.72,120.16,1978381,236923390.7122,119.76,0.55,360100000,360100000.0,34180151850.0,43266000000.0
2024-06-01,PAYX,120.16,118.41,120.61,118.25,118.41,4177945,501423171.6815,120.02,1.16,360100000,360100000.0,34182999484.79,43269610000.0
2024-05-31,PAYX,118.41,119.0,119.43,118.13,118.75,1429185,169510644.9943,118.61,0.4,359963200,359963000.0,33672364428.19,42623240000.0
2024-05-30,PAYX,118.75,119.31,120.64,118.69,120.27,1327689,158366889.9658,119.28,0.37,359963200,359963000.0,33769047700.0,42745630000.0
2024-05-29,PAYX,120.27,123.79,123.89,119.48,124.23,2484813,300084678.8256,120.77,0.69,359963200,359963000.0,34201294354.27,43292750000.0
2024-05-25,PAYX,124.23,125.88,126.85,124.01,125.66,1354383,168835488.6438,124.66,0.38,359963200,359963000.0,35327400385.44,44718200000.0
2024-05-24,PAYX,125.66,126.7,126.7,125.5,126.98,2120647,266923081.0489,125.87,0.59,359963200,359963000.0,35734053656.19,45232950000.0
2024-05-23,PAYX,126.98,125.75,127.48,125.2,125.9,1736701,220161255.7968,126.77,0.48,359963200,359963000.0,36109420437.44,45708120000.0
2024-05-22,PAYX,125.9,126.03,126.03,124.77,125.57,943837,118518744.6944,125.57,0.26,359963200,359963000.0,35802299835.2,45319330000.0
2024-05-21,PAYX,125.57,125.8,125.81,124.85,125.65,896492,112500870.7292,125.49,0.25,359963200,359963000.0,35708460272.67,45200550000.0
2024-05-18,PAYX,125.65,125.1,125.83,124.14,125.19,2414681,302667465.5407,125.34,0.67,359963200,359963000.0,35731207103.2,45229340000.0
2024-05-17,PAYX,125.19,124.37,125.63,123.56,124.37,1455277,181994191.1465,125.06,0.4,359963200,359963000.0,35600399320.03,45063780000.0
2024-05-16,PAYX,124.37,124.31,125.29,124.05,123.71,1266445,157699251.134,124.52,0.35,359963200,359963000.0,35367212315.36,44768580000.0
2024-05-15,PAYX,123.71,125.0,126.21,123.07,124.77,2451352,305470351.2895,124.61,0.68,359963200,359963000.0,35179530346.59,44531020000.0
2024-05-14,PAYX,124.77,122.97,124.88,122.94,122.55,1685939,209753065.9948,124.41,0.47,359963200,359963000.0,35480963530.27,44912600000.0
2024-05-11,PAYX,122.55,121.79,122.62,121.32,121.3,1063041,130048300.7105,122.34,0.3,359963200,359963000.0,34849660070.11,44113469000.0
2024-05-10,PAYX,121.3,120.45,121.38,120.09,120.21,1460031,176669153.1147,121.0,0.41,359963200,359963000.0,34494196410.11,43663520000.0
2024-05-09,PAYX,120.21,121.0,121.11,119.27,120.81,875661,105922502.7335,119.98,0.24,359963200,359963000.0,34462915608.03,43623910000.0
2024-05-08,PAYX,120.81,119.96,121.03,119.66,119.65,1070114,130187500.9664,120.67,0.3,359963200,359963000.0,34633535321.12,43839890000.0
2024-05-07,PAYX,119.65,119.34,119.72,118.66,119.13,837898,100796448.1264,119.32,0.23,359963200,359963000.0,34303667888.35,43422350000.0
2024-05-04,PAYX,119.13,118.31,119.24,117.91,117.49,1540545,184465012.3545,118.77,0.43,359963200,359963000.0,34152951296.51,43231560000.0
2024-05-03,PAYX,117.49,118.57,118.64,116.2,118.44,1478927,174944345.3278,117.33,0.41,359963200,359963000.0,33683736421.6,42637640000.0
2024-05-02,PAYX,118.44,117.91,121.12,117.91,117.85,1470964,176974488.3812,119.34,0.41,359963200,359963000.0,33956735356.19,42983180000.0
2024-05-01,PAYX,117.85,119.38,119.5,117.74,119.83,1687596,200952687.5748,118.11,0.47,359963200,359963000.0,33786109955.68,42767230000.0
2024-04-30,PAYX,119.83,119.31,120.05,119.12,119.0,1925934,232088721.1314,119.53,0.54,359963200,359963000.0,34354851811.68,43487150000.0
2024-04-27,PAYX,119.0,120.25,121.2,118.88,120.98,2400533,289308900.4191,119.54,0.67,359963200,359963000.0,34115983075.87,43184780000.0
2024-04-26,PAYX,120.98,122.41,122.96,120.29,121.53,1204346,147118451.2798,121.17,0.33,359963200,359963000.0,34684724931.87,43904700000.0
2024-04-25,PAYX,121.53,119.82,121.69,119.45,120.64,1806757,220164723.0191,120.87,0.5,359963200,359963000.0,34841128942.27,44102650000.0
2024-04-24,PAYX,120.64,120.25,121.1,119.73,120.25,1223741,148914717.1821,120.7,0.34,359963200,359963000.0,34585192263.36,43778700000.0
2024-04-23,PAYX,120.25,119.03,121.03,118.87,118.55,1911994,231545532.5904,120.12,0.53,359963200,359963000.0,34474287601.44,43638330000.0
2024-04-20,PAYX,118.55,116.84,118.88,116.84,116.84,2643302,315432100.2452,118.37,0.73,359963200,359963000.0,33988016158.27,43022790000.0
2024-04-19,PAYX,116.84,118.81,118.81,116.79,118.18,2297830,272222081.836,117.51,0.64,359963200,359963000.0,33496051609.12,42400060000.0
2024-04-18,PAYX,118.18,120.51,120.51,118.11,120.16,2281310,272901024.357,118.66,0.63,359963200,359963000.0,33879952361.92,42886010000.0
2024-04-17,PAYX,120.16,121.5,121.76,120.02,121.46,2000690,243109463.8389,120.53,0.56,359963200,359963000.0,34448694217.92,43605930000.0
2024-04-16,PAYX,121.46,123.17,123.67,121.26,122.01,2138066,262799334.7377,121.92,0.59,359963200,359963000.0,34821220133.6,44077460000.0
2024-04-13,PAYX,122.01,122.67,123.1,121.26,123.24,2004438,246392534.493,121.93,0.56,359963200,359963000.0,34977624144.0,44275460000.0
2024-04-12,PAYX,123.24,123.77,124.84,121.84,123.51,1712424,212314564.2794,122.98,0.48,359963200,359963000.0,35330246938.43,44721800000.0
2024-04-11,PAYX,123.51,124.98,125.18,122.41,125.57,1914199,237921536.307,123.29,0.53,359963200,359963000.0,35409870798.27,44822610000.0
2024-04-10,PAYX,125.57,123.8,125.69,123.32,122.85,2227800,280541952.84,124.91,0.62,359963200,359963000.0,35998515775.52,45567710000.0
2024-04-09,PAYX,122.85,120.72,123.11,120.59,121.39,2647248,326450708.0885,122.32,0.74,359963200,359963000.0,35219342276.51,44581430000.0
2024-04-06,PAYX,121.39,119.04,121.41,118.9,119.02,2056089,250756502.262,120.97,0.57,359963200,359963000.0,34801317012.35,44052270000.0
2024-04-05,PAYX,119.02,120.31,120.83,118.42,119.29,2029119,244093275.9288,119.32,0.56,359963200,359963000.0,34121670494.43,43191950000.0
2024-04-04,PAYX,119.29,121.03,121.06,118.27,121.09,2484970,299301217.662,119.47,0.69,359963200,359963000.0,34198447801.28,43289150000.0
2024-04-03,PAYX,121.09,115.63,121.59,113.79,120.64,5003852,603040774.9741,119.54,1.39,359963200,359963000.0,34716005733.95,43944300000.0
2024-04-02,PAYX,120.64,122.01,122.09,120.27,121.81,2815168,342822150.5024,120.79,0.78,359963200,359963000.0,34585192263.36,43778700000.0
2024-03-29,PAYX,121.81,121.01,121.98,120.86,120.55,1618308,198370430.6843,121.59,0.45,359963200,359963000.0,34920752802.11,44203460000.0
2024-03-28,PAYX,120.55,119.73,120.84,119.17,118.61,1526433,185119535.8647,120.3,0.42,359963200,359963000.0,34559598879.84,43746300000.0
2024-03-27,PAYX,118.61,117.62,118.83,117.44,118.0,1723292,205838974.8313,118.48,0.48,359963200,359963000.0,34005078413.95,43044370000.0
2024-03-26,PAYX,118.0,119.6,119.78,117.45,119.86,1892854,225868040.3303,118.36,0.53,359963200,359963000.0,33828768438.59,42821220000.0
2024-03-23,PAYX,119.86,121.85,121.85,119.71,121.34,1426408,172854845.8793,120.2,0.4,359963200,359963000.0,34363382939.52,43497920000.0
2024-03-22,PAYX,121.34,122.34,122.68,121.31,122.01,2191106,268892112.0099,121.73,0.61,359963200,359963000.0,34787098465.95,44034290000.0
2024-03-21,PAYX,122.01,120.55,122.54,119.98,120.06,1500089,183905961.1063,121.61,0.42,359963200,359963000.0,34977624144.0,44275460000.0
2024-03-20,PAYX,120.06,119.47,120.18,119.05,119.57,1111373,134307659.9669,119.87,0.31,359963200,359963000.0,34420257125.12,43569930000.0
2024-03-19,PAYX,119.57,120.1,120.62,119.51,119.31,1214870,146876446.643,119.92,0.34,359963200,359963000.0,34278071661.12,43389950000.0
2024-03-16,PAYX,119.31,120.35,120.91,118.82,120.59,5841067,703364349.0457,119.44,1.62,359963200,359963000.0,34204135219.84,43296360000.0
2024-03-15,PAYX,120.59,121.22,121.53,119.94,121.14,1674357,203427359.9442,120.51,0.47,359963200,359963000.0,34570976560.67,43760720000.0
2024-03-14,PAYX,121.14,121.66,122.34,120.97,121.66,1637657,200814250.5453,121.63,0.45,359963200,359963000.0,34730224280.35,43962290000.0
2024-03-13,PAYX,121.66,120.18,121.95,120.0,120.66,1551829,190001457.9742,121.45,0.43,359963200,359963000.0,34878094319.2,44149470000.0
2024-03-12,PAYX,120.66,120.26,120.8,118.87,119.84,1280410,155099392.366,120.15,0.36,359963200,359963000.0,34590879681.92,43785910000.0
2024-03-09,PAYX,119.84,119.86,120.9,119.28,120.15,1344903,162667914.1632,119.97,0.37,359963200,359963000.0,34357698364.67,43490750000.0
2024-03-08,PAYX,120.15,120.55,121.07,119.15,119.75,2036052,246376157.5141,120.03,0.57,359963200,359963000.0,34445853352.35,43602330000.0
2024-03-07,PAYX,119.75,119.15,120.4,118.64,119.26,1800107,217330716.3358,119.76,0.5,359963200,359963000.0,34332102137.44,43458350000.0
2024-03-06,PAYX,119.26,121.39,121.51,118.7,121.35,1691309,203747259.5648,119.49,0.47,359963200,359963000.0,34189916673.44,43278340000.0
2024-03-05,PAYX,121.35,121.96,123.35,121.31,121.24,2728554,335811326.442,122.08,0.76,359963200,359963000.0,34789939331.52,44037860000.0
2024-03-02,PAYX,121.24,121.12,121.66,120.4,121.63,1017723,124396190.6949,121.24,0.28,359963200,359963000.0,34758658529.44,43998290000.0
2024-03-01,PAYX,121.63,122.14,122.14,121.17,121.42,1954942,239818404.4718,121.68,0.54,359963200,359963000.0,34869563191.36,44138660000.0
2024-02-29,PAYX,121.42,121.91,122.41,121.31,121.91,898500,110287918.935,121.75,0.25,359821760,359822000.0,34796170339.46,44045760000.0
2024-02-28,PAYX,121.91,122.06,122.75,121.31,122.37,1052096,129131738.0096,121.75,0.29,359821760,359822000.0,34935454500.16,44222050000.0
2024-02-27,PAYX,122.37,123.61,123.82,122.28,123.63,1192525,147624470.4628,122.79,0.33,359821760,359822000.0,35069056319.65,44391180000.0
2024-02-24,PAYX,123.63,123.99,124.25,123.57,123.7,1077026,134483831.5837,123.86,0.3,359821760,359822000.0,35430065491.46,44848170000.0
2024-02-23,PAYX,123.7,122.78,124.0,122.24,122.43,1467190,182527385.859,123.4,0.41,359821760,359822000.0,35449966477.38,44873360000.0
2024-02-22,PAYX,122.43,123.7,123.84,121.78,123.48,1100755,136004554.5535,122.56,0.31,359821760,359822000.0,35086111871.07,44412760000.0
2024-02-21,PAYX,123.48,122.38,123.5,122.27,122.38,1415525,175814574.8625,123.2,0.39,359821760,359822000.0,35387429455.49,44794180000.0
2024-02-17,PAYX,122.38,121.66,122.82,121.02,121.8,1100291,135604594.0913,122.25,0.31,359821760,359822000.0,35071901754.14,44394782000.0
2024-02-16,PAYX,121.8,121.61,122.2,121.42,121.23,1435401,176237974.9736,121.79,0.4,359821760,359822000.0,34904185989.22,44182480000.0
2024-02-15,PAYX,121.23,120.82,121.79,120.29,120.41,1792141,218637080.0757,121.01,0.5,359821760,359822000.0,34742161093.28,43977400000.0
2024-02-14,PAYX,120.41,120.67,120.85,119.38,121.11,1932748,234206537.144,120.2,0.54,359821760,359822000.0,34506223122.66,43678760000.0
2024-02-13,PAYX,121.11,121.13,121.55,120.58,121.15,2257088,275311017.3056,120.99,0.63,359821760,359822000.0,34708049990.43,43934230000.0
2024-02-10,PAYX,121.15,121.13,121.37,119.98,120.88,1714784,210428363.8806,120.84,0.48,359821760,359822000.0,34972408194.91,44268830000.0
2024-02-09,PAYX,120.88,120.14,120.94,119.25,120.24,1084544,132562837.0304,120.36,0.3,359821760,359822000.0,34892815621.6,44168110000.0
2024-02-08,PAYX,120.24,121.07,121.31,119.79,120.33,1411125,172157532.225,120.14,0.39,359821760,359822000.0,34708049990.43,43934230000.0
2024-02-07,PAYX,120.33,118.51,120.74,118.13,118.06,2238545,273012299.022,120.1,0.62,359821760,359822000.0,34733633317.57,43966590000.0
2024-02-06,PAYX,118.06,119.47,119.48,117.6,119.91,1663622,199366131.4092,118.01,0.46,359821760,359822000.0,34079834337.06,43138990000.0
2024-02-03,PAYX,119.91,119.34,120.23,118.36,119.25,1946192,236214402.6011,119.52,0.54,359821760,359822000.0,34614244457.6,43815485000.0
2024-02-02,PAYX,119.25,119.92,120.15,117.41,119.87,2086813,251368958.9148,118.62,0.58,359821760,359822000.0,34423790800.03,43574390000.0
2024-02-01,PAYX,119.87,121.16,121.93,119.62,120.55,2351279,287700405.8017,120.49,0.65,359821760,359822000.0,34602871247.39,43801070000.0
2024-01-31,PAYX,120.55,118.55,120.67,118.4,119.51,1445652,176352629.8716,120.13,0.4,359821760,359822000.0,34799010088.77,44049360000.0
2024-01-30,PAYX,119.51,118.73,119.68,118.62,119.09,1490248,180297505.2552,119.14,0.41,359821760,359822000.0,34497698189.54,43667950000.0
2024-01-27,PAYX,119.09,119.4,119.57,118.51,119.16,1166743,141122127.8151,119.11,0.32,359821760,359822000.0,34378309329.57,43516800000.0
2024-01-26,PAYX,119.16,119.98,121.32,118.65,120.03,1563786,189558854.9694,119.37,0.43,359821760,359822000.0,34398204630.3,43541990000.0
2024-01-25,PAYX,120.03,121.66,122.49,119.65,120.95,2591301,317593219.2513,120.69,0.72,359821760,359822000.0,34648352717.86,43858660000.0
2024-01-24,PAYX,120.95,120.77,121.62,120.64,120.92,2017714,248179225.5428,121.12,0.56,359821760,359822000.0,34912716607.52,44193300000.0
2024-01-23,PAYX,120.92,120.13,121.21,119.94,120.23,1151221,141252168.8917,120.83,0.32,359821760,359822000.0,34904185989.22,44182480000.0
2024-01-20,PAYX,120.23,119.18,120.88,117.96,118.53,2256426,275171150.7,120.09,0.63,359821760,359822000.0,34705204555.94,43930620000.0
2024-01-19,PAYX,118.53,118.37,118.67,117.09,118.28,1884780,225996826.4838,118.08,0.52,359821760,359822000.0,34216278748.45,43311710000.0
2024-01-18,PAYX,118.28,117.54,118.53,117.54,117.98,1385093,166247449.4366,118.19,0.38,359821760,359822000.0,34142374201.54,43218160000.0
2024-01-17,PAYX,117.98,117.54,118.02,116.83,117.89,1967390,235126930.0929,117.69,0.55,359821760,359822000.0,34057093601.82,43110230000.0
2024-01-13,PAYX,117.89,118.15,118.53,116.98,117.32,1033813,123549130.7666,117.68,0.29,359821760,359822000.0,34031513117.28,43077840000.0
2024-01-12,PAYX,117.32,117.15,117.41,115.98,117.08,1711695,203098089.174,116.84,0.48,359821760,359822000.0,33866639944.26,42869160000.0
2024-01-11,PAYX,117.08,116.89,117.44,116.36,116.86,1011399,120084930.4825,116.92,0.28,359821760,359822000.0,33795575146.66,42779210000.0
2024-01-10,PAYX,116.86,116.74,117.04,115.71,117.65,1252788,148518769.0728,116.74,0.35,359821760,359822000.0,33733038124.77,42700050000.0
2024-01-09,PAYX,117.65,116.16,117.76,115.65,116.18,2047509,243652362.9697,117.18,0.57,359821760,359822000.0,33960448319.68,42987890000.0
2024-01-06,PAYX,116.18,115.7,116.84,115.64,116.05,1299376,153364699.592,116.23,0.36,359821760,359822000.0,33536899283.39,42451766000.0
2024-01-05,PAYX,116.05,115.63,116.65,115.36,115.06,1525395,179953136.2425,116.17,0.42,359821760,359822000.0,33499948431.23,42404990000.0
2024-01-04,PAYX,115.06,116.65,116.88,114.99,116.07,1594965,186810594.618,115.34,0.44,359821760,359822000.0,33212843806.34,42041570000.0
2024-01-03,PAYX,116.07,117.03,117.27,115.53,117.29,1982081,233648124.517,116.08,0.55,359821760,359822000.0,33505630772.45,42412190000.0
2023-12-30,PAYX,117.29,117.31,117.73,116.52,117.68,1241833,147708596.7703,117.13,0.35,359821760,359822000.0,33858115011.14,42858370000.0
2023-12-29,PAYX,117.68,117.54,118.24,117.24,117.25,2203009,263451898.1857,117.76,0.61,359821760,359822000.0,33968973252.8,42998660000.0
2023-12-28,PAYX,117.25,118.28,118.28,117.09,118.35,1394919,166293455.1903,117.39,0.39,359821760,359822000.0,33846744643.52,42843980000.0
2023-12-27,PAYX,118.35,117.5,118.75,117.3,118.03,1388325,166508217.4283,118.1,0.39,359821760,359822000.0,34162269502.27,43243360000.0
2023-12-23,PAYX,118.03,116.89,119.25,116.77,117.09,2654401,318858062.0443,118.29,0.74,359821760,359822000.0,34071309403.94,43128210000.0
2023-12-22,PAYX,117.09,120.38,120.38,116.78,125.91,5819957,698445473.6259,118.18,1.62,359821760,359822000.0,33798417738.56,42782800000.0
2023-12-21,PAYX,125.91,126.27,127.68,125.83,126.82,2761536,355103180.3194,126.63,0.77,359821760,359822000.0,36345382927.14,46006800000.0
2023-12-20,PAYX,126.82,125.95,127.4,125.08,125.79,2755408,355080639.2085,126.9,0.77,359821760,359822000.0,36609741131.62,46341410000.0
2023-12-19,PAYX,125.79,125.88,126.05,124.87,124.9,1751129,223601837.1229,125.74,0.49,359821760,359822000.0,36311271824.29,45963630000.0
2023-12-16,PAYX,124.9,124.61,125.89,124.4,124.89,3827355,485700917.8875,124.97,1.06,359821760,359822000.0,36055435710.34,45639760000.0
2023-12-15,PAYX,124.89,126.75,126.89,124.61,126.16,3489724,444193009.064,125.34,0.97,359821760,359822000.0,36052595961.02,45636160000.0
2023-12-14,PAYX,126.16,124.95,126.23,123.81,124.63,2907720,370595310.984,125.51,0.81,359821760,359822000.0,36419287474.05,46100360000.0
2023-12-13,PAYX,124.63,123.83,124.73,122.71,123.29,1406478,177439576.7064,124.23,0.39,359821760,359822000.0,35975843137.02,45539000000.0
2023-12-12,PAYX,123.29,122.89,124.21,122.82,122.13,2264853,284104315.395,123.53,0.63,359821760,359822000.0,35589250638.08,45049650000.0
2023-12-09,PAYX,122.13,122.54,123.25,121.95,122.92,1707821,212129146.6166,122.31,0.47,359821760,359822000.0,35253827636.0,44625060000.0
2023-12-08,PAYX,122.92,122.94,123.43,121.66,122.52,1753254,218815584.3041,122.9,0.49,359821760,359822000.0,35484077580.22,44916530000.0
2023-12-07,PAYX,122.52,121.75,122.66,121.12,121.16,1841554,228566887.1457,122.22,0.51,359821760,359822000.0,35367528469.57,44768990000.0
2023-12-06,PAYX,121.16,122.12,122.37,120.66,122.28,1731985,213552209.0333,121.42,0.48,359821760,359822000.0,34975250786.82,44272430000.0
2023-12-05,PAYX,122.28,120.63,122.5,120.61,122.03,1610639,199486192.6431,121.97,0.45,359821760,359822000.0,35299306263.87,44682650000.0
2023-12-02,PAYX,122.03,120.1,122.25,119.78,120.11,1625865,200664762.3182,121.54,0.45,359821760,359822000.0,35225398874.37,44589090000.0
2023-12-01,PAYX,120.11,119.73,120.31,118.98,119.3,2678400,326111029.344,119.9,0.74,359821760,359822000.0,36865469478.95,43887450000.0
2023-11-30,PAYX,119.3,118.17,120.05,117.84,117.76,1991063,241504811.8578,119.44,0.55,361232320,361232000.0,36761168277.12,43763260000.0
2023-11-29,PAYX,117.76,117.32,117.86,116.79,117.13,1903100,226971337.431,117.44,0.53,361232320,361232000.0,36284778127.86,43196130000.0
2023-11-28,PAYX,117.13,116.39,117.28,115.94,116.69,1659805,197110491.334,116.94,0.46,361232320,361232000.0,36093610949.76,42968550000.0
2023-11-25,PAYX,116.69,117.49,117.49,116.43,117.13,548152,65037412.572,116.84,0.15,361232320,361232000.0,35957065132.8,42806028000.0
2023-11-23,PAYX,117.13,117.53,118.06,116.45,116.55,2495315,296912566.1732,117.17,0.69,361232320,361232000.0,36093610949.76,42968550000.0
2023-11-22,PAYX,116.55,116.99,117.24,116.33,116.96,1861908,220492377.3215,116.62,0.52,361232320,361232000.0,35914587246.32,42755450000.0
2023-11-21,PAYX,116.96,115.28,117.21,115.28,115.73,1502327,177950332.6846,116.64,0.42,361232320,361232000.0,36038995657.33,42903560000.0
2023-11-18,PAYX,115.73,115.4,115.88,114.78,114.71,1275488,149564756.0253,115.47,0.35,361232320,361232000.0,35659701721.33,42452020000.0
2023-11-17,PAYX,114.71,116.5,117.07,113.67,115.35,1316387,153257210.3101,114.65,0.36,361232320,361232000.0,35347163518.06,42079950000.0
2023-11-16,PAYX,115.35,114.91,116.08,114.82,114.49,2240507,262750977.411,115.48,0.62,361232320,361232000.0,35544393330.43,42314750000.0
2023-11-15,PAYX,114.49,114.53,115.15,113.57,112.73,1737825,201739759.6875,114.32,0.48,361232320,361232000.0,35277370399.49,41996860000.0
2023-11-14,PAYX,112.73,112.42,113.12,112.13,112.79,1275371,145927694.7458,112.67,0.35,361232320,361232000.0,34737255834.62,41353870000.0
2023-11-11,PAYX,112.79,112.27,113.18,111.64,111.41,1537186,177117045.7895,112.59,0.43,361232320,361232000.0,35025519225.98,41697040000.0
2023-11-10,PAYX,111.41,112.03,112.52,111.1,111.44,1896977,216542580.3178,111.54,0.53,361232320,361232000.0,34597678700.53,41187710000.0
2023-11-09,PAYX,111.44,110.48,111.81,109.77,109.96,1502710,171066718.1751,111.24,0.42,361232320,361232000.0,34606781754.99,41198540000.0
2023-11-08,PAYX,109.96,109.07,110.1,108.29,108.94,1910787,213988845.0513,109.43,0.53,361232320,361232000.0,34145557294.46,40649470000.0
2023-11-07,PAYX,108.94,108.24,108.99,107.46,107.94,1732438,192504179.465,108.58,0.48,361232320,361232000.0,33829987774.06,40273790000.0
2023-11-04,PAYX,107.94,110.9,111.49,106.1,109.9,2878292,317525689.8808,107.8,0.8,361232320,361232000.0,33517449570.8,39901723000.0
2023-11-03,PAYX,109.9,107.14,109.96,107.0,106.37,1562621,174697293.1358,109.24,0.43,361232320,361232000.0,34127354219.89,40627800000.0
2023-11-02,PAYX,106.37,106.86,106.86,103.84,108.51,3094388,334037977.7887,105.48,0.86,361232320,361232000.0,33031953332.72,39323750000.0
2023-11-01,PAYX,108.51,108.15,108.77,107.49,108.04,1369798,151905954.5848,108.36,0.38,361232320,361232000.0,34097624836.07,40114850000.0
2023-10-31,PAYX,108.04,108.03,108.48,106.74,107.07,1290472,142396629.5559,107.82,0.36,361232320,361232000.0,33950242049.51,39941460000.0
2023-10-28,PAYX,107.07,109.02,109.02,106.53,109.2,1739073,191003622.3318,107.32,0.48,361232320,361232000.0,33643194577.51,39580220000.0
2023-10-27,PAYX,109.2,109.68,110.69,109.1,109.63,2315017,259796092.4259,109.66,0.64,361232320,361232000.0,34312554996.0,40367710000.0
2023-10-26,PAYX,109.63,113.29,113.29,108.81,114.44,3904916,440158226.604,110.14,1.08,361232320,361232000.0,34447658954.15,40526650000.0
2023-10-25,PAYX,114.44,114.56,114.96,112.93,113.96,1229343,143653769.8563,114.18,0.34,361232320,361232000.0,35961399920.64,42307520000.0
2023-10-24,PAYX,113.96,113.43,115.25,113.03,113.35,1540135,180268966.8139,114.37,0.43,361232320,361232000.0,35810949729.83,42130520000.0
2023-10-21,PAYX,113.35,115.49,115.67,113.25,115.49,2038937,237795737.5695,113.96,0.56,361232320,361232000.0,35617506752.0,41902950000.0
2023-10-20,PAYX,115.49,115.8,116.9,114.84,115.57,1622631,191976718.872,115.61,0.45,361232320,361232000.0,36289943786.15,42694040000.0
2023-10-19,PAYX,115.57,116.36,116.51,115.11,116.42,1373132,162606291.44,115.71,0.38,361232320,361232000.0,36314507583.91,42722950000.0
2023-10-18,PAYX,116.42,116.09,116.82,115.74,116.02,1110731,132222873.2976,116.32,0.31,361232320,361232000.0,36581635814.08,43037200000.0
2023-10-17,PAYX,116.02,116.31,116.47,114.93,115.28,1292095,153388615.8654,116.0,0.36,361232320,361232000.0,36455746350.56,42889110000.0
2023-10-14,PAYX,115.28,116.42,116.67,114.3,115.85,932626,109903165.9302,115.15,0.26,361232320,361232000.0,36225460746.56,42618180000.0
2023-10-13,PAYX,115.85,116.42,116.59,115.26,115.95,1332511,157956666.7717,115.83,0.37,361232320,361232000.0,36403548280.32,42827700000.0
2023-10-12,PAYX,115.95,116.31,116.46,114.8,115.72,1380283,163397073.3702,115.67,0.38,361232320,361232000.0,36434256097.99,42863820000.0
2023-10-11,PAYX,115.72,116.4,117.41,115.33,116.44,2029674,241228175.6718,116.13,0.56,361232320,361232000.0,36363632108.96,42780740000.0
2023-10-10,PAYX,116.44,114.4,116.68,114.39,114.72,1259065,149649456.7346,116.14,0.35,361232320,361232000.0,36587779833.99,43044410000.0
2023-10-07,PAYX,114.72,111.47,114.99,111.02,112.24,2219653,259474350.3823,114.23,0.61,361232320,361232000.0,36047373212.8,42408670000.0
2023-10-06,PAYX,112.24,112.97,113.09,111.37,112.65,1103852,126662391.8601,112.12,0.31,361232320,361232000.0,35270543108.64,41494750000.0
2023-10-05,PAYX,112.65,112.17,113.0,111.22,111.63,1702638,195802365.4436,112.37,0.47,361232320,361232000.0,35396432572.16,41642860000.0
2023-10-04,PAYX,111.63,111.33,112.7,110.9,111.18,1680672,191599969.344,111.4,0.47,361232320,361232000.0,35077106271.75,41267180000.0
2023-10-03,PAYX,111.18,112.21,112.44,110.82,112.69,2220230,252993898.5643,111.35,0.61,361232320,361232000.0,34935861364.16,41101010000.0
2023-09-30,PAYX,112.69,115.03,115.37,112.18,114.44,1691471,195679006.6647,113.04,0.47,361232320,361232000.0,35411788016.23,41660920000.0
2023-09-29,PAYX,114.44,114.47,115.94,113.73,113.85,2402493,281684616.2724,114.57,0.67,361232320,361232000.0,35961399920.64,42307520000.0
2023-09-28,PAYX,113.85,109.93,115.38,107.9,110.14,3391555,394724466.8131,113.72,0.94,361232320,361232000.0,35774100962.72,42087170000.0
2023-09-27,PAYX,110.14,111.36,111.72,109.82,111.74,3140556,354899818.408,110.42,0.87,361232320,361232000.0,34610394114.31,40718110000.0
2023-09-26,PAYX,111.74,110.39,111.78,110.27,110.37,1667102,189645205.7258,111.16,0.46,361232320,361232000.0,35110881493.67,41306910000.0
2023-09-23,PAYX,110.37,110.3,111.56,110.3,110.72,1285265,145737612.1415,110.8,0.36,361232320,361232000.0,34681011962.4,40801190000.0
2023-09-22,PAYX,110.72,112.45,112.75,110.52,113.01,1872388,213027574.4016,111.17,0.52,361232320,361232000.0,34791549052.32,40931230000.0
2023-09-21,PAYX,113.01,113.96,114.28,112.96,113.5,1612428,187331094.9503,113.52,0.45,361232320,361232000.0,35510040136.8,41776510000.0
2023-09-20,PAYX,113.5,113.33,113.76,112.59,113.65,1514390,175578225.161,113.29,0.42,361232320,361232000.0,35663563872.8,41957130000.0
2023-09-19,PAYX,113.65,113.32,114.47,113.32,113.32,1857917,216548233.9723,113.89,0.51,361232320,361232000.0,35712691468.32,42014930000.0
2023-09-16,PAYX,113.32,116.28,116.28,113.09,116.22,3431454,401230342.4633,114.25,0.95,361232320,361232000.0,35608298398.31,41892110000.0
2023-09-15,PAYX,116.22,116.95,117.1,116.06,116.57,1479638,176250350.37,116.39,0.41,361232320,361232000.0,36520229390.15,42964950000.0
2023-09-14,PAYX,116.57,116.76,117.14,116.1,117.02,872758,104123869.5352,116.58,0.24,361232320,361232000.0,36630766480.07,43095000000.0
2023-09-13,PAYX,117.02,117.15,117.37,116.66,117.15,968264,115959490.2928,117.02,0.27,361232320,361232000.0,36772005246.72,43261170000.0
2023-09-12,PAYX,117.15,117.79,117.96,116.53,117.79,1063083,127457390.1411,117.15,0.29,361232320,361232000.0,36811921418.08,43308110000.0
2023-09-09,PAYX,117.79,118.0,118.17,117.49,117.44,989552,119261103.9056,117.77,0.27,361232320,361232000.0,37011502274.88,43542940000.0
2023-09-08,PAYX,117.44,117.69,118.32,117.25,117.62,1056365,127109442.628,117.58,0.29,361232320,361232000.0,36904038730.15,43416490000.0
2023-09-07,PAYX,117.62,117.79,118.31,117.16,118.6,1149364,138341370.3712,117.61,0.32,361232320,361232000.0,36959304204.64,43481500000.0
2023-09-06,PAYX,118.6,118.61,119.45,117.97,119.6,1977675,240333987.8625,118.75,0.55,361232320,361232000.0,37266351676.64,43842760000.0
2023-09-02,PAYX,119.6,119.89,120.39,118.31,119.44,1219787,149053714.3434,119.4,0.34,361232320,361232000.0,37582610572.8,44214800000.0
2023-09-01,PAYX,119.44,119.48,119.8,118.83,119.73,1930979,235937267.7185,119.39,0.53,361232320,361232000.0,37088878237.82,44153400000.0
2023-08-31,PAYX,119.73,119.37,120.07,119.05,119.19,1171248,143241065.3669,119.5,0.32,361004800,361005000.0,37156491240.96,44233890000.0
2023-08-30,PAYX,119.19,119.41,119.57,117.95,119.41,1695032,206296751.1144,118.93,0.47,361004800,361005000.0,36989707023.36,44035360000.0
2023-08-29,PAYX,119.41,119.66,119.93,119.03,119.08,1460578,178547641.9268,119.45,0.4,361004800,361005000.0,37056420710.4,44114780000.0
2023-08-26,PAYX,119.08,118.18,119.55,118.08,118.0,1452714,176890591.8384,118.98,0.4,361004800,361005000.0,36956350179.84,43995630000.0
2023-08-25,PAYX,118.0,119.5,120.05,117.9,118.84,1145986,138791980.3003,118.34,0.32,361004800,361005000.0,36619749304.32,43594910000.0
2023-08-24,PAYX,118.84,117.2,119.13,116.77,116.72,1164281,141122511.6528,118.44,0.32,361004800,361005000.0,36880539171.84,43905390000.0
2023-08-23,PAYX,116.72,118.16,118.55,116.63,117.81,1394119,167080282.7335,117.11,0.39,361004800,361005000.0,36222499622.4,43121990000.0
2023-08-22,PAYX,117.81,117.59,118.03,116.82,117.73,1404024,168941013.0312,117.58,0.39,361004800,361005000.0,36562135970.68,43526350000.0
2023-08-19,PAYX,117.73,117.71,118.6,117.51,118.23,1480919,178618231.4389,117.86,0.41,361004800,361005000.0,36534840975.36,43493820000.0
2023-08-18,PAYX,118.23,120.02,120.76,118.01,119.7,1836801,223870058.9684,119.09,0.51,361004800,361005000.0,36692527872.0,43681540000.0
2023-08-17,PAYX,119.7,120.77,121.11,119.63,120.77,1385215,170209276.6276,120.07,0.38,361004800,361005000.0,37147393920.0,44223080000.0
2023-08-16,PAYX,120.77,121.22,121.82,120.73,122.13,1824468,226031151.1584,121.06,0.51,361004800,361005000.0,37477929914.88,44616580000.0
2023-08-15,PAYX,122.13,122.39,123.32,121.9,122.61,968093,121212601.1068,122.35,0.27,361004800,361005000.0,37902474592.12,45121980000.0
2023-08-12,PAYX,122.61,121.13,122.8,120.62,121.46,1419120,177696955.656,122.35,0.39,360545760,360546000.0,38002676850.43,45241262000.0
2023-08-11,PAYX,121.46,121.47,122.46,120.95,121.2,1002125,124694714.3875,121.59,0.28,360545760,360546000.0,37646818185.31,44817610000.0
2023-08-10,PAYX,121.2,120.02,121.48,120.02,120.2,1044329,129400613.2991,121.08,0.29,360545760,360546000.0,37563532114.75,44718490000.0
2023-08-09,PAYX,120.2,120.74,120.74,119.03,121.33,1533162,189528735.1906,119.93,0.43,360545760,360546000.0,37524160517.76,44671590000.0
2023-08-08,PAYX,121.33,119.75,121.46,119.59,119.32,1056853,131845064.451,121.03,0.29,360545760,360546000.0,37878507919.27,45093430000.0
2023-08-05,PAYX,119.32,121.29,121.29,119.04,120.95,1268802,156905891.8092,119.97,0.35,360545760,360546000.0,37248562367.4,44343500000.0
2023-08-04,PAYX,120.95,120.8,121.54,120.0,120.67,1012390,126166886.6159,120.9,0.28,360545760,360546000.0,37757361515.33,44949210000.0
2023-08-03,PAYX,120.67,120.81,121.25,120.06,122.05,1490218,185356310.1782,120.67,0.41,360545760,360546000.0,37672561152.58,44848250000.0
2023-08-02,PAYX,122.05,121.5,122.36,120.49,121.72,1550553,194595641.9424,121.75,0.43,360545760,360546000.0,38102620135.1,45360250000.0
2023-08-01,PAYX,121.72,122.53,122.66,120.59,122.74,1508412,189243408.5844,121.71,0.42,360545760,360546000.0,37999651294.63,45237660000.0
2023-07-29,PAYX,122.74,124.19,124.51,121.79,123.25,1909681,241874848.3532,122.87,0.53,360545760,360546000.0,38317652654.95,45616250000.0
2023-07-28,PAYX,123.25,124.22,125.83,122.59,123.93,2217130,282987622.2683,123.82,0.61,360545760,360546000.0,38478167627.3,45807330000.0
2023-07-27,PAYX,123.93,121.2,125.18,121.2,121.29,2452311,313504419.1644,124.02,0.68,360545760,360546000.0,38690165505.6,46059680000.0
2023-07-26,PAYX,121.29,121.25,121.56,120.65,121.51,1329508,166109407.5691,121.21,0.37,360545760,360546000.0,37863364997.35,45075410000.0
2023-07-25,PAYX,121.51,119.92,121.57,119.72,119.72,1646076,205466992.2948,121.09,0.46,360545760,360546000.0,37933019409.6,45158320000.0
2023-07-22,PAYX,119.72,120.94,121.16,119.72,120.15,5885844,727623397.3328,119.93,1.63,360545760,360546000.0,37375762911.53,44494930000.0
2023-07-21,PAYX,120.15,119.43,120.41,118.7,119.63,1599247,197741614.0349,119.95,0.44,360545760,360546000.0,37509020624.42,44653570000.0
2023-07-20,PAYX,119.63,118.7,119.86,118.57,118.54,1478971,182148752.0758,119.48,0.41,360545760,360546000.0,37345474039.1,44458880000.0
2023-07-19,PAYX,118.54,117.32,119.06,117.09,117.41,1675761,204533852.5799,118.41,0.46,360545760,360546000.0,37006275616.68,44055060000.0
2023-07-18,PAYX,117.41,116.6,118.4,116.42,117.25,1839019,223168652.0782,117.73,0.51,360545760,360546000.0,36654956799.55,43636820000.0
2023-07-15,PAYX,117.25,116.54,117.65,116.15,116.93,2405975,290135322.2625,116.99,0.67,360545760,360546000.0,36603473893.61,43575540000.0
2023-07-14,PAYX,116.93,115.02,117.09,114.78,115.02,2545924,305375436.8432,116.36,0.71,360545760,360546000.0,36503527580.35,43456550000.0
2023-07-13,PAYX,115.02,115.9,115.97,113.78,114.61,2837940,336139831.6794,114.91,0.79,360545760,360546000.0,35906896456.7,42746300000.0
2023-07-12,PAYX,114.61,113.14,115.08,113.14,113.0,2799826,329539268.2157,114.18,0.78,360545760,360546000.0,35779695912.58,42594870000.0
2023-07-11,PAYX,113.0,110.44,113.56,110.39,110.05,3161147,366479674.5775,112.47,0.88,360545760,360546000.0,35276950904.83,41996370000.0
2023-07-08,PAYX,110.05,109.55,111.81,109.2,110.32,2165004,246642256.8392,110.52,0.6,360545760,360546000.0,34356264280.68,40900310000.0
2023-07-07,PAYX,110.32,108.27,110.54,107.75,109.51,3527290,398929479.6929,109.72,0.98,360545760,360546000.0,34441064643.43,41001260000.0
2023-07-06,PAYX,109.51,107.81,110.13,107.28,108.14,2577336,290279709.3142,109.26,0.71,360545760,360546000.0,34186663555.18,40698410000.0
2023-07-04,PAYX,108.14,108.1,108.48,107.23,108.53,1131998,126080929.7618,108.05,0.31,360545760,360546000.0,33759633157.03,40190030000.0
2023-07-01,PAYX,108.53,107.84,110.0,106.92,106.06,2943603,328796334.0558,108.36,0.82,360545760,360546000.0,33880773503.81,40334250000.0
2023-06-30,PAYX,106.06,110.9,111.34,105.58,107.4,2886656,318099676.5696,106.9,0.8,360500000,360500000.0,33107313628.2,39413460000.0
2023-06-29,PAYX,107.4,107.88,108.15,106.36,107.75,2266916,250362759.5412,107.14,0.63,360500000,360500000.0,33525205228.2,39910950000.0
2023-06-28,PAYX,107.75,107.72,108.49,107.34,107.34,1769221,196819307.8245,107.92,0.49,360500000,360500000.0,33634220428.2,40040730000.0
2023-06-27,PAYX,107.34,104.88,107.53,104.83,105.14,1919473,211431889.6177,106.86,0.53,360500000,360500000.0,33507033000.0,39889320000.0
2023-06-24,PAYX,105.14,107.2,107.21,104.82,107.95,2821223,306839316.8253,105.51,0.78,360500000,360500000.0,32819634628.2,39070990000.0
2023-06-23,PAYX,107.95,109.28,109.62,107.39,109.49,1417713,158161905.3069,108.23,0.39,360500000,360500000.0,33694784428.2,40112830000.0
2023-06-22,PAYX,109.49,108.68,110.39,107.8,108.89,2018216,228057217.2526,109.62,0.56,360500000,360500000.0,34176268228.2,40686030000.0
2023-06-17,PAYX,110.2,110.41,111.21,109.76,109.93,3843770,437282304.3407,110.37,1.07,360500000,360500000.0,34397323800.0,40949190000.0
2023-06-16,PAYX,109.93,108.14,110.21,107.91,108.21,1366944,154243773.8496,109.47,0.38,360500000,360500000.0,34312534200.0,40848250000.0
2023-06-15,PAYX,108.21,110.68,111.09,107.75,110.12,1615951,181311657.5007,108.85,0.45,360500000,360500000.0,33776542800.0,40210160000.0
2023-06-14,PAYX,110.12,110.13,110.51,109.65,109.71,1381803,156832429.6152,110.11,0.38,360500000,360500000.0,34373098200.0,40920350000.0
2023-06-13,PAYX,109.71,108.83,109.96,108.36,108.35,1767973,199563488.321,109.51,0.49,360500000,360500000.0,34245913800.0,40768940000.0
2023-06-10,PAYX,108.35,107.36,108.88,107.09,107.65,1545054,172319733.5651,108.2,0.43,360500000,360500000.0,33821968828.2,40264243000.0
2023-06-09,PAYX,107.65,108.26,108.53,107.28,108.57,1513695,168313816.9669,107.87,0.42,360500000,360500000.0,33600910228.2,40001080000.0
2023-06-08,PAYX,108.57,108.41,109.09,107.26,108.08,1849725,206955186.8175,108.54,0.51,360500000,360500000.0,33888589228.2,40343550000.0
2023-06-07,PAYX,108.08,108.41,108.43,106.95,108.31,1581624,175872634.74,107.88,0.44,360500000,360500000.0,33737179228.2,40163300000.0
2023-06-06,PAYX,108.31,107.38,108.68,107.01,106.96,2547651,283845287.816,108.09,0.71,360500000,360500000.0,33809853000.0,40249820000.0
2023-06-03,PAYX,106.96,104.21,107.07,103.75,104.0,2892689,316333187.5529,106.09,0.8,360500000,360500000.0,33385905000.0,39745122000.0
2023-06-02,PAYX,104.0,102.73,104.06,101.93,101.8,3044403,324810400.473,103.5,0.84,360500000,360500000.0,32462304000.0,38645600000.0
2023-06-01,PAYX,101.8,104.31,104.37,100.98,104.13,16804950,1766097902.8545,101.95,4.66,360500000,360500000.0,31774902600.0,37827260000.0
2023-05-31,PAYX,104.13,105.31,105.31,102.05,104.94,2164173,230967684.3309,103.54,0.6,360500000,360500000.0,32504698800.0,38696070000.0
2023-05-27,PAYX,104.94,104.96,106.15,103.9,104.66,2188856,236563019.9416,104.85,0.61,360500000,360500000.0,32756039400.0,38995280000.0
2023-05-26,PAYX,104.66,104.43,104.86,102.9,105.09,2619709,281192779.0137,104.13,0.73,360500000,360500000.0,32668224628.2,38890740000.0
2023-05-25,PAYX,105.09,105.81,106.19,104.83,105.6,1723318,186987930.2628,105.26,0.48,360500000,360500000.0,32804493628.2,39052960000.0
2023-05-24,PAYX,105.6,106.68,106.69,105.29,106.7,2351112,256617056.5752,105.89,0.65,360500000,360500000.0,32961960028.2,39240420000.0
2023-05-23,PAYX,106.7,105.55,106.99,104.67,104.88,1419251,155418770.8076,106.24,0.39,360500000,360500000.0,33307174828.2,39651390000.0
2023-05-20,PAYX,104.88,105.84,106.03,104.38,105.51,1480612,160335340.2249,105.05,0.41,360500000,360500000.0,32737873228.2,38973653000.0
2023-05-19,PAYX,105.51,103.98,105.56,103.72,104.1,1053092,113823459.3509,104.86,0.29,360500000,360500000.0,32934703200.0,39207980000.0
2023-05-18,PAYX,104.1,103.48,104.46,102.77,102.89,1667075,178574256.6432,103.92,0.46,360500000,360500000.0,32495614200.0,38685250000.0
2023-05-17,PAYX,102.89,104.64,104.71,102.73,104.94,2064013,219614698.4234,103.22,0.57,360500000,360500000.0,32117089200.0,38234630000.0
2023-05-16,PAYX,104.94,103.7,105.2,103.37,103.7,1551593,167395007.2387,104.66,0.43,360500000,360500000.0,32756039400.0,38995280000.0
2023-05-13,PAYX,103.7,103.97,104.26,102.76,103.43,1010886,107835455.3412,103.49,0.28,360500000,360500000.0,32368429800.0,38533840000.0
2023-05-12,PAYX,103.43,104.61,104.83,103.13,105.38,1919393,204873724.7423,103.55,0.53,360500000,360500000.0,32283643228.2,38432900000.0
2023-05-11,PAYX,105.38,104.5,105.42,103.51,103.18,2249284,243118382.2008,104.86,0.62,360500000,360500000.0,32892308400.0,39157500000.0
2023-05-10,PAYX,103.18,102.46,103.58,101.96,102.3,2051279,219788821.7816,103.08,0.57,360500000,360500000.0,32477445000.0,38663620000.0
2023-05-09,PAYX,102.3,103.94,103.94,102.24,103.74,1205070,128604949.893,102.67,0.33,360500000,360500000.0,32198853628.2,38331960000.0
2023-05-06,PAYX,103.74,103.9,104.65,102.57,103.13,1539284,165887882.4308,103.68,0.43,360500000,360500000.0,32653083628.2,38872710000.0
2023-05-05,PAYX,103.13,103.35,103.78,102.8,103.59,1584697,170081408.7978,103.26,0.44,360500000,360500000.0,32462304000.0,38645600000.0
2023-05-04,PAYX,103.59,104.23,105.01,103.5,103.52,1510464,163349144.3846,104.04,0.42,360500000,360500000.0,32604629400.0,38815030000.0
2023-05-03,PAYX,103.52,105.81,106.02,102.96,105.9,1393958,150224762.723,103.68,0.39,360500000,360500000.0,32583435028.2,38789800000.0
2023-05-02,PAYX,105.9,105.37,106.52,105.22,105.69,1438134,158465123.5733,106.01,0.4,360500000,360500000.0,33331400428.2,39680230000.0
2023-04-29,PAYX,105.69,104.44,105.85,103.97,103.75,1854199,203305503.554,105.49,0.51,360500000,360500000.0,33267808228.2,39604530000.0
2023-04-28,PAYX,103.75,101.82,103.96,101.68,101.37,1688371,181670931.366,103.52,0.47,360500000,360500000.0,32656108800.0,38876310000.0
2023-04-27,PAYX,101.37,101.76,103.03,100.81,103.86,2350037,248496202.4318,101.73,0.65,360500000,360500000.0,31908143400.0,37985880000.0
2023-04-26,PAYX,103.86,106.01,106.01,103.47,106.68,1888578,204429333.3536,104.14,0.52,360500000,360500000.0,32689419000.0,38915970000.0
2023-04-25,PAYX,106.68,105.55,106.8,105.38,105.37,1995582,220493072.485,106.3,0.55,360500000,360500000.0,33579709800.0,39975840000.0
2023-04-22,PAYX,105.37,105.34,105.47,104.55,104.93,1343117,146705715.0526,105.09,0.37,360500000,360500000.0,33164849428.2,39481960000.0
2023-04-21,PAYX,104.93,104.8,105.5,104.14,105.61,1464043,159730619.6436,104.96,0.41,360500000,360500000.0,33028580428.2,39319730000.0
2023-04-20,PAYX,105.61,105.26,106.04,104.74,105.15,1268879,139225476.9816,105.56,0.35,360500000,360500000.0,33240554428.2,39572080000.0
2023-04-19,PAYX,105.15,105.57,106.08,104.42,105.41,1370088,149583193.6464,105.04,0.38,360500000,360500000.0,33098229028.2,39402650000.0
2023-04-18,PAYX,105.41,104.34,105.41,103.95,103.83,1777858,193717025.5308,104.83,0.49,360500000,360500000.0,33179990428.2,39499980000.0
2023-04-15,PAYX,103.83,104.94,105.78,103.14,105.11,1561277,168742662.0323,103.98,0.43,360500000,360500000.0,32680334400.0,38905160000.0
2023-04-14,PAYX,105.11,104.6,105.18,103.94,104.3,1749665,190389464.5386,104.69,0.49,360500000,360500000.0,33083085000.0,39384620000.0
2023-04-13,PAYX,104.3,106.16,106.37,104.17,105.23,1932264,210957453.4658,105.04,0.54,360500000,360500000.0,32828719228.2,39081800000.0
2023-04-12,PAYX,105.23,105.15,105.44,104.36,105.15,2325246,253952671.9884,105.07,0.65,360500000,360500000.0,33122454628.2,39431490000.0
2023-04-11,PAYX,105.15,103.72,105.15,103.46,104.9,2573437,280370299.5886,104.82,0.71,360500000,360500000.0,33098229028.2,39402650000.0
2023-04-07,PAYX,104.9,104.5,105.43,103.99,104.7,2090086,227865564.9006,104.89,0.58,360500000,360500000.0,33019492800.0,39308910000.0
2023-04-06,PAYX,104.7,105.56,106.11,103.92,105.73,2333881,254206575.2469,104.79,0.65,360500000,360500000.0,32955903628.2,39233210000.0
2023-04-05,PAYX,105.73,107.34,108.06,104.57,107.11,2958401,325044842.9918,105.71,0.82,360500000,360500000.0,33279918000.0,39618950000.0
2023-04-04,PAYX,107.11,108.39,108.48,106.13,110.24,3514581,391308879.5847,107.12,0.97,360500000,360500000.0,33712953628.2,40134460000.0
2023-04-01,PAYX,110.24,110.03,110.75,109.4,109.23,3092615,353648906.2366,110.02,0.86,360500000,360500000.0,34700143800.0,41309690000.0
2023-03-31,PAYX,109.23,113.46,113.46,108.99,111.63,2497511,285338383.9901,109.92,0.69,360500000,360500000.0,34382182800.0,40931160000.0
2023-03-30,PAYX,111.63,106.32,112.43,105.09,104.85,5048051,580659133.5464,110.66,1.4,360500000,360500000.0,35136204600.0,41828810000.0
2023-03-29,PAYX,104.85,104.63,106.42,104.38,104.94,2643520,288743785.4752,105.08,0.73,360500000,360500000.0,33001323600.0,39287290000.0
2023-03-28,PAYX,104.94,105.28,105.5,104.48,104.71,2284431,249380389.8455,105.03,0.63,360500000,360500000.0,33031608628.2,39323340000.0
2023-03-25,PAYX,104.71,103.79,104.99,103.09,103.79,1654990,179454703.175,104.32,0.46,360500000,360500000.0,32958928800.0,39236820000.0
2023-03-24,PAYX,103.79,103.08,105.6,102.71,103.01,1984840,215029626.24,104.23,0.55,360500000,360500000.0,32668224628.2,38890740000.0
2023-03-23,PAYX,103.01,106.11,106.46,102.92,106.11,1930623,210158179.0335,104.73,0.54,360500000,360500000.0,32422940428.2,38598730000.0
2023-03-22,PAYX,106.11,106.02,106.51,104.94,105.54,1901527,209208662.6778,105.85,0.53,360500000,360500000.0,33398017800.0,39759540000.0
2023-03-21,PAYX,105.54,104.11,105.71,103.75,103.45,2174382,237489698.4894,105.08,0.6,360500000,360500000.0,33219354000.0,39546840000.0
2023-03-18,PAYX,103.45,104.55,105.16,103.23,104.55,7237504,780077722.3808,103.7,2.01,360500000,360500000.0,32562234600.0,38764560000.0
2023-03-17,PAYX,104.55,102.76,104.77,102.14,102.94,1583019,171360081.2593,104.14,0.44,360500000,360500000.0,32907449400.0,39175530000.0
2023-03-16,PAYX,102.94,103.24,103.71,102.26,104.14,1992911,213076085.3161,102.86,0.55,360500000,360500000.0,32401740000.0,38573500000.0
2023-03-15,PAYX,104.14,105.35,106.01,102.8,104.22,1885298,204311271.3514,104.26,0.52,360500000,360500000.0,32777239828.2,39020520000.0
2023-03-14,PAYX,104.22,103.21,106.34,102.73,103.74,1906630,207266715.7583,104.59,0.53,360500000,360500000.0,32804493628.2,39052960000.0
2023-03-11,PAYX,103.74,106.38,106.65,103.52,106.84,1901199,206328572.0745,104.41,0.53,360500000,360500000.0,32653083628.2,38872710000.0
2023-03-10,PAYX,106.84,108.97,109.06,106.75,108.42,1279132,143199083.2264,107.7,0.35,360500000,360500000.0,33628164028.2,40033520000.0
2023-03-09,PAYX,108.42,107.75,108.83,107.3,107.84,1128046,126813352.0556,108.16,0.31,360500000,360500000.0,34124788828.2,40624740000.0
2023-03-08,PAYX,107.84,108.79,108.96,107.35,108.84,2161396,242544099.7084,107.96,0.6,360500000,360500000.0,33943093800.0,40408440000.0
2023-03-07,PAYX,108.84,108.61,109.32,108.35,108.45,1212577,137182231.2256,108.84,0.34,360500000,360500000.0,34258029628.2,40783360000.0
2023-03-04,PAYX,108.45,108.03,108.72,107.36,107.85,1694895,190444520.7709,108.1,0.47,360500000,360500000.0,34136898600.0,40639160000.0
2023-03-03,PAYX,107.85,105.84,108.09,105.84,106.5,1427598,159285117.6848,107.34,0.4,360500000,360500000.0,33946125028.2,40412050000.0
2023-03-02,PAYX,106.5,106.06,106.64,104.84,106.21,1925568,212273672.7917,106.06,0.53,360500000,360500000.0,33522174000.0,39907350000.0
2023-03-01,PAYX,106.21,106.46,107.44,106.17,106.78,1691930,187561793.3503,106.65,0.47,360500000,360500000.0,33431328000.0,39799200000.0
2023-02-28,PAYX,106.78,107.56,108.04,106.39,106.77,1164831,129545864.2833,107.0,0.32,360466560,360467000.0,33606877163.22,40008180000.0
2023-02-25,PAYX,106.77,105.74,107.04,105.3,107.1,1569927,173672562.1035,106.43,0.44,360466560,360467000.0,33603846216.19,40004570000.0
2023-02-24,PAYX,107.1,106.83,107.58,106.15,106.48,1266856,140814984.3222,106.94,0.35,360466560,360467000.0,33706798493.65,40127140000.0
2023-02-23,PAYX,106.48,107.44,108.07,106.37,107.29,1219188,135566158.8263,106.98,0.34,360466560,360467000.0,33513008643.07,39896430000.0
2023-02-22,PAYX,107.29,109.13,109.46,107.2,110.4,1775508,198609230.3891,107.62,0.49,360466560,360467000.0,33767356875.73,40199230000.0
2023-02-18,PAYX,110.4,109.92,110.91,109.57,110.31,1220281,140035798.9198,110.41,0.34,360466560,360467000.0,34745371718.4,41363536000.0
2023-02-17,PAYX,110.31,109.41,111.13,109.14,110.86,1263564,144955430.298,110.37,0.35,360466560,360467000.0,34718123474.38,41331090000.0
2023-02-16,PAYX,110.86,109.32,110.96,108.76,109.62,1415926,162605508.2104,110.49,0.39,360466560,360467000.0,34890711835.39,41536550000.0
2023-02-15,PAYX,109.62,110.81,111.36,108.71,111.13,1246235,142231180.4445,109.8,0.35,360466560,360467000.0,34500113298.9,41071560000.0
2023-02-14,PAYX,111.13,109.97,111.2,109.85,109.89,1295687,149309916.7007,110.87,0.36,360466560,360467000.0,34975493570.3,41637490000.0
2023-02-11,PAYX,109.89,108.71,110.37,108.71,109.44,1571758,179404544.6908,109.81,0.44,360466560,360467000.0,34584895033.81,41172490000.0
2023-02-10,PAYX,109.44,111.74,111.82,109.07,110.57,1890196,216124462.4832,110.0,0.52,360466560,360467000.0,34442579808.0,41003070000.0
2023-02-09,PAYX,110.57,111.62,112.39,110.29,112.64,2081110,240294138.2951,111.09,0.58,360466560,360467000.0,34799874262.27,41428420000.0
2023-02-08,PAYX,112.64,110.87,113.13,110.41,111.48,1128432,132173251.4443,111.93,0.31,360466560,360467000.0,35690082478.85,42488190000.0
2023-02-07,PAYX,111.48,112.16,113.04,111.28,113.32,1102073,129022441.2925,111.88,0.31,360466560,360467000.0,35323707295.18,42052030000.0
2023-02-04,PAYX,113.32,113.58,114.81,111.73,115.25,1791713,212977537.9724,113.59,0.5,360466560,360467000.0,35905067763.15,42744120000.0
2023-02-03,PAYX,115.25,113.34,115.55,112.55,112.49,2475844,297452107.0948,114.81,0.69,360466560,360467000.0,36516707422.16,43472240000.0
2023-02-02,PAYX,112.49,110.51,113.23,109.91,110.72,1535674,179188738.5834,111.51,0.43,360466560,360467000.0,35641638801.1,42430520000.0
2023-02-01,PAYX,110.72,110.04,110.73,108.76,109.6,1564900,180125169.819,110.0,0.43,360466560,360467000.0,35081473766.86,41763650000.0
2023-01-31,PAYX,109.6,107.76,110.39,107.63,108.01,2798233,320408619.591,109.42,0.78,360466560,360467000.0,34727207231.7,41341910000.0
2023-01-28,PAYX,108.01,109.11,109.61,107.65,109.99,2257706,255764449.9806,108.26,0.63,360466560,360467000.0,34224569632.51,40743530000.0
2023-01-27,PAYX,109.99,111.03,111.33,109.65,110.49,1679281,193478024.5588,110.1,0.47,360466560,360467000.0,34851351914.96,41489700000.0
2023-01-26,PAYX,110.49,111.27,111.3,107.39,113.36,2335292,267591769.112,109.5,0.65,360466560,360467000.0,35008800680.45,41677140000.0
2023-01-25,PAYX,113.36,114.58,114.81,112.7,114.67,1332524,158083864.8128,113.37,0.37,360466560,360467000.0,35917176411.65,42758540000.0
2023-01-24,PAYX,114.67,112.55,115.59,111.88,112.7,1599253,191631130.4262,114.51,0.44,360466560,360467000.0,36332004356.82,43252370000.0
2023-01-21,PAYX,112.7,110.54,113.27,109.62,110.39,1987591,232775129.8922,111.92,0.55,360466560,360467000.0,35708249993.47,42509810000.0
2023-01-20,PAYX,110.39,111.72,112.0,110.29,112.03,1122005,130189056.3826,110.88,0.31,360466560,360467000.0,34978524517.33,41641100000.0
2023-01-19,PAYX,112.03,113.38,113.98,111.97,113.17,1809850,213444496.8635,112.7,0.5,360466560,360467000.0,35496295656.19,42257490000.0
2023-01-18,PAYX,113.17,113.61,114.78,112.71,114.97,2157357,256220877.1977,113.5,0.6,360466560,360467000.0,35856618029.57,42686450000.0
2023-01-14,PAYX,114.97,114.35,115.33,113.99,114.53,1237713,148717900.6002,114.82,0.34,360466560,360467000.0,36428894740.22,43367710000.0
2023-01-13,PAYX,114.53,114.19,114.76,113.48,114.37,1373095,164118905.256,114.22,0.38,360466560,360467000.0,36289613489.36,43201900000.0
2023-01-12,PAYX,114.37,112.84,114.47,111.97,112.1,1579168,187934904.4701,113.73,0.44,360466560,360467000.0,36238135836.67,43140630000.0
2023-01-11,PAYX,112.1,112.03,112.72,110.72,112.2,1112471,130292381.0258,111.92,0.31,360466560,360467000.0,35520519009.02,42286330000.0
2023-01-10,PAYX,112.2,112.14,113.76,111.93,112.24,1484221,174952550.375,112.64,0.41,360466560,360467000.0,35550801227.98,42322380000.0
2023-01-07,PAYX,112.24,110.46,112.75,109.88,109.29,1257902,147440592.852,112.01,0.35,360466560,360467000.0,35562909876.48,42336790000.0
2023-01-06,PAYX,109.29,111.23,111.27,108.65,111.88,1352298,154810534.1208,109.4,0.38,360466560,360467000.0,34627285901.26,41222950000.0
2023-01-05,PAYX,111.88,111.76,112.95,110.64,110.67,1475251,172648491.7574,111.84,0.41,360466560,360467000.0,35447851978.45,42199820000.0
2023-01-04,PAYX,110.67,111.46,111.64,109.78,110.43,1792600,207438417.18,110.58,0.5,360466560,360467000.0,35066331143.42,41745630000.0
2022-12-31,PAYX,110.43,110.68,110.96,108.91,111.29,1060897,122137687.3486,110.02,0.29,360466560,360467000.0,34990633165.82,41655510000.0
2022-12-30,PAYX,111.29,109.75,111.88,109.45,109.35,1372402,159849973.9892,111.31,0.38,360466560,360467000.0,35263148913.1,41979930000.0
2022-12-29,PAYX,109.35,109.97,111.04,109.3,110.02,1589982,182762563.8664,109.85,0.44,360466560,360467000.0,34648478307.07,41248180000.0
2022-12-28,PAYX,110.02,110.72,110.89,109.2,110.86,1494913,171953115.2815,109.92,0.41,360466560,360467000.0,34860435672.27,41500520000.0
2022-12-24,PAYX,110.86,107.74,111.08,107.43,107.2,2503109,288507116.8166,110.15,0.69,360466560,360467000.0,35126889525.5,41817720000.0
2022-12-23,PAYX,107.2,106.07,107.24,103.21,109.68,4401047,487416835.4594,105.84,1.22,360466560,360467000.0,33967196508.67,40437130000.0
2022-12-22,PAYX,109.68,109.77,110.72,108.85,109.19,2282607,262334795.34,109.83,0.63,360466560,360467000.0,34751430584.53,41370750000.0
2022-12-21,PAYX,109.19,109.89,110.62,108.49,110.39,1501363,171789122.3359,109.34,0.42,360466560,360467000.0,34597003682.3,41186900000.0
2022-12-20,PAYX,110.39,111.0,111.51,109.84,110.81,1810086,209305511.5303,110.5,0.5,360466560,360467000.0,34978524517.33,41641100000.0
2022-12-17,PAYX,110.81,110.58,111.36,109.95,111.88,2859878,331335169.5192,110.72,0.79,360466560,360467000.0,35111752957.9,41799700000.0
2022-12-16,PAYX,111.88,115.84,116.12,111.6,117.23,2076317,244627101.0426,112.59,0.58,360466560,360467000.0,35450879897.55,42203420000.0
2022-12-15,PAYX,117.23,117.34,119.59,116.19,117.85,2155453,265903601.0841,117.89,0.6,360466560,360467000.0,37143483648.77,44218410000.0
2022-12-14,PAYX,117.85,121.74,122.22,117.24,117.51,1255283,156207039.9351,118.92,0.35,360466560,360467000.0,37340301418.45,44452700000.0
2022-12-13,PAYX,117.51,114.68,117.62,114.21,114.21,1271180,154944524.2658,116.48,0.35,360466560,360467000.0,37234324249.81,44326540000.0
2022-12-10,PAYX,114.21,114.42,114.91,113.88,114.83,1563746,187176033.3487,114.39,0.43,360466560,360467000.0,36186661211.9,43079350000.0
2022-12-09,PAYX,114.83,115.36,116.59,114.55,115.1,1489861,179735043.2068,115.29,0.41,360466560,360467000.0,36383478981.58,43313640000.0
2022-12-08,PAYX,115.1,115.6,115.98,114.43,115.28,932019,112301495.0815,115.15,0.26,360466560,360467000.0,36468260716.5,43414570000.0
2022-12-07,PAYX,115.28,118.01,118.01,114.63,117.72,1198267,145042551.4412,115.67,0.33,360466560,360467000.0,36525791179.47,43483050000.0
2022-12-06,PAYX,117.72,119.05,119.53,117.15,120.39,1415777,174737901.4741,117.95,0.39,360466560,360467000.0,37300938470.1,44405840000.0
2022-12-03,PAYX,120.39,118.28,120.7,118.19,120.31,1291144,161873047.3392,119.81,0.36,360466560,360467000.0,38145724872.19,45411570000.0
2022-12-02,PAYX,120.31,118.93,120.72,118.22,118.53,1466310,183969557.733,119.9,0.41,360466560,360467000.0,38121501519.36,45382700000.0
2022-12-01,PAYX,118.53,114.81,118.68,114.33,114.82,2628900,322767929.52,117.33,0.73,360466560,360467000.0,37555280646.91,44708660000.0
2022-11-30,PAYX,114.82,114.9,115.66,113.45,115.12,1217752,146035498.8944,114.6,0.34,360400000,360400000.0,36373730400.0,43302050000.0
2022-11-29,PAYX,115.12,116.59,117.18,114.76,117.74,1524334,184469260.6442,115.65,0.42,360400000,360400000.0,36470608947.36,43417350000.0
2022-11-26,PAYX,117.74,117.75,118.23,117.23,117.7,599587,73842496.7372,117.69,0.17,360400000,360400000.0,37300105587.36,44404860000.0
2022-11-24,PAYX,117.7,117.4,118.18,116.98,117.33,1194958,147125379.8844,117.66,0.33,360400000,360400000.0,37284968787.36,44386840000.0
2022-11-23,PAYX,117.33,116.87,117.49,115.26,116.16,1117877,136507202.3133,116.69,0.31,360400000,360400000.0,37169926080.0,44249910000.0
2022-11-22,PAYX,116.16,115.55,116.85,115.01,115.47,919118,111750695.4858,116.19,0.26,360400000,360400000.0,36797563827.36,43806590000.0
2022-11-19,PAYX,115.47,115.72,116.45,114.19,114.89,1164002,140241521.7644,115.14,0.32,360400000,360400000.0,36579593907.36,43547110000.0
2022-11-18,PAYX,114.89,114.01,115.48,112.86,115.14,1442736,172803286.0066,114.46,0.4,360400000,360400000.0,36394924947.36,43327280000.0
2022-11-17,PAYX,115.14,116.58,117.0,114.72,116.27,1827084,220730219.0192,115.45,0.51,360400000,360400000.0,36476663667.36,43424560000.0
2022-11-16,PAYX,116.27,118.17,118.17,114.88,115.81,1521718,185406729.8072,116.43,0.42,360400000,360400000.0,36833889120.0,43849850000.0
2022-11-15,PAYX,115.81,115.4,117.77,114.91,115.64,1818880,221441382.6688,116.34,0.5,360400000,360400000.0,36688578867.36,43676880000.0
2022-11-12,PAYX,115.64,116.22,116.63,113.88,115.99,2098004,252881653.3376,115.19,0.58,360400000,360400000.0,36634083360.0,43611997000.0
2022-11-11,PAYX,115.99,115.07,116.41,113.07,110.13,2058210,247881756.276,115.09,0.57,360400000,360400000.0,36746098707.36,43745320000.0
2022-11-10,PAYX,110.13,111.61,111.93,109.97,111.86,1216570,140866153.672,110.65,0.34,360400000,360400000.0,34887299667.36,41532500000.0
2022-11-09,PAYX,111.86,110.09,113.44,109.68,109.51,1342764,157204243.004,111.88,0.37,360400000,360400000.0,35435251827.36,42184820000.0
2022-11-08,PAYX,109.51,108.56,110.01,107.78,107.97,1354413,155773355.1762,109.16,0.38,360400000,360400000.0,34929682707.36,41582950000.0
2022-11-05,PAYX,107.97,108.29,108.96,105.6,107.28,1784432,201887781.3888,107.38,0.5,360400000,360400000.0,34439247360.0,40999098000.0
2022-11-04,PAYX,107.28,107.16,108.59,106.22,108.67,1593374,180357030.4706,107.43,0.44,360400000,360400000.0,34221277440.0,40739610000.0
2022-11-03,PAYX,108.67,111.91,113.27,108.64,112.05,1501222,174583126.2802,110.37,0.42,360400000,360400000.0,34663272000.0,41265800000.0
2022-11-02,PAYX,112.05,113.0,113.43,110.99,112.29,1072010,126529018.697,112.02,0.3,360400000,360400000.0,35741012160.0,42548820000.0
2022-11-01,PAYX,112.29,112.7,113.28,111.74,113.69,1693662,200430857.242,112.32,0.47,360400000,360400000.0,35816696160.0,42638920000.0
2022-10-29,PAYX,113.69,110.32,114.37,110.2,109.87,1953917,233410059.5667,113.38,0.54,360400000,360400000.0,36264745440.0,43172290000.0
2022-10-28,PAYX,109.87,110.04,110.98,109.33,109.51,1258012,145766240.4237,109.97,0.35,360400000,360400000.0,35044719360.0,41719900000.0
2022-10-27,PAYX,109.51,110.68,112.08,108.95,110.55,1587379,183831504.7078,109.91,0.44,360400000,360400000.0,34932707040.0,41586550000.0
2022-10-26,PAYX,110.55,108.48,110.7,108.48,108.34,2035563,235738958.1426,109.91,0.56,360400000,360400000.0,35262689280.0,41979390000.0
2022-10-25,PAYX,108.34,107.89,108.48,106.4,106.45,1308844,148868309.2132,107.95,0.36,360400000,360400000.0,34557314400.0,41139650000.0
2022-10-22,PAYX,106.45,105.23,106.81,104.11,105.41,1263979,141054242.0966,105.91,0.35,360400000,360400000.0,33954872787.36,40422461000.0
2022-10-21,PAYX,105.41,106.16,107.24,104.76,105.78,1233446,137248632.3695,105.61,0.34,360400000,360400000.0,33621860160.0,40026020000.0
2022-10-20,PAYX,105.78,106.26,107.01,104.58,107.61,1289741,143767300.2959,105.79,0.36,360400000,360400000.0,33739927200.0,40166570000.0
2022-10-19,PAYX,107.61,107.94,109.33,106.72,106.25,1811057,205587387.4203,107.74,0.5,360400000,360400000.0,34324210707.36,40862150000.0
2022-10-18,PAYX,106.25,105.89,107.0,105.35,103.63,1631075,182358278.9983,106.11,0.45,360400000,360400000.0,33891295200.0,40346780000.0
2022-10-15,PAYX,103.63,105.74,106.11,103.26,104.66,1790754,196001803.7909,103.88,0.5,360400000,360400000.0,33055746867.36,39352075000.0
2022-10-14,PAYX,104.66,100.4,105.32,100.28,102.5,1892533,207032341.6872,103.82,0.53,360400000,360400000.0,33382701747.36,39741310000.0
2022-10-13,PAYX,102.5,102.99,103.48,102.32,102.82,1429211,154714520.4087,102.74,0.4,360400000,360400000.0,32695488000.0,38923200000.0
2022-10-12,PAYX,102.82,104.11,104.67,102.02,104.29,1700818,184741847.6774,103.09,0.47,360400000,360400000.0,32798418240.0,39045730000.0
2022-10-11,PAYX,104.29,104.56,104.85,103.02,104.01,1469733,161231194.5303,104.12,0.41,360400000,360400000.0,33264634707.36,39600750000.0
2022-10-08,PAYX,104.01,104.95,105.26,103.42,106.0,2133537,233915236.1301,104.06,0.59,360400000,360400000.0,33176838240.0,39496231000.0
2022-10-07,PAYX,106.0,108.8,109.02,105.79,108.76,2327925,261328670.235,106.54,0.65,360400000,360400000.0,33812586867.36,40253070000.0
2022-10-06,PAYX,108.76,108.82,109.98,106.87,109.51,2169804,248180879.6376,108.56,0.6,360400000,360400000.0,34690518240.0,41298230000.0
2022-10-05,PAYX,109.51,110.67,111.64,109.13,109.01,2202985,255362090.454,110.01,0.61,360400000,360400000.0,34932707040.0,41586550000.0
2022-10-04,PAYX,109.01,107.5,109.63,106.59,106.5,1837079,210489572.4936,108.74,0.51,360400000,360400000.0,34772259987.36,41395540000.0
2022-10-01,PAYX,106.5,108.34,109.72,106.39,107.62,2524366,285657004.1234,107.4,0.7,360400000,360400000.0,33970009587.36,40440485000.0
2022-09-30,PAYX,107.62,110.53,110.79,106.17,111.4,2699256,304964669.1286,107.23,0.75,360400000,360400000.0,34327235040.0,40865750000.0
2022-09-29,PAYX,111.4,110.69,113.14,106.67,107.55,3301817,383258771.4749,110.17,0.92,360400000,360400000.0,35535154707.36,42303750000.0
2022-09-28,PAYX,107.55,109.0,109.85,106.41,108.23,1981681,224693712.6742,107.61,0.55,360400000,360400000.0,34306046547.36,40840530000.0
2022-09-27,PAYX,108.23,109.16,110.07,107.77,109.16,1855123,212318456.3254,108.62,0.51,360400000,360400000.0,34524013440.0,41100010000.0
2022-09-24,PAYX,109.16,110.9,111.14,107.66,111.62,2098637,241328564.541,109.14,0.58,360400000,360400000.0,34820697747.36,41453210000.0
2022-09-23,PAYX,111.62,111.65,112.86,110.43,111.91,2137162,250877407.9438,111.41,0.59,360400000,360400000.0,35604783987.36,42386640000.0
2022-09-22,PAYX,111.91,115.29,115.71,111.88,113.93,1948163,233114087.0008,113.57,0.54,360400000,360400000.0,35695604787.36,42494760000.0
2022-09-21,PAYX,113.93,114.58,114.83,113.1,115.3,1312106,157499693.3948,113.92,0.36,360400000,360400000.0,36340429440.0,43262400000.0
2022-09-20,PAYX,115.3,113.36,115.35,112.86,114.01,1067045,128884534.8585,114.64,0.3,360400000,360400000.0,36779399667.36,43784970000.0
2022-09-17,PAYX,114.01,112.14,114.47,111.27,112.9,2133041,254612806.6405,113.29,0.59,360400000,360400000.0,36367678707.36,43294840000.0
2022-09-16,PAYX,112.9,114.78,115.19,112.41,114.98,1285383,153463804.4445,113.31,0.36,360400000,360400000.0,36013477587.36,42873180000.0
2022-09-15,PAYX,114.98,116.4,116.67,113.83,115.86,2067004,250794783.5,115.15,0.57,360400000,360400000.0,36676466400.0,43662410000.0
2022-09-14,PAYX,115.86,118.57,119.02,115.61,120.85,1979755,243646270.1195,116.8,0.55,360400000,360400000.0,36958013907.36,43997590000.0
2022-09-13,PAYX,120.85,120.8,121.83,120.4,120.37,1109227,141404601.8204,120.99,0.31,360400000,360400000.0,38547377907.36,45889700000.0
2022-09-10,PAYX,120.37,119.15,120.76,118.7,118.85,1524606,193053539.6712,120.18,0.42,360400000,360400000.0,38396009907.36,45709520000.0
2022-09-09,PAYX,118.85,117.12,119.02,116.13,117.59,1392886,173833440.3263,118.45,0.39,360400000,360400000.0,37911629280.0,45132880000.0
2022-09-08,PAYX,117.59,115.63,117.98,115.43,115.42,1358963,167653090.9692,117.09,0.38,360400000,360400000.0,37508990400.0,44653520000.0
2022-09-07,PAYX,115.42,114.91,116.38,113.91,114.74,1352378,164219815.015,115.25,0.38,360400000,360400000.0,36815727987.36,43828220000.0
2022-09-03,PAYX,114.74,118.13,119.14,114.16,117.92,1759784,215318916.853,116.13,0.49,360400000,360400000.0,36600782400.0,43572340000.0
2022-09-02,PAYX,117.92,116.81,118.06,116.03,117.06,1359913,167822661.1988,117.12,0.38,360400000,360400000.0,37614948000.0,44779680000.0
2022-09-01,PAYX,117.06,119.12,119.12,116.78,117.9,1598842,197711842.4148,117.36,0.44,360400000,360400000.0,37339458240.0,44451710000.0
2022-08-31,PAYX,117.9,120.82,120.82,117.61,120.64,1559396,194350345.9868,118.29,0.43,360286560,360287000.0,37597055452.99,44758380000.0
2022-08-30,PAYX,120.64,121.77,121.92,120.5,122.24,1429991,182435820.7953,121.08,0.4,360286560,360287000.0,38468663725.35,45796020000.0
2022-08-27,PAYX,122.24,127.48,127.59,122.01,127.23,1966656,255732539.6352,123.41,0.55,360286560,360287000.0,38980126525.93,46404890000.0
2022-08-26,PAYX,127.23,128.6,128.75,126.66,128.2,1522747,204192911.2397,127.27,0.42,360286560,360287000.0,40572013636.22,48299990000.0
2022-08-25,PAYX,128.2,128.04,129.0,127.78,128.13,1142168,154435390.7,128.33,0.32,360286560,360287000.0,40880710187.24,48667480000.0
2022-08-24,PAYX,128.13,129.06,129.43,127.97,129.02,1024767,138777953.979,128.53,0.28,360286560,360287000.0,40856495904.0,48638640000.0
2022-08-23,PAYX,129.02,130.72,130.72,128.53,131.44,1314454,179062035.0761,129.29,0.36,360286560,360287000.0,41140981198.18,48977340000.0
2022-08-20,PAYX,131.44,131.2,131.88,130.48,132.07,2748317,380416542.506,131.37,0.76,360286560,360287000.0,41912715009.7,49896080000.0
2022-08-19,PAYX,132.07,131.7,132.37,130.95,131.56,1068889,148453610.7651,131.81,0.3,360286560,360287000.0,42115484285.67,50137450000.0
2022-08-18,PAYX,131.56,130.3,131.68,130.06,131.27,1445592,199982055.2623,131.3,0.4,360286560,360287000.0,41952055275.65,49942890000.0
2022-08-17,PAYX,131.27,130.39,131.45,129.91,131.12,1092880,150734927.56,130.9,0.3,360286560,360287000.0,41858236655.42,49831200000.0
2022-08-16,PAYX,131.12,128.39,131.19,127.8,128.71,1501812,206030299.3117,130.2,0.42,360286560,360287000.0,41809814141.76,49773570000.0
2022-08-13,PAYX,128.71,126.19,128.71,125.97,125.35,1824633,246303030.2604,128.11,0.51,359906880,359907000.0,40997859500.53,48806950000.0
2022-08-12,PAYX,125.35,127.0,127.2,125.2,126.08,1280004,170152979.7264,126.16,0.36,359906880,359907000.0,39927640402.16,47532890000.0
2022-08-11,PAYX,126.08,126.24,126.67,125.1,123.49,1171356,155558536.6476,126.04,0.33,359906880,359907000.0,40160425148.93,47810030000.0
2022-08-10,PAYX,123.49,123.74,124.45,123.05,123.49,978065,128278310.688,123.73,0.27,359906880,359907000.0,39573920897.28,47111780000.0
2022-08-09,PAYX,123.49,123.15,124.09,122.2,122.21,1310026,171175202.303,123.26,0.36,359906880,359907000.0,39573920897.28,47111780000.0
2022-08-06,PAYX,122.21,119.83,122.45,119.8,121.29,979371,126372353.4882,121.73,0.27,359906880,359907000.0,39165789518.58,46625910000.0
2022-08-05,PAYX,121.29,121.69,121.75,120.57,121.66,764771,98216105.7082,121.15,0.21,359906880,359907000.0,38869514174.96,46273210000.0
2022-08-04,PAYX,121.66,120.02,122.18,119.39,119.2,1154558,148381831.4114,121.24,0.32,359906880,359907000.0,38990442886.64,46417180000.0
2022-08-03,PAYX,119.2,119.18,120.0,118.21,119.41,1416346,178851074.0344,119.12,0.39,359906880,359907000.0,38201383042.93,45477800000.0
2022-08-02,PAYX,119.41,120.03,120.98,118.86,121.01,1472724,186824626.8332,119.67,0.41,359906880,359907000.0,38267893834.35,45556980000.0
2022-07-30,PAYX,121.01,121.06,121.69,120.27,121.0,1525913,195745798.1443,121.01,0.42,359906880,359907000.0,38781837835.78,46168840000.0
2022-07-29,PAYX,121.0,118.86,121.41,118.37,118.31,1234112,157684835.0528,120.53,0.34,359906880,359907000.0,38778817641.2,46165230000.0
2022-07-28,PAYX,118.31,114.96,118.9,114.63,114.36,2094956,260692763.2148,117.39,0.58,359906880,359907000.0,37914177352.69,45135910000.0
2022-07-27,PAYX,114.36,114.92,115.61,113.91,114.64,1633582,198194515.844,114.45,0.45,359906880,359907000.0,36650469292.42,43631490000.0
2022-07-26,PAYX,114.64,115.38,115.75,114.15,115.5,1499886,182490544.6645,114.78,0.42,359906880,359907000.0,36738145631.6,43735860000.0
2022-07-23,PAYX,115.5,115.73,117.08,114.74,115.14,1483087,181736012.7239,115.6,0.41,359906880,359907000.0,37016281668.47,44066980000.0
2022-07-22,PAYX,115.14,113.66,115.36,113.0,113.49,1429799,173623223.4861,114.55,0.4,359906880,359907000.0,36898376174.58,43926610000.0
2022-07-21,PAYX,113.49,112.75,114.22,112.15,112.42,2138539,256999373.4182,113.37,0.59,359906880,359907000.0,36369313060.98,43296770000.0
2022-07-20,PAYX,112.42,109.6,112.73,109.12,108.1,1702999,202029002.2987,111.91,0.47,359906880,359907000.0,36027686427.26,42890100000.0
2022-07-19,PAYX,108.1,109.2,110.18,107.55,108.49,1377792,158894013.9571,108.79,0.38,359906880,359907000.0,34643052678.53,41241730000.0
2022-07-16,PAYX,108.49,108.17,108.71,107.6,106.73,1613338,185138940.991,108.26,0.45,359906880,359907000.0,34767004608.0,41389290000.0
2022-07-15,PAYX,106.73,105.88,107.18,104.87,106.92,1240424,139719014.9586,106.26,0.34,359906880,359907000.0,34204686098.69,40719860000.0
2022-07-14,PAYX,106.92,105.96,108.0,105.84,108.34,1350152,153277774.4991,107.1,0.38,359906880,359907000.0,34265150454.53,40791840000.0
2022-07-13,PAYX,108.34,109.81,110.77,107.83,109.64,1266806,146278342.1812,108.93,0.35,359906880,359907000.0,34721659364.34,41335300000.0
2022-07-12,PAYX,109.64,109.59,110.22,108.73,110.18,1113005,129197631.53,109.5,0.31,359906880,359907000.0,35135840201.84,41828380000.0
2022-07-09,PAYX,110.18,109.15,110.45,108.18,109.92,1294508,150582219.1412,109.73,0.36,359906880,359907000.0,35311186833.78,42037120000.0
2022-07-08,PAYX,109.92,109.83,110.57,109.11,110.34,1548236,180160946.6108,109.77,0.43,359906880,359907000.0,35226536735.6,41936350000.0
2022-07-07,PAYX,110.34,109.59,111.24,108.64,109.02,1910144,222538843.5328,109.9,0.53,359906880,359907000.0,35362581536.24,42098300000.0
2022-07-06,PAYX,109.02,108.89,109.03,105.39,109.77,1427755,162849892.353,107.6,0.4,359906880,359907000.0,34939331045.36,41594440000.0
2022-07-02,PAYX,109.77,107.75,110.02,107.08,107.42,1693019,195691004.0832,109.04,0.47,359906880,359907000.0,35178165250.93,41878760000.0
2022-07-01,PAYX,107.42,106.91,110.02,106.77,108.34,2692264,308080373.2914,107.95,0.75,359906880,359907000.0,34425380997.5,40982590000.0
2022-06-30,PAYX,108.34,109.62,111.59,106.27,113.09,3477751,399061493.997,108.25,0.96,361000000,361000000.0,34827117032.4,41460850000.0
2022-06-29,PAYX,113.09,115.73,116.98,112.84,115.71,2431957,293802536.4087,113.97,0.67,361000000,361000000.0,36352414232.4,43276660000.0
2022-06-28,PAYX,115.71,115.4,117.66,115.26,115.5,2906718,358437599.1602,116.33,0.81,361000000,361000000.0,37195421432.4,44280260000.0
2022-06-25,PAYX,115.5,111.6,115.5,111.27,110.67,2321663,282509263.7086,114.79,0.64,361000000,361000000.0,37125673200.0,44197190000.0
2022-06-24,PAYX,110.67,110.12,111.0,108.99,109.08,1785543,208431612.4647,110.12,0.49,361000000,361000000.0,35573084400.0,42348910000.0
2022-06-23,PAYX,109.08,108.38,110.46,107.54,109.69,1760285,203803878.5893,109.22,0.49,361000000,361000000.0,35063644232.4,41742430000.0
2022-06-22,PAYX,109.69,107.74,109.94,107.62,106.6,1992798,230460512.4666,109.1,0.55,361000000,361000000.0,35260747200.0,41977070000.0
2022-06-18,PAYX,106.6,107.35,108.34,104.21,107.36,4520656,509232504.7858,106.27,1.25,361000000,361000000.0,34266120000.0,40792997000.0
2022-06-17,PAYX,107.36,109.14,109.53,106.46,111.27,2236537,254472061.5915,107.33,0.62,361000000,361000000.0,34511744400.0,41085410000.0
2022-06-16,PAYX,111.27,111.39,112.95,109.73,110.82,1380369,163096960.8511,111.46,0.38,361000000,361000000.0,35767158000.0,42579950000.0
2022-06-15,PAYX,110.82,111.35,111.36,109.61,110.57,1509665,177108161.073,110.67,0.42,361000000,361000000.0,35621605832.4,42406670000.0
2022-06-14,PAYX,110.57,111.43,112.15,110.0,113.8,1700993,200142748.6639,111.0,0.47,361000000,361000000.0,35542763432.4,42312810000.0
2022-06-11,PAYX,113.8,114.11,115.09,112.86,115.66,1360077,164323415.0784,113.98,0.38,361000000,361000000.0,36579844232.4,43547399000.0
2022-06-10,PAYX,115.66,118.07,118.43,115.64,118.49,1066170,131892809.4687,116.7,0.3,361000000,361000000.0,37177227032.4,44258590000.0
2022-06-09,PAYX,118.49,118.85,119.26,117.63,119.57,1187359,149135021.3257,118.49,0.33,361000000,361000000.0,38086947032.4,45341570000.0
2022-06-08,PAYX,119.57,117.56,119.81,116.66,118.8,1238537,156039437.1653,118.85,0.34,361000000,361000000.0,38435670000.0,45756740000.0
2022-06-07,PAYX,118.8,119.84,120.23,118.12,118.68,1210716,152775530.2476,119.04,0.34,361000000,361000000.0,38187013200.0,45460720000.0
2022-06-04,PAYX,118.68,118.33,119.19,117.74,118.82,1355399,170403215.5522,118.6,0.38,361000000,361000000.0,38150624400.0,45417387000.0
2022-06-03,PAYX,118.82,115.83,118.93,115.17,115.33,1551416,193746260.036,117.81,0.43,361000000,361000000.0,38193078000.0,45467934000.0
2022-06-02,PAYX,115.33,117.16,117.75,114.65,116.82,1483882,181645853.7132,115.48,0.41,361000000,361000000.0,37074122400.0,44135830000.0
2022-06-01,PAYX,116.82,116.53,117.68,115.22,117.05,2523538,312191680.7022,116.7,0.7,361000000,361000000.0,37550212232.4,44702590000.0
2022-05-28,PAYX,117.05,115.53,117.07,115.23,114.33,1560567,192681022.6962,116.47,0.43,361000000,361000000.0,37626022232.4,44792872000.0
2022-05-27,PAYX,114.33,111.97,115.03,111.5,111.31,1537403,185543787.1595,113.85,0.43,361000000,361000000.0,36752688000.0,43753184000.0
2022-05-26,PAYX,111.31,110.45,112.21,109.97,111.17,1413948,166917975.348,111.36,0.39,361000000,361000000.0,35779290632.4,42594390000.0
2022-05-25,PAYX,111.17,110.85,111.37,109.15,111.51,1625392,190099525.5451,110.33,0.45,361000000,361000000.0,35733801600.0,42540230000.0
2022-05-24,PAYX,111.51,111.46,112.17,109.61,110.68,1801544,212143714.2058,111.09,0.5,361000000,361000000.0,35846003432.4,42673810000.0
2022-05-21,PAYX,110.68,110.72,111.21,107.64,109.28,2266546,262904852.7711,109.42,0.63,361000000,361000000.0,35579152232.4,42356129000.0
2022-05-20,PAYX,109.28,110.09,110.78,108.71,110.79,2290329,265993084.2375,109.56,0.63,361000000,361000000.0,35127321600.0,41818230000.0
2022-05-19,PAYX,110.79,113.57,113.62,110.51,114.73,1606778,189759196.3776,111.41,0.45,361000000,361000000.0,35612508632.4,42395840000.0
2022-05-18,PAYX,114.73,114.87,115.34,114.08,113.26,1328536,161644170.8024,114.78,0.37,361000000,361000000.0,36880048800.0,43904778000.0
2022-05-17,PAYX,113.26,112.49,114.15,111.86,112.91,1152884,138194833.148,113.08,0.32,361000000,361000000.0,36406994400.0,43341618000.0
2022-05-14,PAYX,112.91,112.17,113.79,111.78,111.25,1336860,159883389.3006,112.82,0.37,361000000,361000000.0,36294798632.4,43208090000.0
2022-05-13,PAYX,111.25,110.8,111.59,109.11,111.52,2213867,259310463.0967,110.5,0.61,361000000,361000000.0,35761093200.0,42572720000.0
2022-05-12,PAYX,111.52,111.39,112.88,110.96,112.58,2805912,332325763.6824,111.73,0.78,361000000,361000000.0,35849035832.4,42677420000.0
2022-05-11,PAYX,112.58,114.64,115.32,111.38,112.71,2248891,270454577.7072,112.7,0.62,361000000,361000000.0,36428224232.4,43366890000.0
2022-05-10,PAYX,112.71,115.42,115.42,112.15,116.36,2423651,292673550.9023,113.17,0.67,361000000,361000000.0,36470677832.4,43417430000.0
2022-05-07,PAYX,116.36,115.8,117.07,114.72,116.76,1873355,232132288.773,116.13,0.52,361000000,361000000.0,37650281432.4,44821750000.0
2022-05-06,PAYX,116.76,123.12,123.41,115.64,124.14,2353480,295271154.5548,117.58,0.65,361000000,361000000.0,37780671600.0,44976980000.0
2022-05-05,PAYX,124.14,120.51,124.55,119.7,120.47,1916451,250396396.7913,122.45,0.53,361000000,361000000.0,40170205832.4,47821660000.0
2022-05-04,PAYX,120.47,120.18,120.93,119.28,119.63,1492153,191656309.3484,120.37,0.41,361000000,361000000.0,38981505032.4,46406530000.0
2022-05-03,PAYX,119.63,118.92,120.81,117.28,118.77,1985968,252301545.2528,119.06,0.55,361000000,361000000.0,38708586000.0,46081640000.0
2022-04-30,PAYX,118.77,123.69,123.7,118.5,124.08,1981541,254262226.0314,120.25,0.55,361000000,361000000.0,38429605200.0,45749490000.0
2022-04-29,PAYX,124.08,123.58,124.82,122.26,122.48,1469420,194098494.3922,123.79,0.41,361000000,361000000.0,40148976000.0,47796390000.0
2022-04-28,PAYX,122.48,122.48,124.54,122.0,121.37,1777671,233688558.7934,123.2,0.49,361000000,361000000.0,39630438632.4,47179080000.0
2022-04-27,PAYX,121.37,123.2,123.99,121.36,123.94,2248914,292630061.5175,121.94,0.62,361000000,361000000.0,39272612400.0,46753090000.0
2022-04-26,PAYX,123.94,123.25,123.99,120.28,123.1,2766153,361482810.3471,122.47,0.77,361000000,361000000.0,40103490000.0,47742240000.0
2022-04-23,PAYX,123.1,129.06,129.18,122.9,129.63,2375629,316500086.6054,124.85,0.66,361000000,361000000.0,39830577032.4,47417340000.0
2022-04-22,PAYX,129.63,131.31,132.39,129.23,130.85,1650807,230085038.9892,130.62,0.46,361000000,361000000.0,41944159832.4,49933516000.0
2022-04-21,PAYX,130.85,129.81,131.37,129.64,128.82,1829846,255241741.8326,130.72,0.51,361000000,361000000.0,42341404232.4,50406400000.0
2022-04-20,PAYX,128.82,127.4,129.19,126.38,127.22,2158796,295410076.3992,128.24,0.6,361000000,361000000.0,41683373432.4,49623040000.0
2022-04-19,PAYX,127.22,127.37,128.57,126.45,128.1,1457855,198370475.6355,127.52,0.4,361000000,361000000.0,41164830000.0,49005730000.0
2022-04-15,PAYX,128.1,129.22,129.81,127.86,129.22,1574919,216022347.2079,128.54,0.44,361000000,361000000.0,41449878632.4,49345080000.0
2022-04-14,PAYX,129.22,128.53,129.58,127.45,128.01,1394136,191606427.0864,128.8,0.39,361000000,361000000.0,41813763600.0,49778280000.0
2022-04-13,PAYX,128.01,129.35,130.15,127.57,128.24,1359652,186760588.6297,128.73,0.38,361000000,361000000.0,41419551600.0,49308960000.0
2022-04-12,PAYX,128.24,130.92,131.08,128.05,130.54,1575625,216520969.4375,128.78,0.44,361000000,361000000.0,41495361600.0,49399230000.0
2022-04-09,PAYX,130.54,130.27,132.04,129.71,131.05,2396688,335491741.6032,131.18,0.66,361000000,361000000.0,42238299600.0,50283680000.0
2022-04-08,PAYX,131.05,131.55,132.69,130.55,132.35,3452086,483436716.9243,131.24,0.96,361000000,361000000.0,42405081600.0,50482210000.0
2022-04-07,PAYX,132.35,130.25,133.0,129.45,130.5,2751556,386983265.8452,131.8,0.76,361000000,361000000.0,42826585200.0,50984020000.0
2022-04-06,PAYX,130.5,130.79,133.0,129.81,130.55,2723927,382623760.6579,131.64,0.75,361000000,361000000.0,42226170000.0,50269220000.0
2022-04-05,PAYX,130.55,130.51,130.84,128.58,130.14,2742180,380240578.0698,129.95,0.76,361000000,361000000.0,42244364400.0,50290890000.0
2022-04-02,PAYX,130.14,128.17,130.19,126.84,127.89,2305814,316544935.9549,128.65,0.64,361000000,361000000.0,42110938800.0,50132050000.0
2022-04-01,PAYX,127.89,129.24,131.83,127.84,128.29,3185568,438514491.8045,129.01,0.88,361000000,361000000.0,41383165832.4,49265660000.0
2022-03-31,PAYX,128.29,123.7,128.91,120.42,124.2,2875081,388485286.0923,126.63,0.8,361000000,361000000.0,41510523600.0,49417250000.0
2022-03-30,PAYX,124.2,122.54,124.42,121.97,121.71,2631171,346698614.8689,123.48,0.73,361000000,361000000.0,40188397200.0,47843320000.0
2022-03-29,PAYX,121.71,120.56,122.05,120.01,120.62,1812674,234321648.969,121.14,0.5,361000000,361000000.0,39381778800.0,46883060000.0
2022-03-26,PAYX,120.62,119.91,120.85,118.76,119.71,1213424,155597116.8352,120.17,0.34,361000000,361000000.0,39030023432.4,46464290000.0
2022-03-25,PAYX,119.71,118.36,119.74,117.43,117.5,1125851,143254632.2612,119.24,0.31,361000000,361000000.0,38735880632.4,46114120000.0
2022-03-24,PAYX,117.5,118.87,118.87,117.41,119.44,1562753,196500718.4953,117.84,0.43,361000000,361000000.0,38020234232.4,45262150000.0
2022-03-23,PAYX,119.44,118.76,119.97,118.28,118.7,1398389,177729522.489,119.11,0.39,361000000,361000000.0,38647938000.0,46009430000.0
2022-03-22,PAYX,118.7,119.44,119.87,117.24,120.08,1605282,202901544.7284,118.45,0.44,361000000,361000000.0,38408381432.4,45724220000.0
2022-03-19,PAYX,120.08,117.79,120.51,116.93,117.73,3561630,453366293.634,119.29,0.99,361000000,361000000.0,38854144232.4,46254900000.0
2022-03-18,PAYX,117.73,116.55,117.8,115.77,116.72,1414094,176582018.6526,117.03,0.39,361000000,361000000.0,38093008800.0,45348780000.0
2022-03-17,PAYX,116.72,114.7,116.83,113.66,114.16,1450010,178905873.3251,115.63,0.4,361000000,361000000.0,37768545032.4,44962530000.0
2022-03-16,PAYX,114.16,113.33,114.25,111.45,112.36,1321844,159883125.5008,113.35,0.37,361000000,361000000.0,36940699832.4,43976990000.0
2022-03-15,PAYX,112.36,113.19,114.07,111.64,113.01,1116439,134089582.3277,112.56,0.31,361000000,361000000.0,36355443600.0,43280260000.0
2022-03-12,PAYX,113.01,115.37,116.65,112.89,114.51,1071014,130324196.562,114.04,0.3,361000000,361000000.0,36567711600.0,43532980000.0
2022-03-11,PAYX,114.51,112.82,114.83,111.11,114.61,1317611,159898564.32,113.73,0.36,361000000,361000000.0,37052898632.4,44110560000.0
2022-03-10,PAYX,114.61,113.09,115.01,111.99,110.99,1679589,204343685.344,114.02,0.47,361000000,361000000.0,37086255032.4,44150290000.0
2022-03-09,PAYX,110.99,114.03,115.9,110.82,114.72,1958040,235685965.7124,112.8,0.54,361000000,361000000.0,35912713200.0,42753220000.0
2022-03-08,PAYX,114.72,115.79,116.98,114.26,115.81,2234138,275533558.5744,115.58,0.62,361000000,361000000.0,37119611432.4,44189980000.0
2022-03-05,PAYX,115.81,112.23,116.18,111.1,112.85,1967798,240783502.0962,114.67,0.55,361000000,361000000.0,37474402232.4,44612360000.0
2022-03-04,PAYX,112.85,113.9,114.31,112.45,112.81,1433624,172907827.9898,113.03,0.4,361000000,361000000.0,36516160800.0,43471580000.0
2022-03-03,PAYX,112.81,110.77,113.29,110.57,110.16,1332761,160070473.576,112.56,0.37,361000000,361000000.0,36504034232.4,43457160000.0
2022-03-02,PAYX,110.16,111.41,112.04,109.5,111.58,1468508,173088045.0328,110.46,0.41,361000000,361000000.0,35645865032.4,42435550000.0
2022-03-01,PAYX,111.58,109.88,111.87,109.5,111.18,1689279,200260140.1083,111.1,0.47,361000000,361000000.0,36103754400.0,42980640000.0
2022-02-26,PAYX,111.18,108.67,111.23,108.27,108.51,1259702,148362675.349,110.37,0.35,360756960,360757000.0,35952172816.9,42800200000.0
2022-02-25,PAYX,108.51,104.62,108.7,104.39,106.47,2456749,280120486.3792,106.85,0.68,360756960,360757000.0,35088520654.66,41772040000.0
2022-02-24,PAYX,106.47,108.87,109.43,106.22,108.33,1743025,199607911.2525,107.32,0.48,360756960,360757000.0,34427905539.86,40985590000.0
2022-02-23,PAYX,108.33,108.06,109.44,107.44,108.56,1746889,202185806.3045,108.47,0.48,360756960,360757000.0,35027913485.38,41699890000.0
2022-02-19,PAYX,108.56,108.65,109.72,108.03,109.04,1453012,168658818.3337,108.78,0.4,360756960,360757000.0,35103672446.98,41790083000.0
2022-02-18,PAYX,109.04,111.61,111.92,108.85,112.48,1898053,222130281.4218,109.68,0.53,360756960,360757000.0,35258223759.0,41974070000.0
2022-02-17,PAYX,112.48,112.21,113.07,110.82,112.56,2175171,260064119.063,112.05,0.6,360756960,360757000.0,36370365315.29,43298040000.0
2022-02-16,PAYX,112.56,112.14,112.59,111.36,111.03,1774646,212357512.1874,112.14,0.49,360756960,360757000.0,36397638541.46,43330480000.0
2022-02-15,PAYX,111.03,111.48,111.84,109.93,111.44,2687350,317703381.1035,110.79,0.74,360756960,360757000.0,35903687081.47,42742480000.0
2022-02-12,PAYX,111.44,112.06,113.6,111.2,112.81,2084839,249529584.7803,112.17,0.58,360756960,360757000.0,36033995525.78,42897610000.0
2022-02-11,PAYX,112.81,113.79,115.21,112.32,116.32,2448926,296917118.6481,113.62,0.68,360756960,360757000.0,36476424831.17,43424270000.0
2022-02-10,PAYX,116.32,114.72,116.49,114.18,113.41,2164265,267091727.2235,115.65,0.6,360756960,360757000.0,37612809255.17,44777140000.0
2022-02-09,PAYX,113.41,112.23,113.66,111.63,112.43,1569644,189214949.178,112.97,0.44,360756960,360757000.0,36673401161.69,43658770000.0
2022-02-08,PAYX,112.43,112.46,113.12,111.59,112.37,1386591,166429605.8889,112.48,0.38,360756960,360757000.0,36355213522.97,43279970000.0
2022-02-05,PAYX,112.37,110.83,112.83,109.79,111.39,1892451,225468126.1008,111.65,0.52,360756960,360757000.0,36337031372.18,43258340000.0
2022-02-04,PAYX,111.39,111.47,112.52,111.09,112.56,2009882,239676016.6416,111.75,0.56,360756960,360757000.0,36018843733.46,42879570000.0
2022-02-03,PAYX,112.56,110.06,112.87,110.06,110.68,2065080,247022825.1708,112.1,0.57,360756960,360757000.0,36397638541.46,43330480000.0
2022-02-02,PAYX,110.68,109.72,110.95,109.19,110.36,2017610,237155145.3621,110.16,0.56,360756960,360757000.0,35788536490.2,42605400000.0
2022-02-01,PAYX,110.36,107.24,110.71,106.7,108.08,2127734,248459775.9253,109.43,0.59,360756960,360757000.0,35685501272.06,42482730000.0
2022-01-29,PAYX,108.08,104.03,108.1,102.97,103.97,2813738,318376424.3166,106.04,0.78,360756960,360757000.0,34949127195.67,41606100000.0
2022-01-28,PAYX,103.97,106.53,107.19,102.99,105.8,2967270,332782327.4427,104.48,0.82,360756960,360757000.0,33818803488.6,40260480000.0
2022-01-27,PAYX,105.8,111.43,111.68,105.06,110.65,3430470,395576071.875,107.43,0.95,360756960,360757000.0,34415784106.01,40971170000.0
2022-01-26,PAYX,110.65,110.69,112.24,109.0,111.88,2318083,275218113.1078,110.61,0.64,360756960,360757000.0,35991570507.29,42847100000.0
2022-01-25,PAYX,111.88,110.08,111.99,107.41,110.55,3432704,404585358.848,109.8,0.95,360756960,360757000.0,36391574794.18,43323270000.0
2022-01-22,PAYX,110.55,113.0,113.68,110.52,112.72,2268003,271318930.887,111.45,0.63,360756960,360757000.0,35961263892.29,42811020000.0
2022-01-21,PAYX,112.72,112.65,115.55,112.41,112.98,1898144,231903674.223,113.82,0.53,360756960,360757000.0,36664310086.29,43647960000.0
2022-01-20,PAYX,112.98,115.01,115.94,112.87,114.62,1714346,209901969.8645,114.07,0.48,360756960,360757000.0,36749160123.29,43748960000.0
2022-01-19,PAYX,114.62,114.48,115.59,113.75,116.45,1887909,232347811.3726,114.65,0.52,360756960,360757000.0,37282500182.59,44383930000.0
2022-01-15,PAYX,116.45,116.99,118.05,115.66,117.97,1602300,200750084.01,116.72,0.44,360756960,360757000.0,37879480800.0,45094580000.0
2022-01-14,PAYX,117.97,119.67,120.11,117.75,119.51,1459274,185947259.813,118.71,0.4,360756960,360757000.0,38373432259.99,45682640000.0
2022-01-13,PAYX,119.51,121.1,121.1,118.72,119.96,1213901,155605841.9266,119.42,0.34,360756960,360757000.0,38873438376.19,46277880000.0
2022-01-12,PAYX,119.96,119.29,120.18,117.3,117.92,1847935,236858144.6575,119.41,0.51,360756960,360757000.0,39021928971.29,46454660000.0
2022-01-11,PAYX,117.92,119.15,119.15,116.79,120.03,2127616,268533223.7312,117.58,0.59,360756960,360757000.0,38358280467.67,45664580000.0
2022-01-08,PAYX,120.03,121.81,122.4,119.93,121.85,1555529,201690216.8011,120.79,0.43,360756960,360757000.0,39043138450.18,46479890000.0
2022-01-07,PAYX,121.85,122.68,123.44,121.39,122.68,2453339,321693831.0411,122.16,0.68,360756960,360757000.0,39637091739.48,47186980000.0
2022-01-06,PAYX,122.68,124.76,125.5,122.61,125.07,1796262,238737410.2698,123.82,0.5,360756960,360757000.0,39906793642.77,47508070000.0
2022-01-05,PAYX,125.07,125.13,126.59,124.29,125.31,1873353,251927406.1617,125.28,0.52,360756960,360757000.0,40682562379.2,48431590000.0
2022-01-04,PAYX,125.31,126.71,127.49,123.93,127.16,2448358,328578727.0082,125.03,0.68,360756960,360757000.0,40761351699.26,48525390000.0
2022-01-01,PAYX,127.16,127.18,127.9,126.55,127.12,1004384,137331342.6934,127.38,0.28,360756960,360757000.0,41364393033.6,49243300000.0
2021-12-31,PAYX,127.12,128.18,129.46,126.95,127.98,1063482,145650889.516,127.59,0.29,360756960,360757000.0,41349241241.28,49225280000.0
2021-12-30,PAYX,127.98,126.39,128.65,126.39,126.56,1311770,179992303.6587,127.83,0.36,360756960,360757000.0,41631067608.79,49560780000.0
2021-12-29,PAYX,126.56,126.72,127.54,125.94,126.36,1079146,146618710.863,126.57,0.3,360756960,360757000.0,41167422763.8,49008800000.0
2021-12-28,PAYX,126.36,125.44,126.56,124.26,125.06,1990235,268193918.4015,125.54,0.55,360756960,360757000.0,41103782205.7,48933070000.0
2021-12-24,PAYX,125.06,124.84,127.82,124.76,124.29,2841722,383490128.145,125.72,0.79,360756960,360757000.0,40679535051.09,48427990000.0
2021-12-23,PAYX,124.29,120.95,126.2,118.31,117.78,4604238,613669922.363,124.17,1.28,360756960,360757000.0,40428015298.58,48128570000.0
2021-12-22,PAYX,117.78,116.16,118.08,115.69,115.33,2583433,325891315.1121,117.52,0.72,360756960,360757000.0,38312822060.35,45610470000.0
2021-12-21,PAYX,115.33,113.82,115.4,113.24,115.42,1586068,195178673.1576,114.64,0.44,360756960,360757000.0,37515840814.68,44661680000.0
2021-12-18,PAYX,115.42,115.65,116.96,115.1,116.13,3259159,404755640.6334,115.7,0.9,360756960,360757000.0,37543111010.5,44694160000.0
2021-12-17,PAYX,116.13,117.24,117.78,115.54,116.71,1512530,188887620.207,116.34,0.42,360756960,360757000.0,37773418253.76,44968340000.0
2021-12-16,PAYX,116.71,114.28,116.94,114.12,114.06,1472190,182764453.3959,115.65,0.41,360756960,360757000.0,37964330836.99,45195590000.0
2021-12-15,PAYX,114.06,115.03,115.73,112.97,115.89,1778307,217811842.7889,114.11,0.49,360756960,360757000.0,37100678674.75,44167450000.0
2021-12-14,PAYX,115.89,115.82,116.41,114.65,115.75,1404949,174624778.1269,115.79,0.39,360756960,360757000.0,37697659292.16,44878150000.0
2021-12-11,PAYX,115.75,114.36,115.79,114.04,113.95,1168627,144509610.1152,115.2,0.32,360756960,360757000.0,37652203915.2,44824040000.0
2021-12-10,PAYX,113.95,114.63,115.02,113.73,114.63,1106839,135648554.0295,114.17,0.31,360756960,360757000.0,37067347762.01,44127760000.0
2021-12-09,PAYX,114.63,115.06,115.69,114.03,114.71,1357763,166969139.8331,114.56,0.38,360756960,360757000.0,37285530541.06,44387530000.0
2021-12-08,PAYX,114.71,114.24,115.51,114.24,113.59,1214603,149728982.368,114.84,0.34,360756960,360757000.0,37312806797.59,44419970000.0
2021-12-07,PAYX,113.59,112.65,113.89,112.31,111.61,1529703,186204168.4671,113.4,0.42,360756960,360757000.0,36949160751.55,43987070000.0
2021-12-04,PAYX,111.61,112.48,113.0,110.58,112.4,1285376,153860406.9632,111.51,0.36,360756960,360757000.0,36303697429.08,43218660000.0
2021-12-03,PAYX,112.4,110.38,113.05,110.28,109.74,1396785,168459129.2144,112.36,0.39,360756960,360757000.0,36561274868.16,43525320000.0
2021-12-02,PAYX,109.74,112.48,113.17,109.71,111.05,1956735,233947451.8408,111.38,0.54,360756960,360757000.0,35697625736.28,42497170000.0
2021-12-01,PAYX,111.05,115.32,115.52,110.2,115.27,3420367,410173181.1373,111.72,0.95,360756960,360757000.0,36121872890.88,43002220000.0
2021-11-30,PAYX,115.27,115.25,115.93,114.51,114.08,1824589,226071503.4903,115.43,0.51,360590720,360591000.0,37477347419.9,44615880000.0
2021-11-27,PAYX,114.08,115.82,116.62,113.82,116.53,886339,109123132.7613,114.7,0.25,360590720,360591000.0,37089640277.76,44154305000.0
2021-11-25,PAYX,116.53,116.35,117.05,116.04,116.89,1421702,177864744.1608,116.55,0.39,360590720,360591000.0,37886260325.35,45102650000.0
2021-11-24,PAYX,116.89,115.59,117.03,115.27,115.87,1511009,188838500.8759,116.43,0.42,360590720,360591000.0,38004389845.22,45243310000.0
2021-11-23,PAYX,115.87,116.32,118.15,115.54,116.44,1424342,178371502.377,116.67,0.4,360590720,360591000.0,37674232981.99,44850260000.0
2021-11-20,PAYX,116.44,117.54,117.57,116.32,116.93,1145463,143644496.589,116.83,0.32,360590720,360591000.0,37858999666.91,45070210000.0
2021-11-19,PAYX,116.93,117.22,117.34,116.19,117.24,773788,97129738.7,116.94,0.21,360590720,360591000.0,38016502664.45,45257730000.0
2021-11-18,PAYX,117.24,116.02,117.37,115.83,116.5,777962,97630185.5976,116.91,0.22,360590720,360591000.0,38119490403.04,45380320000.0
2021-11-17,PAYX,116.5,115.92,117.29,115.92,115.97,1124432,140889980.2816,116.73,0.31,360590720,360591000.0,37877173439.2,45091840000.0
2021-11-16,PAYX,115.97,116.18,116.4,114.91,116.08,953013,118307996.3631,115.65,0.26,360590720,360591000.0,37704519573.5,44886300000.0
2021-11-13,PAYX,116.08,115.25,116.55,114.97,114.96,729908,90936756.0328,116.07,0.2,360590720,360591000.0,37740870147.04,44929590000.0
2021-11-12,PAYX,114.96,114.78,115.34,114.35,114.69,671720,82921624.0412,115.0,0.19,360590720,360591000.0,37377391672.32,44496852000.0
2021-11-11,PAYX,114.69,114.59,115.53,114.21,114.56,923093,113647988.5654,114.7,0.26,360590720,360591000.0,37289554801.89,44392280000.0
2021-11-10,PAYX,114.56,114.77,114.87,113.41,114.77,1164644,142794450.2696,114.22,0.32,360590720,360591000.0,37247149333.22,44341820000.0
2021-11-09,PAYX,114.77,116.37,116.73,114.04,116.11,1039064,128036167.6464,114.8,0.29,360590720,360591000.0,37313786498.27,44421160000.0
2021-11-06,PAYX,116.11,116.18,117.21,115.78,115.28,1149889,143543403.6036,116.3,0.32,360590720,360591000.0,37749957033.19,44940411000.0
2021-11-05,PAYX,115.28,114.86,115.75,114.38,115.01,952241,117577862.2509,115.03,0.26,360590720,360591000.0,37480379410.91,44619490000.0
2021-11-04,PAYX,115.01,115.14,115.39,113.29,114.99,945948,116373171.6144,114.61,0.26,360590720,360591000.0,37392536482.56,44514920000.0
2021-11-03,PAYX,114.99,113.82,115.01,113.42,113.28,1424875,175290416.5487,114.61,0.4,360590720,360591000.0,37386478558.46,44507710000.0
2021-11-02,PAYX,113.28,114.85,114.85,112.66,114.85,1196621,145500856.9151,113.28,0.33,360590720,360591000.0,36832181532.64,43847800000.0
2021-10-30,PAYX,114.85,114.78,115.38,114.24,114.31,1280279,157893109.0637,114.89,0.36,360590720,360591000.0,37341044127.74,44453600000.0
2021-10-29,PAYX,114.31,113.47,114.52,113.18,113.49,1256912,154574157.9216,113.96,0.35,360590720,360591000.0,37365278853.09,44482430000.0
2021-10-28,PAYX,113.49,114.34,114.86,112.79,114.47,1231593,151532628.6906,114.01,0.34,360590720,360591000.0,37098727163.9,44165120000.0
2021-10-27,PAYX,114.47,114.39,114.88,113.81,114.14,998833,123307142.4379,114.39,0.28,360590720,360591000.0,37416768178.94,44543750000.0
2021-10-26,PAYX,114.14,114.3,114.96,113.98,114.69,910603,112372507.9135,114.35,0.25,360590720,360591000.0,37310754507.26,44417550000.0
2021-10-23,PAYX,114.69,113.51,115.1,113.45,113.4,1197823,148071297.7692,114.55,0.33,360590720,360591000.0,37489466297.06,44630301000.0
2021-10-22,PAYX,113.4,112.84,113.52,112.35,112.95,1067893,130496642.0682,113.23,0.3,360590720,360591000.0,37068440572.39,44129070000.0
2021-10-21,PAYX,112.95,113.05,113.27,112.39,112.87,901208,109803182.72,112.9,0.25,360590720,360591000.0,36920018403.07,43952370000.0
2021-10-20,PAYX,112.87,111.52,112.9,111.24,111.3,1401338,169866422.7608,112.32,0.39,360590720,360591000.0,36895786706.69,43923540000.0
2021-10-19,PAYX,111.3,110.09,111.39,109.51,110.41,1305904,156219954.3726,110.85,0.36,360590720,360591000.0,36380866187.49,43310530000.0
2021-10-16,PAYX,110.41,110.2,110.71,109.86,110.04,1778929,211817805.3909,110.33,0.49,360590720,360591000.0,36090082801.92,42964380000.0
2021-10-15,PAYX,110.04,109.94,110.31,109.47,108.84,1307745,155257448.0175,110.01,0.36,360590720,360591000.0,35968924320.0,42820140000.0
2021-10-14,PAYX,108.84,109.16,109.41,107.58,108.72,1146000,134250920.4,108.55,0.32,360590720,360591000.0,35578191244.77,42354980000.0
2021-10-13,PAYX,108.72,108.49,109.76,108.46,108.73,1010582,118838794.0466,108.97,0.28,360590720,360591000.0,35538814738.15,42308110000.0
2021-10-12,PAYX,108.73,109.86,109.86,108.71,109.96,1059455,124829024.6235,109.18,0.29,360590720,360591000.0,35541840671.23,42311710000.0
2021-10-09,PAYX,109.96,110.27,110.48,109.41,109.94,1099753,130476246.5717,109.94,0.3,360590720,360591000.0,35944692623.62,42791300000.0
2021-10-07,PAYX,109.38,107.8,109.49,107.53,108.26,1516820,178046773.6802,108.77,0.42,360590720,360591000.0,35753868014.59,42564120000.0
2021-10-06,PAYX,108.26,105.17,108.7,105.05,106.57,1848400,214655616.2,107.61,0.51,360590720,360591000.0,35387366635.75,42127810000.0
2021-10-02,PAYX,106.7,105.02,107.07,103.18,104.2,2182252,249320567.0209,105.87,0.61,360590720,360591000.0,34878497982.72,41522020000.0
2021-10-01,PAYX,104.2,105.63,106.24,102.95,99.94,4219621,477780554.6705,104.92,1.17,360590720,360591000.0,34060678229.76,40548420000.0
2021-09-30,PAYX,99.94,98.92,100.71,98.79,98.9,1714967,185304242.3104,100.12,0.48,360590720,360591000.0,32667358716.64,38889710000.0
2021-09-29,PAYX,98.9,99.86,100.23,98.73,100.79,1442972,154423559.0341,99.17,0.4,360590720,360591000.0,32328111938.3,38485840000.0
2021-09-28,PAYX,100.79,101.52,101.78,100.67,101.91,1273357,138903639.0022,101.08,0.35,360590720,360591000.0,32946023225.06,39221450000.0
2021-09-25,PAYX,101.91,101.82,102.25,101.35,102.22,1055546,115957333.0493,101.79,0.29,360590720,360591000.0,33312524603.9,39657760000.0
2021-09-24,PAYX,102.22,101.45,102.61,101.34,101.35,1072282,118311521.2084,102.24,0.3,360590720,360591000.0,33412480351.49,39776760000.0
2021-09-23,PAYX,101.35,100.54,101.7,100.13,100.54,1610620,175772291.7522,101.13,0.45,360590720,360591000.0,33127757918.98,39437800000.0
2021-09-21,PAYX,100.43,99.71,100.73,99.47,100.8,1947198,210260017.2704,100.06,0.54,360590720,360591000.0,32827893705.19,39080820000.0
2021-09-18,PAYX,100.8,101.49,101.49,100.0,101.35,3614539,393124888.3173,100.78,1.0,360590720,360591000.0,32949049158.14,39225050000.0
2021-09-17,PAYX,101.35,101.6,101.92,101.11,101.66,1134147,124109479.3806,101.4,0.31,360590720,360591000.0,33127757918.98,39437800000.0
2021-09-16,PAYX,101.66,101.61,102.31,101.24,101.61,1285044,141202433.7816,101.82,0.36,360590720,360591000.0,33230745657.57,39560410000.0
2021-09-14,PAYX,101.42,102.96,103.5,100.89,102.21,1442639,158255348.7679,101.65,0.4,360590720,360591000.0,33151989615.36,39466650000.0
2021-09-11,PAYX,102.21,103.22,103.51,102.11,103.15,1257564,139299245.048,102.64,0.35,360590720,360591000.0,33409454418.4,39773150000.0
2021-09-10,PAYX,103.15,104.15,104.54,103.1,103.87,853714,95469308.4719,103.62,0.24,360590720,360591000.0,33718408547.3,40140960000.0
2021-09-09,PAYX,103.87,103.0,103.9,102.9,103.12,1214982,135777154.4568,103.55,0.34,360590720,360591000.0,33951635596.03,40418610000.0
2021-09-08,PAYX,103.12,105.06,105.06,102.96,105.26,963355,107512055.7035,103.41,0.27,360590720,360591000.0,33709318632.19,40130140000.0
2021-09-03,PAYX,105.38,105.53,105.78,104.98,105.28,1089097,123761715.789,105.3,0.3,360590720,360591000.0,34445359438.82,41006380000.0
2021-09-01,PAYX,106.07,106.47,106.51,105.46,106.12,1440660,164719172.1006,105.95,0.4,360590720,360591000.0,34672531592.42,41276820000.0
2021-08-28,PAYX,105.98,105.19,106.27,105.11,105.07,1264878,144619320.1788,105.95,0.35,360620320,360620000.0,34645082638.66,41244140000.0
2021-08-27,PAYX,105.07,105.97,106.26,104.76,105.85,1754104,199627910.6448,105.46,0.49,360620320,360620000.0,34348219991.23,40890730000.0
2021-08-26,PAYX,105.85,105.68,106.53,105.6,105.9,993075,113626946.3475,106.02,0.28,360620320,360620000.0,34602673689.02,41193660000.0
2021-08-24,PAYX,107.0,107.23,107.61,106.66,106.95,1531905,177255195.645,107.22,0.42,360620320,360620000.0,34978298843.55,41640820000.0
2021-08-21,PAYX,106.95,106.86,107.16,106.33,106.8,1567819,180741309.958,106.82,0.43,360620320,360620000.0,34963149760.9,41622790000.0
2021-08-20,PAYX,106.8,105.86,107.09,105.66,106.29,1338036,153773653.4964,106.49,0.37,360620320,360620000.0,34914682389.89,41565090000.0
2021-08-19,PAYX,106.29,108.17,108.71,106.15,108.45,1072032,123800613.8304,107.01,0.3,360620320,360620000.0,34748078831.26,41366760000.0
2021-08-18,PAYX,108.45,109.03,109.2,107.91,109.52,1023894,119930045.5211,108.54,0.28,360620320,360620000.0,35453881892.35,42207000000.0
2021-08-17,PAYX,109.52,108.4,109.55,107.91,108.57,950554,111872040.5411,109.06,0.26,360620320,360620000.0,35802244150.68,42621710000.0
2021-08-14,PAYX,108.57,107.94,108.77,107.78,107.96,822894,96369371.4371,108.52,0.23,359830080,359830000.0,35415483997.82,42161286000.0
2021-08-12,PAYX,108.19,107.59,108.52,107.3,107.37,992146,115796643.6633,108.15,0.28,359830080,359830000.0,35291558518.27,42013750000.0
2021-08-11,PAYX,107.37,106.72,107.43,106.31,106.73,972545,112348301.1455,107.04,0.27,359830080,359830000.0,35022549550.46,41693510000.0
2021-08-10,PAYX,106.73,106.51,107.44,106.02,106.94,953211,109670747.9261,106.61,0.26,359830080,359830000.0,34813992036.1,41445220000.0
2021-08-07,PAYX,106.94,106.56,107.17,106.25,106.84,1036525,119483139.02,106.81,0.29,359830080,359830000.0,34883514230.12,41527990000.0
2021-08-06,PAYX,106.84,106.33,106.98,105.76,105.88,1036382,119190780.485,106.57,0.29,359830080,359830000.0,34850265930.73,41488410000.0
2021-08-05,PAYX,105.88,106.18,106.43,105.3,106.38,1081383,123608781.4746,105.92,0.3,359830080,359830000.0,34535915350.27,41114180000.0
2021-08-04,PAYX,106.38,105.05,106.53,104.05,104.93,1131009,129130475.6653,105.8,0.31,359830080,359830000.0,34699137297.13,41308490000.0
2021-08-03,PAYX,104.93,105.77,106.45,104.85,105.47,1140125,129654216.9125,105.38,0.32,359830080,359830000.0,34227615960.3,40747160000.0
2021-07-31,PAYX,105.47,104.41,105.64,104.41,104.68,1289995,146636827.638,105.33,0.36,359830080,359830000.0,34402925175.28,40955860000.0
2021-07-30,PAYX,104.68,104.33,105.16,104.09,103.89,922169,104900781.2936,104.8,0.26,359830080,359830000.0,34345496294.51,40887490000.0
2021-07-29,PAYX,103.89,103.95,104.25,103.3,104.3,1130178,127436158.8528,103.88,0.31,359830080,359830000.0,34085555044.72,40578040000.0
2021-07-28,PAYX,104.3,103.95,104.94,103.32,103.81,1231919,139085133.4028,104.01,0.34,359830080,359830000.0,34221570814.96,40739960000.0
2021-07-27,PAYX,103.81,103.4,103.84,102.89,103.41,1328907,149441173.5594,103.6,0.37,359830080,359830000.0,34058348868.1,40545650000.0
2021-07-24,PAYX,103.41,102.37,103.64,102.12,102.2,1271770,142562759.0007,103.27,0.35,359830080,359830000.0,33928378243.2,40390922000.0
2021-07-23,PAYX,102.2,102.68,102.96,101.42,102.62,1020508,113076776.6352,102.08,0.28,359830080,359830000.0,33532424245.74,39919550000.0
2021-07-22,PAYX,102.62,101.94,102.69,101.12,101.76,1947797,215661077.2165,102.0,0.54,359830080,359830000.0,33668436993.41,40081470000.0
2021-07-21,PAYX,101.76,101.24,102.62,100.9,100.79,2460406,272674987.0312,102.1,0.68,359830080,359830000.0,33387340757.48,39746830000.0
2021-07-20,PAYX,100.79,102.3,102.85,100.17,103.04,2167859,237710530.3184,101.02,0.6,359830080,359830000.0,33069970626.92,39369010000.0
2021-07-17,PAYX,103.04,104.09,104.2,102.96,103.8,4006137,448961764.3845,103.24,1.11,359830080,359830000.0,33807478358.89,40247000000.0
2021-07-16,PAYX,103.8,103.53,104.05,103.26,103.48,1982271,223089337.5633,103.68,0.55,359830080,359830000.0,34055326295.42,40542050000.0
2021-07-15,PAYX,103.48,103.11,103.7,102.8,102.84,1092010,122532705.8041,103.37,0.3,359830080,359830000.0,33952561847.15,40419710000.0
2021-07-14,PAYX,102.84,103.11,103.53,102.44,102.88,1292150,144347368.65,102.91,0.36,359830080,359830000.0,33740981760.11,40167830000.0
2021-07-10,PAYX,103.09,100.97,103.3,100.97,101.54,1562650,174058583.02,102.61,0.43,359830080,359830000.0,33822588199.68,40264980000.0
2021-07-09,PAYX,101.54,102.18,102.71,100.31,101.16,2370331,261591412.095,101.67,0.66,359830080,359830000.0,33314799013.36,39660470000.0
2021-07-07,PAYX,100.02,100.75,100.75,98.97,100.17,1509829,163319274.9086,99.65,0.42,359830080,359830000.0,32816074522.48,39066750000.0
2021-07-03,PAYX,100.17,100.58,100.68,99.17,99.93,1660536,180164668.8744,99.95,0.46,359830080,359830000.0,32864432662.66,39124320000.0
2021-07-01,PAYX,98.85,99.16,99.57,98.42,99.07,2102277,225555822.0624,98.84,0.58,359830080,359830000.0,32432207793.13,38609770000.0
2021-06-22,PAYX,95.5,94.52,95.72,94.01,93.99,988671,102349495.8633,95.37,0.27,360360000,360360000.0,31378133811.02,37354920000.0
2021-06-19,PAYX,93.99,94.88,95.44,93.72,96.03,2246760,229917488.8716,94.27,0.62,360360000,360360000.0,30881701875.02,36763930000.0
2021-06-17,PAYX,95.64,96.37,96.5,94.95,96.12,1007253,104771949.0,95.83,0.28,360360000,360360000.0,31426566195.02,37412570000.0
2021-06-16,PAYX,96.12,96.42,96.43,95.59,96.26,1378945,143770198.4345,96.05,0.38,360360000,360360000.0,31583968416.0,37599960000.0
2021-06-15,PAYX,96.26,96.57,96.71,94.92,96.73,1037241,107809584.8508,95.75,0.29,360360000,360360000.0,31629376803.02,37654020000.0
2021-06-12,PAYX,96.73,96.56,96.89,96.21,96.54,901086,94469495.8056,96.58,0.25,360360000,360360000.0,31783752000.0,37837800000.0
2021-06-11,PAYX,96.54,95.53,96.84,95.31,95.42,2655211,277749169.7704,96.37,0.74,360360000,360360000.0,31720184496.0,37762120000.0
2021-06-10,PAYX,95.42,95.34,96.02,95.0,94.92,811534,84200150.2115,95.58,0.23,360360000,360360000.0,31353917619.02,37326090000.0
2021-06-09,PAYX,94.92,93.97,95.18,93.9,93.74,933335,95987447.4058,94.74,0.26,360360000,360360000.0,31187428272.0,37127890000.0
2021-06-08,PAYX,93.74,94.54,94.88,93.4,94.48,1205779,122736377.0457,93.77,0.33,360360000,360360000.0,30799969200.0,36666630000.0
2021-06-05,PAYX,94.48,94.58,94.75,93.96,93.84,1068990,109593827.5809,94.45,0.3,360360000,360360000.0,31045158144.0,36958520000.0
2021-06-04,PAYX,93.84,93.1,94.13,92.76,93.86,925126,94179871.3285,93.78,0.26,360360000,360360000.0,30833269491.02,36706270000.0
2021-06-03,PAYX,93.86,92.29,94.33,92.01,93.04,1262839,128690252.3429,93.88,0.35,360360000,360360000.0,30839323539.02,36713480000.0
2021-06-02,PAYX,93.04,93.29,94.09,92.57,93.17,924365,93414015.9875,93.1,0.26,360360000,360360000.0,30569918403.02,36392750000.0
2021-05-29,PAYX,93.17,92.92,93.69,92.92,92.94,1041160,105409339.3636,93.27,0.29,360360000,360360000.0,30615320736.0,36446810000.0
2021-05-28,PAYX,92.94,92.8,93.37,92.4,92.67,1223156,123452645.8176,92.98,0.34,360360000,360360000.0,30536621139.02,36353110000.0
2021-05-27,PAYX,92.67,92.81,93.29,92.28,93.13,1433414,144062263.9006,92.59,0.4,360360000,360360000.0,30448834416.0,36248610000.0
2021-05-26,PAYX,93.13,94.03,94.03,92.94,93.87,1134213,114909512.2194,93.33,0.31,360360000,360360000.0,30600185616.0,36428790000.0
2021-05-25,PAYX,93.87,93.5,94.14,93.16,92.82,1993173,202994106.2331,93.82,0.55,360360000,360360000.0,30842347536.0,36717080000.0
2021-05-22,PAYX,92.82,93.09,93.77,92.47,92.7,2646540,266888209.068,92.9,0.73,360360000,360360000.0,30497266800.0,36306270000.0
2021-05-21,PAYX,92.7,90.88,93.14,90.66,91.1,1609822,161865670.3136,92.63,0.45,360360000,360360000.0,30457915488.0,36259420000.0
2021-05-20,PAYX,91.1,90.66,91.16,89.57,91.3,1738642,170991977.3251,90.6,0.48,360360000,360360000.0,29934240336.0,35636000000.0
2021-05-19,PAYX,91.3,92.08,92.1,91.24,91.99,1468922,146143349.4401,91.65,0.41,360360000,360360000.0,29997809958.92,35711680000.0
2021-05-15,PAYX,92.23,91.39,92.53,91.0,90.77,1027019,102651987.9036,92.08,0.28,360360000,360360000.0,30303540291.02,36075640000.0
2021-05-14,PAYX,90.77,89.18,91.23,88.9,88.75,1261205,123868494.8744,90.48,0.35,360360000,360360000.0,29825267169.3,35506270000.0
2021-05-13,PAYX,88.75,90.16,90.74,88.55,91.23,1769824,171320724.1749,89.18,0.49,360360000,360360000.0,29162348307.89,34717080000.0
2021-05-12,PAYX,91.23,91.5,91.92,90.39,91.92,1450424,143497563.5506,91.14,0.4,360360000,360360000.0,29976618369.3,35686450000.0
2021-05-11,PAYX,91.92,92.57,93.91,91.89,92.44,2349005,237325142.961,92.46,0.65,360360000,360360000.0,30403432083.02,36194550000.0
2021-05-08,PAYX,92.44,93.02,93.08,91.42,92.97,1406040,142041689.9604,92.45,0.39,360360000,360360000.0,30575969424.0,36399961000.0
2021-05-07,PAYX,92.97,92.23,93.03,91.71,91.87,1518070,153506798.1597,92.54,0.42,360360000,360360000.0,30751536816.0,36608970000.0
2021-05-06,PAYX,91.87,92.46,92.48,91.06,92.23,1651869,165689084.6947,91.8,0.46,360360000,360360000.0,30385269939.02,36172940000.0
2021-05-05,PAYX,92.23,90.28,92.3,89.99,90.66,2181355,218188965.0111,91.54,0.61,360360000,360360000.0,30506347872.0,36317080000.0
2021-05-01,PAYX,89.22,90.52,90.79,88.99,90.92,2380234,232461761.8972,89.38,0.66,360360000,360360000.0,29510458792.21,35131500000.0
2021-04-30,PAYX,90.92,90.05,91.3,89.51,89.55,1590257,157498267.693,90.64,0.44,360360000,360360000.0,30073485558.92,35801770000.0
2021-04-29,PAYX,89.55,90.72,90.73,89.19,90.71,1759450,172409562.9295,89.68,0.49,360360000,360360000.0,29619431958.92,35261230000.0
2021-04-28,PAYX,90.71,90.16,90.81,89.81,90.47,1191603,117831420.7596,90.5,0.33,360360000,360360000.0,30003860677.19,35718880000.0
2021-04-27,PAYX,90.47,90.67,91.32,90.18,90.81,1026821,101704461.6723,90.65,0.28,360360000,360360000.0,29922134358.92,35621580000.0
2021-04-24,PAYX,90.81,90.09,91.2,89.67,89.94,1277107,126661806.9125,90.77,0.35,360360000,360360000.0,30037157941.19,35758520000.0
2021-04-23,PAYX,89.94,89.51,90.56,89.32,89.89,1627841,160104507.6742,90.01,0.45,360360000,360360000.0,29749591569.3,35416180000.0
2021-04-22,PAYX,89.89,89.57,90.11,88.97,89.24,1222932,119952021.4251,89.77,0.34,360360000,360360000.0,29731430333.4,35394550000.0
2021-04-21,PAYX,89.24,88.65,89.41,88.32,88.25,1301600,126605068.7784,89.02,0.36,360360000,360360000.0,29516509510.49,35138700000.0
2021-04-20,PAYX,88.25,88.97,89.06,87.78,89.23,1998010,192464497.091,88.16,0.55,360360000,360360000.0,29189590313.08,34749510000.0
2021-04-17,PAYX,89.23,88.41,89.32,88.01,88.14,1781973,173001066.732,88.85,0.49,360360000,360360000.0,29513484000.0,35135098000.0
2021-04-16,PAYX,88.14,88.9,89.13,87.93,88.54,1747568,168731882.8156,88.36,0.48,360360000,360360000.0,29153267538.6,34706270000.0
2021-04-15,PAYX,88.54,88.02,89.0,87.27,88.11,1411620,136496025.6055,88.49,0.39,360360000,360360000.0,29286457200.0,34864830000.0
2021-04-14,PAYX,88.11,87.63,88.37,86.95,87.72,1767918,169953662.8961,87.98,0.49,360360000,360360000.0,29144186769.3,34695460000.0
2021-04-13,PAYX,87.72,88.38,88.49,87.18,88.19,1752096,167720444.3618,87.61,0.49,360360000,360360000.0,29014027158.92,34540510000.0
2021-04-10,PAYX,88.19,87.97,88.34,87.1,87.89,1454749,139556681.3897,87.8,0.4,360360000,360360000.0,29168403566.7,34724290000.0
2021-04-09,PAYX,87.89,87.52,88.28,86.94,86.77,2178079,208822228.5513,87.74,0.6,360360000,360360000.0,29071536679.79,34608970000.0
2021-04-08,PAYX,86.77,87.28,88.62,86.52,87.33,2520240,240203570.352,87.23,0.7,360360000,360360000.0,28699213938.6,34165730000.0
2021-04-07,PAYX,87.33,86.95,87.67,84.87,91.85,4126469,391635761.6517,86.86,1.15,360360000,360360000.0,28883862705.3,34385550000.0
2021-04-06,PAYX,91.85,91.2,92.57,91.02,90.38,2382807,239080608.3099,91.83,0.66,360360000,360360000.0,30379215891.02,36165730000.0
2021-04-02,PAYX,90.38,89.18,90.63,89.18,89.71,2235047,219872306.0857,90.03,0.62,360360000,360360000.0,29894887510.49,35589150000.0
2021-04-01,PAYX,89.71,90.81,91.35,89.54,90.81,2176079,213955125.0863,89.98,0.6,360360000,360360000.0,29670890761.51,35322490000.0
2021-03-31,PAYX,90.81,91.55,91.96,89.93,91.78,1548100,153571067.9548,90.79,0.43,360631040,360631000.0,30059749991.61,35785410000.0
2021-03-30,PAYX,91.78,92.06,92.34,90.69,92.27,1538802,153847281.9476,91.5,0.43,360631040,360631000.0,30377827780.61,36164070000.0
2021-03-27,PAYX,92.27,89.8,92.44,89.56,89.97,1904116,190185964.1581,91.41,0.53,360631040,360631000.0,30541413049.65,36358820000.0
2021-03-26,PAYX,89.97,88.87,90.19,88.37,88.74,1701561,166474257.2035,89.54,0.47,360631040,360631000.0,29781054929.76,35453630000.0
2021-03-25,PAYX,88.74,88.12,90.17,87.72,88.0,1984685,193371842.8128,89.17,0.55,360631040,360631000.0,29372102056.77,34966790000.0
2021-03-24,PAYX,88.0,88.4,88.83,87.5,88.39,1486654,143335895.5621,88.24,0.41,360631040,360631000.0,29126724759.06,34674668000.0
2021-03-23,PAYX,88.39,87.46,88.55,87.3,87.71,1696757,163541579.0033,88.21,0.47,360631040,360631000.0,29256987114.15,34829743000.0
2021-03-20,PAYX,87.71,89.3,89.46,87.64,89.04,7898731,759594072.9897,88.01,2.19,360631040,360631000.0,29032817345.03,34562875000.0
2021-03-19,PAYX,89.04,88.68,90.01,87.77,89.67,1761406,171682659.316,89.2,0.49,360631040,360631000.0,29472065042.96,35085790000.0
2021-03-18,PAYX,89.67,89.24,90.27,88.55,89.73,2018112,197451054.8972,89.54,0.56,360631040,360631000.0,29681087399.61,35334630000.0
2021-03-17,PAYX,89.73,89.58,90.16,89.08,89.46,2034588,199481394.0917,89.73,0.56,360631040,360631000.0,29699262598.16,35356260000.0
2021-03-16,PAYX,89.46,87.11,89.52,87.11,87.17,1431243,138605018.5531,88.63,0.4,360631040,360631000.0,29611414694.4,35251680000.0
2021-03-13,PAYX,87.17,86.71,87.25,86.28,87.09,1527439,145141991.8958,86.96,0.42,360631040,360631000.0,28854089510.4,34350110000.0
2021-03-12,PAYX,87.09,87.11,88.17,86.9,86.67,1438173,137454258.8842,87.47,0.4,360631040,360631000.0,28826827015.5,34317650000.0
2021-03-10,PAYX,86.53,86.39,87.43,85.7,85.3,2070972,196445770.5967,86.81,0.57,360631040,360631000.0,28642039670.6,34097660000.0
2021-03-09,PAYX,85.3,83.55,86.49,82.52,84.31,2017829,188580246.8708,85.53,0.56,360631040,360631000.0,28233081950.73,33610810000.0
2021-03-06,PAYX,84.31,82.61,84.62,81.71,81.74,2374991,215809986.3156,83.16,0.66,360631040,360631000.0,27905917168.31,33221320000.0
2021-03-05,PAYX,81.74,82.76,83.72,81.16,82.81,2246847,202099184.9992,82.32,0.62,360631040,360631000.0,27054684267.36,32207950000.0
2021-03-04,PAYX,82.81,83.77,84.15,82.69,84.33,1512531,137156300.4923,82.99,0.42,360631040,360631000.0,27409111847.61,32629890000.0
2021-03-03,PAYX,84.33,84.83,85.29,83.88,84.88,1515367,139892774.5394,84.49,0.42,360631040,360631000.0,27911976981.5,33228540000.0
2021-03-02,PAYX,84.88,84.2,85.75,83.47,83.35,1571516,145927980.4505,84.98,0.44,360631040,360631000.0,28096764326.4,33448530000.0
2021-02-27,PAYX,83.35,83.38,84.2,82.66,83.66,2407280,219587016.6829,83.48,0.67,360631040,360631000.0,27259417509.21,32842670000.0
2021-02-26,PAYX,83.66,85.12,85.84,83.29,85.44,2125033,195999860.2153,84.41,0.59,360631040,360631000.0,27361186391.41,32965280000.0
2021-02-25,PAYX,85.44,82.4,85.75,81.83,83.17,2070570,191506178.6486,84.65,0.57,360631040,360631000.0,27944866831.68,33668510000.0
2021-02-24,PAYX,83.17,82.5,83.93,81.89,82.72,2198456,199379724.611,83.0,0.61,360631040,360631000.0,27202545096.23,32774150000.0
2021-02-23,PAYX,82.72,82.31,83.58,81.56,82.6,2037092,184343990.2833,82.82,0.56,360631040,360631000.0,27055874955.65,32597430000.0
2021-02-20,PAYX,82.6,82.99,83.79,82.24,83.54,1746881,158023719.9661,82.79,0.48,360631040,360631000.0,27013969628.8,32546950000.0
2021-02-19,PAYX,83.54,81.34,84.28,81.19,81.62,2238359,204226966.3862,83.5,0.62,360631040,360631000.0,27322272805.57,32918400000.0
2021-02-18,PAYX,81.62,80.72,81.8,80.23,81.27,2448423,217635164.0912,81.35,0.68,360631040,360631000.0,26693691106.91,32161070000.0
2021-02-17,PAYX,81.27,81.76,82.01,80.77,81.82,2311103,205283259.4433,81.29,0.64,360631040,360631000.0,26579951369.46,32024040000.0
2021-02-13,PAYX,81.82,82.59,82.59,81.28,82.63,1482570,132519082.0918,81.8,0.41,360631040,360631000.0,26759542634.14,32240410000.0
2021-02-12,PAYX,82.63,83.11,83.37,82.39,82.78,1177025,106434016.9345,82.76,0.33,360631040,360631000.0,27025940783.39,32561370000.0
2021-02-11,PAYX,82.78,83.75,83.75,82.73,83.18,971741,88114857.9532,82.99,0.27,360631040,360631000.0,27073833483.47,32619070000.0
2021-02-10,PAYX,83.18,83.89,83.9,83.08,83.93,1394922,126995371.3915,83.32,0.39,360631040,360631000.0,27205536837.25,32777750000.0
2021-02-09,PAYX,83.93,82.94,84.1,82.85,83.86,1106515,101306753.9894,83.79,0.31,360631040,360631000.0,27450984418.34,33073470000.0
2021-02-06,PAYX,83.86,84.2,84.38,83.6,83.81,1217082,111615423.3726,83.93,0.34,360631040,360631000.0,27427037918.63,33044620000.0
2021-02-05,PAYX,83.81,82.64,83.84,82.31,82.32,1181862,107925158.2935,83.57,0.33,360631040,360631000.0,27412070832.5,33026590000.0
2021-02-04,PAYX,82.32,82.86,82.86,81.56,82.85,1516550,136384557.7731,82.3,0.42,360631040,360631000.0,26924171601.87,32438760000.0
2021-02-03,PAYX,82.85,82.2,83.32,81.36,81.73,1686844,151999815.8749,82.47,0.47,360631040,360631000.0,27097779983.17,32647920000.0
2021-02-02,PAYX,81.73,80.33,82.38,79.52,79.91,1861537,165918433.5334,81.57,0.52,360631040,360631000.0,26729613251.06,32204350000.0
2021-01-30,PAYX,79.91,80.53,80.53,78.93,80.97,2248604,196304476.1138,79.9,0.62,360631040,360631000.0,26136953397.21,31490300000.0
2021-01-29,PAYX,80.97,80.0,81.91,79.89,79.32,3323747,297564771.9418,81.36,0.92,360631040,360631000.0,26666753165.52,32128610000.0
2021-01-28,PAYX,79.32,78.33,80.13,77.52,79.37,3793367,330559671.4637,79.2,1.05,360631040,360631000.0,26124977752.77,31475880000.0
2021-01-27,PAYX,79.37,79.3,80.0,78.67,79.03,1663646,145234296.0975,79.34,0.46,360631040,360631000.0,26139944838.9,31493910000.0
2021-01-26,PAYX,79.03,78.7,79.34,77.8,78.95,2440672,211395878.9143,78.72,0.68,360631040,360631000.0,26029196543.14,31360470000.0
2021-01-23,PAYX,78.95,79.28,79.51,78.49,79.57,1730290,150481238.0308,79.04,0.48,360631040,360631000.0,26002254111.89,31328010000.0
2021-01-22,PAYX,79.57,80.9,81.22,79.29,81.18,1469318,128998772.3407,79.79,0.41,360631040,360631000.0,26205796665.46,31573250000.0
2021-01-21,PAYX,81.18,79.79,81.46,79.79,80.29,1633289,145445536.9187,80.93,0.45,360631040,360631000.0,26735600923.61,32211560000.0
2021-01-16,PAYX,80.31,79.58,80.44,79.02,80.04,1658416,145815220.1415,79.91,0.46,360631040,360631000.0,26451239756.69,31868960000.0
2021-01-15,PAYX,80.04,81.49,81.62,79.89,81.39,1657872,146659011.0699,80.4,0.46,360631040,360631000.0,26361446219.61,31760780000.0
2021-01-14,PAYX,81.39,82.05,82.21,81.22,82.45,2239969,201009430.9346,81.56,0.62,360631040,360631000.0,26807435633.54,32298114000.0
2021-01-13,PAYX,82.45,82.5,82.78,81.36,82.7,1135324,102718099.4381,82.23,0.31,360631040,360631000.0,27154652396.15,32716450000.0
2021-01-09,PAYX,83.63,83.13,84.07,82.92,83.18,1236308,113674688.0452,83.56,0.34,360631040,360631000.0,27543774186.28,33185270000.0
2021-01-08,PAYX,83.18,82.69,83.51,82.27,82.84,1649842,150792579.1853,83.06,0.46,360631040,360631000.0,27397103746.37,33008550000.0
2021-01-07,PAYX,82.84,81.78,83.65,81.39,81.81,1849825,168577328.8373,82.82,0.51,360631040,360631000.0,27283359219.74,32871520000.0
2021-01-06,PAYX,81.81,82.19,82.46,81.35,82.12,1258836,113295240.0,81.79,0.35,360631040,360631000.0,26945126659.88,32464000000.0
2021-01-05,PAYX,82.12,84.71,84.99,81.1,84.68,2200617,198682917.1042,82.05,0.61,360631040,360631000.0,27046895542.08,32586620000.0
2020-12-31,PAYX,83.74,84.82,85.45,83.33,84.65,1702621,157116851.1179,83.87,0.47,360631040,360631000.0,27579691541.25,33228540000.0
2020-12-30,PAYX,84.65,86.33,86.33,84.44,85.7,923904,86378919.7663,84.97,0.26,360631040,360631000.0,27879015304.45,33589170000.0
2020-12-25,PAYX,86.07,86.25,86.35,84.87,85.79,842232,79350641.106,85.62,0.23,360631040,360631000.0,28348955707.94,34155360000.0
2020-12-24,PAYX,85.79,90.43,90.84,85.72,87.82,3367641,323991311.2152,87.44,0.93,360631040,360631000.0,28256161450.14,34043560000.0
2020-12-22,PAYX,87.78,86.92,88.31,86.3,88.08,2159793,207831927.9847,87.45,0.6,360631040,360631000.0,28911681389.52,34833350000.0
2020-12-19,PAYX,88.08,87.37,88.27,87.04,86.93,3192197,308547205.4245,87.84,0.89,360631040,360631000.0,29010458830.02,34952360000.0
2020-12-18,PAYX,86.93,86.19,87.02,85.73,85.86,1484389,141420125.4431,86.58,0.41,360631040,360631000.0,28630316154.14,34494360000.0
2020-12-17,PAYX,85.86,84.91,86.19,84.01,85.0,2836846,266745511.6862,85.46,0.79,360631040,360631000.0,28277116508.15,34068810000.0
2020-12-16,PAYX,85.0,83.26,85.02,82.71,83.0,2300495,213646294.3045,84.4,0.64,360631040,360631000.0,27995751272.77,33729820000.0
2020-12-15,PAYX,83.0,84.04,84.68,82.97,83.45,1397088,128534888.7789,83.61,0.39,360631040,360631000.0,27337239891.7,32936430000.0
2020-12-12,PAYX,83.45,82.79,83.51,82.46,83.01,1738782,159015774.8053,83.11,0.48,360631040,360631000.0,27483910331.61,33113140000.0
2020-12-11,PAYX,83.01,84.0,84.15,82.88,84.72,1888136,173077126.8741,83.31,0.52,360631040,360631000.0,27340231632.72,32940040000.0
2020-12-10,PAYX,84.72,84.8,85.08,84.11,84.82,1519020,141392054.041,84.59,0.42,360631040,360631000.0,27902961804.15,33618020000.0
2020-12-09,PAYX,84.82,85.17,85.22,84.27,85.02,1003580,93615947.5528,84.78,0.28,360631040,360631000.0,27935887418.1,33657690000.0
2020-12-08,PAYX,85.02,85.37,85.64,84.65,85.86,1458768,136564890.1374,85.08,0.4,360631040,360631000.0,28001739244.66,33737030000.0
2020-12-05,PAYX,85.86,85.05,85.93,84.5,84.79,1663663,156486296.2236,85.48,0.46,360631040,360631000.0,28277116508.15,34068810000.0
2020-12-04,PAYX,84.79,83.93,85.21,83.93,84.36,953169,88898354.3177,84.76,0.26,360631040,360631000.0,27926908303.86,33646880000.0
2020-12-03,PAYX,84.36,85.0,85.08,83.87,85.05,1417197,131394701.3361,84.26,0.39,360631040,360631000.0,27783234094.81,33473770000.0
2020-12-02,PAYX,85.05,85.19,85.39,84.53,84.66,1368995,128021149.8815,84.99,0.38,360631040,360631000.0,28010718358.9,33747850000.0
2020-12-01,PAYX,84.66,84.53,84.86,83.34,84.86,1847829,171409429.7867,84.3,0.51,360631040,360631000.0,27882006746.14,33592780000.0
2020-11-28,PAYX,84.86,84.57,85.06,84.29,84.63,557019,52004297.5882,84.85,0.15,359500160,359500000.0,27860218656.0,33566528000.0
2020-11-26,PAYX,84.63,85.43,85.43,84.15,85.18,921803,85799849.7223,84.59,0.26,359500160,359500000.0,27785622372.8,33476650000.0
2020-11-25,PAYX,85.18,83.96,85.26,83.27,83.58,1716980,160275613.7011,84.84,0.48,359500160,359500000.0,27967637303.8,33695950000.0
2020-11-24,PAYX,83.58,83.18,83.74,82.6,82.38,1697514,155769834.4266,83.4,0.47,359500160,359500000.0,27442481260.39,33063230000.0
2020-11-21,PAYX,82.38,83.68,83.68,82.33,83.68,1230468,112137831.2391,82.82,0.34,359500160,359500000.0,27045628436.99,32585090000.0
2020-11-20,PAYX,83.68,83.33,83.81,82.61,83.52,1166607,107105367.3787,83.44,0.32,359500160,359500000.0,27475303624.99,33102774000.0
2020-11-19,PAYX,83.52,83.96,84.6,83.45,84.07,1593917,147060829.7411,83.85,0.44,359500160,359500000.0,27421591914.01,33038059000.0
2020-11-18,PAYX,84.07,83.69,84.19,83.18,84.64,1584481,146182467.793,83.85,0.44,359500160,359500000.0,27600624784.0,33253762000.0
2020-11-17,PAYX,84.64,84.03,84.81,83.59,83.49,1378155,127925446.2735,84.36,0.38,359500160,359500000.0,27788608909.59,33480250000.0
2020-11-14,PAYX,83.49,82.8,83.6,82.19,82.15,905005,82760356.952,83.11,0.25,359500160,359500000.0,27412640956.8,33027274000.0
2020-11-13,PAYX,82.15,83.29,83.58,81.66,83.2,1205217,109077674.0617,82.25,0.34,359500160,359500000.0,26971032153.79,32495220000.0
2020-11-12,PAYX,83.2,83.42,83.76,82.57,82.97,1073876,98344599.7394,83.23,0.3,359500160,359500000.0,27317160101.38,32912239000.0
2020-11-11,PAYX,82.97,81.29,84.24,81.29,82.33,1596775,145758883.3736,82.96,0.44,359500160,359500000.0,27239576983.0,32818762000.0
2020-11-10,PAYX,82.33,84.76,86.29,82.29,79.99,2402746,221284965.5245,83.7,0.67,359500160,359500000.0,27030708285.2,32567114000.0
2020-11-07,PAYX,79.99,78.92,80.32,78.65,78.7,1146108,100631959.1145,79.8,0.32,359500160,359500000.0,26263860880.98,31643204000.0
2020-11-06,PAYX,78.7,79.18,79.83,78.25,77.7,1477597,128267825.5044,78.89,0.41,359500160,359500000.0,25840154589.18,31132710000.0
2020-11-05,PAYX,77.7,81.18,81.32,77.54,78.65,2410876,208139134.1128,78.46,0.67,359500160,359500000.0,25508946793.38,30733670000.0
2020-11-04,PAYX,78.65,76.33,79.14,76.33,75.7,1623577,140001361.3075,78.37,0.45,359500160,359500000.0,25822247602.2,31111140000.0
2020-11-03,PAYX,75.7,75.6,76.45,74.9,74.75,1446645,120433770.5681,75.66,0.4,359500160,359500000.0,24855482755.78,29946360000.0
2020-10-31,PAYX,74.75,73.72,74.83,73.65,74.37,1864877,152561286.9636,74.35,0.52,359500160,359500000.0,24542177172.8,29568883000.0
2020-10-30,PAYX,74.37,72.03,75.05,71.83,72.29,1477046,121382164.711,74.12,0.41,359500160,359500000.0,24601853304.2,29640790000.0
2020-10-29,PAYX,72.29,72.68,73.75,72.11,73.9,1598261,128543658.6975,72.54,0.44,359500160,359500000.0,23915566603.61,28813934000.0
2020-10-28,PAYX,73.9,74.53,75.03,73.75,74.4,957688,78677805.1409,74.1,0.27,359500160,359500000.0,24446691841.61,29453840000.0
2020-10-27,PAYX,74.4,75.36,75.78,73.78,76.7,1389587,114701378.7033,74.45,0.39,359500160,359500000.0,24610804559.8,29651570000.0
2020-10-24,PAYX,76.7,76.27,76.78,75.82,75.76,1203763,102117385.6747,76.52,0.33,359500160,359500000.0,25371687543.6,30568297000.0
2020-10-23,PAYX,75.76,74.59,75.95,74.2,74.52,1168244,97563098.5474,75.33,0.32,359500160,359500000.0,25061369094.18,30194420000.0
2020-10-22,PAYX,74.52,74.27,75.03,73.96,74.22,1187348,98128616.4916,74.54,0.33,359500160,359500000.0,24652578478.4,29701900000.0
2020-10-21,PAYX,74.22,74.33,75.18,73.66,73.9,991326,81914361.8039,74.53,0.28,359500160,359500000.0,24551128428.4,29579670000.0
2020-10-17,PAYX,75.52,75.55,76.35,75.22,75.12,1346055,112779223.5592,75.57,0.37,359500160,359500000.0,24983785975.8,30100946000.0
2020-10-16,PAYX,75.12,75.28,75.74,74.49,76.07,1315240,109518977.347,75.11,0.37,359500160,359500000.0,24849513561.2,29939170000.0
2020-10-15,PAYX,76.07,75.11,76.43,74.94,74.87,1808153,151892080.9957,75.77,0.5,359500160,359500000.0,25165801205.2,30320239000.0
2020-10-14,PAYX,74.87,75.17,75.47,74.49,74.87,1559467,129603567.4465,74.96,0.43,359500160,359500000.0,24765966022.4,29838510000.0
2020-10-13,PAYX,74.87,75.06,75.45,74.33,74.32,1799353,149503731.5914,74.94,0.5,359500160,359500000.0,24768948381.8,29842102000.0
2020-10-10,PAYX,74.32,74.45,74.85,73.58,74.03,1359551,112039110.5612,74.33,0.38,359500160,359500000.0,24586933152.41,29622810000.0
2020-10-09,PAYX,74.03,73.96,75.32,73.57,72.63,1855727,152511448.192,74.13,0.52,359500160,359500000.0,24488470235.98,29504180000.0
2020-10-08,PAYX,72.63,72.54,73.21,72.31,71.64,1941211,156625242.9225,72.78,0.54,359500160,359500000.0,24025972384.98,28946950000.0
2020-10-07,PAYX,71.64,72.77,74.73,71.32,73.47,3443304,277889807.4407,72.79,0.96,359500160,359500000.0,23700729009.61,28555090000.0
2020-10-06,PAYX,73.47,72.29,73.77,72.13,71.64,2556374,207866175.7555,73.34,0.71,359500160,359500000.0,24303468171.4,29281280000.0
2020-10-03,PAYX,71.64,70.36,72.15,70.36,71.57,1613264,127842310.3408,71.48,0.45,359500160,359500000.0,23700729009.61,28555090000.0
2020-10-02,PAYX,71.57,72.26,73.02,70.99,71.95,1509650,120015816.315,71.71,0.42,359500160,359500000.0,23676862376.38,28526340000.0
2020-10-01,PAYX,71.95,71.49,72.56,71.28,71.41,2044295,163212015.351,72.01,0.57,359500160,359500000.0,23802183535.38,28677320000.0
2020-09-30,PAYX,71.41,71.74,72.19,71.17,71.78,1695797,134573199.7325,71.58,0.47,358769600,358770000.0,23575144764.78,28403790000.0
2020-09-29,PAYX,71.78,71.05,72.01,71.05,70.08,1580295,125654479.9053,71.72,0.44,358769600,358770000.0,23697234953.0,28550880000.0
2020-09-25,PAYX,68.47,68.31,69.32,67.72,68.61,1356226,102925895.2813,68.45,0.38,358769600,358770000.0,22604387470.0,27234200000.0
2020-09-24,PAYX,68.61,70.28,70.42,68.27,69.99,1974383,150963296.5886,68.97,0.55,358769600,358770000.0,22652033263.99,27291600000.0
2020-09-23,PAYX,69.99,69.62,70.15,69.04,69.23,1235280,95363123.1233,69.63,0.34,358769600,358770000.0,23107634481.25,27840520000.0
2020-09-19,PAYX,70.89,71.95,72.1,70.27,71.73,2650424,209109985.4953,71.16,0.74,358769600,358770000.0,23402432483.78,28195700000.0
2020-09-18,PAYX,71.73,70.42,71.96,70.36,71.93,2068248,163594296.85,71.35,0.58,358769600,358770000.0,23679369120.25,28529360000.0
2020-09-17,PAYX,71.93,71.46,72.62,71.38,71.18,2082817,166048625.8899,71.91,0.58,358769600,358770000.0,23747856748.0,28611870000.0
2020-09-16,PAYX,71.18,70.25,71.6,70.23,70.01,1598984,126189887.3063,71.18,0.45,358769600,358770000.0,23497723774.0,28310510000.0
2020-09-15,PAYX,70.01,68.45,70.33,68.19,67.64,2085553,161231393.2967,69.73,0.58,358769600,358770000.0,23113586781.04,27847690000.0
2020-09-12,PAYX,67.64,68.18,68.54,67.19,67.92,1566872,117801658.1132,67.81,0.44,358769600,358770000.0,22330431598.99,26904133000.0
2020-09-11,PAYX,67.92,68.45,69.34,67.68,68.35,2209618,167780055.5098,68.49,0.62,358769600,358770000.0,22422742421.52,27015348000.0
2020-09-10,PAYX,68.35,67.45,68.99,66.89,67.01,1455453,110019885.6377,68.18,0.41,358769600,358770000.0,22565674741.26,27187550000.0
2020-09-09,PAYX,67.01,67.24,67.93,66.84,68.61,2667652,199084195.7727,67.31,0.74,358769600,358770000.0,22121982888.05,26652990000.0
2020-09-05,PAYX,68.61,69.06,69.62,67.78,68.86,1822952,138774058.5356,68.66,0.51,358769600,358770000.0,22649052498.52,27288012000.0
2020-09-04,PAYX,68.86,70.5,70.61,68.29,70.36,2275528,174273585.1325,69.08,0.63,358769600,358770000.0,22732430255.78,27388470000.0
2020-09-03,PAYX,70.36,69.16,70.61,69.0,68.79,1423329,110552523.9989,70.06,0.4,358769600,358770000.0,23229720202.79,27987610000.0
2020-09-02,PAYX,68.79,68.77,68.86,68.12,68.98,1268536,96429409.3312,68.57,0.35,358769600,358770000.0,22708607358.79,27359770000.0
2020-09-01,PAYX,68.98,69.24,69.59,68.7,69.73,1524507,116681965.184,69.04,0.42,358769600,358770000.0,22771142984.52,27435110000.0
2020-08-29,PAYX,69.73,69.19,69.83,68.67,69.04,1115202,85609485.2118,69.24,0.31,358769600,358770000.0,23021275958.52,27736473000.0
2020-08-28,PAYX,69.04,68.98,69.45,68.52,68.41,1337285,102351786.0569,69.04,0.37,358769600,358770000.0,22791985116.05,27460219000.0
2020-08-27,PAYX,68.41,68.15,68.76,67.7,68.42,1448657,109804580.4062,68.37,0.4,358769600,358770000.0,22583540871.78,27209080000.0
2020-08-26,PAYX,68.42,68.26,68.72,68.06,68.12,1379428,104627266.0135,68.41,0.38,358769600,358770000.0,22586521637.25,27212672000.0
2020-08-25,PAYX,68.12,66.96,68.16,66.67,66.67,1108988,83186860.0159,67.66,0.31,358769600,358770000.0,22488254048.25,27094278000.0
2020-08-22,PAYX,66.67,66.71,66.73,65.96,66.78,1214261,89466871.9061,66.46,0.34,358769600,358770000.0,22008829934.0,26516661000.0
2020-08-21,PAYX,66.78,66.58,67.03,66.39,66.87,1068949,79183894.7725,66.82,0.3,358769600,358770000.0,22047538196.05,26563297000.0
2020-08-20,PAYX,66.87,67.4,67.58,66.76,67.2,1168300,86864270.9634,67.06,0.33,358769600,358770000.0,22077317859.52,26599170000.0
2020-08-19,PAYX,67.2,67.21,67.65,66.77,67.15,1036018,77197948.8538,67.21,0.29,358769600,358770000.0,22184518216.0,26728330000.0
2020-08-18,PAYX,67.15,67.14,68.06,66.79,67.03,1035172,77335844.0566,67.39,0.29,358769600,358770000.0,22169628384.26,26710390000.0
2020-08-15,PAYX,67.03,66.95,67.39,66.66,67.18,817131,60770689.4433,67.08,0.23,358769600,358770000.0,22127939654.52,26660165000.0
2020-08-14,PAYX,67.18,66.8,67.69,66.63,66.86,1056977,78864006.1068,67.3,0.29,358769600,358770000.0,22177075831.25,26719368000.0
2020-08-13,PAYX,66.86,67.13,67.38,66.59,66.7,1641099,121704234.9831,66.89,0.46,358769600,358770000.0,22074341560.73,26595590000.0
2020-08-12,PAYX,66.7,67.57,68.33,66.53,67.1,1979331,148065050.9709,67.47,0.55,358769600,358770000.0,22020739000.26,26531010000.0
2020-08-11,PAYX,67.1,66.03,67.13,65.9,66.25,1572154,116274937.686,66.71,0.44,358769600,358770000.0,22151762551.52,26688868000.0
2020-08-07,PAYX,65.48,65.37,65.79,64.92,65.59,1866818,135072298.4165,65.26,0.52,358769600,358770000.0,21615759875.78,26043080000.0
2020-08-06,PAYX,65.59,65.79,66.36,65.45,65.49,1453640,106060778.2226,65.81,0.41,358769600,358770000.0,21654472604.52,26089720000.0
2020-08-05,PAYX,65.49,65.34,65.91,65.25,65.63,1974927,143540664.6502,65.56,0.55,358769600,358770000.0,21621716642.26,26050260000.0
2020-08-04,PAYX,65.63,64.83,65.89,64.47,64.87,1902689,138206566.5294,65.52,0.53,358769600,358770000.0,21666381670.79,26104070000.0
2020-08-01,PAYX,64.87,64.55,64.88,63.48,64.7,2925439,208347135.6103,64.24,0.82,358769600,358770000.0,21416248696.78,25802708000.0
2020-07-31,PAYX,64.7,64.92,64.99,64.13,65.77,2005949,144946865.8165,64.62,0.56,358769600,358770000.0,21544295949.25,25956980000.0
2020-07-30,PAYX,65.77,65.08,65.82,64.5,65.41,2300977,168103160.0792,65.33,0.64,358769600,358770000.0,21901629577.52,26387504000.0
2020-07-28,PAYX,64.91,64.31,65.01,64.19,64.56,1885485,136582093.5824,64.78,0.53,358769600,358770000.0,21615759875.78,26043080000.0
2020-07-25,PAYX,64.56,65.38,65.6,63.99,65.43,1744825,126055220.6211,64.61,0.49,358769600,358770000.0,21496650155.26,25899575000.0
2020-07-24,PAYX,65.43,65.87,66.6,65.16,66.02,1437363,105842806.0089,65.85,0.4,358769600,358770000.0,21788472156.78,26251170000.0
2020-07-23,PAYX,66.02,65.62,66.3,65.5,65.58,1388279,102347255.5848,65.93,0.39,358769600,358770000.0,21985007037.0,26487960000.0
2020-07-22,PAYX,65.58,65.89,66.39,65.24,65.6,1359473,100062656.1299,65.82,0.38,358769600,358770000.0,21836117653.0,26308570000.0
2020-07-21,PAYX,65.6,65.38,65.93,64.84,65.72,1384314,101257174.4283,65.41,0.39,358769600,358770000.0,21845050718.26,26319340000.0
2020-07-18,PAYX,65.72,65.48,65.88,64.81,65.05,1520245,111291672.6895,65.47,0.42,358769600,358770000.0,21883763446.99,26365980000.0
2020-07-17,PAYX,65.05,65.43,65.71,64.53,65.75,1391305,101007627.1734,64.92,0.39,358769600,358770000.0,21660429370.99,26096900000.0
2020-07-16,PAYX,65.75,64.63,65.95,64.63,64.27,1994326,146166148.8603,65.54,0.56,358769600,358770000.0,21895672513.26,26380320000.0
2020-07-15,PAYX,64.27,62.59,64.37,62.56,64.06,2195722,156367228.9989,63.68,0.61,358769600,358770000.0,21401358865.04,25784770000.0
2020-07-14,PAYX,64.06,65.88,66.03,63.89,65.55,2057856,149744633.1402,65.07,0.57,358769600,358770000.0,21329894640.73,25698660000.0
2020-07-11,PAYX,65.55,65.25,65.65,64.58,65.17,1373455,100216759.1333,65.25,0.38,358769600,358770000.0,21827184885.52,26297810000.0
2020-07-10,PAYX,65.17,66.75,67.04,64.4,66.67,1923566,140067339.7919,65.12,0.54,358769600,358770000.0,21702118100.73,26147130000.0
2020-07-08,PAYX,66.12,69.06,69.31,66.06,69.56,4185844,315352278.1032,67.37,1.17,358769600,358770000.0,22017762999.26,26527420000.0
2020-07-07,PAYX,69.56,70.41,70.45,69.36,68.49,3007887,234592605.7923,69.75,0.84,358769600,358770000.0,23161232277.26,27905100000.0
2020-07-03,PAYX,68.49,69.02,69.38,68.08,68.23,1733994,133274595.0366,68.73,0.48,358769600,358770000.0,22806874947.78,27478160000.0
2020-07-01,PAYX,67.74,65.82,68.21,65.55,65.92,2867896,215743490.5779,67.27,0.8,358769600,358770000.0,22556741676.0,27176790000.0
2020-06-30,PAYX,65.92,64.95,66.09,64.41,64.2,2668808,195778953.6944,65.6,0.74,358715360,358715000.0,21948932557.0,26444490000.0
2020-06-27,PAYX,64.2,64.94,65.57,63.81,65.33,3689599,266088740.2686,64.49,1.03,358715360,358715000.0,21374304039.95,25752168000.0
2020-06-26,PAYX,65.33,63.63,65.59,63.53,63.9,1732101,125351797.7535,64.72,0.48,358715360,358715000.0,21749451540.77,26204160000.0
2020-06-25,PAYX,63.9,65.77,66.05,63.61,66.34,1766968,126900636.1474,64.22,0.49,358715360,358715000.0,21276055773.38,25633800000.0
2020-06-23,PAYX,66.4,65.51,66.74,65.25,66.15,1211697,89870954.583,66.33,0.34,358715360,358715000.0,22106730848.4,26634610000.0
2020-06-20,PAYX,66.15,68.44,69.02,65.66,67.54,6158348,458920123.7517,66.64,1.72,358715360,358715000.0,22023365994.2,26534170000.0
2020-06-19,PAYX,67.54,67.23,68.43,66.99,67.92,2533380,191186578.3265,67.49,0.71,358715360,358715000.0,22487829749.13,27093770000.0
2020-06-18,PAYX,67.92,68.74,68.8,67.76,68.38,1249993,95431461.8308,68.27,0.35,358715360,358715000.0,22612877328.16,27244430000.0
2020-06-17,PAYX,68.38,68.95,69.81,67.47,67.11,1960847,150316952.5382,68.55,0.55,358715360,358715000.0,22764724517.38,27427380000.0
2020-06-13,PAYX,65.96,66.38,67.03,64.57,64.89,1856544,136766947.6938,65.88,0.52,358715360,358715000.0,21960839822.82,26458840000.0
2020-06-12,PAYX,64.89,68.2,68.45,64.84,69.12,2141106,157326762.4185,65.71,0.6,358715360,358715000.0,21603560217.46,26028383000.0
2020-06-11,PAYX,69.12,70.0,70.0,68.56,69.6,1704257,131687946.9113,69.1,0.48,358715360,358715000.0,23011839658.35,27725110000.0
2020-06-10,PAYX,69.6,71.06,71.18,69.48,71.83,1604053,125430037.5478,69.93,0.45,358715360,358715000.0,23172618264.57,27918810000.0
2020-06-09,PAYX,71.83,71.64,72.1,70.88,71.59,1848562,147873678.2261,71.54,0.52,358715360,358715000.0,23913977085.49,28812020000.0
2020-06-06,PAYX,71.59,68.29,72.11,68.29,66.35,3389591,270132085.3502,71.27,0.94,358715360,358715000.0,23833587782.37,28715165000.0
2020-06-05,PAYX,66.35,66.41,66.62,65.6,66.88,1973578,146034323.8781,66.17,0.55,358715360,358715000.0,22088867716.67,26613090000.0
2020-06-04,PAYX,66.88,65.89,67.07,65.51,65.48,1523192,113344977.088,66.54,0.42,358715360,358715000.0,22267505286.35,26828320000.0
2020-06-03,PAYX,65.48,64.5,65.49,64.08,64.34,1577139,114629941.6886,65.0,0.44,358715360,358715000.0,21800065682.6,26265130000.0
2020-06-02,PAYX,64.34,64.47,65.15,64.23,64.64,1628030,117656741.5138,64.63,0.45,358715360,358715000.0,21421942332.96,25809570000.0
2020-05-30,PAYX,64.64,64.27,64.92,63.25,64.46,3310113,237617133.6579,64.19,0.92,358715360,358715000.0,21520195065.53,25927942000.0
2020-05-29,PAYX,64.46,64.16,65.28,63.73,63.55,2998160,216513623.48,64.58,0.84,358715360,358715000.0,21460649208.97,25856200000.0
2020-05-28,PAYX,63.55,62.58,63.57,61.85,62.0,2217885,155783579.2524,62.81,0.62,358715360,358715000.0,21156959594.26,25490310000.0
2020-05-23,PAYX,60.43,60.1,60.58,59.68,60.27,1387434,93380410.1347,60.19,0.39,358715360,358715000.0,20120847339.37,24241980000.0
2020-05-22,PAYX,60.27,60.27,60.66,59.71,60.64,1977099,133345246.3222,60.31,0.55,358715360,358715000.0,20067252882.72,24177410000.0
2020-05-21,PAYX,60.64,59.58,60.73,59.01,58.66,2158409,145808934.9531,60.41,0.6,358715360,358715000.0,20189324910.66,24324480000.0
2020-05-20,PAYX,58.66,58.93,61.11,58.37,59.32,3509884,235141877.6926,59.91,0.98,358715360,358715000.0,19531336005.42,23531730000.0
2020-05-19,PAYX,59.32,58.39,59.58,58.11,56.72,3259058,215618941.597,59.16,0.91,358715360,358715000.0,19748680153.37,23793590000.0
2020-05-15,PAYX,56.45,54.62,56.49,53.79,54.81,3048678,188870199.5064,55.4,0.85,358715360,358715000.0,18795933050.41,22645700000.0
2020-05-14,PAYX,54.81,56.61,56.98,54.3,56.69,3206095,200633273.207,55.4,0.89,358715360,358715000.0,18432697579.14,22208070000.0
2020-05-13,PAYX,56.69,58.81,59.21,56.56,58.7,2329012,151557428.1844,57.61,0.65,358715360,358715000.0,19063891637.93,22968540000.0
2020-05-12,PAYX,58.7,58.71,59.14,58.17,59.41,2235858,148440182.1923,58.78,0.62,358715360,358715000.0,19742724287.46,23786410000.0
2020-05-09,PAYX,59.41,60.78,60.92,59.23,60.26,2181285,146956023.5708,59.64,0.61,358715360,358715000.0,19980912179.7,24073387000.0
2020-05-08,PAYX,60.26,60.32,60.58,59.79,59.42,2120090,144184560.5428,60.21,0.59,358715360,358715000.0,20266738662.69,24417750000.0
2020-05-07,PAYX,59.42,60.47,60.57,59.27,59.92,1549454,104617273.1857,59.77,0.43,358715360,358715000.0,19983888028.52,24076970000.0
2020-05-06,PAYX,59.92,60.22,60.94,59.77,59.47,1466609,99924174.742,60.32,0.41,358715360,358715000.0,20150618034.65,24277850000.0
2020-05-05,PAYX,59.47,58.37,59.58,57.7,58.96,1704650,113767492.0843,59.08,0.48,358715360,358715000.0,19998775609.16,24094910000.0
2020-05-02,PAYX,58.96,59.44,59.94,58.39,60.66,2162839,144088325.5286,58.98,0.6,358715360,358715000.0,19829069754.22,23890440000.0
2020-05-01,PAYX,60.66,61.64,61.7,59.76,61.85,2463968,168775906.7966,60.64,0.69,358715360,358715000.0,20400717956.44,24579180000.0
2020-04-30,PAYX,61.85,62.21,62.73,60.34,60.78,2300213,159963958.7818,61.57,0.64,358715360,358715000.0,20799679988.9,25059850000.0
2020-04-29,PAYX,60.78,61.62,62.58,60.62,60.7,2096369,144939818.5883,61.21,0.58,358715360,358715000.0,20442400383.54,24629390000.0
2020-04-28,PAYX,60.7,60.82,61.08,60.17,60.28,1849726,126597454.1631,60.59,0.52,358715360,358715000.0,20412625222.26,24593520000.0
2020-04-25,PAYX,60.28,59.87,60.8,59.09,59.24,3032785,205720800.1522,60.05,0.85,358715360,358715000.0,20272690062.59,24424926000.0
2020-04-24,PAYX,59.24,59.52,60.37,58.93,59.16,2476992,166983188.1594,59.68,0.69,358715360,358715000.0,19921366323.14,24001640000.0
2020-04-23,PAYX,59.16,58.02,59.94,57.8,56.68,2394208,159415471.4188,58.95,0.67,358715360,358715000.0,19894571476.69,23969360000.0
2020-04-22,PAYX,56.68,57.52,58.03,56.46,58.84,2776962,179279558.7122,57.15,0.77,358715360,358715000.0,19060916086.84,22964960000.0
2020-04-21,PAYX,58.84,58.53,59.91,58.3,59.76,2372407,158625758.1528,59.19,0.66,358715360,358715000.0,19787387029.38,23840220000.0
2020-04-18,PAYX,59.76,58.41,59.8,58.16,56.46,2764604,184390812.3402,59.05,0.77,358715360,358715000.0,20097028044.0,24213286000.0
2020-04-17,PAYX,56.46,57.55,57.74,56.05,57.45,2105459,134615473.0185,56.6,0.59,358715360,358715000.0,18986482649.64,22875280000.0
2020-04-16,PAYX,57.45,57.36,57.67,56.61,58.55,2366080,153013198.7296,57.25,0.66,358715360,358715000.0,19319942959.63,23277040000.0
2020-04-15,PAYX,58.55,57.84,58.65,57.0,56.79,3233342,211259795.6619,57.84,0.9,358715360,358715000.0,19692110145.63,23725430000.0
2020-04-14,PAYX,56.79,58.04,58.2,56.21,58.91,1985084,127435845.993,56.83,0.55,358715360,358715000.0,19099618199.12,23011590000.0
2020-04-10,PAYX,58.91,58.63,59.93,58.2,57.6,2877355,191603938.4112,58.95,0.8,358715360,358715000.0,19811201858.75,23868910000.0
2020-04-09,PAYX,57.6,57.84,58.79,56.61,57.39,3171849,206491794.6294,57.63,0.88,358715360,358715000.0,19370557101.46,23338020000.0
2020-04-08,PAYX,57.39,60.45,60.9,57.23,57.8,4136383,273352456.9167,58.51,1.15,358715360,358715000.0,19299103979.09,23251930000.0
2020-04-07,PAYX,57.8,55.51,58.19,55.05,52.72,3475714,223904112.5458,57.03,0.97,358715360,358715000.0,19439034672.75,23420520000.0
2020-04-04,PAYX,52.72,53.92,54.46,52.1,54.03,6192902,368076344.1788,52.62,1.73,358715360,358715000.0,17730045931.97,21361500000.0
2020-04-03,PAYX,54.03,53.05,54.56,52.93,53.65,3716187,225344362.1535,53.68,1.04,358715360,358715000.0,18170690391.53,21892390000.0
2020-04-02,PAYX,53.65,52.6,55.02,52.34,55.7,5451539,332356885.7608,53.97,1.52,358715360,358715000.0,18044152655.09,21739940000.0
2020-04-01,PAYX,55.7,56.57,57.41,54.37,57.03,5369586,338255491.4117,55.77,1.5,358715360,358715000.0,18733407176.76,22570368000.0
2020-03-31,PAYX,57.03,53.72,57.5,53.37,53.27,3754828,238991058.6365,56.35,1.05,358715360,358715000.0,19180007799.96,23108440000.0
2020-03-28,PAYX,53.27,55.38,56.65,52.83,58.13,4114317,252317072.9322,54.29,1.15,358715360,358715000.0,17914639367.56,21583900000.0
2020-03-27,PAYX,58.13,53.27,58.55,53.13,53.19,3445726,220108473.3161,56.55,0.96,358715360,358715000.0,19549199137.14,23553250000.0
2020-03-26,PAYX,53.19,52.23,58.14,48.1,52.73,5912520,361374369.4289,54.11,1.65,358715360,358715000.0,17887844223.37,21551620000.0
2020-03-25,PAYX,52.73,46.73,54.77,46.71,44.61,4925281,288288492.978,51.82,1.37,358715360,358715000.0,17733021483.06,21365080000.0
2020-03-24,PAYX,44.61,45.76,46.48,42.94,46.01,5166844,259809098.0127,44.52,1.44,358715360,358715000.0,15002803602.03,18075660000.0
2020-03-21,PAYX,46.01,51.6,51.73,45.48,51.37,5751172,310184274.2629,47.75,1.6,358715360,358715000.0,15473223520.6,18642430000.0
2020-03-20,PAYX,51.37,55.03,55.34,48.22,56.04,5592539,322545783.2328,51.06,1.56,358715360,358715000.0,17277489145.13,20816250000.0
2020-03-18,PAYX,53.82,51.76,54.24,48.23,51.01,7262430,415392135.4693,50.64,2.02,358715360,358715000.0,18099232803.15,21806300000.0
2020-03-17,PAYX,51.01,56.31,57.04,51.01,63.35,5565258,336976900.5995,53.61,1.55,358715360,358715000.0,17155417414.92,20669180000.0
2020-03-14,PAYX,63.35,61.73,63.35,57.64,58.84,4951082,337528622.9103,60.35,1.38,358715360,358715000.0,21305826468.66,25669660000.0
2020-03-13,PAYX,58.84,61.67,63.37,57.2,66.11,5742883,388514063.5004,59.89,1.6,358715360,358715000.0,19787387029.38,23840220000.0
2020-03-12,PAYX,66.11,65.65,67.27,64.67,67.91,4562914,339694802.2666,65.91,1.27,358715360,358715000.0,22234754276.25,26788860000.0
2020-03-11,PAYX,67.91,66.14,67.92,64.09,64.15,2699388,201984954.4638,66.24,0.75,358715360,358715000.0,22839157954.58,27517050000.0
2020-03-10,PAYX,64.15,64.06,66.51,61.55,68.61,3281985,239827440.4095,64.69,0.91,358715360,358715000.0,21573789522.18,25992520000.0
2020-03-07,PAYX,68.61,67.67,68.98,66.59,70.22,2592039,199051241.4989,67.99,0.72,358715360,358715000.0,23074365532.0,27800440000.0
2020-03-06,PAYX,70.22,71.1,71.55,69.51,72.93,2360844,187585836.6792,70.34,0.66,358715360,358715000.0,23616243336.69,28453300000.0
2020-03-05,PAYX,72.93,71.3,73.14,70.56,69.99,1913125,156346503.7744,72.35,0.53,358715360,358715000.0,24527307714.81,29550970000.0
2020-03-03,PAYX,72.67,68.71,72.8,68.06,68.59,3501057,281796573.3719,71.26,0.98,358715360,358715000.0,24437986696.97,29443360000.0
2020-02-29,PAYX,68.59,67.91,69.16,66.71,69.85,4052781,310917183.7659,67.92,1.13,358386400,358386000.0,23047254775.92,27767770000.0
2020-02-28,PAYX,69.85,71.8,73.1,69.82,72.84,2689881,216070883.4311,71.11,0.75,358386400,358386000.0,23469648392.04,28276680000.0
2020-02-27,PAYX,72.84,74.86,75.53,72.8,74.02,2276617,189428424.0403,73.66,0.64,358386400,358386000.0,24475067085.9,29488030000.0
2020-02-26,PAYX,74.02,77.46,77.78,73.9,77.21,2164359,183237020.228,74.95,0.6,358386400,358386000.0,24870690427.78,29964680000.0
2020-02-25,PAYX,77.21,77.15,78.53,76.6,78.84,1768217,154497610.268,77.35,0.49,358386400,358386000.0,25941550775.74,31254880000.0
2020-02-22,PAYX,78.84,79.63,79.71,78.54,79.88,1838096,163840164.7892,78.91,0.51,358386400,358386000.0,26488877593.44,31914310000.0
2020-02-21,PAYX,79.88,79.93,80.15,78.84,79.77,2253619,202758998.3704,79.65,0.63,358386400,358386000.0,26839878853.92,32337200000.0
2020-02-20,PAYX,79.77,79.43,79.99,79.23,79.11,1417349,127649844.0735,79.73,0.4,358386400,358386000.0,26804185055.78,32294200000.0
2020-02-15,PAYX,78.98,78.36,78.99,78.26,78.44,949121,84495216.0852,78.81,0.26,358386400,358386000.0,26536472199.74,31971650000.0
2020-02-14,PAYX,78.44,77.64,78.68,77.55,77.88,782699,69314651.7396,78.4,0.22,358386400,358386000.0,26355021165.42,31753040000.0
2020-02-13,PAYX,77.88,78.12,78.24,77.31,77.73,1019792,89578931.078,77.77,0.28,358386400,358386000.0,26167619429.56,31527250000.0
2020-02-11,PAYX,78.34,77.77,78.43,77.77,77.89,855017,75564528.2627,78.24,0.24,358386400,358386000.0,26322300189.64,31713610000.0
2020-02-08,PAYX,77.89,77.9,78.16,77.47,78.31,886913,78019870.545,77.88,0.25,358386400,358386000.0,26170592251.92,31530830000.0
2020-02-07,PAYX,78.31,78.44,78.67,77.92,77.93,854991,75566248.8974,78.25,0.24,358386400,358386000.0,26310399084.02,31699270000.0
2020-02-06,PAYX,77.93,78.63,78.72,77.71,78.15,1570575,138398918.2248,78.01,0.44,358386400,358386000.0,26185466179.9,31548750000.0
2020-02-05,PAYX,78.15,77.49,78.65,77.25,76.63,1238980,109411599.283,78.18,0.35,358386400,358386000.0,26259831357.9,31638350000.0
2020-02-04,PAYX,76.63,76.53,77.39,76.5,75.93,1406234,121937371.0454,76.77,0.39,358386400,358386000.0,25748198635.8,31021920000.0
2020-02-01,PAYX,75.93,77.19,77.3,75.6,77.32,1718361,147615643.6158,76.05,0.48,358386400,358386000.0,25513206755.54,30738800000.0
2020-01-31,PAYX,77.32,76.23,77.39,75.93,76.83,1368562,119395258.024,76.69,0.38,358386400,358386000.0,26164646309.74,31523670000.0
2020-01-30,PAYX,76.83,78.2,78.2,76.75,77.94,1416483,124268479.9514,77.12,0.4,358386400,358386000.0,25998064444.04,31322960000.0
2020-01-29,PAYX,77.94,77.16,78.29,77.16,77.1,1057296,93761647.8868,77.96,0.3,358386400,358386000.0,26372867915.76,31774540000.0
2020-01-28,PAYX,77.1,77.38,77.86,77.0,78.16,1512435,133006861.257,77.31,0.42,358386400,358386000.0,26090281131.74,31434070000.0
2020-01-25,PAYX,78.16,79.07,79.08,77.82,78.81,1005132,89542083.7068,78.31,0.28,358386400,358386000.0,26447233093.76,31864133000.0
2020-01-24,PAYX,78.81,78.83,78.92,78.3,78.76,1259287,112733645.253,78.7,0.35,358386400,358386000.0,26667351046.04,32129336000.0
2020-01-23,PAYX,78.76,78.42,79.07,78.18,77.93,1381399,123860371.63,78.82,0.39,358386400,358386000.0,26652481877.42,32111418000.0
2020-01-22,PAYX,77.93,77.37,78.17,77.34,77.57,1796367,159218129.2287,77.91,0.5,358386400,358386000.0,26369890334.04,31770950000.0
2020-01-17,PAYX,77.33,77.44,77.56,76.84,76.8,1478196,129835416.6142,77.21,0.41,358386400,358386000.0,26167619429.56,31527247000.0
2020-01-15,PAYX,76.14,76.23,76.88,75.78,75.83,1518429,131575524.6717,76.17,0.42,358386400,358386000.0,25766045683.6,31043426000.0
2020-01-11,PAYX,74.96,75.77,75.87,74.87,75.38,1048480,89700922.9355,75.21,0.29,358386400,358386000.0,25364476399.54,30559606000.0
2020-01-10,PAYX,75.38,75.06,75.78,74.89,74.87,1245634,106718328.9808,75.31,0.35,358386400,358386000.0,25505767560.6,30729840000.0
2020-01-09,PAYX,74.87,74.22,75.15,74.09,74.14,1500533,127632334.4135,74.77,0.42,358386400,358386000.0,25334728543.58,30523766000.0
2020-01-08,PAYX,74.14,74.27,74.39,73.94,74.55,1362956,114960710.0014,74.15,0.38,358386400,358386000.0,25087835557.7,30226300000.0
2020-01-07,PAYX,74.55,74.26,74.59,74.16,74.56,1196725,101268434.8163,74.39,0.33,358386400,358386000.0,25227642389.8,30394750000.0
2020-01-01,PAYX,74.77,74.28,74.89,74.18,74.62,1034167,87732318.5129,74.57,0.29,358386400,358386000.0,25302007567.8,30484340000.0
2019-12-31,PAYX,74.62,74.76,74.78,74.11,74.83,970918,82281419.7408,74.5,0.27,358386400,358386000.0,25251439841.68,30423418000.0
2019-12-28,PAYX,74.83,74.61,74.88,74.21,74.47,958278,81406093.6615,74.68,0.27,358386400,358386000.0,25319854615.6,30505848000.0
2019-12-27,PAYX,74.47,74.38,74.76,74.21,74.41,820990,69536949.09,74.46,0.23,358386400,358386000.0,25197898995.74,30358911000.0
2019-12-25,PAYX,74.41,74.66,74.78,74.34,74.64,422455,35786965.292,74.47,0.12,358386400,358386000.0,25180047486.04,30337400000.0
2019-12-24,PAYX,74.64,75.24,75.45,74.48,75.19,1998874,170113767.9975,74.81,0.56,358386400,358386000.0,25257390245.76,30430590000.0
2019-12-21,PAYX,75.19,75.2,75.55,74.52,74.72,3741268,320215857.6673,75.24,1.04,358386560,358387000.0,25441825758.28,30652800000.0
2019-12-20,PAYX,74.72,74.69,74.96,73.78,74.52,2192955,186140007.2172,74.62,0.61,358386560,358387000.0,25284171808.0,30462860000.0
2019-12-19,PAYX,74.52,76.58,77.22,73.59,74.9,3043514,259233128.0149,74.87,0.85,358386560,358387000.0,25215757301.0,30380430000.0
2019-12-18,PAYX,74.9,75.05,75.32,74.56,74.64,2189534,186451738.3506,74.86,0.61,358386560,358387000.0,25346640667.63,30538120000.0
2019-12-17,PAYX,74.64,75.1,75.48,74.61,74.79,1991010,169358496.216,74.77,0.56,358386560,358387000.0,25257401521.81,30430600000.0
2019-12-14,PAYX,74.79,74.43,74.92,73.91,74.49,1255647,106660675.7517,74.67,0.35,358386560,358387000.0,25307969270.51,30491530000.0
2019-12-13,PAYX,74.49,73.97,74.79,73.62,74.08,1844385,156064842.6595,74.38,0.51,358386560,358387000.0,25206833773.12,30369680000.0
2019-12-11,PAYX,74.29,74.33,74.67,74.11,74.45,916740,77540809.1852,74.35,0.26,358386560,358387000.0,25138414506.74,30287240000.0
2019-12-10,PAYX,74.45,74.91,74.91,74.22,74.83,1028505,87128981.3565,74.47,0.29,358386560,358387000.0,25191959838.49,30351750000.0
2019-12-07,PAYX,74.83,74.71,75.07,74.51,74.21,942499,80242667.4193,74.84,0.26,358386560,358387000.0,25322843205.13,30509450000.0
2019-12-06,PAYX,74.21,74.39,74.54,74.0,74.33,1173431,99038626.6207,74.19,0.33,358386560,358387000.0,25111644220.56,30254990000.0
2019-12-05,PAYX,74.33,74.23,74.79,73.96,74.26,1122396,94912835.1068,74.34,0.31,358386560,358387000.0,25153288441.37,30305160000.0
2019-12-03,PAYX,74.46,75.62,75.62,74.11,75.7,1282132,108786718.0113,74.59,0.36,358386560,358387000.0,25194932662.18,30355340000.0
2019-11-30,PAYX,75.7,75.99,76.28,75.54,76.03,578642,49886867.7954,75.79,0.16,357944160,357944000.0,25585704190.76,30826145000.0
2019-11-28,PAYX,76.03,75.98,76.03,75.37,75.7,1249909,107784035.251,75.8,0.35,357944160,357944000.0,25695631813.23,30958590000.0
2019-11-27,PAYX,75.7,74.76,75.74,74.72,74.6,3269754,281149800.9598,75.59,0.91,357944160,357944000.0,25585704190.76,30826140000.0
2019-11-26,PAYX,74.6,74.69,74.98,74.27,74.4,1028750,87239447.4513,74.55,0.29,357944160,357944000.0,25211367673.7,30375140000.0
2019-11-23,PAYX,74.4,74.76,75.13,74.03,74.69,1024787,86642460.5068,74.32,0.29,357944160,357944000.0,25146006772.99,30296390000.0
2019-11-22,PAYX,74.69,75.58,75.58,74.36,75.38,1130097,96046485.2106,74.71,0.32,357944160,357944000.0,25241078821.54,30410930000.0
2019-11-21,PAYX,75.38,75.2,75.66,74.96,75.41,1151800,98689907.4564,75.32,0.32,357944160,357944000.0,25475780727.6,30693710000.0
2019-11-20,PAYX,75.41,75.06,75.71,74.73,74.77,1062597,91139582.2482,75.4,0.3,357944160,357944000.0,25487662691.15,30708020000.0
2019-11-19,PAYX,74.77,74.46,75.02,74.33,74.46,1172131,99619295.3048,74.71,0.33,357944160,357944000.0,25270785512.98,30446730000.0
2019-11-16,PAYX,74.46,74.55,74.57,73.96,74.25,1319053,111591610.756,74.37,0.37,357944160,357944000.0,25163831500.88,30317870000.0
2019-11-15,PAYX,74.25,73.2,74.31,73.15,73.43,1077518,90630796.4752,73.94,0.3,357944160,357944000.0,25095501446.2,30235543000.0
2019-11-14,PAYX,73.43,72.84,73.56,72.77,73.0,1874005,156233186.361,73.29,0.52,357944160,357944000.0,24816232521.29,29899070000.0
2019-11-13,PAYX,73.0,72.79,73.22,72.65,72.81,1194765,99143874.5326,72.95,0.33,357944160,357944000.0,24670655145.95,29723680000.0
2019-11-12,PAYX,72.81,72.94,73.39,72.58,73.18,1014949,84154396.87,72.89,0.28,357944160,357944000.0,24608267855.61,29648510000.0
2019-11-09,PAYX,73.18,72.95,73.21,72.45,72.86,1718510,142655577.312,72.97,0.48,357944160,357944000.0,24733046595.6,29798850000.0
2019-11-08,PAYX,72.86,73.14,73.36,72.56,72.66,1381124,114531081.9184,72.9,0.39,357944160,357944000.0,24623123429.53,29666411000.0
2019-11-07,PAYX,72.66,72.84,73.16,72.17,72.6,1478226,122017050.5478,72.56,0.41,357944160,357944000.0,24557762528.82,29587660000.0
2019-11-06,PAYX,72.6,73.3,73.81,71.99,73.37,1735002,143071030.5132,72.49,0.48,357944160,357944000.0,24536963893.47,29562610000.0
2019-11-05,PAYX,73.37,74.18,74.26,73.17,73.74,994811,83232055.0934,73.55,0.28,357944160,357944000.0,24795438342.34,29874020000.0
2019-11-02,PAYX,73.74,73.98,74.32,73.38,73.52,983484,82502806.7381,73.74,0.27,357944160,357944000.0,24923186533.39,30027930000.0
2019-11-01,PAYX,73.52,73.84,74.1,73.22,73.87,1174369,98244078.2167,73.54,0.33,357944160,357944000.0,24848913120.19,29938450000.0
2019-10-31,PAYX,73.87,73.85,73.95,72.86,73.78,1138571,95997592.5668,73.57,0.32,357944160,357944000.0,25148975926.96,30299969000.0
2019-10-30,PAYX,73.78,73.83,74.28,73.63,73.67,1155289,97804796.9723,73.87,0.32,357944160,357944000.0,25119269532.61,30264180000.0
2019-10-29,PAYX,73.67,74.2,74.24,73.34,73.76,1033743,87279229.5454,73.68,0.29,357944160,357944000.0,25080645872.28,30217640000.0
2019-10-26,PAYX,73.76,73.55,74.15,73.38,73.91,923409,78104795.7879,73.81,0.26,357944160,357944000.0,25113326174.09,30257016000.0
2019-10-25,PAYX,73.91,73.38,74.01,73.03,73.36,1003383,84716829.7462,73.68,0.28,357944160,357944000.0,25163831500.88,30317870000.0
2019-10-24,PAYX,73.36,72.58,73.38,72.49,72.66,1507629,126182055.4495,73.03,0.42,357944160,357944000.0,24976665767.65,30092370000.0
2019-10-23,PAYX,72.66,74.01,74.4,72.58,73.89,1125207,94392825.3347,73.2,0.31,357944160,357944000.0,24738989954.12,29806008000.0
2019-10-22,PAYX,73.89,74.01,74.01,73.15,73.51,1162694,98207654.4653,73.71,0.32,357944160,357944000.0,25157888439.45,30310710000.0
2019-10-19,PAYX,73.51,74.16,74.52,73.3,73.94,1570315,132705587.0222,73.74,0.44,357944160,357944000.0,25028653591.76,30155000000.0
2019-10-18,PAYX,73.94,74.04,74.53,73.75,73.95,1092562,92659314.6332,74.01,0.31,357944160,357944000.0,25172744013.37,30328610000.0
2019-10-17,PAYX,73.95,73.54,74.04,73.3,74.05,1160766,98210323.042,73.83,0.32,357944160,357944000.0,25178687074.8,30335770000.0
2019-10-16,PAYX,74.05,73.93,74.17,73.58,73.91,1019121,86374486.4557,73.96,0.28,357944160,357944000.0,25211367673.7,30375140000.0
2019-10-15,PAYX,73.91,73.79,74.17,73.75,73.85,1134669,96146975.3873,73.94,0.32,357944160,357944000.0,25162349300.65,30316080000.0
2019-10-12,PAYX,73.85,74.08,74.54,73.79,73.25,1367359,116211975.4112,74.16,0.38,357944160,357944000.0,25143037321.93,30292813000.0
2019-10-11,PAYX,73.25,72.42,73.49,72.27,72.52,1074968,90136500.0121,73.17,0.3,357944160,357944000.0,24938042107.31,30045830000.0
2019-10-10,PAYX,72.52,71.7,72.8,71.7,71.63,1333807,110568461.4969,72.34,0.37,357944160,357944000.0,24688484627.34,29745157000.0
2019-10-09,PAYX,71.63,72.1,72.5,71.37,72.37,1350028,111119854.2603,71.83,0.38,357944160,357944000.0,24385447616.01,29380050000.0
2019-10-08,PAYX,72.37,73.16,73.37,72.33,73.61,1489164,123939842.07,72.63,0.42,357944160,357944000.0,24637974547.05,29684300000.0
2019-10-03,PAYX,72.73,72.25,73.21,70.97,71.46,3868085,320658440.5044,72.34,1.08,357944160,357944000.0,24762758040.54,29834640000.0
2019-10-02,PAYX,71.46,72.56,72.95,71.25,72.23,1850871,152223972.9156,71.77,0.52,357944160,357944000.0,24328999227.79,29312040000.0
2019-10-01,PAYX,72.23,71.51,72.33,71.16,71.14,1652139,136511137.1562,72.1,0.46,357944160,357944000.0,24590443127.72,29627040000.0
2019-09-27,PAYX,72.05,71.83,72.31,71.54,71.78,938415,77423748.4609,72.0,0.26,358139360,358139000.0,24544402950.86,29571570000.0
2019-09-26,PAYX,71.78,71.3,72.14,70.39,71.27,1403283,114998481.9401,71.51,0.39,358139360,358139000.0,24452249829.21,29460540000.0
2019-09-25,PAYX,71.27,71.95,72.65,71.08,71.73,1575139,129282845.9423,71.62,0.44,358139360,358139000.0,24276870173.64,29249239000.0
2019-09-21,PAYX,72.03,72.06,72.86,71.96,71.99,2503745,207236743.7977,72.23,0.7,358139360,358139000.0,24535481119.22,29560817000.0
2019-09-19,PAYX,72.23,72.04,72.31,71.17,72.04,1348157,111056058.7523,71.88,0.38,358139360,358139000.0,24603853192.85,29643190000.0
2019-09-17,PAYX,70.73,71.04,71.55,70.57,71.22,1468896,119524352.4858,71.01,0.41,358139360,358139000.0,24095543918.42,29030770000.0
2019-09-14,PAYX,71.22,71.29,72.06,70.92,71.28,2430241,198689706.7759,71.34,0.68,358139360,358139000.0,24262006498.43,29231330000.0
2019-09-13,PAYX,71.28,71.31,72.18,71.15,70.9,1804623,147854760.1077,71.5,0.5,358139360,358139000.0,24282816476.04,29256400000.0
2019-09-12,PAYX,70.9,70.46,71.06,69.9,70.46,1876635,151936134.1298,70.65,0.52,358139360,358139000.0,24152023090.0,29098820000.0
2019-09-11,PAYX,70.46,70.87,71.12,68.77,71.39,3050240,243786161.664,69.74,0.85,358139360,358139000.0,24000424482.45,28916170000.0
2019-09-10,PAYX,71.39,73.56,73.71,70.8,73.36,1820481,149101772.1568,71.47,0.51,358139360,358139000.0,24318485670.02,29299380000.0
2019-09-07,PAYX,73.36,73.2,73.73,73.17,73.13,1261946,106226947.0649,73.45,0.35,358139360,358139000.0,24990286454.06,30108770000.0
2019-09-06,PAYX,73.13,72.61,73.22,72.34,71.9,1793723,150038103.834,72.99,0.5,358139360,358139000.0,24910026234.46,30012070000.0
2019-09-05,PAYX,71.9,71.34,71.98,71.27,70.68,1368500,112564868.5945,71.78,0.38,358139360,358139000.0,24490894552.43,29507100000.0
2019-09-04,PAYX,70.68,70.76,71.6,70.42,71.29,1452157,118054275.2057,70.94,0.41,358139360,358139000.0,24077709172.8,29009290000.0
2019-08-31,PAYX,71.29,71.89,71.91,70.93,71.43,1271762,103936154.747,71.32,0.36,358139360,358139000.0,24285787249.19,29259980000.0
2019-08-30,PAYX,71.43,71.52,71.83,71.21,70.71,794952,65123424.9622,71.49,0.22,358139360,358139000.0,24333349345.22,29317290000.0
2019-08-29,PAYX,70.71,70.05,70.8,69.77,70.39,973979,78665747.5887,70.48,0.27,358139360,358139000.0,24086626545.61,29020030000.0
2019-08-28,PAYX,70.39,70.61,70.87,70.21,70.2,947927,76555158.0158,70.47,0.26,358139360,358139000.0,23976643434.43,28887520000.0
2019-08-27,PAYX,70.2,70.32,70.46,69.51,69.57,1314548,105279257.3144,69.89,0.37,358139360,358139000.0,23914217663.19,28812300000.0
2019-08-24,PAYX,69.57,71.64,71.93,69.26,71.76,1708698,137111231.3186,70.02,0.48,358139360,358139000.0,23697222511.25,28550870000.0
2019-08-23,PAYX,71.76,72.36,72.36,70.9,72.01,1254521,103132668.4938,71.74,0.35,358139360,358139000.0,24446307985.65,29453380000.0
2019-08-22,PAYX,72.01,71.88,72.24,71.73,71.51,998049,82315194.1191,71.97,0.28,358139360,358139000.0,24529539275.65,29553660000.0
2019-08-21,PAYX,71.51,71.85,72.14,71.37,71.81,790753,64910461.6449,71.63,0.22,358139360,358139000.0,24360101166.39,29349520000.0
2019-08-17,PAYX,71.09,70.53,71.26,70.33,69.89,1732100,140708863.4753,70.89,0.48,359345440,359345000.0,24298975183.86,29275870000.0
2019-08-16,PAYX,69.89,69.62,70.56,69.5,70.73,2072328,166164240.9165,69.97,0.58,359345440,359345000.0,23887379425.6,28779970000.0
2019-08-15,PAYX,70.73,72.15,72.38,70.66,73.06,1685671,137503900.3746,71.18,0.47,359345440,359345000.0,24176688737.6,29128540000.0
2019-08-14,PAYX,73.06,72.34,73.2,72.06,72.25,1331357,111129427.2188,72.84,0.37,359345440,359345000.0,24973033570.67,30087990000.0
2019-08-13,PAYX,72.25,72.79,72.94,71.85,72.91,1109221,91966076.5943,72.35,0.31,359345440,359345000.0,24695657211.59,29753801000.0
2019-08-10,PAYX,72.91,73.48,73.54,72.17,73.66,1353118,113011884.9377,72.88,0.38,359345440,359345000.0,24919349747.99,30023309000.0
2019-08-09,PAYX,73.66,72.09,73.66,70.89,71.77,1460874,122549219.6059,73.2,0.41,359345440,359345000.0,25175850523.06,30332350000.0
2019-08-08,PAYX,71.77,70.88,72.07,70.39,71.79,2307257,188315559.1679,71.22,0.64,359345440,359345000.0,24531614825.2,29556160000.0
2019-08-07,PAYX,71.79,70.73,72.08,70.37,70.58,2222441,182254610.0889,71.56,0.62,359345440,359345000.0,24537581450.79,29563350000.0
2019-08-06,PAYX,70.58,72.19,72.48,70.12,73.24,2561505,208555936.362,71.05,0.71,359345440,359345000.0,24123004616.66,29063860000.0
2019-08-03,PAYX,73.24,72.74,73.71,72.43,73.2,1869932,156738627.7263,73.14,0.52,359345440,359345000.0,25032684018.94,30159860000.0
2019-08-01,PAYX,72.47,75.05,75.3,71.82,74.63,2844217,239225965.5601,73.4,0.79,359345440,359345000.0,24770221390.39,29843640000.0
2019-07-31,PAYX,74.63,74.36,75.15,74.29,74.7,2182589,188547302.8475,74.84,0.61,359345440,359345000.0,25691833447.33,30954010000.0
2019-07-30,PAYX,74.7,75.03,75.14,74.66,75.01,1309607,113102897.6384,74.82,0.36,359345440,359345000.0,25718675358.67,30986350000.0
2019-07-27,PAYX,75.01,74.34,75.07,74.15,74.0,1113262,96212449.3281,74.87,0.31,359345440,359345000.0,25823066998.53,31112130000.0
2019-07-26,PAYX,74.0,73.73,74.14,73.26,73.68,1726884,147098576.3535,73.8,0.48,359345440,359345000.0,25477088314.13,30695290000.0
2019-07-25,PAYX,73.68,73.21,73.71,72.56,73.31,1621433,137240192.1186,73.33,0.45,359345440,359345000.0,25366734820.79,30562330000.0
2019-07-24,PAYX,73.31,73.15,73.6,72.47,72.85,2005091,169509585.0883,73.24,0.56,359345440,359345000.0,25238482047.2,30407800000.0
2019-07-23,PAYX,72.85,73.34,73.68,72.82,73.26,1733642,146584278.363,73.25,0.48,359345440,359345000.0,25080406286.4,30217350000.0
2019-07-20,PAYX,73.26,74.42,74.64,73.23,74.15,1508294,128613733.1491,73.87,0.42,359345440,359345000.0,25220587240.8,30386250000.0
2019-07-18,PAYX,73.84,74.37,74.46,73.81,74.21,1142842,97652654.6566,74.03,0.32,359345440,359345000.0,25420418643.47,30627010000.0
2019-07-17,PAYX,74.21,74.26,74.55,73.91,74.27,1119076,95833535.8923,74.19,0.31,359345440,359345000.0,25548671417.06,30781530000.0
2019-07-16,PAYX,74.27,74.43,74.49,73.96,74.26,1525653,130761285.2135,74.25,0.42,359345440,359345000.0,25569547001.07,30806680000.0
2019-07-13,PAYX,74.26,74.21,74.32,73.63,73.93,1747240,149383769.5438,74.07,0.49,359345440,359345000.0,25566566223.46,30803090000.0
2019-07-12,PAYX,73.93,74.11,74.22,73.58,74.04,1759167,150065218.4624,73.9,0.49,359345440,359345000.0,25450246104.53,30662940000.0
2019-07-11,PAYX,74.04,73.93,74.47,73.9,73.82,2213518,189318004.3504,74.1,0.62,359345440,359345000.0,25489020968.79,30709660000.0
2019-07-10,PAYX,73.82,73.27,73.92,72.64,73.51,1948125,165335605.6969,73.53,0.54,359345440,359345000.0,25414456789.99,30619820000.0
2019-07-09,PAYX,73.51,73.67,73.92,73.37,73.91,1782965,151391729.3146,73.56,0.5,359345440,359345000.0,25307084372.52,30490460000.0
2019-07-06,PAYX,73.91,72.82,74.0,72.39,73.29,2182046,185010007.0204,73.46,0.61,359345440,359345000.0,25444279777.2,30655750000.0
2019-07-04,PAYX,73.29,72.47,73.41,72.46,72.45,1442467,121716957.9436,73.1,0.4,359345440,359345000.0,25232520193.72,30400620000.0
2019-07-03,PAYX,72.45,71.91,73.67,70.78,72.35,4224512,349510750.4609,71.68,1.18,359345440,359345000.0,24943210583.46,30052060000.0
2019-07-02,PAYX,72.35,72.18,72.48,71.36,71.29,3786930,315539864.2273,72.19,1.05,359345440,359345000.0,24907416795.07,30008930000.0
2019-06-29,PAYX,71.29,71.09,71.33,70.69,71.13,4047523,332554636.8202,71.18,1.13,359392800,359393000.0,24546778025.18,29574430000.0
2019-06-28,PAYX,71.13,70.97,71.29,70.54,70.84,3631090,297897869.7945,71.08,1.01,359392800,359393000.0,24490105658.47,29506150000.0
2019-06-27,PAYX,70.84,72.79,73.01,70.41,73.47,5978703,491991631.0473,71.29,1.66,359392800,359393000.0,24391667373.96,29387550000.0
2019-06-26,PAYX,73.47,74.51,74.61,73.41,74.66,2581383,219846578.2732,73.78,0.72,359392800,359393000.0,25295504028.38,30476510000.0
2019-06-25,PAYX,74.66,75.09,75.27,74.64,74.96,1392185,120242332.1028,74.83,0.39,359392800,359393000.0,25707149260.25,30972460000.0
2019-06-22,PAYX,74.96,75.82,76.0,74.87,75.86,2904690,252337411.8888,75.26,0.81,359392800,359393000.0,25808573487.96,31094660000.0
2019-06-21,PAYX,75.86,76.01,76.37,75.6,75.49,1938289,169827639.1083,75.91,0.54,359392800,359393000.0,26118799264.85,31468430000.0
2019-06-20,PAYX,75.49,75.4,75.71,74.51,75.25,1633123,141750497.1231,75.2,0.45,359392800,359393000.0,25993515531.36,31317480000.0
2019-06-18,PAYX,74.75,75.82,75.82,74.7,75.09,1326883,114776575.0216,74.94,0.37,359392800,359393000.0,25736980652.42,31008410000.0
2019-06-14,PAYX,75.31,75.94,76.06,75.1,75.61,1448251,126041283.0817,75.4,0.4,359392800,359393000.0,25930871278.25,31242010000.0
2019-06-13,PAYX,75.61,75.46,75.75,75.36,75.42,1172864,102332509.4964,75.59,0.33,359392800,359393000.0,26032295505.96,31364210000.0
2019-06-12,PAYX,75.42,76.61,76.61,75.13,76.06,1460577,127267658.7864,75.49,0.41,359392800,359393000.0,25966670082.38,31285140000.0
2019-06-08,PAYX,75.89,75.82,76.49,75.71,75.45,1516722,133133921.2664,76.05,0.42,359392800,359393000.0,26130733790.47,31482810000.0
2019-06-07,PAYX,75.45,75.08,75.51,74.25,74.88,1393600,120584017.4448,74.96,0.39,359392800,359393000.0,25978599835.27,31299516000.0
2019-06-06,PAYX,74.88,74.61,74.96,74.23,73.95,2554548,220246233.8349,74.69,0.71,359392800,359393000.0,25781723266.25,31062310000.0
2019-06-05,PAYX,73.95,73.91,74.04,73.22,73.15,2546429,216728362.3296,73.74,0.71,359392800,359393000.0,25462548906.94,30677770000.0
2019-06-04,PAYX,73.15,74.46,74.91,72.75,74.32,2154471,182757533.4275,73.49,0.6,359392800,359393000.0,25185131218.25,30343530000.0
2019-06-01,PAYX,74.32,74.34,74.56,73.78,74.71,1596600,136796847.66,74.23,0.44,359392800,359393000.0,25899137170.74,30832301000.0
2019-05-31,PAYX,74.71,74.2,74.84,73.77,74.23,1749442,150583214.9017,74.57,0.49,359392800,359393000.0,26034991271.82,30994036000.0
2019-05-30,PAYX,74.23,74.32,74.5,73.7,74.65,1774427,151765142.5513,74.1,0.49,359392800,359393000.0,25865928974.13,30792770000.0
2019-05-29,PAYX,74.65,74.96,75.5,74.48,74.65,2608685,225378905.786,74.85,0.73,359392800,359393000.0,26013856861.95,30968880000.0
2019-05-25,PAYX,74.65,74.93,75.34,74.46,74.56,1377815,118788863.0841,74.69,0.38,359392800,359393000.0,26013856861.95,30968875000.0
2019-05-23,PAYX,75.5,75.34,76.02,75.27,75.47,1168661,102029476.466,75.64,0.33,359392800,359393000.0,26309707505.46,31321079000.0
2019-05-22,PAYX,75.47,75.11,75.61,74.64,74.64,1265293,110114143.9979,75.39,0.35,359392800,359393000.0,26297634020.61,31306700000.0
2019-05-21,PAYX,74.64,74.19,75.06,73.56,74.74,1130488,97377631.6756,74.62,0.31,359392800,359393000.0,26010839471.88,30965280000.0
2019-05-18,PAYX,74.74,74.61,75.24,74.31,75.06,1672966,144437701.1577,74.8,0.47,359392800,359393000.0,26044047668.49,31004817000.0
2019-05-17,PAYX,75.06,73.78,75.35,73.68,73.68,1672783,144869374.4121,75.03,0.47,359392800,359393000.0,26155745441.28,31137790000.0
2019-05-16,PAYX,73.68,72.56,73.79,72.55,72.94,1447204,122871100.1256,73.55,0.4,359392800,359393000.0,25675741625.16,30566360000.0
2019-05-14,PAYX,71.85,71.66,72.4,71.44,73.16,2468775,206493276.0812,71.93,0.69,359392800,359393000.0,25225923785.34,30030860000.0
2019-05-11,PAYX,73.16,72.27,73.24,71.43,72.5,1591543,134212445.0163,72.52,0.44,359392800,359393000.0,25684797719.94,30577137000.0
2019-05-10,PAYX,72.5,71.69,72.61,71.59,72.4,2119436,177842951.4335,72.16,0.59,359392800,359393000.0,25452341249.34,30300400000.0
2019-05-07,PAYX,72.81,71.48,72.96,71.1,72.76,1300739,109668954.9636,72.5,0.36,359392800,359393000.0,25561021933.95,30429790000.0
2019-05-04,PAYX,72.76,71.57,72.93,71.44,71.18,1610913,136023555.7917,72.61,0.45,359392800,359393000.0,25542909140.61,30408223000.0
2019-05-03,PAYX,71.18,70.5,71.47,70.37,70.49,2358812,194957453.5332,71.07,0.66,359392800,359393000.0,24990449924.67,29750530000.0
2019-05-02,PAYX,70.49,72.66,72.66,70.44,72.5,2232185,184963552.3138,71.25,0.62,359392800,359393000.0,24745919969.22,29459430000.0
2019-05-01,PAYX,72.5,71.98,72.57,71.24,71.9,2182174,183010200.3197,72.12,0.61,359392800,359393000.0,25452341249.34,30300400000.0
2019-04-30,PAYX,71.9,72.0,72.31,71.8,72.05,1497456,125379746.1935,72.0,0.42,359392800,359393000.0,25241019188.61,30048830000.0
2019-04-26,PAYX,71.57,71.75,71.8,70.93,71.79,1569050,130351026.9891,71.44,0.44,359392800,359393000.0,25126299497.4,29912260000.0
2019-04-25,PAYX,71.79,71.93,72.25,71.63,71.87,1415464,118425218.7837,71.95,0.39,359392800,359393000.0,25201771985.4,30002110000.0
2019-04-24,PAYX,71.87,70.01,71.9,69.94,70.18,1912985,158795358.288,71.38,0.53,359392800,359393000.0,25231962791.94,30038050000.0
2019-04-23,PAYX,70.18,69.93,70.25,69.82,70.16,1080635,88097475.9355,70.1,0.3,359392800,359393000.0,24637239284.61,29330040000.0
2019-04-19,PAYX,70.16,70.62,70.62,69.74,70.13,1224798,99980510.5988,70.2,0.34,359392800,359393000.0,24631200278.01,29322860000.0
2019-04-18,PAYX,70.13,70.33,70.53,70.09,70.16,1189635,97211492.7412,70.27,0.33,359392800,359393000.0,24622143881.34,29312070000.0
2019-04-16,PAYX,70.83,70.66,70.93,70.45,70.65,896098,73733362.9046,70.76,0.25,359392800,359393000.0,24866674138.68,29603180000.0
2019-04-11,PAYX,69.77,69.38,69.9,69.37,69.44,976143,79124392.5703,69.7,0.27,359392800,359393000.0,24495350705.28,29161130000.0
2019-04-10,PAYX,69.44,69.25,69.69,68.88,69.5,1348798,108950777.0076,69.46,0.38,359392800,359393000.0,24377613624.0,29020960000.0
2019-04-09,PAYX,69.5,69.42,69.59,68.77,69.43,1468735,118468754.0627,69.36,0.41,359392800,359393000.0,24398748335.76,29046130000.0
2019-04-06,PAYX,69.43,69.37,69.6,69.07,69.14,2021742,163033675.1849,69.34,0.56,359392800,359393000.0,24374596535.82,29017370000.0
2019-04-05,PAYX,69.14,69.88,69.9,68.84,69.72,1872254,150556180.1853,69.15,0.52,359392800,359393000.0,24271950329.46,28895180000.0
2019-04-04,PAYX,69.72,70.02,70.16,69.33,69.67,2948308,238775203.761,69.64,0.82,359392800,359393000.0,24477237911.94,29139570000.0
2019-04-03,PAYX,69.67,69.56,69.72,69.13,69.59,2425167,195882933.3661,69.46,0.67,359392800,359393000.0,24459125420.49,29118000000.0
2019-04-02,PAYX,69.59,69.44,69.68,68.86,68.97,1723538,139071945.1301,69.39,0.48,359392800,359393000.0,24431951702.13,29085650000.0
2019-03-30,PAYX,68.97,68.49,69.11,68.07,67.98,2738939,219198120.8075,68.82,0.76,359392800,359393000.0,24211573244.73,28823300000.0
2019-03-29,PAYX,67.98,68.29,68.6,67.59,68.16,2184259,172731874.4718,68.0,0.61,359392800,359393000.0,23864401913.16,28410000000.0
2019-03-28,PAYX,68.16,68.17,69.43,66.83,68.88,4368395,345204992.9719,67.95,1.22,359392800,359393000.0,23927796086.07,28485470000.0
2019-03-27,PAYX,68.88,68.19,68.94,68.06,67.71,2510029,200301049.6385,68.62,0.7,359392800,359393000.0,24181387268.43,28787360000.0
2019-03-26,PAYX,67.71,67.19,67.77,66.98,67.45,1613889,126625742.2372,67.47,0.45,359392800,359393000.0,23770816631.82,28298590000.0
2019-03-23,PAYX,67.45,68.18,68.37,67.42,68.38,2462892,193996604.1807,67.73,0.69,359392800,359393000.0,23680248740.55,28190770000.0
2019-03-22,PAYX,68.38,67.22,68.61,67.14,67.44,1655884,131415579.124,68.25,0.46,359392800,359393000.0,24006290492.49,28578910000.0
2019-03-21,PAYX,67.44,67.88,68.06,67.2,68.03,1795830,141159785.8735,67.59,0.5,359392800,359393000.0,23677226822.13,28187170000.0
2019-03-20,PAYX,68.03,68.5,68.51,67.69,68.21,1541745,122069829.6102,68.09,0.43,359392800,359393000.0,23882514404.61,28431560000.0
2019-03-19,PAYX,68.21,68.17,68.41,67.64,68.13,1242653,98303056.6308,68.03,0.35,359392800,359393000.0,23945913407.76,28507040000.0
2019-03-16,PAYX,68.13,67.92,68.4,67.8,67.92,2565412,203176787.4128,68.1,0.71,359392800,359393000.0,23918739689.4,28474690000.0
2019-03-15,PAYX,67.92,67.45,67.93,67.18,67.31,1567098,123405214.3003,67.72,0.44,359392800,359393000.0,23846289119.82,28388440000.0
2019-03-14,PAYX,67.31,67.13,67.82,67.02,66.85,1844624,144606520.4763,67.41,0.51,359392800,359393000.0,23628928052.49,28129670000.0
2019-03-13,PAYX,66.85,66.89,67.38,66.7,66.66,1922646,149870074.9713,67.03,0.53,359392800,359393000.0,23468926679.82,27939200000.0
2019-03-12,PAYX,66.66,65.88,66.71,65.8,65.65,1727390,133248624.1752,66.33,0.48,359392800,359393000.0,23402510588.49,27860130000.0
2019-03-09,PAYX,65.65,65.21,65.69,64.58,65.53,1580092,119895797.7078,65.25,0.44,359392800,359393000.0,23046278030.01,27436040000.0
2019-03-08,PAYX,65.53,65.96,66.15,65.37,66.06,2599194,198478620.348,65.66,0.72,359392800,359393000.0,23004013436.73,27385730000.0
2019-03-07,PAYX,66.06,66.31,66.39,65.85,66.22,1710925,131523417.4038,66.1,0.48,359392800,359393000.0,23191188527.76,27608550000.0
2019-03-06,PAYX,66.22,65.9,66.43,65.74,65.78,1659423,127525832.8168,66.08,0.46,359392800,359393000.0,23248543694.07,27676830000.0
2019-03-05,PAYX,65.78,66.88,67.07,65.07,66.58,2658289,203286545.1852,65.76,0.74,359392800,359393000.0,23094581328.0,27493550000.0
2019-03-02,PAYX,66.58,66.52,66.7,66.25,66.23,1952359,150993889.0299,66.51,0.54,359392800,359393000.0,23375336870.13,27827780000.0
2019-03-01,PAYX,66.23,65.71,66.26,65.61,65.8,1924158,147938114.3185,66.11,0.54,359392800,359393000.0,23251565612.49,27680430000.0
2019-02-28,PAYX,65.8,65.18,65.83,65.0,65.42,1276553,97248694.7443,65.51,0.36,359091040,359091000.0,23081224468.05,27477640000.0
2019-02-27,PAYX,65.42,65.13,65.62,65.1,65.22,1218919,92714399.4267,65.41,0.34,359091040,359091000.0,22948503514.76,27319645000.0
2019-02-26,PAYX,65.22,65.71,65.78,65.03,65.26,1747991,132654503.8527,65.26,0.49,359091040,359091000.0,22876109252.91,27233460000.0
2019-02-23,PAYX,65.26,65.04,65.41,64.73,64.79,1731142,131274931.8457,65.21,0.48,359091040,359091000.0,22891191981.5,27251415000.0
2019-02-22,PAYX,64.79,64.67,65.01,64.31,64.77,1605723,120882844.9589,64.74,0.45,359091040,359091000.0,22728310397.22,27057510000.0
2019-02-21,PAYX,64.77,64.4,64.78,64.15,64.61,1974659,148207626.4399,64.54,0.55,359091040,359091000.0,22719261604.64,27046730000.0
2019-02-20,PAYX,64.61,64.97,65.07,64.58,65.16,1651487,124431945.3068,64.79,0.46,359091040,359091000.0,22661949769.75,26978510000.0
2019-02-16,PAYX,65.16,65.12,65.36,64.98,64.64,2838068,215197062.3613,65.2,0.79,359091040,359091000.0,22858011667.77,27211915000.0
2019-02-15,PAYX,64.64,64.41,64.92,64.2,64.71,1507471,113339963.8854,64.65,0.42,359091040,359091000.0,22674013418.88,26992870000.0
2019-02-14,PAYX,64.71,64.55,64.74,64.36,64.35,2511344,188630307.5645,64.59,0.7,359091040,359091000.0,22698144638.4,27021598000.0
2019-02-13,PAYX,64.35,64.49,64.51,64.04,63.68,2495998,186787760.7302,64.35,0.7,359091040,359091000.0,22571457922.76,26870780000.0
2019-02-12,PAYX,63.68,63.99,64.06,63.52,63.86,2058277,152605588.4117,63.76,0.57,359091040,359091000.0,22336182076.63,26590690000.0
2019-02-09,PAYX,63.86,62.99,63.87,62.72,63.43,1490724,110183580.395,63.56,0.42,359091040,359091000.0,22399523021.35,26666094000.0
2019-02-08,PAYX,63.43,62.74,63.45,62.64,63.38,2392696,175646363.3862,63.13,0.67,359091040,359091000.0,22248704784.55,26486550000.0
2019-02-07,PAYX,63.38,63.28,63.47,63.0,63.41,2249903,165629747.9597,63.3,0.63,359091040,359091000.0,22230607199.41,26465000000.0
2019-02-06,PAYX,63.41,62.64,63.43,62.32,62.32,2909510,213242942.7955,63.02,0.81,359091040,359091000.0,22242675373.08,26479370000.0
2019-02-05,PAYX,62.32,61.92,62.4,61.34,61.81,3455865,249350661.0233,62.05,0.96,359091040,359091000.0,21859595845.06,26023320000.0
2019-02-02,PAYX,61.81,61.0,61.84,61.0,60.88,1960726,140284059.2005,61.52,0.55,359091040,359091000.0,21681631230.55,25811460000.0
2019-02-01,PAYX,60.88,60.69,61.02,60.31,60.69,2959516,208842093.9108,60.68,0.82,359091040,359091000.0,21355863537.43,25423640000.0
2019-01-31,PAYX,60.69,59.72,60.72,59.55,59.49,2508879,177309022.0864,60.29,0.7,359091040,359091000.0,21458418731.9,25545735000.0
2019-01-30,PAYX,59.49,59.86,59.91,59.21,59.72,1362496,95009834.0337,59.49,0.38,359091040,359091000.0,21033110097.58,25039410000.0
2019-01-29,PAYX,59.72,59.6,59.87,59.41,60.05,1734472,121304106.486,59.67,0.48,359091040,359091000.0,21114553152.0,25136370000.0
2019-01-26,PAYX,60.05,59.96,60.16,59.51,59.4,1883305,132341720.0051,59.95,0.52,359091040,359091000.0,21232191376.7,25276415000.0
2019-01-25,PAYX,59.4,59.67,59.71,59.19,59.58,1939162,135072150.7071,59.43,0.54,359091040,359091000.0,20999930085.49,24999910000.0
2019-01-24,PAYX,59.58,59.41,59.63,58.85,59.21,1756832,122330499.5553,59.41,0.49,359091040,359091000.0,21066290411.31,25078915000.0
2019-01-23,PAYX,59.21,59.2,59.55,58.71,59.63,1539100,106569594.1891,59.07,0.43,359091040,359091000.0,20933569458.02,24920911000.0
2019-01-19,PAYX,59.63,59.31,59.78,58.77,58.65,2190070,152585917.5396,59.44,0.61,359091040,359091000.0,21084387694.82,25100458000.0
2019-01-18,PAYX,58.65,58.27,58.91,58.23,58.42,1614158,110885557.1473,58.61,0.45,359091040,359091000.0,20737507560.0,24687510000.0
2019-01-17,PAYX,58.42,58.24,58.6,57.99,58.13,2000851,136914830.4824,58.38,0.56,359091040,359091000.0,20656064505.58,24590550000.0
2019-01-16,PAYX,58.13,57.59,58.33,57.42,57.36,1759369,119751616.3657,58.07,0.49,359091040,359091000.0,20553509311.1,24468460000.0
2019-01-15,PAYX,57.36,57.04,57.51,56.91,57.41,1245855,83732668.695,57.34,0.35,359091040,359091000.0,20279018913.58,24141690000.0
2019-01-12,PAYX,57.41,57.29,57.54,56.82,57.51,1606864,107690267.3708,57.18,0.45,359091040,359091000.0,20297116498.73,24163231000.0
2019-01-11,PAYX,57.51,56.48,57.54,56.32,56.57,1567703,105134250.1817,57.21,0.44,359091040,359091000.0,20333315891.92,24206330000.0
2019-01-10,PAYX,56.57,56.6,56.88,56.25,56.61,1665029,110456520.3388,56.6,0.46,359091040,359091000.0,20001513961.14,23811325000.0
2019-01-09,PAYX,56.61,56.91,57.03,55.87,56.18,1746803,115598879.1054,56.46,0.49,359091040,359091000.0,20013582134.82,23825690000.0
2019-01-08,PAYX,56.18,56.31,56.79,56.0,56.48,1708117,112878865.6208,56.38,0.48,359091040,359091000.0,19862763898.02,23646140000.0
2019-01-05,PAYX,56.48,55.57,56.67,55.34,54.58,2137175,141029615.7772,56.3,0.6,359091040,359091000.0,19968333647.41,23771820000.0
2019-01-04,PAYX,54.58,54.93,55.51,54.5,55.51,2231010,143469575.6871,54.86,0.62,359091040,359091000.0,19295685819.46,22971050000.0
2019-01-03,PAYX,55.51,54.67,55.69,54.03,55.58,2589408,167979311.9006,55.35,0.72,359091040,359091000.0,19627487750.24,23366050000.0
2019-01-01,PAYX,55.58,55.61,55.8,55.04,55.17,1599831,103944538.0984,55.43,0.45,359091040,359091000.0,19651614445.22,23394778000.0
2018-12-29,PAYX,55.17,55.8,56.16,54.98,55.63,1726978,112107134.3544,55.38,0.48,359091040,359091000.0,19506830446.08,23222415000.0
2018-12-28,PAYX,55.63,54.12,55.64,53.63,54.87,1743573,111521363.1079,54.57,0.49,359091040,359091000.0,19666697173.81,23412730000.0
2018-12-27,PAYX,54.87,52.93,54.92,52.31,52.59,2474446,156319397.0599,53.9,0.69,359091040,359091000.0,19401260395.04,23096730000.0
2018-12-25,PAYX,52.59,54.16,54.35,52.56,54.46,1626091,101443033.3464,53.22,0.45,359091040,359091000.0,18592872232.7,22134370000.0
2018-12-22,PAYX,54.46,55.99,57.04,54.32,55.42,4957840,321215017.8169,55.27,1.38,359091040,359091000.0,19256471569.71,22924370000.0
2018-12-21,PAYX,55.42,55.05,56.06,54.2,55.25,4426500,287429903.9235,55.4,1.23,359091040,359091000.0,19594307436.51,23326550000.0
2018-12-20,PAYX,55.25,55.25,56.85,54.29,54.87,3787860,246609363.9327,55.54,1.05,359091040,359091000.0,19533976522.15,23254730000.0
2018-12-19,PAYX,54.87,55.67,56.11,54.56,55.41,3113970,201209806.7999,55.13,0.87,359091040,359091000.0,19401260395.04,23096730000.0
2018-12-18,PAYX,55.41,56.32,56.8,55.05,56.22,3204862,209612383.8596,55.8,0.89,359091040,359091000.0,19591288055.41,23322960000.0
2018-12-15,PAYX,56.22,57.08,57.26,56.05,57.49,1981609,131042816.3287,56.42,0.55,359091040,359091000.0,19877841800.42,23664090000.0
2018-12-14,PAYX,57.49,58.43,58.45,56.94,58.12,2225768,149782612.4064,57.41,0.62,359091040,359091000.0,20324267099.35,24195550000.0
2018-12-13,PAYX,58.12,59.05,59.21,58.08,58.13,1619526,111222412.1015,58.59,0.45,359091040,359091000.0,20547475375.09,24461280000.0
2018-12-12,PAYX,58.13,58.64,59.67,57.63,58.12,1852186,126482633.2238,58.26,0.52,359091040,359091000.0,20553509311.1,24468460000.0
2018-12-11,PAYX,58.12,57.76,58.39,56.98,57.74,2114576,143362742.2149,57.84,0.59,359091040,359091000.0,20547475375.09,24461280000.0
2018-12-08,PAYX,57.74,58.74,59.15,56.65,59.01,2168682,147338971.2203,57.96,0.6,359091040,359091000.0,20414754421.79,24303280000.0
2018-12-07,PAYX,59.01,58.1,59.12,57.36,59.12,2514991,172540449.5268,58.53,0.7,359091040,359091000.0,20864194577.28,24838320000.0
2018-12-05,PAYX,59.12,60.5,60.8,58.96,60.58,2588017,180677991.698,59.56,0.72,359091040,359091000.0,20903408827.03,24885010000.0
2018-12-04,PAYX,60.58,61.04,61.21,59.58,60.37,2103595,149003929.9098,60.43,0.59,359091040,359091000.0,21419204482.15,25499050000.0
2018-12-01,PAYX,60.37,59.85,60.56,59.55,59.65,3417480,241316140.0914,60.24,0.95,359091040,359091000.0,21343795363.75,25409280000.0
2018-11-30,PAYX,59.65,59.99,60.24,59.58,60.45,2250746,157763126.1539,59.8,0.63,359081920,359082000.0,21089886289.35,25107000000.0
2018-11-29,PAYX,60.45,59.05,60.45,58.95,59.0,2343436,165059909.9731,60.09,0.65,359081920,359082000.0,21370403498.28,25440950000.0
2018-11-28,PAYX,59.0,58.12,59.02,57.89,58.36,1590589,109362532.5122,58.66,0.44,359081920,359082000.0,20860649899.76,24834110000.0
2018-11-27,PAYX,58.36,58.26,58.41,57.47,57.38,2630687,179135310.6601,58.09,0.73,359081920,359082000.0,20634428290.16,24564790000.0
2018-11-24,PAYX,57.38,56.94,57.94,56.74,57.44,892042,60194283.2025,57.57,0.25,359081920,359082000.0,20287552440.78,24151844000.0
2018-11-22,PAYX,57.44,57.73,57.97,56.96,57.42,2046488,138168856.2942,57.6,0.57,359081920,359082000.0,20308668569.08,24176980000.0
2018-11-21,PAYX,57.42,58.09,58.23,57.12,58.36,1892982,127582441.7502,57.5,0.53,359081920,359082000.0,20299620307.96,24166210000.0
2018-11-20,PAYX,58.36,58.6,58.94,57.66,58.74,2236279,152777207.5016,58.28,0.62,359081920,359082000.0,20634428290.16,24564790000.0
2018-11-17,PAYX,58.74,57.85,58.89,57.44,57.96,2016334,138207611.8103,58.48,0.56,359081920,359082000.0,20767145872.68,24722790000.0
2018-11-16,PAYX,57.96,56.47,58.1,56.21,56.92,2798377,188973841.933,57.61,0.78,359081920,359082000.0,20492662446.52,24396020000.0
2018-11-15,PAYX,56.92,57.92,58.76,56.82,57.8,2812336,189048620.4096,57.35,0.78,359081920,359082000.0,20124674993.27,23957940000.0
2018-11-14,PAYX,57.8,59.22,59.22,57.48,57.98,1729448,117301019.4842,57.87,0.48,359081920,359082000.0,20435352067.2,24327800000.0
2018-11-13,PAYX,57.98,58.73,58.9,57.89,58.88,1689109,115158387.6712,58.16,0.47,359081920,359082000.0,20498696229.29,24403210000.0
2018-11-10,PAYX,58.88,58.59,59.03,58.26,58.87,1370153,94274893.9244,58.7,0.38,359081920,359082000.0,20818422167.6,24783833000.0
2018-11-09,PAYX,58.87,58.51,59.1,58.35,58.42,1854513,127823615.9567,58.8,0.52,359081920,359082000.0,20812388083.2,24776649000.0
2018-11-08,PAYX,58.42,57.78,58.47,57.58,57.31,1792889,122277186.6455,58.19,0.5,359081920,359082000.0,20655539894.03,24589930000.0
2018-11-07,PAYX,57.31,56.56,57.36,56.56,56.55,1828383,122242202.482,57.04,0.51,359081920,359082000.0,20263421532.5,24123120000.0
2018-11-06,PAYX,56.55,55.92,56.79,55.74,55.87,2471443,163358665.2497,56.39,0.69,359081920,359082000.0,19991957410.76,23799950000.0
2018-11-03,PAYX,55.87,55.57,56.0,55.09,55.45,2659930,173298969.3608,55.58,0.74,359081920,359082000.0,19753672760.04,23516270000.0
2018-11-02,PAYX,55.45,55.82,56.04,55.23,55.87,2138149,139237981.9518,55.56,0.6,359081920,359082000.0,19602858353.64,23336730000.0
2018-11-01,PAYX,55.87,55.28,56.56,55.24,54.66,3504615,230001591.6661,55.99,0.98,359081920,359082000.0,19753672760.04,23516274000.0
2018-10-31,PAYX,54.66,54.14,54.73,53.87,54.06,2598086,167042112.9155,54.38,0.72,359081920,359082000.0,19494271679.41,23207460000.0
2018-10-30,PAYX,54.06,54.8,55.16,53.19,54.14,2096132,134612354.0337,54.31,0.58,359081920,359082000.0,19280113412.55,22952510000.0
2018-10-27,PAYX,54.14,53.71,54.75,53.29,54.91,2862538,182969973.8766,54.06,0.8,359081920,359082000.0,19307258799.18,22984829000.0
2018-10-26,PAYX,54.91,54.86,55.19,54.08,54.26,3217933,208643400.2176,54.84,0.9,359081920,359082000.0,19581742225.35,23311590000.0
2018-10-25,PAYX,54.26,55.9,56.1,54.15,55.95,3454445,225104089.4742,55.11,0.96,359081920,359082000.0,19352505835.76,23038696000.0
2018-10-24,PAYX,55.95,56.97,56.97,55.3,57.15,3260220,215691590.892,55.95,0.91,359081920,359082000.0,19952744156.95,23753260000.0
2018-10-23,PAYX,57.15,57.72,57.88,57.11,57.46,1988834,134870780.9207,57.35,0.55,359081920,359082000.0,20381061293.93,24263160000.0
2018-10-20,PAYX,57.46,57.94,58.43,57.4,57.54,2365006,161513101.7024,57.76,0.66,359081920,359082000.0,20492662446.52,24396024000.0
2018-10-19,PAYX,57.54,58.31,58.89,57.48,58.26,2850868,195720076.3321,58.06,0.79,359081920,359082000.0,20519807833.16,24428340000.0
2018-10-18,PAYX,58.26,58.37,59.12,57.66,58.26,3770308,259670933.6123,58.25,1.05,359081920,359082000.0,20779208913.79,24737150000.0
2018-10-17,PAYX,58.26,57.98,58.46,57.69,57.53,2996507,206295444.3426,58.23,0.83,359081920,359082000.0,20779208913.79,24737150000.0
2018-10-16,PAYX,57.53,57.67,58.08,57.3,57.73,2240115,152935567.6797,57.74,0.62,359081920,359082000.0,20516793354.8,24424750000.0
2018-10-13,PAYX,57.73,57.93,58.48,56.98,57.11,2926508,199234305.8746,57.58,0.81,359081920,359082000.0,20589181253.58,24510930000.0
2018-10-12,PAYX,57.11,58.78,59.12,56.78,58.79,4025545,274594923.7672,57.69,1.12,359081920,359082000.0,20368993426.76,24248800000.0
2018-10-11,PAYX,58.79,61.31,61.31,58.74,61.32,2680930,188922973.5895,59.6,0.75,359081920,359082000.0,20966217269.58,24959780000.0
2018-10-10,PAYX,61.32,61.36,62.15,61.07,61.2,1522205,110620307.2089,61.46,0.42,359081920,359082000.0,21868088928.0,26033440000.0
2018-10-09,PAYX,61.2,61.41,61.71,60.74,61.69,2030490,146947978.582,61.21,0.57,359081920,359082000.0,21825861195.84,25983160000.0
2018-10-06,PAYX,61.69,61.29,61.99,60.91,61.22,1978074,144226726.0302,61.67,0.55,359081920,359082000.0,22000806510.52,26191430000.0
2018-10-05,PAYX,61.22,61.67,61.74,60.62,61.91,2455949,177179766.9341,61.02,0.68,359081920,359082000.0,21834909758.59,25993940000.0
2018-10-04,PAYX,61.91,63.44,63.45,61.67,63.25,3067227,225245179.493,62.11,0.85,359081920,359082000.0,22079228192.07,26284790000.0
2018-10-03,PAYX,63.25,62.17,64.29,61.15,62.35,5882004,440715631.6684,63.37,1.64,359081920,359082000.0,22555802319.56,26852140000.0
2018-10-02,PAYX,62.35,62.59,62.97,62.12,62.29,2281519,168448417.2262,62.44,0.64,359081920,359082000.0,22236076682.87,26471520000.0
2018-09-29,PAYX,62.29,62.18,62.43,62.09,62.12,2089742,153784331.1132,62.24,0.58,359692800,359693000.0,22252752951.95,26491372000.0
2018-09-28,PAYX,62.12,62.25,62.88,62.05,62.24,1465339,107839144.3514,62.24,0.41,359692800,359693000.0,22192325467.97,26419430000.0
2018-09-27,PAYX,62.24,62.48,62.78,62.0,62.35,1977692,145956634.1603,62.42,0.55,359692800,359693000.0,22234625341.25,26469790000.0
2018-09-26,PAYX,62.35,63.27,64.05,61.56,63.04,5429746,400771197.473,62.43,1.51,359692800,359693000.0,22273905305.72,26516550000.0
2018-09-25,PAYX,63.04,63.19,63.41,62.78,63.64,1548258,115551913.443,63.12,0.43,359692800,359693000.0,22521659289.23,26811500000.0
2018-09-22,PAYX,63.64,63.47,63.91,63.18,63.23,4077084,306619536.2391,63.61,1.13,359692800,359693000.0,22736181888.0,27066879000.0
2018-09-21,PAYX,63.23,62.63,63.26,62.61,62.58,953197,71108589.6133,63.09,0.27,359692800,359693000.0,22588130820.81,26890630000.0
2018-09-20,PAYX,62.58,63.13,63.25,62.27,63.12,1296652,95918020.2772,62.56,0.36,359692800,359693000.0,22355484841.33,26613670000.0
2018-09-19,PAYX,63.12,62.89,63.3,62.87,62.78,1237783,92360264.338,63.11,0.34,359692800,359693000.0,22548855388.47,26843870000.0
2018-09-18,PAYX,62.78,62.91,63.04,62.6,62.91,1221726,90700703.6686,62.79,0.34,359692800,359693000.0,22427995888.39,26699990000.0
2018-09-15,PAYX,62.91,63.29,63.29,62.83,63.13,1111536,82712620.549,62.94,0.31,359692800,359693000.0,22473319900.47,26753950000.0
2018-09-14,PAYX,63.13,63.14,63.27,62.91,62.69,1440317,107461481.0045,63.1,0.4,359692800,359693000.0,22551875297.28,26847470000.0
2018-09-13,PAYX,62.69,62.99,63.02,62.36,63.05,1362368,101004196.5287,62.7,0.38,359692800,359693000.0,22394760273.67,26660430000.0
2018-09-12,PAYX,63.05,62.67,63.1,62.59,62.76,1026997,76431685.2595,62.94,0.29,359692800,359693000.0,22524683730.17,26815100000.0
2018-09-11,PAYX,62.76,63.36,63.36,62.54,62.62,1294065,96006034.0234,62.75,0.36,359692800,359693000.0,22421956372.91,26692800000.0
2018-09-08,PAYX,62.62,62.89,63.15,62.52,63.1,1522291,112880610.1623,62.71,0.42,359692800,359693000.0,22370588313.23,26631650000.0
2018-09-07,PAYX,63.1,62.27,63.21,62.04,62.43,1807124,134280155.944,62.84,0.5,359692800,359693000.0,22542811340.86,26836680000.0
2018-09-06,PAYX,62.43,61.8,62.5,61.56,61.81,2105147,154776712.3553,62.18,0.59,359692800,359693000.0,22304121313.78,26552520000.0
2018-09-05,PAYX,61.81,61.88,61.93,61.14,61.95,1531188,111687146.4396,61.69,0.43,359692800,359693000.0,22080534456.44,26286350000.0
2018-09-01,PAYX,61.95,60.78,62.04,60.78,61.63,1548252,113226299.2401,61.85,0.43,359692800,359693000.0,22131897984.0,26347500000.0
2018-08-31,PAYX,61.63,61.34,61.85,61.34,61.66,1097984,80023492.7788,61.64,0.31,359692800,359693000.0,22017082833.67,26210810000.0
2018-08-30,PAYX,61.66,61.14,61.71,61.03,61.22,1103519,80323153.9512,61.56,0.31,359692800,359693000.0,22026146487.95,26221600000.0
2018-08-29,PAYX,61.22,59.9,61.6,59.9,61.43,1075590,77771938.5949,61.15,0.3,359692800,359693000.0,21872055905.28,26038160000.0
2018-08-28,PAYX,61.43,61.95,62.08,61.33,61.73,1300552,94567551.294,61.5,0.36,359692800,359693000.0,21944571484.47,26124480000.0
2018-08-25,PAYX,61.73,61.73,61.77,61.16,61.52,1121293,81718146.294,61.64,0.31,359692800,359693000.0,22053342889.33,26253980000.0
2018-08-24,PAYX,61.52,61.37,61.67,61.26,61.39,1401740,101999022.6522,61.54,0.39,359692800,359693000.0,21977807401.33,26164050000.0
2018-08-23,PAYX,61.39,61.12,61.49,60.91,61.33,1071099,77582160.8844,61.26,0.3,359692800,359693000.0,21932483389.25,26110100000.0
2018-08-22,PAYX,61.33,61.45,61.73,61.2,61.18,1984547,144178933.1412,61.44,0.55,359692800,359693000.0,21908311428.81,26081320000.0
2018-08-21,PAYX,61.18,61.32,61.48,60.67,61.16,1527250,110332510.85,61.1,0.42,359692800,359693000.0,21856947901.25,26020170000.0
2018-08-18,PAYX,61.16,60.7,61.25,60.52,60.8,2977604,215113716.6828,61.1,0.83,359692800,359693000.0,21850908385.78,26012980000.0
2018-08-17,PAYX,60.8,60.51,60.88,60.2,60.17,1191012,85477265.0142,60.7,0.33,359692800,359693000.0,21720984929.28,25858310000.0
2018-08-16,PAYX,60.17,59.63,60.24,59.46,59.99,1601781,113431886.6777,59.89,0.45,359692800,359693000.0,21494378465.28,25588540000.0
2018-08-15,PAYX,59.99,59.08,60.25,59.04,60.18,1958051,138669365.667,59.9,0.54,359692800,359693000.0,21430926540.37,25513000000.0
2018-08-14,PAYX,60.18,60.26,60.64,59.97,60.07,1530474,109085155.7224,60.28,0.43,359692800,359693000.0,21500422512.89,25595740000.0
2018-08-11,PAYX,60.07,59.96,60.42,59.93,60.26,1118880,79562431.2067,60.14,0.31,358999040,358999000.0,21416735437.27,25496110000.0
2018-08-10,PAYX,60.26,60.24,60.62,60.15,60.13,1027129,73285864.7114,60.34,0.29,358999040,358999000.0,21486092544.0,25578680000.0
2018-08-09,PAYX,60.13,60.07,60.24,59.96,60.21,1241206,88247765.6352,60.13,0.35,358999040,358999000.0,21440860775.87,25524830000.0
2018-08-08,PAYX,60.21,59.55,60.28,59.5,59.54,1667537,118405635.8182,60.05,0.46,358999040,358999000.0,21467999897.06,25557140000.0
2018-08-07,PAYX,59.54,59.06,59.56,58.86,58.98,1347953,94628457.3248,59.37,0.38,358999040,358999000.0,21229765420.08,25273530000.0
2018-08-04,PAYX,58.98,58.73,58.98,58.47,58.62,1204394,83742487.9704,58.81,0.34,358999040,358999000.0,21030739971.02,25036590000.0
2018-08-03,PAYX,58.62,57.93,58.76,57.68,58.08,1561111,107932880.6791,58.47,0.43,358999040,358999000.0,20901067105.3,24882220000.0
2018-08-02,PAYX,58.08,58.33,58.46,57.6,58.37,1717489,117670665.6373,57.95,0.48,358999040,358999000.0,20708069522.95,24652460000.0
2018-08-01,PAYX,58.37,58.34,58.43,57.82,58.04,3456319,238087144.8748,58.26,0.96,358999040,358999000.0,20813617050.07,24778110000.0
2018-07-31,PAYX,58.04,59.51,59.57,57.87,59.5,1993732,138572953.0288,58.31,0.56,358999040,358999000.0,20861862902.33,24835550000.0
2018-07-28,PAYX,59.5,60.19,60.28,59.11,60.14,2097545,148736699.9029,59.49,0.58,358999040,358999000.0,21389591491.13,25463800000.0
2018-07-27,PAYX,60.14,60.58,60.83,59.92,60.4,1875870,134707166.3867,60.24,0.52,358999040,358999000.0,21618779493.86,25736640000.0
2018-07-26,PAYX,60.4,59.73,60.46,59.73,59.75,2329788,167168332.4701,60.19,0.65,358999040,358999000.0,21712261939.2,25847930000.0
2018-07-25,PAYX,59.75,59.69,59.77,59.33,59.45,1886187,134061312.5397,59.63,0.53,358999040,358999000.0,21477046371.31,25567910000.0
2018-07-24,PAYX,59.45,59.13,59.55,59.08,59.18,2173063,153903699.2089,59.41,0.61,358999040,358999000.0,21368484760.06,25438670000.0
2018-07-21,PAYX,59.18,59.09,59.5,58.83,59.13,1438064,101505757.5064,59.21,0.4,358999040,358999000.0,21275002314.72,25327380000.0
2018-07-20,PAYX,59.13,58.57,59.27,58.49,58.64,1391255,97914156.2015,59.04,0.39,358999040,358999000.0,21256909366.22,25305840000.0
2018-07-19,PAYX,58.64,59.11,59.11,58.39,59.11,1616976,112987654.8954,58.62,0.45,358999040,358999000.0,21078985823.28,25094030000.0
2018-07-18,PAYX,59.11,58.51,59.2,58.51,58.71,1759354,123764042.5308,59.01,0.49,358999040,358999000.0,21247862891.97,25295070000.0
2018-07-17,PAYX,58.71,59.45,59.55,58.58,59.18,2509268,176262293.5909,58.93,0.7,358999040,358999000.0,21103111161.89,25122750000.0
2018-07-14,PAYX,59.18,58.96,59.24,58.79,59.03,2170224,152883599.904,59.1,0.6,358999040,358999000.0,21271983707.19,25323790000.0
2018-07-13,PAYX,59.03,58.83,59.08,58.6,58.34,1850008,129835779.5996,58.88,0.52,358999040,358999000.0,21220719247.4,25262760000.0
2018-07-12,PAYX,58.34,57.1,58.55,57.1,58.46,1571080,109089039.556,58.25,0.44,358999040,358999000.0,20970424513.59,24964790000.0
2018-07-11,PAYX,58.46,58.66,58.8,58.25,58.71,1276804,89037675.4096,58.5,0.36,358999040,358999000.0,21015661106.66,25018640000.0
2018-07-10,PAYX,58.71,59.0,59.0,58.43,58.55,2448915,171254327.9459,58.67,0.68,358999040,358999000.0,21103111161.89,25122750000.0
2018-07-07,PAYX,58.55,57.88,58.59,57.87,57.95,2722240,189401503.1219,58.37,0.76,358999040,358999000.0,21045814311.99,25054540000.0
2018-07-06,PAYX,57.95,56.83,58.0,56.77,56.86,2502163,172001181.7787,57.67,0.7,358999040,358999000.0,20831709697.01,24799650000.0
2018-07-04,PAYX,56.86,57.2,57.75,56.73,57.08,1620535,110231048.1053,57.06,0.45,358999040,358999000.0,20439681840.65,24332950000.0
2018-07-03,PAYX,57.08,56.88,57.59,56.41,57.34,3214107,218135984.5363,56.94,0.9,358999040,358999000.0,20518085723.19,24426290000.0
2018-06-30,PAYX,57.34,56.83,58.01,56.47,57.01,4190024,287573070.8072,57.58,1.17,359275360,359275000.0,20627437631.58,24556470000.0
2018-06-29,PAYX,57.01,56.52,57.38,56.52,56.11,4872578,331174489.4357,57.02,1.36,359275360,359275000.0,20509739023.64,24416360000.0
2018-06-28,PAYX,56.11,58.1,58.1,55.91,57.88,4439227,299416569.8479,56.58,1.24,359275360,359275000.0,20186820217.54,24031930000.0
2018-06-27,PAYX,57.88,58.72,58.73,57.8,58.46,2559741,177236717.6946,58.09,0.71,359275360,359275000.0,20823599865.6,24790000000.0
2018-06-26,PAYX,58.46,58.58,58.82,57.62,58.91,2224934,154822252.6585,58.38,0.62,359275360,359275000.0,21028815838.69,25034300000.0
2018-06-23,PAYX,58.91,58.61,59.04,58.43,58.48,2270809,159189374.2976,58.81,0.63,359275360,359275000.0,21191785858.11,25228310000.0
2018-06-22,PAYX,58.48,58.52,58.86,58.3,58.66,1784611,124612772.3616,58.58,0.5,359275360,359275000.0,21037873802.84,25045090000.0
2018-06-21,PAYX,58.66,58.26,58.77,58.13,58.26,2311670,161490270.2757,58.61,0.64,359275360,359275000.0,21101247562.02,25120530000.0
2018-06-20,PAYX,58.26,57.79,58.29,57.76,58.26,1616831,112069510.6001,58.15,0.45,359275360,359275000.0,20959405046.31,24951670000.0
2018-06-19,PAYX,58.26,58.09,58.32,57.7,58.54,1343556,93098226.4922,58.13,0.37,359275360,359275000.0,20959405046.31,24951670000.0
2018-06-16,PAYX,58.54,58.1,58.64,57.56,58.17,3071730,213543920.4016,58.32,0.85,359275360,359275000.0,21058996779.68,25070230000.0
2018-06-15,PAYX,58.17,58.56,58.71,58.04,58.3,1819288,126240754.539,58.21,0.51,359275360,359275000.0,20926208003.04,24912150000.0
2018-06-14,PAYX,58.3,58.23,58.58,57.77,58.26,2087725,144871824.4818,58.21,0.58,359275360,359275000.0,20974495516.8,24969630000.0
2018-06-13,PAYX,58.26,57.12,58.38,57.05,57.16,1851289,127996284.9813,58.0,0.52,359275360,359275000.0,20959405046.31,24951670000.0
2018-06-12,PAYX,57.16,57.17,57.41,57.05,57.19,1247736,85057285.9616,57.19,0.35,359275360,359275000.0,20564059345.54,24481020000.0
2018-06-09,PAYX,57.19,56.56,57.26,56.37,56.74,2740921,186097563.9932,56.96,0.76,359275360,359275000.0,20573112782.82,24491800000.0
2018-06-08,PAYX,56.74,57.01,57.14,56.37,57.1,2242010,151465709.338,56.67,0.62,359275360,359275000.0,20410147290.27,24297790000.0
2018-06-07,PAYX,57.1,56.27,57.12,56.23,56.29,1727206,117062431.6096,56.86,0.48,359275360,359275000.0,20542936368.7,24455870000.0
2018-06-06,PAYX,56.29,56.06,56.42,55.95,56.06,1360096,91125893.402,56.21,0.38,359275360,359275000.0,20250198503.58,24107380000.0
2018-06-05,PAYX,56.06,55.75,56.23,55.75,55.77,1874678,125255300.1701,56.05,0.52,359275360,359275000.0,20168713342.97,24010370000.0
2018-06-02,PAYX,55.77,55.35,55.86,55.31,55.02,1385483,91958115.8932,55.68,0.39,359275360,359275000.0,20063084576.39,23884620000.0
2018-06-01,PAYX,55.02,55.29,55.49,54.87,55.33,1976442,129683257.5619,55.04,0.55,359275360,359275000.0,19791474214.97,23561280000.0
2018-05-31,PAYX,55.33,55.33,55.65,54.85,55.04,2300227,151969803.3787,55.42,0.64,359275360,359275000.0,19906156418.84,23697800000.0
2018-05-30,PAYX,55.04,54.93,55.38,54.61,55.28,1385254,90804651.9696,54.99,0.39,359275360,359275000.0,19800527652.26,23572050000.0
2018-05-26,PAYX,55.28,55.33,55.67,55.2,55.26,1458910,96277420.1694,55.36,0.41,359275360,359275000.0,19888045017.41,23676240000.0
2018-05-25,PAYX,55.26,55.07,55.28,54.56,55.01,2127221,139620367.3115,55.06,0.59,359275360,359275000.0,19878991881.92,23665460000.0
2018-05-24,PAYX,55.01,54.5,55.02,54.18,54.88,1677955,109224972.2435,54.61,0.47,359275360,359275000.0,19788458112.7,23557680000.0
2018-05-23,PAYX,54.88,54.78,55.06,54.44,54.63,2235461,146057886.1485,54.81,0.62,359275360,359275000.0,19743186701.22,23503790000.0
2018-05-22,PAYX,54.63,54.64,54.8,54.37,54.38,1632474,106311432.8922,54.63,0.45,359275360,359275000.0,19652648405.12,23396010000.0
2018-05-19,PAYX,54.38,54.1,54.63,53.8,54.04,1700599,110118196.6038,54.32,0.47,359275360,359275000.0,19562114635.9,23288230000.0
2018-05-18,PAYX,54.04,54.38,54.64,53.85,54.5,2197879,141886714.1019,54.16,0.61,359275360,359275000.0,19441395398.82,23144520000.0
2018-05-17,PAYX,54.5,53.98,54.77,53.81,53.92,2057540,133578790.9215,54.46,0.57,359275360,359275000.0,19604365116.44,23338530000.0
2018-05-16,PAYX,53.92,53.11,53.96,52.83,53.3,2924533,186723240.4331,53.56,0.81,359275360,359275000.0,19396128514.2,23090630000.0
2018-05-15,PAYX,53.3,53.03,53.69,52.93,53.14,2777098,176430685.5362,53.3,0.77,359275360,359275000.0,19172801139.68,22824760000.0
2018-05-12,PAYX,53.14,52.79,53.27,52.63,52.84,1568087,99221341.5683,53.08,0.44,359275360,359275000.0,19115460188.64,22756500000.0
2018-05-11,PAYX,52.84,52.34,52.97,51.95,52.19,1467325,92217423.2765,52.72,0.41,359275360,359275000.0,19009835948.92,22630750000.0
2018-05-10,PAYX,52.19,51.8,52.32,51.6,51.67,1509218,93667961.0671,52.07,0.42,359275360,359275000.0,18774439034.84,22350520000.0
2018-05-09,PAYX,51.67,51.66,51.95,51.42,52.01,1428838,87998857.5233,51.67,0.4,359275360,359275000.0,18587325409.44,22127770000.0
2018-05-08,PAYX,52.01,51.87,52.22,51.35,51.89,1925605,120182010.7718,51.89,0.54,359275360,359275000.0,18880063274.56,22476260000.0
2018-05-05,PAYX,51.89,51.01,52.05,50.85,51.27,1472324,91589894.1118,51.72,0.41,359275360,359275000.0,18834796389.95,22422370000.0
2018-05-04,PAYX,51.27,50.2,51.56,50.2,50.57,2779478,170788099.8127,51.09,0.77,359275360,359275000.0,18611469317.22,22156510000.0
2018-05-03,PAYX,50.57,51.09,51.62,50.47,50.9,4351531,265933351.6329,50.81,1.21,359275360,359275000.0,18354949426.3,21851130000.0
2018-05-02,PAYX,50.9,50.37,50.98,49.99,50.36,1609100,98162023.9573,50.72,0.45,359275360,359275000.0,18475664136.51,21994840000.0
2018-05-01,PAYX,50.36,51.46,51.48,50.35,51.2,2070575,126025750.2914,50.6,0.58,359275360,359275000.0,18279501600.7,21761310000.0
2018-04-28,PAYX,51.2,50.57,51.48,50.51,50.51,2023818,124614365.1264,51.19,0.56,359275360,359275000.0,18584309005.37,22124170000.0
2018-04-27,PAYX,50.51,50.13,50.64,49.91,49.88,1459156,88459574.217,50.4,0.41,359275360,359275000.0,18333821620.8,21825970000.0
2018-04-26,PAYX,49.88,49.91,50.06,49.51,49.84,2741569,164337854.1176,49.84,0.76,359275360,359275000.0,18107478144.0,21556520000.0
2018-04-25,PAYX,49.84,50.11,50.35,49.58,49.76,3630845,218311813.6842,49.99,1.01,359275360,359275000.0,18092387673.51,21538550000.0
2018-04-24,PAYX,49.76,50.3,50.41,49.52,50.17,2631630,157869131.0228,49.87,0.73,359275360,359275000.0,18062211561.18,21502630000.0
2018-04-21,PAYX,50.17,50.62,50.77,50.08,50.66,2980213,180312438.0827,50.3,0.83,359275360,359275000.0,18210086281.44,21678670000.0
2018-04-20,PAYX,50.66,50.72,50.93,50.43,50.74,2841268,173176708.0753,50.67,0.79,359275360,359275000.0,18388141942.69,21890640000.0
2018-04-19,PAYX,50.74,50.96,51.06,50.65,50.82,3609772,220809749.6302,50.86,1.0,359275360,359275000.0,18418322883.68,21926570000.0
2018-04-18,PAYX,50.82,50.16,51.3,50.16,51.75,5171289,316080048.5582,50.82,1.44,359275360,359275000.0,18448503824.67,21962500000.0
2018-04-17,PAYX,51.75,51.49,51.95,51.28,51.12,1039883,64654618.4171,51.69,0.29,359275360,359275000.0,18783492472.12,22361300000.0
2018-04-14,PAYX,51.12,51.55,51.7,50.93,51.26,1126534,69425356.9255,51.24,0.31,359275360,359275000.0,18557148995.32,22091840000.0
2018-04-13,PAYX,51.26,51.49,51.53,51.05,51.27,1920047,118429453.2234,51.28,0.53,359275360,359275000.0,18605431982.21,22149320000.0
2018-04-12,PAYX,51.27,51.01,51.52,50.81,51.52,1414404,87176653.3428,51.24,0.39,359275360,359275000.0,18611469317.22,22156510000.0
2018-04-11,PAYX,51.52,51.4,51.95,51.19,50.67,1554577,96383299.854,51.55,0.43,359275360,359275000.0,18702007613.31,22264290000.0
2018-04-10,PAYX,50.67,50.76,51.57,50.51,50.48,1483151,91099591.2888,51.07,0.41,359275360,359275000.0,18391162873.63,21894240000.0
2018-04-07,PAYX,50.48,51.31,51.53,50.11,51.66,1778810,108276890.4545,50.61,0.5,359275360,359275000.0,18324768485.31,21815200000.0
2018-04-06,PAYX,51.66,51.75,51.92,51.36,51.39,1231950,76553241.1814,51.66,0.34,359275360,359275000.0,18753311531.14,22325370000.0
2018-04-05,PAYX,51.39,50.25,51.56,49.94,50.73,2206045,135551328.4732,51.09,0.61,359275360,359275000.0,18653719797.76,22206800000.0
2018-04-04,PAYX,50.73,50.5,50.83,49.94,50.15,1967664,119377570.8072,50.44,0.55,359275360,359275000.0,18415306781.4,21922980000.0
2018-04-03,PAYX,50.15,51.13,51.29,49.59,51.21,3210570,193859035.6656,50.2,0.89,359275360,359275000.0,18204053775.1,21671490000.0
2018-03-30,PAYX,51.21,50.62,51.67,50.36,50.38,3104892,191161972.0266,51.19,0.86,359275360,359275000.0,18587325409.44,22127770000.0
2018-03-29,PAYX,50.38,49.82,50.64,49.39,49.75,3365255,203332758.867,50.23,0.94,359275360,359275000.0,18288555037.98,21772090000.0
2018-03-28,PAYX,49.75,50.89,51.16,49.35,50.9,4353555,263565987.2433,50.33,1.21,359275360,359275000.0,18059190630.24,21499040000.0
2018-03-27,PAYX,50.9,52.71,53.69,49.84,51.32,7059125,433685088.2351,51.08,1.96,359275360,359275000.0,18475664136.51,21994840000.0
2018-03-24,PAYX,51.32,52.8,53.1,51.19,52.79,4116309,256846542.8678,51.88,1.15,359275360,359275000.0,18629575889.99,22178060000.0
2018-03-23,PAYX,52.79,54.13,54.25,52.75,54.5,2420093,155320591.0224,53.36,0.67,359275360,359275000.0,19160731600.12,22810390000.0
2018-03-22,PAYX,54.5,54.46,55.11,54.26,54.46,2717933,178530948.8282,54.61,0.76,359275360,359275000.0,19782421079.49,23550500000.0
2018-03-21,PAYX,54.46,54.61,54.83,54.33,54.32,1547412,101478195.7716,54.52,0.43,359275360,359275000.0,19770346711.27,23536130000.0
2018-03-20,PAYX,54.32,54.68,55.09,53.82,55.0,1814232,118532307.0789,54.32,0.5,359275360,359275000.0,19716026389.37,23471460000.0
2018-03-17,PAYX,55.0,55.29,55.43,54.82,55.2,3152803,208920490.795,55.09,0.88,359275360,359275000.0,19963492843.01,23766060000.0
2018-03-16,PAYX,55.2,54.85,55.49,54.63,54.78,1408737,93504360.5151,55.18,0.39,359275360,359275000.0,20038940668.61,23855880000.0
2018-03-15,PAYX,54.78,55.7,55.7,54.51,55.47,1504405,99151873.4185,54.8,0.42,359275360,359275000.0,19885028915.14,23672650000.0
2018-03-14,PAYX,55.47,55.67,56.09,55.15,55.29,1639057,109456400.2,55.52,0.46,359275360,359275000.0,20135516299.71,23970850000.0
2018-03-13,PAYX,55.29,55.43,55.65,55.13,55.3,1261430,84006819.2107,55.37,0.35,359275360,359275000.0,20069121609.6,23891810000.0
2018-03-10,PAYX,55.3,54.46,55.45,54.43,54.37,1452131,96137316.3633,55.04,0.4,359275360,359275000.0,20075158944.6,23899000000.0
2018-03-09,PAYX,54.37,54.09,54.72,54.02,53.89,2175121,142372118.7313,54.42,0.61,359275360,359275000.0,19734133263.94,23493010000.0
2018-03-08,PAYX,53.89,53.77,54.11,53.49,54.12,1602956,103852305.3132,53.86,0.45,359275360,359275000.0,19562114635.9,23288230000.0
2018-03-07,PAYX,54.12,54.24,54.24,53.51,54.07,1630996,105857180.8934,53.96,0.45,359275360,359275000.0,19643594967.84,23385230000.0
2018-03-06,PAYX,54.07,52.65,54.23,52.65,53.03,1772977,114916915.5447,53.89,0.49,359275360,359275000.0,19628504497.35,23367260000.0
2018-03-03,PAYX,53.03,52.58,53.17,52.38,52.84,1549669,98531977.9607,52.86,0.43,359275360,359275000.0,19251265369.35,22918170000.0
2018-03-02,PAYX,52.84,52.92,54.65,52.45,54.15,2769953,177143219.8898,53.17,0.77,359275360,359275000.0,19178838474.69,22831950000.0
2018-03-01,PAYX,54.15,55.2,55.47,54.13,54.81,2474509,162117947.0878,54.47,0.69,359275360,359275000.0,19655669034.27,23399610000.0
2018-02-28,PAYX,54.81,55.73,56.43,54.81,55.56,2121677,140995402.1669,55.25,0.59,359185280,359185000.0,19889094370.67,23677490000.0
2018-02-27,PAYX,55.56,55.3,55.64,55.21,55.26,1711580,114196098.9913,55.47,0.48,359185280,359185000.0,20163656503.85,24004350000.0
2018-02-24,PAYX,55.26,54.48,55.28,54.22,54.08,1246884,82431502.4869,54.96,0.35,359185280,359185000.0,20055038875.18,23875040000.0
2018-02-23,PAYX,54.08,54.31,54.73,53.94,54.11,1181654,77133882.8348,54.27,0.33,359185280,359185000.0,19626603276.62,23365000000.0
2018-02-22,PAYX,54.11,54.57,55.07,54.11,54.38,1536346,100772000.6866,54.53,0.43,359185280,359185000.0,19635654142.25,23375770000.0
2018-02-21,PAYX,54.38,55.43,55.62,54.29,55.55,2239208,146985643.6944,54.57,0.62,359185280,359185000.0,19735220905.29,23494310000.0
2018-02-17,PAYX,55.55,55.27,56.04,55.27,55.26,3203782,214075761.7167,55.55,0.89,359185280,359185000.0,20157620984.28,23997160000.0
2018-02-16,PAYX,55.26,54.81,55.26,54.3,54.35,2146018,141871975.2453,54.96,0.6,359185280,359185000.0,20055038875.18,23875040000.0
2018-02-15,PAYX,54.35,53.48,54.48,53.15,53.73,1469687,95583589.5735,54.07,0.41,359185280,359185000.0,19723149866.16,23479940000.0
2018-02-14,PAYX,53.73,53.46,53.95,53.21,53.78,1562026,100778493.559,53.64,0.43,359185280,359185000.0,19499883011.55,23214140000.0
2018-02-13,PAYX,53.78,53.69,54.08,53.38,53.34,2112974,136740041.1322,53.8,0.59,359185280,359185000.0,19517985346.23,23235700000.0
2018-02-10,PAYX,53.34,52.04,53.72,51.57,51.43,3338805,211699935.9495,52.72,0.93,359185280,359185000.0,19358076361.29,23045320000.0
2018-02-09,PAYX,51.43,53.71,53.71,51.38,53.82,3128571,196788673.9284,52.3,0.87,359185280,359185000.0,18664129495.19,22219200000.0
2018-02-08,PAYX,53.82,53.13,54.83,52.94,53.4,2691333,175311542.3042,54.16,0.75,359185280,359185000.0,19533072033.14,23253650000.0
2018-02-07,PAYX,53.4,52.63,53.62,52.02,53.64,3489708,221821540.6763,52.85,0.97,359185280,359185000.0,19379194042.03,23070460000.0
2018-02-06,PAYX,53.64,55.22,56.0,53.63,55.37,3601283,236776445.2312,54.66,1.0,359185280,359185000.0,19466694291.68,23174630000.0
2018-02-03,PAYX,55.37,55.41,56.08,55.3,55.73,3252947,217708702.2079,55.64,0.91,359185280,359185000.0,20094263416.33,23921740000.0
2018-02-02,PAYX,55.73,56.61,56.94,55.51,56.74,2737906,183956068.3337,55.86,0.76,359185280,359185000.0,20223998725.74,24076190000.0
2018-02-01,PAYX,56.74,57.03,57.2,56.36,56.58,2135680,145819113.3107,56.77,0.59,358994560,358995000.0,20581158124.8,24501380000.0
2018-01-31,PAYX,56.58,56.68,57.17,56.24,56.81,1415065,97239879.1344,56.72,0.39,358994560,358995000.0,20674639705.11,24612660000.0
2018-01-30,PAYX,56.81,57.62,57.67,56.73,57.78,1263051,87236784.1202,57.0,0.35,358994560,358995000.0,20756060877.54,24709590000.0
2018-01-27,PAYX,57.78,56.89,57.97,56.62,56.64,1720320,119892885.504,57.52,0.48,358994560,358995000.0,21111894174.53,25133210000.0
2018-01-26,PAYX,56.64,56.3,56.7,55.82,56.14,1880601,128548848.0722,56.42,0.52,358994560,358995000.0,20695750696.13,24637800000.0
2018-01-25,PAYX,56.14,57.86,57.9,56.08,57.77,3229726,221035015.8405,56.48,0.9,358994560,358995000.0,20511801883.59,24418810000.0
2018-01-24,PAYX,57.77,57.52,60.33,57.03,57.53,6875481,486114431.079,58.35,1.92,358994560,358995000.0,21105866383.03,25126030000.0
2018-01-23,PAYX,57.53,57.46,57.9,57.14,57.35,1681984,116966003.306,57.39,0.47,358994560,358995000.0,21018412594.21,25021920000.0
2018-01-20,PAYX,57.35,56.86,57.53,56.74,56.87,2559512,177640388.7646,57.28,0.71,358994560,358995000.0,20955088667.83,24946530000.0
2018-01-19,PAYX,56.87,57.45,57.71,56.66,57.48,1662864,114838373.9184,57.0,0.46,358994560,358995000.0,20780185915.09,24738310000.0
2018-01-18,PAYX,57.48,56.71,57.65,56.46,56.34,2620863,181968339.5898,57.3,0.73,358994560,358995000.0,21000320173.06,25000380000.0
2018-01-17,PAYX,56.34,56.06,56.52,55.92,55.84,3478209,237381503.4738,56.33,0.97,358994560,358995000.0,20584172171.33,24504960000.0
2018-01-13,PAYX,55.84,55.29,56.03,54.98,55.18,2017295,136272717.3163,55.75,0.56,358994560,358995000.0,20403241627.09,24289571000.0
2018-01-12,PAYX,55.18,55.72,55.72,54.71,55.74,2199611,146754962.0654,55.07,0.61,358994560,358995000.0,20161996378.1,24002380000.0
2018-01-11,PAYX,55.74,55.84,56.06,55.4,55.97,1883783,127158543.6284,55.71,0.52,358994560,358995000.0,20367051959.88,24246490000.0
2018-01-10,PAYX,55.97,55.88,56.62,55.72,56.35,2850059,193764396.1799,56.11,0.79,358994560,358995000.0,20451491702.17,24347010000.0
2018-01-09,PAYX,56.35,56.54,56.59,56.12,56.71,2256746,154038032.4415,56.33,0.63,358994560,358995000.0,20590204486.16,24512140000.0
2018-01-06,PAYX,56.71,57.12,57.16,56.47,56.88,1743955,119711883.0882,56.65,0.49,358994560,358995000.0,20719875733.67,24666516000.0
2018-01-05,PAYX,56.88,56.41,57.05,56.41,56.35,1636879,112770164.6092,56.86,0.46,358994560,358995000.0,20783199961.61,24741900000.0
2018-01-04,PAYX,56.35,55.67,56.68,55.49,55.55,2189752,149041300.5922,56.17,0.61,358994560,358995000.0,20590204486.16,24512140000.0
2018-01-03,PAYX,55.55,56.4,56.4,55.43,56.19,2289346,154525825.3068,55.71,0.64,358994560,358995000.0,20297695417.11,24163920000.0
2017-12-30,PAYX,56.19,56.04,56.49,56.04,56.4,1211070,82562151.5809,56.27,0.34,358994560,358995000.0,20529894304.74,24440348000.0
2017-12-29,PAYX,56.4,56.71,56.73,56.11,56.45,1103149,75268525.8814,56.31,0.31,358994560,358995000.0,20608297208.87,24533684000.0
2017-12-28,PAYX,56.45,57.0,57.0,56.41,56.82,1153755,79110788.2155,56.59,0.32,358994560,358995000.0,20626389630.03,24555220000.0
2017-12-27,PAYX,56.82,56.32,56.88,56.17,56.35,1625795,111746266.8541,56.73,0.45,358994560,358995000.0,20762093493.93,24716770000.0
2017-12-23,PAYX,56.35,56.77,57.56,56.25,56.65,3022081,207300848.9832,56.61,0.84,358994560,358995000.0,20587190741.19,24508560000.0
2017-12-22,PAYX,56.65,55.61,56.74,55.23,57.11,4202004,284918133.4172,55.96,1.17,358994560,358995000.0,20698764742.66,24641380000.0
2017-12-21,PAYX,57.11,57.77,57.77,56.98,57.16,1680499,116466638.6927,57.2,0.47,358994560,358995000.0,20867634879.01,24842418000.0
2017-12-20,PAYX,57.16,58.06,58.1,57.15,57.98,1636961,113882715.4378,57.42,0.46,358994560,358995000.0,20885727601.73,24863960000.0
2017-12-19,PAYX,57.98,57.85,58.02,57.48,57.58,1756876,123120989.8851,57.84,0.49,358994560,358995000.0,21184268985.6,25219360000.0
2017-12-16,PAYX,57.58,56.86,57.91,56.54,56.4,3548846,246935426.1943,57.43,0.99,358994560,358995000.0,21039523886.79,25047047000.0
2017-12-15,PAYX,56.4,56.87,56.94,56.38,56.8,1534886,105077064.5814,56.5,0.43,358994560,358995000.0,20605283162.34,24530090000.0
2017-12-14,PAYX,56.8,56.87,57.05,56.52,56.71,1887585,129921731.8415,56.81,0.53,358994560,358995000.0,20753047132.57,24706000000.0
2017-12-13,PAYX,56.71,56.87,57.06,56.64,56.96,1087579,74849136.8091,56.8,0.3,358994560,358995000.0,20719875733.67,24666520000.0
2017-12-12,PAYX,56.96,56.82,57.16,56.73,56.96,2354561,162510159.091,56.96,0.66,358994560,358995000.0,20813357313.99,24777800000.0
2017-12-09,PAYX,56.96,56.9,57.06,56.49,56.56,1464073,100894839.7637,56.88,0.41,358994560,358995000.0,20810338744.13,24774210000.0
2017-12-08,PAYX,56.56,56.35,56.74,56.3,56.46,2034830,139390140.352,56.54,0.57,358994560,358995000.0,20665593343.76,24601890000.0
2017-12-07,PAYX,56.46,56.14,56.68,56.0,56.07,1834719,125410195.3847,56.41,0.51,358994560,358995000.0,20629408199.89,24558820000.0
2017-12-06,PAYX,56.07,55.88,56.55,55.81,55.8,2878026,196010847.3901,56.21,0.8,358994560,358995000.0,20487676846.04,24390090000.0
2017-12-05,PAYX,55.8,55.79,56.58,55.61,55.19,2604423,176756972.3507,56.01,0.73,358994560,358995000.0,20388162950.9,24271620000.0
2017-12-02,PAYX,55.19,55.21,55.51,54.38,55.55,2489536,165937549.9708,55.01,0.69,358994560,358995000.0,20165010424.63,24005961000.0
2017-12-01,PAYX,55.55,55.01,56.02,54.83,54.95,3748120,252374026.7756,55.57,1.04,358994560,358995000.0,20297695417.11,24163920000.0
2017-11-30,PAYX,54.95,54.29,55.24,53.97,54.31,3210563,213879366.0173,54.98,0.89,358994560,358995000.0,20077561159.14,23901860000.0
2017-11-29,PAYX,54.31,53.52,54.31,53.48,53.38,1569283,102843279.9694,54.09,0.44,358994560,358995000.0,19842348526.54,23621840000.0
2017-11-28,PAYX,53.38,53.35,53.53,53.06,53.39,1241476,80215364.6404,53.33,0.35,358994560,358995000.0,19504603127.38,23219760000.0
2017-11-25,PAYX,53.39,53.32,53.56,53.17,53.38,538856,34836716.5475,53.36,0.15,358994560,358995000.0,19507621697.24,23223356000.0
2017-11-23,PAYX,53.38,53.82,53.9,53.34,53.75,927428,60092228.9089,53.48,0.26,358994560,358995000.0,19504603127.38,23219760000.0
2017-11-22,PAYX,53.75,53.88,53.97,53.65,53.8,1529019,99740516.3474,53.84,0.43,358994560,358995000.0,19637288421.43,23377720000.0
2017-11-21,PAYX,53.8,53.63,53.88,53.44,53.58,1326216,86328960.2637,53.72,0.37,358994560,358995000.0,19655380842.58,23399260000.0
2017-11-18,PAYX,53.58,54.0,54.05,53.36,54.18,1741597,113152941.6596,53.62,0.49,358994560,358995000.0,19576978240.01,23305922000.0
2017-11-17,PAYX,54.18,53.54,54.73,53.47,53.3,1755941,115284562.7056,54.19,0.49,358994560,358995000.0,19794098451.46,23564400000.0
2017-11-16,PAYX,53.3,53.93,54.32,53.2,53.95,1839218,119384574.7027,53.57,0.51,358994560,358995000.0,19474450298.34,23183860000.0
2017-11-15,PAYX,53.95,53.41,54.09,53.17,53.73,1576315,102693449.6281,53.77,0.44,358994560,358995000.0,19712677279.03,23467470000.0
2017-11-14,PAYX,53.73,53.27,53.85,53.1,53.29,1775127,115456388.4573,53.68,0.49,358994560,358995000.0,19631260629.93,23370550000.0
2017-11-11,PAYX,53.29,53.32,53.37,53.11,53.45,1332699,86015985.0838,53.27,0.37,358994560,358995000.0,19471436553.37,23180278000.0
2017-11-10,PAYX,53.45,52.92,53.56,52.92,53.28,1772638,114556920.4223,53.34,0.49,358994560,358995000.0,19528728164.93,23248480000.0
2017-11-09,PAYX,53.28,52.95,53.32,52.9,53.04,1097236,70733650.1053,53.21,0.31,358994560,358995000.0,19465404238.54,23173100000.0
2017-11-08,PAYX,53.04,52.93,53.14,52.67,52.82,1703784,109421431.5033,53.01,0.47,358994560,358995000.0,19380969019.59,23072579000.0
2017-11-07,PAYX,52.82,52.57,52.88,52.39,52.81,1397210,89231567.5443,52.71,0.39,358994560,358995000.0,19299547545.6,22975650000.0
2017-11-04,PAYX,52.81,53.17,53.18,52.76,53.27,1567073,100582099.4136,52.97,0.44,358994560,358995000.0,19296533800.63,22972060000.0
2017-11-03,PAYX,53.27,53.09,53.37,52.44,52.94,1996251,128301042.0322,53.05,0.56,358994560,358995000.0,19462385668.68,23169500000.0
2017-11-02,PAYX,52.94,52.71,53.05,52.46,52.65,1637049,104870504.8743,52.87,0.46,358994560,358995000.0,19341765305.86,23025910000.0
2017-11-01,PAYX,52.65,52.83,52.91,52.42,52.8,1461324,93101253.0727,52.58,0.41,358994560,358995000.0,19236219095.88,22900260000.0
2017-10-31,PAYX,52.8,53.56,53.67,52.71,53.56,2540847,164008388.5348,52.86,0.71,358994560,358995000.0,19441279201.0,23144380000.0
2017-10-28,PAYX,53.56,52.86,53.74,52.6,52.89,2998491,195386489.1365,53.36,0.84,358994560,358995000.0,19721723338.83,23478240000.0
2017-10-27,PAYX,52.89,52.76,53.1,52.6,52.48,1374508,88778230.5393,52.89,0.38,358994560,358995000.0,19477464344.87,23187450000.0
2017-10-26,PAYX,52.48,52.19,52.5,51.85,52.31,2334582,149002375.5755,52.27,0.65,358994560,358995000.0,19323672583.14,23004370000.0
2017-10-25,PAYX,52.31,52.9,52.95,52.23,52.69,1824251,116990117.81,52.52,0.51,358994560,358995000.0,19263362401.73,22932570000.0
2017-10-24,PAYX,52.69,52.49,52.89,52.46,52.44,1677747,107938351.5359,52.69,0.47,358994560,358995000.0,19402075487.27,23097710000.0
2017-10-21,PAYX,52.44,52.04,52.5,51.99,52.01,1399401,89476294.9414,52.36,0.39,358994560,358995000.0,19311607953.48,22990008000.0
2017-10-20,PAYX,52.01,51.47,52.08,51.42,51.62,1493486,94586209.5624,51.87,0.42,358994560,358995000.0,19151783876.93,22799740000.0
2017-10-19,PAYX,51.62,51.55,51.9,51.54,51.51,1034982,65345763.0672,51.71,0.29,358994560,358995000.0,19007038476.56,22627420000.0
2017-10-18,PAYX,51.51,52.04,52.11,51.48,51.96,1589165,100276637.2788,51.67,0.44,358994560,358995000.0,18967834762.83,22580754000.0
2017-10-17,PAYX,51.96,52.17,52.32,51.77,52.21,1142926,72482533.6667,51.94,0.32,358994560,358995000.0,19133691154.21,22778200000.0
2017-10-14,PAYX,52.21,52.73,53.03,52.2,52.76,2083678,133524380.3695,52.48,0.58,358994560,358995000.0,19224158688.0,22885899000.0
2017-10-13,PAYX,52.76,51.96,52.77,51.88,51.99,2055148,131750805.2742,52.5,0.57,358994560,358995000.0,19426200524.81,23126430000.0
2017-10-12,PAYX,51.99,52.18,52.2,51.81,52.17,2913124,184806861.9906,51.95,0.81,358994560,358995000.0,19142737515.57,22788970000.0
2017-10-11,PAYX,52.17,52.28,52.48,51.87,52.13,2561490,163097255.8409,52.14,0.71,358994560,358995000.0,19212098581.67,22871540000.0
2017-10-10,PAYX,52.13,52.12,52.41,52.02,52.1,2952991,187912982.8278,52.11,0.82,358994560,358995000.0,19194001335.63,22849997000.0
2017-10-07,PAYX,52.1,51.72,52.15,51.51,51.8,3306287,209597085.0968,51.92,0.92,358994560,358995000.0,19184955275.83,22839230000.0
2017-10-06,PAYX,51.8,51.63,51.85,51.1,51.27,2401918,151518526.2629,51.66,0.67,358994560,358995000.0,19073380972.8,22706400000.0
2017-10-05,PAYX,51.27,50.84,51.64,50.73,50.77,3108272,194795732.6086,51.32,0.87,358994560,358995000.0,18880385798.9,22476650000.0
2017-10-04,PAYX,50.77,50.77,51.53,49.97,48.98,7620109,472321765.3521,50.76,2.12,358994560,358995000.0,18693422939.83,22254070000.0
2017-10-03,PAYX,48.98,49.1,49.27,48.6,49.1,4561016,272306771.5445,48.89,1.27,358994560,358995000.0,18036029689.11,21471460000.0
2017-09-30,PAYX,49.1,49.28,49.67,49.02,49.35,2265553,136168806.5742,49.22,0.63,358994560,358995000.0,18081265717.67,21525310000.0
2017-09-29,PAYX,49.35,48.99,49.47,48.99,49.42,1437238,86523018.2397,49.3,0.4,358628480,358628000.0,18153198345.79,21610950000.0
2017-09-28,PAYX,49.42,49.28,49.55,49.13,49.09,1594974,96165596.7198,49.38,0.44,358628480,358628000.0,18180314273.86,21643230000.0
2017-09-27,PAYX,49.09,49.35,49.37,48.95,49.16,1882705,112852532.6504,49.09,0.52,358628480,358628000.0,18056801420.35,21496190000.0
2017-09-26,PAYX,49.16,48.74,49.18,48.73,48.93,2368314,141799946.9316,49.03,0.66,358628480,358628000.0,18083912528.45,21528460000.0
2017-09-23,PAYX,48.93,47.68,49.01,47.68,47.65,2709833,161320160.3857,48.75,0.76,358628480,358628000.0,17999563411.2,21428050000.0
2017-09-22,PAYX,47.65,47.97,48.07,47.57,47.92,1562942,91087161.0118,47.73,0.44,358628480,358628000.0,17529617554.75,20868590000.0
2017-09-21,PAYX,47.92,47.5,48.03,47.5,47.56,1662170,97182922.8128,47.88,0.46,358628480,358628000.0,17626014480.19,20983350000.0
2017-09-20,PAYX,47.56,47.6,47.74,47.42,47.56,1190365,69129972.4194,47.56,0.33,358628480,358628000.0,17493469310.21,20825550000.0
2017-09-19,PAYX,47.56,47.38,47.6,47.22,47.38,806251,46753048.2695,47.49,0.22,358628480,358628000.0,17496479981.95,20829140000.0
2017-09-16,PAYX,47.38,47.11,47.46,46.97,47.1,2076263,119882171.5571,47.28,0.58,358628480,358628000.0,17427194465.86,20746660000.0
2017-09-15,PAYX,47.1,47.27,47.38,46.87,47.53,1809871,104080619.0008,47.09,0.5,358628480,358628000.0,17324766556.99,20624720000.0
2017-09-14,PAYX,47.53,47.56,47.79,47.36,47.63,1397668,81184942.0503,47.57,0.39,358628480,358628000.0,17484427655.04,20814790000.0
2017-09-13,PAYX,47.63,47.13,48.15,47.12,46.95,2236322,130507728.7767,47.79,0.62,358628480,358628000.0,17520580418.3,20857830000.0
2017-09-12,PAYX,46.95,46.79,47.09,46.75,46.6,1378983,79035594.2871,46.94,0.38,358628480,358628000.0,17270544039.55,20560170000.0
2017-09-09,PAYX,46.6,46.62,46.86,46.53,46.69,1315469,74975812.074,46.68,0.37,358628480,358628000.0,17141005022.59,20405960000.0
2017-09-08,PAYX,46.69,46.75,46.9,46.6,46.84,1140519,65057146.0639,46.71,0.32,358628480,358628000.0,17174142595.39,20445410000.0
2017-09-07,PAYX,46.84,46.65,46.9,46.34,46.44,1600300,91251823.3094,46.7,0.45,358628480,358628000.0,17231380303.3,20513540000.0
2017-09-06,PAYX,46.44,46.61,46.74,46.21,46.74,1257872,71367500.013,46.46,0.35,358628480,358628000.0,17083771833.41,20337820000.0
2017-09-02,PAYX,46.74,46.71,46.88,46.37,46.7,1099540,62672018.5369,46.68,0.31,358628480,358628000.0,17192221387.01,20466930000.0
2017-09-01,PAYX,46.7,46.52,46.76,46.32,46.37,1420965,80911030.2314,46.63,0.4,358628480,358628000.0,17180168758.85,20452580000.0
2017-08-31,PAYX,46.37,46.34,46.56,45.96,46.34,1298246,73383625.1852,46.29,0.36,358628480,358628000.0,17056656206.59,20305540000.0
2017-08-30,PAYX,46.34,46.07,46.38,45.93,46.26,1198166,67616704.5555,46.22,0.33,358628480,358628000.0,17047619070.14,20294780000.0
2017-08-29,PAYX,46.26,46.17,46.29,45.89,46.04,1812578,102259839.6349,46.2,0.51,358628480,358628000.0,17017496989.06,20258920000.0
2017-08-26,PAYX,46.04,45.67,46.23,45.54,45.48,1065322,59921372.1411,46.06,0.3,358628480,358628000.0,16936158844.8,20162090000.0
2017-08-25,PAYX,45.48,45.72,45.78,45.42,45.67,1313617,73143908.8302,45.6,0.37,358628480,358628000.0,16731307847.04,19918220000.0
2017-08-24,PAYX,45.67,45.82,45.93,45.56,45.95,1303012,72765017.7395,45.73,0.36,358628480,358628000.0,16800598183.1,20000710000.0
2017-08-23,PAYX,45.95,45.93,46.34,45.67,45.67,2818114,158266412.3037,45.99,0.79,358628480,358628000.0,16903021272.0,20122640000.0
2017-08-22,PAYX,45.67,45.03,45.7,44.93,45.03,2433321,135224753.0775,45.51,0.68,358628480,358628000.0,16800598183.1,20000710000.0
2017-08-19,PAYX,45.03,45.03,45.21,44.84,45.03,2041361,112266073.065,45.04,0.57,358628480,358628000.0,16565625104.26,19720980000.0
2017-08-18,PAYX,45.03,46.0,46.16,44.98,46.06,2473620,137265868.7308,45.44,0.69,358628480,358628000.0,16562609612.54,19717390000.0
2017-08-17,PAYX,46.06,45.61,46.58,45.56,45.52,2650233,149305667.6763,46.14,0.74,358628480,358628000.0,16942185008.26,20169270000.0
2017-08-16,PAYX,45.52,45.08,45.68,44.89,44.98,2710626,149996273.7439,45.32,0.76,358628480,358628000.0,16746371146.94,19936150000.0
2017-08-15,PAYX,44.98,44.85,45.1,44.57,44.42,2014778,110584308.1305,44.95,0.56,358628480,358628000.0,16544535640.9,19695870000.0
2017-08-12,PAYX,44.42,44.96,44.98,44.39,44.86,1789522,97434471.186,44.59,0.5,359395680,359396000.0,16374644025.24,19493620000.0
2017-08-11,PAYX,44.86,44.72,45.08,44.66,44.97,2166945,118915009.5429,44.94,0.6,359395680,359396000.0,16537663792.44,19687690000.0
2017-08-10,PAYX,44.97,44.91,45.1,44.57,45.07,1717388,94192899.5504,44.92,0.48,359395680,359396000.0,16576911310.16,19734410000.0
2017-08-09,PAYX,45.07,45.78,46.34,44.81,45.81,3396122,187357930.9282,45.18,0.94,359395680,359396000.0,16616154299.49,19781130000.0
2017-08-08,PAYX,45.81,45.87,45.97,45.65,45.93,1429791,80012968.8075,45.83,0.4,359395680,359396000.0,16887860150.61,20104590000.0
2017-08-05,PAYX,45.93,46.16,46.19,45.75,45.98,1952980,109548512.9989,45.94,0.54,359395680,359396000.0,16933142194.93,20158500000.0
2017-08-04,PAYX,45.98,46.34,46.41,45.68,46.34,2440777,136981757.864,45.96,0.68,359395680,359396000.0,16951254831.53,20180060000.0
2017-08-03,PAYX,46.34,46.29,46.58,45.99,46.53,2503861,141365756.1121,46.24,0.7,359395680,359396000.0,17081070966.28,20334610000.0
2017-08-02,PAYX,46.53,47.42,47.47,46.4,47.38,2749447,156454804.2833,46.6,0.77,359395680,359396000.0,17153526946.72,20420860000.0
2017-08-01,PAYX,47.38,47.34,47.78,47.26,47.3,5038359,291789532.9742,47.43,1.4,359395680,359396000.0,17464475787.17,20791040000.0
2017-07-29,PAYX,47.3,48.72,49.24,47.26,48.84,4069135,236860279.215,47.67,1.13,359395680,359396000.0,17437301851.05,20758690000.0
2017-07-28,PAYX,48.84,47.13,49.84,47.0,47.19,6295594,377748898.521,48.73,1.75,359395680,359396000.0,18155807203.97,21614050000.0
2017-07-27,PAYX,47.19,46.71,47.31,46.66,46.64,2005148,116366355.9973,47.13,0.56,359395680,359396000.0,17542965992.32,20884480000.0
2017-07-26,PAYX,46.64,46.33,46.83,46.29,46.24,1791484,102816683.12,46.61,0.5,359395680,359396000.0,17337676764.77,20640090000.0
2017-07-25,PAYX,46.24,46.4,46.48,46.16,46.45,1241529,70732637.2523,46.27,0.35,359395680,359396000.0,17189752521.81,20463990000.0
2017-07-22,PAYX,46.45,46.11,46.59,46.11,46.45,1937649,110549860.6746,46.33,0.54,359395680,359396000.0,17268242726.96,20557430000.0
2017-07-21,PAYX,46.45,46.18,46.57,46.15,46.18,1747999,99903040.7432,46.42,0.49,359395680,359396000.0,17265225614.61,20553840000.0
2017-07-20,PAYX,46.18,46.09,46.27,45.93,46.11,2151416,122160188.7151,46.11,0.6,359395680,359396000.0,17165600528.32,20435240000.0
2017-07-19,PAYX,46.11,46.1,46.33,45.99,46.19,1617177,91879916.1065,46.14,0.45,359395680,359396000.0,17141448534.84,20406480000.0
2017-07-18,PAYX,46.19,46.38,46.49,46.09,46.37,1586486,90272787.4292,46.21,0.44,359395680,359396000.0,17171639583.32,20442430000.0
2017-07-15,PAYX,46.37,46.58,46.65,46.36,46.45,1383348,79157117.5473,46.47,0.38,359395680,359396000.0,17238056508.77,20521490000.0
2017-07-14,PAYX,46.45,46.6,46.69,46.29,46.49,1743276,99655080.3101,46.43,0.49,359395680,359396000.0,17268242726.96,20557430000.0
2017-07-13,PAYX,46.49,46.15,46.59,46.15,45.97,1849958,105816661.5213,46.45,0.51,359395680,359396000.0,17280321138.84,20571810000.0
2017-07-12,PAYX,45.97,46.84,46.84,45.94,46.97,2917685,165728881.6098,46.13,0.81,359395680,359396000.0,17087110323.17,20341790000.0
2017-07-11,PAYX,46.97,46.63,47.07,46.55,46.63,1950017,112631217.1546,46.91,0.54,359395680,359396000.0,17461453844.53,20787440000.0
2017-07-08,PAYX,46.63,46.42,46.86,46.2,46.27,1655417,95033025.3104,46.62,0.46,359395680,359396000.0,17334659652.41,20636500000.0
2017-07-07,PAYX,46.27,46.54,46.54,46.03,46.69,2176360,124140458.0022,46.32,0.61,359395680,359396000.0,17198808991.05,20474770000.0
2017-07-06,PAYX,46.69,46.1,46.75,45.76,45.91,2792229,159666623.6236,46.44,0.78,359395680,359396000.0,17355794231.64,20661660000.0
2017-07-04,PAYX,45.91,45.8,46.4,45.78,46.24,1459303,82852365.6159,46.11,0.41,359395680,359396000.0,17065975442.04,20316630000.0
2017-07-01,PAYX,46.24,46.54,46.56,45.99,46.04,3362010,191528686.8571,46.27,0.94,359395680,359396000.0,17189752521.81,20463990000.0
2017-06-30,PAYX,46.04,46.7,46.83,45.89,46.82,3229763,183851361.6776,46.23,0.9,359248320,359248000.0,17107262204.38,20365790000.0
2017-06-29,PAYX,46.82,46.7,47.1,45.93,47.61,5608785,321668306.778,46.58,1.56,359248320,359248000.0,17396957333.71,20710660000.0
2017-06-28,PAYX,47.61,48.07,48.2,47.51,48.11,3594484,211574185.8548,47.8,1.0,359248320,359248000.0,17689673468.38,21059130000.0
2017-06-27,PAYX,48.11,48.44,48.44,48.0,48.11,2480172,147002267.1715,48.14,0.69,359248320,359248000.0,17876773011.12,21281870000.0
2017-06-24,PAYX,48.11,48.13,48.3,48.0,48.24,2941089,174301574.9405,48.13,0.82,359248320,359248000.0,17876773011.12,21281870000.0
2017-06-23,PAYX,48.24,48.62,48.75,48.0,48.67,1660177,98676770.4375,48.27,0.46,359248320,359248000.0,17925052364.11,21339340000.0
2017-06-22,PAYX,48.67,48.7,48.89,48.51,48.74,1305733,78242130.2145,48.66,0.36,359248320,359248000.0,18084989414.4,21529750000.0
2017-06-21,PAYX,48.74,48.99,49.21,48.65,49.65,2023927,121754793.2879,48.86,0.56,359248320,359248000.0,18109131505.05,21558490000.0
2017-06-20,PAYX,49.65,50.0,50.0,49.47,49.62,2052406,125444298.478,49.64,0.57,359248320,359248000.0,18447115342.19,21960850000.0
2017-06-17,PAYX,49.62,49.34,49.63,48.9,49.32,3323116,202325265.8134,49.45,0.93,359248320,359248000.0,18438062888.06,21950070000.0
2017-06-16,PAYX,49.32,48.66,49.38,48.58,48.8,1771129,106996559.5835,49.06,0.49,359248320,359248000.0,18326405190.75,21817140000.0
2017-06-15,PAYX,48.8,49.11,49.3,48.63,49.14,2107936,127193269.2875,49.0,0.59,359248320,359248000.0,18133273595.69,21587230000.0
2017-06-14,PAYX,49.14,48.32,49.19,48.32,48.44,2071757,124893191.9632,48.96,0.58,359248320,359248000.0,18260015799.45,21738110000.0
2017-06-13,PAYX,48.44,47.46,48.71,47.29,47.56,2695131,160614733.7323,48.4,0.75,359248320,359248000.0,17997478636.03,21425570000.0
2017-06-10,PAYX,47.56,47.9,48.12,47.45,47.84,1880041,110496788.9978,47.73,0.52,359248320,359248000.0,17671567956.59,21037580000.0
2017-06-09,PAYX,47.84,48.13,48.2,47.64,48.17,1202345,70887976.7445,47.88,0.33,359248320,359248000.0,17777188773.28,21163320000.0
2017-06-08,PAYX,48.17,48.13,48.24,47.94,47.96,1144946,67852254.7001,48.13,0.32,359248320,359248000.0,17897894398.19,21307020000.0
2017-06-07,PAYX,47.96,48.26,48.39,47.94,48.4,1179532,69876418.1261,48.11,0.33,359248320,359248000.0,17822452250.99,21217200000.0
2017-06-06,PAYX,48.4,48.18,48.65,48.02,48.13,1662295,99247986.2307,48.49,0.46,359248320,359248000.0,17985410004.86,21411200000.0
2017-06-03,PAYX,48.13,48.38,48.38,47.36,48.46,2820893,166339586.2474,47.89,0.79,359248320,359248000.0,17885825767.02,21292650000.0
2017-06-02,PAYX,48.46,48.31,48.47,48.0,48.1,1369923,81467818.0045,48.3,0.38,359248320,359248000.0,18006531391.93,21436340000.0
2017-06-01,PAYX,48.1,48.17,48.28,47.93,48.0,4670176,276649569.4807,48.11,1.3,359248320,359248000.0,17873752307.55,21278270000.0
2017-05-31,PAYX,48.0,48.14,48.14,47.66,48.14,1087625,64172165.5382,47.92,0.3,359248320,359248000.0,17837541585.74,21235160000.0
2017-05-27,PAYX,48.14,48.09,48.18,47.72,48.0,1345764,79712286.5192,48.1,0.37,359248320,359248000.0,17888841642.3,21296230000.0
2017-05-26,PAYX,48.0,47.66,48.13,47.47,47.43,1454169,85841192.7476,47.94,0.4,359248320,359248000.0,17837541585.74,21235160000.0
2017-05-25,PAYX,47.43,47.29,47.58,47.11,47.14,1305548,76238119.0952,47.42,0.36,359248320,359248000.0,17623283775.31,20980100000.0
2017-05-24,PAYX,47.14,47.18,47.31,46.94,46.96,1288360,74736735.4887,47.11,0.36,359248320,359248000.0,17517667786.91,20854360000.0
2017-05-23,PAYX,46.96,46.89,47.14,46.79,46.71,1517980,87853557.0019,47.0,0.42,359248320,359248000.0,17448262218.56,20771740000.0
2017-05-20,PAYX,46.71,46.7,46.86,46.48,46.64,1939135,111507423.7256,46.7,0.54,359248320,359248000.0,17354710033.05,20660370000.0
2017-05-19,PAYX,46.64,46.29,46.84,46.1,46.24,1849072,106177972.6528,46.63,0.51,359248320,359248000.0,17330567942.4,20631630000.0
2017-05-18,PAYX,46.24,46.15,46.52,45.94,46.42,2695608,153767171.0308,46.33,0.75,359248320,359248000.0,17182704351.58,20455600000.0
2017-05-17,PAYX,46.42,46.79,46.95,46.27,46.79,2066158,118257375.4609,46.48,0.58,359248320,359248000.0,17249093742.88,20534630000.0
2017-05-16,PAYX,46.79,46.42,46.92,46.42,46.4,2343912,134927301.3117,46.75,0.65,359248320,359248000.0,17384888702.54,20696290000.0
2017-05-13,PAYX,46.4,46.48,46.49,46.23,46.45,1667292,95209049.0372,46.38,0.46,359248320,359248000.0,17240040986.99,20523860000.0
2017-05-12,PAYX,46.45,46.6,46.65,46.24,46.73,1956093,111746886.7302,46.39,0.54,359248320,359248000.0,17258146498.78,20545410000.0
2017-05-11,PAYX,46.73,47.06,47.18,46.65,47.12,1879479,108281491.4054,46.79,0.52,359248320,359248000.0,17363762788.94,20671140000.0
2017-05-10,PAYX,47.12,47.14,47.3,46.82,47.15,1603257,92961972.8857,47.09,0.45,359248320,359248000.0,17508615031.02,20843590000.0
2017-05-09,PAYX,47.15,47.48,47.69,46.99,47.44,1980336,115324264.9379,47.29,0.55,359248320,359248000.0,17520683662.19,20857950000.0
2017-05-06,PAYX,47.44,47.45,47.45,47.12,47.28,1524195,89516571.3586,47.32,0.42,359248320,359248000.0,17765115615.58,21148950000.0
2017-05-05,PAYX,47.28,46.66,47.32,46.57,46.65,1357316,79408557.7822,47.14,0.38,359248320,359248000.0,17707778678.4,21080690000.0
2017-05-04,PAYX,46.65,47.14,47.15,46.25,47.74,2777600,160938304.8448,46.69,0.77,359248320,359248000.0,17472399480.91,20800470000.0
2017-05-03,PAYX,47.74,47.72,47.94,47.54,47.67,942174,55824097.8052,47.74,0.26,359248320,359248000.0,17879788886.4,21285460000.0
2017-05-02,PAYX,47.67,47.81,47.93,47.51,47.77,1109437,65601557.8719,47.65,0.31,359248320,359248000.0,17852630920.48,21253130000.0
2017-04-29,PAYX,47.77,48.3,48.3,47.63,48.22,1542966,91641083.3885,47.86,0.43,359248320,359248000.0,17888841642.3,21296230000.0
2017-04-28,PAYX,48.22,48.12,48.4,47.94,48.11,1338499,80081316.3398,48.21,0.37,359248320,359248000.0,18057831448.49,21497410000.0
2017-04-27,PAYX,48.11,48.04,48.14,47.74,47.98,1682757,100247059.4505,48.0,0.47,359248320,359248000.0,18015583846.05,21447120000.0
2017-04-26,PAYX,47.98,48.07,48.4,47.98,47.88,2090430,124913847.4217,48.15,0.58,359248320,359248000.0,17970320670.11,21393230000.0
2017-04-25,PAYX,47.88,48.08,48.25,47.57,47.65,1950108,115696401.3458,47.81,0.54,359248320,359248000.0,17931089244.73,21346530000.0
2017-04-22,PAYX,47.65,47.36,47.73,47.28,47.26,1939395,114487131.701,47.57,0.54,359248320,359248000.0,17846594341.63,21245940000.0
2017-04-21,PAYX,47.26,47.05,47.32,46.88,46.8,1707234,99994402.614,47.2,0.48,359248320,359248000.0,17698725922.51,21069910000.0
2017-04-20,PAYX,46.8,46.9,47.35,46.71,46.91,2048028,119324476.551,46.95,0.57,359248320,359248000.0,17526720241.04,20865140000.0
2017-04-19,PAYX,46.91,46.54,46.94,46.54,46.78,1420447,82525986.3355,46.81,0.4,359248320,359248000.0,17568967843.47,20915430000.0
2017-04-18,PAYX,46.78,46.75,46.86,46.48,46.65,1488763,86278582.8691,46.7,0.41,359248320,359248000.0,17520683662.19,20857950000.0
2017-04-14,PAYX,46.65,47.11,47.15,46.65,47.1,1661609,96590505.9276,46.84,0.46,359248320,359248000.0,17469383605.63,20796880000.0
2017-04-13,PAYX,47.1,47.03,47.26,46.91,47.32,2093499,122316648.3491,47.08,0.58,359248320,359248000.0,17638373110.05,20998060000.0
2017-04-12,PAYX,47.32,46.94,47.32,46.74,46.93,2070701,121113450.2833,47.13,0.58,359248320,359248000.0,17719852137.87,21095060000.0
2017-04-11,PAYX,46.93,46.86,47.16,46.77,46.89,1323494,77155727.071,46.97,0.37,359248320,359248000.0,17575004422.32,20922620000.0
2017-04-08,PAYX,46.89,46.87,47.01,46.75,46.86,1583405,92179511.8136,46.91,0.44,359248320,359248000.0,17559915087.58,20904660000.0
2017-04-07,PAYX,46.86,46.97,47.01,46.62,46.98,1458737,84832848.7763,46.86,0.41,359248320,359248000.0,17547841628.11,20890290000.0
2017-04-06,PAYX,46.98,47.0,47.44,46.77,46.78,2301020,134689301.3991,47.17,0.64,359248320,359248000.0,17593109934.11,20944180000.0
2017-04-05,PAYX,46.78,46.99,47.02,46.69,47.09,1543271,89696458.4208,46.83,0.43,359248320,359248000.0,17520683662.19,20857950000.0
2017-04-04,PAYX,47.09,47.34,47.45,46.82,47.46,2322500,135783111.4675,47.11,0.65,359248320,359248000.0,17635357234.78,20994470000.0
2017-04-01,PAYX,47.46,47.62,47.75,47.41,47.65,2537779,149664991.2047,47.52,0.71,359248320,359248000.0,17774168069.71,21159720000.0
2017-03-31,PAYX,47.65,47.49,47.81,47.34,47.59,2874074,169891385.6954,47.63,0.8,359248320,359248000.0,17843578164.59,21242350000.0
2017-03-30,PAYX,47.59,48.76,49.15,47.2,48.81,5436840,322550308.4383,47.8,1.51,359248320,359248000.0,17822452250.99,21217200000.0
2017-03-29,PAYX,48.81,48.91,49.19,48.76,49.06,4956367,301072069.9261,48.95,1.38,359248320,359248000.0,18281141713.04,21763260000.0
2017-03-28,PAYX,49.06,49.33,49.52,48.91,49.65,2748394,167403598.4212,49.08,0.77,359248320,359248000.0,18374689372.03,21874630000.0
2017-03-25,PAYX,49.65,49.79,49.99,49.4,49.57,1296488,79970615.874,49.7,0.36,359248320,359248000.0,18594979234.78,22136880000.0
2017-03-24,PAYX,49.57,49.77,49.93,49.52,49.96,1885476,116278049.683,49.69,0.52,359248320,359248000.0,18564805091.82,22100950000.0
2017-03-23,PAYX,49.96,49.76,50.04,49.55,49.69,1248306,77263772.5428,49.87,0.35,359248320,359248000.0,18709652505.6,22273390000.0
2017-03-22,PAYX,49.69,50.35,50.44,49.58,50.21,1845845,114103110.7681,49.81,0.51,359248320,359248000.0,18610068569.53,22154840000.0
2017-03-21,PAYX,50.21,50.66,50.72,50.0,50.64,1352715,84310662.3941,50.22,0.38,359248320,359248000.0,18803200164.59,22384760000.0
2017-03-18,PAYX,50.64,50.59,50.79,50.47,50.47,2026617,127297684.8794,50.61,0.56,359248320,359248000.0,18963137214.89,22575160000.0
2017-03-17,PAYX,50.47,50.64,50.79,50.23,50.65,1115913,69897674.6909,50.47,0.31,359248320,359248000.0,18899768225.39,22499720000.0
2017-03-16,PAYX,50.65,50.39,50.78,50.21,50.21,1406210,88229121.0815,50.56,0.39,359248320,359248000.0,18969173793.74,22582350000.0
2017-03-15,PAYX,50.21,50.37,50.4,50.02,50.41,888548,55325712.2271,50.17,0.25,359248320,359248000.0,18803200164.59,22384760000.0
2017-03-14,PAYX,50.41,50.22,50.47,50.04,50.26,1969214,123004181.8259,50.33,0.55,359248320,359248000.0,18878642311.79,22474570000.0
2017-03-11,PAYX,50.26,50.14,50.39,49.79,50.06,893275,55649958.7834,50.2,0.25,359248320,359248000.0,18824326078.19,22409910000.0
2017-03-10,PAYX,50.06,50.16,50.34,49.81,50.22,969580,60241460.7396,50.06,0.27,359248320,359248000.0,18745863529.18,22316500000.0
2017-03-09,PAYX,50.22,50.08,50.44,49.97,50.09,1178930,73536820.9659,50.26,0.33,359248320,359248000.0,18806220868.16,22388360000.0
2017-03-08,PAYX,50.09,50.07,50.43,50.01,50.29,1097391,68272871.8775,50.13,0.31,359248320,359248000.0,18757936686.88,22330870000.0
2017-03-07,PAYX,50.29,50.15,50.43,50.01,50.36,1244794,77664938.2892,50.27,0.35,359248320,359248000.0,18833378834.08,22420680000.0
2017-03-04,PAYX,50.36,50.1,50.4,49.83,50.25,1778954,110595613.3306,50.09,0.5,359248320,359248000.0,18860536800.0,22453020000.0
2017-03-03,PAYX,50.25,50.41,50.44,50.13,50.61,1382992,86255685.5998,50.26,0.38,359248320,359248000.0,18818289499.34,22402720000.0
2017-03-02,PAYX,50.61,49.72,50.77,49.68,49.49,2816968,176505037.2692,50.49,0.78,359248320,359248000.0,18954084458.99,22564380000.0
2017-03-01,PAYX,49.49,49.62,49.81,49.32,49.58,1618247,99389814.6589,49.49,0.45,359248320,359248000.0,18534626422.33,22065030000.0
2017-02-28,PAYX,49.58,49.62,50.06,49.35,49.81,2122795,130894301.4563,49.69,0.59,358843040,358843000.0,18546873989.58,22079610000.0
2017-02-25,PAYX,49.81,48.7,49.91,48.51,48.68,3372648,206777403.008,49.4,0.94,358843040,358843000.0,18631273571.16,22180080000.0
2017-02-24,PAYX,48.68,48.23,48.78,47.99,48.02,1894701,114043938.4175,48.5,0.53,358843040,358843000.0,18209275964.69,21677710000.0
2017-02-23,PAYX,48.02,47.5,48.05,47.5,47.62,1507651,89588094.5403,47.88,0.42,358843040,358843000.0,17965120064.56,21387040000.0
2017-02-22,PAYX,47.62,47.73,47.82,47.34,47.65,2218893,130966389.4258,47.56,0.62,358843040,358843000.0,17814405987.76,21207620000.0
2017-02-18,PAYX,47.65,47.91,47.91,47.33,47.94,1708140,100834238.9321,47.57,0.48,358843040,358843000.0,17823448229.51,21218390000.0
2017-02-17,PAYX,47.94,47.92,48.02,47.61,47.85,1276209,75696685.4206,47.79,0.36,358843040,358843000.0,17931962666.23,21347570000.0
2017-02-16,PAYX,47.85,47.81,47.96,47.42,47.76,1526344,90501980.3269,47.78,0.43,358843040,358843000.0,17898805267.91,21308100000.0
2017-02-15,PAYX,47.76,47.44,47.81,47.4,47.57,1113730,65862882.6658,47.65,0.31,358843040,358843000.0,17865648171.01,21268630000.0
2017-02-14,PAYX,47.57,47.34,47.72,47.3,47.11,1471217,86832110.0702,47.56,0.41,358843040,358843000.0,17796316379.98,21186090000.0
2017-02-11,PAYX,47.11,47.23,47.53,47.07,47.13,1303093,76402556.545,47.24,0.36,358843040,358843000.0,17621491969.45,20977960000.0
2017-02-10,PAYX,47.13,46.49,47.28,46.46,46.45,2017717,117742051.5188,47.02,0.56,358843040,358843000.0,17630534512.63,20988730000.0
2017-02-09,PAYX,46.45,46.32,46.6,46.07,46.39,1671210,96301310.3618,46.43,0.47,358843040,358843000.0,17377331246.47,20687300000.0
2017-02-08,PAYX,46.39,46.45,46.73,45.99,46.43,2810298,161610104.0454,46.34,0.78,358843040,358843000.0,17353221214.18,20658590000.0
2017-02-07,PAYX,46.43,46.75,47.05,46.21,46.71,4610227,266343878.3348,46.55,1.28,358843040,358843000.0,17368289004.72,20676530000.0
2017-02-04,PAYX,46.71,47.46,47.68,46.5,47.18,4003329,232945295.5091,46.89,1.12,358843040,358843000.0,17473790667.05,20802130000.0
2017-02-03,PAYX,47.18,47.07,47.39,46.83,47.15,2649473,155148120.7781,47.18,0.74,358843040,358843000.0,17648619598.99,21010260000.0
2017-02-02,PAYX,47.15,47.94,47.94,47.08,48.58,4522152,266079819.5249,47.41,1.26,358843040,358843000.0,17639577055.81,20999490000.0
2017-02-01,PAYX,48.58,48.71,48.96,48.42,49.0,1684077,101448628.3882,48.54,0.47,358843040,358843000.0,18173101571.98,21634640000.0
2017-01-31,PAYX,49.0,48.94,49.14,48.69,48.92,1272935,77272764.3245,48.91,0.35,358843040,358843000.0,18329845417.56,21821240000.0
2017-01-28,PAYX,48.92,49.22,49.23,48.77,49.14,1009834,61759633.7781,48.91,0.28,358843040,358843000.0,18438359854.28,21950420000.0
2017-01-27,PAYX,49.14,49.21,49.27,48.98,49.28,1053615,64731262.9467,49.13,0.29,358843040,358843000.0,18522759134.44,22050900000.0
2017-01-26,PAYX,49.28,49.59,49.72,49.1,49.48,1529386,94237094.7936,49.28,0.43,358843040,358843000.0,18574001619.12,22111900000.0
2017-01-25,PAYX,49.48,48.93,49.55,48.93,48.87,1472049,90765222.3841,49.31,0.41,358843040,358843000.0,18649358657.52,22201610000.0
2017-01-24,PAYX,48.87,49.07,49.17,48.77,49.16,1716851,105014455.1488,48.92,0.48,358843040,358843000.0,18420274767.92,21928890000.0
2017-01-21,PAYX,49.16,48.86,49.34,48.74,48.7,1517933,93228709.5447,49.12,0.42,358843040,358843000.0,18528789204.65,22058080000.0
2017-01-20,PAYX,48.7,48.81,48.87,48.62,48.81,1173448,71530928.1861,48.75,0.33,358843040,358843000.0,18356972745.67,21853540000.0
2017-01-19,PAYX,48.81,48.78,48.89,48.56,48.66,1145814,69890527.9238,48.78,0.32,358843040,358843000.0,18399172687.18,21903770000.0
2017-01-18,PAYX,48.66,49.05,49.16,48.5,49.16,1357477,82654206.1835,48.69,0.38,358843040,358843000.0,18341905256.56,21835600000.0
2017-01-14,PAYX,49.16,49.04,49.33,48.99,49.05,938987,57687137.7165,49.13,0.26,358843040,358843000.0,18528789204.65,22058080000.0
2017-01-13,PAYX,49.05,48.76,49.11,48.55,48.9,1070209,65432904.6737,48.9,0.3,358843040,358843000.0,18489602037.54,22011430000.0
2017-01-12,PAYX,48.9,48.87,49.09,48.62,48.63,1424554,87002936.0571,48.84,0.4,358843040,358843000.0,18432329784.07,21943250000.0
2017-01-11,PAYX,48.63,48.85,49.01,48.54,48.8,1392941,84981665.8455,48.79,0.39,358843040,358843000.0,18329845417.56,21821240000.0
2017-01-10,PAYX,48.8,48.97,49.1,48.7,49.0,1429824,87284040.7465,48.82,0.4,358843040,358843000.0,18393147439.81,21896600000.0
2017-01-07,PAYX,49.0,48.66,49.22,48.42,48.66,1271373,77705051.4725,48.88,0.35,358843040,358843000.0,18468504478.21,21986310000.0
2017-01-06,PAYX,48.66,48.88,49.17,48.48,49.01,1646510,100286116.8004,48.71,0.46,358843040,358843000.0,18341905256.56,21835600000.0
2017-01-05,PAYX,49.01,49.03,49.25,48.81,48.83,1610098,98625430.7517,48.99,0.45,358843040,358843000.0,18474529725.58,21993480000.0
2017-01-04,PAYX,48.83,48.9,49.38,48.47,48.69,1922270,117205615.2641,48.76,0.54,358843040,358843000.0,18405202455.96,21910950000.0
2016-12-31,PAYX,48.69,48.99,48.99,48.33,49.1,1574977,95757645.589,48.62,0.44,358843040,358843000.0,18350947498.31,21846360000.0
2016-12-30,PAYX,49.1,49.16,49.54,48.97,49.05,989502,60793812.5091,49.13,0.28,358843040,358843000.0,18507686822.47,22032960000.0
2016-12-29,PAYX,49.05,49.45,49.53,49.01,49.3,1286012,79059264.6596,49.16,0.36,358843040,358843000.0,18489602037.54,22011430000.0
2016-12-28,PAYX,49.3,49.45,49.73,49.27,49.37,944861,58350169.789,49.39,0.26,358843040,358843000.0,18583043860.87,22122670000.0
2016-12-24,PAYX,49.37,49.2,49.49,49.13,49.18,994176,61293539.2343,49.3,0.28,358843040,358843000.0,18607158716.02,22151380000.0
2016-12-23,PAYX,49.18,49.06,49.22,48.66,49.09,1311387,80413460.0736,49.04,0.37,358843040,358843000.0,18537831446.4,22068840000.0
2016-12-22,PAYX,49.09,49.35,49.47,48.19,49.53,3353047,205185338.7917,48.94,0.93,358843040,358843000.0,18504674349.5,22029370000.0
2016-12-21,PAYX,49.53,49.49,49.69,49.17,49.22,2487761,153698086.3594,49.41,0.69,358843040,358843000.0,18667443442.45,22223140000.0
2016-12-20,PAYX,49.22,49.21,49.61,49.01,48.97,1815693,111825091.1318,49.25,0.51,358843040,358843000.0,18552904059.79,22086790000.0
2016-12-17,PAYX,48.97,49.39,49.56,48.79,48.58,3470891,212979435.5983,49.07,0.97,358843040,358843000.0,18459461935.03,21975550000.0
2016-12-16,PAYX,48.58,48.33,48.81,48.13,48.37,1704685,103519894.5895,48.56,0.48,358843040,358843000.0,18308747858.23,21796130000.0
2016-12-15,PAYX,48.37,48.29,48.94,48.18,48.18,2762172,167624888.2505,48.53,0.77,358843040,358843000.0,18230373524.02,21702820000.0
2016-12-14,PAYX,48.18,48.1,48.51,48.01,48.14,1715733,103512400.6272,48.25,0.48,358843040,358843000.0,18161046254.4,21620290000.0
2016-12-13,PAYX,48.14,47.96,48.25,47.87,48.11,1085329,65298712.9228,48.12,0.3,358843040,358843000.0,18142961469.47,21598760000.0
2016-12-10,PAYX,48.11,48.0,48.36,47.82,48.2,1381310,83074892.4389,48.1,0.38,358843040,358843000.0,18133918926.29,21588000000.0
2016-12-09,PAYX,48.2,48.22,48.34,47.86,48.18,1370752,82529285.1141,48.15,0.38,358843040,358843000.0,18167076324.61,21627470000.0
2016-12-08,PAYX,48.18,46.94,48.34,46.85,46.92,1665799,99838338.7548,47.93,0.46,358843040,358843000.0,18158033781.43,21616700000.0
2016-12-07,PAYX,46.92,47.17,47.2,46.62,47.05,1342626,78700571.2941,46.88,0.37,358843040,358843000.0,17684789470.28,21053320000.0
2016-12-06,PAYX,47.05,46.9,47.1,46.63,46.66,2711931,159175694.4249,46.94,0.76,358843040,358843000.0,17733018879.14,21110730000.0
2016-12-03,PAYX,46.66,46.86,47.18,46.57,46.93,1944740,113682511.0044,46.75,0.54,358843040,358843000.0,17585317576.74,20934900000.0
2016-12-02,PAYX,46.93,47.14,47.38,46.8,47.14,2409198,141579168.1786,47.0,0.67,358843040,358843000.0,17687801943.25,21056900000.0
2016-12-01,PAYX,47.14,47.59,47.73,47.14,47.55,5055399,298799337.6734,47.27,1.41,358843040,358843000.0,17769188750.44,21153790000.0
2016-11-30,PAYX,47.55,46.31,47.71,46.24,46.38,4045865,239507541.0858,47.34,1.12,361651360,361651000.0,18063185613.61,21503790000.0
2016-11-29,PAYX,46.38,46.22,46.54,45.97,46.37,2080989,120621407.9825,46.35,0.58,361651360,361651000.0,17616618210.5,20972160000.0
2016-11-26,PAYX,46.37,46.42,46.67,46.27,46.42,726466,42170844.2267,46.42,0.2,361651360,361651000.0,17613577301.2,20968540000.0
2016-11-24,PAYX,46.42,46.01,46.45,45.66,45.98,2112665,122199727.3862,46.26,0.58,361651360,361651000.0,17634844831.47,20993860000.0
2016-11-23,PAYX,45.98,45.83,46.17,45.62,45.7,3144621,180673872.5144,45.95,0.87,361651360,361651000.0,17467760688.0,20794950000.0
2016-11-22,PAYX,45.7,44.79,45.71,44.72,44.73,2889382,164120962.9605,45.43,0.8,361651360,361651000.0,17358397316.74,20664750000.0
2016-11-19,PAYX,44.73,44.66,44.92,44.61,44.72,2180443,121974853.5972,44.74,0.6,361651360,361651000.0,16990812747.92,20227160000.0
2016-11-18,PAYX,44.72,44.62,44.86,44.32,44.59,3559123,198527172.6745,44.61,0.98,361651360,361651000.0,16987776699.22,20223540000.0
2016-11-17,PAYX,44.59,44.47,44.68,44.28,44.53,2065760,114995498.5528,44.52,0.57,361651360,361651000.0,16939169541.29,20165670000.0
2016-11-16,PAYX,44.53,45.14,45.38,44.36,45.02,2392432,133638150.9281,44.67,0.66,361651360,361651000.0,16914865962.32,20136740000.0
2016-11-15,PAYX,45.02,45.46,45.56,44.97,45.33,4103840,232212495.1203,45.25,1.13,361651360,361651000.0,17103217332.27,20360970000.0
2016-11-12,PAYX,45.33,44.61,45.4,44.52,44.78,3782196,213147951.373,45.07,1.05,361651360,361651000.0,17218653104.72,20498390000.0
2016-11-11,PAYX,44.78,44.18,44.98,43.68,44.13,4049257,224791659.7766,44.4,1.12,361651360,361651000.0,17012079974.4,20252470000.0
2016-11-10,PAYX,44.13,42.31,44.18,42.21,43.34,4972738,270628306.6948,43.52,1.38,361651360,361651000.0,16762972391.12,19955920000.0
2016-11-09,PAYX,43.34,43.4,43.65,43.28,43.56,2265800,123087989.8768,43.44,0.63,361651360,361651000.0,16462226158.02,19597890000.0
2016-11-08,PAYX,43.56,43.58,43.86,43.29,42.91,2563815,139632033.3828,43.55,0.71,361651360,361651000.0,16547286254.1,19699150000.0
2016-11-05,PAYX,42.91,42.74,43.22,42.73,43.05,1839134,98858980.9368,42.99,0.51,361651360,361651000.0,16298178367.04,19402590000.0
2016-11-04,PAYX,43.05,43.46,43.57,42.76,43.46,2489841,134423263.8577,43.18,0.69,361651360,361651000.0,16352862482.97,19467690000.0
2016-11-03,PAYX,43.46,43.49,43.82,43.4,43.4,2960214,161483208.1955,43.63,0.82,361651360,361651000.0,16507792406.65,19652130000.0
2016-11-02,PAYX,43.4,44.26,44.38,43.32,44.14,2838342,154647370.4109,43.57,0.78,361651360,361651000.0,16486529736.98,19626820000.0
2016-11-01,PAYX,44.14,44.12,44.23,43.83,44.02,1611096,88836005.8273,44.1,0.45,361651360,361651000.0,16769049349.12,19963150000.0
2016-10-29,PAYX,44.02,43.92,44.32,43.78,43.82,2125248,117113274.4631,44.07,0.59,361651360,361651000.0,16723483404.27,19908910000.0
2016-10-28,PAYX,43.82,44.15,44.46,43.71,44.07,2319533,128431860.2673,43.91,0.64,361651360,361651000.0,16784239617.6,19981230000.0
2016-10-27,PAYX,44.07,44.19,44.32,43.78,44.28,1805926,100327131.7625,44.06,0.5,361651360,361651000.0,16881453933.47,20096960000.0
2016-10-26,PAYX,44.28,44.59,44.81,44.25,44.55,2386059,133505710.8892,44.37,0.66,361651360,361651000.0,16963473120.25,20194610000.0
2016-10-25,PAYX,44.55,44.63,44.82,44.42,44.41,1890947,106137336.6796,44.51,0.52,361651360,361651000.0,17063723484.82,20313950000.0
2016-10-22,PAYX,44.41,44.39,44.46,43.88,44.6,1861663,103816573.6115,44.23,0.51,361651360,361651000.0,17012079974.4,20252470000.0
2016-10-21,PAYX,44.6,44.63,44.86,44.31,44.67,1869220,104929025.4595,44.52,0.52,361651360,361651000.0,17084990711.3,20339270000.0
2016-10-20,PAYX,44.67,44.57,44.74,44.38,44.52,1482803,83466089.7054,44.64,0.41,361651360,361651000.0,17109294290.27,20368200000.0
2016-10-19,PAYX,44.52,44.59,44.9,44.26,44.21,1794552,100608331.2755,44.46,0.5,361651360,361651000.0,17054610174.34,20303110000.0
2016-10-18,PAYX,44.21,44.5,44.58,43.96,44.57,2147302,119625129.3582,44.18,0.59,361651360,361651000.0,16933097140.1,20158450000.0
2016-10-15,PAYX,44.57,44.78,45.04,44.57,44.6,1071355,60377384.1587,44.69,0.3,361651360,361651000.0,17072836491.52,20324800000.0
2016-10-14,PAYX,44.6,44.23,44.67,44.09,44.55,1500414,84079000.9012,44.44,0.41,361651360,361651000.0,17084990711.3,20339270000.0
2016-10-13,PAYX,44.55,44.45,44.7,44.32,44.44,993782,55809800.3567,44.54,0.27,361651360,361651000.0,17063723484.82,20313950000.0
2016-10-12,PAYX,44.44,44.88,44.9,44.21,44.94,1636491,91672638.6317,44.43,0.45,361651360,361651000.0,17021193284.88,20263320000.0
2016-10-11,PAYX,44.94,44.93,45.27,44.82,44.82,1175040,66658724.3059,44.99,0.32,361651360,361651000.0,17215617056.02,20494780000.0
2016-10-08,PAYX,44.82,45.15,45.18,44.54,45.0,1724272,97438102.0598,44.82,0.48,361651360,361651000.0,17170050807.38,20440530000.0
2016-10-07,PAYX,45.0,44.95,45.13,44.73,45.05,1508592,85534008.9169,44.96,0.42,361651360,361651000.0,17236884282.5,20520100000.0
2016-10-06,PAYX,45.05,45.43,45.46,44.63,45.25,2463290,139575171.9926,44.94,0.68,361651360,361651000.0,17255110903.47,20541790000.0
2016-10-05,PAYX,45.25,45.58,45.81,45.03,45.57,1791138,102281316.3012,45.29,0.5,361651360,361651000.0,17334093737.77,20635820000.0
2016-10-04,PAYX,45.57,45.59,45.82,45.29,45.89,2315694,132779131.3371,45.47,0.64,361651360,361651000.0,17455611328.81,20780480000.0
2016-10-01,PAYX,45.89,45.55,46.09,45.37,45.33,2444829,141424084.4136,45.88,0.68,361651360,361651000.0,17580160715.54,20928760000.0
2016-09-30,PAYX,45.33,45.6,45.85,45.32,45.6,2488952,142914366.9192,45.54,0.69,361651360,361651000.0,17364474274.73,20671990000.0
2016-09-29,PAYX,45.6,46.7,46.79,45.21,47.8,6409352,369143410.9453,45.68,1.77,361651360,361651000.0,17467760688.0,20794950000.0
2016-09-28,PAYX,47.8,47.42,47.87,47.35,47.33,2419108,145483935.8896,47.69,0.67,361651360,361651000.0,18309252591.38,21796730000.0
2016-09-27,PAYX,47.33,47.3,47.55,47.26,47.51,1535186,91728441.2006,47.39,0.42,361651360,361651000.0,18130014531.92,21583350000.0
2016-09-24,PAYX,47.51,47.85,48.14,47.51,47.88,1230700,73966543.1479,47.66,0.34,361651360,361651000.0,18199888916.33,21666530000.0
2016-09-23,PAYX,47.88,47.59,47.96,47.53,47.33,2017656,121736890.9025,47.85,0.56,361651360,361651000.0,18339628571.54,21832890000.0
2016-09-22,PAYX,47.33,46.99,47.43,46.8,46.97,1561022,92857395.231,47.18,0.43,361651360,361651000.0,18130014531.92,21583350000.0
2016-09-21,PAYX,46.97,46.76,47.2,46.61,46.48,1610475,95445292.0699,47.0,0.45,361651360,361651000.0,17990275180.5,21416990000.0
2016-09-20,PAYX,46.48,46.42,46.78,46.31,46.18,1263786,74142408.1472,46.53,0.35,361651360,361651000.0,17804964719.85,21196380000.0
2016-09-17,PAYX,46.18,46.81,46.86,46.01,46.8,3858924,225190616.4538,46.28,1.07,361651360,361651000.0,17689524086.8,21058950000.0
2016-09-16,PAYX,46.8,46.18,46.88,45.85,46.3,1616790,94976076.3615,46.59,0.45,361651360,361651000.0,17926477754.09,21341040000.0
2016-09-15,PAYX,46.3,46.39,46.62,46.16,46.4,1721870,100735597.1757,46.4,0.48,361651360,361651000.0,17735094892.25,21113200000.0
2016-09-14,PAYX,46.4,47.26,47.31,46.17,47.46,3114273,182602578.9379,46.5,0.86,361651360,361651000.0,17774584182.89,21160210000.0
2016-09-13,PAYX,47.46,46.79,47.59,46.63,47.02,2921755,173887357.6897,47.2,0.81,361651360,361651000.0,18181662599.15,21644830000.0
2016-09-10,PAYX,47.02,48.0,48.12,47.02,48.43,3284548,196390370.6329,47.42,0.91,361651360,361651000.0,18011537850.17,21442300000.0
2016-09-09,PAYX,48.43,48.58,48.75,48.24,48.81,1366334,83572227.6439,48.51,0.38,361651360,361651000.0,18552283216.67,22086050000.0
2016-09-08,PAYX,48.81,48.44,48.87,48.2,48.57,1302824,79997044.1128,48.7,0.36,361651360,361651000.0,18695058920.57,22256020000.0
2016-09-07,PAYX,48.57,48.56,48.58,48.18,48.47,1289866,78755357.3911,48.42,0.36,361651360,361651000.0,18603926423.3,22147530000.0
2016-09-03,PAYX,48.47,48.66,48.77,48.26,48.37,1072278,65523801.1184,48.46,0.3,361651360,361651000.0,18567468928.34,22104130000.0
2016-09-02,PAYX,48.37,48.22,48.4,47.96,48.12,1214529,73876632.7929,48.24,0.34,361651360,361651000.0,18527979637.7,22057110000.0
2016-09-01,PAYX,48.12,48.07,48.22,47.9,48.19,1448141,87814253.645,48.09,0.4,361651360,361651000.0,18430765625.62,21941380000.0
2016-08-31,PAYX,48.19,48.14,48.2,47.98,48.1,841731,51048039.0915,48.1,0.23,361820160,361820000.0,18466720534.5,21984190000.0
2016-08-30,PAYX,48.1,48.12,48.23,48.03,47.98,777524,47169188.5665,48.11,0.21,361820160,361820000.0,18433288047.79,21944390000.0
2016-08-27,PAYX,47.98,48.18,48.53,47.59,48.16,1633000,98948522.502,48.05,0.45,361820160,361820000.0,18387700531.2,21890120000.0
2016-08-26,PAYX,48.16,48.15,48.36,47.98,48.13,1290354,78434173.0514,48.21,0.36,361820160,361820000.0,18457602970.4,21973330000.0
2016-08-25,PAYX,48.13,48.12,48.19,47.99,48.1,988604,59963383.1442,48.1,0.27,361820160,361820000.0,18445447940.52,21958860000.0
2016-08-24,PAYX,48.1,48.13,48.27,47.94,47.89,1171107,71080098.117,48.13,0.32,361820160,361820000.0,18433288047.79,21944390000.0
2016-08-23,PAYX,47.89,47.73,47.91,47.59,47.7,1092739,65859601.356,47.8,0.3,361820160,361820000.0,18351230578.72,21846700000.0
2016-08-20,PAYX,47.7,47.38,47.72,47.15,47.45,1974883,118506600.7681,47.59,0.55,361820160,361820000.0,18281323580.59,21763480000.0
2016-08-19,PAYX,47.45,47.13,47.47,47.03,47.16,1125519,67253367.5384,47.39,0.31,361820160,361820000.0,18184068753.01,21647700000.0
2016-08-18,PAYX,47.16,47.08,47.24,46.87,47.02,1735820,103089660.6795,47.1,0.48,361820160,361820000.0,18074654336.63,21517440000.0
2016-08-17,PAYX,47.02,47.39,47.56,47.02,47.66,1670065,99431327.931,47.22,0.46,361820160,361820000.0,18019944697.0,21452310000.0
2016-08-16,PAYX,47.66,47.6,47.78,47.5,47.61,1268159,76206088.8847,47.66,0.35,361820160,361820000.0,18266131084.94,21745390000.0
2016-08-13,PAYX,47.61,47.32,47.65,47.32,47.5,1493296,89556107.4947,47.56,0.41,360532000,360532000.0,18179897903.55,21642730000.0
2016-08-12,PAYX,47.5,47.18,47.53,47.12,47.2,1409789,84344860.5214,47.45,0.39,360532000,360532000.0,18140526294.92,21595860000.0
2016-08-11,PAYX,47.2,47.14,47.2,46.93,47.15,904648,53728218.0485,47.1,0.25,360532000,360532000.0,18022416314.57,21455250000.0
2016-08-10,PAYX,47.15,46.93,47.28,46.87,46.85,1543346,91743131.8879,47.14,0.43,360532000,360532000.0,18004246107.46,21433630000.0
2016-08-09,PAYX,46.85,47.05,47.07,46.76,47.08,1389463,82091555.4556,46.86,0.39,360532000,360532000.0,17892194276.09,21300230000.0
2016-08-06,PAYX,47.08,46.81,47.12,46.67,46.51,1316611,78058443.0014,47.02,0.37,360532000,360532000.0,17976991099.65,21401180000.0
2016-08-05,PAYX,46.51,46.31,46.57,46.18,46.4,1757221,102837675.8898,46.41,0.49,360532000,360532000.0,17758941043.2,21141590000.0
2016-08-04,PAYX,46.4,46.61,46.91,46.2,46.7,2057829,120343276.2846,46.38,0.57,360532000,360532000.0,17719569434.57,21094720000.0
2016-08-03,PAYX,46.7,46.93,47.0,46.66,47.0,2427828,143313943.9246,46.81,0.67,360532000,360532000.0,17831625808.63,21228120000.0
2016-08-02,PAYX,47.0,47.02,47.26,46.73,47.01,1859202,110014000.3262,46.93,0.52,360532000,360532000.0,17946704594.57,21365120000.0
2016-07-30,PAYX,47.01,46.92,47.04,46.48,46.95,3474522,205266761.4104,46.85,0.96,360532000,360532000.0,17952762743.55,21372330000.0
2016-07-29,PAYX,46.95,47.33,47.36,46.74,47.42,2378199,140757767.4007,46.94,0.66,360532000,360532000.0,17928534387.46,21343490000.0
2016-07-28,PAYX,47.42,48.05,48.19,47.36,48.17,3031910,183320821.0814,47.59,0.84,360532000,360532000.0,18246524520.0,21722050000.0
2016-07-27,PAYX,48.17,47.8,48.22,47.74,47.82,2135009,130297252.8951,48.03,0.59,360532000,360532000.0,18537259644.73,22068160000.0
2016-07-26,PAYX,47.82,47.69,47.82,47.58,47.8,1424464,86336198.9523,47.7,0.4,360532000,360532000.0,18400974914.57,21905920000.0
2016-07-23,PAYX,47.8,47.75,47.96,47.45,47.49,1457777,88530791.3789,47.79,0.4,360532000,360532000.0,18394921308.28,21898710000.0
2016-07-22,PAYX,47.49,47.52,47.84,47.29,47.62,1802578,108695981.5554,47.46,0.5,360532000,360532000.0,18273779830.66,21754500000.0
2016-07-21,PAYX,47.62,47.71,47.79,47.44,47.77,2618674,158341792.1723,47.59,0.73,360532000,360532000.0,18325263194.57,21815790000.0
2016-07-20,PAYX,47.77,47.85,48.01,47.6,47.82,1578467,95779945.8904,47.75,0.44,360532000,360532000.0,18382804707.46,21884290000.0
2016-07-19,PAYX,47.82,47.84,48.11,47.73,47.94,1699139,103294226.3028,47.84,0.47,360532000,360532000.0,18400974914.57,21905920000.0
2016-07-16,PAYX,47.94,48.31,48.33,47.87,48.1,1773101,108160054.6429,48.01,0.49,360532000,360532000.0,18449431626.75,21963610000.0
2016-07-15,PAYX,48.1,48.4,48.4,47.94,48.09,1635828,100096644.1214,48.16,0.45,360532000,360532000.0,18510000094.21,22035710000.0
2016-07-14,PAYX,48.09,48.13,48.26,47.94,48.02,2003636,122442809.0726,48.09,0.56,360532000,360532000.0,18506973139.65,22032110000.0
2016-07-13,PAYX,48.02,48.32,48.55,47.94,48.2,2848798,174045014.83,48.08,0.79,360532000,360532000.0,18476686634.57,21996050000.0
2016-07-12,PAYX,48.2,48.59,48.69,48.17,48.27,2719452,167129655.2648,48.37,0.75,360532000,360532000.0,18546344748.28,22078980000.0
2016-07-09,PAYX,48.27,48.06,48.4,47.8,47.68,2690326,164949792.3256,48.25,0.75,360532000,360532000.0,18573599756.09,22111430000.0
2016-07-08,PAYX,47.68,47.98,48.22,47.58,47.88,3855911,234078498.6659,47.78,1.07,360532000,360532000.0,18349491550.66,21844630000.0
2016-07-07,PAYX,47.88,48.0,48.01,47.37,47.29,3998094,242456802.2571,47.73,1.11,360532000,360532000.0,18425203270.66,21934760000.0
2016-07-06,PAYX,47.29,46.67,47.46,46.64,46.78,3608560,216194956.9349,47.15,1.0,360532000,360532000.0,18198068110.66,21664360000.0
2016-07-02,PAYX,46.78,46.52,46.91,46.06,46.83,4418164,262084176.2853,46.69,1.23,360532000,360532000.0,18001219455.74,21430020000.0
2016-07-01,PAYX,46.83,44.45,46.87,44.13,44.18,7536336,442338519.1083,46.19,2.09,360532000,360532000.0,18019389360.0,21451650000.0
2016-06-30,PAYX,44.18,43.95,44.28,43.85,43.7,3521774,197395767.2685,44.11,0.98,360120960,360121000.0,16982440183.3,20217190000.0
2016-06-29,PAYX,43.7,42.9,43.75,42.76,42.71,3700988,204608740.3782,43.51,1.03,360120960,360121000.0,16797913900.89,19997510000.0
2016-06-28,PAYX,42.71,42.73,42.99,42.33,43.0,3696600,200099911.5834,42.6,1.03,360120960,360121000.0,16416763691.84,19543760000.0
2016-06-25,PAYX,43.0,42.33,43.66,42.16,44.3,4584430,251793399.548,43.23,1.27,360120960,360121000.0,16528687773.7,19677000000.0
2016-06-24,PAYX,44.3,43.8,44.31,43.76,43.53,1447492,81087624.6598,44.09,0.4,360120960,360121000.0,17027813609.25,20271200000.0
2016-06-23,PAYX,43.53,43.77,43.8,43.43,43.69,1344785,74460740.0709,43.58,0.37,360120960,360121000.0,16731363244.98,19918290000.0
2016-06-22,PAYX,43.69,43.58,43.8,43.43,43.49,1555476,86242904.8436,43.64,0.43,360120960,360121000.0,16791862658.76,19990310000.0
2016-06-21,PAYX,43.49,43.39,43.79,43.36,42.96,1548851,85804492.9742,43.6,0.43,360120960,360121000.0,16716237257.16,19900280000.0
2016-06-18,PAYX,42.96,43.18,43.2,42.7,43.21,2229260,121693970.3025,42.96,0.62,360120960,360121000.0,16513561785.87,19659000000.0
2016-06-17,PAYX,43.21,42.79,43.29,42.59,42.91,1099661,60066566.1698,42.99,0.31,360120960,360121000.0,16607336376.35,19770640000.0
2016-06-16,PAYX,42.91,42.98,43.28,42.77,42.95,1396450,76217817.8757,42.95,0.39,360120960,360121000.0,16492389093.44,19633790000.0
2016-06-15,PAYX,42.95,42.51,42.99,42.5,42.68,1588765,86447255.2066,42.82,0.44,360120960,360121000.0,16510538282.32,19655400000.0
2016-06-14,PAYX,42.68,42.73,42.99,42.63,42.94,1774869,96501054.5247,42.79,0.49,360120960,360121000.0,16404660905.07,19529360000.0
2016-06-11,PAYX,42.94,42.77,43.21,42.66,43.45,1594931,87053893.8443,42.96,0.44,360120960,360121000.0,16504487040.18,19648200000.0
2016-06-10,PAYX,43.45,43.27,43.55,43.18,43.38,964112,53168565.1271,43.4,0.27,360120960,360121000.0,16701115806.86,19882280000.0
2016-06-09,PAYX,43.38,43.33,43.42,43.14,43.37,1479465,81440692.7642,43.32,0.41,360120960,360121000.0,16673887334.76,19849860000.0
2016-06-08,PAYX,43.37,43.25,43.63,43.22,43.22,2143972,118331185.3299,43.44,0.6,360120960,360121000.0,16670863831.21,19846260000.0
2016-06-07,PAYX,43.22,43.12,43.44,43.07,43.06,2177600,119655624.952,43.24,0.6,360120960,360121000.0,16613387920.99,19777840000.0
2016-06-04,PAYX,43.06,43.01,43.14,42.66,43.24,1870207,102088430.3171,42.96,0.52,360120960,360121000.0,16549865003.66,19702210000.0
2016-06-03,PAYX,43.24,42.83,43.25,42.64,42.86,2254450,123401588.4238,43.08,0.63,360120960,360121000.0,16619439163.12,19785040000.0
2016-06-02,PAYX,42.86,42.58,42.88,42.47,42.67,1584897,86079234.9189,42.74,0.44,360120960,360121000.0,16474239602.06,19612190000.0
2016-06-01,PAYX,42.67,42.91,42.95,42.25,42.76,2442946,132057342.5289,42.54,0.68,360120960,360121000.0,16401637704.01,19525750000.0
2016-05-28,PAYX,42.76,42.55,42.76,42.38,42.47,1711963,92734472.9014,42.63,0.48,360120960,360121000.0,16434912880.72,19565370000.0
2016-05-27,PAYX,42.47,42.15,42.54,42.1,42.24,2108320,113517443.0819,42.37,0.59,360120960,360121000.0,16326012302.41,19435730000.0
2016-05-26,PAYX,42.24,41.89,42.27,41.87,41.77,1959397,104953940.342,42.16,0.54,360120960,360121000.0,16235260912.99,19327690000.0
2016-05-25,PAYX,41.77,40.96,41.81,40.89,40.71,1886613,99718246.9709,41.6,0.52,360120960,360121000.0,16056785872.72,19115220000.0
2016-05-24,PAYX,40.71,41.0,41.07,40.7,40.95,1200723,62268892.0171,40.81,0.33,360120960,360121000.0,15648406889.07,18629050000.0
2016-05-21,PAYX,40.95,40.83,41.18,40.81,40.7,1573554,81994130.2782,41.01,0.44,360120960,360121000.0,15739158278.49,18737090000.0
2016-05-20,PAYX,40.7,40.47,40.77,40.21,40.71,1236801,63675964.8252,40.52,0.34,360120960,360121000.0,15642360184.46,18621850000.0
2016-05-19,PAYX,40.71,40.46,40.93,40.33,40.51,1405453,72582503.5728,40.64,0.39,360120960,360121000.0,15648406889.07,18629050000.0
2016-05-18,PAYX,40.51,40.91,41.03,40.37,40.97,1442097,74432965.6284,40.62,0.4,360120960,360121000.0,15569758286.41,18535420000.0
2016-05-17,PAYX,40.97,40.7,41.23,40.54,40.7,1590558,82802868.4653,40.97,0.44,360120960,360121000.0,15748233024.18,18747890000.0
2016-05-14,PAYX,40.7,41.01,41.22,40.67,41.01,1270914,66041006.193,40.9,0.35,360120960,360121000.0,15642360184.46,18621850000.0
2016-05-13,PAYX,41.01,41.22,41.33,40.85,41.09,1891318,98605759.0306,41.03,0.53,360120960,360121000.0,15763359012.01,18765900000.0
2016-05-12,PAYX,41.09,41.59,41.59,41.0,41.62,1629217,85176606.8411,41.15,0.45,360120960,360121000.0,15793610987.66,18801910000.0
2016-05-11,PAYX,41.62,41.08,41.66,40.94,40.92,1638347,86290434.0041,41.45,0.45,360120960,360121000.0,15999309962.5,19046790000.0
2016-05-10,PAYX,40.92,40.91,41.09,40.74,40.85,1316749,68465422.9212,40.92,0.37,360120960,360121000.0,15727060331.75,18722690000.0
2016-05-07,PAYX,40.85,40.18,40.85,40.18,40.29,1972946,101741076.6226,40.58,0.55,360120960,360121000.0,15702859598.23,18693880000.0
2016-05-06,PAYX,40.29,40.89,40.99,40.24,40.82,2502167,128515040.3618,40.42,0.69,360120960,360121000.0,15485058139.12,18434590000.0
2016-05-05,PAYX,40.82,40.64,40.88,40.53,40.91,1369576,71435585.8439,40.72,0.38,360120960,360121000.0,15817807183.65,18830720000.0
2016-05-04,PAYX,40.91,40.81,41.1,40.68,41.06,1503512,78675482.7512,40.85,0.42,360120960,360121000.0,15851082360.35,18870340000.0
2016-05-03,PAYX,41.06,40.78,41.11,40.69,40.69,1265681,66376737.7265,40.94,0.35,360120960,360121000.0,15911586614.15,18942360000.0
2016-04-30,PAYX,40.69,40.83,41.06,40.44,41.24,2286596,119067153.5866,40.65,0.63,360120960,360121000.0,15766382515.56,18769500000.0
2016-04-29,PAYX,41.24,41.1,41.6,40.82,41.47,1993524,105459020.3998,41.3,0.55,360120960,360121000.0,15978137270.06,19021590000.0
2016-04-28,PAYX,41.47,41.12,41.56,40.99,41.1,1619352,85716021.0115,41.32,0.45,360120960,360121000.0,16068884121.96,19129620000.0
2016-04-27,PAYX,41.1,40.99,41.23,40.85,41.04,2261799,118903239.3606,41.04,0.63,360120960,360121000.0,15926707761.95,18960360000.0
2016-04-26,PAYX,41.04,40.81,41.04,40.63,40.81,2266287,118625407.1822,40.86,0.63,360120960,360121000.0,15902511868.46,18931560000.0
2016-04-23,PAYX,40.81,40.81,41.12,40.66,40.82,1652262,86435771.7109,40.84,0.46,360120960,360121000.0,15811760479.04,18823520000.0
2016-04-22,PAYX,40.82,41.6,41.7,40.76,41.68,1979503,103956379.2672,41.0,0.55,360120960,360121000.0,15817807183.65,18830720000.0
2016-04-21,PAYX,41.68,41.99,42.02,41.6,41.81,1846981,98864269.9366,41.79,0.51,360120960,360121000.0,16150560765.7,19226860000.0
2016-04-20,PAYX,41.81,41.83,41.92,41.57,41.7,2087605,111643228.2051,41.75,0.58,360120960,360121000.0,16201985433.78,19288070000.0
2016-04-19,PAYX,41.7,41.23,41.7,40.99,41.27,1106400,58890139.2648,41.55,0.31,360120960,360121000.0,16159635511.39,19237660000.0
2016-04-16,PAYX,41.27,41.21,41.35,40.98,41.32,1364710,72075934.5051,41.23,0.38,360120960,360121000.0,15993258720.36,19039590000.0
2016-04-15,PAYX,41.32,41.49,41.57,41.24,41.42,1255658,66544222.2833,41.37,0.35,360120960,360121000.0,16011407909.24,19061200000.0
2016-04-14,PAYX,41.42,41.65,41.65,41.1,41.45,2192705,116077191.4414,41.33,0.61,360120960,360121000.0,16050734630.58,19108020000.0
2016-04-13,PAYX,41.45,41.19,41.47,40.96,41.13,1992267,105406264.7559,41.3,0.55,360120960,360121000.0,16059809376.27,19118820000.0
2016-04-12,PAYX,41.13,41.57,41.82,41.06,41.41,1654812,87588202.9632,41.32,0.46,360120960,360121000.0,15935782507.64,18971170000.0
2016-04-09,PAYX,41.41,41.56,41.71,41.27,41.27,1206809,64064182.264,41.44,0.34,360120960,360121000.0,16044683388.45,19100810000.0
2016-04-08,PAYX,41.27,41.54,41.73,41.12,41.88,2074175,109701058.1684,41.29,0.58,360120960,360121000.0,15993258720.36,19039590000.0
2016-04-07,PAYX,41.88,41.09,41.91,41.09,41.46,2041554,108836891.2741,41.62,0.57,360120960,360121000.0,16226186167.3,19316890000.0
2016-04-06,PAYX,41.46,42.56,42.56,41.42,41.73,2165704,115551788.7969,41.65,0.6,360120960,360121000.0,16065860618.41,19126020000.0
2016-04-05,PAYX,41.73,42.48,42.51,41.61,42.29,1898266,101708344.3632,41.83,0.53,360120960,360121000.0,16168709954.58,19248460000.0
2016-04-02,PAYX,42.29,41.62,42.31,41.52,42.16,2031400,109306777.8516,42.01,0.56,360120960,360121000.0,16386511716.19,19507750000.0
2016-04-01,PAYX,42.16,41.75,42.54,41.56,41.6,3154392,170427080.7896,42.18,0.88,360120960,360121000.0,16338110249.16,19450130000.0
2016-03-31,PAYX,41.6,41.84,41.88,40.85,42.54,4209324,223531125.0871,41.46,1.17,360120960,360121000.0,16120308790.05,19190840000.0
2016-03-30,PAYX,42.54,42.17,42.6,42.16,42.29,2132794,115822666.3776,42.4,0.59,360120960,360121000.0,16483314347.75,19622990000.0
2016-03-29,PAYX,42.29,42.21,42.45,41.93,42.15,1799496,97389621.4685,42.25,0.5,360120960,360121000.0,16386511716.19,19507750000.0
2016-03-25,PAYX,42.15,42.0,42.23,41.81,42.12,1415321,76242644.5167,42.06,0.39,360120960,360121000.0,16332063544.55,19442930000.0
2016-03-24,PAYX,42.12,42.21,42.34,42.02,42.2,1417387,76573913.1284,42.18,0.39,360120960,360121000.0,16319960757.78,19428520000.0
2016-03-23,PAYX,42.2,42.09,42.27,41.71,42.35,1350369,72874822.325,42.13,0.37,360120960,360121000.0,16350213035.93,19464540000.0
2016-03-22,PAYX,42.35,42.11,42.4,41.82,42.15,1010933,54671968.3368,42.22,0.28,360120960,360121000.0,16410712147.2,19536560000.0
2016-03-19,PAYX,42.15,42.52,42.52,41.97,42.34,2473355,133860188.7261,42.25,0.69,360120960,360121000.0,16332063544.55,19442930000.0
2016-03-18,PAYX,42.34,41.61,42.51,41.38,41.61,2179706,117866965.4758,42.22,0.61,360120960,360121000.0,16404660905.07,19529360000.0
2016-03-17,PAYX,41.61,41.2,41.67,41.19,41.48,1099852,58424469.2955,41.47,0.31,360120960,360121000.0,16123336831.13,19194450000.0
2016-03-16,PAYX,41.48,41.07,41.54,40.91,41.38,1320731,70040742.2458,41.4,0.37,360120960,360121000.0,16071911860.54,19133230000.0
2016-03-15,PAYX,41.38,41.14,41.46,41.02,41.34,1309383,69315323.7679,41.33,0.36,360120960,360121000.0,16035608642.76,19090010000.0
2016-03-12,PAYX,41.34,40.97,41.42,40.6,40.49,1792962,94825629.1956,41.29,0.5,360120960,360121000.0,16017459151.38,19068400000.0
2016-03-11,PAYX,40.49,40.82,41.17,40.15,40.69,1550414,80388195.3442,40.48,0.43,360120960,360121000.0,15690757113.96,18679470000.0
2016-03-10,PAYX,40.69,40.84,40.89,40.56,40.63,1434352,74765445.9587,40.69,0.4,360120960,360121000.0,15766382515.56,18769500000.0
2016-03-09,PAYX,40.63,40.52,40.97,40.48,41.06,1431905,74733136.6403,40.75,0.4,360120960,360121000.0,15742181782.05,18740690000.0
2016-03-08,PAYX,41.06,40.79,41.23,40.6,41.05,1712803,89981773.3212,41.01,0.48,360120960,360121000.0,15908558573.07,18938760000.0
2016-03-05,PAYX,41.05,41.01,41.22,40.61,40.95,1557775,81748603.3372,40.97,0.43,360120960,360121000.0,15905535069.52,18935160000.0
2016-03-04,PAYX,40.95,40.71,40.97,40.46,40.76,2068060,108103690.0397,40.81,0.57,360120960,360121000.0,15866208348.18,18888340000.0
2016-03-03,PAYX,40.76,40.92,40.96,40.54,41.07,2313492,120631016.0068,40.71,0.64,360120960,360121000.0,15793610987.66,18801910000.0
2016-03-02,PAYX,41.07,40.52,41.07,40.33,40.12,1975768,103391552.1895,40.85,0.55,360120960,360121000.0,15914609815.21,18945960000.0
2016-03-01,PAYX,40.12,40.31,40.66,40.1,40.35,2119236,109348356.0819,40.28,0.59,360120960,360121000.0,16470888359.62,18506610000.0
2016-02-27,PAYX,40.35,40.98,40.99,40.25,40.7,1668088,86447663.0834,40.46,0.46,360946080,360946000.0,16601784890.12,18653690000.0
2016-02-26,PAYX,40.7,40.36,40.72,40.12,40.31,1412976,73177047.8476,40.43,0.39,360946080,360946000.0,16749558463.97,18819730000.0
2016-02-25,PAYX,40.31,39.82,40.34,39.55,40.14,1601261,81994503.8283,39.98,0.44,360946080,360946000.0,16585726644.47,18635640000.0
2016-02-24,PAYX,40.14,40.22,40.64,40.1,40.53,1722158,88908299.4016,40.3,0.48,360946080,360946000.0,16518263894.66,18559840000.0
2016-02-23,PAYX,40.53,40.25,40.55,40.09,40.01,2608214,134947177.0431,40.39,0.72,360946080,360946000.0,16678884900.26,18740320000.0
2016-02-20,PAYX,40.01,39.56,40.05,39.39,39.7,2383471,121698825.6071,39.86,0.66,360946080,360946000.0,16463653074.0,18498480000.0
2016-02-19,PAYX,39.7,39.32,39.83,39.23,39.51,2522757,128241329.8321,39.69,0.7,360946080,360946000.0,16335158518.21,18354110000.0
2016-02-18,PAYX,39.51,39.07,39.62,39.07,39.03,2492616,125850676.2999,39.42,0.69,360946080,360946000.0,16258058508.07,18267480000.0
2016-02-17,PAYX,39.03,37.96,39.09,37.96,38.21,2847217,141817615.2325,38.89,0.79,360946080,360946000.0,16058890067.34,18043690000.0
2016-02-13,PAYX,38.21,37.73,38.36,37.41,37.27,3150525,153737123.0341,38.1,0.87,360946080,360946000.0,15721584991.85,17664700000.0
2016-02-12,PAYX,37.27,35.98,37.58,35.97,36.67,5241879,248396888.7217,36.99,1.45,360946080,360946000.0,15336095542.14,17231570000.0
2016-02-11,PAYX,36.67,36.88,37.31,36.56,36.43,2651299,125434811.5993,36.93,0.73,360946080,360946000.0,15088737908.55,16953630000.0
2016-02-10,PAYX,36.43,36.21,36.79,36.18,36.54,3261967,152464008.1213,36.49,0.9,360946080,360946000.0,14989153527.56,16841740000.0
2016-02-09,PAYX,36.54,36.17,36.65,35.78,36.72,3938992,182717635.8828,36.21,1.09,360946080,360946000.0,15037337901.79,16895880000.0
2016-02-06,PAYX,36.72,37.45,37.6,36.48,37.43,3699406,174166181.0776,36.75,1.02,360946080,360946000.0,15111222279.4,16978900000.0
2016-02-05,PAYX,37.43,37.29,37.86,36.97,37.55,3019257,144190946.3977,37.28,0.84,360946080,360946000.0,15400342980.65,17303750000.0
2016-02-04,PAYX,37.55,37.85,37.99,37.0,37.75,4934363,236026855.8192,37.34,1.37,360946080,360946000.0,15451742987.41,17361510000.0
2016-02-03,PAYX,37.75,37.31,37.76,36.93,37.75,6965492,333747362.9193,37.41,1.93,360946080,360946000.0,15532053490.21,17451740000.0
2016-02-02,PAYX,37.75,37.26,37.82,37.01,37.36,3464808,166932048.3281,37.61,0.96,360946080,360946000.0,15532053490.21,17451740000.0
2016-01-30,PAYX,37.36,36.55,37.36,36.43,36.24,4151824,196717182.6725,36.99,1.15,360946080,360946000.0,15374642977.27,17274880000.0
2016-01-29,PAYX,36.24,36.84,36.84,36.07,36.37,2836546,131880951.451,36.3,0.79,360946080,360946000.0,14913661654.93,16756920000.0
2016-01-28,PAYX,36.37,36.91,37.15,36.19,36.91,2579735,122106343.941,36.62,0.71,360946080,360946000.0,15101585340.3,16968070000.0
2016-01-27,PAYX,36.91,36.93,37.14,36.7,36.68,1989075,94872711.3675,36.9,0.55,360946080,360946000.0,15326458603.05,17220740000.0
2016-01-26,PAYX,36.68,37.17,37.25,36.6,37.29,2094653,100051324.6729,36.96,0.58,360946080,360946000.0,15230085035.96,17112450000.0
2016-01-23,PAYX,37.29,37.29,37.78,37.03,36.67,4049831,195808923.8669,37.41,1.12,360946080,360946000.0,15480653483.45,17393990000.0
2016-01-22,PAYX,36.67,36.32,36.99,35.78,36.09,4442891,210380205.5924,36.64,1.23,360946080,360946000.0,15223658910.77,17105230000.0
2016-01-21,PAYX,36.09,36.27,36.54,35.41,36.75,4216902,196011303.8346,35.96,1.17,360946080,360946000.0,14985937895.03,16838130000.0
2016-01-20,PAYX,36.75,36.67,36.86,36.35,36.13,4061515,192129569.0465,36.6,1.13,360946080,360946000.0,15258995532.0,17144930000.0
2016-01-16,PAYX,36.13,35.64,36.22,35.63,36.61,3381690,157239092.5962,35.98,0.94,360946080,360946000.0,15002000959.31,16856180000.0
2016-01-15,PAYX,36.61,36.1,36.89,35.96,35.88,2887902,136339282.9315,36.53,0.8,360946080,360946000.0,15201174539.92,17079970000.0
2016-01-14,PAYX,35.88,36.93,36.94,35.85,36.72,3974762,186801078.8626,36.36,1.1,360946080,360946000.0,14899206085.67,16740680000.0
2016-01-13,PAYX,36.72,36.88,36.88,36.2,36.69,5207055,246195277.7464,36.58,1.44,360946080,360946000.0,15246148100.25,17130500000.0
2016-01-12,PAYX,36.69,36.88,37.08,36.31,36.8,5280688,250015794.5312,36.63,1.46,360946080,360946000.0,15233295849.86,17116060000.0
2016-01-09,PAYX,36.8,37.54,37.73,36.71,37.47,5430977,260770516.7529,37.15,1.5,360946080,360946000.0,15278269410.19,17166590000.0
2016-01-08,PAYX,37.47,37.48,38.19,36.96,39.29,7593832,370025388.4657,37.7,2.1,360946080,360946000.0,15557748353.72,17480610000.0
2016-01-07,PAYX,39.29,39.37,39.59,39.22,39.85,2524105,128424435.5437,39.37,0.7,360946080,360946000.0,16312669007.49,18328840000.0
2016-01-06,PAYX,39.85,40.14,40.25,39.65,39.88,2923013,150609431.5683,39.87,0.81,360946080,360946000.0,16547174390.7,18592330000.0
2016-01-05,PAYX,39.88,40.23,40.32,39.48,40.92,3016018,155164776.4442,39.81,0.84,360946080,360946000.0,16560026962.33,18606770000.0
2016-01-01,PAYX,40.92,41.35,41.58,40.71,41.61,1984834,105252384.7112,41.03,0.55,360946080,360946000.0,16990489972.37,19090430000.0
2015-12-31,PAYX,41.61,42.01,42.17,41.6,41.98,1346443,72793287.8326,41.83,0.37,360946080,360946000.0,17276395041.09,19411680000.0
2015-12-30,PAYX,41.98,41.78,42.2,41.73,41.62,1622235,88057512.9982,42.0,0.45,360946080,360946000.0,17430589921.5,19584930000.0
2015-12-29,PAYX,41.62,41.45,41.66,41.29,41.64,1273630,68344642.7926,41.52,0.35,360946080,360946000.0,17279605855.0,19415290000.0
2015-12-25,PAYX,41.64,41.81,41.86,41.42,41.74,833573,44828639.8433,41.61,0.23,360946080,360946000.0,17289247612.72,19426120000.0
2015-12-24,PAYX,41.74,40.86,41.84,40.84,40.78,2244149,120597429.9397,41.58,0.62,360946080,360946000.0,17331005540.51,19473040000.0
2015-12-23,PAYX,40.78,41.0,41.01,39.54,40.7,3861553,202122569.4535,40.5,1.07,360946080,360946000.0,16932668659.05,19025470000.0
2015-12-22,PAYX,40.7,40.92,41.01,40.33,40.58,3609460,189550791.9,40.63,1.0,360946080,360946000.0,16897332037.81,18985760000.0
2015-12-19,PAYX,40.58,41.2,41.2,40.53,41.28,5866992,308891279.409,40.74,1.63,360946080,360946000.0,16849142523.71,18931620000.0
2015-12-18,PAYX,41.28,41.87,42.01,41.28,41.83,2234955,119932810.0518,41.52,0.62,360946080,360946000.0,17138263546.21,19256470000.0
2015-12-17,PAYX,41.83,41.39,41.91,41.17,41.07,2087082,112036872.1598,41.53,0.58,360946080,360946000.0,17366342482.99,19512740000.0
2015-12-16,PAYX,41.07,41.2,41.34,40.85,40.84,2550499,135486075.0281,41.1,0.71,360946080,360946000.0,17051526596.98,19159020000.0
2015-12-15,PAYX,40.84,40.62,41.01,40.45,40.43,1865034,98050999.4523,40.68,0.52,360946080,360946000.0,16955153029.89,19050730000.0
2015-12-12,PAYX,40.43,41.34,41.34,40.29,41.09,2447108,128215489.5276,40.54,0.68,360946080,360946000.0,16784895085.2,18859430000.0
2015-12-11,PAYX,41.09,41.06,41.38,40.84,41.0,1697216,90272386.7937,41.15,0.47,360946080,360946000.0,17061163536.07,19169840000.0
2015-12-10,PAYX,41.0,41.19,41.65,40.84,41.38,1832635,97362958.5987,41.11,0.51,360946080,360946000.0,17022616100.94,19126530000.0
2015-12-09,PAYX,41.38,41.17,41.49,40.98,41.4,1628022,86916840.164,41.31,0.45,360946080,360946000.0,17180021474.01,19303390000.0
2015-12-08,PAYX,41.4,41.48,41.63,41.14,41.56,1295920,69233621.4478,41.33,0.36,360946080,360946000.0,17189658413.1,19314220000.0
2015-12-05,PAYX,41.56,40.93,41.6,40.81,40.74,2501414,133610037.1189,41.33,0.69,360946080,360946000.0,17253910670.25,19386410000.0
2015-12-04,PAYX,40.74,41.76,41.77,40.62,41.71,3371227,178311295.8341,40.92,0.93,360946080,360946000.0,16913389962.23,19003800000.0
2015-12-03,PAYX,41.71,41.71,42.08,41.59,41.9,2699475,145754640.608,41.78,0.75,360946080,360946000.0,17318158108.76,19458600000.0
2015-12-02,PAYX,41.9,41.97,42.38,41.7,41.97,2096837,113589656.8613,41.91,0.58,360946080,360946000.0,17395252979.03,19545220000.0
2015-12-01,PAYX,41.97,41.9,42.09,41.76,41.83,2268987,122992938.4897,41.94,0.63,360946080,360946000.0,17427379107.6,19581320000.0
2015-11-28,PAYX,41.83,42.03,42.12,41.8,42.09,937621,50750797.516,41.88,0.26,360539840,360540000.0,17346796896.1,19490780000.0
2015-11-26,PAYX,42.09,41.97,42.15,41.84,41.92,1379415,74927055.6935,42.03,0.38,360539840,360540000.0,17455894968.16,19613360000.0
2015-11-25,PAYX,41.92,41.87,42.04,41.37,42.02,2044099,110272804.3431,41.74,0.57,360539840,360540000.0,17385300946.6,19534040000.0
2015-11-24,PAYX,42.02,42.12,42.18,41.81,42.12,1549603,84047520.9247,41.96,0.43,360539840,360540000.0,17427017010.5,19580910000.0
2015-11-21,PAYX,42.12,42.13,42.2,41.88,41.82,2333690,127023442.1396,42.11,0.65,360539840,360540000.0,17468733074.39,19627790000.0
2015-11-20,PAYX,41.82,41.74,41.94,41.63,41.73,2103863,113646675.6087,41.79,0.58,360539840,360540000.0,17343590016.8,19487180000.0
2015-11-19,PAYX,41.73,41.26,41.75,41.05,41.26,2027128,108670900.1523,41.48,0.56,360539840,360540000.0,17305080832.2,19443910000.0
2015-11-18,PAYX,41.26,41.15,41.36,40.7,41.29,2205590,117440164.0828,41.2,0.61,360539840,360540000.0,17112555445.57,19227590000.0
2015-11-17,PAYX,41.29,40.55,41.32,40.55,40.51,2270528,120370239.1208,41.02,0.63,360539840,360540000.0,17122181538.42,19238400000.0
2015-11-14,PAYX,40.51,40.88,41.08,40.44,40.89,2351809,123484076.2986,40.62,0.65,360539840,360540000.0,16801301080.82,18877860000.0
2015-11-13,PAYX,40.89,41.07,41.3,40.88,41.14,2004561,106306670.7536,41.03,0.56,360539840,360540000.0,16958534430.32,19054530000.0
2015-11-12,PAYX,41.14,41.1,41.46,41.09,41.09,1795410,95661060.669,41.22,0.5,360539840,360540000.0,17061213609.71,19169900000.0
2015-11-11,PAYX,41.09,40.8,41.12,40.74,40.8,1760007,93247823.1905,40.99,0.49,360539840,360540000.0,17041961424.02,19148270000.0
2015-11-10,PAYX,40.8,40.59,40.88,40.28,40.85,2085456,109469956.5558,40.61,0.58,360539840,360540000.0,16920025245.73,19011260000.0
2015-11-07,PAYX,40.85,40.55,40.98,40.42,40.65,2425036,127844017.8624,40.79,0.67,360539840,360540000.0,16942489444.8,19036500000.0
2015-11-06,PAYX,40.65,40.15,40.8,40.05,40.09,2885877,151203205.1699,40.54,0.8,360539840,360540000.0,16859057317.02,18942760000.0
2015-11-05,PAYX,40.09,40.04,40.23,39.92,40.03,1537622,79705416.3906,40.11,0.43,360539840,360540000.0,16628027879.88,18683180000.0
2015-11-04,PAYX,40.03,40.0,40.21,39.82,40.16,2065227,106775350.2623,40.0,0.57,360539840,360540000.0,16602356801.51,18654330000.0
2015-11-03,PAYX,40.16,40.01,40.21,39.89,39.91,1250740,64805093.1667,40.09,0.35,360539840,360540000.0,16656905837.54,18715620000.0
2015-10-31,PAYX,39.91,40.06,40.28,39.82,40.05,2248431,116251974.8032,40.0,0.62,360539840,360540000.0,16551014644.77,18596640000.0
2015-10-30,PAYX,40.05,39.9,40.09,39.8,40.09,1551665,80152509.3203,39.97,0.43,360539840,360540000.0,16608770880.97,18661540000.0
2015-10-29,PAYX,40.09,40.03,40.2,39.6,39.98,2604557,135657814.8063,39.97,0.72,360539840,360540000.0,16762797030.31,18834600000.0
2015-10-28,PAYX,39.98,39.88,40.02,39.65,40.02,2272804,118147174.8776,39.9,0.63,360539840,360540000.0,16714662073.74,18780520000.0
2015-10-27,PAYX,40.02,39.86,40.07,39.64,39.74,2247789,116995401.1833,39.95,0.62,360539840,360540000.0,16733913938.56,18802150000.0
2015-10-24,PAYX,39.74,39.85,39.87,39.46,39.6,2424627,125332381.0802,39.67,0.67,360539840,360540000.0,16616795780.34,18670550000.0
2015-10-23,PAYX,39.6,38.78,39.75,38.77,38.61,3620889,185977925.7461,39.42,1.0,360539840,360540000.0,16557433858.32,18603860000.0
2015-10-22,PAYX,38.61,38.89,39.1,38.51,38.69,1834809,92762983.5513,38.8,0.51,360539840,360540000.0,16143495180.1,18138750000.0
2015-10-21,PAYX,38.69,38.57,38.92,38.38,38.73,1600113,80674985.2685,38.7,0.44,360539840,360540000.0,16175585151.14,18174810000.0
2015-10-20,PAYX,38.73,38.56,38.93,38.38,38.55,1932367,97465884.2338,38.71,0.54,360539840,360540000.0,16191630136.66,18192840000.0
2015-10-17,PAYX,38.55,38.32,38.64,38.04,38.27,1862410,93277681.8168,38.44,0.52,360539840,360540000.0,16117824101.73,18109910000.0
2015-10-16,PAYX,38.27,37.66,38.27,37.66,38.02,1799555,89489528.9289,38.17,0.5,360539840,360540000.0,16002307136.99,17980120000.0
2015-10-15,PAYX,38.02,38.3,38.37,37.94,38.21,1479081,73520522.4844,38.15,0.41,360539840,360540000.0,15896415944.22,17861140000.0
2015-10-14,PAYX,38.21,38.46,38.53,38.09,38.61,2248746,112090532.1231,38.26,0.62,360539840,360540000.0,15973428858.45,17947670000.0
2015-10-13,PAYX,38.61,38.48,38.71,38.31,38.42,1496549,75206223.5588,38.57,0.42,360539840,360540000.0,16143495180.1,18138750000.0
2015-10-10,PAYX,38.42,38.41,38.6,38.34,38.34,3197922,160215914.5855,38.45,0.89,360539840,360540000.0,16063275065.7,18048620000.0
2015-10-09,PAYX,38.34,37.9,38.42,37.83,37.97,2123238,105541056.7158,38.15,0.59,360539840,360540000.0,16031189907.86,18012570000.0
2015-10-08,PAYX,37.97,37.51,37.97,37.44,37.25,2485166,122326322.0109,37.78,0.69,360539840,360540000.0,15873956879.23,17835900000.0
2015-10-07,PAYX,37.25,37.53,37.69,37.15,37.36,3371117,164333519.2153,37.41,0.94,360539840,360540000.0,15572328286.45,17496990000.0
2015-10-06,PAYX,37.36,37.14,37.43,36.76,36.66,3138693,152370051.9088,37.26,0.87,360539840,360540000.0,15620458429.8,17551070000.0
2015-10-03,PAYX,36.66,36.36,36.72,35.6,36.95,6231481,294029944.6241,36.21,1.73,360539840,360540000.0,15328461063.95,17222990000.0
2015-10-02,PAYX,36.95,36.41,36.99,36.37,36.56,4031452,193002136.1932,36.74,1.12,360539840,360540000.0,15447185228.86,17356380000.0
2015-10-01,PAYX,36.56,35.77,36.61,35.48,35.31,4411145,207989902.3061,36.19,1.22,360539840,360540000.0,15283537799.89,17172510000.0
2015-09-30,PAYX,35.31,35.05,35.36,34.96,35.12,2907171,133379822.2614,35.21,0.81,360539840,360540000.0,14763708249.77,16588430000.0
2015-09-29,PAYX,35.12,35.83,35.91,35.07,35.83,2615526,120522925.4369,35.37,0.73,360539840,360540000.0,14683488135.37,16498300000.0
2015-09-26,PAYX,35.83,35.93,36.14,35.61,35.57,2796918,130839566.7235,35.9,0.78,360539840,360540000.0,14981909527.99,16833600000.0
2015-09-25,PAYX,35.57,35.37,35.72,35.14,35.6,1994525,92134692.934,35.45,0.55,360539840,360540000.0,14869599442.54,16707410000.0
2015-09-24,PAYX,35.6,35.34,35.77,35.3,35.33,1501905,69584614.8702,35.56,0.42,360539840,360540000.0,14885644428.06,16725440000.0
2015-09-23,PAYX,35.33,35.33,35.6,35.08,35.8,2027301,93036895.4647,35.22,0.56,360539840,360540000.0,14770127142.45,16595640000.0
2015-09-22,PAYX,35.8,35.84,36.13,35.63,35.71,1969688,92055746.0934,35.87,0.55,360539840,360540000.0,14969071421.76,16819180000.0
2015-09-19,PAYX,35.71,35.41,36.12,35.33,35.83,4849695,225910422.6686,35.75,1.35,360539840,360540000.0,14930567371.25,16775920000.0
2015-09-18,PAYX,35.83,35.45,36.11,35.36,35.52,3175024,148042180.6005,35.79,0.88,360539840,360540000.0,14981909527.99,16833600000.0
2015-09-17,PAYX,35.52,35.21,35.7,35.09,35.28,1627482,75318722.8402,35.52,0.45,360539840,360540000.0,14850347256.85,16685780000.0
2015-09-16,PAYX,35.28,34.91,35.42,34.75,34.78,1972115,90504901.103,35.22,0.55,360539840,360540000.0,14750875277.63,16574020000.0
2015-09-15,PAYX,34.78,35.07,35.09,34.71,35.08,1567736,71160325.6112,34.84,0.43,360539840,360540000.0,14539092892.1,16336060000.0
2015-09-12,PAYX,35.08,34.66,35.1,34.56,34.77,1567052,71299145.3769,34.92,0.43,360539840,360540000.0,14667447963.06,16480270000.0
2015-09-11,PAYX,34.77,34.7,35.14,34.64,34.8,2434946,110602303.7935,34.86,0.68,360539840,360540000.0,14535886012.8,16332450000.0
2015-09-10,PAYX,34.8,35.26,35.29,34.71,34.98,2292934,104682535.1813,35.04,0.64,360539840,360540000.0,14548718984.94,16346870000.0
2015-09-09,PAYX,34.98,34.56,35.0,34.15,34.01,1866598,84371164.7656,34.69,0.52,360539840,360540000.0,14625731899.17,16433400000.0
2015-09-05,PAYX,34.01,33.64,34.19,33.64,34.31,1659014,73510756.0517,34.01,0.46,360539840,360540000.0,14218212434.5,15975520000.0
2015-09-04,PAYX,34.31,34.2,34.54,34.18,34.15,1501182,67216767.6079,34.37,0.42,360539840,360540000.0,14343355492.08,16116130000.0
2015-09-03,PAYX,34.15,33.94,34.15,33.55,33.36,2000352,88328349.0539,33.89,0.55,360539840,360540000.0,14275973483.91,16040410000.0
2015-09-02,PAYX,33.36,33.62,33.97,33.15,34.28,2863894,125087747.3684,33.52,0.79,360539840,360540000.0,13945466933.46,15669060000.0
2015-09-01,PAYX,34.28,34.38,34.58,34.22,34.5,2209458,98954328.1897,34.37,0.61,360539840,360540000.0,14330522519.94,16101710000.0
2015-08-29,PAYX,34.5,34.5,34.82,34.31,34.73,2622308,117819760.8669,34.48,0.73,361200000,361200000.0,14449985635.6,16235930000.0
2015-08-28,PAYX,34.73,34.57,34.93,34.15,34.25,2642014,119026167.9602,34.58,0.73,361200000,361200000.0,14546427000.0,16344300000.0
2015-08-27,PAYX,34.25,33.75,34.28,33.15,32.94,3443735,151682087.1691,33.8,0.95,361200000,361200000.0,14343900874.13,16116740000.0
2015-08-26,PAYX,32.94,34.5,34.5,32.94,33.76,5178836,227190377.1993,33.67,1.43,361200000,361200000.0,13797406238.53,15502700000.0
2015-08-25,PAYX,33.76,33.08,34.43,31.92,35.07,5152063,226730947.7873,33.78,1.43,361200000,361200000.0,14141379248.81,15889190000.0
2015-08-22,PAYX,35.07,36.07,36.25,35.06,36.3,2869877,132747007.2487,35.5,0.79,361200000,361200000.0,14687873884.4,16503230000.0
2015-08-21,PAYX,36.3,36.62,36.82,36.28,36.85,1545616,73361739.1616,36.43,0.43,361200000,361200000.0,15205437685.87,17084760000.0
2015-08-20,PAYX,36.85,36.95,37.18,36.59,37.18,1520198,72937122.2624,36.82,0.42,361200000,361200000.0,15433677072.66,17341210000.0
2015-08-19,PAYX,37.18,37.02,37.32,37.01,37.12,1079325,52282604.4566,37.18,0.3,361200000,361200000.0,15575123635.6,17500140000.0
2015-08-18,PAYX,37.12,36.94,37.15,36.64,37.07,1609252,77602799.8801,37.01,0.45,361200000,361200000.0,15549405874.13,17471240000.0
2015-08-15,PAYX,37.07,37.05,37.14,36.84,36.94,1259830,60793102.9491,37.04,0.35,361206240,361206000.0,15527173924.77,17446260000.0
2015-08-14,PAYX,36.94,36.67,37.09,36.56,36.69,1807983,86991830.6621,36.93,0.5,361206240,361206000.0,15472523742.14,17384860000.0
2015-08-13,PAYX,36.69,36.3,36.82,36.23,36.75,1930822,92023161.8789,36.58,0.53,361206240,361206000.0,15369649954.67,17269270000.0
2015-08-12,PAYX,36.75,36.71,37.05,36.5,36.92,2145930,103017738.7567,36.84,0.59,361206240,361206000.0,15392155353.74,17294550000.0
2015-08-11,PAYX,36.92,36.74,37.12,36.74,36.55,1388749,66904089.908,36.97,0.38,361206240,361206000.0,15462880178.47,17374020000.0
2015-08-08,PAYX,36.55,36.3,36.59,36.24,36.5,1774444,84324240.546,36.47,0.49,361206240,361206000.0,15308569336.54,17200640000.0
2015-08-07,PAYX,36.5,37.22,37.22,36.35,37.05,2189237,104404719.0977,36.6,0.61,361206240,361206000.0,15289281566.27,17178960000.0
2015-08-06,PAYX,37.05,36.84,37.35,36.72,36.6,2692193,130074133.9904,37.08,0.75,361206240,361206000.0,15517530039.64,17435420000.0
2015-08-05,PAYX,36.6,36.56,37.15,35.53,36.47,3880413,186130629.5296,36.81,1.07,361206240,361206000.0,15331074735.6,17225920000.0
2015-08-04,PAYX,36.47,35.43,36.61,35.26,35.61,4018792,188956382.0896,36.09,1.11,361206240,361206000.0,15276424874.44,17164520000.0
2015-08-01,PAYX,35.61,35.65,35.7,35.4,35.48,1961606,91019705.1716,35.61,0.54,361206240,361206000.0,14916370958.2,16759960000.0
2015-07-31,PAYX,35.48,35.48,35.74,35.08,35.53,2654008,122873938.034,35.53,0.73,361206240,361206000.0,14861721097.03,16698560000.0
2015-07-30,PAYX,35.53,35.41,35.66,35.2,35.45,2281886,106249620.8998,35.41,0.63,361206240,361206000.0,15016031938.97,16871940000.0
2015-07-29,PAYX,35.45,35.35,35.47,35.11,35.2,1439384,66921560.9919,35.36,0.4,361206240,361206000.0,14983882654.77,16835820000.0
2015-07-28,PAYX,35.2,34.99,35.35,34.49,35.07,2188782,101081010.4885,35.13,0.61,361206240,361206000.0,14877795739.13,16716620000.0
2015-07-25,PAYX,35.07,35.39,35.61,35.01,35.48,2246600,103789761.2804,35.14,0.62,361206240,361206000.0,14823145877.97,16655220000.0
2015-07-24,PAYX,35.48,35.92,35.94,35.44,35.95,1636506,76558871.4969,35.58,0.45,361206240,361206000.0,14996739346.6,16850270000.0
2015-07-23,PAYX,35.95,35.93,36.17,35.88,35.95,1234493,58395969.2473,35.98,0.34,361206240,361206000.0,15196056486.04,17074220000.0
2015-07-22,PAYX,35.95,35.96,36.04,35.78,35.98,1677025,79189123.854,35.92,0.46,361206240,361206000.0,15196056486.04,17074220000.0
2015-07-21,PAYX,35.98,36.21,36.23,35.85,36.09,2103170,99580459.907,36.01,0.58,361206240,361206000.0,15205700371.17,17085050000.0
2015-07-18,PAYX,36.09,36.37,36.37,35.93,36.44,2456018,116538046.7319,36.09,0.68,361206240,361206000.0,15253919153.9,17139230000.0
2015-07-17,PAYX,36.44,36.26,36.47,36.01,36.33,2798216,133504827.3219,36.29,0.77,361206240,361206000.0,15401799238.87,17305390000.0
2015-07-16,PAYX,36.33,36.68,36.79,36.26,36.64,2484589,119109951.8809,36.46,0.69,361206240,361206000.0,15353575312.57,17251210000.0
2015-07-15,PAYX,36.64,36.79,36.8,36.52,36.8,1271517,61259526.2096,36.64,0.35,361206240,361206000.0,15485380755.44,17399300000.0
2015-07-14,PAYX,36.8,36.49,36.84,36.49,36.34,1553912,75038401.1565,36.73,0.43,361206240,361206000.0,15556105258.7,17478770000.0
2015-07-11,PAYX,36.34,36.47,36.59,36.18,36.07,1371778,65616938.8477,36.38,0.38,361206240,361206000.0,15360006069.53,17258430000.0
2015-07-10,PAYX,36.07,36.37,36.61,36.0,35.99,1923118,91493302.3321,36.19,0.53,361206240,361206000.0,15247488396.93,17132010000.0
2015-07-09,PAYX,35.99,36.25,36.44,35.97,36.52,2079424,98751224.0122,36.12,0.58,361206240,361206000.0,15212131128.14,17092280000.0
2015-07-08,PAYX,36.52,36.7,36.85,35.96,36.64,2936802,140390304.258,36.36,0.81,361206240,361206000.0,15433943700.97,17341510000.0
2015-07-07,PAYX,36.64,36.12,36.7,36.04,36.24,3088364,148241144.6334,36.51,0.86,361206240,361206000.0,15485380755.44,17399300000.0
2015-07-03,PAYX,36.24,36.36,36.65,35.96,35.98,3003525,142749154.4047,36.15,0.83,361206240,361206000.0,15316609068.64,17209670000.0
2015-07-02,PAYX,35.98,34.99,36.38,33.75,35.66,4253231,200036654.6501,35.77,1.18,361206240,361206000.0,15208913177.87,17088660000.0
2015-07-01,PAYX,35.66,35.82,36.11,35.38,35.59,3013307,141235202.7302,35.65,0.83,361206240,361206000.0,15070681800.14,16933350000.0
2015-06-30,PAYX,35.59,36.17,36.33,35.56,36.5,2111304,99694071.0577,35.91,0.58,363228160,363228000.0,15127562631.73,16997260000.0
2015-06-27,PAYX,36.5,36.77,36.9,36.35,36.68,1675225,80583676.5191,36.59,0.46,363228160,363228000.0,15513876204.21,17431320000.0
2015-06-26,PAYX,36.68,36.65,36.82,36.53,36.62,1744848,84184018.2117,36.7,0.48,363228160,363228000.0,15591458506.46,17518490000.0
2015-06-25,PAYX,36.62,37.0,37.08,36.57,37.12,1346637,65004722.5604,36.72,0.37,363228160,363228000.0,15563983205.61,17487620000.0
2015-06-24,PAYX,37.12,37.14,37.17,36.96,37.11,1240759,60489481.5272,37.08,0.34,363228160,363228000.0,15775726738.21,17725530000.0
2015-06-23,PAYX,37.11,36.77,37.31,36.74,36.58,1814740,88541540.2512,37.11,0.5,363228160,363228000.0,15772490774.86,17721890000.0
2015-06-20,PAYX,36.58,36.7,36.78,36.51,36.69,2446002,117822681.109,36.64,0.67,363228160,363228000.0,15549436564.35,17471270000.0
2015-06-19,PAYX,36.69,36.42,36.82,36.42,36.35,1803400,86948036.543,36.67,0.5,363228160,363228000.0,15594694469.81,17522130000.0
2015-06-18,PAYX,36.35,36.43,36.53,36.21,36.29,997022,47659739.3641,36.36,0.27,363228160,363228000.0,15450835694.13,17360490000.0
2015-06-17,PAYX,36.29,35.95,36.42,35.85,36.12,1062238,50628488.4686,36.25,0.29,363228160,363228000.0,15423360070.02,17329620000.0
2015-06-16,PAYX,36.12,36.31,36.35,35.88,36.5,1701082,80708342.4124,36.09,0.47,363228160,363228000.0,15352239673.01,17249700000.0
2015-06-13,PAYX,36.5,36.46,36.7,36.42,36.7,1587162,76297093.0182,36.56,0.44,363228160,363228000.0,15515489336.8,17433130000.0
2015-06-12,PAYX,36.7,36.58,36.84,36.35,36.58,2313748,111627468.6981,36.69,0.64,363228160,363228000.0,15597925260.8,17525750000.0
2015-06-11,PAYX,36.58,36.41,36.78,36.35,36.27,1816780,87540459.6823,36.65,0.5,363228160,363228000.0,15549436564.35,17471270000.0
2015-06-10,PAYX,36.27,36.57,36.58,36.24,36.55,1965545,93905101.5297,36.34,0.54,363228160,363228000.0,15416893315.68,17322350000.0
2015-06-09,PAYX,36.55,36.74,36.89,36.52,36.84,1207056,58147035.522,36.64,0.33,363228160,363228000.0,15534884750.72,17454920000.0
2015-06-06,PAYX,36.84,36.64,36.97,36.54,36.65,2455529,118884944.8295,36.82,0.68,363228160,363228000.0,15656112149.12,17591130000.0
2015-06-05,PAYX,36.65,37.25,37.38,36.65,37.27,2149593,104233975.2301,36.88,0.59,363228160,363228000.0,15578529846.88,17503960000.0
2015-06-04,PAYX,37.27,37.41,37.51,37.15,37.39,2852441,139858878.9935,37.29,0.79,363228160,363228000.0,15840380057.6,17798180000.0
2015-06-03,PAYX,37.39,37.43,37.63,37.12,37.58,3412931,167800168.9589,37.4,0.94,363228160,363228000.0,15892105040.68,17856300000.0
2015-06-02,PAYX,37.58,37.71,37.87,37.34,37.58,1259332,62271447.4767,37.61,0.35,363228160,363228000.0,15972923306.28,17947100000.0
2015-05-30,PAYX,37.58,37.58,37.71,37.3,37.71,2042597,100884676.741,37.57,0.56,363228160,363228000.0,16152394354.66,17947100000.0
2015-05-29,PAYX,37.71,37.77,37.87,37.58,37.82,1122808,55626710.8488,37.68,0.31,363228160,363228000.0,16206331448.08,18007030000.0
2015-05-28,PAYX,37.82,37.44,37.92,37.43,37.5,1317615,65412480.1699,37.76,0.36,363228160,363228000.0,16253734357.49,18059700000.0
2015-05-27,PAYX,37.5,37.81,37.92,37.3,37.92,1402576,69110961.8174,37.48,0.39,363228160,363228000.0,16119701858.83,17910780000.0
2015-05-23,PAYX,37.92,38.22,38.32,37.91,38.23,1351574,67516789.8014,37.99,0.37,363228160,363228000.0,16299500778.75,18110550000.0
2015-05-22,PAYX,38.23,38.3,38.33,38.12,38.24,1010790,50807867.7774,38.23,0.28,363228160,363228000.0,16430260954.91,18255840000.0
2015-05-21,PAYX,38.24,38.31,38.55,38.14,38.28,1166992,58801699.7028,38.32,0.32,363228160,363228000.0,16436800369.41,18263110000.0
2015-05-20,PAYX,38.28,38.12,38.35,37.93,38.12,1119149,56239133.0884,38.22,0.31,363228160,363228000.0,16453146617.33,18281270000.0
2015-05-19,PAYX,38.12,37.77,38.23,37.77,37.87,1620141,81142004.505,38.09,0.45,363228160,363228000.0,16384494533.66,18204990000.0
2015-05-16,PAYX,37.87,38.1,38.17,37.73,37.98,1235194,61499943.6426,37.87,0.34,363228160,363228000.0,16274983858.66,18083310000.0
2015-05-15,PAYX,37.98,37.47,38.0,37.44,37.25,1550571,77133787.028,37.84,0.43,363228160,363228000.0,16322381537.58,18135980000.0
2015-05-14,PAYX,37.25,37.38,37.62,37.18,37.27,1114782,54646619.2139,37.28,0.31,363228160,363228000.0,16008555349.49,17787280000.0
2015-05-13,PAYX,37.27,37.23,37.49,36.92,37.32,1823400,89335832.823,37.26,0.5,363228160,363228000.0,16019998017.25,17800000000.0
2015-05-12,PAYX,37.32,37.27,37.54,37.2,37.37,1605473,78904995.5058,37.38,0.44,363228160,363228000.0,16041247845.32,17823610000.0
2015-05-09,PAYX,37.37,37.38,37.69,37.29,37.12,1454133,71578109.0118,37.44,0.4,363228160,363228000.0,16060861185.25,17845400000.0
2015-05-08,PAYX,37.12,36.96,37.3,36.84,36.98,1581317,77136328.5779,37.1,0.44,363228160,363228000.0,15952982094.82,17725530000.0
2015-05-07,PAYX,36.98,37.04,37.22,36.69,37.05,2037481,99719208.0569,36.94,0.56,363228160,363228000.0,16018361856.0,17798180000.0
2015-05-06,PAYX,37.05,37.24,37.24,36.72,37.27,2230098,109419323.5009,37.03,0.61,363228160,363228000.0,16047782356.24,17830870000.0
2015-05-05,PAYX,37.27,36.94,37.39,36.88,36.87,3355527,165682527.9962,37.26,0.92,363228160,363228000.0,16145854940.16,17939840000.0
2015-05-02,PAYX,36.87,36.61,36.97,36.55,36.52,1837192,89707342.4323,36.85,0.51,363228160,363228000.0,15969328342.74,17743700000.0
2015-05-01,PAYX,36.52,36.72,36.94,36.37,36.86,1728512,83703542.7594,36.55,0.48,363228160,363228000.0,15818949596.16,17576610000.0
2015-04-30,PAYX,36.86,36.96,37.07,36.7,37.18,1376253,67231753.6839,36.87,0.38,363228160,363228000.0,15964424762.58,17738250000.0
2015-04-29,PAYX,37.18,37.09,37.23,36.81,37.19,1302638,64102288.4116,37.14,0.36,363228160,363228000.0,16106627933.41,17896250000.0
2015-04-28,PAYX,37.19,37.24,37.26,36.9,37.15,1673230,82396697.0768,37.16,0.46,363228160,363228000.0,16109895025.41,17899880000.0
2015-04-25,PAYX,37.15,37.36,37.36,36.66,37.37,1320910,65015313.0446,37.15,0.36,363228160,363228000.0,16093548777.5,17881720000.0
2015-04-24,PAYX,37.37,37.06,37.52,36.99,37.19,1105369,54706472.6628,37.35,0.3,363228160,363228000.0,16186718108.16,17985240000.0
2015-04-23,PAYX,37.19,37.17,37.3,36.82,37.03,1246949,61394772.2354,37.16,0.34,363228160,363228000.0,16109895025.41,17899880000.0
2015-04-22,PAYX,37.03,37.55,37.58,37.0,36.96,1509415,74444036.8605,37.22,0.42,363228160,363228000.0,16037975522.83,17819970000.0
2015-04-21,PAYX,36.96,36.63,37.03,36.47,36.44,1397695,68416463.0163,36.94,0.38,363228160,363228000.0,16011822441.5,17790910000.0
2015-04-18,PAYX,36.44,36.77,36.97,36.23,37.01,2139123,103282634.0721,36.44,0.59,363228160,363228000.0,15782989681.41,17536650000.0
2015-04-17,PAYX,37.01,36.83,37.12,36.69,36.96,1198798,58772271.9468,37.0,0.33,363228160,363228000.0,16031436108.33,17812700000.0
2015-04-16,PAYX,36.96,36.95,37.11,36.83,36.9,1102246,54013687.0028,36.98,0.3,363228160,363228000.0,16011822441.5,17790910000.0
2015-04-15,PAYX,36.9,36.78,37.12,36.78,37.03,929149,45423301.5881,36.89,0.26,363228160,363228000.0,15985669360.17,17761850000.0
2015-04-14,PAYX,37.03,37.27,37.42,36.99,37.19,1217724,59954642.3577,37.16,0.34,363228160,363228000.0,16037975522.83,17819970000.0
2015-04-11,PAYX,37.19,37.43,37.44,37.14,37.27,1374899,67851400.3901,37.24,0.38,363228160,363228000.0,16109895025.41,17899880000.0
2015-04-10,PAYX,37.27,37.29,37.33,36.82,37.24,1141650,56164038.0084,37.13,0.31,363228160,363228000.0,16145854940.16,17939840000.0
2015-04-09,PAYX,37.24,37.08,37.39,36.92,37.09,2128888,104736184.5266,37.13,0.59,363228160,363228000.0,16129508692.24,17921670000.0
2015-04-08,PAYX,37.09,37.12,37.28,37.08,37.14,1914800,94256422.534,37.15,0.53,363228160,363228000.0,16064128604.16,17849030000.0
2015-04-07,PAYX,37.14,37.43,37.49,37.05,37.17,2222658,109602382.1465,37.21,0.61,363228160,363228000.0,16087014266.58,17874460000.0
2015-04-03,PAYX,37.17,37.59,37.59,37.06,37.35,1808790,89302134.6568,37.26,0.5,363228160,363228000.0,16100088192.0,17888980000.0
2015-04-02,PAYX,37.35,37.15,37.39,36.75,37.44,2334593,115029825.8329,37.19,0.64,363228160,363228000.0,16180178693.66,17977970000.0
2015-04-01,PAYX,37.44,37.67,37.78,37.44,37.74,1798879,89536694.5877,37.56,0.5,363228160,363228000.0,16219410603.99,18021560000.0
2015-03-31,PAYX,37.74,37.52,37.83,37.49,37.39,1352506,67615828.4005,37.73,0.37,363228160,363228000.0,16348534618.91,18165040000.0
2015-03-28,PAYX,37.39,36.89,37.47,36.79,36.99,2184841,108041482.0553,37.32,0.6,363228160,363228000.0,16198161102.82,17997950000.0
2015-03-27,PAYX,36.99,36.9,37.23,36.64,37.13,2489295,121947082.0156,36.97,0.69,363228160,363228000.0,16021629274.91,17801810000.0
2015-03-26,PAYX,37.13,38.35,38.45,37.12,38.72,3855582,191401916.9543,37.47,1.06,363228160,363228000.0,16083741944.08,17870820000.0
2015-03-25,PAYX,38.72,38.72,38.88,38.56,38.69,2528067,129888548.2223,38.77,0.7,363228160,363228000.0,16770245454.82,18633600000.0
2015-03-24,PAYX,38.69,38.99,39.03,38.69,38.96,1717518,88316319.6087,38.81,0.47,363228160,363228000.0,16757166298.91,18619070000.0
2015-03-21,PAYX,38.96,38.94,39.02,38.72,38.67,2278262,117478586.8648,38.92,0.63,363228160,363228000.0,16874852549.66,18749830000.0
2015-03-20,PAYX,38.67,38.75,38.87,38.5,38.72,1258485,64446257.9835,38.65,0.35,363228160,363228000.0,16750631787.99,18611810000.0
2015-03-19,PAYX,38.72,38.49,38.93,38.01,38.5,2413854,123127549.7021,38.5,0.66,363228160,363228000.0,16770245454.82,18633600000.0
2015-03-18,PAYX,38.5,38.35,38.52,38.23,38.49,1558503,79303014.7098,38.4,0.43,363228160,363228000.0,16675439962.91,18528270000.0
2015-03-17,PAYX,38.49,37.94,38.53,37.79,37.67,1959885,99617220.9691,38.36,0.54,363228160,363228000.0,16673808705.25,18526450000.0
2015-03-14,PAYX,37.67,37.79,37.92,37.33,37.93,1816684,90421278.6269,37.56,0.5,363228160,363228000.0,16319114445.57,18132340000.0
2015-03-13,PAYX,37.93,37.17,37.95,37.13,36.97,2371648,118459323.327,37.7,0.65,363228160,363228000.0,16430260954.91,18255840000.0
2015-03-12,PAYX,36.97,36.99,37.11,36.84,36.98,2113214,103436337.2832,36.94,0.58,363228160,363228000.0,16015094763.99,17794550000.0
2015-03-11,PAYX,36.98,36.85,37.21,36.65,37.19,2671119,130893920.818,36.98,0.74,363228160,363228000.0,16018361856.0,17798180000.0
2015-03-10,PAYX,37.19,36.95,37.28,36.92,36.94,1476707,72715269.2172,37.16,0.41,363228160,363228000.0,16109895025.41,17899880000.0
2015-03-07,PAYX,36.94,36.96,37.18,36.29,37.12,2084534,102062743.1701,36.95,0.57,363228160,363228000.0,16002015608.08,17780020000.0
2015-03-06,PAYX,37.12,36.79,37.12,36.71,36.82,1766079,86614700.7347,37.01,0.49,363228160,363228000.0,16077202529.58,17863550000.0
2015-03-05,PAYX,36.82,37.13,37.21,36.74,37.23,2123815,103758973.3297,36.87,0.58,363228160,363228000.0,15949709772.33,17721890000.0
2015-03-04,PAYX,37.23,37.74,38.04,36.87,38.04,4771387,235542897.397,37.26,1.31,363228160,363228000.0,16126241273.33,17918040000.0
2015-03-03,PAYX,38.04,37.7,38.04,37.58,37.61,1342116,67427772.2863,37.92,0.37,363228160,363228000.0,16476027376.17,18306700000.0
2015-02-28,PAYX,37.61,37.73,37.75,37.49,37.69,2040010,101717360.8921,37.63,0.56,362827680,362828000.0,16273367975.33,18081520000.0
2015-02-27,PAYX,37.69,37.67,37.71,37.45,37.67,1822207,90788901.752,37.6,0.5,362827680,362828000.0,16307653884.91,18119610000.0
2015-02-26,PAYX,37.67,37.73,37.88,37.55,37.71,1744713,87169174.69,37.71,0.48,362827680,362828000.0,16301121680.5,18112360000.0
2015-02-25,PAYX,37.71,37.38,37.71,37.15,37.38,2023285,100658831.3837,37.55,0.56,362827680,362828000.0,16315815548.45,18128680000.0
2015-02-24,PAYX,37.38,37.46,37.5,37.21,37.4,1140855,56439351.7905,37.34,0.31,362827680,362828000.0,16173769164.82,17970850000.0
2015-02-21,PAYX,37.4,37.09,37.46,36.95,37.15,2147052,106005320.5759,37.26,0.59,362827680,362828000.0,16181930828.35,17979920000.0
2015-02-20,PAYX,37.15,36.9,37.15,36.72,36.95,1135927,55731766.0312,37.03,0.31,362827680,362828000.0,16074175579.01,17860190000.0
2015-02-19,PAYX,36.95,36.85,36.97,36.69,36.8,1341105,65524119.8092,36.87,0.37,362827680,362828000.0,15987641177.33,17764040000.0
2015-02-18,PAYX,36.8,36.8,36.86,36.37,36.8,2100465,102077356.2394,36.68,0.58,362827680,362828000.0,15922328276.4,17691470000.0
2015-02-14,PAYX,36.8,36.57,36.86,36.43,36.53,1261101,61355077.0243,36.72,0.35,362827680,362828000.0,15922328276.4,17691470000.0
2015-02-13,PAYX,36.53,36.38,36.55,36.29,36.34,1306838,63126681.5199,36.46,0.36,362827680,362828000.0,15806406138.82,17562670000.0
2015-02-12,PAYX,36.34,36.16,36.41,36.1,36.17,1088321,52317326.342,36.28,0.3,362827680,362828000.0,15724769910.82,17471960000.0
2015-02-11,PAYX,36.17,35.84,36.23,35.76,35.8,1426123,67993400.3266,35.98,0.39,362827680,362828000.0,15651295346.35,17390320000.0
2015-02-10,PAYX,35.8,35.96,36.13,35.67,36.02,1967672,93461869.8971,35.85,0.54,362827680,362828000.0,15491291604.91,17212540000.0
2015-02-07,PAYX,36.02,35.88,36.26,35.85,35.84,2277482,108829486.4799,36.06,0.63,362827680,362828000.0,15585987343.58,17317760000.0
2015-02-06,PAYX,35.84,35.6,35.84,35.33,35.52,2387842,112877128.6021,35.68,0.66,362827680,362828000.0,15507619830.15,17230680000.0
2015-02-05,PAYX,35.52,35.33,35.69,35.32,35.4,2252855,106120072.4356,35.55,0.62,362827680,362828000.0,15370471620.2,17078300000.0
2015-02-04,PAYX,35.4,35.04,35.4,34.81,34.69,2921179,135920717.8473,35.12,0.81,362827680,362828000.0,15318223128.1,17020250000.0
2015-02-03,PAYX,34.69,34.29,34.73,33.6,34.16,3180818,144146105.8171,34.2,0.88,362827680,362828000.0,15008006441.33,16675560000.0
2015-01-31,PAYX,34.16,34.83,34.9,34.11,35.0,3166034,144390786.1429,34.42,0.87,362827680,362828000.0,14779421084.4,16421580000.0
2015-01-30,PAYX,35.0,35.12,35.2,34.64,35.09,2919127,134856932.974,34.87,0.8,362827680,362828000.0,15145154651.28,16827950000.0
2015-01-29,PAYX,35.09,35.89,35.98,35.04,35.68,2472182,116969298.7513,35.42,0.68,362827680,362828000.0,15306792750.0,17007550000.0
2015-01-28,PAYX,35.68,35.77,35.92,35.38,36.06,1740525,82947160.8316,35.67,0.48,362827680,362828000.0,15564761271.21,17294180000.0
2015-01-27,PAYX,36.06,36.16,36.23,35.71,36.21,1531784,73576329.455,35.96,0.42,362827680,362828000.0,15731302441.78,17479220000.0
2015-01-24,PAYX,36.21,35.91,36.29,35.77,35.9,2061125,99516271.9348,36.14,0.57,362827680,362828000.0,15796610118.0,17551790000.0
2015-01-23,PAYX,35.9,35.56,35.96,35.2,35.44,1832955,87419670.8685,35.7,0.51,362827680,362828000.0,15661096265.33,17401210000.0
2015-01-22,PAYX,35.44,35.54,35.64,35.21,35.59,1799529,85079753.4376,35.39,0.5,362827680,362828000.0,15461903869.01,17179890000.0
2015-01-21,PAYX,35.59,35.77,35.78,35.23,35.41,1577905,74869709.8093,35.52,0.43,362827680,362828000.0,15523943157.21,17248820000.0
2015-01-17,PAYX,35.41,35.19,35.43,35.08,35.24,2511315,118287974.1979,35.26,0.69,362827680,362828000.0,15445575643.78,17161750000.0
2015-01-16,PAYX,35.24,35.28,35.48,35.04,35.29,2277145,107270396.313,35.26,0.63,362827680,362828000.0,15373735110.05,17081930000.0
2015-01-15,PAYX,35.29,34.98,35.31,34.73,35.24,2452526,115157392.0348,35.15,0.68,362827680,362828000.0,15393327151.68,17103700000.0
2015-01-14,PAYX,35.24,35.56,35.97,34.99,35.24,2104787,99448457.946,35.37,0.58,362827680,362828000.0,15373735110.05,17081930000.0
2015-01-13,PAYX,35.24,35.38,35.51,33.74,35.29,1992546,93852517.1306,35.26,0.55,362827680,362828000.0,15373735110.05,17081930000.0
2015-01-10,PAYX,35.29,35.36,35.59,35.13,35.6,1942104,91663628.5129,35.33,0.54,362827680,362828000.0,15393327151.68,17103700000.0
2015-01-09,PAYX,35.6,35.27,35.65,35.09,35.06,1826470,86680070.7984,35.53,0.5,362827680,362828000.0,15530475361.63,17256080000.0
2015-01-08,PAYX,35.06,34.76,35.09,34.43,34.43,2262307,105353376.9453,34.86,0.62,362827680,362828000.0,15292098882.05,16991220000.0
2015-01-07,PAYX,34.43,34.67,34.91,34.25,34.67,3249074,149948316.3379,34.55,0.9,362827680,362828000.0,15017802462.15,16686450000.0
2015-01-06,PAYX,34.67,34.74,35.14,34.46,34.61,4600461,213788975.4264,34.79,1.27,362827680,362828000.0,15125562936.2,16806180000.0
2015-01-03,PAYX,34.61,34.7,35.0,34.3,34.56,2003348,92554489.2853,34.58,0.55,362827680,362828000.0,15099438690.15,16777150000.0
2015-01-01,PAYX,34.56,34.91,35.09,34.55,35.08,1902196,88372992.1574,34.78,0.52,362827680,362828000.0,15076578260.5,16751750000.0
2014-12-31,PAYX,35.08,35.0,35.36,34.92,35.22,1654778,77624303.8837,35.11,0.46,362827680,362828000.0,15301894902.86,17002100000.0
2014-12-30,PAYX,35.22,35.21,35.33,35.19,35.33,1010628,47585010.0757,35.25,0.28,362827680,362828000.0,15362305058.5,17069230000.0
2014-12-27,PAYX,35.33,35.39,35.58,35.3,35.23,812956,38419242.0913,35.38,0.22,362827680,362828000.0,15409655376.91,17121840000.0
2014-12-25,PAYX,35.23,35.47,35.51,35.22,35.46,660605,31193769.4212,35.35,0.18,362827680,362828000.0,15367202905.63,17074660000.0
2014-12-24,PAYX,35.46,35.37,35.62,35.25,35.21,1695093,80407587.3917,35.51,0.47,362827680,362828000.0,15468431175.26,17187140000.0
2014-12-23,PAYX,35.21,34.81,35.24,34.61,34.66,3182161,148676588.9329,34.97,0.88,362827680,362828000.0,15357406884.82,17063780000.0
2014-12-20,PAYX,34.66,35.39,35.69,34.52,35.74,6761070,315351158.8708,34.92,1.86,362827680,362828000.0,15119030731.78,16798920000.0
2014-12-19,PAYX,35.74,35.48,35.74,35.28,35.32,4181789,198662163.3103,35.56,1.15,362827680,362828000.0,15592519548.0,17325020000.0
2014-12-18,PAYX,35.32,34.86,35.42,34.58,34.75,2793981,131134383.4366,35.13,0.77,362827680,362828000.0,15406386662.35,17118200000.0
2014-12-17,PAYX,34.75,35.0,35.36,34.72,34.82,2834279,132384348.1471,34.96,0.78,362827680,362828000.0,15159848845.78,16844270000.0
2014-12-16,PAYX,34.82,34.58,35.0,34.51,34.51,3649016,169535480.0676,34.78,1.01,362827680,362828000.0,15187602224.4,16875110000.0
2014-12-13,PAYX,34.51,34.89,35.02,34.51,35.08,3060253,141678984.653,34.66,0.84,362827680,362828000.0,15053722729.01,16726360000.0
2014-12-12,PAYX,35.08,35.08,35.53,34.97,34.89,2738613,129133818.789,35.3,0.75,362827680,362828000.0,15303529260.15,17003920000.0
2014-12-11,PAYX,34.89,34.92,35.22,34.8,34.97,2465571,115320673.0404,35.01,0.68,362827680,362828000.0,15220258674.86,16911390000.0
2014-12-10,PAYX,34.97,34.95,35.15,34.62,35.27,3630196,169024078.4662,34.85,1.0,362827680,362828000.0,15252915125.33,16947680000.0
2014-12-09,PAYX,35.27,35.48,35.54,35.15,35.48,2648495,125060604.3555,35.35,0.73,362827680,362828000.0,15383531130.86,17092810000.0
2014-12-06,PAYX,35.48,35.45,35.56,35.39,35.43,2813609,133317525.0487,35.47,0.78,362827680,362828000.0,15478226869.53,17198030000.0
2014-12-05,PAYX,35.43,35.41,35.65,35.33,35.47,2231523,105623776.6237,35.43,0.62,362827680,362828000.0,15455371338.05,17172630000.0
2014-12-04,PAYX,35.47,35.53,35.55,35.37,35.49,2155633,102115581.5933,35.46,0.59,362827680,362828000.0,15471699563.28,17190770000.0
2014-12-03,PAYX,35.49,35.56,35.69,35.4,35.41,2831223,134220346.5119,35.49,0.78,362827680,362828000.0,15481495584.1,17201660000.0
2014-12-02,PAYX,35.41,35.47,35.58,35.27,35.49,2974504,140799619.2195,35.43,0.82,362827680,362828000.0,15445575643.78,17161750000.0
2014-11-29,PAYX,35.49,35.0,35.74,35.0,35.44,2162065,102717982.8221,35.56,0.6,362827680,362828000.0,14449395878.49,17201660000.0
2014-11-27,PAYX,35.44,35.5,35.54,35.36,35.47,1788150,84678545.9929,35.45,0.49,362827680,362828000.0,14431110277.75,17179890000.0
2014-11-26,PAYX,35.47,35.56,35.68,35.33,35.5,2362092,111911893.9552,35.47,0.65,362827680,362828000.0,14443299154.37,17194400000.0
2014-11-25,PAYX,35.5,35.59,35.62,35.44,35.42,1986996,94279771.0714,35.52,0.55,362827680,362828000.0,14453967507.26,17207100000.0
2014-11-22,PAYX,35.42,35.62,35.63,35.34,35.43,2772034,131339788.67,35.47,0.76,362827680,362828000.0,14421967324.99,17169000000.0
2014-11-21,PAYX,35.43,35.45,35.54,35.23,35.45,1293193,61197000.3028,35.42,0.36,362827680,362828000.0,14425013248.85,17172630000.0
2014-11-20,PAYX,35.45,35.55,35.56,35.18,35.55,2110488,99898064.8142,35.43,0.58,362827680,362828000.0,14432630801.47,17181700000.0
2014-11-19,PAYX,35.55,35.41,35.68,35.37,35.36,1931402,91759161.1012,35.56,0.53,362827680,362828000.0,14473778508.14,17230680000.0
2014-11-18,PAYX,35.36,35.3,35.44,35.24,35.36,1423849,67218639.7928,35.34,0.39,362827680,362828000.0,14394533895.07,17136350000.0
2014-11-15,PAYX,35.36,35.56,35.56,35.12,35.5,1139378,53832307.4432,35.37,0.31,362827680,362828000.0,14394533895.07,17136350000.0
2014-11-14,PAYX,35.5,35.67,35.76,35.43,35.55,1898025,90200992.2782,35.57,0.52,362827680,362828000.0,14455488030.99,17208910000.0
2014-11-13,PAYX,35.55,35.34,35.59,35.22,35.39,1450416,68803955.2559,35.51,0.4,362827680,362828000.0,14473778508.14,17230680000.0
2014-11-12,PAYX,35.39,35.48,35.57,35.2,35.56,1358890,64170458.8797,35.35,0.37,362827680,362828000.0,14409773571.96,17154490000.0
2014-11-11,PAYX,35.56,35.53,35.62,35.39,35.43,1721512,81741349.2376,35.54,0.47,362827680,362828000.0,14476824432.0,17234310000.0
2014-11-08,PAYX,35.43,35.58,35.67,35.28,35.61,3491562,165022763.224,35.38,0.96,362827680,362828000.0,14425013248.85,17172630000.0
2014-11-07,PAYX,35.61,35.77,36.08,35.58,35.76,3087464,147570896.2277,35.78,0.85,362827680,362828000.0,14498161137.79,17259710000.0
2014-11-06,PAYX,35.76,35.61,35.85,35.47,35.37,2679196,127757702.3876,35.7,0.74,362827680,362828000.0,14559110702.07,17332270000.0
2014-11-05,PAYX,35.37,35.3,35.65,35.2,35.23,3440190,163088399.292,35.49,0.95,362827680,362828000.0,14400630619.2,17143610000.0
2014-11-04,PAYX,35.23,35.09,35.42,35.09,35.14,2257294,106296622.3034,35.25,0.62,362827680,362828000.0,14342722711.92,17074660000.0
2014-11-01,PAYX,35.14,35.13,35.18,34.87,34.55,3234658,151531112.1338,35.07,0.89,362827680,362828000.0,14306146634.02,17031120000.0
2014-10-31,PAYX,34.55,34.04,34.68,34.02,34.15,2420857,111410954.783,34.45,0.67,362827680,362828000.0,14065376014.23,16744490000.0
2014-10-30,PAYX,34.15,34.17,34.31,33.82,34.15,1618187,74288206.1612,34.08,0.45,362827680,362828000.0,14019661555.2,16690070000.0
2014-10-29,PAYX,34.15,34.15,34.26,33.94,33.98,2542897,116743091.678,34.08,0.7,362827680,362828000.0,14019661555.2,16690070000.0
2014-10-28,PAYX,33.98,33.79,34.1,33.66,33.77,1520989,69535650.3407,33.94,0.42,362827680,362828000.0,13949560199.67,16606620000.0
2014-10-25,PAYX,33.77,33.56,33.82,33.41,33.41,1285071,58319588.1594,33.69,0.35,362827680,362828000.0,13864223434.11,16505020000.0
2014-10-24,PAYX,33.41,33.59,33.75,33.39,33.19,1930014,87171189.8853,33.53,0.53,362827680,362828000.0,13717932532.64,16330870000.0
2014-10-23,PAYX,33.19,33.32,33.45,33.16,33.17,2180174,97806499.4308,33.3,0.6,362827680,362828000.0,13626499042.95,16222020000.0
2014-10-22,PAYX,33.17,32.6,33.22,32.38,32.48,2201937,97581029.0823,32.9,0.61,362827680,362828000.0,13617356090.19,16211130000.0
2014-10-21,PAYX,32.48,32.22,32.49,32.17,32.29,1756966,76585069.1629,32.36,0.48,362827680,362828000.0,13333917240.0,15873710000.0
2014-10-18,PAYX,32.29,32.23,32.57,32.0,31.99,2111832,91927400.7394,32.32,0.58,362827680,362828000.0,13256198331.84,15781180000.0
2014-10-17,PAYX,31.99,31.56,32.14,31.42,31.96,2411780,103758135.2095,31.94,0.66,362827680,362828000.0,13132764659.88,15634240000.0
2014-10-16,PAYX,31.96,31.93,32.15,31.22,32.32,3774404,161195321.086,31.71,1.04,362827680,362828000.0,13120570906.86,15619720000.0
2014-10-15,PAYX,32.32,32.23,32.64,32.23,32.13,2681533,117199883.0764,32.45,0.74,362827680,362828000.0,13269912608.6,15797510000.0
2014-10-14,PAYX,32.13,32.41,32.64,32.1,32.23,2421419,105540927.4159,32.36,0.67,362827680,362828000.0,13190672567.16,15703180000.0
2014-10-11,PAYX,32.23,32.59,32.8,32.21,32.54,2162582,94565578.1658,32.46,0.6,362827680,362828000.0,13230290302.06,15750340000.0
2014-10-10,PAYX,32.54,32.91,33.1,32.46,32.92,2599486,114381509.3843,32.67,0.72,362827680,362828000.0,13358295298.02,15902730000.0
2014-10-09,PAYX,32.92,32.54,32.98,32.38,32.58,2813589,124061518.3398,32.73,0.78,362827680,362828000.0,13513733723.88,16087770000.0
2014-10-08,PAYX,32.58,33.1,33.13,32.57,33.17,1948623,85941661.5298,32.74,0.54,362827680,362828000.0,13373534974.9,15920870000.0
2014-10-07,PAYX,33.17,33.04,33.17,32.89,32.9,2685250,119591636.625,33.06,0.74,362827680,362828000.0,13617356090.19,16211130000.0
2014-10-04,PAYX,32.9,32.49,32.98,32.38,32.15,2671477,118236868.4853,32.86,0.74,362827680,362828000.0,13507636999.76,16080520000.0
2014-10-03,PAYX,32.15,32.35,32.38,32.0,32.28,1976382,85661908.0094,32.18,0.54,362827680,362828000.0,13199815519.92,15714060000.0
2014-10-02,PAYX,32.28,32.32,32.59,32.18,32.81,2496941,108758477.5945,32.34,0.69,362827680,362828000.0,13251626703.07,15775740000.0
2014-10-01,PAYX,32.81,32.81,33.03,32.72,32.84,2070465,91652228.5702,32.86,0.57,362827680,362828000.0,13471065188.71,16036980000.0
2014-09-30,PAYX,32.84,32.51,32.95,32.38,32.67,1988617,87804985.3629,32.78,0.55,362827680,362828000.0,13480208141.47,16047860000.0
2014-09-27,PAYX,32.67,32.41,32.78,32.38,32.43,2227330,97722099.153,32.57,0.61,362827680,362828000.0,13410111052.8,15964410000.0
2014-09-26,PAYX,32.43,32.61,32.75,32.23,32.58,2977087,130066212.9496,32.43,0.82,362827680,362828000.0,13312580838.99,15848310000.0
2014-09-25,PAYX,32.58,31.47,32.81,31.18,31.48,5503906,239846463.715,32.35,1.52,362827680,362828000.0,13373534974.9,15920870000.0
2014-09-24,PAYX,31.48,31.51,31.62,31.36,31.54,3297660,139855033.4968,31.49,0.91,362827680,362828000.0,12925515050.86,15387520000.0
2014-09-23,PAYX,31.54,31.8,31.88,31.46,31.89,2108092,89670404.2263,31.58,0.58,362827680,362828000.0,12946851451.87,15412910000.0
2014-09-20,PAYX,31.89,31.95,32.05,31.7,31.91,3348407,143856581.9801,31.9,0.92,362827680,362828000.0,13093142353.35,15587070000.0
2014-09-19,PAYX,31.91,31.7,31.92,31.58,31.59,2189745,93778663.155,31.79,0.6,362827680,362828000.0,13099239077.47,15594330000.0
2014-09-18,PAYX,31.59,31.03,31.6,31.02,31.11,2455946,103901963.7003,31.41,0.68,362827680,362828000.0,12968183281.26,15438310000.0
2014-09-17,PAYX,31.11,30.94,31.27,30.91,31.26,1859551,77936571.7365,31.11,0.51,362827680,362828000.0,12770081196.63,15202470000.0
2014-09-16,PAYX,31.26,31.08,31.27,31.02,31.16,1144662,48104187.039,31.2,0.32,362827680,362828000.0,12834081561.18,15278660000.0
2014-09-13,PAYX,31.16,31.29,31.32,30.94,31.2,1420781,59535681.0049,31.11,0.39,362827680,362828000.0,12791413026.01,15227870000.0
2014-09-12,PAYX,31.2,31.18,31.26,31.05,31.24,1215812,51045014.5358,31.17,0.34,362827680,362828000.0,12809703503.16,15249640000.0
2014-09-11,PAYX,31.24,31.17,31.25,31.11,31.21,1461496,61412202.2236,31.2,0.4,362827680,362828000.0,12824938608.42,15267780000.0
2014-09-10,PAYX,31.21,31.42,31.48,31.14,31.53,1318221,55443186.2247,31.22,0.36,362827680,362828000.0,12812749731.8,15253270000.0
2014-09-09,PAYX,31.53,31.42,31.59,31.31,31.43,1757260,74445606.4524,31.45,0.48,362827680,362828000.0,12943800651.61,15409280000.0
2014-09-06,PAYX,31.43,31.43,31.57,31.23,31.43,2446828,103375534.5723,31.37,0.67,362827680,362828000.0,12901132421.22,15358490000.0
2014-09-05,PAYX,31.43,31.33,31.57,31.28,31.35,1533483,64904968.5377,31.42,0.42,362827680,362828000.0,12904183221.48,15362120000.0
2014-09-04,PAYX,31.35,31.14,31.37,31.13,31.11,2237993,94363629.8112,31.3,0.62,362827680,362828000.0,12870657639.07,15322210000.0
2014-09-03,PAYX,31.11,31.05,31.17,30.88,30.92,1547940,64733445.2705,31.05,0.43,362827680,362828000.0,12770081196.63,15202470000.0
2014-08-30,PAYX,30.92,31.17,31.17,30.78,31.02,1711354,71243649.9065,30.91,0.47,363169440,363169000.0,12705844197.47,15126000000.0
2014-08-29,PAYX,31.02,30.89,31.19,30.89,31.15,1001586,41929187.3897,31.08,0.28,363169440,363169000.0,12745503825.63,15173210000.0
2014-08-28,PAYX,31.15,31.14,31.17,31.02,31.17,1155402,48417807.1188,31.11,0.32,363169440,363169000.0,12800412909.52,15238580000.0
2014-08-27,PAYX,31.17,31.16,31.31,31.12,31.11,669538,28130567.4294,31.19,0.18,363169440,363169000.0,12806515376.36,15245850000.0
2014-08-26,PAYX,31.11,31.29,31.34,31.1,31.13,880412,36984693.2979,31.19,0.24,363169440,363169000.0,12785158877.85,15220430000.0
2014-08-23,PAYX,31.13,31.31,31.31,31.06,31.25,883503,37088738.5356,31.16,0.24,363169440,363169000.0,12791261344.69,15227690000.0
2014-08-22,PAYX,31.25,31.02,31.27,30.96,31.07,1011284,42456831.2327,31.17,0.28,363169440,363169000.0,12840072537.68,15285800000.0
2014-08-21,PAYX,31.07,31.21,31.31,30.97,31.31,1495271,62600259.0789,31.08,0.41,363169440,363169000.0,12766855748.2,15198630000.0
2014-08-20,PAYX,31.31,31.26,31.31,31.14,31.25,907975,38218022.4487,31.25,0.25,363169440,363169000.0,12864478134.17,15314850000.0
2014-08-19,PAYX,31.25,31.15,31.29,31.02,30.85,1734689,72908447.8552,31.2,0.48,363169440,363169000.0,12840072537.68,15285800000.0
2014-08-16,PAYX,30.85,31.14,31.18,30.64,30.96,1996336,83050759.7596,30.88,0.55,363099200,363099000.0,12672884618.36,15086770000.0
2014-08-15,PAYX,30.96,30.53,30.99,30.53,30.86,954004,39693239.658,30.89,0.26,363099200,363099000.0,12720159829.2,15143040000.0
2014-08-14,PAYX,30.86,30.94,31.08,30.75,30.74,1927361,80244900.4359,30.91,0.53,363099200,363099000.0,12678986209.94,15094030000.0
2014-08-13,PAYX,30.74,30.88,30.92,30.63,30.88,1500439,62214348.2386,30.78,0.41,363099200,363099000.0,12630184457.44,15035930000.0
2014-08-12,PAYX,30.88,30.82,30.99,30.77,30.69,1435392,59646259.0725,30.85,0.4,363099200,363099000.0,12685087496.51,15101290000.0
2014-08-09,PAYX,30.69,30.17,30.72,30.07,30.03,2104060,86531779.8619,30.53,0.58,363099200,363099000.0,12608836664.51,15010520000.0
2014-08-08,PAYX,30.03,30.24,30.36,29.9,30.19,1799195,72852627.9082,30.06,0.5,363099200,363099000.0,12337383702.59,14687360000.0
2014-08-07,PAYX,30.19,29.99,30.25,29.85,30.08,1615690,65635952.129,30.16,0.44,363099200,363099000.0,12404485044.76,14767240000.0
2014-08-06,PAYX,30.08,29.97,30.32,29.97,30.33,2574021,104545646.7116,30.15,0.71,363099200,363099000.0,12358731800.53,14712770000.0
2014-08-05,PAYX,30.33,30.42,30.53,29.77,30.45,4333891,175934244.4705,30.14,1.19,363099200,363099000.0,12462431712.03,14836220000.0
2014-08-02,PAYX,30.45,30.42,30.59,30.35,30.45,2534854,104145731.3427,30.5,0.7,363099200,363099000.0,12511233464.53,14894320000.0
2014-08-01,PAYX,30.45,30.7,30.79,30.42,30.79,2050981,84352728.1092,30.53,0.56,363099200,363099000.0,12508184956.26,14890700000.0
2014-07-31,PAYX,30.79,30.84,30.98,30.63,30.8,1671576,69262921.6632,30.76,0.46,363099200,363099000.0,12651536825.43,15061350000.0
2014-07-30,PAYX,30.8,31.1,31.2,30.79,31.07,1614314,67835551.9021,30.91,0.44,363099200,363099000.0,12770488123.35,15202960000.0
2014-07-29,PAYX,31.07,31.25,31.25,30.86,31.18,1214402,51262696.687,31.05,0.33,363099200,363099000.0,12880289321.43,15333670000.0
2014-07-26,PAYX,31.18,31.24,31.37,30.95,31.31,1493894,63141663.2815,31.09,0.41,363099200,363099000.0,12926037990.61,15388140000.0
2014-07-25,PAYX,31.31,31.02,31.38,30.97,30.94,1622628,68949335.3104,31.26,0.45,363099200,363099000.0,12980941029.67,15453500000.0
2014-07-24,PAYX,30.94,31.02,31.11,30.93,31.04,1076958,45357588.5264,30.98,0.3,363099200,363099000.0,12828439365.67,15271950000.0
2014-07-23,PAYX,31.04,31.07,31.22,30.96,30.91,1040246,43934473.5752,31.07,0.29,363099200,363099000.0,12868086748.28,15319150000.0
2014-07-22,PAYX,30.91,30.98,31.04,30.68,30.98,1290668,54195531.3577,30.89,0.36,363099200,363099000.0,12816236792.53,15257420000.0
2014-07-19,PAYX,30.98,30.71,30.99,30.58,30.62,1640120,68783510.0115,30.85,0.45,363099200,363099000.0,12843685872.03,15290100000.0
2014-07-18,PAYX,30.62,30.97,31.05,30.56,31.03,1676175,70181926.6361,30.8,0.46,363099200,363099000.0,12694237291.35,15112180000.0
2014-07-17,PAYX,31.03,31.24,31.33,31.01,31.15,1261828,53336205.2083,31.1,0.35,363099200,363099000.0,12865038240.02,15315520000.0
2014-07-16,PAYX,31.15,31.12,31.22,30.88,31.02,2125490,89851023.6876,31.1,0.59,363099200,363099000.0,12913839992.51,15373610000.0
2014-07-15,PAYX,31.02,31.05,31.13,30.93,30.84,1346914,56758667.7204,31.0,0.37,363099200,363099000.0,12858936953.44,15308250000.0
2014-07-12,PAYX,30.84,30.89,30.93,30.7,30.83,1428476,59835698.4226,30.81,0.39,363099200,363099000.0,12785739204.76,15221120000.0
2014-07-11,PAYX,30.83,30.78,30.99,30.51,30.68,1976075,82851082.276,30.84,0.54,363099200,363099000.0,12784212663.1,15219300000.0
2014-07-10,PAYX,30.68,31.0,31.09,30.6,30.79,2464233,103081052.1647,30.77,0.68,363099200,363099000.0,12718637862.59,15141230000.0
2014-07-09,PAYX,30.79,30.6,31.07,30.46,30.48,3873069,162390013.7936,30.84,1.07,363099200,363099000.0,12767435040.03,15199320000.0
2014-07-08,PAYX,30.48,30.57,30.57,30.28,30.57,1488461,61578805.9657,30.43,0.41,363099200,363099000.0,12636285744.02,15043190000.0
2014-07-04,PAYX,30.57,30.32,30.58,30.3,30.27,2261998,93612328.0444,30.44,0.62,363099200,363099000.0,12672884618.36,15086770000.0
2014-07-03,PAYX,30.27,30.34,30.74,29.91,30.99,4424828,181489183.306,30.17,1.22,363099200,363099000.0,12550885117.18,14941530000.0
2014-07-02,PAYX,30.99,29.94,31.27,29.86,30.57,4385570,184207929.9683,30.9,1.21,363099200,363099000.0,12849787158.61,15297360000.0
2014-07-01,PAYX,30.57,30.01,30.69,30.01,30.32,2256550,93624927.4388,30.52,0.62,363099200,363099000.0,12675937701.67,15090400000.0
2014-06-28,PAYX,30.32,30.33,30.54,30.18,30.35,2105694,86792276.2998,30.32,0.58,363000000,363000000.0,12565750760.64,14959230000.0
2014-06-27,PAYX,30.35,30.41,30.48,30.15,30.45,1909488,78674134.5442,30.31,0.53,363000000,363000000.0,12579471550.8,14975560000.0
2014-06-26,PAYX,30.45,30.36,30.6,30.3,30.49,1596507,66106075.2214,30.46,0.44,363000000,363000000.0,12620638800.0,15024570000.0
2014-06-25,PAYX,30.49,30.54,30.89,30.43,30.59,1948394,81189367.5534,30.65,0.54,363000000,363000000.0,12638933085.24,15046350000.0
2014-06-24,PAYX,30.59,30.63,30.65,30.38,30.63,1184309,49108073.7959,30.5,0.33,363000000,363000000.0,12678569636.04,15093530000.0
2014-06-21,PAYX,30.63,30.48,30.75,30.35,30.32,2857138,118792043.7675,30.59,0.79,363000000,363000000.0,12696868800.0,15115320000.0
2014-06-20,PAYX,30.32,30.6,30.6,30.19,30.46,1347677,55518346.4491,30.31,0.37,363000000,363000000.0,12568798131.12,14962850000.0
2014-06-19,PAYX,30.46,30.26,30.49,30.1,30.32,1154182,47542010.0217,30.3,0.32,363000000,363000000.0,12626733845.88,15031820000.0
2014-06-18,PAYX,30.32,30.16,30.46,30.04,30.2,1844455,76099249.2608,30.35,0.51,363000000,363000000.0,12565750760.64,14959230000.0
2014-06-17,PAYX,30.2,30.12,30.4,30.04,30.24,1128759,46406555.8911,30.24,0.31,363000000,363000000.0,12516962340.96,14901140000.0
2014-06-14,PAYX,30.24,30.11,30.29,30.08,30.03,1227465,50410255.5969,30.21,0.34,363000000,363000000.0,12532209255.72,14919290000.0
2014-06-13,PAYX,30.03,29.99,30.18,29.9,30.14,1220306,49833866.7598,30.04,0.34,363000000,363000000.0,12446832265.56,14817660000.0
2014-06-12,PAYX,30.14,30.21,30.21,29.99,30.26,1203883,49257104.0905,30.1,0.33,363000000,363000000.0,12492568131.12,14872100000.0
2014-06-11,PAYX,30.26,30.38,30.44,30.18,30.42,1028858,42349840.6497,30.28,0.28,363000000,363000000.0,12541356550.8,14930180000.0
2014-06-10,PAYX,30.42,30.34,30.51,30.25,30.31,986964,40759538.6017,30.38,0.27,363000000,363000000.0,12608439255.72,15010040000.0
2014-06-07,PAYX,30.31,30.3,30.6,30.18,30.24,1926370,79313441.8558,30.29,0.53,363000000,363000000.0,12562703085.24,14955590000.0
2014-06-06,PAYX,30.24,30.02,30.24,29.7,30.04,2076850,84900782.722,30.07,0.57,363000000,363000000.0,12535256931.12,14922920000.0
2014-06-05,PAYX,30.04,29.7,30.04,29.58,29.76,1970297,79881150.3304,29.83,0.54,363000000,363000000.0,12449879636.04,14821280000.0
2014-06-04,PAYX,29.76,29.9,29.99,29.58,30.07,2414914,97652828.8941,29.75,0.67,363000000,363000000.0,12334013085.24,14683350000.0
2014-06-03,PAYX,30.07,30.27,30.36,30.04,30.24,1740327,71263252.8404,30.12,0.48,363000000,363000000.0,12465126550.8,14839430000.0
2014-05-31,PAYX,30.24,30.6,30.62,30.19,30.49,3017137,124210093.4091,30.29,0.83,363739040,363739000.0,12560777747.32,14953300000.0
2014-05-30,PAYX,30.49,30.24,30.49,30.21,30.21,1126392,46518171.6033,30.38,0.31,363739040,363739000.0,12661606820.29,15073340000.0
2014-05-29,PAYX,30.21,30.31,30.39,30.09,30.25,1443153,59403772.3741,30.28,0.4,363739040,363739000.0,12548558254.37,14938750000.0
2014-05-28,PAYX,30.25,30.03,30.26,29.96,30.03,1394675,57211660.5125,30.18,0.38,363739040,363739000.0,12563836210.67,14956950000.0
2014-05-24,PAYX,30.03,29.92,30.07,29.65,29.73,1523035,61993144.4992,29.94,0.42,363739040,363739000.0,12472173055.97,14847820000.0
2014-05-23,PAYX,29.73,29.81,29.9,29.69,29.81,2223669,90022324.2349,29.78,0.61,363739040,363739000.0,12346900108.43,14698690000.0
2014-05-22,PAYX,29.81,30.07,30.19,29.79,30.01,1989410,80957629.4583,29.94,0.55,363739040,363739000.0,12380509901.26,14738700000.0
2014-05-21,PAYX,30.01,30.24,30.25,29.93,30.21,2331495,95308929.972,30.07,0.64,363739040,363739000.0,12463007137.7,14836910000.0
2014-05-20,PAYX,30.21,30.1,30.24,29.93,30.05,1137997,46640686.4173,30.15,0.31,363739040,363739000.0,12545504374.13,14935120000.0
2014-05-17,PAYX,30.05,29.74,30.11,29.6,29.74,1660359,67353455.7297,29.84,0.46,363739040,363739000.0,12481338668.69,14858730000.0
2014-05-16,PAYX,29.74,29.98,29.98,29.45,30.07,2182916,88214241.9617,29.73,0.6,363739040,363739000.0,12349958571.77,14702330000.0
2014-05-15,PAYX,30.07,30.37,30.45,30.04,30.42,1662340,68137474.7273,30.15,0.46,363739040,363739000.0,12490504586.96,14869640000.0
2014-05-14,PAYX,30.42,30.4,30.58,30.32,30.39,1570066,65035270.7119,30.47,0.43,363739040,363739000.0,12634109065.49,15040600000.0
2014-05-13,PAYX,30.39,30.13,30.48,30.13,30.08,1505889,62196507.5734,30.38,0.41,363739040,363739000.0,12621889572.53,15026050000.0
2014-05-10,PAYX,30.08,30.04,30.18,29.88,29.99,1665220,68010908.5791,30.05,0.46,363739040,363739000.0,12493563050.3,14873290000.0
2014-05-09,PAYX,29.99,29.66,30.01,29.45,29.5,2062800,83815258.4748,29.89,0.57,363739040,363739000.0,12456895099.66,14829630000.0
2014-05-08,PAYX,29.5,29.76,29.94,29.32,29.75,2954851,119338450.8374,29.45,0.81,363739040,363739000.0,12359124184.5,14713240000.0
2014-05-07,PAYX,29.75,30.09,30.24,29.71,30.26,1937113,79300563.4375,29.86,0.53,363739040,363739000.0,12466060712.39,14840550000.0
2014-05-06,PAYX,30.26,29.97,30.39,29.84,30.19,1632264,67594823.8243,30.2,0.45,363739040,363739000.0,12676884776.6,15091530000.0
2014-05-03,PAYX,30.19,29.62,30.44,29.62,30.2,1806914,74988916.7985,30.27,0.5,363739040,363739000.0,12649387021.8,15058790000.0
2014-05-02,PAYX,30.2,30.47,30.55,30.14,30.49,1453612,60369946.8895,30.29,0.4,363739040,363739000.0,12652440902.03,15062430000.0
2014-05-01,PAYX,30.49,29.73,30.49,29.67,29.82,2804480,116232764.5427,30.23,0.77,363739040,363739000.0,12774659969.33,15207930000.0
2014-04-30,PAYX,29.82,29.92,29.93,29.73,29.67,1903055,77900768.5602,29.85,0.52,363739040,363739000.0,12493563050.3,14873290000.0
2014-04-29,PAYX,29.67,29.66,29.8,29.3,29.46,1890994,76609639.4766,29.55,0.52,363739040,363739000.0,12429397344.86,14796900000.0
2014-04-26,PAYX,29.46,29.7,29.84,29.44,29.84,1546778,62740098.3336,29.58,0.43,363739040,363739000.0,12340792653.5,14691410000.0
2014-04-25,PAYX,29.84,30.05,30.08,29.75,29.81,1612892,66100812.5158,29.89,0.44,363739040,363739000.0,12502728968.57,14884200000.0
2014-04-24,PAYX,29.81,29.9,30.0,29.8,29.89,1525882,62544677.8968,29.89,0.42,363739040,363739000.0,12490504586.96,14869640000.0
2014-04-23,PAYX,29.89,29.67,29.97,29.66,29.78,1499972,61467793.5798,29.89,0.41,363739040,363739000.0,12524114379.8,14909660000.0
2014-04-22,PAYX,29.78,29.97,30.06,29.68,29.85,1318840,53912314.3602,29.81,0.36,363739040,363739000.0,12478285094.0,14855100000.0
2014-04-18,PAYX,29.85,29.75,30.05,29.67,29.81,1589456,65141454.0814,29.89,0.44,363739040,363739000.0,12505782543.26,14887840000.0
2014-04-17,PAYX,29.81,29.96,30.07,29.59,29.67,1881403,76800550.5529,29.77,0.52,363739040,363739000.0,12490504586.96,14869640000.0
2014-04-16,PAYX,29.67,29.32,29.74,29.22,29.39,2672053,108066352.5132,29.49,0.73,363739040,363739000.0,12429397344.86,14796900000.0
2014-04-15,PAYX,29.39,29.34,29.53,29.05,29.11,2021502,81229796.5438,29.3,0.56,363739040,363739000.0,12313290315.59,14658680000.0
2014-04-12,PAYX,29.11,29.52,29.63,29.02,29.63,3228259,129593595.7969,29.28,0.89,363739040,363739000.0,12197188174.97,14520460000.0
2014-04-11,PAYX,29.63,30.12,30.35,29.62,30.08,3693699,151556130.4257,29.92,1.02,363739040,363739000.0,12414119388.56,14778710000.0
2014-04-10,PAYX,30.08,30.19,30.28,29.75,30.12,3022939,124379115.3571,30.01,0.83,363739040,363739000.0,12600499578.2,15000590000.0
2014-04-09,PAYX,30.12,30.12,30.3,29.93,30.15,2472157,102149017.9757,30.13,0.68,363739040,363739000.0,12618831109.19,15022410000.0
2014-04-08,PAYX,30.15,30.05,30.25,29.73,30.24,3595536,148142878.763,30.05,0.99,363739040,363739000.0,12631055490.8,15036970000.0
2014-04-05,PAYX,30.24,31.4,31.4,30.23,31.21,3184178,133537728.9937,30.58,0.88,363739040,363739000.0,12670772433.02,15084250000.0
2014-04-04,PAYX,31.21,31.58,31.58,30.83,31.22,2569932,109697033.4336,31.13,0.71,363739040,363739000.0,13077142299.59,15568020000.0
2014-04-03,PAYX,31.22,30.78,31.28,30.77,30.99,3247194,138569457.8784,31.12,0.89,363739040,363739000.0,13080200762.93,15571660000.0
2014-04-02,PAYX,30.99,31.0,31.02,30.67,31.07,3335129,141113626.9821,30.86,0.92,363739040,363739000.0,12985483728.0,15458910000.0
2014-04-01,PAYX,31.07,31.08,31.29,30.97,31.04,2563687,109361498.5499,31.11,0.7,363739040,363739000.0,13016035057.49,15495280000.0
2014-03-29,PAYX,31.04,31.05,31.37,30.8,31.01,1856370,79007274.2733,31.04,0.51,363739040,363739000.0,13003815564.53,15480730000.0
2014-03-28,PAYX,31.01,31.52,31.77,30.45,30.57,3501209,148958236.6632,31.03,0.96,363739040,363739000.0,12991591488.46,15466180000.0
2014-03-27,PAYX,30.57,31.0,31.13,30.56,30.97,2618918,110714224.1907,30.83,0.72,363739040,363739000.0,12808269762.17,15247940000.0
2014-03-26,PAYX,30.97,31.09,31.14,30.64,30.89,1665815,70566085.6279,30.89,0.46,363739040,363739000.0,12976313226.62,15447990000.0
2014-03-25,PAYX,30.89,31.34,31.43,30.75,31.24,2115462,89781053.4648,30.95,0.58,363739040,363739000.0,12939649859.09,15404340000.0
2014-03-22,PAYX,31.24,31.63,31.63,31.07,31.3,4862047,208640102.5194,31.3,1.34,363739040,363739000.0,13089366681.2,15582570000.0
2014-03-21,PAYX,31.3,30.96,31.43,30.86,31.05,2501754,107322216.9759,31.29,0.69,363739040,363739000.0,13113810555.77,15611680000.0
2014-03-20,PAYX,31.05,31.13,31.27,30.81,31.13,1677310,71400899.4878,31.04,0.46,363739040,363739000.0,13006869444.77,15484370000.0
2014-03-19,PAYX,31.13,30.93,31.21,30.82,30.81,1492950,63614738.3443,31.07,0.41,363739040,363739000.0,13040478932.06,15524380000.0
2014-03-18,PAYX,30.81,30.78,30.94,30.61,30.5,1279732,54084142.5612,30.82,0.35,363739040,363739000.0,12906040371.8,15364330000.0
2014-03-15,PAYX,30.5,30.43,30.58,30.22,30.4,2033973,84885599.3431,30.44,0.56,363739040,363739000.0,12777713849.57,15211560000.0
2014-03-14,PAYX,30.4,31.02,31.02,30.37,30.92,1735954,72805200.7548,30.59,0.48,363739040,363739000.0,12737992018.69,15164270000.0
2014-03-13,PAYX,30.92,30.66,30.94,30.56,30.86,1870504,79017920.7602,30.81,0.51,363739040,363739000.0,12954927815.4,15422530000.0
2014-03-12,PAYX,30.86,30.99,31.06,30.75,30.94,1032719,43712823.4619,30.87,0.28,363739040,363739000.0,12927430366.13,15389790000.0
2014-03-11,PAYX,30.94,31.07,31.18,30.82,31.1,1643753,69719773.6325,30.93,0.45,363739040,363739000.0,12964093733.66,15433440000.0
2014-03-08,PAYX,31.1,30.65,31.32,30.65,30.64,2561121,109215929.1387,31.1,0.7,363739040,363739000.0,13028259439.1,15509830000.0
2014-03-07,PAYX,30.64,30.72,30.78,30.57,30.66,1592703,66978076.2315,30.67,0.44,363739040,363739000.0,12838821091.66,15284300000.0
2014-03-06,PAYX,30.66,30.82,30.86,30.48,30.88,1919370,80612954.5922,30.63,0.53,363739040,363739000.0,12844933129.7,15291590000.0
2014-03-05,PAYX,30.88,30.48,31.0,30.43,30.03,2834698,119805959.7418,30.82,0.78,363739040,363739000.0,12936596284.4,15400710000.0
2014-03-04,PAYX,30.03,30.3,30.45,29.89,30.46,1773507,73135867.4779,30.07,0.49,363739040,363739000.0,12582167741.66,14978770000.0
2014-03-01,PAYX,30.46,30.23,30.62,30.02,30.3,2444249,101761408.84,30.36,0.67,363739040,363739000.0,12607484608.11,15189740000.0
2014-02-28,PAYX,30.3,30.4,30.43,30.05,30.37,3266141,135246626.6976,30.2,0.9,364200000,364200000.0,12559979672.57,15132500000.0
2014-02-27,PAYX,30.37,30.21,30.55,30.03,30.1,3272197,136096553.368,30.33,0.9,364200000,364200000.0,12587189040.0,15165290000.0
2014-02-26,PAYX,30.1,30.37,30.53,30.08,30.29,2887580,119618275.8201,30.21,0.79,364200000,364200000.0,12475340197.14,15030530000.0
2014-02-25,PAYX,30.29,30.14,30.57,30.1,30.16,1619377,67483143.1052,30.39,0.44,364200000,364200000.0,12553937277.71,15125220000.0
2014-02-22,PAYX,30.16,30.33,30.46,29.83,30.1,2906661,120103787.6923,30.13,0.8,364200000,364200000.0,12499523379.43,15059660000.0
2014-02-21,PAYX,30.1,30.14,30.27,29.91,30.27,2308025,95277559.2528,30.11,0.63,364200000,364200000.0,12475340197.14,15030530000.0
2014-02-20,PAYX,30.27,30.3,30.61,30.19,30.28,2374106,98921385.6362,30.39,0.65,364200000,364200000.0,12547890348.57,15117940000.0
2014-02-19,PAYX,30.28,30.33,30.35,30.13,30.33,2731772,113271248.672,30.24,0.75,364200000,364200000.0,12550911697.14,15121580000.0
2014-02-15,PAYX,30.33,30.16,30.48,30.09,30.29,2083268,86726648.917,30.36,0.57,364200000,364200000.0,12572073833.14,15147070000.0
2014-02-14,PAYX,30.29,29.91,30.37,29.9,30.24,1706996,70810277.2144,30.25,0.47,364200000,364200000.0,12556958626.28,15128860000.0
2014-02-13,PAYX,30.24,30.17,30.4,29.98,30.02,2148767,88880710.7472,30.17,0.59,364200000,364200000.0,12535796188.0,15103370000.0
2014-02-12,PAYX,30.02,30.23,30.23,29.68,29.7,2055301,84525258.6672,29.99,0.56,364200000,364200000.0,12445114317.71,14994110000.0
2014-02-11,PAYX,29.7,29.7,29.79,29.59,29.83,3367278,137105751.2792,29.69,0.92,364200000,364200000.0,12312107570.86,14833860000.0
2014-02-08,PAYX,29.83,30.54,30.54,29.59,29.91,3725132,152321385.0561,29.82,1.02,364200000,364200000.0,12363495586.28,14895770000.0
2014-02-07,PAYX,29.91,29.68,29.94,29.65,29.71,1621167,66224015.3774,29.79,0.45,364200000,364200000.0,12396747348.57,14935840000.0
2014-02-06,PAYX,29.71,29.66,29.78,29.39,29.78,3008154,122341893.9139,29.66,0.83,364200000,364200000.0,12315128919.43,14837500000.0
2014-02-05,PAYX,29.78,29.46,29.99,29.07,29.46,3767721,153639727.5596,29.74,1.03,364200000,364200000.0,12343546524.0,14871740000.0
2014-02-04,PAYX,29.46,30.54,30.62,29.43,30.5,3848293,156972610.3423,29.75,1.06,364200000,364200000.0,12212352586.28,14713680000.0
2014-02-01,PAYX,30.5,30.34,30.66,30.27,30.83,2806748,117419424.0679,30.51,0.77,364200000,364200000.0,12641598404.0,15230840000.0
2014-01-31,PAYX,30.83,30.5,30.95,30.37,30.39,2157973,91090394.6785,30.78,0.59,364200000,364200000.0,12780651777.71,15398370000.0
2014-01-30,PAYX,30.39,30.43,30.6,30.29,30.58,2747587,115659386.2684,30.44,0.75,364200000,364200000.0,12702054697.14,15303680000.0
2014-01-29,PAYX,30.58,30.3,30.65,30.22,30.29,2060324,86916210.1668,30.51,0.57,364200000,364200000.0,12783673126.28,15402010000.0
2014-01-28,PAYX,30.29,29.99,30.6,29.99,30.43,2235233,93964474.5079,30.4,0.61,364200000,364200000.0,12659734657.14,15252690000.0
2014-01-25,PAYX,30.43,31.16,31.21,30.43,31.31,3128429,132689813.2918,30.67,0.86,364200000,364200000.0,12720190950.28,15325530000.0
2014-01-24,PAYX,31.31,31.43,31.6,31.07,31.61,2724814,117624187.6418,31.22,0.75,364200000,364200000.0,13085959126.28,15766210000.0
2014-01-23,PAYX,31.61,31.71,31.83,31.49,31.66,2269842,99181422.6029,31.6,0.62,364200000,364200000.0,13212918641.71,15919180000.0
2014-01-22,PAYX,31.66,31.94,32.04,31.63,31.89,2444295,107291595.7365,31.75,0.67,364200000,364200000.0,13234080777.71,15944670000.0
2014-01-18,PAYX,31.89,31.67,32.05,31.64,31.79,2729863,120222317.5326,31.85,0.75,364200000,364200000.0,13330809879.43,16061210000.0
2014-01-17,PAYX,31.79,31.56,31.86,31.5,31.56,3093896,135779623.2736,31.74,0.85,364200000,364200000.0,13285468793.14,16006590000.0
2014-01-16,PAYX,31.56,31.68,31.79,31.47,31.65,4176461,182504642.4801,31.6,1.15,364200000,364200000.0,13191761040.0,15893680000.0
2014-01-15,PAYX,31.65,31.63,31.9,31.52,31.52,2807327,122954462.9406,31.68,0.77,364200000,364200000.0,13228033848.57,15937390000.0
2014-01-14,PAYX,31.52,32.11,32.13,31.37,32.09,2777048,121498310.4645,31.64,0.76,364200000,364200000.0,13173619950.28,15871830000.0
2014-01-11,PAYX,32.09,32.18,32.22,31.92,32.2,2889452,128307832.3945,32.11,0.79,364200000,364200000.0,13412428610.86,16159550000.0
2014-01-10,PAYX,32.2,32.18,32.41,32.15,32.37,2789993,124490879.8665,32.27,0.77,364200000,364200000.0,13460795277.71,16217820000.0
2014-01-09,PAYX,32.37,32.85,32.91,32.23,32.61,5597098,250709612.935,32.39,1.54,364200000,364200000.0,13530319848.57,16301590000.0
2014-01-08,PAYX,32.61,33.17,33.23,32.52,32.42,1975079,89186258.4826,32.66,0.54,364200000,364200000.0,13630074833.14,16421770000.0
2014-01-07,PAYX,32.42,32.73,33.02,32.28,32.7,1839936,82545595.229,32.45,0.51,364200000,364200000.0,13551477450.28,16327080000.0
2014-01-04,PAYX,32.7,32.71,32.91,32.59,32.59,1808913,81901231.3554,32.74,0.5,364200000,364200000.0,13669368688.0,16469120000.0
2014-01-03,PAYX,32.59,32.86,32.94,32.51,32.93,1853847,83639458.9449,32.63,0.51,364200000,364200000.0,13621006555.43,16410850000.0
2014-01-01,PAYX,32.93,32.97,33.08,32.88,33.03,1466197,66843916.8314,32.97,0.4,364200000,364200000.0,13763081277.71,16582020000.0
2013-12-31,PAYX,33.03,33.0,33.04,32.88,32.96,1181511,53880208.6493,32.98,0.32,364200000,364200000.0,13805401317.71,16633010000.0
2013-12-28,PAYX,32.96,33.07,33.22,32.91,33.01,951902,43463355.0905,33.02,0.26,364200000,364200000.0,13778191950.28,16600230000.0
2013-12-27,PAYX,33.01,33.01,33.12,32.79,32.86,1128462,51423780.8768,32.96,0.31,364200000,364200000.0,13796333040.0,16622090000.0
2013-12-25,PAYX,32.86,32.86,32.93,32.76,32.89,825662,37506354.4026,32.85,0.23,364200000,364200000.0,13732850864.0,16545600000.0
2013-12-24,PAYX,32.89,32.88,32.9,32.66,32.65,2453504,111438372.4954,32.85,0.67,364200000,364200000.0,13747966070.86,16563810000.0
2013-12-21,PAYX,32.65,32.43,32.71,32.13,32.47,3983286,178990529.808,32.5,1.09,364200000,364200000.0,13648211086.28,16443630000.0
2013-12-20,PAYX,32.47,32.0,33.04,31.82,31.33,7014387,314619063.7795,32.44,1.93,364200000,364200000.0,13572639586.28,16352570000.0
2013-12-19,PAYX,31.33,31.11,31.39,30.75,31.03,4191230,180451714.3931,31.14,1.15,364200000,364200000.0,13095027404.0,15777140000.0
2013-12-18,PAYX,31.03,31.24,31.24,30.91,31.22,2043511,87666797.6419,31.03,0.56,364200000,364200000.0,12968067586.28,15624180000.0
2013-12-17,PAYX,31.22,31.09,31.33,30.98,30.83,1892378,81573198.0503,31.17,0.52,364200000,364200000.0,13049686317.71,15722510000.0
2013-12-14,PAYX,30.83,31.16,31.17,30.75,31.11,3161327,135079051.5616,30.9,0.87,364200000,364200000.0,12886449157.14,15525840000.0
2013-12-13,PAYX,31.11,31.04,31.15,30.79,31.1,3086637,132104637.4329,30.95,0.85,364200000,364200000.0,13001319348.57,15664230000.0
2013-12-12,PAYX,31.1,31.34,31.45,31.05,31.37,2247748,96867801.4565,31.17,0.62,364200000,364200000.0,12998298000.0,15660600000.0
2013-12-11,PAYX,31.37,31.41,31.55,31.29,31.45,3246912,140914971.0104,31.39,0.89,364200000,364200000.0,13113163657.14,15798990000.0
2013-12-10,PAYX,31.45,31.44,31.55,31.21,31.37,2142534,93171917.5557,31.45,0.59,364200000,364200000.0,13146415419.43,15839050000.0
2013-12-07,PAYX,31.37,31.28,31.38,31.05,30.87,2187532,94515796.0483,31.25,0.6,364200000,364200000.0,13110142610.86,15795350000.0
2013-12-06,PAYX,30.87,31.45,31.45,30.77,31.45,2843181,121532019.2017,30.91,0.78,364200000,364200000.0,12901564364.0,15544050000.0
2013-12-05,PAYX,31.45,32.28,32.28,31.28,31.63,3862713,168110650.5192,31.48,1.06,364200000,364200000.0,13143394070.86,15835410000.0
2013-12-04,PAYX,31.63,31.64,32.11,31.51,31.52,4477488,196356600.5197,31.72,1.23,364200000,364200000.0,13218965570.86,15926460000.0
2013-12-03,PAYX,31.52,31.73,31.76,31.45,31.63,1651507,72023204.5682,31.54,0.45,364200000,364200000.0,13176645833.14,15875470000.0
2013-11-30,PAYX,31.63,31.6,31.82,31.58,31.64,858044,37590041.8736,31.68,0.23,365196000,365196000.0,12456615302.99,15970020000.0
2013-11-28,PAYX,31.64,31.71,31.78,31.55,31.63,1305312,57103078.112,31.64,0.36,365196000,365196000.0,12462313500.0,15977320000.0
2013-11-27,PAYX,31.63,31.54,31.83,31.41,31.46,3274480,143198894.6406,31.63,0.9,365196000,365196000.0,12459462407.52,15973660000.0
2013-11-26,PAYX,31.46,31.5,31.65,31.39,31.46,1563272,67984799.9045,31.45,0.43,365196000,365196000.0,12391100280.0,15886020000.0
2013-11-23,PAYX,31.46,31.77,31.77,31.34,31.55,2892404,125892442.334,31.48,0.79,365196000,365196000.0,12391100280.0,15886020000.0
2013-11-22,PAYX,31.55,31.47,31.58,31.35,31.32,1946392,84779753.4905,31.5,0.53,365196000,365196000.0,12428128305.87,15933500000.0
2013-11-21,PAYX,31.32,31.5,31.82,31.24,31.52,2330916,101216265.2016,31.4,0.64,365196000,365196000.0,12336977663.09,15816640000.0
2013-11-20,PAYX,31.52,30.9,31.72,30.45,31.41,2767316,120818240.9421,31.57,0.76,365196000,365196000.0,12416736184.64,15918890000.0
2013-11-19,PAYX,31.41,31.45,31.58,31.36,31.34,1858851,80872641.9571,31.46,0.51,365196000,365196000.0,12371158584.43,15860460000.0
2013-11-16,PAYX,31.34,31.18,31.35,30.94,31.18,2011248,86700269.3759,31.18,0.55,365196000,365196000.0,12342671587.31,15823930000.0
2013-11-15,PAYX,31.18,30.98,31.27,30.86,30.93,1572796,67765486.8832,31.16,0.43,365196000,365196000.0,12282855046.19,15747250000.0
2013-11-14,PAYX,30.93,29.85,30.94,29.85,30.52,1981471,84105094.0312,30.7,0.54,365196000,365196000.0,12181733413.2,15617600000.0
2013-11-13,PAYX,30.52,30.3,30.53,30.22,30.39,1717736,72260501.8909,30.42,0.47,365196000,365196000.0,12020790681.44,15411270000.0
2013-11-12,PAYX,30.39,30.45,30.57,30.34,30.53,1409816,59367051.4692,30.45,0.39,365196000,365196000.0,11970940572.88,15347360000.0
2013-11-09,PAYX,30.53,30.22,30.53,30.17,30.22,1927972,81079701.8209,30.41,0.53,365196000,365196000.0,12023637785.98,15414920000.0
2013-11-08,PAYX,30.22,30.45,30.56,29.96,30.31,3547719,148314478.8538,30.23,0.97,365196000,365196000.0,11904000146.08,15261540000.0
2013-11-07,PAYX,30.31,30.31,30.55,30.17,30.31,2119118,88866696.7126,30.33,0.58,365196000,365196000.0,11938181067.42,15305360000.0
2013-11-06,PAYX,30.31,30.33,30.44,30.15,30.37,1806653,75802625.181,30.34,0.49,365196000,365196000.0,11938181067.42,15305360000.0
2013-11-05,PAYX,30.37,30.55,30.55,30.27,30.37,2370588,99600001.1671,30.39,0.65,365196000,365196000.0,11962395556.19,15336400000.0
2013-11-02,PAYX,30.37,30.53,30.7,30.29,30.57,2284486,96091402.5477,30.42,0.63,365196000,365196000.0,11960969867.52,15334570000.0
2013-11-01,PAYX,30.57,30.54,30.67,30.45,30.59,3021373,127777486.7962,30.59,0.83,365196000,365196000.0,12811057420.2,15435010000.0
2013-10-31,PAYX,30.59,29.85,31.03,29.85,31.04,4746801,201388192.1977,30.68,1.3,365196000,365196000.0,12821662726.65,15447780000.0
2013-10-30,PAYX,31.04,31.04,31.29,30.85,31.04,2741956,118621102.0744,31.03,0.75,365196000,365196000.0,13115682632.47,15802020000.0
2013-10-29,PAYX,31.04,30.83,31.1,30.71,30.85,1531766,66232636.6533,31.02,0.42,365196000,365196000.0,13115682632.47,15802020000.0
2013-10-26,PAYX,30.85,30.85,30.85,30.63,30.74,1189812,51011865.2392,30.76,0.33,365196000,365196000.0,13033845240.0,15703430000.0
2013-10-25,PAYX,30.74,30.62,30.83,30.59,30.6,1563330,66996333.6204,30.74,0.43,365196000,365196000.0,12988375609.99,15648640000.0
2013-10-24,PAYX,30.6,30.52,30.62,30.45,30.65,1729179,73569817.4644,30.52,0.47,365196000,365196000.0,12930783594.56,15579250000.0
2013-10-23,PAYX,30.65,30.08,30.74,30.08,30.32,2584713,110197687.9272,30.58,0.71,365196000,365196000.0,12948969446.02,15601160000.0
2013-10-22,PAYX,30.32,29.78,30.32,29.74,29.86,2291687,96365656.0603,30.17,0.63,365196000,365196000.0,12809540341.24,15433180000.0
2013-10-19,PAYX,29.86,29.72,29.89,29.58,29.7,1579950,65656860.3855,29.81,0.43,365196000,365196000.0,12618577837.27,15203100000.0
2013-10-18,PAYX,29.7,29.4,29.71,29.35,29.53,1566094,64501609.4817,29.55,0.43,365196000,365196000.0,12548863133.32,15119110000.0
2013-10-17,PAYX,29.53,29.3,29.54,29.2,29.21,1990603,81600782.8072,29.41,0.55,365196000,365196000.0,12479148732.49,15035120000.0
2013-10-16,PAYX,29.21,29.28,29.28,29.1,29.34,2064090,84032583.9557,29.21,0.57,365196000,365196000.0,12342744086.02,14870770000.0
2013-10-15,PAYX,29.34,29.18,29.38,29.07,29.23,1656028,67527009.1817,29.25,0.45,365196000,365196000.0,12397306793.32,14936510000.0
2013-10-12,PAYX,29.23,28.73,29.27,28.72,28.83,1775489,72086437.1362,29.13,0.49,365196000,365196000.0,12348807855.19,14878080000.0
2013-10-11,PAYX,28.83,28.45,28.85,28.41,28.28,2819439,112506871.3005,28.63,0.77,365196000,365196000.0,12182094971.85,14677220000.0
2013-10-10,PAYX,28.28,28.39,28.51,28.13,28.38,2788755,109911527.562,28.27,0.76,365196000,365196000.0,11948701542.49,14396020000.0
2013-10-09,PAYX,28.38,28.38,28.54,28.35,28.45,3388595,134416407.6663,28.46,0.93,365196000,365196000.0,11991137014.57,14447150000.0
2013-10-08,PAYX,28.45,28.24,28.47,28.13,28.37,2266856,89688821.8288,28.38,0.62,365196000,365196000.0,12021445554.56,14483670000.0
2013-10-05,PAYX,28.37,28.42,28.47,28.23,28.35,2199765,86959325.9706,28.36,0.6,365196000,365196000.0,11988102856.65,14443500000.0
2013-10-04,PAYX,28.35,28.67,28.69,28.29,28.65,2268843,89953033.9611,28.44,0.62,365196000,365196000.0,11979010082.47,14432540000.0
2013-10-03,PAYX,28.65,28.6,28.65,28.36,28.68,2214085,88061433.7192,28.53,0.61,365196000,365196000.0,12106316801.85,14585920000.0
2013-10-02,PAYX,28.68,28.64,28.79,28.31,29.15,4077175,162456660.5907,28.58,1.12,365196000,365196000.0,12118744421.73,14600890000.0
2013-10-01,PAYX,29.15,28.7,29.25,28.69,28.95,3255587,131894891.8546,29.06,0.89,365196000,365196000.0,12318499315.2,14841560000.0
2013-09-28,PAYX,28.95,29.23,29.25,28.85,29.27,2026372,81868849.3159,28.98,0.55,365196000,365196000.0,12230593909.99,14735650000.0
2013-09-27,PAYX,29.27,29.2,29.4,29.13,29.12,1345627,54916904.2546,29.28,0.37,365196000,365196000.0,12366993706.65,14899990000.0
2013-09-26,PAYX,29.12,29.15,29.28,29.01,29.2,1363371,55381205.7197,29.14,0.37,365196000,365196000.0,12303342771.86,14823300000.0
2013-09-25,PAYX,29.2,29.2,29.32,29.07,29.18,1382972,56291662.5048,29.2,0.38,365196000,365196000.0,12339714777.9,14867130000.0
2013-09-24,PAYX,29.18,29.37,29.41,28.97,29.4,2051663,83410952.1956,29.16,0.56,365196000,365196000.0,12327592392.49,14852520000.0
2013-09-21,PAYX,29.4,29.54,29.58,29.36,29.49,2563774,105336741.4458,29.47,0.7,365196000,365196000.0,12424586025.19,14969380000.0
2013-09-20,PAYX,29.49,29.44,29.52,29.33,29.36,1173412,48165862.579,29.45,0.32,365196000,365196000.0,12460958031.22,15013200000.0
2013-09-19,PAYX,29.36,29.17,29.53,29.15,29.21,1736343,71065911.0028,29.36,0.48,365196000,365196000.0,12404882791.65,14945640000.0
2013-09-18,PAYX,29.21,29.21,29.26,29.1,29.16,984944,40086812.0482,29.2,0.27,365196000,365196000.0,12342744086.02,14870770000.0
2013-09-17,PAYX,29.16,29.12,29.3,29.11,28.93,1113277,45288100.5671,29.18,0.3,365196000,365196000.0,12321528623.32,14845210000.0
2013-09-14,PAYX,28.93,28.94,29.0,28.76,28.9,925614,37306682.5191,28.91,0.25,365196000,365196000.0,12224530443.94,14728350000.0
2013-09-13,PAYX,28.9,28.95,29.19,28.88,29.05,1092176,44175999.55,29.02,0.3,365196000,365196000.0,12209378447.29,14710090000.0
2013-09-12,PAYX,29.05,28.65,29.05,28.65,28.69,1603092,64642259.4218,28.93,0.44,365196000,365196000.0,12273029685.19,14786780000.0
2013-09-11,PAYX,28.69,28.48,28.76,28.47,28.36,1344655,53717486.7848,28.66,0.37,365196000,365196000.0,12121473345.19,14604180000.0
2013-09-10,PAYX,28.36,28.22,28.4,28.08,28.1,964974,38045339.9416,28.28,0.26,365196000,365196000.0,11985073548.52,14439840000.0
2013-09-07,PAYX,28.1,28.05,28.3,27.63,27.94,1440355,56387428.0412,28.08,0.39,365196000,365196000.0,11872923372.49,14304720000.0
2013-09-06,PAYX,27.94,27.81,28.03,27.75,27.86,976996,38034447.441,27.93,0.27,365196000,365196000.0,11806237976.66,14224380000.0
2013-09-05,PAYX,27.86,26.4,27.92,26.4,27.67,2073449,80309861.3191,27.79,0.57,365196000,365196000.0,11772895581.86,14184210000.0
2013-09-04,PAYX,27.67,27.95,28.08,27.5,27.75,1579813,61035271.1302,27.71,0.43,365196000,365196000.0,11691053945.81,14085610000.0
2013-08-31,PAYX,27.75,27.63,27.8,27.5,27.68,2261418,87233055.0725,27.67,0.62,365487200,365487000.0,11026893023.32,14137040000.0
2013-08-30,PAYX,27.68,27.6,27.86,27.5,27.65,1294289,50021162.2621,27.72,0.35,365487200,365487000.0,11001236962.2,14104150000.0
2013-08-29,PAYX,27.65,27.67,27.76,27.59,27.6,1287613,49697469.7521,27.69,0.35,365487200,365487000.0,10986982106.16,14085870000.0
2013-08-28,PAYX,27.6,27.78,27.84,27.59,28.07,1539508,59445010.0879,27.7,0.42,365487200,365487000.0,10967024224.4,14060290000.0
2013-08-27,PAYX,28.07,28.2,28.27,28.03,28.2,876136,34386052.1612,28.15,0.24,365487200,365487000.0,11155178175.28,14301510000.0
2013-08-24,PAYX,28.2,28.31,28.4,28.08,28.3,1307370,51380803.2519,28.19,0.36,365487200,365487000.0,11206494858.8,14367300000.0
2013-08-23,PAYX,28.3,28.26,28.43,28.13,28.11,1113142,43858569.5468,28.26,0.3,365487200,365487000.0,11246405775.96,14418460000.0
2013-08-22,PAYX,28.11,28.23,28.43,28.02,28.36,1186723,46695041.3176,28.23,0.32,365487200,365487000.0,11169433031.32,14319780000.0
2013-08-21,PAYX,28.36,28.34,28.54,28.21,28.24,1309043,51792409.345,28.38,0.36,365487200,365487000.0,11272062122.16,14451360000.0
2013-08-20,PAYX,28.24,28.17,28.42,28.16,28.21,1342204,52976773.0891,28.31,0.37,365487200,365487000.0,11220745438.64,14385570000.0
2013-08-17,PAYX,28.21,28.31,28.39,28.15,28.36,1548450,61015583.6896,28.27,0.42,365531840,365532000.0,11210713324.26,14372710000.0
2013-08-16,PAYX,28.36,28.57,28.57,28.31,28.71,1923485,76143456.1365,28.4,0.53,365531840,365532000.0,11273438873.12,14453130000.0
2013-08-15,PAYX,28.71,28.95,28.97,28.64,28.92,1479750,59273882.5882,28.74,0.4,365531840,365532000.0,11410292853.56,14628580000.0
2013-08-14,PAYX,28.92,29.05,29.1,28.81,28.95,1775770,71532430.1642,28.9,0.49,365531840,365532000.0,11492978436.68,14734590000.0
2013-08-13,PAYX,28.95,28.77,29.12,28.73,28.98,1203298,48628747.3046,28.99,0.33,365531840,365532000.0,11507230757.06,14752860000.0
2013-08-10,PAYX,28.98,28.74,29.11,28.7,28.87,1627453,65705485.4596,28.96,0.45,365531840,365532000.0,11518637631.39,14767480000.0
2013-08-09,PAYX,28.87,29.11,29.11,28.85,28.93,1514217,61075468.7451,28.93,0.41,365531840,365532000.0,11475872116.8,14712650000.0
2013-08-08,PAYX,28.93,29.02,29.04,28.77,29.07,1565823,63192221.0148,28.95,0.43,365531840,365532000.0,11498677597.12,14741890000.0
2013-08-07,PAYX,29.07,28.97,29.19,28.96,29.06,1832622,74322896.0231,29.09,0.5,365531840,365532000.0,11552850271.16,14811340000.0
2013-08-06,PAYX,29.06,29.05,29.14,28.99,29.25,2592635,105103587.3144,29.08,0.71,365531840,365532000.0,11550000548.38,14807690000.0
2013-08-03,PAYX,29.25,29.3,29.3,28.77,29.01,2822822,114302239.1145,29.05,0.77,365531840,365532000.0,11624128979.96,14902730000.0
2013-08-02,PAYX,29.01,28.41,29.04,28.27,28.29,3086993,124155425.7238,28.85,0.84,365531840,365532000.0,11530040514.11,14782100000.0
2013-08-01,PAYX,28.29,28.04,28.4,27.92,27.89,3518912,138462821.4882,28.23,0.96,365531840,365532000.0,11244925678.91,14416570000.0
2013-07-31,PAYX,27.89,28.05,28.21,27.89,27.92,2349279,91753189.2511,28.02,0.64,365531840,365532000.0,11085261941.43,14211870000.0
2013-07-30,PAYX,27.92,27.81,27.96,27.81,27.92,6125895,240528966.7967,27.92,1.68,365531840,365532000.0,11196456727.16,14354430000.0
2013-07-27,PAYX,27.92,27.73,27.92,27.61,27.9,7355883,288635911.5222,27.9,2.01,365531840,365532000.0,11196456727.16,14354430000.0
2013-07-26,PAYX,27.9,27.74,27.92,27.68,27.88,7128285,279582664.5449,27.89,1.95,365531840,365532000.0,11187903567.21,14343460000.0
2013-07-25,PAYX,27.88,28.08,28.08,27.76,27.87,1495815,58661804.6581,27.88,0.41,365531840,365532000.0,11182199844.94,14336150000.0
2013-07-24,PAYX,27.87,28.2,28.2,27.83,28.01,2017035,79225685.6701,27.93,0.55,365531840,365532000.0,11176500684.5,14328840000.0
2013-07-23,PAYX,28.01,28.17,28.19,27.93,27.98,1782191,70292446.7237,28.04,0.49,365531840,365532000.0,11233522796.19,14401950000.0
2013-07-20,PAYX,27.98,28.04,28.09,27.89,27.98,1688036,66434839.4105,27.98,0.46,365531840,365532000.0,11219266199.09,14383670000.0
2013-07-19,PAYX,27.98,27.91,28.09,27.85,27.87,1366235,53756144.6271,27.97,0.37,365531840,365532000.0,11222115921.86,14387320000.0
2013-07-18,PAYX,27.87,27.97,27.97,27.77,27.77,1685429,66029207.5331,27.85,0.46,365531840,365532000.0,11176500684.5,14328840000.0
2013-07-17,PAYX,27.77,27.73,27.88,27.71,27.74,1402832,54799795.7729,27.77,0.38,365531840,365532000.0,11136584892.68,14277670000.0
2013-07-16,PAYX,27.74,27.74,27.99,27.71,28.01,1855219,72572451.2763,27.81,0.51,365531840,365532000.0,11125178018.36,14263050000.0
2013-07-13,PAYX,28.01,28.06,28.08,27.65,27.65,2299780,90362238.2286,27.94,0.63,365531840,365532000.0,11233522796.19,14401950000.0
2013-07-12,PAYX,27.65,27.53,27.72,27.52,27.36,1759652,68358249.9966,27.62,0.48,365531840,365532000.0,11088115940.93,14215530000.0
2013-07-11,PAYX,27.36,27.05,27.46,27.05,27.12,1556751,59861585.8576,27.34,0.43,365531840,365532000.0,10971217718.04,14065660000.0
2013-07-10,PAYX,27.12,27.16,27.18,27.0,27.05,1674293,63876107.9522,27.12,0.46,365531840,365532000.0,10877129252.19,13945040000.0
2013-07-09,PAYX,27.05,27.01,27.06,26.78,26.74,2509234,95140615.6816,26.96,0.69,365531840,365532000.0,10845766620.32,13904820000.0
2013-07-06,PAYX,26.74,26.66,26.8,26.41,26.42,1219362,45685347.0898,26.64,0.33,365531840,365532000.0,10723164960.26,13747640000.0
2013-07-04,PAYX,26.42,26.21,26.56,26.17,26.26,903947,33557405.2704,26.39,0.25,365531840,365532000.0,10594864139.77,13583160000.0
2013-07-03,PAYX,26.26,26.16,26.49,26.04,26.06,2939946,108550741.2343,26.25,0.8,365531840,365532000.0,10532138590.91,13502740000.0
2013-07-02,PAYX,26.06,25.9,26.22,25.82,25.96,2307380,84623837.5623,26.07,0.63,365531840,365532000.0,10452306722.17,13400390000.0
2013-06-29,PAYX,25.96,25.71,26.14,25.59,26.02,4584863,166971050.1537,25.89,1.26,363897920,363898000.0,10363010766.97,13285910000.0
2013-06-28,PAYX,26.02,26.28,26.31,25.41,27.01,7255375,263308362.0034,25.8,1.99,363897920,363898000.0,10388555265.6,13318660000.0
2013-06-27,PAYX,27.01,26.93,27.12,26.75,26.75,2377752,90301533.1084,27.0,0.65,363897920,363898000.0,10783093390.46,13824470000.0
2013-06-26,PAYX,26.75,26.78,26.83,26.41,26.47,2003660,75163880.6451,26.67,0.55,363897920,363898000.0,10680910570.68,13693470000.0
2013-06-25,PAYX,26.47,26.3,26.57,26.19,26.43,3213312,119346867.7571,26.41,0.88,363897920,363898000.0,10568792486.17,13549730000.0
2013-06-22,PAYX,26.43,26.28,26.51,26.07,26.12,3338519,123675075.7949,26.34,0.92,363897920,363898000.0,10550346551.55,13526080000.0
2013-06-21,PAYX,26.12,26.27,26.44,26.09,26.56,2798725,103190387.3138,26.21,0.77,363897920,363898000.0,10428292918.46,13369600000.0
2013-06-20,PAYX,26.56,26.85,26.95,26.55,26.87,1520726,57209706.0371,26.75,0.42,363897920,363898000.0,10604272533.37,13595220000.0
2013-06-19,PAYX,26.87,26.9,26.97,26.64,26.9,1640863,61883164.2416,26.81,0.45,363897920,363898000.0,10729162867.2,13755330000.0
2013-06-18,PAYX,26.9,26.62,27.02,26.56,26.41,2278588,86186194.3256,26.89,0.63,363897920,363898000.0,10740519036.86,13769890000.0
2013-06-15,PAYX,26.41,26.36,26.55,26.27,26.38,1390935,51668494.9435,26.41,0.38,363897920,363898000.0,10541831624.06,13515160000.0
2013-06-14,PAYX,26.38,26.04,26.45,25.94,25.99,1602828,59314248.1595,26.31,0.44,363897920,363898000.0,10533312438.97,13504240000.0
2013-06-13,PAYX,25.99,26.27,26.31,25.99,26.12,1862017,68338064.6706,26.09,0.51,363897920,363898000.0,10377203637.38,13304100000.0
2013-06-12,PAYX,26.12,26.23,26.44,26.11,26.36,1392358,51352932.4401,26.22,0.38,363897920,363898000.0,10428292918.46,13369600000.0
2013-06-11,PAYX,26.36,26.37,26.49,26.23,26.41,1133549,42046165.149,26.37,0.31,363897920,363898000.0,10524797511.48,13493330000.0
2013-06-08,PAYX,26.41,26.23,26.44,26.09,26.11,1241906,46045897.897,26.36,0.34,363897920,363898000.0,10544668324.8,13518800000.0
2013-06-07,PAYX,26.11,25.69,26.14,25.69,26.06,2142103,78253374.6191,25.97,0.59,363897920,363898000.0,10422614691.71,13362320000.0
2013-06-06,PAYX,26.06,26.35,26.38,25.94,26.38,1820832,66831448.0991,26.1,0.5,363897920,363898000.0,10405585120.57,13340490000.0
2013-06-05,PAYX,26.38,26.62,26.73,26.25,26.58,1818678,67655705.4775,26.45,0.5,363897920,363898000.0,10530475454.4,13500610000.0
2013-06-04,PAYX,26.58,26.65,26.8,26.47,26.47,2616273,97805161.7543,26.58,0.72,363897920,363898000.0,10609950476.28,13602500000.0
2013-06-01,PAYX,26.47,26.69,27.02,26.47,26.85,3349992,125413948.6533,26.62,0.92,363897920,363898000.0,10567376122.69,13547910000.0
2013-05-31,PAYX,26.85,26.9,27.05,26.71,26.9,1888519,71349745.4156,26.86,0.52,363897920,363898000.0,10717811238.97,13740780000.0
2013-05-30,PAYX,26.9,26.99,27.06,26.7,27.2,2033612,76869703.8863,26.87,0.56,363897920,363898000.0,10737677794.68,13766250000.0
2013-05-29,PAYX,27.2,27.19,27.49,27.13,26.92,1660178,63762783.5011,27.31,0.46,363897920,363898000.0,10859731427.77,13922730000.0
2013-05-25,PAYX,26.92,26.85,26.94,26.73,26.98,1715144,64732606.3829,26.83,0.47,363897920,363898000.0,10746192722.17,13777170000.0
2013-05-24,PAYX,26.98,26.8,27.16,26.8,27.0,1901341,72317107.5547,27.04,0.52,363897920,363898000.0,10771741478.4,13809920000.0
2013-05-23,PAYX,27.0,27.2,27.41,26.85,27.16,1887997,72073515.1722,27.14,0.52,363897920,363898000.0,10780256405.89,13820840000.0
2013-05-22,PAYX,27.16,27.14,27.26,27.06,27.14,1499512,57318535.801,27.18,0.41,363897920,363898000.0,10841281235.55,13899070000.0
2013-05-21,PAYX,27.14,27.25,27.39,27.06,27.39,1748074,66827101.7172,27.18,0.48,363897920,363898000.0,10837023629.89,13893620000.0
2013-05-18,PAYX,27.39,27.18,27.4,27.14,26.97,2095045,80431080.0045,27.29,0.58,363897920,363898000.0,10933528506.75,14017340000.0
2013-05-17,PAYX,26.97,27.4,27.43,26.95,27.48,2797902,107062830.7971,27.21,0.77,363897920,363898000.0,10768900520.06,13806280000.0
2013-05-16,PAYX,27.48,27.12,27.49,27.06,27.16,3228937,123876511.5603,27.28,0.89,363897920,363898000.0,10970428891.2,14064650000.0
2013-05-15,PAYX,27.16,26.76,27.17,26.76,26.68,2507880,95293661.8445,27.02,0.69,363897920,363898000.0,10842701572.8,13900890000.0
2013-05-14,PAYX,26.68,26.75,26.85,26.64,26.83,1279137,48090933.5154,26.73,0.35,363897920,363898000.0,10652529087.49,13657090000.0
2013-05-11,PAYX,26.83,26.68,26.85,26.56,26.6,1509872,56868120.9824,26.78,0.41,363897920,363898000.0,10712133296.06,13733500000.0
2013-05-10,PAYX,26.6,26.36,26.73,26.36,26.43,2046912,76697577.7142,26.64,0.56,363897920,363898000.0,10621306645.95,13617050000.0
2013-05-09,PAYX,26.43,26.25,26.47,26.25,26.36,1307835,48521325.8783,26.38,0.36,363897920,363898000.0,10553183252.29,13529720000.0
2013-05-08,PAYX,26.36,26.37,26.49,26.31,26.38,1339762,49706507.2825,26.38,0.37,363897920,363898000.0,10524797511.48,13493330000.0
2013-05-07,PAYX,26.38,26.47,26.53,26.28,26.57,1896987,70339327.5695,26.36,0.52,363897920,363898000.0,10533312438.97,13504240000.0
2013-05-04,PAYX,26.57,26.31,26.64,26.05,26.23,2700383,100679176.002,26.51,0.74,363897920,363898000.0,10607113775.55,13598860000.0
2013-05-03,PAYX,26.23,25.96,26.26,25.86,25.81,2302521,84703268.2959,26.15,0.63,363897920,363898000.0,10473708230.4,13427830000.0
2013-05-02,PAYX,25.81,25.94,26.04,25.74,25.89,2142735,78049096.6622,25.9,0.59,363897920,363898000.0,10303402300.8,13209490000.0
2013-05-01,PAYX,25.89,25.63,25.89,25.61,25.69,2111313,76568216.417,25.78,0.58,363897920,363898000.0,10334625026.17,13249520000.0
2013-04-30,PAYX,25.69,25.59,25.77,25.47,25.5,1418935,51190350.421,25.65,0.39,363897920,363898000.0,10255150004.28,13147630000.0
2013-04-27,PAYX,25.5,25.76,25.82,25.49,25.79,2156813,77662940.9257,25.6,0.59,363897920,363898000.0,10181353209.15,13053010000.0
2013-04-26,PAYX,25.79,25.72,25.83,25.64,25.62,1847354,66922975.7088,25.76,0.51,363897920,363898000.0,10297728615.49,13202210000.0
2013-04-25,PAYX,25.62,25.69,25.77,25.58,25.63,1665061,60091029.1425,25.66,0.46,363897920,363898000.0,10229605505.66,13114880000.0
2013-04-24,PAYX,25.63,25.5,25.64,25.27,25.28,2486833,89380998.1756,25.55,0.68,363897920,363898000.0,10232442206.4,13118510000.0
2013-04-23,PAYX,25.28,25.31,25.39,24.95,25.17,1706411,60480835.2899,25.2,0.47,363897920,363898000.0,10093363259.78,12940210000.0
2013-04-20,PAYX,25.17,25.0,25.23,25.0,25.12,2532579,89439774.8645,25.11,0.7,363897920,363898000.0,10047947664.0,12881980000.0
2013-04-19,PAYX,25.12,25.45,25.47,25.0,25.33,2526105,89448077.1059,25.18,0.69,363897920,363898000.0,10028076850.68,12856500000.0
2013-04-18,PAYX,25.33,25.18,25.41,25.06,25.35,3646076,129378060.8306,25.23,1.0,363897920,363898000.0,10113229815.48,12965680000.0
2013-04-17,PAYX,25.35,25.24,25.44,25.15,25.13,2818750,100398787.1563,25.32,0.77,363897920,363898000.0,10121744742.97,12976590000.0
2013-04-16,PAYX,25.13,25.49,25.7,25.07,25.69,3425160,121912723.4519,25.31,0.94,363897920,363898000.0,10030918092.86,12860150000.0
2013-04-13,PAYX,25.69,25.67,25.69,25.46,25.66,1801670,64920106.6027,25.62,0.5,363897920,363898000.0,10257991246.46,13151270000.0
2013-04-12,PAYX,25.66,25.44,25.71,25.42,25.45,1616307,58253297.9587,25.62,0.44,363897920,363898000.0,10243798376.06,13133070000.0
2013-04-11,PAYX,25.45,25.1,25.48,25.05,25.04,2582803,92107375.6146,25.35,0.71,363897920,363898000.0,10161482112.0,13027540000.0
2013-04-10,PAYX,25.04,25.05,25.1,24.8,24.93,2618624,92010295.5835,24.98,0.72,363897920,363898000.0,9996854125.31,12816480000.0
2013-04-09,PAYX,24.93,24.79,24.93,24.73,24.81,1529821,53458976.7973,24.84,0.42,363897920,363898000.0,9951443070.98,12758260000.0
2013-04-06,PAYX,24.81,25.2,25.2,24.64,25.32,3799223,132400626.8193,24.78,1.04,363897920,363898000.0,9903190774.46,12696390000.0
2013-04-05,PAYX,25.32,25.2,25.45,25.18,25.21,1849279,65837476.1743,25.31,0.51,363897920,363898000.0,10107551872.57,12958390000.0
2013-04-04,PAYX,25.21,25.52,25.56,25.15,25.5,3064284,109283086.3054,25.36,0.84,363897920,363898000.0,10064977518.97,12903810000.0
2013-04-03,PAYX,25.5,25.32,25.53,25.09,25.12,3392141,120836173.0291,25.33,0.93,363897920,363898000.0,10181353209.15,13053010000.0
2013-04-02,PAYX,25.12,24.78,25.24,24.78,24.93,3701787,130653043.327,25.09,1.02,363897920,363898000.0,10028076850.68,12856500000.0
2013-03-29,PAYX,24.93,24.76,25.01,24.24,24.71,4963606,173462111.4156,24.85,1.36,363897920,363898000.0,9951443070.98,12758260000.0
2013-03-28,PAYX,24.71,24.58,24.87,24.51,24.77,2901211,100886099.1585,24.72,0.8,363897920,363898000.0,9866290106.17,12649090000.0
2013-03-27,PAYX,24.77,24.47,24.82,24.47,24.42,2318003,80549897.2591,24.71,0.64,363897920,363898000.0,9888997904.06,12678200000.0
2013-03-26,PAYX,24.42,24.52,24.65,24.35,24.49,2769362,95330268.7661,24.47,0.76,363897920,363898000.0,9749914416.0,12499890000.0
2013-03-23,PAYX,24.49,24.31,24.49,24.19,24.29,2153139,73812593.4769,24.37,0.59,363897920,363898000.0,9775459198.46,12532640000.0
2013-03-22,PAYX,24.29,24.38,24.38,24.17,24.45,2783707,94992049.9964,24.26,0.76,363897920,363898000.0,9695984176.57,12430750000.0
2013-03-21,PAYX,24.45,24.25,24.51,24.06,24.11,3160189,108139117.3075,24.33,0.87,363897920,363898000.0,9761270585.66,12514450000.0
2013-03-20,PAYX,24.11,24.05,24.19,23.91,24.02,2430114,82197116.3901,24.05,0.67,363897920,363898000.0,9625024082.17,12339770000.0
2013-03-19,PAYX,24.02,23.97,24.19,23.92,24.17,1688258,57092828.676,24.04,0.46,363897920,363898000.0,9589544034.97,12294280000.0
2013-03-16,PAYX,24.17,24.27,24.34,24.07,24.35,2971452,101147028.5848,24.2,0.82,363897920,363898000.0,9647731880.06,12368880000.0
2013-03-15,PAYX,24.35,24.24,24.36,24.21,24.26,1737401,59411103.044,24.31,0.48,363897920,363898000.0,9721532932.8,12463500000.0
2013-03-14,PAYX,24.26,24.21,24.3,24.05,24.09,1811302,61654166.1442,24.2,0.5,363897920,363898000.0,9684632548.35,12416190000.0
2013-03-13,PAYX,24.09,24.17,24.21,24.0,24.14,1806904,61222963.2374,24.09,0.5,363897920,363898000.0,9619350396.86,12332500000.0
2013-03-12,PAYX,24.14,24.18,24.25,24.03,24.17,2032689,68971759.9388,24.12,0.56,363897920,363898000.0,9636379968.0,12354330000.0
2013-03-09,PAYX,24.17,24.34,24.35,24.06,24.22,1901554,64637226.1432,24.17,0.52,363897920,363898000.0,9647731880.06,12368880000.0
2013-03-08,PAYX,24.22,24.06,24.32,24.01,24.01,2913466,99314800.0473,24.24,0.8,363897920,363898000.0,9667602693.38,12394360000.0
2013-03-07,PAYX,24.01,24.17,24.24,23.93,24.13,1883169,63589884.7263,24.01,0.52,363897920,363898000.0,9586707050.4,12290650000.0
2013-03-06,PAYX,24.13,23.95,24.17,23.89,23.83,2253296,76245651.0308,24.06,0.62,363897920,363898000.0,9633539009.66,12350690000.0
2013-03-05,PAYX,23.83,23.56,23.85,23.48,23.71,2412538,80487314.7095,23.72,0.66,363897920,363898000.0,9512910255.26,12196040000.0
2013-03-02,PAYX,23.71,23.27,23.75,23.27,23.54,2970845,98737215.9713,23.63,0.82,363897920,363898000.0,9466074038.4,12135990000.0
2013-03-01,PAYX,23.54,23.57,23.69,23.5,23.58,3224605,106964965.4099,23.58,0.89,363897920,363898000.0,10119344916.25,12046840000.0
2013-02-28,PAYX,23.58,23.43,23.63,23.4,23.45,3628262,120168022.927,23.55,1.0,363716320,363716000.0,10134154775.37,12064460000.0
2013-02-27,PAYX,23.45,23.63,23.77,23.38,23.47,3520875,116434934.8702,23.51,0.97,363716320,363716000.0,10079158423.62,11999000000.0
2013-02-26,PAYX,23.47,23.74,23.9,23.46,23.55,3046010,101596306.847,23.71,0.84,363716320,363716000.0,10085270079.88,12006270000.0
2013-02-23,PAYX,23.55,23.55,23.64,23.43,23.47,2393869,79242557.8294,23.53,0.66,363716320,363716000.0,10118877773.37,12046280000.0
2013-02-22,PAYX,23.47,23.92,23.93,23.37,23.97,3844842,127181986.7364,23.52,1.06,363716320,363716000.0,10085270079.88,12006270000.0
2013-02-21,PAYX,23.97,24.15,24.21,23.95,24.12,2067674,70016397.8546,24.08,0.57,363716320,363716000.0,10299134359.47,12260870000.0
2013-02-20,PAYX,24.12,24.14,24.14,23.98,24.15,2293388,77686910.835,24.08,0.63,363716320,363716000.0,10366349440.93,12340890000.0
2013-02-16,PAYX,24.15,23.93,24.17,23.92,23.97,3188059,107958820.0062,24.08,0.88,363716320,363716000.0,10378568170.63,12355440000.0
2013-02-15,PAYX,23.97,23.8,23.97,23.72,23.84,1964066,66023439.6877,23.9,0.54,363716320,363716000.0,10302187743.43,12264500000.0
2013-02-14,PAYX,23.84,23.6,23.92,23.6,23.77,1721241,57690989.5087,23.83,0.47,363716320,363716000.0,10244142590.54,12195410000.0
2013-02-13,PAYX,23.77,23.66,23.81,23.6,23.69,1947476,65015703.3746,23.74,0.54,363716320,363716000.0,10216642276.01,12162660000.0
2013-02-12,PAYX,23.69,23.66,23.73,23.54,23.69,1874029,62390358.9969,23.67,0.52,363716320,363716000.0,10179981198.56,12119020000.0
2013-02-09,PAYX,23.69,23.7,23.89,23.6,23.62,2047082,68287564.4262,23.72,0.56,363716320,363716000.0,10179981198.56,12119020000.0
2013-02-08,PAYX,23.62,23.62,23.73,23.41,23.65,2637471,87324011.5142,23.54,0.73,363716320,363716000.0,10149426889.03,12082650000.0
2013-02-07,PAYX,23.65,23.67,23.76,23.48,23.71,3914965,130249292.1592,23.65,1.08,363716320,363716000.0,10164704196.56,12100830000.0
2013-02-06,PAYX,23.71,23.44,23.72,23.34,23.26,3434283,113812451.1398,23.56,0.94,363716320,363716000.0,10189146238.78,12129930000.0
2013-02-05,PAYX,23.26,23.43,23.56,23.18,23.36,2853076,93693004.4214,23.35,0.78,363716320,363716000.0,9993612650.67,11897160000.0
2013-02-02,PAYX,23.36,23.28,23.53,23.26,23.21,4356742,143361183.4147,23.39,1.2,363716320,363716000.0,10039439073.86,11951710000.0
2013-02-01,PAYX,23.21,23.0,23.24,22.98,22.95,7189141,234268849.7377,23.17,1.98,363716320,363716000.0,9975281959.19,11875330000.0
2013-01-31,PAYX,22.95,23.11,23.15,22.87,23.16,4134887,133675480.008,22.98,1.14,363716320,363716000.0,9862240454.54,11740760000.0
2013-01-30,PAYX,23.16,22.77,23.18,22.72,22.72,3856670,124941433.3706,23.03,1.06,363716320,363716000.0,9953893300.92,11849870000.0
2013-01-29,PAYX,22.72,22.69,22.81,22.51,22.64,2373962,75794431.9848,22.7,0.65,363716320,363716000.0,9761417679.59,11620730000.0
2013-01-26,PAYX,22.64,22.57,22.66,22.42,22.57,3416385,108454846.6011,22.57,0.94,363716320,363716000.0,9727810291.63,11580720000.0
2013-01-25,PAYX,22.57,23.01,23.03,22.56,22.95,5164176,164957192.8051,22.71,1.42,363716320,363716000.0,9697256287.62,11544350000.0
2013-01-24,PAYX,22.95,23.13,23.21,22.91,23.09,3173955,102614891.9449,22.99,0.87,363716320,363716000.0,9862240454.54,11740760000.0
2013-01-23,PAYX,23.09,23.07,23.14,22.91,23.02,1807623,58608016.4345,23.05,0.5,363716320,363716000.0,9920285607.43,11809860000.0
2013-01-19,PAYX,23.02,22.79,23.03,22.73,22.77,2881287,92661587.731,22.86,0.79,363716320,363716000.0,9892789875.73,11777130000.0
2013-01-18,PAYX,22.77,22.81,22.87,22.72,22.72,1501649,48141649.1027,22.79,0.41,363716320,363716000.0,9782802060.56,11646190000.0
2013-01-17,PAYX,22.72,22.84,22.95,22.69,22.81,1303701,41695615.9288,22.74,0.36,363716320,363716000.0,9761417679.59,11620730000.0
2013-01-16,PAYX,22.81,22.92,22.97,22.74,22.94,1608948,51627257.3195,22.81,0.44,363716320,363716000.0,9801132446.52,11668010000.0
2013-01-15,PAYX,22.94,22.59,23.01,22.59,22.59,2890270,92868976.4098,22.84,0.79,363716320,363716000.0,9859182487.76,11737120000.0
2013-01-12,PAYX,22.59,22.68,22.78,22.43,22.64,2583707,82013815.5192,22.57,0.71,363716320,363716000.0,9709479600.14,11558900000.0
2013-01-11,PAYX,22.64,22.82,22.86,22.56,22.72,2609185,83242621.5651,22.68,0.72,363716320,363716000.0,9730863675.58,11584360000.0
2013-01-10,PAYX,22.72,22.77,22.92,22.64,22.72,2181700,69803914.7498,22.75,0.6,363716320,363716000.0,9764471369.07,11624370000.0
2013-01-09,PAYX,22.72,22.7,22.85,22.68,22.77,2583070,82672154.9981,22.75,0.71,363716320,363716000.0,9761417679.59,11620730000.0
2013-01-08,PAYX,22.77,22.89,22.89,22.68,22.87,1804196,57775045.0254,22.77,0.5,363716320,363716000.0,9782802060.56,11646190000.0
2013-01-05,PAYX,22.87,22.81,22.9,22.58,22.68,2048830,65661100.5277,22.79,0.56,363716320,363716000.0,9828633066.57,11700750000.0
2013-01-04,PAYX,22.68,22.53,22.89,22.51,22.64,2615653,83397728.739,22.67,0.72,363716320,363716000.0,9746140677.59,11602550000.0
2013-01-03,PAYX,22.64,22.54,22.64,22.37,22.11,3486945,110507521.7077,22.53,0.96,363716320,363716000.0,9730863675.58,11584360000.0
2013-01-01,PAYX,22.11,21.73,22.14,21.72,21.95,2940835,90893234.3055,21.97,0.81,363716320,363716000.0,9501722393.98,11311570000.0
2012-12-29,PAYX,21.95,22.02,22.2,21.91,22.12,2996424,92982920.0855,22.06,0.82,363716320,363716000.0,9434507312.53,11231550000.0
2012-12-28,PAYX,22.12,22.1,22.17,21.83,22.15,2779178,86031667.2157,22.01,0.76,363716320,363716000.0,9504776083.46,11315210000.0
2012-12-27,PAYX,22.15,22.4,22.44,22.05,22.4,2116639,66012033.2376,22.17,0.58,363716320,363716000.0,9516999395.99,11329760000.0
2012-12-25,PAYX,22.4,22.35,22.49,22.18,22.32,1621635,50828196.6265,22.28,0.45,363716320,363716000.0,9623933827.2,11457060000.0
2012-12-22,PAYX,22.32,22.59,23.01,22.27,23.03,8462629,269287506.4064,22.62,2.33,363716320,363716000.0,9593379823.19,11420690000.0
2012-12-21,PAYX,23.03,23.3,23.33,22.85,23.5,13485360,437312639.8906,23.06,3.71,363716320,363716000.0,9895848148.03,11780770000.0
2012-12-20,PAYX,23.5,23.65,23.75,23.45,23.58,3905110,129271621.7316,23.54,1.07,363716320,363716000.0,10097488809.58,12020820000.0
2012-12-19,PAYX,23.58,23.66,23.8,23.45,23.65,5521180,183383785.228,23.61,1.52,363716320,363716000.0,10131096503.07,12060830000.0
2012-12-18,PAYX,23.65,23.52,23.7,23.41,23.5,3172110,107571925.0048,23.64,0.87,363716320,363716000.0,10363296056.97,12337250000.0
2012-12-15,PAYX,23.5,23.43,23.55,23.4,23.5,1996850,67275254.3265,23.49,0.55,363716320,363716000.0,10299134359.47,12260870000.0
2012-12-14,PAYX,23.5,23.61,23.72,23.42,23.58,2173926,73374117.7419,23.53,0.6,363716320,363716000.0,10299134359.47,12260870000.0
2012-12-13,PAYX,23.58,23.69,23.74,23.54,23.63,4443207,150600217.4566,23.63,1.22,363716320,363716000.0,10332742052.96,12300880000.0
2012-12-12,PAYX,23.63,23.26,23.65,23.24,23.19,3788948,127873179.5294,23.53,1.04,363716320,363716000.0,10357184095.19,12329980000.0
2012-12-11,PAYX,23.19,23.08,23.34,23.08,23.14,2104202,70147121.3546,23.24,0.58,363716320,363716000.0,10161650507.08,12097200000.0
2012-12-08,PAYX,23.14,23.17,23.21,22.95,23.1,1625478,53781680.1859,23.07,0.45,363716320,363716000.0,10140261848.81,12071740000.0
2012-12-07,PAYX,23.1,23.01,23.14,22.94,22.98,1820298,60185408.3606,23.05,0.5,363716320,363716000.0,10121931157.33,12049910000.0
2012-12-06,PAYX,22.98,22.87,23.05,22.79,22.86,2293260,75451459.9775,22.94,0.63,363716320,363716000.0,10073046461.83,11991720000.0
2012-12-05,PAYX,22.86,22.62,22.94,22.58,22.64,2167312,70903174.283,22.81,0.6,363716320,363716000.0,10018054998.42,11926250000.0
2012-12-04,PAYX,22.64,22.75,22.76,22.53,22.68,1588140,51615957.092,22.66,0.44,363716320,363716000.0,9923343879.74,11813500000.0
2012-12-01,PAYX,22.68,22.66,22.8,22.62,22.62,2386552,77648846.3258,22.68,0.66,363716320,363716000.0,10651794183.45,11835320000.0
2012-11-30,PAYX,22.62,22.52,22.64,22.45,22.48,1292149,41810827.5609,22.56,0.36,363456320,363456000.0,10611466793.39,11790520000.0
2012-11-29,PAYX,22.48,22.34,22.48,22.29,22.36,1745561,56056225.0373,22.39,0.48,363456320,363456000.0,10546045637.12,11717820000.0
2012-11-28,PAYX,22.36,22.45,22.51,22.3,22.48,1701207,54635259.7123,22.39,0.47,363456320,363456000.0,10493706618.6,11659670000.0
2012-11-27,PAYX,22.48,22.5,22.63,22.37,22.62,1720760,55473688.804,22.47,0.47,363456320,363456000.0,10546045637.12,11717820000.0
2012-11-24,PAYX,22.62,22.56,22.64,22.36,22.4,792966,25637064.1807,22.54,0.22,363456320,363456000.0,10611466793.39,11790520000.0
2012-11-22,PAYX,22.4,22.39,22.41,22.25,22.32,1743912,55894620.5269,22.34,0.48,363456320,363456000.0,10510063134.33,11677840000.0
2012-11-21,PAYX,22.32,22.35,22.36,22.13,22.26,2682097,85745828.4146,22.29,0.74,363456320,363456000.0,10470811487.33,11634230000.0
2012-11-20,PAYX,22.26,22.39,22.39,22.13,22.13,2737508,87502220.3635,22.28,0.75,363456320,363456000.0,10444641978.07,11605150000.0
2012-11-17,PAYX,22.13,21.95,22.18,21.91,22.01,2033592,64373757.4112,22.07,0.56,363456320,363456000.0,10382490293.12,11536100000.0
2012-11-16,PAYX,22.01,21.81,22.09,21.8,21.99,2446665,77181238.9509,21.99,0.67,363456320,363456000.0,10326882130.39,11474310000.0
2012-11-15,PAYX,21.99,22.41,22.41,21.95,22.39,2018442,64030220.1154,22.11,0.56,363456320,363456000.0,10318706325.85,11465230000.0
2012-11-14,PAYX,22.39,22.36,22.61,22.34,22.47,1651164,53201968.6625,22.46,0.45,363456320,363456000.0,10506793990.12,11674210000.0
2012-11-13,PAYX,22.47,22.45,22.59,22.43,22.42,1449211,46761092.8129,22.49,0.4,363456320,363456000.0,10541138976.8,11712380000.0
2012-11-10,PAYX,22.42,22.37,22.57,22.32,22.46,2467271,79349140.2443,22.42,0.68,363456320,363456000.0,10519876127.86,11688750000.0
2012-11-09,PAYX,22.46,22.66,22.78,22.45,22.76,1517485,49176670.5271,22.59,0.42,363456320,363456000.0,10539501787.81,11710550000.0
2012-11-08,PAYX,22.76,22.85,22.95,22.68,23.02,2268441,74225401.6272,22.81,0.62,363456320,363456000.0,10680162000.54,11866840000.0
2012-11-07,PAYX,23.02,22.98,23.27,22.95,22.83,2034796,67412368.2424,23.1,0.56,363456320,363456000.0,10801191646.65,12001320000.0
2012-11-06,PAYX,22.83,22.86,22.96,22.68,22.96,1710932,55930006.0733,22.79,0.47,363456320,363456000.0,10712875032.0,11903190000.0
2012-11-03,PAYX,22.96,23.43,23.43,22.91,23.21,5192055,172228221.2802,23.13,1.43,363456320,363456000.0,10775022137.39,11972240000.0
2012-11-02,PAYX,23.21,22.73,23.26,22.61,22.6,2629812,86870311.5552,23.03,0.72,363456320,363456000.0,10892781985.07,12103090000.0
2012-11-01,PAYX,22.6,22.92,22.93,22.46,22.73,2379115,77155881.8702,22.61,0.65,363456320,363456000.0,10604828081.98,11783140000.0
2012-10-27,PAYX,22.73,22.6,22.77,22.54,22.64,1722351,56535825.3824,22.65,0.47,363456320,363456000.0,10771752666.07,11968610000.0
2012-10-26,PAYX,22.64,22.74,22.75,22.54,22.62,1713226,56183519.7382,22.63,0.47,363456320,363456000.0,10732501019.06,11925000000.0
2012-10-25,PAYX,22.62,22.75,22.75,22.57,22.61,1413160,46388246.0177,22.65,0.39,363456320,363456000.0,10719413974.65,11910460000.0
2012-10-24,PAYX,22.61,22.36,22.73,22.24,22.53,2303676,75182986.4815,22.52,0.63,363456320,363456000.0,10716144503.33,11906820000.0
2012-10-23,PAYX,22.53,22.43,22.57,22.36,22.46,1246388,40584254.1373,22.47,0.34,363456320,363456000.0,10676892856.32,11863210000.0
2012-10-20,PAYX,22.46,22.76,22.76,22.44,22.75,1987998,65077905.7532,22.59,0.55,363456320,363456000.0,10647448969.07,11830500000.0
2012-10-19,PAYX,22.75,22.83,22.94,22.66,22.82,1973506,65032919.5359,22.74,0.54,363456320,363456000.0,10781565659.59,11979510000.0
2012-10-18,PAYX,22.82,22.7,22.89,22.64,22.75,1007104,33299389.2009,22.82,0.28,363456320,363456000.0,10817548162.39,12019500000.0
2012-10-17,PAYX,22.75,22.69,22.86,22.59,22.66,1137752,37513716.6028,22.76,0.31,363456320,363456000.0,10784834803.81,11983140000.0
2012-10-16,PAYX,22.66,22.64,22.71,22.55,22.52,1151749,37778970.4346,22.64,0.32,363456320,363456000.0,10742314012.59,11935900000.0
2012-10-13,PAYX,22.52,22.65,22.74,22.48,22.57,1925878,63011822.0101,22.58,0.53,363456320,363456000.0,10673618478.33,11859570000.0
2012-10-12,PAYX,22.57,22.8,22.81,22.55,22.61,1222988,40078405.2193,22.62,0.34,363456320,363456000.0,10696518516.27,11885020000.0
2012-10-11,PAYX,22.61,22.81,22.82,22.57,22.75,1134398,37238758.3622,22.66,0.31,363456320,363456000.0,10716144503.33,11906820000.0
2012-10-10,PAYX,22.75,23.04,23.05,22.7,23.02,1220306,40354169.7616,22.82,0.34,363456320,363456000.0,10784834803.81,11983140000.0
2012-10-09,PAYX,23.02,23.0,23.06,22.9,23.17,1024736,34145008.9625,23.0,0.28,363456320,363456000.0,10909138500.8,12121260000.0
2012-10-06,PAYX,23.17,23.29,23.4,23.11,23.03,1273025,42863623.7721,23.24,0.35,363456320,363456000.0,10981103506.39,12201220000.0
2012-10-05,PAYX,23.03,23.04,23.11,22.92,22.96,1646767,54914062.3278,23.01,0.45,363456320,363456000.0,10915682350.12,12128530000.0
2012-10-04,PAYX,22.96,22.9,23.0,22.77,22.78,1475649,49000685.4943,22.92,0.41,363456320,363456000.0,10882969318.65,12092180000.0
2012-10-03,PAYX,22.78,22.69,22.92,22.62,22.57,2735405,90280387.105,22.78,0.75,363456320,363456000.0,10797922175.33,11997690000.0
2012-10-02,PAYX,22.57,22.82,23.02,22.53,22.98,3919970,129084165.2234,22.73,1.08,363456320,363456000.0,10699787987.59,11888650000.0
2012-09-29,PAYX,22.98,22.93,23.04,22.8,22.91,1990918,66107221.7119,22.92,0.55,363456320,363456000.0,10889512840.86,12099450000.0
2012-09-28,PAYX,22.91,22.95,23.02,22.83,22.89,2453066,81502610.0653,22.93,0.67,363456320,363456000.0,10860073860.27,12066750000.0
2012-09-27,PAYX,22.89,22.93,23.08,22.73,23.06,3270839,108450204.5754,22.88,0.9,363456320,363456000.0,10850261193.85,12055840000.0
2012-09-26,PAYX,23.06,22.86,23.39,22.71,23.73,6050149,202603094.1062,23.11,1.66,363456320,363456000.0,10928764487.86,12143070000.0
2012-09-25,PAYX,23.73,23.8,23.83,23.62,23.84,2588245,88987983.586,23.73,0.71,363456320,363456000.0,11246062182.33,12495620000.0
2012-09-22,PAYX,23.84,23.78,23.95,23.76,23.79,2788629,96305570.2234,23.83,0.77,363456320,363456000.0,11301670345.07,12557410000.0
2012-09-21,PAYX,23.79,23.71,23.85,23.64,23.8,1985839,68379969.0573,23.76,0.55,363456320,363456000.0,11275500835.81,12528330000.0
2012-09-20,PAYX,23.8,23.71,23.92,23.65,23.67,1970020,67917414.6599,23.79,0.54,363456320,363456000.0,11278775213.8,12531970000.0
2012-09-19,PAYX,23.67,23.69,23.74,23.54,23.63,1788045,61342799.5435,23.68,0.49,363456320,363456000.0,11219892673.07,12466550000.0
2012-09-18,PAYX,23.63,23.69,23.8,23.55,23.78,4924082,168524185.32,23.62,1.35,363456320,363456000.0,11200267013.12,12444740000.0
2012-09-15,PAYX,23.78,23.63,23.8,23.49,23.56,2112680,72594845.3693,23.71,0.58,363456320,363456000.0,11272231691.59,12524700000.0
2012-09-14,PAYX,23.56,23.09,23.67,23.09,23.27,2359271,80310290.262,23.49,0.65,363456320,363456000.0,11167558888.32,12408390000.0
2012-09-13,PAYX,23.27,23.39,23.49,23.19,23.54,4002128,135157437.5243,23.31,1.1,363456320,363456000.0,11030167819.81,12255740000.0
2012-09-12,PAYX,23.54,23.55,23.64,23.46,23.55,1336063,45576311.473,23.54,0.37,363456320,363456000.0,11157740988.13,12397490000.0
2012-09-11,PAYX,23.55,23.61,23.65,23.53,23.62,1133524,38744292.3944,23.59,0.31,363456320,363456000.0,11164284510.33,12404760000.0
2012-09-08,PAYX,23.62,23.62,23.7,23.57,23.62,1524777,52180593.7165,23.62,0.42,363456320,363456000.0,11193723163.81,12437460000.0
2012-09-07,PAYX,23.62,23.26,23.62,23.17,23.12,2211127,75379066.2203,23.53,0.61,363456320,363456000.0,11193723163.81,12437460000.0
2012-09-06,PAYX,23.12,23.13,23.2,22.93,23.1,1748010,58493468.0969,23.09,0.48,363456320,363456000.0,10958208048.0,12175780000.0
2012-09-05,PAYX,23.1,22.86,23.13,22.69,22.95,1923210,63939397.3771,22.94,0.53,363456320,363456000.0,10948390147.81,12164880000.0
2012-09-01,PAYX,22.95,23.05,23.08,22.77,22.91,2152418,71450583.1093,22.91,0.59,363456320,363456000.0,10879699847.33,12088550000.0
2012-08-31,PAYX,22.91,22.9,22.99,22.77,22.94,1740544,57705106.358,22.88,0.48,363793440,363793000.0,10870147004.96,12077940000.0
2012-08-30,PAYX,22.94,22.88,22.99,22.76,22.93,1137342,37710499.53,22.88,0.31,363793440,363793000.0,10883241604.31,12092490000.0
2012-08-29,PAYX,22.93,22.9,22.99,22.77,22.93,1253883,41641942.1905,22.92,0.34,363793440,363793000.0,10879969100.42,12088850000.0
2012-08-28,PAYX,22.93,22.89,23.01,22.84,22.91,1505963,50024922.3138,22.93,0.41,363793440,363793000.0,10879969100.42,12088850000.0
2012-08-25,PAYX,22.91,22.73,22.93,22.68,22.76,1391695,46079575.3446,22.85,0.38,363793440,363793000.0,10866869917.27,12074300000.0
2012-08-24,PAYX,22.76,22.66,22.79,22.55,22.68,1687348,55494326.1372,22.7,0.47,362758720,362759000.0,10767403021.11,11963780000.0
2012-08-23,PAYX,22.68,22.66,22.76,22.57,22.71,1383931,45445101.3112,22.66,0.38,362758720,362759000.0,10728221814.52,11920240000.0
2012-08-22,PAYX,22.71,22.7,22.8,22.6,22.62,2085479,68678341.6731,22.73,0.57,362758720,362759000.0,10741283740.3,11934760000.0
2012-08-21,PAYX,22.62,22.93,22.93,22.55,22.94,1746618,57289929.7361,22.64,0.48,362758720,362759000.0,10698839664.13,11887600000.0
2012-08-18,PAYX,22.94,23.03,23.03,22.8,22.97,1540881,51255548.1625,22.96,0.42,362758720,362759000.0,10852286929.17,12058090000.0
2012-08-17,PAYX,22.97,22.77,23.01,22.7,22.66,1825724,60602527.4359,22.91,0.5,362758720,362759000.0,10865348854.96,12072610000.0
2012-08-16,PAYX,22.66,22.82,22.83,22.64,22.75,1851467,60910089.0341,22.7,0.51,362758720,362759000.0,10721695748.87,11912990000.0
2012-08-15,PAYX,22.75,22.93,22.93,22.72,22.87,1564677,51696130.0947,22.8,0.43,362758720,362759000.0,10764134927.8,11960150000.0
2012-08-14,PAYX,22.87,22.8,22.89,22.72,22.9,1193303,39473263.9705,22.83,0.33,362758720,362759000.0,10819641582.72,12021820000.0
2012-08-11,PAYX,22.9,22.66,22.93,22.61,22.72,1899842,62835558.5927,22.83,0.52,362758720,362759000.0,10832698611.26,12036330000.0
2012-08-10,PAYX,22.72,22.73,22.75,22.6,22.72,1270687,41798478.8287,22.7,0.35,362758720,362759000.0,10747815029.68,11942020000.0
2012-08-09,PAYX,22.72,22.53,22.77,22.49,22.47,1703985,56016973.2885,22.69,0.47,362758720,362759000.0,10747815029.68,11942020000.0
2012-08-08,PAYX,22.47,22.54,22.59,22.3,22.38,2227998,72438424.4104,22.44,0.61,362758720,362759000.0,10630280877.91,11811420000.0
2012-08-07,PAYX,22.38,22.61,22.67,22.35,22.51,2144476,69871516.4683,22.49,0.59,362758720,362759000.0,10587836475.26,11764260000.0
2012-08-04,PAYX,22.51,22.48,22.63,22.47,22.13,2178235,71186000.6022,22.55,0.6,362758720,362759000.0,10646601102.52,11829550000.0
2012-08-03,PAYX,22.13,22.26,22.36,22.02,22.35,3836995,123062762.6775,22.13,1.06,362758720,362759000.0,10467039453.91,11630040000.0
2012-08-02,PAYX,22.35,22.7,22.74,22.28,22.56,3097820,100579366.12,22.41,0.85,362758720,362759000.0,10571511353.41,11746120000.0
2012-08-01,PAYX,22.56,22.66,22.73,22.53,22.69,1917816,62813448.8147,22.6,0.53,362758720,362759000.0,10672720383.33,11858570000.0
2012-07-31,PAYX,22.69,22.65,22.77,22.55,22.61,2573244,84450512.5698,22.65,0.71,362758720,362759000.0,10734752777.41,11927500000.0
2012-07-28,PAYX,22.61,22.37,22.69,22.32,22.24,2519447,83195649.5297,22.57,0.69,362758720,362759000.0,10800048367.56,12000050000.0
2012-07-27,PAYX,22.24,22.22,22.41,22.08,21.86,1856209,60441134.9744,22.25,0.51,362758720,362759000.0,10622115868.37,11802350000.0
2012-07-25,PAYX,21.85,21.99,22.01,21.7,21.99,2210660,70673453.9081,21.85,0.61,362758720,362759000.0,10439286126.45,11599200000.0
2012-07-21,PAYX,22.17,22.37,22.38,22.14,22.37,10569981,343062463.7603,22.18,2.91,362758720,362759000.0,10587836475.26,11764260000.0
2012-07-20,PAYX,22.37,22.57,22.67,22.27,22.68,10515543,344455444.3025,22.39,2.9,362758720,362759000.0,10685782309.11,11873090000.0
2012-07-19,PAYX,22.68,22.32,22.83,22.21,22.21,4430836,146890166.7506,22.66,1.22,362758720,362759000.0,10835961807.33,12039950000.0
2012-07-17,PAYX,21.89,21.78,21.91,21.68,21.78,1694136,54119498.1,21.83,0.47,362758720,362759000.0,10455611248.3,11617340000.0
2012-07-13,PAYX,21.53,21.49,21.65,21.3,21.63,3488343,109750589.3236,21.5,0.96,362758720,362759000.0,10284209712.0,11426890000.0
2012-07-11,PAYX,21.41,21.48,21.63,21.26,21.49,2086511,65370998.8912,21.41,0.58,362758720,362759000.0,10228703383.56,11365220000.0
2012-07-10,PAYX,21.49,21.28,21.53,21.22,21.29,2261188,70769499.7734,21.39,0.62,362758720,362759000.0,10264616823.33,11405130000.0
2012-07-07,PAYX,21.29,21.62,21.7,21.23,21.69,2559126,79868779.307,21.33,0.71,362758720,362759000.0,10169938756.3,11299930000.0
2012-07-06,PAYX,21.69,21.5,21.8,21.36,21.46,2646942,83696819.5467,21.61,0.73,362758720,362759000.0,10362562657.17,11513950000.0
2012-07-04,PAYX,21.46,21.54,21.56,21.37,21.45,2497445,78334854.8751,21.44,0.69,362758720,362759000.0,10251559468.3,11390620000.0
2012-07-03,PAYX,21.45,21.32,21.56,21.31,21.47,3936025,123512425.1398,21.45,1.09,362758720,362759000.0,10245028505.41,11383360000.0
2012-06-29,PAYX,21.17,21.57,21.73,20.87,21.82,5842000,180303918.538,21.09,1.61,362544160,362544000.0,10108454963.96,11231610000.0
2012-06-28,PAYX,21.82,21.84,22.07,21.79,21.71,3158948,101247091.7048,21.91,0.87,362544160,362544000.0,10418429241.89,11576030000.0
2012-06-27,PAYX,21.71,21.73,21.78,21.52,21.69,1986804,62973526.996,21.66,0.55,362544160,362544000.0,10362960637.99,11514400000.0
2012-06-23,PAYX,22.05,22.03,22.09,21.95,21.94,2054192,66183592.9928,22.02,0.57,362544160,362544000.0,10526105509.99,11695670000.0
2012-06-22,PAYX,21.94,22.31,22.31,21.86,22.23,2718737,87693914.0862,22.05,0.75,362544160,362544000.0,10475530925.96,11639480000.0
2012-06-21,PAYX,22.23,22.33,22.33,22.07,22.27,2638302,85646387.8673,22.19,0.73,362544160,362544000.0,10614205046.03,11793560000.0
2012-06-20,PAYX,22.27,22.21,22.37,22.1,22.1,2039584,66433311.6917,22.26,0.56,362544160,362544000.0,10630515617.75,11811680000.0
2012-06-12,PAYX,21.06,21.32,21.36,21.04,21.19,1644132,50969898.9011,21.19,0.45,362544160,362544000.0,10056247626.05,11173610000.0
2012-06-09,PAYX,21.19,20.98,21.23,20.89,20.96,2244523,69446439.4292,21.15,0.62,362544160,362544000.0,10118243329.99,11242490000.0
2012-06-08,PAYX,20.96,20.97,21.12,20.91,20.76,2575415,79141707.1468,21.0,0.71,362544160,362544000.0,10004039961.85,11115600000.0
2012-06-07,PAYX,20.76,20.29,20.76,20.29,20.17,4211320,126980529.2134,20.61,1.16,362544160,362544000.0,9909418220.12,11010460000.0
2012-06-06,PAYX,20.17,20.04,20.2,19.95,20.08,1770752,52074446.5789,20.1,0.49,362544160,362544000.0,9628808713.99,10698670000.0
2012-06-05,PAYX,20.08,20.05,20.2,19.9,20.01,2092369,61350958.236,20.04,0.58,362544160,362544000.0,9586389415.82,10651540000.0
2012-06-02,PAYX,20.01,20.16,20.32,19.92,20.48,3610626,105881596.6181,20.04,1.0,362544160,362544000.0,9553763378.03,10615290000.0
2012-06-01,PAYX,20.48,20.57,20.65,20.44,20.57,3548110,106504643.2738,20.52,0.98,362544160,362544000.0,9778899059.62,10865440000.0
2012-05-31,PAYX,20.57,20.68,20.72,20.52,20.8,1634448,49276477.5143,20.61,0.45,362544160,362544000.0,9821318357.79,10912570000.0
2012-05-30,PAYX,20.8,20.8,20.93,20.63,20.7,1712024,52048941.6638,20.78,0.47,362544160,362544000.0,9928994625.89,11032210000.0
2012-05-24,PAYX,20.63,20.35,20.69,20.23,20.44,3115697,93300758.6711,20.47,0.86,362544160,362544000.0,9850683455.88,10945200000.0
2012-05-23,PAYX,20.44,20.39,20.55,20.24,20.35,2033235,60774386.3687,20.43,0.56,362544160,362544000.0,9756061387.86,10840070000.0
2012-05-22,PAYX,20.35,20.08,20.35,19.9,20.1,3609482,106316916.9239,20.13,1.0,362544160,362544000.0,9713642415.98,10792930000.0
2012-05-19,PAYX,20.1,20.52,20.52,20.07,20.44,3364288,99664979.7843,20.25,0.93,362544160,362544000.0,9596177781.85,10662410000.0
2012-05-18,PAYX,20.44,20.65,20.7,20.44,20.68,3727578,112165028.7462,20.57,1.03,362544160,362544000.0,9759322653.85,10843690000.0
2012-05-17,PAYX,20.68,20.66,20.77,20.55,20.55,3532572,106763118.4117,20.66,0.97,362544160,362544000.0,9873526021.99,10970580000.0
2012-05-16,PAYX,20.55,20.45,20.66,20.35,20.43,2771814,83227293.7619,20.52,0.76,362544160,362544000.0,9808269052.06,10898070000.0
2012-05-12,PAYX,20.44,20.3,20.65,20.3,20.41,1556679,46728684.4343,20.52,0.43,362544160,362544000.0,9759322653.85,10843690000.0
2012-05-11,PAYX,20.41,20.57,20.67,20.33,20.44,2126258,63632918.65,20.45,0.59,362544160,362544000.0,9743007187.78,10825560000.0
2012-05-10,PAYX,20.44,20.35,20.61,20.22,20.57,2837319,84850586.4842,20.44,0.78,362544160,362544000.0,9759322653.85,10843690000.0
2012-05-09,PAYX,20.57,20.29,20.59,20.26,20.37,3276338,97915942.8843,20.43,0.9,362544160,362544000.0,9818057418.09,10908950000.0
2012-05-05,PAYX,20.45,20.68,20.7,20.43,20.72,2414528,72454668.4893,20.51,0.67,362544160,362544000.0,9762588814.19,10847320000.0
2012-05-04,PAYX,20.72,20.83,20.84,20.67,20.79,1795605,55003857.5933,20.72,0.5,362544160,362544000.0,9994251595.82,11104720000.0
2012-05-03,PAYX,20.79,20.84,20.84,20.64,20.9,2275884,69793615.1709,20.74,0.63,362544160,362544000.0,10030143793.95,11144600000.0
2012-05-02,PAYX,20.9,20.95,21.07,20.79,20.95,1888508,58515220.1982,20.96,0.52,362544160,362544000.0,10082351131.86,11202610000.0
2012-05-01,PAYX,20.95,21.05,21.05,20.91,21.06,6934102,214846174.7634,20.96,1.91,362544160,362544000.0,10108454963.96,11231610000.0
2012-04-28,PAYX,21.06,21.12,21.17,20.97,21.04,6809875,212094837.1315,21.06,1.88,362544160,362544000.0,10160662628.16,11289620000.0
2012-04-27,PAYX,21.04,20.8,21.07,20.78,20.9,6641102,206404048.8875,21.02,1.83,362544160,362544000.0,10150869367.78,11278740000.0
2012-04-26,PAYX,20.9,20.78,20.91,20.71,20.62,1735382,53522802.6222,20.86,0.48,362544160,362544000.0,10082351131.86,11202610000.0
2012-04-25,PAYX,20.62,20.74,20.83,20.57,20.68,2358086,72044932.0331,20.66,0.65,362544160,362544000.0,9948571357.95,11053960000.0
2012-04-24,PAYX,20.68,20.74,20.74,20.49,20.8,2028761,61852662.4919,20.62,0.56,362544160,362544000.0,9977936129.75,11086590000.0
2012-04-21,PAYX,20.8,20.84,20.99,20.78,20.81,2600462,80275455.7968,20.88,0.72,362544160,362544000.0,10036670893.99,11151850000.0
2012-04-20,PAYX,20.81,20.91,20.96,20.7,20.95,2224734,68475953.2075,20.82,0.61,362544160,362544000.0,10039932159.98,11155480000.0
2012-04-19,PAYX,20.95,21.04,21.07,20.85,21.09,1678218,51993543.1452,20.95,0.46,362544160,362544000.0,10105188803.62,11227980000.0
2012-04-17,PAYX,20.93,20.89,21.01,20.78,20.85,4252242,131461407.9445,20.91,1.17,362544160,362544000.0,10095400763.88,11217110000.0
2012-04-13,PAYX,21.11,21.01,21.13,20.87,20.94,1475527,45878407.5562,21.03,0.41,362544160,362544000.0,10183500299.92,11315000000.0
2012-04-11,PAYX,20.72,20.98,21.03,20.64,21.0,2824316,86711277.1184,20.76,0.78,362544160,362544000.0,9994251595.82,11104720000.0
2012-04-06,PAYX,21.34,21.24,21.35,21.2,21.32,2517478,79207405.279,21.28,0.69,362544160,362544000.0,10294437507.72,11438260000.0
2012-04-05,PAYX,21.32,21.43,21.46,21.18,21.66,2739323,86217158.9944,21.29,0.76,362544160,362544000.0,10284649467.98,11427390000.0
2012-04-03,PAYX,21.48,20.88,21.53,20.82,20.96,4526598,142727224.5322,21.33,1.25,362544160,362544000.0,10362960637.99,11514400000.0
2012-03-30,PAYX,21.2,21.41,21.58,21.14,21.63,3752579,118130770.3837,21.29,1.04,362544160,362544000.0,10229180537.79,11365750000.0
2012-03-28,PAYX,21.71,21.79,21.8,21.65,21.73,1354424,43482558.1207,21.71,0.37,362544160,362544000.0,10473897845.79,11637660000.0
2012-03-24,PAYX,21.47,21.59,21.63,21.41,21.63,1310441,41621819.4948,21.48,0.36,362544160,362544000.0,10356433537.95,11507140000.0
2012-03-20,PAYX,21.55,21.47,21.63,21.35,21.53,1651250,52517994.6912,21.51,0.46,362544160,362544000.0,10398852836.12,11554280000.0
2012-03-17,PAYX,21.53,21.44,21.64,21.42,21.49,2988036,94985771.0291,21.5,0.82,362544160,362544000.0,10385798309.75,11539770000.0
2012-03-16,PAYX,21.49,21.47,21.53,21.31,21.47,2188357,69410714.3604,21.45,0.6,362544160,362544000.0,10366221903.98,11518020000.0
2012-03-15,PAYX,21.47,21.51,21.57,21.4,21.57,1673526,53117700.1783,21.47,0.46,362544160,362544000.0,10359699372.0,11510770000.0
2012-03-14,PAYX,21.57,21.48,21.57,21.33,21.34,2038475,64620460.6591,21.44,0.56,362544160,362544000.0,10405379936.16,11561530000.0
2012-03-13,PAYX,21.34,21.28,21.37,21.22,21.3,1429758,45060677.7661,21.32,0.39,362544160,362544000.0,10294437507.72,11438260000.0
2012-03-10,PAYX,21.3,21.22,21.34,21.1,21.17,2540537,79740594.4396,21.23,0.7,362544160,362544000.0,10274861101.95,11416510000.0
2012-03-09,PAYX,21.17,21.12,21.2,21.05,21.05,3248041,101452515.1624,21.13,0.9,362544160,362544000.0,10212865071.72,11347630000.0
2012-03-06,PAYX,21.26,21.16,21.32,21.15,21.17,1967759,61861815.1465,21.26,0.54,362544160,362544000.0,10255284369.89,11394760000.0
2012-03-03,PAYX,21.17,21.32,21.47,21.09,21.37,3246774,101988616.1928,21.25,0.9,362544160,362544000.0,10212865071.72,11347630000.0
2012-03-02,PAYX,21.37,21.35,21.67,21.28,21.17,3497371,111244695.0288,21.51,0.96,362544160,362544000.0,10307492034.09,11452770000.0
2012-03-01,PAYX,21.17,21.22,21.32,21.1,21.25,2332019,73091303.1755,21.2,0.64,362544160,362544000.0,10212865071.72,11347630000.0
2012-02-29,PAYX,21.25,21.12,21.27,21.07,21.12,2015601,63147368.4093,21.19,0.56,362420000,362420000.0,10248512433.82,11387230000.0
2012-02-25,PAYX,21.25,21.26,21.3,21.15,21.18,4527344,142030912.3898,21.22,1.25,362420000,362420000.0,10248512433.82,11387230000.0
2012-02-24,PAYX,21.18,21.14,21.23,21.08,21.15,1662640,52055251.5935,21.18,0.46,362420000,362420000.0,10215892676.75,11350990000.0
2012-02-23,PAYX,21.15,21.2,21.28,21.11,21.18,1861155,58273498.2062,21.18,0.51,362420000,362420000.0,10199582798.22,11332870000.0
2012-02-22,PAYX,21.18,21.29,21.3,21.08,21.29,1916462,60004041.9276,21.18,0.53,362420000,362420000.0,10212632527.64,11347370000.0
2012-02-18,PAYX,21.29,21.41,21.49,21.26,21.37,2048583,64710416.5085,21.36,0.57,362420000,362420000.0,10268082135.29,11408980000.0
2012-02-17,PAYX,21.37,21.2,21.52,21.17,21.09,2244500,71068276.85,21.41,0.62,362420000,362420000.0,10307221864.4,11452460000.0
2012-02-15,PAYX,21.12,21.08,21.17,20.88,21.18,2734218,85029774.9748,21.03,0.75,362420000,362420000.0,10183272593.51,11314750000.0
2012-02-14,PAYX,21.18,21.35,21.44,21.12,21.18,1660340,52063425.8296,21.21,0.46,362420000,362420000.0,10212632527.64,11347370000.0
2012-02-11,PAYX,21.18,21.31,21.37,21.07,21.43,2272217,71164016.3942,21.18,0.63,362420000,362420000.0,10212632527.64,11347370000.0
2012-02-10,PAYX,21.43,21.44,21.47,21.28,21.41,1521287,48116156.7102,21.39,0.42,362420000,362420000.0,10333316756.75,11481460000.0
2012-02-07,PAYX,21.46,21.51,21.57,21.39,21.61,2076691,65901699.7339,21.46,0.57,362420000,362420000.0,10347994114.4,11497770000.0
2012-02-04,PAYX,21.61,21.69,21.83,21.59,21.37,2736118,87584751.4896,21.65,0.75,362420000,362420000.0,10421386121.47,11579320000.0
2012-02-03,PAYX,21.37,21.53,21.53,21.37,21.51,2581780,81831035.1866,21.44,0.71,362420000,362420000.0,10307221864.4,11452460000.0
2012-02-02,PAYX,21.51,21.53,21.63,21.39,21.31,2678500,85135846.6145,21.5,0.74,362420000,362420000.0,10375721527.64,11528580000.0
2012-02-01,PAYX,21.31,21.54,21.55,21.18,21.35,2208568,69588865.8077,21.31,0.61,362420000,362420000.0,10277867149.11,11419850000.0
2012-01-28,PAYX,21.55,21.82,21.92,21.5,21.8,2699991,87100335.3646,21.6,0.74,362420000,362420000.0,10499665905.86,11666290000.0
2012-01-26,PAYX,21.74,21.61,21.77,21.51,21.66,2225500,71953748.799,21.65,0.61,362420000,362420000.0,10587735270.58,11764150000.0
2012-01-25,PAYX,21.66,21.55,21.71,21.43,21.59,1713672,55325542.3626,21.62,0.47,362420000,362420000.0,10548595541.47,11720660000.0
2012-01-24,PAYX,21.59,21.66,21.7,21.38,21.64,1923518,61915526.5349,21.55,0.53,362420000,362420000.0,10519240500.0,11688040000.0
2012-01-21,PAYX,21.64,21.68,21.74,21.53,21.65,2875336,92978572.8456,21.65,0.79,362420000,362420000.0,10538810527.64,11709790000.0
2012-01-20,PAYX,21.65,21.35,21.74,21.23,21.21,3603803,116150556.2748,21.58,0.99,362420000,362420000.0,10545330499.69,11717030000.0
2012-01-18,PAYX,20.89,21.08,21.08,20.83,20.75,9129231,285133153.143,20.91,2.52,362420000,362420000.0,10176752621.47,11307500000.0
2012-01-14,PAYX,20.75,20.75,20.78,20.45,20.84,2215235,68302562.2785,20.65,0.61,362420000,362420000.0,10108253284.4,11231390000.0
2012-01-11,PAYX,20.82,20.91,21.05,20.78,20.84,4030655,125693940.6942,20.88,1.11,362420000,362420000.0,10144132864.4,11271250000.0
2012-01-10,PAYX,20.84,20.72,20.88,20.66,20.62,5634527,175061356.2702,20.8,1.55,362420000,362420000.0,10153917878.22,11282130000.0
2012-01-07,PAYX,20.62,20.7,20.7,20.38,20.6,3534520,108880164.0234,20.63,0.98,362420000,362420000.0,10043018662.93,11158910000.0
2012-01-05,PAYX,20.24,20.42,20.42,20.07,20.38,3069423,92528661.8148,20.19,0.85,362420000,362420000.0,9860359635.29,10955950000.0
2011-12-31,PAYX,20.16,20.08,20.21,20.01,20.21,1732380,52139414.8743,20.15,0.48,362420000,362420000.0,9821215013.51,10912460000.0
2011-12-30,PAYX,20.21,20.03,20.22,20.01,20.01,1396958,42011695.8046,20.14,0.39,362420000,362420000.0,9844049756.75,10937830000.0
2011-12-29,PAYX,20.01,20.14,20.17,19.93,20.14,1681498,50301002.0897,20.03,0.46,362420000,362420000.0,9749460420.0,10832730000.0
2011-12-28,PAYX,20.14,19.95,20.2,19.92,19.99,1917368,57569723.8909,20.11,0.53,362420000,362420000.0,9808170176.75,10897960000.0
2011-12-24,PAYX,19.99,19.87,19.99,19.74,19.74,1698059,50475462.6219,19.9,0.47,362420000,362420000.0,9736410364.4,10818230000.0
2011-12-23,PAYX,19.74,19.63,19.81,19.55,19.73,2856316,84112485.0859,19.72,0.79,362420000,362420000.0,9615726135.29,10684140000.0
2011-12-22,PAYX,19.73,20.13,20.16,19.26,20.25,5421910,158018281.2725,19.52,1.5,362420000,362420000.0,9609201270.58,10676890000.0
2011-12-17,PAYX,19.81,19.75,20.01,19.71,19.65,3337982,98887005.7598,19.84,0.92,362420000,362420000.0,9651606041.47,10724000000.0
2011-12-16,PAYX,19.65,19.76,19.8,19.58,19.59,1581647,46479681.6629,19.68,0.44,362420000,362420000.0,9573321364.4,10637020000.0
2011-12-14,PAYX,19.75,20.03,20.18,19.65,19.93,2363471,70318672.2351,19.92,0.65,362420000,362420000.0,9622251000.0,10691390000.0
2011-12-13,PAYX,19.93,20.01,20.03,19.82,20.13,1885161,56051294.0711,19.91,0.52,362420000,362420000.0,9707055649.11,10785610000.0
2011-12-08,PAYX,19.84,19.78,19.93,19.57,19.89,2143543,63187126.9078,19.74,0.59,362420000,362420000.0,9664650878.22,10738500000.0
2011-12-07,PAYX,19.89,19.89,19.97,19.68,19.89,1825385,54109146.4487,19.85,0.5,362420000,362420000.0,9687485621.47,10763870000.0
2011-12-03,PAYX,19.57,19.74,19.82,19.43,19.53,3436478,100304930.1885,19.54,0.95,362420000,362420000.0,9530916593.51,10589900000.0
2011-12-02,PAYX,19.53,19.54,19.62,19.42,19.49,2048338,59734638.49,19.53,0.57,362420000,362420000.0,9514611933.82,10571790000.0
2011-12-01,PAYX,19.49,19.34,19.58,19.19,18.8,4885012,141708287.2555,19.42,1.35,362420000,362420000.0,8862034545.94,10550040000.0
2011-11-29,PAYX,18.67,18.7,18.82,18.57,18.3,2315480,64590749.9102,18.68,0.64,362381920,362382000.0,8486691616.86,10103200000.0
2011-11-26,PAYX,18.3,18.2,18.43,18.15,18.23,1454415,39770825.4614,18.31,0.4,362381920,362382000.0,8319270256.61,9903891000.0
2011-11-24,PAYX,18.23,18.43,18.47,18.22,18.58,1869893,51121726.5057,18.31,0.52,362381920,362382000.0,8288832914.94,9867652000.0
2011-11-23,PAYX,18.58,18.62,18.72,18.49,18.68,1763812,48966237.9278,18.59,0.49,362381920,362382000.0,8447122555.2,10056090000.0
2011-11-22,PAYX,18.68,18.75,18.81,18.56,18.9,2559794,71436675.4374,18.69,0.71,362381920,362382000.0,8489738668.99,10106830000.0
2011-11-19,PAYX,18.9,18.99,19.06,18.87,18.96,2118050,59971524.6069,18.96,0.58,362381920,362382000.0,8590186675.6,10226410000.0
2011-11-18,PAYX,18.96,19.17,19.22,18.84,19.24,2570906,72965387.0836,19.0,0.71,362381920,362382000.0,8620628887.69,10262650000.0
2011-11-17,PAYX,19.24,19.58,19.8,19.21,19.69,3501964,101970495.9248,19.5,0.97,362381920,362382000.0,8745434134.14,10411230000.0
2011-11-16,PAYX,19.69,19.5,19.75,19.38,19.5,1864511,54528157.4451,19.58,0.51,362381920,362382000.0,8949382069.92,10654020000.0
2011-11-15,PAYX,19.5,19.59,19.67,19.42,19.69,5236746,152568892.3306,19.51,1.45,362381920,362382000.0,8864150451.13,10552550000.0
2011-11-12,PAYX,19.69,19.52,19.74,19.5,19.26,1605617,47155837.7244,19.67,0.44,362381920,362382000.0,8949382069.92,10654020000.0
2011-11-11,PAYX,19.26,19.41,19.46,19.15,19.16,1721288,49593219.6993,19.29,0.47,362381920,362382000.0,8757608340.25,10425720000.0
2011-11-10,PAYX,19.16,19.49,19.49,19.09,19.81,2480418,71354182.1256,19.26,0.68,362381920,362382000.0,8708902992.6,10367740000.0
2011-11-09,PAYX,19.81,19.85,19.92,19.51,19.75,3323541,97760619.128,19.7,0.92,362381920,362382000.0,9004172085.41,10719250000.0
2011-11-08,PAYX,19.75,19.71,19.78,19.42,19.69,1909828,55865121.7511,19.59,0.53,362381920,362382000.0,8979823977.6,10690260000.0
2011-11-05,PAYX,19.69,19.64,19.72,19.43,19.79,2777532,81378051.8106,19.62,0.77,362381920,362382000.0,8952424556.04,10657640000.0
2011-11-03,PAYX,19.22,19.24,19.39,19.0,19.05,3853523,110288930.3676,19.16,1.06,362381920,362382000.0,8736302414.16,10400360000.0
2011-11-02,PAYX,19.05,18.99,19.36,18.93,19.51,5379918,153907064.0288,19.16,1.48,362381920,362382000.0,8660202210.96,10309760000.0
2011-11-01,PAYX,19.51,19.46,19.78,19.43,19.66,3144305,92002012.1378,19.59,0.87,362381920,362382000.0,8870239684.99,10559800000.0
2011-10-29,PAYX,19.66,19.71,19.74,19.55,19.82,4482488,131556540.312,19.65,1.24,362381920,362382000.0,8937203602.2,10639520000.0
2011-10-27,PAYX,19.15,19.48,19.48,18.8,18.95,3454421,99380230.8402,19.06,0.95,362381920,362382000.0,8800224149.64,10476450000.0
2011-10-26,PAYX,18.95,19.2,19.38,18.93,19.33,3569901,103243982.3022,19.16,0.99,362381920,362382000.0,8708902992.6,10367740000.0
2011-10-25,PAYX,19.33,19.03,19.44,18.95,19.07,10111344,294911483.4189,19.32,2.79,362381920,362382000.0,8882413586.7,10574300000.0
2011-10-22,PAYX,19.07,18.95,19.12,18.79,18.73,9876867,283461984.0002,19.01,2.73,362381920,362382000.0,8760655087.98,10429350000.0
2011-10-21,PAYX,18.73,18.87,18.99,18.51,18.62,8138078,230663151.8897,18.78,2.25,362381920,362382000.0,8608454681.58,10248160000.0
2011-10-20,PAYX,18.62,18.85,19.06,18.57,18.92,3164305,89483985.4773,18.73,0.87,362381920,362382000.0,8556702586.2,10186550000.0
2011-10-19,PAYX,18.92,18.64,19.03,18.48,18.59,2641032,74978898.48,18.81,0.73,362381920,362382000.0,8693686604.77,10349620000.0
2011-10-18,PAYX,18.59,18.84,18.89,18.54,18.88,2268058,63791381.1635,18.63,0.63,362381920,362382000.0,8541486198.37,10168430000.0
2011-10-15,PAYX,18.88,18.92,18.95,18.75,18.71,2409259,68465587.438,18.83,0.66,362381920,362382000.0,8675423164.8,10327880000.0
2011-10-14,PAYX,18.71,18.63,18.73,18.52,18.74,2057707,57861895.6995,18.63,0.57,362381920,362382000.0,8596276213.86,10233660000.0
2011-10-11,PAYX,18.38,18.22,18.48,18.14,17.96,3861639,106977054.3975,18.35,1.07,362381920,362382000.0,8447122555.2,10056090000.0
2011-10-08,PAYX,17.96,17.87,18.18,17.76,17.73,4223379,114422731.7865,17.95,1.17,362381920,362382000.0,8252301773.4,9824164000.0
2011-10-06,PAYX,17.38,17.24,17.46,17.03,17.16,3674862,96010146.5106,17.31,1.01,362381920,362382000.0,7987474588.26,9508895000.0
2011-10-05,PAYX,17.16,16.69,17.19,16.69,16.93,5241309,134433789.4449,16.99,1.45,362381920,362382000.0,7883979225.12,9385684000.0
2011-10-04,PAYX,16.93,17.27,17.57,16.91,17.47,4715930,122169906.3825,17.16,1.3,362381920,362382000.0,7777437114.23,9258852000.0
2011-10-01,PAYX,17.47,17.8,17.97,17.46,17.96,3412287,90624504.2969,17.59,0.94,362381920,362382000.0,8027048215.93,9556008000.0
2011-09-30,PAYX,17.96,18.12,18.28,17.65,17.83,8492688,230472758.0015,17.98,2.34,362381920,362382000.0,8252301773.4,9824164000.0
2011-09-28,PAYX,17.68,17.88,18.22,17.64,17.61,4702621,127343186.3675,17.94,1.3,362381920,362382000.0,8124454040.82,9671965000.0
2011-09-27,PAYX,17.61,17.44,17.63,17.25,17.37,3967541,104640323.0881,17.47,1.09,362381920,362382000.0,8090969647.01,9632102000.0
2011-09-24,PAYX,17.37,17.04,17.4,16.97,17.16,3843714,99948825.4477,17.23,1.06,362381920,362382000.0,7981385050.0,9501645000.0
2011-09-23,PAYX,17.16,17.09,17.22,16.91,17.48,5503336,142024548.1253,17.1,1.52,362381920,362382000.0,7883979225.12,9385684000.0
2011-09-22,PAYX,17.48,17.99,18.08,17.48,17.99,2733994,73385856.012,17.78,0.75,362381920,362382000.0,8030090397.66,9559625000.0
2011-09-21,PAYX,17.99,18.09,18.32,17.99,18.03,2710578,74349232.7402,18.17,0.75,362381920,362382000.0,8267522727.24,9842285000.0
2011-09-20,PAYX,18.03,17.77,18.1,17.65,17.94,2428135,65583914.2093,17.89,0.67,362381920,362382000.0,8282743681.08,9860406000.0
2011-09-17,PAYX,17.94,18.06,18.22,17.87,18.01,4345836,118061570.8943,18.0,1.2,362381920,362382000.0,8243170053.41,9813293000.0
2011-09-15,PAYX,17.49,17.51,17.68,17.19,17.4,4238453,111855686.4872,17.48,1.17,362381920,362382000.0,8037703157.58,9568691000.0
2011-09-14,PAYX,17.4,17.38,17.46,17.23,17.35,3009654,78902247.9808,17.37,0.83,362381920,362382000.0,7996606308.25,9519766000.0
2011-09-13,PAYX,17.35,16.99,17.38,16.89,17.18,4624137,119846052.201,17.17,1.28,362381920,362382000.0,7972253634.42,9490777000.0
2011-09-10,PAYX,17.18,17.56,17.59,17.06,17.64,3553499,92283615.6882,17.2,0.98,362381920,362382000.0,7893110945.1,9396559000.0
2011-09-09,PAYX,17.64,17.67,17.82,17.52,17.79,2967964,79217594.712,17.68,0.82,362381920,362382000.0,8106190600.86,9650223000.0
2011-09-08,PAYX,17.79,17.35,17.79,17.24,17.07,2874980,76456631.6241,17.62,0.79,362381920,362382000.0,8173159084.07,9729949000.0
2011-09-07,PAYX,17.07,16.84,17.1,16.73,17.27,2479920,63335666.3681,16.92,0.68,362381920,362382000.0,7844405901.85,9338574000.0
2011-09-02,PAYX,17.73,17.89,18.09,17.68,17.87,3306873,88963441.8873,17.82,0.91,362381920,362382000.0,8145764228.52,9697336000.0
2011-09-01,PAYX,17.87,17.84,18.1,17.82,17.79,3385302,91657041.4941,17.94,0.93,362381920,362382000.0,8017191456.7,9777059000.0
2011-08-31,PAYX,17.79,17.5,17.89,17.43,17.53,2616492,69916303.1639,17.7,0.72,362685600,362686000.0,7985246178.58,9738102000.0
2011-08-30,PAYX,17.53,17.61,17.67,17.38,17.38,4793535,126378654.9799,17.47,1.32,362685600,362686000.0,7872231858.61,9600281000.0
2011-08-27,PAYX,17.38,17.08,17.56,16.89,17.14,2952039,77302063.7336,17.35,0.81,362685600,362686000.0,7800858306.55,9513238000.0
2011-08-26,PAYX,17.14,17.45,17.61,17.11,17.44,2533031,65924900.3779,17.24,0.7,362685600,362686000.0,7696765754.94,9386297000.0
2011-08-25,PAYX,17.44,16.95,17.44,16.95,17.19,2843861,74324554.6509,17.31,0.78,362685600,362686000.0,7827623611.62,9545879000.0
2011-08-20,PAYX,16.79,16.87,17.22,16.76,17.08,3647428,93265430.6187,16.94,1.01,362685600,362686000.0,7539142890.58,9194074000.0
2011-08-19,PAYX,17.08,17.34,17.42,16.89,17.78,4166258,107286105.5133,17.06,1.15,362685600,362686000.0,7667028212.36,9350031000.0
2011-08-18,PAYX,17.78,17.97,18.1,17.63,17.91,1823580,49050284.6533,17.82,0.5,362685600,362686000.0,7982273941.07,9734477000.0
2011-08-17,PAYX,17.91,18.0,18.0,17.65,18.04,2506666,67511000.1249,17.84,0.69,362685600,362686000.0,8038780952.36,9803387000.0
2011-08-16,PAYX,18.04,17.79,18.06,17.71,17.66,2505628,67809552.4843,17.93,0.69,362685600,362686000.0,8098260498.55,9875926000.0
2011-08-13,PAYX,17.66,17.61,17.85,17.43,17.54,3080634,82199614.348,17.68,0.85,362685600,362686000.0,7928739167.3,9669191000.0
2011-08-12,PAYX,17.54,17.01,17.74,17.01,16.9,4950824,130187348.1339,17.42,1.37,361849600,361850000.0,7857056287.69,9581773000.0
2011-08-11,PAYX,16.9,17.39,17.54,16.89,17.71,8981465,234198804.2138,17.27,2.48,361849600,361850000.0,7569240819.14,9230777000.0
2011-08-09,PAYX,17.04,17.73,17.98,17.02,17.95,12484059,328415568.3968,17.43,3.45,361849600,361850000.0,7634518783.69,9310387000.0
2011-08-06,PAYX,17.95,17.97,18.28,17.58,17.69,7274367,197012408.8977,17.94,2.01,361849600,361850000.0,8038053754.33,9802500000.0
2011-08-03,PAYX,17.72,18.45,18.5,17.7,18.48,4712567,128011675.1685,17.99,1.3,361849600,361850000.0,7937170976.0,9679473000.0
2011-08-02,PAYX,18.48,18.82,18.87,18.36,18.7,4186692,116824972.0984,18.48,1.16,361849600,361850000.0,8278393368.5,10095600000.0
2011-07-30,PAYX,18.7,18.61,18.95,18.47,18.77,3841387,108364735.9443,18.69,1.06,361849600,361850000.0,8376310463.69,10215010000.0
2011-07-29,PAYX,18.77,18.93,18.93,18.72,18.87,3348250,95078889.164,18.81,0.93,361849600,361850000.0,8405979460.44,10251190000.0
2011-07-27,PAYX,19.35,19.53,19.53,19.33,19.52,1960033,57975986.6299,19.38,0.54,361849600,361850000.0,8760557960.5,10683610000.0
2011-07-26,PAYX,19.52,19.43,19.58,19.34,19.59,1623523,48298992.6179,19.5,0.45,361849600,361850000.0,8839187878.58,10779500000.0
2011-07-23,PAYX,19.59,19.57,19.71,19.49,19.57,1916818,57291964.8838,19.59,0.53,361849600,361850000.0,8868861326.08,10815680000.0
2011-07-22,PAYX,19.57,19.45,19.76,19.35,19.34,2938117,87976601.4495,19.62,0.81,361849600,361850000.0,8861440738.83,10806630000.0
2011-07-21,PAYX,19.34,19.53,19.53,19.3,19.5,1960186,57915038.0974,19.36,0.54,361849600,361850000.0,8759073190.27,10681790000.0
2011-07-20,PAYX,19.5,19.36,19.59,19.36,19.27,2383273,70863498.1841,19.48,0.66,361849600,361850000.0,8827320992.0,10765020000.0
2011-07-19,PAYX,19.27,19.57,19.69,19.15,19.71,2655007,78093043.0845,19.28,0.73,361849600,361850000.0,8723468376.5,10638370000.0
2011-07-15,PAYX,19.99,20.18,20.34,19.91,20.12,7854246,239813614.5755,20.01,2.17,361849600,361850000.0,9052824179.14,11040030000.0
2011-07-14,PAYX,20.12,20.4,20.46,20.03,20.26,2523070,77950222.4193,20.25,0.7,361849600,361850000.0,9109200940.25,11108780000.0
2011-07-13,PAYX,20.26,20.35,20.44,20.22,20.29,2637909,81760931.6535,20.31,0.73,361849600,361850000.0,9171509067.64,11184760000.0
2011-07-12,PAYX,20.29,20.33,20.37,20.16,20.53,2780400,85970515.7388,20.26,0.77,361849600,361850000.0,9186345791.39,11202860000.0
2011-07-08,PAYX,20.73,20.69,20.76,20.66,20.54,2704595,85469223.7328,20.71,0.75,361849600,361850000.0,9385145368.19,11445290000.0
2011-07-07,PAYX,20.54,20.31,20.54,20.27,20.29,1967317,61456203.2611,20.47,0.54,361849600,361850000.0,9299099610.33,11340360000.0
2011-07-06,PAYX,20.29,20.34,20.43,20.18,20.35,1473144,45576697.7056,20.27,0.41,361849600,361850000.0,9186345791.39,11202860000.0
2011-07-02,PAYX,20.35,20.05,20.37,20.05,20.13,2094283,64779098.9034,20.27,0.58,361849600,361850000.0,9213049105.0,11235420000.0
2011-07-01,PAYX,20.13,19.95,20.16,19.89,19.87,3106263,95066834.3198,20.06,0.86,361849600,361850000.0,9115132009.81,11116010000.0
2011-06-30,PAYX,19.87,19.99,20.0,19.81,19.89,3221161,97697771.2549,19.88,0.89,361849600,361850000.0,8996447418.02,10971270000.0
2011-06-29,PAYX,19.89,19.78,19.95,19.67,19.74,3042493,92134902.7711,19.84,0.84,361849600,361850000.0,9005348324.75,10982130000.0
2011-06-28,PAYX,19.74,19.65,19.84,19.53,19.65,1941164,58482779.4665,19.74,0.54,361849600,361850000.0,8937104973.77,10898910000.0
2011-06-25,PAYX,19.65,20.0,20.03,19.62,20.03,3528135,106247654.5315,19.73,0.98,361849600,361850000.0,8898530322.83,10851860000.0
2011-06-24,PAYX,20.03,19.25,20.2,19.2,19.47,6458723,195827745.0656,19.87,1.78,361849600,361850000.0,9070626586.02,11061730000.0
2011-06-18,PAYX,19.42,19.54,19.63,19.35,19.34,3688306,109465182.1377,19.45,1.02,361849600,361850000.0,8791712024.19,10721590000.0
2011-06-17,PAYX,19.34,19.22,19.39,19.08,19.16,2842219,83638808.4409,19.28,0.79,361849600,361850000.0,8759073190.27,10681790000.0
2011-06-16,PAYX,19.16,19.61,19.67,19.11,19.81,4262008,125303857.7675,19.27,1.18,361849600,361850000.0,8675992818.83,10580480000.0
2011-06-10,PAYX,19.81,19.91,19.91,19.78,19.89,3313013,100256408.2852,19.83,0.92,361849600,361850000.0,8969743807.69,10938710000.0
2011-06-09,PAYX,19.89,19.88,19.92,19.74,19.93,2713073,82009107.5303,19.81,0.75,361849600,361850000.0,9005348324.75,10982130000.0
2011-06-08,PAYX,19.93,19.92,20.09,19.84,19.88,3561619,108610848.3963,19.98,0.98,361849600,361850000.0,9023150731.64,11003840000.0
2011-06-07,PAYX,19.88,19.93,20.01,19.85,20.01,3175634,96517352.1985,19.92,0.88,361849600,361850000.0,9002382938.33,10978510000.0
2011-06-04,PAYX,20.01,20.2,20.26,19.9,20.47,4414031,135130196.0173,20.06,1.22,361849600,361850000.0,9061725382.58,11050880000.0
2011-06-03,PAYX,20.47,20.68,20.73,20.42,20.68,3039842,95082868.3362,20.5,0.84,361849600,361850000.0,9266460479.69,11300560000.0
2011-06-02,PAYX,20.68,21.15,21.15,20.68,21.17,3833813,121684427.1869,20.8,1.06,361849600,361850000.0,9364377574.89,11419970000.0
2011-05-27,PAYX,20.91,20.68,20.96,20.63,20.77,1684979,53572542.472,20.84,0.47,361849600,361850000.0,9352759572.08,11546610000.0
2011-05-24,PAYX,20.67,20.64,20.73,20.54,20.91,1723364,54267164.0988,20.64,0.48,361849600,361850000.0,9244314712.45,11412730000.0
2011-05-21,PAYX,20.91,20.85,21.04,20.75,20.93,1936712,61793306.3388,20.91,0.54,361849600,361850000.0,9352759572.08,11546610000.0
2011-05-19,PAYX,20.91,20.88,21.05,20.71,20.91,1792123,57164775.653,20.9,0.5,361849600,361850000.0,9352759572.08,11546610000.0
2011-05-18,PAYX,20.91,20.82,20.95,20.74,20.83,2093251,66706023.1482,20.88,0.58,361849600,361850000.0,9352759572.08,11546610000.0
2011-05-17,PAYX,20.83,21.21,21.21,20.73,21.25,2953665,94131487.046,20.88,0.82,361849600,361850000.0,9314659740.18,11499580000.0
2011-05-14,PAYX,21.25,21.51,21.53,21.15,21.48,1539876,49962956.8247,21.26,0.43,361849600,361850000.0,9502242572.82,11731160000.0
2011-05-13,PAYX,21.48,21.27,21.54,21.25,21.38,1904506,62244386.8192,21.42,0.53,361849600,361850000.0,9607757916.18,11861430000.0
2011-05-10,PAYX,21.15,20.96,21.2,20.9,20.96,2098906,67604496.6197,21.11,0.58,361849600,361850000.0,9461208828.18,11680500000.0
2011-05-07,PAYX,20.96,21.27,21.36,20.94,21.07,3078668,99234995.0388,21.12,0.85,361849600,361850000.0,9376208012.36,11575560000.0
2011-05-06,PAYX,21.07,21.36,21.36,20.99,21.45,2481594,80032391.6928,21.13,0.69,361849600,361850000.0,9426034116.08,11637070000.0
2011-05-05,PAYX,21.45,21.53,21.63,21.26,21.61,2377755,77605640.8632,21.39,0.66,361849600,361850000.0,9593102128.09,11843330000.0
2011-04-30,PAYX,21.44,21.55,21.7,21.43,21.62,3218473,105538866.3529,21.49,0.89,361849600,361850000.0,9587238992.17,11836090000.0
2011-04-29,PAYX,21.62,21.78,21.87,21.57,21.75,1844545,60928078.9448,21.65,0.51,361849600,361850000.0,9669306188.36,11937410000.0
2011-04-27,PAYX,21.48,21.3,21.51,21.2,21.22,2352975,77650043.2622,21.43,0.65,361849600,361850000.0,9698617764.55,11973600000.0
2011-04-22,PAYX,21.18,21.2,21.32,21.08,21.21,2098281,68437719.843,21.18,0.58,361849600,361850000.0,9560861328.73,11803530000.0
2011-04-21,PAYX,21.21,20.96,21.28,20.96,20.72,2168711,70735534.6168,21.18,0.6,361849600,361850000.0,9575517116.82,11821620000.0
2011-04-19,PAYX,20.75,20.8,20.8,20.54,21.03,2179775,69356732.7027,20.66,0.6,361849600,361850000.0,9367415360.17,11564710000.0
2011-04-16,PAYX,21.03,21.1,21.1,20.81,21.04,2106778,68079475.5742,20.98,0.58,361849600,361850000.0,9493449920.64,11720300000.0
2011-04-15,PAYX,21.04,20.86,21.06,20.72,21.0,1773863,57164505.4903,20.92,0.49,361849600,361850000.0,9496379143.81,11723920000.0
2011-04-14,PAYX,21.0,21.02,21.08,20.87,20.95,2174164,70272015.6129,20.98,0.6,361849600,361850000.0,9481723355.72,11705830000.0
2011-04-13,PAYX,20.95,20.85,20.98,20.79,20.97,2060014,66344170.2196,20.91,0.57,361849600,361850000.0,9458275208.54,11676880000.0
2011-04-12,PAYX,20.97,20.81,21.07,20.79,20.75,1956437,63205817.802,20.98,0.54,361849600,361850000.0,9467067567.62,11687730000.0
2011-04-09,PAYX,20.75,20.98,21.0,20.57,20.91,2044620,65307820.806,20.74,0.57,361849600,361850000.0,9367415360.17,11564710000.0
2011-04-08,PAYX,20.91,20.87,21.06,20.8,20.85,2891180,93183295.1801,20.93,0.8,361849600,361850000.0,9437760387.91,11651550000.0
2011-04-07,PAYX,20.85,20.91,20.93,20.68,20.76,2119619,67862124.6316,20.79,0.59,361849600,361850000.0,9414312240.73,11622610000.0
2011-04-06,PAYX,20.76,20.78,20.87,20.53,20.82,2375063,75942147.787,20.76,0.66,361849600,361850000.0,9370344583.35,11568320000.0
2011-04-05,PAYX,20.82,20.76,20.82,20.65,20.67,2360591,75448468.3164,20.75,0.65,361849600,361850000.0,9399656452.63,11604510000.0
2011-04-02,PAYX,20.67,20.38,20.77,20.38,20.38,3846455,122361476.3073,20.65,1.06,361849600,361850000.0,9329311131.8,11517660000.0
2011-04-01,PAYX,20.38,20.31,20.48,20.3,20.33,2263570,71103475.8792,20.39,0.63,361849600,361850000.0,9198884788.27,11356640000.0
2011-03-31,PAYX,20.33,20.3,20.47,20.26,20.23,1676350,52602183.2973,20.37,0.46,361849600,361850000.0,9176903304.36,11329510000.0
2011-03-30,PAYX,20.23,20.09,20.32,20.0,20.08,2257853,70250352.8036,20.2,0.62,361849600,361850000.0,9132935940.08,11275230000.0
2011-03-29,PAYX,20.08,20.18,20.24,20.0,20.14,2267413,70181166.7083,20.1,0.63,361849600,361850000.0,9065524531.99,11192000000.0
2011-03-26,PAYX,20.14,20.2,20.21,20.04,20.1,3276604,101558327.8736,20.12,0.91,361849600,361850000.0,9091902488.54,11224570000.0
2011-03-25,PAYX,20.1,20.64,20.7,19.96,20.93,6103637,189869437.3048,20.2,1.69,361849600,361850000.0,9074317184.17,11202860000.0
2011-03-24,PAYX,20.93,20.72,21.04,20.48,20.73,3208819,102804419.0804,20.8,0.89,361849600,361850000.0,9449482556.36,11666030000.0
2011-03-23,PAYX,20.73,20.88,20.88,20.65,20.89,2655692,84786137.9962,20.73,0.73,361849600,361850000.0,9357155751.62,11552040000.0
2011-03-22,PAYX,20.89,20.78,20.93,20.73,20.52,2140787,68774253.0957,20.86,0.59,361849600,361850000.0,9428968028.82,11640700000.0
2011-03-19,PAYX,20.52,20.64,20.74,20.48,20.45,4812305,152582291.6943,20.59,1.33,361849600,361850000.0,9261899723.72,11434440000.0
2011-03-18,PAYX,20.45,20.73,20.73,20.32,20.47,3869510,122087660.6949,20.48,1.07,361849600,361850000.0,9232592544.0,11398260000.0
2011-03-16,PAYX,20.79,20.89,21.2,20.76,21.42,5218906,167736672.1834,20.87,1.44,361849600,361850000.0,9385000664.54,11586420000.0
2011-03-15,PAYX,21.42,21.41,21.53,21.28,21.56,3457671,113877702.8508,21.38,0.96,361849600,361850000.0,9669306188.36,11937410000.0
2011-03-12,PAYX,21.56,21.63,21.76,21.37,21.73,2344447,77836779.8012,21.56,0.65,361849600,361850000.0,9733788080.17,12017020000.0
2011-03-10,PAYX,21.92,21.76,22.02,21.62,21.86,2143593,72281306.4513,21.89,0.59,361849600,361850000.0,9894992956.27,12216040000.0
2011-03-09,PAYX,21.86,21.49,21.91,21.43,21.46,2675938,89823992.2199,21.79,0.74,361849600,361850000.0,9868615292.82,12183470000.0
2011-03-08,PAYX,21.46,21.66,21.74,21.2,21.62,1703680,56143218.9402,21.4,0.47,361849600,361850000.0,9686891199.62,11959120000.0
2011-03-05,PAYX,21.62,21.67,21.74,21.43,21.72,1387886,46128743.6768,21.58,0.38,361849600,361850000.0,9760165743.62,12049590000.0
2011-03-04,PAYX,21.72,21.59,21.85,21.56,21.42,1394749,46722261.5893,21.75,0.39,361849600,361850000.0,9804133107.91,12103860000.0
2011-03-03,PAYX,21.42,21.3,21.52,21.24,21.33,1400445,46169725.1137,21.4,0.39,361849600,361850000.0,9669306188.36,11937410000.0
2011-03-02,PAYX,21.33,21.91,21.92,21.23,21.83,2495176,82409644.9155,21.44,0.69,361849600,361850000.0,9631201959.99,11890370000.0
2011-03-01,PAYX,21.83,21.5,21.86,21.49,21.47,2171864,72644504.9001,21.72,0.6,361849600,361850000.0,9856888727.9,12168990000.0
2011-02-26,PAYX,21.47,21.21,21.53,21.2,21.13,1401037,46242195.7026,21.43,0.39,361683520,361684000.0,9687572606.42,11959960000.0
2011-02-24,PAYX,21.09,21.37,21.4,20.98,21.38,2427083,78866348.5644,21.1,0.67,361683520,361684000.0,9518386390.82,11751090000.0
2011-02-23,PAYX,21.38,21.67,21.81,21.27,21.82,2510814,82933908.8384,21.45,0.69,361683520,361684000.0,9647290983.27,11910230000.0
2011-02-19,PAYX,21.82,21.7,21.87,21.58,21.72,1892706,63470920.9664,21.77,0.52,361683520,361684000.0,9844309331.67,12153460000.0
2011-02-18,PAYX,21.72,21.4,21.76,21.39,21.49,1435630,47772157.3936,21.6,0.4,361683520,361684000.0,9799633253.75,12098310000.0
2011-02-16,PAYX,21.52,21.54,21.57,21.41,21.54,1323442,43812400.5079,21.49,0.37,361683520,361684000.0,9708815400.77,11986190000.0
2011-02-15,PAYX,21.54,21.59,21.65,21.42,21.64,1417249,47010839.5303,21.54,0.39,361683520,361684000.0,9717604017.34,11997040000.0
2011-02-12,PAYX,21.64,21.56,21.67,21.37,21.62,1493610,49664173.9774,21.59,0.41,361683520,361684000.0,9764474685.97,12054900000.0
2011-02-11,PAYX,21.62,21.42,21.62,21.39,21.43,2070711,68712401.0423,21.54,0.57,361683520,361684000.0,9755686069.4,12044050000.0
2011-02-10,PAYX,21.43,21.59,21.65,21.37,21.69,1832752,60614044.2411,21.47,0.51,361683520,361684000.0,9667800489.6,11935550000.0
2011-02-08,PAYX,21.62,21.61,21.7,21.52,21.59,2717377,90348143.9701,21.59,0.75,361683520,361684000.0,9754224473.74,12042250000.0
2011-02-04,PAYX,21.43,21.26,21.48,21.11,21.35,1707089,56089971.7897,21.33,0.47,361683520,361684000.0,9670728661.29,11939170000.0
2011-02-03,PAYX,21.35,21.19,21.41,21.18,21.26,1682487,55220390.986,21.31,0.47,361683520,361684000.0,9631908926.76,11891240000.0
2011-02-02,PAYX,21.26,20.9,21.44,20.89,20.78,2830644,92611852.6586,21.24,0.78,361683520,361684000.0,9591627303.62,11841510000.0
2011-01-27,PAYX,21.1,21.24,21.31,21.04,21.24,2779136,91334626.0419,21.13,0.77,361683520,361684000.0,9611403814.89,11865930000.0
2011-01-26,PAYX,21.24,21.25,21.25,21.05,21.31,2364995,77792695.7881,21.15,0.65,361683520,361684000.0,9674389828.04,11943690000.0
2011-01-25,PAYX,21.31,21.04,21.46,21.02,20.96,3550998,117709493.7384,21.32,0.98,361683520,361684000.0,9705882834.62,11982570000.0
2011-01-22,PAYX,20.96,20.95,21.06,20.8,20.86,1829834,59676361.6033,20.97,0.51,361683520,361684000.0,9550612392.45,11790880000.0
2011-01-21,PAYX,20.86,20.84,20.95,20.7,20.83,1885945,61070103.3206,20.82,0.52,361683520,361684000.0,9500809157.67,11729390000.0
2011-01-20,PAYX,20.83,20.88,20.91,20.74,20.96,1614758,52254211.5537,20.81,0.45,361683520,361684000.0,9489092662.37,11714930000.0
2011-01-15,PAYX,20.78,20.44,20.8,20.42,20.64,2065972,66491445.3133,20.7,0.57,361683520,361684000.0,9466387979.4,11686890000.0
2011-01-13,PAYX,20.75,20.66,20.8,20.49,20.57,1715721,55267993.8467,20.72,0.47,361683520,361684000.0,9453934094.59,11671520000.0
2011-01-12,PAYX,20.57,20.62,20.69,20.5,20.58,1691937,54175469.1252,20.59,0.47,361683520,361684000.0,9368976393.52,11566630000.0
2011-01-11,PAYX,20.58,20.43,20.59,20.23,20.49,4492035,143255038.9815,20.51,1.24,361683520,361684000.0,9374836838.4,11573870000.0
2011-01-08,PAYX,20.49,20.55,20.66,20.3,20.5,5285223,168323739.8222,20.48,1.46,361683520,361684000.0,9336750391.89,11526850000.0
2011-01-07,PAYX,20.5,20.24,20.55,20.23,20.28,4639020,147602890.9858,20.46,1.28,361683520,361684000.0,9339678270.62,11530460000.0
2011-01-05,PAYX,19.77,20.21,20.21,19.73,20.19,3725071,115036864.0822,19.86,1.03,361683520,361684000.0,9008632274.4,11121770000.0
2011-01-04,PAYX,20.19,20.09,20.28,20.06,19.88,4562988,143208867.3253,20.18,1.26,361683520,361684000.0,9196129011.17,11353240000.0
2011-01-01,PAYX,19.88,19.88,19.96,19.74,19.92,1204992,37176879.5159,19.84,0.33,361683520,361684000.0,9055503235.99,11179630000.0
2010-12-31,PAYX,19.92,19.81,19.99,19.76,19.87,1441059,44620210.1717,19.91,0.4,361683520,361684000.0,9073080176.17,11201330000.0
2010-12-30,PAYX,19.87,19.84,20.0,19.8,19.82,1236492,38286858.2277,19.91,0.34,361683520,361684000.0,9052575064.3,11176020000.0
2010-12-23,PAYX,19.97,19.81,20.03,19.79,19.72,2644672,82054646.0515,19.95,0.73,361683520,361684000.0,9096517854.2,11230270000.0
2010-12-22,PAYX,19.72,20.12,20.12,19.72,19.73,5263641,162828555.1876,19.89,1.46,361683520,361684000.0,8985194889.34,11092830000.0
2010-12-21,PAYX,19.73,20.09,20.09,19.68,19.95,3903862,120066394.9957,19.78,1.08,361683520,361684000.0,8988122768.07,11096450000.0
2010-12-17,PAYX,19.79,19.45,19.86,19.39,19.47,3241310,99339652.6735,19.71,0.9,361683520,361684000.0,9017420890.97,11132620000.0
2010-12-16,PAYX,19.47,19.65,19.71,19.41,19.65,3165002,95989737.837,19.5,0.88,361683520,361684000.0,8868006792.19,10948150000.0
2010-12-14,PAYX,19.61,19.63,19.71,19.39,19.52,3324655,101500041.5239,19.63,0.92,361683520,361684000.0,8935391361.6,11031340000.0
2010-12-11,PAYX,19.52,19.35,19.57,19.29,19.31,1969931,59649900.7263,19.47,0.54,361683520,361684000.0,8891444177.25,10977090000.0
2010-12-10,PAYX,19.31,19.29,19.48,19.26,19.62,3518351,105790829.8549,19.34,0.97,361683520,361684000.0,8794765879.39,10857730000.0
2010-12-09,PAYX,19.62,19.46,19.64,19.39,19.38,2816691,85657821.0294,19.56,0.78,361683520,361684000.0,8938319533.29,11034960000.0
2010-12-08,PAYX,19.38,19.16,19.67,19.06,18.96,4089121,123462805.8183,19.42,1.13,361683520,361684000.0,8826991881.02,10897520000.0
2010-12-04,PAYX,19.09,19.05,19.11,18.94,19.04,5539692,163806958.5164,19.02,1.53,361683520,361684000.0,8694426121.82,10733860000.0
2010-12-02,PAYX,18.85,18.56,18.93,18.51,18.35,3126764,91614147.6788,18.84,0.86,361683520,361684000.0,8586764030.74,10600940000.0
2010-12-01,PAYX,18.35,18.3,18.42,18.25,18.46,2726248,77747404.9101,18.34,0.75,361683520,361684000.0,8464405302.37,10322440000.0
2010-11-30,PAYX,18.46,18.3,18.51,18.13,18.44,2439546,69459463.6199,18.31,0.67,361670880,361671000.0,8511561600.21,10379950000.0
2010-11-23,PAYX,18.32,18.13,18.33,18.04,18.24,1936360,54866745.1091,18.22,0.54,361670880,361671000.0,8449280095.25,10304000000.0
2010-11-17,PAYX,17.75,17.89,17.95,17.65,18.02,4676414,129148974.3737,17.76,1.29,361670880,361671000.0,8185332687.03,9982109000.0
2010-11-13,PAYX,17.85,17.77,17.96,17.7,17.86,3063645,85152137.8243,17.87,0.85,361670880,361671000.0,8229820874.4,10036360000.0
2010-11-12,PAYX,17.86,17.69,17.88,17.68,17.85,2516842,69775160.7849,17.83,0.7,361670880,361671000.0,8235749311.13,10043590000.0
2010-11-11,PAYX,17.85,17.86,17.93,17.72,17.86,3331983,92339541.4255,17.82,0.92,361670880,361671000.0,8229820874.4,10036360000.0
2010-11-10,PAYX,17.86,17.97,18.01,17.78,17.92,4191434,116508834.0317,17.88,1.16,361670880,361671000.0,8235749311.13,10043590000.0
2010-11-09,PAYX,17.92,18.1,18.2,17.9,18.13,3332037,92956798.3699,17.94,0.92,361670880,361671000.0,8265408102.71,10079760000.0
2010-11-06,PAYX,18.13,18.22,18.23,18.08,18.18,3498308,98702293.9129,18.14,0.97,361670880,361671000.0,8363276539.41,10199110000.0
2010-11-04,PAYX,18.09,18.01,18.21,17.97,18.02,3470546,97544873.3846,18.07,0.96,361670880,361671000.0,8342514554.91,10173790000.0
2010-11-03,PAYX,18.02,17.99,18.09,17.88,17.81,3269628,91446911.1415,17.99,0.9,361670880,361671000.0,8309891841.53,10134010000.0
2010-11-02,PAYX,17.81,17.86,17.98,17.72,17.84,2430638,67337641.6542,17.82,0.67,361670880,361671000.0,8212023108.26,10014660000.0
2010-10-30,PAYX,17.84,17.81,17.85,17.71,17.81,1970660,54560875.156,17.8,0.54,361670880,361671000.0,8226852504.05,10032740000.0
2010-10-28,PAYX,17.68,17.71,17.74,17.57,17.85,4538899,125903130.4579,17.64,1.25,361670880,361671000.0,8244645821.64,10054440000.0
2010-10-26,PAYX,17.83,17.93,17.96,17.81,17.81,5918445,166620176.9593,17.9,1.64,361670880,361671000.0,8315824430.24,10141250000.0
2010-10-21,PAYX,17.65,17.48,17.72,17.46,17.42,2917953,80907212.0788,17.63,0.81,361670880,361671000.0,8232785092.77,10039980000.0
2010-10-20,PAYX,17.42,17.49,17.6,17.31,17.57,3900156,106785460.0476,17.41,1.08,361670880,361671000.0,8123055630.62,9906160000.0
2010-10-19,PAYX,17.57,17.73,17.74,17.43,17.56,6298879,173753947.3271,17.54,1.74,361670880,361671000.0,8194229494.11,9992961000.0
2010-10-14,PAYX,17.57,17.46,17.71,17.38,17.35,4111426,113596591.2185,17.57,1.14,361670880,361671000.0,8194229494.11,9992961000.0
2010-10-13,PAYX,17.35,17.42,17.46,17.2,17.42,3509410,95575573.7493,17.32,0.97,361670880,361671000.0,8090432620.68,9866379000.0
2010-10-09,PAYX,17.47,17.57,17.63,17.36,17.54,2304729,63372663.1483,17.49,0.64,361670880,361671000.0,8149745755.29,9938711000.0
2010-10-07,PAYX,17.49,17.49,17.53,17.36,17.54,2459140,67413629.4717,17.43,0.68,361670880,361671000.0,8155678344.0,9945945000.0
2010-10-06,PAYX,17.54,17.54,17.68,17.48,17.31,3683314,101803089.8628,17.58,1.02,361670880,361671000.0,8182368765.23,9978492000.0
2010-10-02,PAYX,17.33,17.51,17.79,17.3,17.48,3965677,108808627.5298,17.45,1.1,361670880,361671000.0,8084500031.97,9859141000.0
2010-10-01,PAYX,17.48,17.49,17.63,17.31,17.33,5976567,164296412.5336,17.48,1.65,361670880,361671000.0,8152709973.65,9942328000.0
2010-09-30,PAYX,17.33,17.22,17.34,17.11,17.28,4203367,113918778.1337,17.23,1.16,361670880,361671000.0,8081535813.6,9855527000.0
2010-09-28,PAYX,17.13,17.23,17.29,17.09,17.32,5782383,156165898.9866,17.17,1.6,361670880,361671000.0,7986631298.7,9739793000.0
2010-09-24,PAYX,16.69,16.76,16.94,16.64,16.85,2844691,75148483.7714,16.8,0.79,361670880,361671000.0,7784965692.0,9493859000.0
2010-09-22,PAYX,16.76,17.0,17.01,16.7,16.95,3518262,92819445.999,16.78,0.97,361670880,361671000.0,7814620035.03,9530020000.0
2010-09-21,PAYX,16.95,16.57,16.98,16.52,16.5,5721024,151016669.113,16.79,1.58,361670880,361671000.0,7906556179.58,9642137000.0
2010-09-18,PAYX,16.5,16.53,16.55,16.46,16.45,3870862,100507272.4659,16.51,1.07,361670880,361671000.0,7695993765.81,9385355000.0
2010-09-17,PAYX,16.45,16.44,16.55,16.39,16.45,3407423,88285304.2957,16.48,0.94,361670880,361671000.0,7672267859.51,9356422000.0
2010-09-16,PAYX,16.45,16.44,16.52,16.38,16.44,3213152,83091426.3186,16.44,0.89,361670880,361671000.0,7672267859.51,9356422000.0
2010-09-15,PAYX,16.44,16.53,16.59,16.39,16.52,2625350,67970831.3193,16.46,0.73,361670880,361671000.0,7666334974.23,9349184000.0
2010-09-14,PAYX,16.52,16.64,16.64,16.48,16.44,2690829,69957490.8482,16.53,0.74,361670880,361671000.0,7704890572.89,9396203000.0
2010-09-09,PAYX,16.38,16.38,16.45,16.36,16.34,1845879,47624783.8815,16.41,0.51,361670880,361671000.0,7639644849.57,9316637000.0
2010-09-08,PAYX,16.34,16.64,16.71,16.33,16.71,1834244,47389889.3301,16.43,0.51,361670880,361671000.0,7621851235.41,9294938000.0
2010-08-31,PAYX,15.89,16.06,16.15,15.89,16.13,1867241,47011502.3829,16.01,0.52,361990240,361990000.0,6965522286.56,9046129000.0
2010-08-28,PAYX,16.13,16.11,16.19,15.89,16.04,2964916,75052967.465,16.1,0.82,361990240,361990000.0,7071442024.45,9183688000.0
2010-08-27,PAYX,16.04,16.23,16.32,16.02,16.02,3131936,79521718.5419,16.15,0.87,361990240,361990000.0,7029629364.4,9129387000.0
2010-08-26,PAYX,16.02,15.8,16.09,15.76,15.88,2571504,64422069.0872,15.93,0.71,361990240,361990000.0,7024057780.76,9122148000.0
2010-08-25,PAYX,15.88,16.03,16.12,15.87,16.14,2729033,68494623.8344,15.96,0.75,361990240,361990000.0,6959946243.2,9038887000.0
2010-08-24,PAYX,16.14,16.23,16.34,16.09,16.14,6027629,153229496.0309,16.17,1.67,361990240,361990000.0,7074227676.9,9187305000.0
2010-08-21,PAYX,16.14,16.0,16.18,15.93,16.06,3113773,78675079.6364,16.07,0.86,361990240,361990000.0,7074227676.9,9187305000.0
2010-08-20,PAYX,16.06,16.15,16.17,15.86,16.2,2987060,75160959.3132,16.0,0.83,361990240,361990000.0,7040781172.39,9143867000.0
2010-08-19,PAYX,16.2,16.14,16.27,16.01,16.2,2184721,55581041.2779,16.18,0.6,361990240,361990000.0,7102102597.77,9223508000.0
2010-08-17,PAYX,15.91,15.85,16.01,15.74,15.88,2437983,61009766.3623,15.91,0.67,361990240,361990000.0,6973883982.37,9056988000.0
2010-08-14,PAYX,15.88,15.76,15.93,15.68,15.76,2895183,72166776.1543,15.85,0.8,361420960,361421000.0,6949000759.71,9024676000.0
2010-08-12,PAYX,15.88,16.1,16.13,15.85,16.29,3623242,90728113.7695,15.92,1.0,361420960,361421000.0,6949000759.71,9024676000.0
2010-08-11,PAYX,16.29,16.3,16.43,16.08,16.37,3196691,81773900.346,16.27,0.88,361420960,361421000.0,7127109008.79,9255984000.0
2010-08-10,PAYX,16.37,16.36,16.44,16.31,16.25,2359449,60786704.0158,16.38,0.65,361420960,361421000.0,7166074084.4,9306586000.0
2010-08-06,PAYX,16.41,16.44,16.48,16.29,16.48,4722578,121714979.1811,16.39,1.31,361420960,361421000.0,7182771176.16,9328273000.0
2010-08-05,PAYX,16.48,16.51,16.6,16.46,16.5,5189899,134857947.7857,16.52,1.44,361420960,361421000.0,7210598085.44,9364410000.0
2010-08-04,PAYX,16.5,16.59,16.64,16.44,16.61,4238098,110125688.1482,16.52,1.17,361420960,361421000.0,7221732077.36,9378871000.0
2010-07-31,PAYX,16.53,16.43,16.58,16.41,16.61,6424695,166916788.4475,16.52,1.78,361420960,361421000.0,7232862173.16,9393324000.0
2010-07-28,PAYX,17.02,16.95,17.15,16.93,16.93,3914245,106200892.1728,17.05,1.08,361420960,361421000.0,7536201671.71,9787273000.0
2010-07-23,PAYX,16.54,16.3,16.68,16.3,16.21,2783371,73274187.1513,16.55,0.77,361420960,361421000.0,7324699795.69,9512594000.0
2010-07-22,PAYX,16.21,16.57,16.59,16.15,16.54,3870419,100352970.8229,16.3,1.07,361420960,361421000.0,7174422630.28,9317430000.0
2010-07-21,PAYX,16.54,16.1,16.56,16.03,16.36,3618024,93841726.8609,16.3,1.0,361420960,361421000.0,7324699795.69,9512594000.0
2010-07-17,PAYX,16.14,16.56,16.68,16.14,16.66,4845777,126029908.2967,16.35,1.34,361420960,361421000.0,7143810274.97,9277672000.0
2010-07-16,PAYX,16.66,16.58,16.69,16.43,16.57,4286633,112875165.7729,16.55,1.19,361420960,361421000.0,7377576238.72,9581266000.0
2010-07-15,PAYX,16.57,16.37,16.59,16.29,16.38,5910192,154757733.3091,16.46,1.64,361420960,361421000.0,7335829613.19,9527047000.0
2010-07-02,PAYX,16.34,16.25,16.39,16.07,16.32,8890762,230069769.0158,16.27,2.46,361420960,361421000.0,7232862173.16,9393324000.0
2010-07-01,PAYX,16.32,16.37,16.5,16.21,16.34,4845469,126346994.8246,16.39,1.34,361420960,361421000.0,7227294898.91,9386094000.0
2010-06-30,PAYX,16.34,16.59,16.6,16.24,16.72,6117484,159086321.507,16.35,1.69,361420960,361421000.0,7235647619.2,9396941000.0
2010-06-29,PAYX,16.72,16.66,16.82,16.6,16.66,2717930,72417059.6343,16.75,0.75,361420960,361421000.0,7402621598.07,9613793000.0
2010-06-25,PAYX,16.83,16.93,17.16,16.66,17.24,6566613,176904475.4206,16.93,1.82,361420960,361421000.0,7452716769.48,9678848000.0
2010-06-24,PAYX,17.24,17.44,17.56,17.18,17.43,5532262,151917557.6018,17.26,1.53,361420960,361421000.0,7630825018.57,9910160000.0
2010-06-23,PAYX,17.43,17.75,17.84,17.41,17.69,3902208,109284808.0051,17.6,1.08,361420960,361421000.0,7717095366.84,10022200000.0
2010-06-18,PAYX,18.02,18.21,18.21,17.85,18.15,3935985,112577786.8712,17.98,1.09,361420960,361421000.0,7978692692.57,10361940000.0
2010-06-16,PAYX,18.21,17.81,18.22,17.76,17.75,2837677,81704064.7381,18.1,0.79,361420960,361421000.0,8062177316.51,10470360000.0
2010-06-15,PAYX,17.75,18.0,18.07,17.71,17.83,3450747,97909735.497,17.84,0.95,361420960,361421000.0,7856242436.44,10202910000.0
2010-06-12,PAYX,17.83,17.73,17.88,17.56,17.97,4000432,112678551.9695,17.71,1.11,361420960,361421000.0,7892417891.59,10249890000.0
2010-06-11,PAYX,17.97,17.8,18.05,17.68,17.57,3409371,97161250.2943,17.91,0.94,361420960,361421000.0,7956428604.85,10333020000.0
2010-06-10,PAYX,17.57,17.59,17.88,17.54,17.54,2366351,66594533.7174,17.69,0.65,361420960,361421000.0,7778320355.76,10101710000.0
2010-06-09,PAYX,17.54,17.37,17.58,17.31,17.36,3419713,95032080.2164,17.47,0.95,361420960,361421000.0,7767186363.84,10087250000.0
2010-06-05,PAYX,17.58,17.88,18.02,17.53,18.27,2892903,81644084.1537,17.74,0.8,361420960,361421000.0,7783883177.31,10108940000.0
2010-06-04,PAYX,18.27,18.24,18.32,18.07,18.14,2244768,65079400.2354,18.22,0.62,361420960,361421000.0,8090008678.49,10506500000.0
2010-06-03,PAYX,18.14,17.76,18.14,17.61,17.74,2383020,68051411.2379,17.95,0.66,361420960,361421000.0,8031564961.19,10430600000.0
2010-06-02,PAYX,17.74,17.85,18.1,17.7,17.94,2173444,61882067.1829,17.9,0.6,361420960,361421000.0,7853456712.11,10199290000.0
2010-05-28,PAYX,18.1,18.05,18.18,17.96,17.82,3709020,106609085.1189,18.07,1.03,361420960,361421000.0,7806689483.21,10408920000.0
2010-05-27,PAYX,17.82,18.17,18.41,17.72,18.1,5506887,157788833.211,18.01,1.52,361420960,361421000.0,7684710722.41,10246280000.0
2010-05-26,PAYX,18.1,17.95,18.1,17.81,18.22,6308477,180655142.9911,18.0,1.75,361420960,361421000.0,7806689483.21,10408920000.0
2010-05-21,PAYX,18.18,18.26,18.44,18.14,18.61,7666711,223016174.2745,18.28,2.12,361420960,361421000.0,7839220351.33,10452290000.0
2010-05-20,PAYX,18.61,18.7,18.88,18.52,18.7,4044287,119928453.5749,18.64,1.12,361420960,361421000.0,8023542872.41,10698050000.0
2010-05-19,PAYX,18.7,19.0,19.1,18.63,18.85,2397818,71779372.4016,18.82,0.66,361420960,361421000.0,8064205170.0,10752270000.0
2010-05-13,PAYX,19.23,19.08,19.27,18.91,19.01,2429655,74140181.2802,19.18,0.67,361420960,361421000.0,8291899561.6,11055860000.0
2010-05-08,PAYX,18.2,18.34,18.51,18.01,18.39,7453496,216849016.3186,18.29,2.06,361420960,361421000.0,7847351780.8,10463130000.0
2010-05-06,PAYX,18.96,19.11,19.35,18.86,19.13,2338579,70642601.7567,18.99,0.65,361420960,361421000.0,8175339133.48,10900450000.0
2010-05-05,PAYX,19.13,19.37,19.39,18.97,19.45,2976055,90433046.9908,19.1,0.82,361420960,361421000.0,8251237264.01,11001650000.0
2010-05-04,PAYX,19.45,19.23,19.47,19.15,19.22,2772313,85331791.3677,19.35,0.77,361420960,361421000.0,8389483220.8,11185970000.0
2010-05-01,PAYX,19.22,19.52,19.52,19.21,19.42,2920585,89763870.393,19.32,0.81,361420960,361421000.0,8286477162.94,11048630000.0
2010-04-30,PAYX,19.42,19.37,19.44,19.21,19.37,3073825,94641832.9985,19.35,0.85,361420960,361421000.0,8373220090.8,11164290000.0
2010-04-29,PAYX,19.37,19.52,19.64,19.3,19.45,2618433,81546353.8028,19.38,0.72,361420960,361421000.0,8435564122.14,11247410000.0
2010-04-28,PAYX,19.45,19.73,19.86,19.4,19.77,2850302,89628290.7977,19.57,0.79,361420960,361421000.0,8470803750.0,11294400000.0
2010-04-24,PAYX,19.74,19.62,19.77,19.47,19.62,2185405,68925925.376,19.63,0.6,361420960,361421000.0,8598200843.48,11464270000.0
2010-04-23,PAYX,19.62,19.45,19.63,19.3,19.54,2167988,67862332.1922,19.48,0.6,361420960,361421000.0,8545345196.61,11393790000.0
2010-04-22,PAYX,19.54,19.47,19.55,19.37,19.53,1844135,57785785.8115,19.5,0.51,361420960,361421000.0,8511461981.61,11348610000.0
2010-04-14,PAYX,19.38,19.39,19.42,19.24,19.36,1530648,47619512.3658,19.36,0.42,361420960,361421000.0,8440986520.8,11254640000.0
2010-04-13,PAYX,19.36,19.42,19.43,19.25,19.43,2204121,68459085.7539,19.33,0.61,361420960,361421000.0,8432850754.28,11243800000.0
2010-04-10,PAYX,19.43,19.23,19.44,19.16,19.23,1987774,61793912.448,19.35,0.55,361420960,361421000.0,8462667983.48,11283550000.0
2010-04-09,PAYX,19.23,18.95,19.27,18.92,19.07,3882336,119303754.3407,19.12,1.07,361420960,361421000.0,8375929121.61,11167900000.0
2010-04-08,PAYX,19.07,19.29,19.39,19.01,19.28,3006136,92283550.3517,19.1,0.83,361420960,361421000.0,8308162691.61,11077550000.0
2010-04-06,PAYX,19.34,19.16,19.42,19.11,19.12,2657880,82586678.6174,19.34,0.74,361420960,361421000.0,8424719053.75,11232960000.0
2010-04-01,PAYX,19.12,19.25,19.31,19.09,19.33,3136323,96689065.0934,19.19,0.87,361420960,361421000.0,8327135123.48,11102840000.0
2010-03-31,PAYX,19.33,19.39,19.51,19.25,19.41,2956458,91819277.833,19.33,0.82,361420960,361421000.0,8419300721.07,11225730000.0
2010-03-27,PAYX,19.42,19.34,19.56,19.32,19.34,4416613,138083585.8004,19.46,1.22,361420960,361421000.0,8459958952.67,11279940000.0
2010-03-26,PAYX,19.34,19.65,19.82,19.29,20.13,8069379,252199491.7037,19.45,2.23,361420960,361421000.0,8422010022.94,11229340000.0
2010-03-25,PAYX,20.13,20.34,20.38,20.09,20.39,3922022,127247999.6368,20.19,1.09,361420960,361421000.0,8766264571.6,11688350000.0
2010-03-24,PAYX,20.39,20.42,20.42,20.21,20.22,2078621,67847014.6525,20.31,0.58,361420960,361421000.0,8880111631.87,11840150000.0
2010-03-20,PAYX,20.02,20.34,20.38,19.92,20.21,4713102,152270390.401,20.11,1.3,361420960,361421000.0,8720183941.33,11626910000.0
2010-03-19,PAYX,20.21,20.22,20.3,20.13,20.18,2635595,85649721.3935,20.22,0.73,361420960,361421000.0,8801500133.48,11735330000.0
2010-03-18,PAYX,20.18,20.09,20.26,20.07,20.09,2871074,93130158.5412,20.19,0.79,361420960,361421000.0,8790659402.14,11720880000.0
2010-03-17,PAYX,20.09,20.23,20.29,20.03,20.19,2834037,91558346.3054,20.11,0.78,361420960,361421000.0,8752710472.41,11670280000.0
2010-03-16,PAYX,20.19,20.04,20.2,19.93,20.0,1971323,63670160.8627,20.1,0.55,361420960,361421000.0,8793368704.01,11724490000.0
2010-03-13,PAYX,20.0,19.86,20.06,19.76,19.84,2254787,72311449.7543,19.96,0.62,361420960,361421000.0,8709338872.94,11612450000.0
2010-03-12,PAYX,19.84,19.69,19.85,19.65,19.78,1411846,44839510.3304,19.76,0.39,361420960,361421000.0,8641572442.94,11522090000.0
2010-03-10,PAYX,19.6,19.45,19.68,19.39,19.45,2231186,70206710.6387,19.58,0.62,361420960,361421000.0,8537213767.14,11382950000.0
2010-03-05,PAYX,18.88,18.97,18.99,18.79,18.89,2387422,72303304.4625,18.85,0.66,361420960,361421000.0,8221419763.75,10961890000.0
2010-03-04,PAYX,18.89,18.91,18.99,18.74,18.66,2881558,87592444.5792,18.92,0.8,361420960,361421000.0,8229551464.28,10972730000.0
2010-03-03,PAYX,18.66,18.84,18.88,18.63,18.85,2477839,74539829.59,18.72,0.69,361420960,361421000.0,8129258503.21,10839010000.0
2010-02-27,PAYX,18.63,18.62,18.67,18.48,18.55,2316968,69270612.408,18.61,0.64,361406720,361407000.0,8007179516.34,10820510000.0
2010-02-25,PAYX,18.86,18.86,19.02,18.78,18.73,3428210,104001942.7346,18.88,0.95,361406720,361407000.0,8106135350.69,10954230000.0
2010-02-23,PAYX,18.85,18.81,18.94,18.76,18.81,1501240,45504070.6276,18.86,0.42,361406720,361407000.0,8100785461.47,10947000000.0
2010-02-20,PAYX,18.81,18.75,18.84,18.63,18.77,2641566,79609664.3702,18.76,0.73,361406720,361407000.0,8084739537.98,10925320000.0
2010-02-19,PAYX,18.77,18.78,18.87,18.7,18.72,2416119,72822305.0516,18.76,0.67,361406720,361407000.0,8066016797.8,10900020000.0
2010-02-18,PAYX,18.72,18.67,18.74,18.62,18.59,1870752,56238911.4206,18.71,0.52,361406720,361407000.0,8044620985.09,10871110000.0
2010-02-11,PAYX,18.1,18.09,18.2,17.94,18.12,1811959,52670924.7556,18.09,0.5,361406720,361407000.0,7777180012.29,10509700000.0
2010-02-03,PAYX,18.36,18.27,18.43,18.03,18.25,3507181,103129351.7268,18.3,0.97,361406720,361407000.0,7892181770.12,10665110000.0
2010-01-30,PAYX,18.04,18.05,18.24,18.02,17.97,6691277,194888039.5323,18.13,1.85,361406720,361407000.0,7753111394.5,10477180000.0
2010-01-27,PAYX,18.08,18.1,18.26,18.06,18.16,3873410,114088936.5167,18.14,1.07,361406720,361407000.0,7854740301.37,10614510000.0
2010-01-26,PAYX,18.16,18.32,18.33,18.08,18.25,2919439,86169557.2001,18.17,0.81,361406720,361407000.0,7889508697.6,10661500000.0
2010-01-16,PAYX,18.89,18.95,19.14,18.79,19.3,4405184,135315296.8106,18.91,1.22,361406720,361407000.0,8202414368.34,11084340000.0
2010-01-15,PAYX,19.3,19.41,19.5,19.15,19.5,2299924,72055008.9732,19.29,0.64,361406720,361407000.0,8384272090.31,11330090000.0
2010-01-09,PAYX,19.43,19.01,19.46,18.87,19.42,5082695,159018181.8128,19.26,1.41,361406720,361407000.0,8440436566.69,11405990000.0
2010-01-08,PAYX,19.42,19.06,19.43,18.93,19.12,3674694,114924577.623,19.26,1.02,361406720,361407000.0,8435086677.47,11398760000.0
2010-01-07,PAYX,19.12,18.97,19.14,18.89,18.97,3507629,108448122.7894,19.04,0.97,361406720,361407000.0,8304038996.15,11221670000.0
2010-01-06,PAYX,18.97,19.0,19.01,18.81,18.98,3237631,99519904.3053,18.93,0.9,361406720,361407000.0,8237178752.95,11131320000.0
2010-01-01,PAYX,18.87,18.97,19.08,18.87,19.03,2073167,63832799.491,18.96,0.57,361406720,361407000.0,8194391406.59,11073500000.0
2009-12-30,PAYX,19.06,19.17,19.18,19.05,19.09,1129153,34990184.1308,19.08,0.31,361406720,361407000.0,8279970378.36,11189140000.0
2009-12-25,PAYX,19.11,19.09,19.11,19.04,19.0,852384,26409063.9946,19.08,0.24,361406720,361407000.0,8298693118.54,11214450000.0
2009-12-22,PAYX,19.06,19.08,19.29,19.03,19.04,2924258,90593501.143,19.08,0.81,361406720,361407000.0,8279970378.36,11189140000.0
2009-12-19,PAYX,19.04,19.11,19.17,18.95,19.01,5955727,184142073.7808,19.04,1.65,361406720,361407000.0,8269274611.54,11174690000.0
2009-12-16,PAYX,19.59,19.66,19.73,19.5,19.7,3558033,113290962.2756,19.61,0.98,361406720,361407000.0,8509969882.41,11499960000.0
2009-12-15,PAYX,19.7,19.77,19.86,19.61,19.61,2976526,95187200.0526,19.69,0.82,361406720,361407000.0,8558111129.6,11565010000.0
2009-12-11,PAYX,19.61,19.64,19.78,19.59,19.52,3793174,121137261.0422,19.66,1.05,361406720,361407000.0,8515319771.63,11507180000.0
2009-12-09,PAYX,19.59,19.88,19.97,19.57,20.01,3956158,126330359.5207,19.66,1.09,361406720,361407000.0,8509969882.41,11499960000.0
2009-12-08,PAYX,20.01,19.9,20.08,19.86,19.92,2784920,90435537.0662,20.0,0.77,361406720,361407000.0,8691831616.0,11745710000.0
2009-12-01,PAYX,19.3,19.21,19.41,19.13,19.29,2682532,83876034.4371,19.25,0.74,361406720,361407000.0,8157670141.92,11330090000.0
2009-11-28,PAYX,19.29,19.06,19.41,19.01,19.51,1241967,38831083.1348,19.25,0.34,361381920,361382000.0,8151905416.06,11322090000.0
2009-11-26,PAYX,19.51,19.52,19.6,19.49,19.47,1551296,49209124.2535,19.53,0.43,361381920,361382000.0,8245575869.92,11452190000.0
2009-11-25,PAYX,19.47,19.33,19.51,19.29,19.51,2457764,77502146.8704,19.42,0.68,361381920,361382000.0,8227364302.71,11426890000.0
2009-11-24,PAYX,19.51,19.41,19.61,19.27,19.12,3579743,113364339.4495,19.5,0.99,361381920,361382000.0,8245575869.92,11452190000.0
2009-11-21,PAYX,19.12,18.9,19.16,18.9,19.06,2174436,67344674.7996,19.07,0.6,361381920,361382000.0,8079051081.18,11220900000.0
2009-11-20,PAYX,19.06,19.21,19.21,18.95,19.28,2558758,79090946.2279,19.03,0.71,361381920,361382000.0,8053033924.7,11184770000.0
2009-11-19,PAYX,19.28,19.38,19.38,19.19,19.43,2149501,67270106.2032,19.27,0.59,361381920,361382000.0,8146704378.55,11314860000.0
2009-11-18,PAYX,19.43,19.24,19.43,19.23,19.38,1988606,62507031.1037,19.35,0.55,361381920,361382000.0,8211753124.15,11405210000.0
2009-11-17,PAYX,19.38,19.22,19.4,19.11,19.1,2964643,93041733.337,19.32,0.82,361381920,361382000.0,8188332453.4,11372680000.0
2009-11-14,PAYX,19.1,19.07,19.13,18.91,19.09,3471248,107495868.9688,19.07,0.96,361381920,361382000.0,8071245752.1,11210060000.0
2009-11-13,PAYX,19.09,19.12,19.3,19.01,19.07,4504461,140044985.2703,19.14,1.25,361381920,361382000.0,8066044454.4,11202840000.0
2009-11-12,PAYX,19.07,19.2,19.21,18.95,19.05,2880310,89192788.3793,19.07,0.8,361381920,361382000.0,8058234962.2,11191990000.0
2009-11-11,PAYX,19.05,19.05,19.22,18.92,19.06,4094073,126881033.5018,19.08,1.13,361381920,361382000.0,8050429633.12,11181150000.0
2009-11-10,PAYX,19.06,18.76,19.12,18.7,18.7,4629379,142844558.215,19.0,1.28,361381920,361382000.0,8053033924.7,11184770000.0
2009-11-07,PAYX,18.7,18.49,18.74,18.32,18.69,3537852,107066719.1085,18.63,0.98,361381920,361382000.0,7902120574.71,10975160000.0
2009-11-06,PAYX,18.69,18.16,18.71,18.02,17.94,5839508,175885957.602,18.55,1.62,361381920,361382000.0,7899516022.93,10971550000.0
2009-11-05,PAYX,17.94,17.65,18.17,17.6,17.62,4886094,142532199.2131,17.96,1.35,361381920,361382000.0,7582081787.14,10530660000.0
2009-11-04,PAYX,17.62,17.51,17.65,17.33,17.49,4071185,115921244.3618,17.53,1.13,361381920,361382000.0,7446779355.51,10342750000.0
2009-11-03,PAYX,17.49,17.77,17.78,17.42,17.49,4252375,121270875.9191,17.56,1.18,361381920,361382000.0,7392136587.84,10266850000.0
2009-10-31,PAYX,17.49,17.7,17.86,17.49,17.65,5368375,153772211.2854,17.64,1.49,361381920,361382000.0,7392136587.84,10266850000.0
2009-10-30,PAYX,17.65,17.88,17.91,17.59,17.69,4440250,127543024.2322,17.69,1.23,361381920,361382000.0,7459789885.21,10360820000.0
2009-10-29,PAYX,17.69,17.7,17.92,17.62,17.76,4104121,119626463.3506,17.76,1.14,361381920,361382000.0,7556060727.73,10494530000.0
2009-10-28,PAYX,17.76,17.82,18.03,17.7,17.79,3779953,110700436.8689,17.84,1.05,361381920,361382000.0,7584682175.79,10534280000.0
2009-10-27,PAYX,17.79,17.37,17.89,17.37,17.37,5096000,148381735.32,17.74,1.41,361381920,361382000.0,7597692705.5,10552350000.0
2009-10-24,PAYX,17.37,17.56,17.61,17.28,17.62,2695354,76992506.6932,17.4,0.75,361381920,361382000.0,7420758296.1,10306610000.0
2009-10-23,PAYX,17.62,17.37,17.68,17.22,17.42,2629089,75434347.4058,17.48,0.73,361381920,361382000.0,7524838630.81,10451160000.0
2009-10-22,PAYX,17.42,17.37,17.71,17.37,17.4,2647348,76309798.158,17.56,0.73,361381920,361382000.0,7438973766.23,10331910000.0
2009-10-21,PAYX,17.4,17.53,17.64,17.27,17.56,2097924,59858156.3812,17.38,0.58,361381920,361382000.0,7431168176.95,10321060000.0
2009-10-20,PAYX,17.56,17.53,17.65,17.34,17.51,3392914,97631392.1406,17.53,0.94,361381920,361382000.0,7498817571.4,10415020000.0
2009-10-17,PAYX,17.51,17.37,17.56,17.33,17.62,2812866,80599282.9136,17.46,0.78,361381920,361382000.0,7480605744.0,10389730000.0
2009-10-16,PAYX,17.62,17.68,17.73,17.54,17.68,2852845,82461744.3339,17.61,0.79,361381920,361382000.0,7524838630.81,10451160000.0
2009-10-15,PAYX,17.68,17.48,17.69,17.37,17.38,2395119,69083119.0869,17.57,0.66,361381920,361382000.0,7553460078.88,10490910000.0
2009-10-14,PAYX,17.38,17.45,17.48,17.28,17.45,1851643,52741254.8741,17.35,0.51,361381920,361382000.0,7423362587.68,10310220000.0
2009-10-08,PAYX,17.45,17.38,17.47,17.29,17.41,2135908,61009219.6129,17.4,0.59,361381920,361382000.0,7451984295.94,10349980000.0
2009-10-07,PAYX,17.41,17.37,17.57,17.24,17.23,3443215,98368475.9302,17.4,0.95,361381920,361382000.0,7436369214.46,10328290000.0
2009-10-06,PAYX,17.23,17.08,17.25,16.97,17.09,2173388,61164113.2051,17.14,0.6,361381920,361382000.0,7360914490.93,10223490000.0
2009-10-03,PAYX,17.09,17.14,17.29,17.0,17.29,3322981,93360121.5055,17.12,0.92,361381920,361382000.0,7301070685.75,10140380000.0
2009-10-02,PAYX,17.29,17.54,17.68,17.19,17.7,4071932,116010547.9719,17.36,1.13,361381920,361382000.0,7384330998.56,10256010000.0
2009-10-01,PAYX,17.7,17.61,17.75,17.36,17.58,3805758,109844051.822,17.58,1.05,361381920,361382000.0,7558661116.38,10498140000.0
2009-09-30,PAYX,17.58,17.76,17.88,17.55,17.84,3451133,99998286.9858,17.65,0.95,361381920,361382000.0,7506622900.49,10425860000.0
2009-09-29,PAYX,17.84,17.65,17.95,17.6,17.53,3201233,93690483.0098,17.83,0.89,361381920,361382000.0,7621109473.33,10584870000.0
2009-09-25,PAYX,17.75,18.28,18.52,17.61,18.91,9366504,274043281.9982,17.82,2.59,361381920,361382000.0,7579477235.36,10527050000.0
2009-09-24,PAYX,18.91,18.64,19.21,18.59,18.7,6939438,215714491.2431,18.94,1.92,361381920,361382000.0,8076450692.53,11217290000.0
2009-09-23,PAYX,18.7,18.34,18.73,18.14,18.2,4154871,126507508.0531,18.55,1.15,361381920,361382000.0,7987985179.1,11094420000.0
2009-09-22,PAYX,18.2,18.11,18.39,17.97,18.08,3161317,94574250.2132,18.22,0.87,361381920,361382000.0,7772023083.51,10794470000.0
2009-09-19,PAYX,18.08,18.26,18.26,17.9,18.12,4755692,141238307.5241,18.09,1.32,361381920,361382000.0,7722585256.27,10725810000.0
2009-09-18,PAYX,18.12,17.96,18.17,17.84,17.93,3806132,112650438.9681,18.03,1.05,361381920,361382000.0,7738196434.82,10747490000.0
2009-09-17,PAYX,17.93,17.51,18.01,17.47,17.53,3255719,94884319.6626,17.75,0.9,361381920,361382000.0,7660137159.52,10639080000.0
2009-09-16,PAYX,17.53,17.59,17.59,17.38,17.61,1685999,48434345.7546,17.5,0.47,361381920,361382000.0,7485807041.7,10396950000.0
2009-09-12,PAYX,17.4,17.29,17.45,17.22,17.31,2148063,61159192.1986,17.34,0.59,361381920,361382000.0,7433768825.8,10324680000.0
2009-09-11,PAYX,17.31,17.26,17.32,17.06,17.23,1952979,55210903.816,17.22,0.54,361381920,361382000.0,7394741139.61,10270470000.0
2009-09-10,PAYX,17.23,17.06,17.29,16.79,17.05,3171845,89568129.1733,17.2,0.88,361381920,361382000.0,7360914490.93,10223490000.0
2009-09-09,PAYX,17.05,17.16,17.22,16.9,17.08,2898356,80893084.0781,17.0,0.8,361381920,361382000.0,7282855215.62,10115070000.0
2009-09-04,PAYX,16.89,16.78,16.91,16.55,16.75,2664776,73402837.7969,16.78,0.74,361381920,361382000.0,7215205821.17,10021120000.0
2009-09-03,PAYX,16.75,16.69,16.89,16.64,16.75,2740004,75421062.4036,16.77,0.76,361381920,361382000.0,7152757724.42,9934383000.0
2009-09-02,PAYX,16.75,17.33,17.33,16.68,17.23,4621387,128214790.4367,16.9,1.28,361381920,361382000.0,7152757724.42,9934383000.0
2009-09-01,PAYX,17.23,17.26,17.29,17.06,17.31,2266191,63829744.1956,17.16,0.63,361381920,361382000.0,7360914490.93,10223490000.0
2009-08-29,PAYX,17.31,17.37,17.48,17.15,17.31,2037820,57741613.3974,17.26,0.56,361094880,361095000.0,7388867612.52,10262310000.0
2009-08-25,PAYX,17.37,17.29,17.45,17.23,17.3,2153397,61359953.5893,17.36,0.6,361094880,361095000.0,7414864103.99,10298420000.0
2009-08-22,PAYX,17.3,17.18,17.45,16.92,17.06,3845130,108994439.493,17.27,1.06,361094880,361095000.0,7383666546.31,10255090000.0
2009-08-21,PAYX,17.06,17.04,17.06,16.83,16.95,2310743,64479414.0239,17.0,0.64,361094880,361095000.0,7279672780.8,10110650000.0
2009-08-20,PAYX,16.95,16.66,17.0,16.64,16.79,1876128,51981308.1531,16.88,0.52,361094880,361095000.0,7232873064.43,10045650000.0
2009-08-19,PAYX,16.79,16.76,16.87,16.67,16.66,1956407,53846747.437,16.77,0.54,361094880,361095000.0,7165277402.84,9951770000.0
2009-08-18,PAYX,16.66,16.76,16.97,16.62,17.07,3006137,82496206.2178,16.72,0.83,361094880,361095000.0,7108079713.86,9872328000.0
2009-08-14,PAYX,17.21,17.19,17.24,17.0,16.97,3212181,90313674.5716,17.13,0.89,361094880,361095000.0,7344669859.2,10200930000.0
2009-08-13,PAYX,16.97,17.02,17.11,16.55,16.68,2883742,80358348.8045,16.98,0.8,361094880,361095000.0,7243270777.06,10060090000.0
2009-08-11,PAYX,16.8,16.91,17.06,16.66,16.94,3417196,94355930.334,16.82,0.95,361094880,361095000.0,7170474309.24,9958988000.0
2009-08-08,PAYX,16.94,16.3,16.98,16.19,15.97,5791031,159109144.246,16.74,1.6,361094880,361095000.0,7227671998.22,10038430000.0
2009-08-07,PAYX,15.97,16.11,16.14,15.9,16.11,3716472,97501248.974,15.98,1.03,361094880,361095000.0,6816889942.76,9467898000.0
2009-08-06,PAYX,16.11,16.25,16.27,15.93,16.28,3502099,92352098.1774,16.06,0.97,361094880,361095000.0,6874087891.72,9547340000.0
2009-08-05,PAYX,16.28,16.14,16.36,15.98,16.14,4211340,112202693.7179,16.23,1.17,361094880,361095000.0,6946884099.56,9648445000.0
2009-08-04,PAYX,16.14,16.14,16.27,15.84,16.14,4851063,127492222.6176,16.01,1.34,361094880,361095000.0,6889690310.4,9569012000.0
2009-08-01,PAYX,16.14,16.08,16.28,15.99,16.06,3177077,84318003.2707,16.17,0.88,361094880,361095000.0,6889690310.4,9569012000.0
2009-07-31,PAYX,16.06,16.42,16.42,15.96,16.24,5312442,140496002.035,16.11,1.47,361094880,361095000.0,6853288306.66,9518453000.0
2009-07-30,PAYX,16.24,16.01,16.26,15.93,16.04,4703969,126380551.9935,16.18,1.3,361094880,361095000.0,7011881177.96,9738723000.0
2009-07-29,PAYX,16.04,15.85,16.16,15.83,15.96,3720582,99061236.1458,16.03,1.03,361094880,361095000.0,6923486191.28,9615949000.0
2009-07-28,PAYX,15.96,15.84,15.98,15.69,15.78,3127959,82472380.074,15.88,0.87,361094880,361095000.0,6892288893.59,9572617000.0
2009-07-25,PAYX,15.78,15.63,15.8,15.55,15.71,2301731,59956623.8414,15.69,0.64,361094880,361095000.0,6811693036.36,9460680000.0
2009-07-23,PAYX,15.39,15.41,15.47,15.21,15.44,2547884,64986828.6893,15.36,0.71,361094880,361095000.0,6645300775.64,9229582000.0
2009-07-22,PAYX,15.44,15.5,15.52,15.21,15.42,3601194,91594165.4593,15.32,1.0,361094880,361095000.0,6666100360.7,9258469000.0
2009-07-21,PAYX,15.42,15.25,15.42,15.21,15.27,3374142,85770325.2327,15.31,0.93,361094880,361095000.0,6655698488.27,9244023000.0
2009-07-18,PAYX,15.27,15.34,15.34,15.09,15.27,2703931,68326946.5495,15.22,0.75,361094880,361095000.0,6593299993.06,9157359000.0
2009-07-14,PAYX,14.83,14.62,14.83,14.36,14.6,3237931,78940084.2904,14.68,0.9,361094880,361095000.0,6400911240.88,8890152000.0
2009-07-09,PAYX,14.69,14.7,14.77,14.58,14.62,4477059,109039644.9715,14.67,1.24,361094880,361095000.0,6341114968.7,8807098000.0
2009-07-07,PAYX,15.1,14.9,15.12,14.86,14.95,3564045,89023033.21,15.04,0.99,361094880,361095000.0,6517905202.03,9052641000.0
2009-07-03,PAYX,14.95,15.27,15.27,14.85,15.41,5499020,136845268.3158,14.99,1.52,361094880,361095000.0,6455506446.84,8965977000.0
2009-07-02,PAYX,15.41,15.22,15.59,15.13,15.18,4719969,120911898.99,15.43,1.31,361094880,361095000.0,6653100165.06,9240414000.0
2009-07-01,PAYX,15.18,15.3,15.46,15.08,15.28,5618699,141910901.917,15.21,1.56,361094880,361095000.0,6551704722.76,9099586000.0
2009-06-25,PAYX,16.08,15.87,16.13,15.84,15.74,4952484,131830642.082,16.03,1.37,360824000,360824000.0,6939076430.45,9637602000.0
2009-06-19,PAYX,16.14,15.96,16.19,15.91,16.19,5493942,146491568.2764,16.06,1.52,360824000,360824000.0,6962456786.48,9670074000.0
2009-06-18,PAYX,16.19,16.32,16.39,16.17,16.31,5585121,150816675.5588,16.26,1.55,360824000,360824000.0,6985841299.2,9702555000.0
2009-06-17,PAYX,16.31,16.48,16.54,16.3,16.42,4090119,111295786.3761,16.39,1.13,360824000,360824000.0,7035198645.09,9771105000.0
2009-06-16,PAYX,16.42,16.39,16.46,16.22,16.6,4169742,113179269.5783,16.35,1.16,360824000,360824000.0,7081963513.83,9836059000.0
2009-06-13,PAYX,16.6,16.79,16.84,16.23,17.05,5551602,151810766.2276,16.47,1.54,360824000,360824000.0,7162498911.05,9947914000.0
2009-06-12,PAYX,17.05,16.79,17.25,16.78,16.77,3914548,111104631.2082,17.09,1.08,360824000,360824000.0,7357343871.05,10218530000.0
2009-06-11,PAYX,16.77,16.8,16.88,16.56,16.65,2990570,82839647.2936,16.68,0.83,360824000,360824000.0,7235240509.86,10048940000.0
2009-06-10,PAYX,16.65,16.65,16.72,16.47,16.6,2181626,60148277.4725,16.6,0.6,360824000,360824000.0,7183282633.24,9976777000.0
2009-06-09,PAYX,16.6,16.6,16.78,16.42,16.66,2099260,57704442.0859,16.55,0.58,360824000,360824000.0,7159902277.21,9944305000.0
2009-06-05,PAYX,16.53,16.73,16.73,16.36,16.53,4319348,118291387.7479,16.49,1.2,360824000,360824000.0,7131324756.62,9904613000.0
2009-06-03,PAYX,17.01,17.2,17.22,16.96,17.14,4259981,120659271.5859,17.06,1.18,360824000,360824000.0,7336559889.06,10189660000.0
2009-06-02,PAYX,17.14,16.97,17.2,16.62,16.46,4269570,120993606.515,17.07,1.18,360824000,360824000.0,7393714670.45,10269040000.0
2009-05-30,PAYX,16.46,16.42,16.48,16.07,16.36,3395134,91777931.1294,16.28,0.94,360824000,360824000.0,7102747495.82,9864926000.0
2009-05-29,PAYX,16.36,16.36,16.49,16.01,16.22,2660168,71796569.6538,16.25,0.74,360824000,360824000.0,7058583157.81,9803586000.0
2009-05-28,PAYX,16.22,16.51,16.6,16.18,16.55,3530986,95839042.467,16.34,0.98,360824000,360824000.0,6996231211.85,9716984000.0
2009-05-27,PAYX,16.55,15.81,16.6,15.81,16.03,3666253,99760170.3024,16.39,1.02,360824000,360824000.0,7141714929.06,9919047000.0
2009-05-23,PAYX,16.03,16.04,16.27,15.96,15.99,2414870,64748187.5077,16.15,0.67,360824000,360824000.0,6915696074.43,9605129000.0
2009-05-22,PAYX,15.99,16.17,16.3,15.81,16.45,4122391,109291989.2242,15.97,1.14,360824000,360824000.0,6900108997.21,9583480000.0
2009-05-21,PAYX,16.45,16.63,16.76,16.43,16.46,2222951,61203842.9977,16.58,0.62,360824000,360824000.0,7094953957.21,9854098000.0
2009-05-20,PAYX,16.46,16.62,16.62,16.31,16.62,2045895,55988956.875,16.48,0.57,360824000,360824000.0,7100146965.09,9861313000.0
2009-05-19,PAYX,16.62,16.26,16.62,16.11,16.09,2779888,75944863.8875,16.45,0.77,360824000,360824000.0,7170292189.86,9958734000.0
2009-05-16,PAYX,16.09,16.09,16.28,15.96,16.11,2584360,69136796.1356,16.11,0.72,360824000,360824000.0,6941672804.49,9641207000.0
2009-05-15,PAYX,16.11,16.18,16.29,16.05,16.15,3360494,90016178.336,16.13,0.93,360824000,360824000.0,6952066873.83,9655645000.0
2009-05-14,PAYX,16.15,16.48,16.55,16.03,16.67,3231753,86812632.0919,16.18,0.9,360824000,360824000.0,6967653951.05,9677293000.0
2009-05-13,PAYX,16.67,16.7,16.77,16.42,16.6,3234680,89104390.8025,16.59,0.9,360824000,360824000.0,7191076171.85,9987602000.0
2009-05-08,PAYX,16.28,16.35,16.98,16.18,16.79,4258094,115901882.3981,16.39,1.18,360824000,360824000.0,7024808732.44,9756676000.0
2009-05-07,PAYX,16.79,16.75,16.89,16.41,16.65,3268686,90870428.525,16.74,0.91,360824000,360824000.0,7243034048.47,10059770000.0
2009-05-06,PAYX,16.65,16.4,16.69,16.39,16.42,3427735,94386097.2491,16.58,0.95,360824000,360824000.0,7183282633.24,9976777000.0
2009-05-05,PAYX,16.42,16.42,16.6,16.22,16.22,3691107,100949547.0214,16.47,1.02,360824000,360824000.0,7084560147.67,9839664000.0
2009-05-02,PAYX,16.22,16.11,16.37,16.1,16.27,2102086,56494170.8549,16.18,0.58,360824000,360824000.0,6996231211.85,9716984000.0
2009-05-01,PAYX,16.27,16.23,16.7,16.16,16.52,3835131,104530671.8627,16.41,1.06,360824000,360824000.0,7017015193.83,9745852000.0
2009-04-30,PAYX,16.52,16.27,16.7,16.16,16.05,3522793,96739739.1472,16.54,0.98,360824000,360824000.0,7128724485.68,9901004000.0
2009-04-29,PAYX,16.05,16.05,16.17,15.69,15.96,2657474,71614132.8744,16.04,0.74,360824000,360824000.0,7006621124.49,9731414000.0
2009-04-28,PAYX,15.96,15.92,16.3,15.88,16.35,4685211,126305745.3703,16.05,1.3,360824000,360824000.0,6967653951.05,9677293000.0
2009-04-25,PAYX,16.35,16.1,16.43,15.98,16.04,2966213,81039905.373,16.26,0.82,360824000,360824000.0,7133921390.45,9908219000.0
2009-04-24,PAYX,16.04,15.94,16.05,15.71,16.19,3378102,90110830.3128,15.88,0.94,360824000,360824000.0,7001428116.62,9724203000.0
2009-04-23,PAYX,16.19,16.13,16.48,15.98,16.26,2852007,78042881.3934,16.29,0.79,360824000,360824000.0,7066376436.62,9814410000.0
2009-04-22,PAYX,16.26,15.77,16.3,15.72,15.88,4473250,121279639.7035,16.14,1.24,360824000,360824000.0,7094953957.21,9854098000.0
2009-04-21,PAYX,15.88,16.06,16.07,15.79,16.32,2812012,75165069.512,15.91,0.78,360824000,360824000.0,6928686517.81,9623172000.0
2009-04-18,PAYX,16.32,16.45,16.45,16.13,16.41,3419509,93776601.138,16.32,0.95,360824000,360824000.0,7120930947.07,9890180000.0
2009-04-17,PAYX,16.41,16.16,16.46,15.95,15.93,3556121,96958670.3401,16.23,0.99,360824000,360824000.0,7159902277.21,9944305000.0
2009-04-16,PAYX,15.93,15.77,15.96,15.67,15.84,2928678,77845116.414,15.82,0.81,360824000,360824000.0,6952066873.83,9655645000.0
2009-04-15,PAYX,15.84,15.92,16.05,15.76,16.09,2488359,66318475.0049,15.86,0.69,360824000,360824000.0,6913095543.69,9601520000.0
2009-04-14,PAYX,16.09,16.02,16.17,15.89,16.08,4134777,111141122.9058,16.0,1.15,360824000,360824000.0,7022212098.61,9753066000.0
2009-04-10,PAYX,16.08,16.08,16.11,15.92,15.8,3384251,90915496.9125,15.99,0.94,360824000,360824000.0,7017015193.83,9745852000.0
2009-04-09,PAYX,15.8,15.59,15.87,15.48,15.58,3648482,96166305.4654,15.69,1.01,360824000,360824000.0,6894912092.44,9576266000.0
2009-04-08,PAYX,15.58,15.69,15.77,15.45,16.02,4311590,113057594.6113,15.61,1.19,360824000,360824000.0,6798789877.81,9442762000.0
2009-04-07,PAYX,16.02,16.03,16.22,15.79,16.27,3984779,106677662.2406,15.94,1.1,360824000,360824000.0,6991034307.07,9709766000.0
2009-04-04,PAYX,16.27,16.01,16.29,15.77,15.85,5235113,141645850.403,16.11,1.45,360824000,360824000.0,7102747495.82,9864926000.0
2009-04-03,PAYX,15.85,15.57,16.02,15.48,15.29,5178641,138056349.5122,15.87,1.44,360824000,360824000.0,6918292448.47,9608734000.0
2009-04-02,PAYX,15.29,14.98,15.36,14.84,15.28,5684567,144570988.0117,15.14,1.58,360824000,360824000.0,6671489611.85,9265953000.0
2009-04-01,PAYX,15.28,15.08,15.51,15.03,14.99,4885559,125520758.9398,15.29,1.35,360824000,360824000.0,6668893237.81,9262348000.0
2009-03-31,PAYX,14.99,14.98,15.08,14.82,15.09,4643449,116680122.1271,14.96,1.29,360824000,360824000.0,6541592971.85,9085543000.0
2009-03-28,PAYX,15.09,15.18,15.36,14.99,15.41,5113426,130174991.2607,15.15,1.42,360824000,360824000.0,6585757309.86,9146879000.0
2009-03-27,PAYX,15.41,14.49,15.49,14.14,14.06,11474184,288833736.1014,14.98,3.18,360824000,360824000.0,6723447488.47,9338117000.0
2009-03-26,PAYX,14.06,14.05,14.35,13.76,14.44,9882848,232822989.3271,14.02,2.74,360824000,360824000.0,6136316234.43,8522656000.0
2009-03-25,PAYX,14.44,14.39,14.52,14.21,14.44,6286500,152107481.3445,14.4,1.74,360824000,360824000.0,6302583673.83,8753586000.0
2009-03-24,PAYX,14.44,14.16,14.44,13.87,13.71,4786035,113937737.1602,14.17,1.33,360824000,360824000.0,6299987040.0,8749977000.0
2009-03-21,PAYX,13.71,13.92,14.15,13.69,13.78,4562457,106490935.5374,13.89,1.26,360824000,360824000.0,5983038978.61,8309773000.0
2009-03-20,PAYX,13.78,13.84,13.97,13.67,13.84,2703314,62553036.9385,13.77,0.75,360824000,360824000.0,6014212873.24,8353070000.0
2009-03-19,PAYX,13.84,13.68,13.96,13.49,13.79,5549410,127969894.0469,13.73,1.54,360824000,360824000.0,6040193760.0,8389152000.0
2009-03-18,PAYX,13.79,13.42,13.79,13.31,13.33,2967511,67709069.3747,13.58,0.82,360824000,360824000.0,6019410037.81,8360289000.0
2009-03-17,PAYX,13.33,13.45,13.67,13.32,13.54,3237197,73302736.0135,13.48,0.9,360824000,360824000.0,5819367913.24,8082453000.0
2009-03-14,PAYX,13.54,13.47,13.62,13.28,13.28,4153723,93940146.6122,13.46,1.15,360824000,360824000.0,5910297120.0,8208742000.0
2009-03-13,PAYX,13.28,12.79,13.29,12.56,12.78,3745754,82265702.7006,13.07,1.04,360824000,360824000.0,5795987557.21,8049980000.0
2009-03-12,PAYX,12.78,13.2,13.2,12.64,12.91,3953726,85160095.0592,12.82,1.1,360824000,360824000.0,5577758084.49,7746883000.0
2009-03-11,PAYX,12.91,12.24,12.92,12.24,12.16,5351203,114650032.6393,12.75,1.48,360824000,360824000.0,5634913125.68,7826262000.0
2009-03-10,PAYX,12.16,12.36,12.54,12.1,12.46,3890992,80009297.3074,12.24,1.08,360824000,360824000.0,5307574891.85,7371629000.0
2009-03-07,PAYX,12.46,12.57,12.75,12.17,12.53,5539453,115041614.9763,12.36,1.54,360824000,360824000.0,5440068165.68,7555645000.0
2009-03-06,PAYX,12.53,12.76,12.76,12.51,12.8,6402473,135267582.4503,12.58,1.77,360824000,360824000.0,5468645426.48,7595336000.0
2009-03-05,PAYX,12.8,12.53,12.92,12.5,12.46,7520649,161136590.682,12.75,2.08,360824000,360824000.0,5588152153.83,7761320000.0
2009-03-04,PAYX,12.46,12.38,12.53,12.09,12.33,10361606,214519364.9686,12.32,2.87,360824000,360824000.0,5437471531.85,7552043000.0
2009-03-03,PAYX,12.33,12.91,12.98,12.32,13.13,7841524,165000454.0743,12.53,2.17,360824000,360824000.0,5380316750.45,7472660000.0
2009-02-28,PAYX,13.13,13.07,13.45,12.99,13.64,9316211,207333179.4775,13.25,2.58,360818880,360819000.0,5730957915.24,7959660000.0
2009-02-27,PAYX,13.64,13.94,14.02,13.6,14.05,6891938,158805351.7562,13.72,1.91,360818880,360819000.0,5954377225.52,8269965000.0
2009-02-26,PAYX,14.05,14.04,14.23,13.69,14.23,6086152,142879703.3239,13.97,1.69,360818880,360819000.0,6131032070.85,8515320000.0
2009-02-25,PAYX,14.23,13.96,14.29,13.84,13.85,4346856,102886160.6559,14.09,1.2,360818880,360819000.0,6211566325.29,8627172000.0
2009-02-24,PAYX,13.85,14.33,14.35,13.83,14.27,4561731,107460172.5679,14.02,1.26,360818880,360819000.0,6042704648.19,8392645000.0
2009-02-21,PAYX,14.27,14.11,14.37,14.05,14.21,6991793,167347167.0964,14.25,1.94,360818880,360819000.0,6227152921.54,8648820000.0
2009-02-20,PAYX,14.21,14.69,14.85,14.2,14.63,4573418,110353809.4221,14.36,1.27,360818880,360819000.0,6203772897.27,8616348000.0
2009-02-19,PAYX,14.63,14.48,14.79,14.29,14.29,3422649,83874382.2181,14.59,0.95,360818880,360819000.0,6385624833.42,8868922000.0
2009-02-18,PAYX,14.29,14.55,14.74,14.27,14.9,5366008,129464033.0176,14.36,1.49,360818880,360819000.0,6237546843.39,8663254000.0
2009-02-14,PAYX,14.9,15.12,15.19,14.88,15.12,2536720,63999888.0539,15.02,0.7,360818880,360819000.0,6502533268.02,9031293000.0
2009-02-13,PAYX,15.12,14.94,15.12,14.67,15.11,3883094,97060644.9296,14.88,1.08,360818880,360819000.0,6598654118.7,9164793000.0
2009-02-12,PAYX,15.11,14.94,15.29,14.89,14.98,3145951,79736629.126,15.09,0.87,360818880,360819000.0,6593457287.67,9157578000.0
2009-02-11,PAYX,14.98,15.74,15.79,14.95,15.79,6379594,163078958.5476,15.22,1.77,360818880,360819000.0,6538903811.12,9081809000.0
2009-02-10,PAYX,15.79,15.83,15.95,15.69,16.03,4174473,110843103.4309,15.81,1.16,360818880,360819000.0,6892217658.42,9572523000.0
2009-02-07,PAYX,16.03,15.61,16.09,15.42,15.48,5583453,149267999.0013,15.91,1.55,360818880,360819000.0,6996131937.12,9716848000.0
2009-02-06,PAYX,15.48,14.69,15.61,14.69,15.07,5397961,139078956.3795,15.34,1.5,360818880,360819000.0,6757126030.59,9384895000.0
2009-02-05,PAYX,15.07,14.86,15.37,14.86,15.18,4967676,126760183.5243,15.19,1.38,360818880,360819000.0,6577870691.42,9135930000.0
2009-02-04,PAYX,15.18,14.73,15.22,14.61,14.56,5051395,127112773.3835,14.98,1.4,360818880,360819000.0,6624634636.8,9200879000.0
2009-02-03,PAYX,14.56,14.36,14.68,14.26,14.46,4947309,120130547.2434,14.45,1.37,360818880,360819000.0,6354451381.14,8825625000.0
2009-01-31,PAYX,14.46,14.84,14.98,14.42,14.79,4211387,103226536.482,14.59,1.17,360818880,360819000.0,6310287669.81,8764285000.0
2009-01-30,PAYX,14.79,15.03,15.11,14.76,15.05,3579367,89721812.7545,14.92,0.99,360818880,360819000.0,6455769062.85,8966340000.0
2009-01-29,PAYX,15.05,15.14,15.27,14.93,14.82,5128524,129752616.234,15.06,1.42,360818880,360819000.0,6567480666.42,9121500000.0
2009-01-28,PAYX,14.82,14.48,15.05,14.34,14.89,4495227,113089572.2979,14.79,1.25,360818880,360819000.0,6549293576.34,9096238000.0
2009-01-27,PAYX,14.89,14.33,14.99,14.32,14.35,4878481,122880091.7039,14.81,1.35,360818880,360819000.0,6577870691.42,9135930000.0
2009-01-24,PAYX,14.35,14.35,14.5,14.16,14.49,3802910,92730111.8051,14.34,1.05,360818880,360819000.0,6341461122.09,8807582000.0
2009-01-23,PAYX,14.49,14.56,14.72,14.32,14.76,3607526,88938816.8484,14.5,1.0,360818880,360819000.0,6401215586.3,8890574000.0
2009-01-22,PAYX,14.76,14.73,14.94,14.29,14.51,4979481,122940363.345,14.52,1.38,360818880,360819000.0,6520716461.25,9056547000.0
2009-01-21,PAYX,14.51,14.83,15.15,14.5,14.95,5270508,132068384.1935,14.73,1.46,360818880,360819000.0,6411605351.52,8905004000.0
2009-01-17,PAYX,14.95,14.71,15.01,14.58,14.63,5238391,131739750.4663,14.79,1.45,360818880,360819000.0,6606447546.72,9175621000.0
2009-01-16,PAYX,14.63,14.47,14.73,14.25,14.46,4954465,122150288.381,14.5,1.37,360818880,360819000.0,6466162984.7,8980777000.0
2009-01-15,PAYX,14.46,14.79,14.87,14.38,14.96,3223185,79654857.7685,14.53,0.89,360818880,360819000.0,6388225327.26,8872531000.0
2009-01-14,PAYX,14.96,14.79,15.05,14.78,14.78,3404987,86454645.8973,14.93,0.94,360818880,360819000.0,6611644377.75,9182836000.0
2009-01-13,PAYX,14.78,14.92,15.05,14.65,14.88,3235398,81147295.4822,14.75,0.9,360818880,360819000.0,6528509889.27,9067371000.0
2009-01-10,PAYX,14.88,15.36,15.36,14.76,15.39,3306066,84090740.857,14.95,0.92,360818880,360819000.0,6575274094.44,9132320000.0
2009-01-09,PAYX,15.39,15.45,15.56,15.16,15.33,2754223,71661282.6905,15.3,0.76,360818880,360819000.0,6801289741.92,9446230000.0
2009-01-08,PAYX,15.33,15.39,15.57,15.29,15.52,5042039,131973313.6731,15.39,1.4,360818880,360819000.0,6775309223.82,9410148000.0
2009-01-07,PAYX,15.52,15.63,15.68,15.37,15.53,3802775,100196994.9795,15.49,1.05,360818880,360819000.0,6858443712.3,9525613000.0
2009-01-06,PAYX,15.53,15.66,15.76,15.37,15.84,3940520,104084481.5254,15.53,1.09,360818880,360819000.0,6863640803.12,9532832000.0
2009-01-03,PAYX,15.84,15.47,15.91,15.26,15.45,2867045,76497904.0787,15.69,0.79,360818880,360819000.0,6998728534.11,9720453000.0
2009-01-01,PAYX,15.45,14.99,15.52,14.95,15.16,3218342,84259067.5394,15.39,0.89,360818880,360819000.0,6827270260.02,9482316000.0
2008-12-31,PAYX,15.16,14.66,15.17,14.57,14.53,2306938,58942238.2167,15.02,0.64,360818880,360819000.0,6699972060.21,9305512000.0
2008-12-30,PAYX,14.53,14.85,14.93,14.37,14.81,2387502,58902985.8053,14.51,0.66,360818880,360819000.0,6421995116.74,8919434000.0
2008-12-27,PAYX,14.81,14.75,14.97,14.7,14.73,1171730,29471935.3098,14.79,0.32,360818880,360819000.0,6544096745.31,9089020000.0
2008-12-25,PAYX,14.73,14.82,14.85,14.7,14.87,1031476,25891171.9088,14.76,0.29,360818880,360819000.0,6510326696.04,9042117000.0
2008-12-24,PAYX,14.87,15.17,15.29,14.7,15.07,2702968,68537248.5776,14.91,0.75,360818880,360819000.0,6570077263.41,9125102000.0
2008-12-23,PAYX,15.07,15.37,15.79,14.81,15.43,3686449,94721084.1263,15.11,1.02,360818880,360819000.0,6661005179.9,9251395000.0
2008-12-20,PAYX,15.43,15.37,15.57,15.17,15.22,5383285,140927876.7586,15.39,1.49,360818880,360819000.0,6819476832.0,9471492000.0
2008-12-19,PAYX,15.22,15.7,15.98,15.02,15.65,5789981,152320428.8858,15.47,1.6,360818880,360819000.0,6725952578.3,9341598000.0
2008-12-18,PAYX,15.65,15.32,15.85,15.15,15.65,5390422,142622464.3157,15.56,1.49,360818880,360819000.0,6912997448.64,9601383000.0
2008-12-17,PAYX,15.65,14.99,15.65,14.77,14.86,5153539,134730964.4966,15.37,1.43,360818880,360819000.0,6915597942.47,9604992000.0
2008-12-16,PAYX,14.86,15.15,15.34,14.67,15.34,4841453,122538124.3548,14.88,1.34,360818880,360819000.0,6564880432.38,9117887000.0
2008-12-13,PAYX,15.34,14.89,15.42,14.75,15.05,3789430,97824089.9768,15.18,1.05,360818880,360819000.0,6777909717.66,9413762000.0
2008-12-12,PAYX,15.05,15.47,15.64,15.0,15.47,3692666,96267381.6561,15.33,1.02,360818880,360819000.0,6650611258.05,9236957000.0
2008-12-11,PAYX,15.47,15.15,15.69,15.15,15.7,4136492,108731812.166,15.45,1.15,360818880,360819000.0,6837660285.02,9496746000.0
2008-12-10,PAYX,15.7,16.0,16.25,15.62,16.13,3385006,91533588.4354,15.9,0.94,360818880,360819000.0,6936381369.75,9633859000.0
2008-12-06,PAYX,15.59,15.0,15.64,14.55,15.3,4581547,117617465.4209,15.09,1.27,360818880,360819000.0,6887020827.39,9565301000.0
2008-12-05,PAYX,15.3,15.7,16.24,15.05,15.97,4433324,117409488.3883,15.57,1.23,360818880,360819000.0,6759722627.58,9388500000.0
2008-12-04,PAYX,15.97,15.39,16.13,15.2,15.66,5759039,153225538.7427,15.64,1.6,360818880,360819000.0,7058482998.32,9803445000.0
2008-12-03,PAYX,15.66,15.49,15.98,15.3,15.3,4635016,123178298.7645,15.62,1.28,360818880,360819000.0,6920794773.5,9612211000.0
2008-12-02,PAYX,15.3,16.41,16.43,15.29,16.62,3973789,106303222.9441,15.73,1.1,360818880,360819000.0,6759722627.58,9388500000.0
2008-11-29,PAYX,16.62,16.49,16.69,16.37,16.67,1281992,36163184.1473,16.59,0.36,360794880,360795000.0,7952927973.76,10196060000.0
2008-11-27,PAYX,16.67,16.01,16.67,15.86,16.2,3400349,95083588.449,16.44,0.94,360794880,360795000.0,7981067441.62,10232130000.0
2008-11-26,PAYX,16.2,16.07,16.31,15.8,15.99,5282781,144307562.6368,16.06,1.46,360794880,360795000.0,7753117799.28,9939891000.0
2008-11-25,PAYX,15.99,15.05,16.1,14.65,14.74,6374027,168866396.168,15.58,1.77,360794880,360795000.0,7651806596.98,9810004000.0
2008-11-22,PAYX,14.74,14.06,14.74,13.65,13.99,7778164,187085051.8701,14.14,2.16,360794880,360795000.0,7055197590.51,9045121000.0
2008-11-21,PAYX,13.99,14.4,14.99,13.94,14.48,6519500,160615014.833,14.48,1.81,360794880,360795000.0,6697792775.28,8586910000.0
2008-11-20,PAYX,14.48,15.1,15.37,14.46,15.13,4947387,125979228.5641,14.97,1.37,360794880,360795000.0,6928559431.89,8882766000.0
2008-11-19,PAYX,15.13,14.96,15.39,14.76,14.99,4623043,118769654.6122,15.1,1.28,360794880,360795000.0,7243748431.96,9286855000.0
2008-11-18,PAYX,14.99,14.93,15.52,14.69,15.11,3893115,100431804.979,15.17,1.08,360794880,360795000.0,7173393430.36,9196656000.0
2008-11-15,PAYX,15.11,15.46,15.83,15.05,15.83,4768516,124982766.2119,15.41,1.32,360794880,360795000.0,7232493320.22,9272422000.0
2008-11-14,PAYX,15.83,14.73,15.83,14.2,14.76,5920817,150857609.4566,14.98,1.64,360794880,360795000.0,7575826290.87,9712594000.0
2008-11-13,PAYX,14.76,15.14,15.23,14.74,15.34,4548406,115328427.3707,14.91,1.26,360794880,360795000.0,7063639627.86,9055945000.0
2008-11-12,PAYX,15.34,15.62,15.8,15.17,15.74,3338455,87080921.2341,15.34,0.93,360794880,360795000.0,7342247122.72,9413133000.0
2008-11-11,PAYX,15.74,16.11,16.22,15.59,15.81,2871858,77626318.8681,15.89,0.8,360794880,360795000.0,7533610757.13,9658473000.0
2008-11-08,PAYX,15.81,15.87,16.12,15.49,15.67,3977215,106567833.3352,15.75,1.1,360794880,360795000.0,7567383972.1,9701770000.0
2008-11-07,PAYX,15.67,16.13,16.54,15.59,16.39,4778539,129319211.6875,15.91,1.32,360794880,360795000.0,7499841482.04,9615180000.0
2008-11-06,PAYX,16.39,17.02,17.18,16.37,17.22,4269621,121752085.4739,16.77,1.18,360794880,360795000.0,7845986964.23,10058950000.0
2008-11-01,PAYX,16.78,16.46,17.0,16.06,16.5,3908973,111038251.8572,16.7,1.08,360794880,360795000.0,8031725294.14,10297080000.0
2008-10-31,PAYX,16.5,15.96,16.58,15.96,15.56,6567180,182773150.1668,16.36,1.82,360794880,360795000.0,7899457609.71,10127510000.0
2008-10-30,PAYX,15.56,15.81,16.13,15.2,15.6,6434613,171438610.3009,15.66,1.78,360794880,360795000.0,7446371117.98,9546629000.0
2008-10-29,PAYX,15.6,14.19,15.71,14.14,14.1,6009930,154578987.5282,14.95,1.67,360794880,360795000.0,7553312127.52,9683730000.0
2008-10-25,PAYX,14.22,13.77,14.68,13.77,14.67,4160859,102558928.9006,14.32,1.15,360794880,360795000.0,6886343616.73,8828641000.0
2008-10-24,PAYX,14.67,14.53,14.94,13.97,14.52,6377758,158662011.3582,14.46,1.77,360794880,360795000.0,7103038428.76,9106457000.0
2008-10-23,PAYX,14.52,15.18,15.27,14.19,15.18,7501473,188040121.328,14.57,2.08,360794880,360795000.0,7029870634.19,9012652000.0
2008-10-22,PAYX,15.18,16.17,16.24,15.17,16.27,4087108,109334193.4111,15.55,1.13,360794880,360795000.0,7350689441.49,9423957000.0
2008-10-21,PAYX,16.27,15.93,16.28,15.52,15.46,4685809,128270235.2413,15.91,1.3,360794880,360795000.0,7879760179.2,10102250000.0
2008-10-18,PAYX,15.46,15.35,15.92,15.12,15.81,6914059,185387327.7167,15.58,1.92,360794880,360795000.0,7485769637.46,9597137000.0
2008-10-17,PAYX,15.81,15.4,15.88,14.53,15.73,9752567,255912175.8481,15.25,2.7,360794880,360795000.0,7657436122.78,9817223000.0
2008-10-16,PAYX,15.73,16.63,16.73,15.52,16.73,8316895,228450908.7102,15.96,2.31,360794880,360795000.0,7615224810.34,9763105000.0
2008-10-15,PAYX,16.73,18.09,18.23,16.43,17.61,4988344,146409831.8775,17.06,1.38,360794880,360795000.0,8102080295.74,10387280000.0
2008-10-14,PAYX,17.61,16.81,17.61,16.09,16.47,6050820,174485596.3825,16.76,1.68,360794880,360795000.0,8527022816.88,10932070000.0
2008-10-10,PAYX,15.96,16.45,16.59,15.81,16.35,7306692,204156909.5475,16.24,2.03,360794880,360795000.0,7727791124.38,9907422000.0
2008-10-09,PAYX,16.35,16.7,17.07,16.01,16.8,6644902,189320494.2783,16.56,1.84,360794880,360795000.0,7919158980.1,10152760000.0
2008-10-08,PAYX,16.8,18.2,18.2,16.8,17.48,7270359,213584884.2782,17.07,2.02,360794880,360795000.0,8135849289.4,10430570000.0
2008-10-07,PAYX,17.48,17.88,18.17,16.87,18.03,7691317,230795610.4662,17.44,2.13,360794880,360795000.0,8462297622.51,10849100000.0
2008-10-04,PAYX,18.03,18.56,19.06,18.03,18.31,5446039,173601135.9889,18.53,1.51,360794880,360795000.0,8732462517.17,11195460000.0
2008-10-02,PAYX,18.97,19.57,19.57,18.74,19.2,4077957,133470708.8627,19.02,1.13,360794880,360795000.0,9185549008.9,11776340000.0
2008-10-01,PAYX,19.2,19.35,19.35,18.9,19.06,5034422,165712964.0701,19.13,1.4,360794880,360795000.0,9295302529.97,11917050000.0
2008-09-30,PAYX,19.06,18.89,19.52,18.89,19.38,7720395,254986025.2573,19.19,2.14,360794880,360795000.0,9230572832.88,11834060000.0
2008-09-27,PAYX,19.38,18.11,19.4,18.11,18.43,3749767,122555862.2226,18.99,1.04,360794880,360795000.0,9385354680.66,12032500000.0
2008-09-25,PAYX,18.77,18.13,18.85,18.13,18.29,3104560,99441850.904,18.61,0.86,360794880,360795000.0,9089862829.68,11653660000.0
2008-09-24,PAYX,18.29,18.44,18.68,18.27,18.29,2918062,92741840.6479,18.47,0.81,360794880,360795000.0,8856283661.53,11354210000.0
2008-09-23,PAYX,18.29,18.9,19.42,18.29,19.11,2844288,91182443.5342,18.63,0.79,360794880,360795000.0,8859100675.79,11357820000.0
2008-09-20,PAYX,19.11,19.24,19.64,18.13,18.65,6188637,203645690.3132,19.12,1.72,360794880,360795000.0,9255904010.5,11866540000.0
2008-09-18,PAYX,18.43,18.86,18.91,18.43,18.94,5007527,160931371.9281,18.68,1.39,360794880,360795000.0,8923826151.58,11440800000.0
2008-09-17,PAYX,18.94,19.18,19.4,18.45,19.28,7133660,231084172.408,18.83,1.98,360794880,360795000.0,9171477164.32,11758300000.0
2008-09-16,PAYX,19.28,19.52,19.9,19.27,19.77,3435630,115397610.1562,19.52,0.95,360794880,360795000.0,9337513842.41,11971170000.0
2008-09-13,PAYX,19.77,19.52,19.92,19.45,19.76,3181008,107935704.9403,19.72,0.88,360794880,360795000.0,9571093010.56,12270630000.0
2008-09-12,PAYX,19.76,19.14,19.78,19.03,19.24,3760534,126247124.4317,19.51,1.04,360794880,360795000.0,9568280217.6,12267020000.0
2008-09-11,PAYX,19.24,19.28,19.46,19.09,19.15,2991719,99312783.8101,19.29,0.83,360794880,360795000.0,9314999679.06,11942300000.0
2008-09-09,PAYX,19.64,19.53,19.9,19.42,19.38,5119789,172974590.3012,19.63,1.42,360794880,360795000.0,9509180327.74,12191250000.0
2008-09-05,PAYX,19.75,20.1,20.32,19.75,20.24,2795765,95789889.9252,19.91,0.77,360794880,360795000.0,9565463484.76,12263410000.0
2008-09-04,PAYX,20.24,20.18,20.49,20.11,20.44,4343379,151371957.1747,20.25,1.2,360794880,360795000.0,9799042652.91,12562870000.0
2008-09-03,PAYX,20.44,20.46,20.51,20.15,19.81,4621094,162044174.0751,20.38,1.28,360794880,360795000.0,9897541343.67,12689150000.0
2008-08-27,PAYX,19.85,19.71,20.01,19.67,19.79,2145320,73281554.6707,19.85,0.6,360505920,360506000.0,9728753826.69,12314880000.0
2008-08-26,PAYX,19.79,20.17,20.25,19.74,20.35,2648043,90556680.8722,19.87,0.73,360505920,360506000.0,9697425577.44,12275220000.0
2008-08-23,PAYX,20.35,19.95,20.47,19.82,20.04,2150074,75098199.6363,20.3,0.6,360505920,360506000.0,9973681833.54,12624910000.0
2008-08-22,PAYX,20.04,19.92,20.15,19.76,20.06,2102253,72344821.9777,20.0,0.58,360505920,360506000.0,9822738289.63,12433840000.0
2008-08-21,PAYX,20.06,20.08,20.34,19.88,19.99,2395989,82646997.7791,20.05,0.66,360505920,360506000.0,9831281995.14,12444660000.0
2008-08-20,PAYX,19.99,20.28,20.4,19.91,20.4,2402530,82915147.1404,20.06,0.67,360505920,360506000.0,9797107173.12,12401400000.0
2008-08-19,PAYX,20.4,20.6,20.65,20.26,20.35,3007896,105730510.1855,20.43,0.83,360505920,360506000.0,9996466092.48,12653750000.0
2008-08-14,PAYX,20.17,20.13,20.36,19.92,20.23,2130347,73767069.6747,20.12,0.59,360505920,360506000.0,9882547930.56,12509550000.0
2008-08-13,PAYX,20.23,20.31,20.44,20.1,20.26,2560901,89242767.1801,20.25,0.71,360505920,360506000.0,9913876179.81,12549210000.0
2008-08-12,PAYX,20.26,20.01,20.44,19.8,20.08,2668564,92916689.8875,20.24,0.74,360505920,360506000.0,9930963590.82,12570840000.0
2008-08-09,PAYX,20.08,19.59,20.14,19.28,19.29,3436274,117991309.4115,19.96,0.95,360505920,360506000.0,9839825415.84,12455470000.0
2008-08-08,PAYX,19.29,19.55,19.75,19.26,19.77,3373668,112901796.8315,19.45,0.94,360505920,360506000.0,9452497855.4,11965180000.0
2008-08-07,PAYX,19.77,19.32,19.81,19.3,19.56,2578354,86891269.7876,19.59,0.72,360505920,360506000.0,9686035583.97,12260800000.0
2008-08-06,PAYX,19.56,19.18,19.57,18.99,18.98,3032726,100912134.9817,19.34,0.84,360505920,360506000.0,9586353988.29,12134620000.0
2008-08-05,PAYX,18.98,19.43,19.43,18.84,19.04,1887308,61754016.2279,19.02,0.52,360505920,360506000.0,9301554311.49,11774120000.0
2008-08-02,PAYX,19.04,19.21,19.28,18.66,19.13,3254061,106362849.6095,19.0,0.9,360505920,360506000.0,9332882560.74,11813770000.0
2008-08-01,PAYX,19.13,18.88,19.41,18.88,19.07,3584460,118605831.3251,19.23,0.99,360505920,360506000.0,9375605075.46,11867850000.0
2008-07-31,PAYX,19.07,19.26,19.29,18.9,19.01,2725261,89401876.4252,19.06,0.76,360505920,360506000.0,9347123398.98,11831800000.0
2008-07-29,PAYX,18.62,18.83,18.97,18.58,18.93,2606580,84780549.7756,18.72,0.72,360505920,360506000.0,9210420693.31,11658760000.0
2008-07-26,PAYX,18.93,19.07,19.08,18.78,18.93,2920062,95900930.2494,18.91,0.81,360505920,360506000.0,9367061369.95,11857040000.0
2008-07-25,PAYX,18.93,19.15,19.32,18.72,19.41,3687402,121409185.8108,18.96,1.02,360505920,360506000.0,9364210525.19,11853430000.0
2008-07-24,PAYX,19.41,19.47,19.61,19.17,19.4,3670433,123370201.2597,19.35,1.02,360505920,360506000.0,9600594826.53,12152650000.0
2008-07-22,PAYX,19.11,18.98,19.16,18.76,18.97,4224367,139760182.8944,19.05,1.17,360505920,360506000.0,9452497855.4,11965180000.0
2008-07-19,PAYX,18.97,18.63,19.08,18.62,18.82,5524449,181031160.957,18.87,1.53,360505920,360506000.0,9386995068.93,11882270000.0
2008-07-18,PAYX,18.82,18.43,18.83,18.29,18.42,5684703,183211713.1473,18.55,1.58,360505920,360506000.0,9310098017.0,11784930000.0
2008-07-16,PAYX,17.7,17.48,17.98,17.42,17.65,4137105,127326013.3317,17.72,1.15,360505920,360506000.0,8754739501.63,11081950000.0
2008-07-15,PAYX,17.65,18.06,18.28,17.61,18.04,3123247,96520800.302,17.79,0.87,360505920,360506000.0,8731954957.89,11053110000.0
2008-07-12,PAYX,18.04,18.14,18.41,17.9,18.39,3248248,102013157.8993,18.08,0.9,360505920,360506000.0,8922770171.75,11294640000.0
2008-07-11,PAYX,18.39,18.12,18.5,18.04,18.16,4039284,128389829.4895,18.3,1.12,360505920,360506000.0,9099348819.36,11518160000.0
2008-07-10,PAYX,18.16,18.44,18.72,18.15,18.5,4499664,144020696.1517,18.43,1.25,360505920,360506000.0,8982580097.47,11370350000.0
2008-07-09,PAYX,18.5,17.86,18.51,17.77,17.86,7222266,226971192.4529,18.09,2.0,360505920,360506000.0,9150610767.59,11583050000.0
2008-07-08,PAYX,17.86,17.97,18.16,17.53,17.87,4982227,154080327.2909,17.8,1.38,360505920,360506000.0,8834483126.34,11182890000.0
2008-07-04,PAYX,17.87,17.9,18.12,17.85,17.75,2590273,80881251.1125,17.98,0.72,360505920,360506000.0,8840180259.07,11190100000.0
2008-07-02,PAYX,18.28,17.86,18.37,17.84,18.01,4292516,135432695.8467,18.16,1.19,360505920,360506000.0,9042389738.4,11446060000.0
2008-07-01,PAYX,18.01,18.09,18.36,18.01,18.18,3833528,120887572.1745,18.15,1.06,360505920,360506000.0,8908533605.5,11276620000.0
2008-06-28,PAYX,18.18,18.38,18.53,17.95,18.45,7242168,228601929.7872,18.17,2.01,360357920,360358000.0,8990277758.87,11380090000.0
2008-06-27,PAYX,18.45,18.2,18.74,18.2,18.47,6632453,213195479.3785,18.51,1.84,360357920,360358000.0,9121233819.78,11545860000.0
2008-06-26,PAYX,18.47,18.13,18.72,18.06,18.19,3792147,122046076.0412,18.53,1.05,360357920,360358000.0,9135468811.66,11563880000.0
2008-06-25,PAYX,18.19,18.22,18.4,18.08,18.42,5244969,166146975.7556,18.24,1.46,360357920,360358000.0,8995972552.74,11387300000.0
2008-06-24,PAYX,18.42,18.8,18.83,18.39,18.65,4272793,137455289.3484,18.52,1.19,360357920,360358000.0,9109848217.6,11531450000.0
2008-06-21,PAYX,18.65,18.88,19.1,18.55,19.15,4589578,149623423.3776,18.77,1.27,360357920,360358000.0,9220874492.75,11671990000.0
2008-06-19,PAYX,18.77,18.95,18.97,18.69,19.02,2990465,97768438.5264,18.82,0.83,360357920,360358000.0,9280655309.54,11747660000.0
2008-06-18,PAYX,19.02,19.39,19.42,19.0,19.38,2387936,79494375.1124,19.16,0.66,360357920,360358000.0,9405916576.58,11906220000.0
2008-06-17,PAYX,19.38,19.42,19.52,18.94,19.37,2643970,88936532.9431,19.37,0.73,360357920,360358000.0,9585268136.77,12133250000.0
2008-06-14,PAYX,19.37,19.15,19.38,19.0,18.92,2669692,89287298.9834,19.25,0.74,360357920,360358000.0,9579573058.22,12126040000.0
2008-06-13,PAYX,18.92,18.97,19.25,18.77,18.72,4332551,143077713.6387,19.01,1.2,360357920,360358000.0,9357521077.28,11844960000.0
2008-06-12,PAYX,18.72,19.09,19.24,18.66,19.16,5230895,171275179.2923,18.85,1.45,360357920,360358000.0,9257880404.31,11718830000.0
2008-06-11,PAYX,19.16,19.26,19.5,19.06,19.19,4135586,138292304.3853,19.25,1.15,360357920,360358000.0,9474241861.62,11992710000.0
2008-06-10,PAYX,19.19,19.1,19.29,18.8,19.1,5396242,178816884.6304,19.08,1.5,360357920,360358000.0,9491322257.66,12014330000.0
2008-06-07,PAYX,19.1,19.43,19.52,18.88,19.57,6950270,230952565.2094,19.13,1.93,360357920,360358000.0,9442926758.37,11953070000.0
2008-06-06,PAYX,19.57,19.36,19.63,19.25,19.35,4411352,149031757.2716,19.45,1.22,360357920,360358000.0,9679213731.2,12252160000.0
2008-06-05,PAYX,19.35,19.33,19.64,19.21,19.36,4460961,150229071.3327,19.39,1.24,360357920,360358000.0,9568183470.49,12111620000.0
2008-06-04,PAYX,19.36,19.56,19.78,19.3,19.45,4356836,147393901.0865,19.48,1.21,360357920,360358000.0,9573878264.36,12118830000.0
2008-06-03,PAYX,19.45,19.75,19.78,19.33,19.89,4219899,142757069.0006,19.48,1.17,360357920,360358000.0,9619428644.18,12176490000.0
2008-05-31,PAYX,19.89,20.16,20.26,19.84,20.16,3464616,120073879.2414,19.95,0.96,360357920,360358000.0,10209296685.6,12450360000.0
2008-05-30,PAYX,20.16,19.93,20.36,19.82,19.83,2859682,100136040.4546,20.16,0.79,360357920,360358000.0,10345225761.48,12616130000.0
2008-05-29,PAYX,19.83,20.02,20.11,19.72,19.92,2458543,84808143.9283,19.86,0.68,360357920,360358000.0,10179749995.6,12414330000.0
2008-05-28,PAYX,19.92,19.86,19.97,19.63,19.64,3121639,107481152.409,19.82,0.87,360357920,360358000.0,10227025704.28,12471980000.0
2008-05-23,PAYX,20.07,20.74,20.87,20.01,20.82,6082645,214958241.242,20.34,1.69,360357920,360358000.0,10303856967.75,12565680000.0
2008-05-22,PAYX,20.82,21.0,21.16,20.77,20.83,3313235,120416196.2738,20.92,0.92,360357920,360358000.0,10685041507.08,13030540000.0
2008-05-21,PAYX,20.83,20.83,21.13,20.73,20.88,1667256,60372648.556,20.85,0.46,360357920,360358000.0,10690952558.94,13037740000.0
2008-05-20,PAYX,20.88,21.03,21.07,20.77,21.04,2199286,79937215.1177,20.92,0.61,360357920,360358000.0,10717546086.95,13070180000.0
2008-05-17,PAYX,21.04,21.3,21.3,20.82,21.21,2346159,85838682.3709,21.06,0.65,360357920,360358000.0,10797330512.42,13167470000.0
2008-05-16,PAYX,21.21,20.86,21.26,20.81,20.94,1939777,71093408.9831,21.1,0.54,360357920,360358000.0,10885979447.22,13275580000.0
2008-05-15,PAYX,20.94,20.84,21.13,20.83,20.91,1547917,56484728.1157,21.01,0.43,360357920,360358000.0,10747097209.35,13106210000.0
2008-05-14,PAYX,20.91,21.07,21.1,20.7,21.07,2592994,93908355.5939,20.85,0.72,360357920,360358000.0,10732321648.15,13088190000.0
2008-05-10,PAYX,20.7,20.67,20.81,20.56,20.9,1691968,60745204.3328,20.67,0.47,360357920,360358000.0,10622990237.2,12954860000.0
2008-05-09,PAYX,20.9,20.7,20.94,20.6,20.59,3031949,109534293.7466,20.8,0.84,360357920,360358000.0,10726410300.8,13080980000.0
2008-05-08,PAYX,20.59,20.97,21.04,20.55,20.98,2881609,103801284.8187,20.74,0.8,360357920,360358000.0,10569799339.75,12890000000.0
2008-05-07,PAYX,20.98,20.9,21.18,20.82,21.02,4735649,172888548.035,21.02,1.31,360357920,360358000.0,10770736984.4,13135040000.0
2008-05-03,PAYX,21.36,21.5,21.57,21.16,21.42,2504552,92790641.1285,21.33,0.7,360357920,360358000.0,10965759440.28,13372880000.0
2008-05-02,PAYX,21.42,20.83,21.47,20.67,20.94,3018498,111651219.5035,21.29,0.84,360357920,360358000.0,10995310562.68,13408910000.0
2008-04-30,PAYX,20.75,20.83,20.89,20.63,20.72,1873317,67598628.9585,20.77,0.52,360357920,360358000.0,10652536927.2,12990890000.0
2008-04-29,PAYX,20.72,20.84,20.9,20.67,20.84,1605203,58374147.744,20.76,0.45,360357920,360358000.0,10723457138.82,13077380000.0
2008-04-26,PAYX,20.84,20.8,20.88,20.48,20.81,1870547,67831619.6733,20.7,0.52,360357920,360358000.0,10785512545.6,13153060000.0
2008-04-23,PAYX,20.66,20.71,20.82,20.39,20.82,2325043,83853817.3911,20.59,0.65,360357920,360358000.0,10690952558.94,13037740000.0
2008-04-19,PAYX,20.98,21.21,21.21,20.88,20.82,3720870,136871425.2882,21.0,1.03,360357920,360358000.0,10859385919.2,13243150000.0
2008-04-18,PAYX,20.82,20.88,20.95,20.63,20.79,1816544,66088762.658,20.77,0.5,360357920,360358000.0,10773690441.88,13138640000.0
2008-04-16,PAYX,20.35,20.3,20.38,20.07,20.24,2204425,78121264.0581,20.23,0.61,360357920,360358000.0,10531388140.42,12843150000.0
2008-04-15,PAYX,20.24,20.39,20.4,20.17,20.3,1796813,63791687.7397,20.27,0.5,360357920,360358000.0,10475243490.0,12774680000.0
2008-04-12,PAYX,20.3,20.58,20.58,20.22,20.47,3844578,136671241.6449,20.3,1.07,360357920,360358000.0,10504790180.0,12810710000.0
2008-04-11,PAYX,20.47,20.02,20.54,19.98,20.15,3373465,120553453.6797,20.4,0.94,360357920,360358000.0,10593439114.8,12918820000.0
2008-04-10,PAYX,20.15,20.45,20.49,20.06,20.45,4882692,173241320.279,20.26,1.35,360357920,360358000.0,10427963644.42,12717030000.0
2008-04-09,PAYX,20.45,20.73,20.73,20.34,20.54,4540137,162734359.6983,20.46,1.26,360357920,360358000.0,10581621443.48,12904410000.0
2008-04-08,PAYX,20.54,20.87,20.9,20.5,20.78,3805853,137598697.0651,20.64,1.06,360357920,360358000.0,10631854746.54,12965670000.0
2008-04-05,PAYX,20.78,20.5,20.84,20.21,20.42,4509586,162810877.6092,20.61,1.25,360357920,360358000.0,10753008261.22,13113420000.0
2008-04-03,PAYX,20.46,20.31,20.54,20.1,20.35,3980709,142120411.2008,20.38,1.1,360357920,360358000.0,10590485952.82,12915220000.0
2008-04-02,PAYX,20.35,19.68,20.35,19.63,19.56,5507652,194051031.3165,20.12,1.53,360357920,360358000.0,10534341302.4,12846750000.0
2008-04-01,PAYX,19.56,19.38,19.67,19.25,19.1,3846249,131623637.0575,19.54,1.07,360357920,360358000.0,10123605640.68,12345860000.0
2008-03-29,PAYX,19.1,19.23,19.39,18.96,19.04,3921368,131235211.1533,19.11,1.09,360357920,360358000.0,9884256501.2,12053970000.0
2008-03-28,PAYX,19.04,18.33,19.51,18.29,18.77,5805121,193079444.8484,18.99,1.61,360357920,360358000.0,9854705378.8,12017930000.0
2008-03-27,PAYX,18.77,18.86,19.2,18.73,19.01,3728719,123078280.1235,18.85,1.03,360357920,360358000.0,9715823140.94,11848560000.0
2008-03-26,PAYX,19.01,19.42,19.5,18.97,19.39,4508070,151043732.8672,19.13,1.25,360357920,360358000.0,9836976655.62,11996310000.0
2008-03-25,PAYX,19.39,18.94,19.53,18.8,18.84,3565293,120941862.0154,19.37,0.99,360357920,360358000.0,10034956705.88,12237750000.0
2008-03-21,PAYX,18.84,18.29,18.84,18.13,18.18,5723766,185976021.0479,18.55,1.59,360357920,360358000.0,9748327720.81,11888200000.0
2008-03-20,PAYX,18.18,18.5,18.62,18.18,18.31,4902324,158351364.6863,18.44,1.36,360357920,360358000.0,9411465137.2,11477390000.0
2008-03-19,PAYX,18.31,18.0,18.32,17.78,17.7,3392252,107441416.9494,18.08,0.94,360357920,360358000.0,9476474296.95,11556670000.0
2008-03-18,PAYX,17.7,17.88,17.91,17.43,17.76,4537570,141309413.3213,17.78,1.26,360357920,360358000.0,9163251783.88,11174700000.0
2008-03-15,PAYX,17.76,17.99,18.14,17.44,17.99,4040987,125449168.2155,17.72,1.12,360357920,360358000.0,9189845016.4,11207130000.0
2008-03-14,PAYX,17.99,17.93,18.19,17.7,18.08,3368640,106002315.3869,17.97,0.93,360357920,360358000.0,9310998531.08,11354870000.0
2008-03-11,PAYX,17.4,17.41,17.68,17.18,17.41,3825504,116929169.3578,17.45,1.06,360357920,360358000.0,9006640527.34,10983700000.0
2008-03-08,PAYX,17.41,17.61,17.77,17.25,17.68,3955399,121168862.3322,17.49,1.1,360357920,360358000.0,9012551579.2,10990910000.0
2008-03-07,PAYX,17.68,18.14,18.22,17.66,18.18,3381779,105829364.9718,17.87,0.94,360357920,360358000.0,9148476222.68,11156680000.0
2008-03-06,PAYX,18.18,18.2,18.42,17.96,18.23,3103608,98835631.996,18.18,0.86,360357920,360358000.0,9411465137.2,11477390000.0
2008-03-04,PAYX,17.87,18.18,18.18,17.75,17.96,4130715,129996884.9684,17.97,1.15,360357920,360358000.0,9248942828.8,11279200000.0
2008-02-29,PAYX,18.36,18.61,18.68,18.35,18.69,2374150,76820578.1011,18.47,0.65,363672960,363673000.0,9704429290.03,11692080000.0
2008-02-26,PAYX,19.01,18.98,19.04,18.66,18.86,5139109,170037653.231,18.89,1.41,363672960,363673000.0,10051553319.26,12110300000.0
2008-02-16,PAYX,19.22,19.37,19.51,19.14,19.51,2200725,74325712.6316,19.28,0.61,363672960,363673000.0,10163240605.61,12244860000.0
2008-02-15,PAYX,19.51,19.42,20.15,19.41,19.68,3618182,124093110.0722,19.58,0.99,363672960,363673000.0,10314164884.01,12426700000.0
2008-02-14,PAYX,19.68,19.35,19.74,19.3,19.08,3988875,136804427.5043,19.58,1.1,363672960,363673000.0,10404715527.02,12535800000.0
2008-02-12,PAYX,18.52,18.41,18.62,18.3,18.36,1980776,64038854.5236,18.46,0.54,363672960,363673000.0,9788946584.08,11793910000.0
2008-01-31,PAYX,18.82,19.51,19.81,18.75,19.42,6173043,206741370.7669,19.12,1.7,363672960,363673000.0,9948926017.34,11986660000.0
2008-01-30,PAYX,19.42,19.21,19.54,19.07,19.07,3795678,129795091.8663,19.35,1.04,363672960,363673000.0,10359440356.44,12481250000.0
2008-01-29,PAYX,19.07,18.46,19.13,18.46,18.76,2310484,77301373.3654,18.93,0.64,363672960,363673000.0,10172295458.61,12255770000.0
2008-01-26,PAYX,18.76,19.03,19.04,18.65,18.73,3203400,106568433.5826,18.83,0.88,363672960,363673000.0,10003261172.35,12052120000.0
2008-01-24,PAYX,18.87,17.78,18.98,17.78,18.21,5049117,163770563.7659,18.36,1.39,363672960,363673000.0,10063629978.17,12124850000.0
2008-01-23,PAYX,18.21,17.92,18.59,17.8,18.8,4562133,146920299.7719,18.23,1.25,363672960,363673000.0,9710467770.41,11699360000.0
2008-01-19,PAYX,18.8,18.51,19.24,18.45,18.69,4670141,155355448.7519,18.83,1.28,363672960,363673000.0,10024388156.54,12077570000.0
2008-01-18,PAYX,18.69,18.79,19.1,18.62,19.04,3457826,114716133.4373,18.78,0.95,363672960,363673000.0,9970057529.26,12012110000.0
2008-01-17,PAYX,19.04,18.81,19.38,18.76,18.71,4700992,159097980.4431,19.15,1.29,363672960,363673000.0,10154185450.75,12233950000.0
2008-01-16,PAYX,18.71,18.56,18.88,18.53,18.67,3593617,118936134.2596,18.73,0.99,363672960,363673000.0,9979112684.11,12023020000.0
2008-01-15,PAYX,18.67,18.82,18.86,18.32,19.12,4779117,157298843.7652,18.63,1.31,363672960,363673000.0,9957981172.19,11997560000.0
2008-01-12,PAYX,19.12,19.49,19.49,18.95,19.17,3724476,126355418.1884,19.2,1.02,363672960,363673000.0,10196443946.86,12284870000.0
2008-01-11,PAYX,19.17,19.02,19.41,18.81,18.96,3538280,119546419.2035,19.12,0.97,363672960,363673000.0,10223609411.42,12317600000.0
2008-01-10,PAYX,18.96,18.96,19.17,18.73,18.99,4198848,140636168.7247,18.96,1.15,363672960,363673000.0,10114943629.13,12186680000.0
2008-01-09,PAYX,18.99,19.48,19.68,18.96,19.63,3574256,122198043.7908,19.35,0.98,363672960,363673000.0,10130036962.51,12204860000.0
2008-01-08,PAYX,19.63,19.38,19.69,19.17,19.25,3104982,107012248.2955,19.51,0.85,363672960,363673000.0,10471122813.21,12615800000.0
2008-01-05,PAYX,19.25,19.5,19.67,19.16,19.89,4332168,148177851.1706,19.36,1.19,363672960,363673000.0,10265867907.53,12368510000.0
2008-01-04,PAYX,19.89,19.97,20.31,19.82,19.8,3321857,117510996.9858,20.02,0.91,363672960,363673000.0,10606958285.95,12779460000.0
2008-01-03,PAYX,19.8,20.39,20.52,19.68,20.5,4130285,145729246.2926,19.97,1.14,363672960,363673000.0,10561678285.79,12724910000.0
2008-01-01,PAYX,20.5,20.59,20.7,20.35,20.71,2042937,73937138.2998,20.48,0.56,363672960,363673000.0,10932950501.42,13172230000.0
2007-12-29,PAYX,20.71,20.71,20.95,20.65,20.73,1533940,56299268.7184,20.77,0.42,363672960,363673000.0,11044637787.77,13306790000.0
2007-12-22,PAYX,21.1,21.15,21.39,21.01,20.95,6285699,234718051.4927,21.13,1.73,363672960,363673000.0,11255930871.98,13561360000.0
2007-12-21,PAYX,20.95,21.57,21.76,20.84,21.78,5237371,195184692.6561,21.09,1.44,363672960,363673000.0,11174430554.25,13463170000.0
2007-12-13,PAYX,22.37,22.74,22.88,22.03,22.42,3760254,149298252.8922,22.47,1.03,363672960,363673000.0,11932073148.46,14375990000.0
2007-12-12,PAYX,22.42,22.77,23.02,22.38,22.79,2579891,103414672.7459,22.69,0.71,363672960,363673000.0,11959238613.02,14408720000.0
2007-12-07,PAYX,22.77,22.77,22.81,22.46,22.75,2069482,82714294.1262,22.62,0.57,363672960,363673000.0,12146383208.99,14634190000.0
2007-11-28,PAYX,21.21,21.23,21.46,21.06,21.08,3447022,129500121.6233,21.26,0.92,374716000,374716000.0,12639918763.02,14044350000.0
2007-11-27,PAYX,21.08,21.51,21.64,21.04,21.61,3739473,140348012.2021,21.24,1.0,374716000,374716000.0,12558978420.8,13954420000.0
2007-11-24,PAYX,21.61,21.61,21.8,21.53,21.59,966086,36893072.8261,21.61,0.26,374716000,374716000.0,12879359589.07,14310390000.0
2007-11-22,PAYX,21.59,21.92,22.1,21.56,22.01,2843472,109351971.3984,21.76,0.76,374716000,374716000.0,12865871836.53,14295410000.0
2007-11-21,PAYX,22.01,22.28,22.6,21.6,22.25,3924656,152807250.5926,22.04,1.05,374716000,374716000.0,13115434716.0,14572700000.0
2007-11-20,PAYX,22.25,22.58,22.58,21.92,22.63,3231336,126616000.9374,22.18,0.86,374716000,374716000.0,13257076689.51,14730080000.0
2007-11-17,PAYX,22.63,22.18,22.71,22.17,22.0,3436269,136638728.4001,22.5,0.92,374716000,374716000.0,13483029763.02,14981140000.0
2007-11-16,PAYX,22.0,21.91,22.39,21.87,21.95,2890905,113017598.0147,22.13,0.77,374716000,374716000.0,13112058899.56,14568950000.0
2007-11-15,PAYX,21.95,22.45,22.45,21.84,22.33,2079773,80939557.4084,22.03,0.56,374716000,374716000.0,13078337494.76,14531480000.0
2007-11-14,PAYX,22.33,22.09,22.35,21.9,22.0,3708963,145195864.9961,22.16,0.99,374716000,374716000.0,13304290568.27,14782540000.0
2007-11-13,PAYX,22.0,21.79,22.3,21.79,21.79,3808927,148684504.9687,22.09,1.02,374716000,374716000.0,13108688479.02,14565210000.0
2007-11-10,PAYX,21.79,22.4,22.58,21.77,22.58,3769443,146895140.9378,22.05,1.01,374716000,374716000.0,12983909400.0,14426560000.0
2007-11-09,PAYX,22.58,22.56,22.79,22.47,22.5,3277374,131112313.6953,22.64,0.87,374716000,374716000.0,13456049536.53,14951160000.0
2007-11-08,PAYX,22.5,22.75,22.94,22.5,22.97,2248466,90090184.3599,22.68,0.6,374716000,374716000.0,13408835657.78,14898700000.0
2007-11-03,PAYX,23.3,23.22,23.55,23.07,22.95,2053391,84395166.8157,23.26,0.55,374716000,374716000.0,13884351610.76,15427050000.0
2007-11-02,PAYX,22.95,23.43,23.74,22.95,23.65,2940907,120373638.0038,23.16,0.78,374716000,374716000.0,13675256373.07,15194730000.0
2007-10-31,PAYX,23.11,23.27,23.34,22.88,23.1,2149992,87679887.998,23.08,0.57,374716000,374716000.0,13773060284.27,15303390000.0
2007-10-30,PAYX,23.1,23.22,23.25,22.85,23.16,2707014,110890630.4146,23.01,0.72,374716000,374716000.0,13864112562.58,15404570000.0
2007-10-27,PAYX,23.16,22.87,23.21,22.72,22.7,3164215,129706552.0155,23.03,0.84,374716000,374716000.0,13904585263.02,15449540000.0
2007-10-26,PAYX,22.7,22.91,23.06,22.33,22.89,4658524,188358096.2335,22.72,1.24,374716000,374716000.0,13624671736.53,15138520000.0
2007-10-19,PAYX,24.09,23.85,24.13,23.76,24.02,2222772,94813659.9866,23.96,0.59,374716000,374716000.0,14461036499.56,16067820000.0
2007-10-18,PAYX,24.02,23.85,24.05,23.5,23.65,2487433,105371383.0798,23.8,0.66,374716000,374716000.0,14417198100.0,16019110000.0
2007-10-16,PAYX,23.53,23.48,23.62,23.23,23.62,1898937,79212991.0077,23.44,0.51,374716000,374716000.0,14123792099.56,15693100000.0
2007-10-13,PAYX,23.62,23.47,23.74,23.38,23.38,1508759,63326669.2654,23.58,0.4,374716000,374716000.0,14181092283.83,15756770000.0
2007-10-11,PAYX,23.79,23.82,23.89,23.67,23.82,1289976,54603506.3319,23.78,0.34,374716000,374716000.0,14278926884.27,15865470000.0
2007-10-09,PAYX,23.69,23.84,23.97,23.6,23.61,1567408,66171567.6132,23.72,0.42,374716000,374716000.0,14218220194.31,15798020000.0
2007-10-05,PAYX,23.12,23.02,23.19,22.92,22.93,1516445,62401541.9082,23.12,0.4,374716000,374716000.0,13877605036.53,15419560000.0
2007-10-02,PAYX,23.26,22.96,23.33,22.78,23.03,3199088,131867047.1776,23.16,0.85,374716000,374716000.0,13961916136.53,15513240000.0
2007-09-29,PAYX,23.03,23.61,23.65,22.91,23.6,4355250,179787707.7015,23.19,1.16,374716000,374716000.0,12751585480.0,15363350000.0
2007-09-28,PAYX,23.6,23.79,24.2,23.36,24.48,5793625,244855359.2508,23.74,1.55,374716000,374716000.0,13062599760.0,15738070000.0
2007-09-26,PAYX,24.35,24.18,24.55,24.07,24.3,2173142,94457333.8122,24.42,0.58,374716000,374716000.0,13479357962.16,16240190000.0
2007-09-25,PAYX,24.3,24.37,24.72,24.24,24.41,1803742,78447805.9414,24.43,0.48,374716000,374716000.0,13454476197.73,16210210000.0
2007-09-22,PAYX,24.41,24.6,24.8,24.26,24.44,3544340,155005276.9229,24.57,0.95,374716000,374716000.0,13510456591.03,16277660000.0
2007-09-21,PAYX,24.44,24.59,24.82,24.42,24.66,2364978,103464684.6489,24.58,0.63,374716000,374716000.0,13529121180.0,16300140000.0
2007-09-20,PAYX,24.66,24.35,24.83,24.31,24.3,2051125,90010730.5899,24.65,0.55,374716000,374716000.0,13650416749.2,16446280000.0
2007-09-19,PAYX,24.3,23.89,24.43,23.84,23.88,2598123,111815902.8019,24.18,0.69,374716000,374716000.0,13451367610.0,16206460000.0
2007-09-18,PAYX,23.88,24.01,24.05,23.79,24.2,2294328,97567440.7753,23.89,0.61,374716000,374716000.0,13221215487.73,15929170000.0
2007-09-15,PAYX,24.2,24.0,24.35,23.73,24.2,2875493,123699950.5906,24.17,0.77,374716000,374716000.0,13395382862.5,16139010000.0
2007-09-14,PAYX,24.2,24.56,24.85,24.11,24.61,3576432,155031528.4028,24.35,0.95,374716000,374716000.0,13395382862.5,16139010000.0
2007-09-12,PAYX,24.8,24.6,24.91,24.46,24.46,2534586,111541779.349,24.72,0.68,374716000,374716000.0,13731278595.91,16543710000.0
2007-09-11,PAYX,24.46,24.58,24.8,24.33,24.43,2342040,102221848.86,24.52,0.63,374716000,374716000.0,13541559885.11,16315130000.0
2007-09-08,PAYX,24.43,24.87,24.96,24.33,25.29,4844211,211662882.7708,24.55,1.29,374716000,374716000.0,13526008238.07,16296390000.0
2007-09-07,PAYX,25.29,25.32,25.65,25.26,25.16,1925557,87028413.8438,25.39,0.51,374716000,374716000.0,14001859775.46,16869710000.0
2007-09-06,PAYX,25.16,25.2,25.41,25.07,25.35,3228588,144892888.6656,25.21,0.86,374716000,374716000.0,13930327735.11,16783520000.0
2007-09-05,PAYX,25.35,25.05,25.43,25.01,24.96,4188953,188528391.5348,25.29,1.12,374716000,374716000.0,14032963069.54,16907180000.0
2007-09-01,PAYX,24.96,25.0,25.21,24.88,24.87,2483598,110703380.6636,25.04,0.66,374716000,374716000.0,13984848575.87,16648630000.0
2007-08-31,PAYX,24.87,24.89,25.1,24.71,24.98,2995368,132599516.7486,24.87,0.78,382202880,382203000.0,14212898847.48,16920110000.0
2007-08-30,PAYX,24.98,24.43,25.03,24.27,24.37,2677730,117404790.6884,24.63,0.7,382202880,382203000.0,14273899069.23,16992730000.0
2007-08-29,PAYX,24.37,24.76,24.83,24.32,24.83,2581825,112843789.1295,24.56,0.68,382202880,382203000.0,13927163974.39,16579950000.0
2007-08-28,PAYX,24.83,24.92,24.98,24.74,24.92,2569627,113725757.7513,24.86,0.67,382202880,382203000.0,14187214171.84,16889540000.0
2007-08-25,PAYX,24.92,24.54,24.96,24.26,24.59,3126532,137247532.5111,24.66,0.82,382202880,382203000.0,14241792101.01,16954510000.0
2007-08-24,PAYX,24.59,24.73,24.79,24.42,24.7,2630601,115108504.8433,24.58,0.69,382202880,382203000.0,14052373637.88,16729010000.0
2007-08-22,PAYX,24.94,24.78,25.32,24.78,24.89,2956311,131844948.9779,25.06,0.77,382202880,382203000.0,14251428108.29,16965980000.0
2007-08-18,PAYX,25.22,25.03,25.28,24.5,24.93,4019005,178657211.0705,24.97,1.05,382202880,382203000.0,14411953317.89,17157090000.0
2007-08-17,PAYX,24.93,24.62,25.28,24.2,24.72,4298551,190266307.2666,24.87,1.12,382202880,382203000.0,14245005815.7,16958340000.0
2007-08-16,PAYX,24.72,24.99,25.24,24.62,24.97,4451211,196657119.2921,24.82,1.16,382202880,382203000.0,14126218444.8,16816930000.0
2007-08-15,PAYX,24.97,25.23,25.32,24.93,25.02,3629719,162447318.8634,25.14,0.95,382202880,382203000.0,14267476776.64,16985090000.0
2007-08-11,PAYX,25.43,25.48,25.91,25.16,25.65,5798391,262267574.1681,25.41,1.52,382202880,382203000.0,14533949266.68,17302320000.0
2007-08-10,PAYX,25.65,25.6,26.48,25.56,26.02,6283016,291394331.7836,26.06,1.64,382202880,382203000.0,14655949710.18,17447550000.0
2007-08-08,PAYX,25.48,25.13,25.7,24.91,25.21,6078981,273057431.4625,25.24,1.59,382202880,382203000.0,14559633621.27,17332890000.0
2007-08-07,PAYX,25.21,23.94,25.25,23.9,23.9,7023844,311160496.4826,24.89,1.84,382202880,382203000.0,14405531025.3,17149440000.0
2007-08-04,PAYX,23.9,23.73,24.3,23.53,23.68,5943504,253920107.4477,24.0,1.56,382202880,382203000.0,13657482906.47,16258900000.0
2007-08-01,PAYX,23.25,23.71,23.8,23.25,23.56,3452999,144631584.0782,23.53,0.9,382202880,382203000.0,13285063135.99,15815550000.0
2007-07-28,PAYX,23.21,23.76,23.77,23.21,23.57,4736340,199559012.3969,23.5,1.24,382202880,382203000.0,13358903448.21,15903450000.0
2007-07-26,PAYX,23.85,23.57,23.96,23.53,23.71,4085286,174498052.3792,23.82,1.07,382202880,382203000.0,13728114319.74,16342990000.0
2007-07-21,PAYX,23.8,24.26,24.26,23.76,24.2,4605055,197857509.7258,23.96,1.2,382202880,382203000.0,13699221066.21,16308590000.0
2007-07-20,PAYX,24.2,24.21,24.26,24.01,24.25,2573535,111508409.7791,24.17,0.67,382202880,382203000.0,13927163974.39,16579950000.0
2007-07-18,PAYX,24.49,24.43,24.58,24.36,24.51,4562098,200272388.6522,24.49,1.19,382202880,382203000.0,14097354727.91,16782560000.0
2007-07-17,PAYX,24.51,24.03,24.62,23.71,24.23,4711758,206467760.7797,24.44,1.23,382202880,382203000.0,14106951567.04,16793990000.0
2007-07-14,PAYX,24.23,23.89,24.4,23.46,23.11,9263172,400709934.8026,24.13,2.42,382202880,382203000.0,13946426357.44,16602890000.0
2007-07-13,PAYX,23.11,22.74,23.11,22.7,22.86,3438883,141372431.9856,22.93,0.9,382202880,382203000.0,13304325519.04,15838480000.0
2007-07-11,PAYX,22.46,22.03,22.57,22.0,22.12,5030711,201962908.7139,22.39,1.32,382202880,382203000.0,12928697170.68,15391300000.0
2007-07-10,PAYX,22.12,21.9,22.12,21.75,21.96,3362188,132315509.5679,21.95,0.88,382202880,382203000.0,12729647194.98,15154340000.0
2007-07-06,PAYX,21.84,21.76,21.86,21.65,21.74,2307495,90089660.5215,21.78,0.6,382202880,382203000.0,12569121985.38,14963240000.0
2007-07-04,PAYX,21.74,21.95,22.03,21.64,21.96,1691702,65970441.8177,21.75,0.44,382202880,382203000.0,12511330341.52,14894440000.0
2007-07-03,PAYX,21.96,21.99,22.06,21.71,21.82,2234676,87885550.0222,21.94,0.58,382202880,382203000.0,12639753719.7,15047320000.0
2007-06-29,PAYX,21.91,22.03,22.27,21.8,22.44,4349434,171334161.1144,21.97,1.14,381932960,381933000.0,12601954080.97,15002320000.0
2007-06-28,PAYX,22.44,21.88,22.47,21.88,22.19,2714558,108602660.1831,22.31,0.71,381932960,381933000.0,12906735620.58,15365160000.0
2007-06-26,PAYX,21.99,22.24,22.36,21.9,22.14,2759030,109395522.9458,22.12,0.72,381932960,381933000.0,12646869397.06,15055790000.0
2007-06-23,PAYX,22.14,22.38,22.45,22.1,22.42,2417186,96285191.2434,22.22,0.63,381932960,381933000.0,12733488263.33,15158910000.0
2007-06-22,PAYX,22.42,22.41,22.54,22.26,22.43,2581326,103572595.2522,22.38,0.68,381932960,381933000.0,12897111230.81,15353700000.0
2007-06-21,PAYX,22.43,22.51,22.62,22.31,22.46,1852050,74726302.2663,22.5,0.48,381932960,381933000.0,12900317863.55,15357520000.0
2007-06-20,PAYX,22.46,22.31,22.49,22.19,22.37,2354708,94565982.1973,22.4,0.62,381932960,381933000.0,12919566643.09,15380430000.0
2007-06-16,PAYX,22.52,22.63,22.72,22.42,22.44,4291938,173595587.0922,22.56,1.12,381932960,381933000.0,12951650936.67,15418630000.0
2007-06-15,PAYX,22.44,22.48,22.56,22.29,22.49,2797966,112448255.7923,22.42,0.73,381932960,381933000.0,12909942253.32,15368980000.0
2007-06-12,PAYX,22.24,22.14,22.41,22.03,22.14,1895016,75699811.8837,22.28,0.5,381932960,381933000.0,12794445405.4,15231480000.0
2007-06-09,PAYX,22.14,21.75,22.16,21.58,21.9,2169284,85474544.6705,21.98,0.57,381932960,381933000.0,12733488263.33,15158910000.0
2007-06-08,PAYX,21.9,22.12,22.13,21.82,22.23,3125730,123047765.37,21.96,0.82,381932960,381933000.0,12595536323.95,14994680000.0
2007-06-07,PAYX,22.23,22.44,22.44,22.19,22.44,2385905,95308997.8608,22.28,0.62,381932960,381933000.0,12784821015.63,15220020000.0
2007-06-06,PAYX,22.44,22.38,22.47,22.12,22.46,4104434,163963925.3276,22.28,1.07,381932960,381933000.0,12906735620.58,15365160000.0
2007-06-05,PAYX,22.46,22.47,22.58,22.39,22.65,2065981,83198294.4586,22.46,0.54,381932960,381933000.0,12919566643.09,15380430000.0
2007-06-02,PAYX,22.65,22.66,22.78,22.58,22.53,2327321,94674941.1792,22.69,0.61,381932960,381933000.0,13025438780.43,15506470000.0
2007-06-01,PAYX,22.53,22.23,22.54,22.19,22.22,3442935,138313358.2768,22.41,0.9,381932960,381933000.0,13887080363.16,15430090000.0
2007-05-31,PAYX,22.22,22.28,22.36,21.8,22.33,5748516,227254887.3367,22.05,1.51,381932960,381933000.0,13694587182.54,15216210000.0
2007-05-26,PAYX,22.35,22.25,22.44,22.12,22.25,2021994,80960225.2512,22.33,0.53,381932960,381933000.0,13773645930.3,15304050000.0
2007-05-25,PAYX,22.25,22.48,22.59,22.2,22.43,2993213,120020325.3422,22.37,0.78,381932960,381933000.0,13711775196.96,15235300000.0
2007-05-24,PAYX,22.43,22.36,22.57,22.28,22.36,3661522,147579463.9864,22.48,0.96,381932960,381933000.0,13825204473.72,15361340000.0
2007-05-23,PAYX,22.36,22.22,22.43,22.03,22.3,4287356,171644709.0462,22.33,1.12,381932960,381933000.0,13780522098.54,15311690000.0
2007-05-19,PAYX,21.95,21.74,21.97,21.58,21.65,3166945,123921607.7665,21.83,0.83,381932960,381933000.0,13529588362.68,15032880000.0
2007-05-18,PAYX,21.65,21.84,21.84,21.51,21.7,2875388,111555542.6165,21.64,0.75,381932960,381933000.0,13343971350.3,14826630000.0
2007-05-17,PAYX,21.7,21.78,22.15,21.6,21.25,6154774,240177062.6221,21.77,1.61,381932960,381933000.0,13371470867.16,14857190000.0
2007-05-16,PAYX,21.25,21.61,21.65,21.23,21.55,3496814,134291242.7224,21.42,0.92,381932960,381933000.0,13096478104.74,14551640000.0
2007-05-15,PAYX,21.55,21.72,21.75,21.42,21.78,2598320,100206003.6408,21.51,0.68,381932960,381933000.0,13282100616.96,14757890000.0
2007-05-12,PAYX,21.78,21.67,21.78,21.36,21.44,4297445,166810914.3535,21.65,1.13,381932960,381933000.0,13419594420.12,14910660000.0
2007-05-11,PAYX,21.44,21.47,21.64,21.38,21.52,4186199,161477569.4966,21.52,1.1,381932960,381933000.0,13213348559.28,14681500000.0
2007-05-10,PAYX,21.52,21.14,21.59,21.11,21.21,3570806,137085366.9696,21.41,0.93,381932960,381933000.0,13261471768.5,14734960000.0
2007-05-09,PAYX,21.21,21.2,21.26,21.09,21.25,3846488,146133795.0012,21.19,1.01,381932960,381933000.0,13068978587.88,14521080000.0
2007-05-05,PAYX,21.08,21.25,21.25,20.97,21.14,4480695,168991652.2725,21.04,1.17,381932960,381933000.0,12993355174.32,14437060000.0
2007-05-04,PAYX,21.14,21.17,21.18,20.94,21.06,3102520,117177793.4367,21.07,0.81,381932960,381933000.0,13031166881.1,14479070000.0
2007-05-03,PAYX,21.06,20.95,21.11,20.89,20.94,2988971,112835708.6731,21.06,0.78,381932960,381933000.0,12979607993.94,14421790000.0
2007-05-02,PAYX,20.94,20.65,20.96,20.64,20.69,4181758,156111670.9535,20.82,1.09,381932960,381933000.0,12907420258.32,14341570000.0
2007-05-01,PAYX,20.69,20.94,20.97,20.64,20.94,4526188,168840363.8069,20.81,1.19,381932960,381933000.0,12752738440.74,14169710000.0
2007-04-28,PAYX,20.94,20.26,20.94,20.12,20.17,5152399,190711411.8259,20.65,1.35,381932960,381933000.0,12903984924.12,14337760000.0
2007-04-26,PAYX,20.55,20.44,20.57,20.38,20.45,3096994,114403865.7792,20.49,0.81,381932960,381933000.0,12735550426.32,14150610000.0
2007-04-25,PAYX,20.45,20.58,20.58,20.27,20.52,5024020,184841176.5658,20.4,1.32,381932960,381933000.0,12677115370.92,14085680000.0
2007-04-24,PAYX,20.52,20.58,20.62,20.46,20.55,1932817,71497597.1097,20.51,0.51,381932960,381933000.0,12718367568.0,14131520000.0
2007-04-21,PAYX,20.55,20.22,20.6,20.11,20.1,4625707,170406373.9159,20.43,1.21,381932960,381933000.0,12735550426.32,14150610000.0
2007-04-20,PAYX,20.1,20.34,20.35,20.06,20.42,4037654,146911623.5504,20.18,1.06,381932960,381933000.0,12460562820.0,13845070000.0
2007-04-19,PAYX,20.42,20.63,20.74,20.38,20.67,2896996,106899135.018,20.46,0.76,381932960,381933000.0,12659927356.5,14066580000.0
2007-04-18,PAYX,20.67,20.62,20.86,20.61,20.67,2231369,83271984.4294,20.7,0.58,381932960,381933000.0,12811173839.88,14234640000.0
2007-04-17,PAYX,20.67,20.51,20.7,20.39,20.38,2459904,91494385.2081,20.63,0.64,381932960,381933000.0,12811173839.88,14234640000.0
2007-04-13,PAYX,20.46,20.48,20.61,20.37,20.47,2884067,106621320.9528,20.5,0.76,381932960,381933000.0,12680556204.96,14089500000.0
2007-04-11,PAYX,20.92,20.83,21.01,20.82,20.88,1972466,74351308.9937,20.9,0.52,381932960,381933000.0,12969296147.76,14410320000.0
2007-04-04,PAYX,20.87,20.92,20.97,20.75,20.8,8067469,303520675.8836,20.86,2.11,381932960,381933000.0,12934920118.92,14372130000.0
2007-04-03,PAYX,20.8,21.18,21.26,20.74,21.0,4614340,173740015.6333,20.88,1.21,381932960,381933000.0,12890237400.0,14322480000.0
2007-03-24,PAYX,22.59,22.59,22.74,22.55,22.66,1467847,59926753.169,22.64,0.38,381932960,381933000.0,14000515139.76,15556130000.0
2007-03-23,PAYX,22.66,22.74,22.79,22.57,22.68,1508919,61705730.5682,22.68,0.4,381932960,381933000.0,14048638692.72,15609590000.0
2007-03-20,PAYX,22.13,22.04,22.29,22.02,22.03,1614819,64463251.5162,22.14,0.42,381932960,381933000.0,13718646209.1,15242940000.0
2007-03-17,PAYX,22.03,22.09,22.24,21.91,22.22,3005992,119923149.0424,22.12,0.79,381932960,381933000.0,13656775475.76,15174190000.0
2007-03-13,PAYX,22.07,21.95,22.12,21.88,21.89,1711780,67974090.5291,22.02,0.45,381932960,381933000.0,13677399168.12,15197110000.0
2007-03-10,PAYX,21.89,22.33,22.33,21.85,22.09,2252557,89251248.1975,21.97,0.59,381932960,381933000.0,13570840559.76,15078710000.0
2007-03-09,PAYX,22.09,22.28,22.29,22.04,22.11,2364138,94417040.3129,22.15,0.62,381932960,381933000.0,13694587182.54,15216210000.0
2007-03-06,PAYX,21.9,21.71,22.11,21.59,21.72,4301961,170197579.6312,21.94,1.13,381932960,381933000.0,13577716728.0,15086350000.0
2007-03-03,PAYX,21.72,21.98,22.02,21.7,22.19,2735150,107881419.1846,21.87,0.72,381932960,381933000.0,13460841461.1,14956490000.0
2007-03-02,PAYX,22.19,22.03,22.26,21.68,22.53,6336481,252660127.3716,22.11,1.66,381932960,381933000.0,13753022237.94,15281130000.0
2007-03-01,PAYX,22.53,22.54,23.1,22.47,22.91,4775289,196190303.617,22.78,1.25,381932960,381933000.0,13966139110.92,15517930000.0
2007-02-27,PAYX,23.45,23.54,23.57,23.27,23.5,3134456,132423211.961,23.43,0.82,381105920,381106000.0,14505270363.15,16116960000.0
2007-02-23,PAYX,23.17,23.05,23.18,22.83,23.09,1910518,79369203.3242,23.04,0.5,381105920,381106000.0,14333772699.15,15926410000.0
2007-02-22,PAYX,23.09,23.07,23.12,22.78,23.07,1700476,70439137.0375,22.97,0.45,381105920,381106000.0,14278892074.69,15865430000.0
2007-02-21,PAYX,23.07,22.84,23.16,22.75,23.06,2115424,87774860.7164,23.01,0.56,381105920,381106000.0,14268602557.84,15854000000.0
2007-02-17,PAYX,23.06,23.15,23.16,22.91,23.1,1628003,67608180.7049,23.03,0.43,381105920,381106000.0,14261741279.3,15846380000.0
2007-02-16,PAYX,23.1,23.07,23.23,23.0,23.16,1927153,80213686.9679,23.08,0.51,381105920,381106000.0,14285753353.23,15873050000.0
2007-02-15,PAYX,23.16,22.73,23.25,22.68,22.66,3747056,156103799.3236,23.1,0.98,381105920,381106000.0,14326911420.61,15918790000.0
2007-02-10,PAYX,22.37,22.68,22.7,22.25,22.55,2427903,98289765.8823,22.45,0.64,381105920,381106000.0,13836430502.53,15373810000.0
2007-02-09,PAYX,22.55,22.46,22.7,22.46,22.53,1535800,62630836.2652,22.61,0.4,381105920,381106000.0,13949619646.76,15499570000.0
2007-02-08,PAYX,22.53,22.48,22.62,22.38,22.4,2551994,103500421.8839,22.49,0.67,381105920,381106000.0,13935896746.69,15484330000.0
2007-02-07,PAYX,22.4,22.6,22.61,22.21,22.46,2196835,88742667.838,22.4,0.58,381105920,381106000.0,13857009193.23,15396670000.0
2007-02-02,PAYX,22.36,22.2,22.49,22.2,22.19,2360896,95358211.3756,22.4,0.62,381105920,381106000.0,13829569223.99,15366190000.0
2007-02-01,PAYX,22.19,21.97,22.35,21.9,22.02,2265881,90474124.5315,22.14,0.59,381105920,381106000.0,13723241358.3,15248040000.0
2007-01-31,PAYX,22.02,22.12,22.21,21.9,22.07,1932835,76770853.2155,22.03,0.51,381105920,381106000.0,13616913492.61,15129900000.0
2007-01-27,PAYX,21.94,21.89,22.12,21.77,21.9,2409095,95889928.6044,21.96,0.63,381105920,381106000.0,13640920764.61,15156570000.0
2007-01-26,PAYX,21.9,22.22,22.32,21.73,22.4,2644624,105119043.6768,21.93,0.69,381105920,381106000.0,13616913492.61,15129900000.0
2007-01-23,PAYX,21.84,22.03,22.16,21.72,22.13,3015648,119403943.2426,21.84,0.79,381105920,381106000.0,13582611901.84,15091790000.0
2007-01-19,PAYX,22.3,22.62,22.62,22.28,22.51,1822816,74174560.9343,22.45,0.48,381105920,381106000.0,13863870814.76,15404300000.0
2007-01-18,PAYX,22.51,22.47,22.59,22.34,22.45,2153346,87885998.2601,22.51,0.57,381105920,381106000.0,13994205266.46,15549110000.0
2007-01-17,PAYX,22.45,22.45,22.61,22.23,22.44,1919199,77847306.0024,22.38,0.5,381105920,381106000.0,13956475780.38,15507190000.0
2007-01-13,PAYX,22.44,22.33,22.62,22.33,22.46,1211405,49292554.012,22.45,0.32,381105920,381106000.0,13949619646.76,15499570000.0
2007-01-12,PAYX,22.46,22.37,22.56,22.27,22.24,2463251,100289264.3052,22.46,0.65,381105920,381106000.0,13966764954.23,15518630000.0
2007-01-11,PAYX,22.24,22.01,22.26,21.92,22.17,1492019,59841286.3242,22.12,0.39,381105920,381106000.0,13826140985.69,15362380000.0
2007-01-10,PAYX,22.17,22.09,22.42,22.06,22.12,1550502,62481662.8949,22.23,0.41,381105920,381106000.0,13784978116.38,15316640000.0
2007-01-09,PAYX,22.12,22.19,22.26,21.89,22.08,1645768,65944103.5406,22.1,0.43,381105920,381106000.0,13754109565.84,15282340000.0
2007-01-06,PAYX,22.08,22.17,22.18,21.94,22.07,1766893,70647089.2658,22.06,0.46,381105920,381106000.0,13730102636.84,15255660000.0
2007-01-05,PAYX,22.07,21.75,22.17,21.53,21.68,2670182,106379757.16,21.98,0.7,381105920,381106000.0,13723241358.3,15248040000.0
2007-01-04,PAYX,21.68,21.89,22.05,21.4,21.81,2679445,105600126.7073,21.74,0.7,381105920,381106000.0,13483145657.69,14981270000.0
2006-12-30,PAYX,21.81,21.8,22.07,21.74,21.95,983467,39022493.3926,21.89,0.26,381105920,381106000.0,13562033211.15,15068920000.0
2006-12-29,PAYX,21.95,22.07,22.14,21.86,22.02,950127,37897796.4098,22.0,0.25,381105920,381106000.0,13647782043.15,15164200000.0
2006-12-28,PAYX,22.02,22.12,22.21,21.96,21.96,1179817,47140634.7327,22.04,0.31,381105920,381106000.0,13688939767.53,15209930000.0
2006-12-13,PAYX,21.51,21.7,21.75,21.33,21.66,1990243,77539244.3339,21.49,0.52,381105920,381106000.0,13376817792.0,14863130000.0
2006-12-07,PAYX,21.73,21.86,21.98,21.57,21.86,1671133,65746880.9368,21.7,0.44,381105920,381106000.0,13510585969.92,15011760000.0
2006-12-05,PAYX,21.89,21.72,22.08,21.66,21.65,1654687,65791003.7573,21.93,0.43,381105920,381106000.0,13610052214.07,15122280000.0
2006-12-02,PAYX,21.65,21.78,21.78,21.36,21.74,1617732,63102212.0893,21.52,0.42,381105920,381106000.0,13459133583.76,14954590000.0
2006-12-01,PAYX,21.74,21.79,21.87,21.64,21.72,1476125,58234591.1376,21.76,0.39,381105920,381106000.0,13517442103.53,15019380000.0
2006-11-30,PAYX,21.72,21.68,21.75,21.51,21.71,2083297,81879586.5784,21.68,0.55,380429920,380430000.0,13479771985.81,14977520000.0
2006-11-25,PAYX,21.86,21.94,22.02,21.82,21.98,514836,20435743.6739,21.9,0.14,380429920,380430000.0,13568790532.77,15076430000.0
2006-11-23,PAYX,21.98,21.87,22.04,21.81,21.99,878483,34942889.4442,21.94,0.23,380429920,380430000.0,13644115999.32,15160130000.0
2006-11-22,PAYX,21.99,22.16,22.21,21.86,22.29,2406818,96211317.2592,22.05,0.63,380429920,380430000.0,13647538156.66,15163930000.0
2006-11-21,PAYX,22.29,22.21,22.38,22.04,22.32,2258394,91010321.9623,22.23,0.59,380429920,380430000.0,13832429836.88,15369360000.0
2006-11-14,PAYX,21.3,21.33,21.33,21.1,21.29,1633430,62879853.2071,21.24,0.43,380429920,380430000.0,13219554496.66,14688390000.0
2006-11-10,PAYX,21.27,21.65,21.68,21.13,21.68,1509292,58325975.0582,21.32,0.4,380429920,380430000.0,13199011965.76,14665570000.0
2006-11-08,PAYX,21.57,21.38,21.88,21.35,21.48,1490462,58529244.4086,21.66,0.39,380429920,380430000.0,13387325803.32,14874800000.0
2006-11-03,PAYX,21.35,21.52,21.59,21.24,21.56,1753727,67800297.6454,21.33,0.46,380429920,380430000.0,13250373086.44,14722630000.0
2006-10-28,PAYX,21.65,21.72,21.81,21.59,21.77,1424225,56316411.5597,21.7,0.37,380429920,380430000.0,13507163282.44,15007960000.0
2006-10-25,PAYX,21.76,21.78,21.93,21.6,21.84,2630010,104189668.7469,21.74,0.69,380429920,380430000.0,13575639640.88,15084040000.0
2006-10-21,PAYX,21.12,21.32,21.32,20.98,21.23,1530658,58992763.9478,21.15,0.4,380429920,380430000.0,13181896728.0,14646550000.0
2006-10-18,PAYX,21.27,21.24,21.37,21.13,21.38,1067019,41347084.4157,21.26,0.28,380429920,380430000.0,13274337774.69,14749260000.0
2006-10-17,PAYX,21.38,21.28,21.51,21.2,21.22,1590551,61969917.1802,21.38,0.42,380429920,380430000.0,13339391975.78,14821540000.0
2006-10-14,PAYX,21.22,21.21,21.36,21.03,21.32,1257146,48455674.2817,21.15,0.33,380429920,380430000.0,13240102163.37,14711220000.0
2006-10-13,PAYX,21.32,21.32,21.36,21.0,21.27,2083718,80463799.9267,21.19,0.55,380429920,380430000.0,13305151228.66,14783500000.0
2006-10-12,PAYX,21.27,21.07,21.31,20.97,21.1,2358851,91003504.4511,21.17,0.62,380429920,380430000.0,13270915617.35,14745460000.0
2006-10-06,PAYX,20.87,20.53,20.88,20.36,20.48,3296909,124395986.6854,20.7,0.87,380429920,380430000.0,13024396686.8,14471550000.0
2006-10-05,PAYX,20.48,20.14,20.58,20.14,20.27,2747782,102141887.9261,20.4,0.72,380429920,380430000.0,12777877756.25,14197640000.0
2006-09-30,PAYX,20.22,20.47,20.57,20.15,20.46,2283127,84315619.8335,20.26,0.6,380429920,380430000.0,12616955215.32,14018840000.0
2006-09-29,PAYX,20.46,20.18,20.52,20.18,20.18,2472703,91885616.2803,20.39,0.65,380429920,380430000.0,12767606490.8,14186230000.0
2006-09-27,PAYX,20.35,20.03,20.4,19.99,19.93,3963978,146119732.8904,20.23,1.04,380429920,380430000.0,12695702839.21,14106330000.0
2006-09-26,PAYX,19.93,19.47,20.03,19.47,19.45,2287288,82727295.6975,19.85,0.6,380429920,380430000.0,12435490828.25,13817210000.0
2006-09-23,PAYX,19.45,19.66,19.67,19.36,19.62,850535,30168893.2122,19.46,0.22,380429920,380430000.0,12134188619.68,13482430000.0
2006-09-21,PAYX,19.72,19.81,20.04,19.62,19.8,1306447,47151761.2388,19.8,0.34,380429920,380430000.0,12305382083.68,13672640000.0
2006-09-15,PAYX,19.4,19.2,19.45,19.2,19.31,1123152,39554707.7668,19.32,0.3,380429920,380430000.0,12106796980.66,13452000000.0
2006-09-14,PAYX,19.31,19.22,19.34,19.11,19.3,1239993,43497084.5306,19.25,0.33,380429920,380430000.0,12052018838.44,13391130000.0
2006-09-09,PAYX,19.33,19.16,19.46,19.13,19.16,1053830,37107034.105,19.32,0.28,380429920,380430000.0,12058862810.74,13398730000.0
2006-09-08,PAYX,19.16,19.37,19.42,19.14,19.36,1654513,58016310.7109,19.24,0.43,380429920,380430000.0,11956151183.37,13284610000.0
2006-09-07,PAYX,19.36,19.6,19.66,19.25,19.71,1928033,68138415.6656,19.39,0.51,380429920,380430000.0,12079410477.45,13421560000.0
2006-09-01,PAYX,19.73,19.93,19.95,19.69,19.93,1252541,45109136.8281,19.76,0.33,380429920,380430000.0,12308809034.44,13676450000.0
2006-08-30,PAYX,19.75,19.82,19.88,19.61,19.77,1690014,60696996.4612,19.71,0.44,380333920,380334000.0,12319392922.02,13688210000.0
2006-08-29,PAYX,19.77,19.34,19.83,19.33,19.45,1597902,57395198.5324,19.71,0.42,380333920,380334000.0,12333087681.54,13703430000.0
2006-08-26,PAYX,19.45,19.35,19.56,19.21,19.31,928554,32864303.365,19.42,0.24,380333920,380334000.0,12134552690.7,13482830000.0
2006-08-25,PAYX,19.31,19.35,19.51,19.18,19.31,2073064,73000442.4256,19.32,0.55,380333920,380334000.0,12048977558.7,13387750000.0
2006-08-23,PAYX,19.54,19.71,19.75,19.44,19.69,1757365,62641444.132,19.56,0.46,380333920,380334000.0,12189317009.87,13543680000.0
2006-08-22,PAYX,19.69,19.65,19.75,19.37,19.61,1185863,42434194.658,19.63,0.31,380333920,380334000.0,12285165949.92,13650180000.0
2006-08-19,PAYX,19.61,19.68,19.75,19.45,19.59,2477273,88520628.9727,19.61,0.65,380333920,380334000.0,12233817790.02,13593130000.0
2006-08-18,PAYX,19.59,19.35,19.75,19.35,19.51,1930148,69037132.1932,19.63,0.51,380333920,380334000.0,12220127822.7,13577910000.0
2006-08-17,PAYX,19.51,19.29,19.52,19.13,19.12,2233257,78945172.6658,19.4,0.59,380333920,380334000.0,12172206091.08,13524670000.0
2006-08-16,PAYX,19.12,19.06,19.2,18.77,18.68,1691670,58755408.9323,19.06,0.44,380333920,380334000.0,11925749368.62,13250830000.0
2006-08-15,PAYX,18.68,18.66,19.11,18.66,18.68,1274687,43800521.911,18.85,0.34,380333920,380334000.0,11655328870.79,12950360000.0
2006-08-12,PAYX,18.68,18.68,18.74,18.52,18.74,825648,28081771.3438,18.66,0.22,380333920,380334000.0,11651907919.32,12946560000.0
2006-08-11,PAYX,18.74,18.59,18.84,18.42,18.57,1034457,35242284.5142,18.69,0.27,380333920,380334000.0,11689560977.4,12988400000.0
2006-08-08,PAYX,18.72,18.87,19.07,18.65,18.81,2814491,96713473.2973,18.85,0.74,380333920,380334000.0,11675866217.87,12973180000.0
2006-08-05,PAYX,18.81,19.06,19.47,18.75,18.45,4061636,141309560.0121,19.09,1.07,380333920,380334000.0,11737483051.32,13041640000.0
2006-08-04,PAYX,18.45,18.23,18.58,18.21,18.33,2636812,88592635.2959,18.44,0.69,380333920,380334000.0,11508142382.16,12786820000.0
2006-08-03,PAYX,18.33,18.18,18.52,18.13,18.21,3819217,127727563.6256,18.35,1.0,380333920,380334000.0,11436256875.17,12706950000.0
2006-07-28,PAYX,18.46,18.58,18.72,18.38,18.5,1404028,47684849.9249,18.55,0.37,380333920,380334000.0,11573180167.08,12859090000.0
2006-07-25,PAYX,19.12,19.28,19.33,19.01,19.28,2245080,78601130.8714,19.12,0.59,380333920,380334000.0,11987361067.55,13319290000.0
2006-07-22,PAYX,19.28,19.27,19.47,19.17,19.42,2302340,81342802.6489,19.29,0.61,380333920,380334000.0,12083204530.79,13425780000.0
2006-07-21,PAYX,19.42,19.93,19.93,19.34,19.96,2527198,90313201.2182,19.52,0.66,380333920,380334000.0,12175627384.86,13528470000.0
2006-07-20,PAYX,19.96,19.86,20.29,19.8,19.83,1262968,46381236.832,20.06,0.33,380333920,380334000.0,12511080190.79,13901200000.0
2006-07-19,PAYX,19.83,19.88,20.04,19.67,19.95,1516747,55035610.8186,19.82,0.4,380333920,380334000.0,12432352780.86,13813720000.0
2006-07-15,PAYX,20.07,20.08,20.18,19.92,20.13,2484802,91131827.8634,20.03,0.65,380333920,380334000.0,12579544404.0,13977270000.0
2006-07-08,PAYX,20.53,20.72,20.75,20.32,20.77,2576645,96693228.7028,20.49,0.68,380333920,380334000.0,12867075820.62,14296750000.0
2006-07-07,PAYX,20.77,20.84,21.04,20.71,20.9,1678253,63988262.5587,20.82,0.44,380333920,380334000.0,13017688737.54,14464090000.0
2006-07-04,PAYX,21.29,21.58,21.58,21.29,21.29,866912,33862096.7988,21.33,0.23,380333920,380334000.0,13342873212.24,14825410000.0
2006-07-01,PAYX,21.29,21.66,21.77,21.24,21.66,2905575,113449323.5771,21.32,0.76,380333920,380334000.0,13342873212.24,14825410000.0
2006-06-30,PAYX,21.66,21.6,21.67,21.12,21.61,4090241,160324767.4529,21.41,1.08,379772960,379773000.0,13559033649.08,15065590000.0
2006-06-28,PAYX,21.42,21.56,21.67,21.3,21.58,1765921,69218439.8914,21.41,0.46,379772960,379773000.0,13405221156.94,14894690000.0
2006-06-27,PAYX,21.58,21.54,21.71,21.51,21.55,1040989,41164542.1455,21.59,0.27,379772960,379773000.0,13507761223.32,15008620000.0
2006-06-24,PAYX,21.55,21.3,21.78,21.21,21.4,1387175,54735966.8089,21.55,0.37,379772960,379773000.0,13487254167.07,14985830000.0
2006-06-23,PAYX,21.4,21.44,21.65,21.28,21.54,1563401,61282500.388,21.41,0.41,379772960,379773000.0,13394967970.61,14883300000.0
2006-06-22,PAYX,21.54,21.21,21.73,21.21,21.24,1881508,74348908.1173,21.58,0.5,379772960,379773000.0,13483837919.41,14982040000.0
2006-06-21,PAYX,21.24,21.23,21.52,21.02,21.15,2197956,85846857.6922,21.33,0.58,379772960,379773000.0,13295849278.83,14773160000.0
2006-06-20,PAYX,21.15,21.22,21.33,21.12,21.08,2381708,92488595.2493,21.21,0.63,379772960,379773000.0,13237744699.54,14708600000.0
2006-06-17,PAYX,21.08,20.57,21.34,20.42,20.53,4592293,175928425.722,20.92,1.21,379772960,379773000.0,13193309554.24,14659230000.0
2006-06-14,PAYX,20.04,20.27,20.4,19.98,20.21,1803264,66577385.0696,20.16,0.47,379772960,379773000.0,12543899843.41,13937660000.0
2006-06-13,PAYX,20.21,20.27,20.47,20.17,20.35,1292298,48045047.2902,20.3,0.34,379772960,379773000.0,12646439568.0,14051600000.0
2006-06-09,PAYX,20.28,20.31,20.37,19.89,20.4,2636589,97283803.6498,20.15,0.69,379772960,379773000.0,12694290960.96,14104760000.0
2006-06-08,PAYX,20.4,20.61,20.72,20.36,20.58,2177500,81920796.6525,20.55,0.57,379772960,379773000.0,12766064974.24,14184510000.0
2006-06-06,PAYX,20.86,20.97,21.28,20.67,20.45,3564183,137383875.2004,21.05,0.94,379772960,379773000.0,13053172306.61,14503520000.0
2006-06-03,PAYX,20.45,20.74,20.75,20.24,20.57,2701121,100984649.9302,20.42,0.71,379772960,379773000.0,12800246591.41,14222490000.0
2006-05-27,PAYX,20.82,20.93,20.96,20.48,20.86,1620746,61560625.1397,20.74,0.43,379772960,379773000.0,13032665250.36,14480730000.0
2006-05-26,PAYX,20.86,20.88,20.95,20.42,20.93,2007394,76320088.0795,20.76,0.53,379772960,379773000.0,13053172306.61,14503520000.0
2006-05-24,PAYX,20.71,21.18,21.27,20.66,21.15,2111633,80934452.1258,20.93,0.56,379772960,379773000.0,12960891237.08,14400980000.0
2006-05-18,PAYX,21.12,21.3,21.49,21.03,21.49,2015435,78172252.0882,21.18,0.53,379772960,379773000.0,13220653890.95,14689610000.0
2006-05-16,PAYX,21.63,21.87,21.87,21.43,21.82,1584710,62667040.008,21.6,0.42,379772960,379773000.0,13538521465.9,15042800000.0
2006-05-13,PAYX,21.82,21.9,22.07,21.72,21.96,1201320,48185423.3254,21.9,0.32,379772960,379773000.0,13654735751.41,15171930000.0
2006-05-11,PAYX,22.1,22.06,22.26,21.96,22.14,1886734,76465729.1315,22.13,0.5,379772960,379773000.0,13829049831.07,15365610000.0
2006-05-09,PAYX,21.89,22.02,22.06,21.79,22.08,1697027,67961846.606,21.87,0.45,379772960,379773000.0,13699165769.78,15221290000.0
2006-05-06,PAYX,22.08,21.8,22.13,21.67,21.76,1763757,70761384.0753,21.91,0.46,379772960,379773000.0,13822212550.61,15358010000.0
2006-05-05,PAYX,21.76,21.7,21.88,21.52,21.64,1864875,74145001.9328,21.71,0.49,379772960,379773000.0,13617138228.37,15130150000.0
2006-05-04,PAYX,21.64,21.91,22.06,21.52,21.99,1271014,50481226.548,21.69,0.33,379772960,379773000.0,13545358746.36,15050390000.0
2006-05-03,PAYX,21.99,21.99,22.07,21.71,21.87,1361352,54658005.0842,21.93,0.36,379772960,379773000.0,13760691723.66,15289660000.0
2006-04-29,PAYX,22.06,22.3,22.5,22.04,22.34,1335704,54165594.1642,22.15,0.35,379772960,379773000.0,13805126868.96,15339030000.0
2006-04-27,PAYX,21.75,21.83,21.95,21.57,21.86,1643674,65508295.2479,21.68,0.43,379772960,379773000.0,13668405527.2,15187110000.0
2006-04-26,PAYX,21.86,21.97,22.03,21.48,21.96,3268454,130619515.1198,21.74,0.86,379772960,379773000.0,13736763634.61,15263070000.0
2006-04-25,PAYX,21.96,21.94,22.09,21.9,22.03,1570742,63520475.0534,22.0,0.41,379772960,379773000.0,13801705494.36,15335230000.0
2006-04-22,PAYX,22.03,22.56,22.68,21.84,22.58,2165592,88288784.1985,22.17,0.57,379772960,379773000.0,13842724392.0,15380800000.0
2006-04-21,PAYX,22.58,22.55,22.71,22.4,22.55,1700298,70627306.4815,22.59,0.45,379772960,379773000.0,14187936303.66,15764370000.0
2006-04-13,PAYX,22.03,22.07,22.14,21.84,22.08,1063656,43005406.4677,21.99,0.28,379772960,379773000.0,13846140639.66,15384600000.0
2006-04-05,PAYX,22.67,22.76,22.92,22.49,22.72,2312559,96460734.8645,22.69,0.61,379772960,379773000.0,14246040882.95,15828930000.0
2006-04-04,PAYX,22.72,22.84,23.05,22.65,22.66,2582829,108319165.591,22.81,0.68,379772960,379773000.0,14276801467.32,15863110000.0
2006-04-01,PAYX,22.66,22.35,22.69,22.24,22.39,2395022,99212809.181,22.53,0.63,379772960,379773000.0,14239203602.49,15821330000.0
2006-03-31,PAYX,22.39,22.14,22.71,22.14,22.18,2065963,85082742.2316,22.4,0.54,379772960,379773000.0,14071727145.08,15635250000.0
2006-03-29,PAYX,21.84,21.99,22.22,21.76,21.9,2862513,115644634.9585,21.97,0.75,379772960,379773000.0,13726510106.49,15251680000.0
2006-03-25,PAYX,21.82,21.95,22.06,21.69,21.97,1968181,78995877.0247,21.83,0.52,379772960,379773000.0,13712840672.5,15236480000.0
2006-03-23,PAYX,22.03,22.22,22.37,21.99,22.28,1727512,70098275.3836,22.07,0.45,379772960,379773000.0,13842724392.0,15380800000.0
2006-03-14,PAYX,21.29,21.57,21.7,21.24,21.53,1797085,70592348.9768,21.37,0.47,379772960,379773000.0,13377882288.96,14864310000.0
2006-03-11,PAYX,21.53,21.39,21.59,21.27,21.38,1681742,66513568.7968,21.51,0.44,379772960,379773000.0,13531689312.37,15035210000.0
2006-03-10,PAYX,21.38,21.54,21.8,21.38,21.53,1442896,57217026.5241,21.57,0.38,379772960,379773000.0,13435986868.25,14928870000.0
2006-03-07,PAYX,21.63,21.88,22.02,21.46,21.91,1633231,64959461.8025,21.63,0.43,379772960,379773000.0,13589793891.66,15099770000.0
2006-03-03,PAYX,21.85,21.7,22.02,21.68,21.86,1892492,75991311.1247,21.84,0.5,379772960,379773000.0,13729931481.08,15255480000.0
2006-02-25,PAYX,20.49,20.43,20.53,20.22,20.47,1682339,63114103.3519,20.41,0.44,379596000,379596000.0,12872857160.55,14303170000.0
2006-02-24,PAYX,20.47,20.41,20.69,20.41,20.51,1483427,56107951.6561,20.57,0.39,379596000,379596000.0,12855774315.64,14284190000.0
2006-02-18,PAYX,20.61,20.75,20.82,20.54,20.79,1761676,66837804.2257,20.64,0.46,379596000,379596000.0,12944603196.0,14382890000.0
2006-02-17,PAYX,20.79,20.47,20.8,20.43,20.53,1600949,60846615.4558,20.67,0.42,379596000,379596000.0,13057338425.09,14508150000.0
2006-02-10,PAYX,20.39,20.47,20.63,20.27,20.53,1640207,61574988.0241,20.42,0.43,379596000,379596000.0,12804530905.45,14227250000.0
2006-02-09,PAYX,20.53,20.11,20.66,20.07,20.07,2278430,85995678.913,20.53,0.6,379596000,379596000.0,12896774100.0,14329750000.0
2006-02-07,PAYX,19.79,19.67,19.86,19.59,19.83,1068780,38799702.3089,19.75,0.28,379596000,379596000.0,12432148596.0,13813500000.0
2006-01-31,PAYX,20.13,20.21,20.4,20.01,20.06,2812414,104157164.6955,20.14,0.74,379596000,379596000.0,12643961455.82,14048840000.0
2006-01-19,PAYX,20.47,20.29,20.53,20.27,20.29,2192849,82526087.1359,20.38,0.58,379596000,379596000.0,12910437506.18,14344930000.0
2006-01-14,PAYX,20.01,19.93,20.15,19.63,19.93,2818055,103546322.6603,19.9,0.74,379596000,379596000.0,12623463955.09,14026070000.0
2006-01-13,PAYX,19.93,20.3,20.3,19.89,20.31,2960517,109386940.6631,20.01,0.78,379596000,379596000.0,12572215420.36,13969130000.0
2006-01-12,PAYX,20.31,20.11,20.39,20.01,20.2,2097712,78319948.6791,20.22,0.55,379596000,379596000.0,12814779655.82,14238640000.0
2005-12-20,PAYX,22.18,22.01,22.33,21.92,22.19,2463560,100235572.7617,22.03,0.65,379596000,379596000.0,13993424210.91,15548250000.0
2005-12-17,PAYX,22.19,22.48,22.68,22.18,22.52,4616281,190550357.7922,22.35,1.22,379596000,379596000.0,13996838525.09,15552040000.0
2005-12-15,PAYX,22.86,22.79,23.01,22.74,22.78,2001817,84513082.444,22.86,0.53,379596000,379596000.0,14423884025.09,16026540000.0
2005-12-14,PAYX,22.78,22.5,22.82,22.46,22.44,1671475,69921118.7994,22.65,0.44,379596000,379596000.0,14369226300.73,15965800000.0
2005-11-30,PAYX,23.02,22.75,23.08,22.66,22.75,2541535,107607303.3418,22.93,0.67,378988000,378988000.0,14496291000.0,16106980000.0
2005-11-29,PAYX,22.75,22.79,23.07,22.58,23.43,3697902,155651680.5169,22.8,0.98,378988000,378988000.0,14325746400.0,15917490000.0
2005-11-24,PAYX,23.38,23.11,23.49,23.02,23.17,1491145,64149338.2353,23.3,0.39,378988000,378988000.0,14728229268.38,16364700000.0
2005-11-18,PAYX,23.0,22.48,23.15,22.39,22.39,3043751,128577441.3431,22.88,0.8,378988000,378988000.0,14486053548.75,16095610000.0
2005-11-04,PAYX,21.81,21.65,22.03,21.61,21.52,2827900,114122138.541,21.86,0.75,378988000,378988000.0,13735658673.11,15261840000.0
2005-11-02,PAYX,21.35,21.03,21.35,20.96,20.99,3457692,135631737.5843,21.24,0.91,378988000,378988000.0,13449144768.38,14943490000.0
2005-11-01,PAYX,20.99,20.82,21.13,20.82,20.82,2792990,108450402.412,21.03,0.74,378988000,378988000.0,13220615686.55,14689570000.0
2005-10-28,PAYX,20.49,20.71,20.82,20.36,20.81,2315417,88282904.7394,20.56,0.61,378988000,378988000.0,12961389600.0,14401540000.0
2005-10-22,PAYX,20.27,20.41,20.43,20.15,20.2,2392179,90126776.7402,20.32,0.63,378988000,378988000.0,12818127701.84,14242360000.0
2005-10-21,PAYX,20.2,20.31,20.44,20.04,20.14,3772254,141762003.187,20.27,1.0,378988000,378988000.0,12777198703.29,14196890000.0
2005-10-14,PAYX,19.91,19.92,20.16,19.75,20.02,1646531,60786129.266,19.91,0.43,378988000,378988000.0,12593012922.91,13992230000.0
2005-10-13,PAYX,20.02,20.17,20.46,19.91,20.2,1665292,62079416.2969,20.1,0.44,378988000,378988000.0,12661229739.64,14068030000.0
2005-10-11,PAYX,20.28,20.27,20.38,20.13,20.3,1899845,71361014.6686,20.26,0.5,378988000,378988000.0,12828360036.75,14253730000.0
2005-10-07,PAYX,20.34,20.17,20.6,20.1,20.2,4736863,179083723.1126,20.39,1.25,378988000,378988000.0,12865879848.75,14295420000.0
2005-10-06,PAYX,20.2,20.09,20.51,20.08,20.17,2971672,111789525.1631,20.29,0.78,378988000,378988000.0,12777198703.29,14196890000.0
2005-10-01,PAYX,20.0,19.92,20.0,19.77,19.93,2922395,107885144.4278,19.91,0.77,378988000,378988000.0,12650997404.73,14056660000.0
2005-09-29,PAYX,20.09,19.8,20.46,19.8,18.38,10083848,377364808.4658,20.18,2.66,378988000,378988000.0,12705572700.0,14117300000.0
2005-09-28,PAYX,18.38,18.5,18.67,18.34,18.38,3510646,120304551.3871,18.48,0.93,378988000,378988000.0,11627729804.73,12919700000.0
2005-09-27,PAYX,18.38,18.31,18.78,18.21,17.79,3786767,129989839.0084,18.51,1.0,378988000,378988000.0,11627729804.73,12919700000.0
2005-09-16,PAYX,18.13,18.17,18.21,18.0,18.14,1125974,37854003.9307,18.13,0.3,378988000,378988000.0,11467417539.64,12741570000.0
2005-09-14,PAYX,18.31,18.37,18.42,18.22,18.46,1309874,44473496.985,18.31,0.35,378988000,378988000.0,11583386503.29,12870430000.0
2005-09-09,PAYX,18.28,18.15,18.34,18.12,18.25,1249880,42326678.7487,18.26,0.33,378988000,378988000.0,11559512988.0,12843900000.0
2005-09-08,PAYX,18.25,18.37,18.39,18.16,18.4,1128197,38135524.8386,18.23,0.3,378988000,378988000.0,11542457504.73,12824950000.0
2005-09-07,PAYX,18.4,18.07,18.45,18.07,18.08,1544466,52549362.1681,18.35,0.41,378988000,378988000.0,11634547836.75,12927270000.0
2005-09-03,PAYX,18.08,18.26,18.28,18.06,18.18,1528188,51412674.537,18.14,0.4,378988000,378988000.0,11436720534.91,12707460000.0
2005-09-02,PAYX,18.18,18.33,18.45,18.15,18.41,2235510,75567375.9834,18.23,0.59,378988000,378988000.0,11498114203.29,12775680000.0
2005-08-26,PAYX,18.36,18.37,18.43,18.18,18.37,1732337,58842283.9497,18.32,0.46,378705920,378706000.0,11605438828.38,12894930000.0
2005-08-17,PAYX,18.68,18.78,18.83,18.64,18.8,1376362,47745854.6384,18.71,0.36,378705920,378706000.0,11803124000.29,13114580000.0
2005-08-13,PAYX,18.75,18.64,18.79,18.62,18.65,1478856,51331530.9802,18.72,0.39,378705920,378706000.0,11850840946.21,13167600000.0
2005-08-11,PAYX,18.5,18.72,18.94,18.41,18.66,2161146,74924982.4663,18.7,0.57,378705920,378706000.0,11694059422.01,12993390000.0
2005-08-09,PAYX,18.68,18.72,18.8,18.59,18.69,1282760,44423512.981,18.68,0.34,378705920,378706000.0,11806535761.92,13118370000.0
2005-08-05,PAYX,18.77,18.89,19.0,18.69,19.01,1676244,58362122.5968,18.78,0.44,378705920,378706000.0,11864477086.01,13182750000.0
2005-08-03,PAYX,18.9,18.76,18.94,18.68,18.8,1288575,45026923.6314,18.84,0.34,378705920,378706000.0,11942867848.11,13269850000.0
2005-07-30,PAYX,18.83,18.97,19.07,18.78,18.92,2040792,71428311.8297,18.88,0.54,378705920,378706000.0,11898557551.29,13220620000.0
2005-07-23,PAYX,18.75,18.8,18.86,18.57,18.8,2054609,71621791.8274,18.73,0.54,378705920,378706000.0,11891744593.92,13213050000.0
2005-07-22,PAYX,18.8,18.9,18.92,18.72,18.87,1868702,65387177.9905,18.8,0.49,378705920,378706000.0,11929236480.0,13254710000.0
2005-07-21,PAYX,18.87,18.68,18.93,18.68,18.73,1801341,63032340.5352,18.8,0.48,378705920,378706000.0,11970135356.02,13300150000.0
2005-07-20,PAYX,18.73,18.59,18.78,18.57,18.62,1238515,43137839.0964,18.71,0.33,378705920,378706000.0,11884926524.02,13205470000.0
2005-07-19,PAYX,18.62,18.68,18.75,18.57,18.68,1756689,60916333.7916,18.63,0.46,378705920,378706000.0,11813348719.29,13125940000.0
2005-07-16,PAYX,18.68,18.72,18.82,18.65,18.67,1978062,68935051.2412,18.72,0.52,378705920,378706000.0,11847434297.1,13163810000.0
2005-07-15,PAYX,18.67,18.38,18.8,18.37,18.61,3025281,104889211.9976,18.63,0.8,378705920,378706000.0,11844027648.0,13160030000.0
2005-07-14,PAYX,18.61,18.58,18.64,18.51,18.59,1548746,53543540.9737,18.57,0.41,378705920,378706000.0,11803124000.29,13114580000.0
2005-07-13,PAYX,18.59,18.49,18.68,18.47,18.51,2574837,89169172.4225,18.61,0.68,378705920,378706000.0,11792899281.28,13103220000.0
2005-07-12,PAYX,18.51,18.43,18.54,18.17,18.32,3075760,105498531.0909,18.43,0.81,378705920,378706000.0,11745182676.2,13050200000.0
2005-07-09,PAYX,18.32,18.0,18.4,17.94,18.1,3658658,124261562.7146,18.25,0.97,378705920,378706000.0,11619075309.01,12910080000.0
2005-07-08,PAYX,18.1,17.72,18.18,17.68,17.87,2833217,94822372.8784,17.98,0.75,378705920,378706000.0,11479331461.19,12754810000.0
2005-07-07,PAYX,17.87,17.7,18.05,17.68,17.75,3360706,111911469.4715,17.89,0.89,378705920,378706000.0,11336181305.1,12595750000.0
2005-07-06,PAYX,17.75,17.89,17.9,17.51,17.59,1995626,65821311.2809,17.72,0.53,378705920,378706000.0,11257790543.0,12508650000.0
2005-07-02,PAYX,17.59,17.58,17.71,17.46,17.47,2213370,72518164.1086,17.6,0.58,378705920,378706000.0,11155538922.1,12395040000.0
2005-07-01,PAYX,17.47,17.61,17.71,17.46,17.65,2764631,90126694.1369,17.52,0.73,378705920,378706000.0,11083961458.21,12315510000.0
2005-06-30,PAYX,17.65,17.6,17.77,17.47,17.74,4085646,134149285.6013,17.64,1.08,378458880,378459000.0,11189133721.68,12432370000.0
2005-06-29,PAYX,17.74,16.9,18.12,16.88,16.13,13246375,434327336.079,17.62,3.5,378458880,378459000.0,11243633162.86,12492920000.0
2005-06-28,PAYX,16.13,15.94,16.15,15.93,15.99,2991561,89193355.3163,16.02,0.79,378458880,378459000.0,10225198613.71,11361330000.0
2005-06-25,PAYX,15.99,16.01,16.08,15.9,16.01,2766132,82357682.82,16.0,0.73,378458880,378459000.0,10140045365.71,11266710000.0
2005-06-24,PAYX,16.01,16.25,16.3,15.9,16.21,2244417,67153605.2765,16.08,0.59,378458880,378459000.0,10146858988.0,11274290000.0
2005-06-23,PAYX,16.21,16.4,16.45,16.16,16.23,1903576,57512360.9728,16.23,0.5,378458880,378459000.0,10276293628.03,11418100000.0
2005-06-22,PAYX,16.23,16.49,16.54,16.17,16.53,2339789,71119969.0672,16.33,0.62,378458880,378459000.0,10286511336.56,11429450000.0
2005-06-21,PAYX,16.53,16.31,16.58,16.3,16.46,1328362,40796641.7887,16.5,0.35,378458880,378459000.0,10477253930.86,11641390000.0
2005-06-18,PAYX,16.46,16.4,16.59,16.17,16.29,3660130,111999945.0588,16.44,0.97,378458880,378459000.0,10432972538.83,11592190000.0
2005-06-17,PAYX,16.29,16.35,16.42,16.23,16.35,1462390,44358219.6043,16.3,0.39,378458880,378459000.0,10327383533.15,11474870000.0
2005-06-16,PAYX,16.35,16.44,16.6,16.24,16.32,2059513,62646266.434,16.34,0.54,378458880,378459000.0,10364850962.27,11516500000.0
2005-06-15,PAYX,16.32,16.24,16.32,16.18,16.28,1495265,45226223.3026,16.25,0.4,378458880,378459000.0,10344415204.59,11493790000.0
2005-06-14,PAYX,16.28,16.21,16.39,16.18,16.18,1970753,59815102.7504,16.31,0.52,378458880,378459000.0,10323979106.29,11471090000.0
2005-06-11,PAYX,16.18,16.32,16.39,16.12,16.38,1126065,33951970.0501,16.2,0.3,378458880,378459000.0,10259261956.59,11399180000.0
2005-06-10,PAYX,16.38,16.09,16.42,16.04,16.15,1907367,57853298.3458,16.3,0.5,378458880,378459000.0,10381882633.71,11535420000.0
2005-06-09,PAYX,16.15,16.23,16.36,16.01,16.23,2449466,73622122.534,16.15,0.65,378458880,378459000.0,10235416322.24,11372680000.0
2005-06-08,PAYX,16.23,16.19,16.34,16.13,16.15,2877572,87061789.7437,16.26,0.76,378458880,378459000.0,10286511336.56,11429450000.0
2005-06-07,PAYX,16.15,16.01,16.25,15.98,16.01,2094988,62999406.5021,16.16,0.55,378458880,378459000.0,10235416322.24,11372680000.0
2005-06-04,PAYX,16.01,15.98,16.04,15.81,15.91,2461624,73038597.08,15.94,0.65,378458880,378459000.0,10150263074.24,11278070000.0
2005-06-03,PAYX,15.91,15.58,15.95,15.5,15.37,2883468,84690874.953,15.78,0.76,378458880,378459000.0,10085545924.54,11206160000.0
2005-06-02,PAYX,15.37,15.51,15.74,15.37,15.52,2560613,74367102.372,15.6,0.68,378458880,378459000.0,9741528505.68,10823920000.0
2005-06-01,PAYX,15.52,15.85,15.88,15.47,15.89,3619031,104864651.4007,15.57,0.96,378458880,378459000.0,9836899802.83,10929890000.0
2005-05-28,PAYX,15.89,15.74,15.98,15.7,15.74,1737355,51292958.4418,15.86,0.46,378458880,378459000.0,10075327875.39,11194800000.0
2005-05-27,PAYX,15.74,15.75,15.87,15.69,15.71,2541978,74641088.8434,15.78,0.67,378458880,378459000.0,9976552492.0,11085050000.0
2005-05-26,PAYX,15.71,15.88,15.89,15.64,15.88,1612913,47270760.6526,15.75,0.43,378458880,378459000.0,9959520820.56,11066130000.0
2005-05-25,PAYX,15.88,15.92,15.97,15.77,15.88,2387106,70474738.1162,15.86,0.63,378458880,378459000.0,10065109826.24,11183450000.0
2005-05-24,PAYX,15.88,15.85,15.98,15.66,15.87,3163320,93469744.5635,15.88,0.84,378458880,378459000.0,10065109826.24,11183450000.0
2005-05-21,PAYX,15.87,16.08,16.08,15.66,15.96,3024807,89145868.7083,15.83,0.8,378458880,378459000.0,10058301313.15,11175890000.0
2005-05-20,PAYX,15.96,16.08,16.15,15.95,15.96,2174898,64848274.6719,16.02,0.57,378458880,378459000.0,10116204840.56,11240220000.0
2005-05-19,PAYX,15.96,16.17,16.17,15.91,16.13,3666666,109269569.1328,16.01,0.97,378458880,378459000.0,10119609267.42,11244010000.0
2005-05-18,PAYX,16.13,16.13,16.18,15.97,16.13,1948088,58299839.3053,16.08,0.51,378458880,378459000.0,10228607809.15,11365120000.0
2005-05-17,PAYX,16.13,16.16,16.18,16.03,16.12,1166011,35001538.5741,16.13,0.31,378458880,378459000.0,10228607809.15,11365120000.0
2005-05-14,PAYX,16.12,16.25,16.28,16.05,16.21,1883502,56547423.727,16.13,0.5,378458880,378459000.0,10221794186.86,11357550000.0
2005-05-13,PAYX,16.21,16.43,16.49,16.1,16.39,1061948,32096316.352,16.24,0.28,378458880,378459000.0,10276293628.03,11418100000.0
2005-05-12,PAYX,16.39,16.35,16.42,16.06,16.27,1580910,47809549.8098,16.25,0.42,378458880,378459000.0,10388696256.0,11542990000.0
2005-05-11,PAYX,16.27,16.44,16.44,16.23,16.59,1435718,43594840.5467,16.31,0.38,378458880,378459000.0,10313761057.15,11459730000.0
2005-05-10,PAYX,16.59,16.63,16.71,16.42,16.57,1514614,46650856.3901,16.55,0.4,378458880,378459000.0,10518125786.83,11686800000.0
2005-05-07,PAYX,16.57,16.44,16.94,16.42,16.28,2379532,73416638.3316,16.58,0.63,378458880,378459000.0,10507907737.68,11675450000.0
2005-05-06,PAYX,16.28,16.38,16.49,16.21,16.48,1449572,44098588.02,16.34,0.38,378458880,378459000.0,10320569570.24,11467300000.0
2005-05-05,PAYX,16.48,16.35,16.5,16.19,16.18,1513421,46122553.7758,16.37,0.4,378458880,378459000.0,10446600124.03,11607330000.0
2005-05-04,PAYX,16.18,16.38,16.44,16.14,16.38,2251508,68119147.1377,16.26,0.59,378458880,378459000.0,10259261956.59,11399180000.0
2005-05-03,PAYX,16.38,16.39,16.57,16.34,16.44,1173537,35896147.4089,16.43,0.31,378458880,378459000.0,10381882633.71,11535420000.0
2005-04-30,PAYX,16.44,16.34,16.52,16.3,16.34,1771837,54094181.8382,16.4,0.47,378458880,378459000.0,10422754489.68,11580830000.0
2005-04-29,PAYX,16.34,16.48,16.66,16.28,16.57,1640847,50327053.3448,16.48,0.43,378458880,378459000.0,10361446876.03,11512710000.0
2005-04-28,PAYX,16.57,16.32,16.57,16.18,16.31,1790290,54910514.5158,16.41,0.47,378458880,378459000.0,10548779593.66,11720860000.0
2005-04-27,PAYX,16.31,16.43,16.57,16.28,16.55,1457134,44596737.2059,16.37,0.39,378458880,378459000.0,10381882633.71,11535420000.0
2005-04-26,PAYX,16.55,16.58,16.67,16.37,16.45,1663930,51383639.2977,16.52,0.44,378458880,378459000.0,10538561885.12,11709510000.0
2005-04-23,PAYX,16.45,16.88,16.9,16.38,16.81,1449212,44974840.8604,16.6,0.38,378458880,378459000.0,10473849504.0,11637610000.0
2005-04-22,PAYX,16.81,16.57,16.87,16.55,16.37,1689369,52909839.3174,16.76,0.45,378458880,378459000.0,10698650331.98,11887390000.0
2005-04-21,PAYX,16.37,16.71,16.82,16.33,16.73,2557962,79097528.6226,16.54,0.68,378458880,378459000.0,10422754489.68,11580830000.0
2005-04-20,PAYX,16.73,16.8,16.85,16.31,16.82,2779643,86229245.6938,16.6,0.73,378458880,378459000.0,10650964853.71,11834400000.0
2005-04-19,PAYX,16.82,17.05,17.21,16.69,17.07,2078663,65609642.6329,16.89,0.55,378458880,378459000.0,10708868381.12,11898740000.0
2005-04-16,PAYX,17.07,17.07,17.51,17.01,17.15,2884944,93329628.9772,17.31,0.76,378458880,378459000.0,10868956827.98,12076620000.0
2005-04-15,PAYX,17.15,17.19,17.64,17.11,17.21,2037746,66131567.9976,17.36,0.54,378458880,378459000.0,10920051842.29,12133390000.0
2005-04-14,PAYX,17.21,17.39,17.59,17.12,17.32,1477788,47783225.7505,17.3,0.39,378458880,378459000.0,10954110075.98,12171230000.0
2005-04-13,PAYX,17.32,17.24,17.36,17.01,17.18,1523068,48973925.6034,17.2,0.4,378458880,378459000.0,11025641188.59,12250710000.0
2005-04-12,PAYX,17.18,17.15,17.28,17.13,17.13,838306,26924376.7856,17.18,0.22,378458880,378459000.0,10940487940.59,12156090000.0
2005-04-09,PAYX,17.13,17.41,17.44,17.13,17.39,906882,29242488.9887,17.25,0.24,378458880,378459000.0,10903020170.86,12114460000.0
2005-04-08,PAYX,17.39,17.27,17.39,17.18,17.15,1002295,32397271.4916,17.29,0.26,378458880,378459000.0,11069922240.0,12299910000.0
2005-04-07,PAYX,17.15,17.36,17.46,17.09,17.27,1230199,39580417.7052,17.21,0.33,378458880,378459000.0,10920051842.29,12133390000.0
2005-04-06,PAYX,17.27,17.38,17.38,17.18,17.28,1185658,38292958.1087,17.28,0.31,378458880,378459000.0,10994987041.15,12216650000.0
2005-04-05,PAYX,17.28,17.25,17.43,17.22,17.24,1508773,48876686.2473,17.33,0.4,378458880,378459000.0,11001795554.24,12224210000.0
2005-04-02,PAYX,17.24,17.66,17.69,17.24,17.56,1724598,56039068.4414,17.38,0.46,378458880,378459000.0,10977955369.71,12197730000.0
2005-04-01,PAYX,17.56,17.73,17.74,17.45,17.66,1609127,52835844.3486,17.57,0.43,378458880,378459000.0,11178916013.15,12421010000.0
2005-03-31,PAYX,17.66,17.58,17.75,17.47,17.46,2180586,71885174.0896,17.64,0.58,378458880,378459000.0,11240228736.0,12489140000.0
2005-03-30,PAYX,17.46,17.55,17.69,17.37,17.54,2337350,76545858.7886,17.52,0.62,378458880,378459000.0,11117608058.88,12352890000.0
2005-03-29,PAYX,17.54,17.74,17.81,17.48,17.79,3156254,103919625.075,17.62,0.83,378458880,378459000.0,11168697964.0,12409660000.0
2005-03-25,PAYX,17.79,18.17,18.23,17.76,18.22,3486924,117157159.476,17.98,0.92,378458880,378459000.0,11325381984.0,12583750000.0
2005-03-24,PAYX,18.22,17.66,18.56,17.66,17.66,5344551,181140125.2883,18.13,1.41,378458880,378459000.0,11597868290.24,12886520000.0
2005-03-23,PAYX,17.66,17.06,17.78,16.91,16.64,6553727,214585360.4214,17.52,1.73,378458880,378459000.0,11243633162.86,12492920000.0
2005-03-22,PAYX,16.64,16.69,16.85,16.63,16.67,2011982,62878859.8364,16.72,0.53,378458880,378459000.0,10593060985.68,11770060000.0
2005-03-19,PAYX,16.67,16.88,16.92,16.61,16.87,3916216,122349601.7829,16.72,1.03,378458880,378459000.0,10613497083.98,11792770000.0
2005-03-18,PAYX,16.87,16.85,17.03,16.79,16.9,1533374,48471942.4595,16.91,0.41,378458880,378459000.0,10742931724.0,11936590000.0
2005-03-17,PAYX,16.9,17.02,17.07,16.81,17.05,1995889,63083444.8974,16.91,0.53,378458880,378459000.0,10759963395.44,11955510000.0
2005-03-16,PAYX,17.05,17.46,17.48,17.03,17.39,1502683,48118163.6845,17.13,0.4,378458880,378459000.0,10855334692.59,12061480000.0
2005-03-15,PAYX,17.39,17.15,17.41,17.06,17.1,1747043,56361518.445,17.26,0.46,378458880,378459000.0,11073326666.86,12303700000.0
2005-03-12,PAYX,17.1,17.31,17.4,17.05,17.32,1087132,34906499.6131,17.18,0.29,378458880,378459000.0,10885988499.42,12095540000.0
2005-03-11,PAYX,17.32,17.23,17.32,17.04,17.23,1178189,37901745.1446,17.21,0.31,378458880,378459000.0,11025641188.59,12250710000.0
2005-03-10,PAYX,17.23,17.34,17.47,17.21,17.39,1220044,39521003.6363,17.33,0.32,378458880,378459000.0,10971141747.42,12190160000.0
2005-03-09,PAYX,17.39,17.48,17.57,17.38,17.53,1176400,38381684.0196,17.46,0.31,378458880,378459000.0,11069922240.0,12299910000.0
2005-03-08,PAYX,17.53,17.38,17.73,17.33,17.31,2236488,73507753.6846,17.58,0.59,378458880,378459000.0,11161884341.71,12402090000.0
2005-03-05,PAYX,17.31,17.43,17.55,17.28,17.19,2087700,67823109.9,17.38,0.55,378458880,378459000.0,11022231652.54,12246920000.0
2005-03-04,PAYX,17.19,17.25,17.33,17.11,17.18,1918856,61678736.3229,17.2,0.51,378458880,378459000.0,10943892026.83,12159880000.0
2005-03-03,PAYX,17.18,17.12,17.33,16.99,17.12,1378787,44279037.1873,17.18,0.36,378458880,378459000.0,10940487940.59,12156090000.0
2005-03-02,PAYX,17.12,17.07,17.17,17.01,17.08,2012250,64262797.452,17.09,0.53,378458880,378459000.0,10896206548.56,12106890000.0
2005-03-01,PAYX,17.08,16.95,17.1,16.83,16.87,2152299,68415528.6406,17.01,0.57,378458880,378459000.0,10875770450.27,12084190000.0
2005-02-26,PAYX,16.87,16.73,16.93,16.61,16.71,1319143,41469370.8338,16.82,0.35,378336960,378337000.0,10736067573.42,11928960000.0
2005-02-25,PAYX,16.71,16.45,16.82,16.4,16.41,1476089,45878607.0942,16.63,0.39,378336960,378337000.0,10637318902.83,11819240000.0
2005-02-24,PAYX,16.41,16.52,16.59,16.36,16.46,1553323,47755036.1142,16.45,0.41,378336960,378337000.0,10443234766.38,11603590000.0
2005-02-23,PAYX,16.46,16.5,16.7,16.46,16.56,1758480,54534131.2308,16.59,0.46,378336960,378337000.0,10473878698.12,11637640000.0
2005-02-19,PAYX,16.56,16.6,16.69,16.47,16.56,1131103,35129450.8565,16.62,0.3,378336960,378337000.0,10541978329.41,11713300000.0
2005-02-18,PAYX,16.56,16.74,16.8,16.53,16.74,1754944,54605761.7233,16.65,0.46,378336960,378337000.0,10541978329.41,11713300000.0
2005-02-17,PAYX,16.74,16.82,16.87,16.64,16.75,1760389,55123389.9497,16.75,0.47,378336960,378337000.0,10650941757.42,11834380000.0
2005-02-16,PAYX,16.75,16.72,17.0,16.6,16.66,2490319,78259992.8951,16.81,0.66,378336960,378337000.0,10661156514.83,11845730000.0
2005-02-15,PAYX,16.66,16.88,16.89,16.59,16.77,923516,28778777.366,16.67,0.24,378336960,378337000.0,10603271640.96,11781410000.0
2005-02-12,PAYX,16.77,16.61,16.89,16.47,16.56,1474490,46140765.8505,16.74,0.39,378336960,378337000.0,10671371272.25,11857070000.0
2005-02-11,PAYX,16.56,16.62,16.64,16.43,16.46,1329362,41012003.4909,16.51,0.35,378336960,378337000.0,10538574999.29,11709520000.0
2005-02-10,PAYX,16.46,16.79,16.79,16.41,16.74,1635017,50459221.027,16.51,0.43,378336960,378337000.0,10473878698.12,11637640000.0
2005-02-09,PAYX,16.74,16.61,16.75,16.51,16.48,2317623,72253957.3918,16.68,0.61,378336960,378337000.0,10654345087.54,11838160000.0
2005-02-08,PAYX,16.48,16.33,16.63,16.25,16.02,3611282,110902827.7369,16.43,0.95,378336960,378337000.0,10490904882.83,11656560000.0
2005-02-05,PAYX,16.02,16.21,16.27,15.99,16.19,2323076,69731521.3998,16.06,0.61,378336960,378337000.0,10194663638.12,11327400000.0
2005-02-04,PAYX,16.19,16.09,16.32,15.91,16.07,2964143,89229587.8366,16.11,0.78,378336960,378337000.0,10303627066.12,11448470000.0
2005-02-03,PAYX,16.07,16.15,16.2,15.98,16.17,1641386,49257334.0228,16.06,0.43,378336960,378337000.0,10225312677.42,11361450000.0
2005-02-02,PAYX,16.17,16.37,16.38,16.13,16.31,2147183,65001660.2231,16.2,0.57,378336960,378337000.0,10290003871.03,11433340000.0
2005-02-01,PAYX,16.31,16.27,16.37,16.18,16.12,1778564,54156726.0023,16.29,0.47,378336960,378337000.0,10381941454.83,11535480000.0
2005-01-29,PAYX,16.12,16.29,16.32,15.88,16.24,1865563,55992994.8231,16.06,0.49,378336960,378337000.0,10259359939.29,11399290000.0
2005-01-28,PAYX,16.24,16.25,16.29,16.02,16.22,1747640,53096966.2534,16.19,0.46,378336960,378337000.0,10381941454.83,11535480000.0
2005-01-27,PAYX,16.22,16.4,16.5,16.17,16.4,2181652,66502403.4387,16.24,0.58,378336960,378337000.0,10368323367.29,11520360000.0
2005-01-26,PAYX,16.4,16.46,16.56,16.36,16.38,1640049,50648801.7622,16.45,0.43,378336960,378337000.0,10480690125.42,11645210000.0
2005-01-25,PAYX,16.38,16.4,16.54,16.28,16.25,2711452,83594320.0365,16.42,0.72,378336960,378337000.0,10470475368.0,11633860000.0
2005-01-22,PAYX,16.25,16.56,16.72,16.18,16.51,2873098,88336805.5042,16.38,0.76,378336960,378337000.0,10388752882.12,11543050000.0
2005-01-21,PAYX,16.51,16.81,16.88,16.46,16.67,2114030,65960892.2468,16.62,0.56,378336960,378337000.0,10552193086.83,11724660000.0
2005-01-20,PAYX,16.67,16.83,16.9,16.61,16.77,2211002,69461278.8214,16.74,0.58,378336960,378337000.0,10657748077.16,11841940000.0
2005-01-19,PAYX,16.77,16.5,16.83,16.44,16.59,2679841,83931004.1759,16.69,0.71,378336960,378337000.0,10715632951.03,11906260000.0
2005-01-15,PAYX,16.59,16.49,16.61,16.43,16.46,1953810,60595240.6057,16.52,0.52,378336960,378337000.0,10603271640.96,11781410000.0
2005-01-14,PAYX,16.46,16.73,16.75,16.4,16.82,1849203,57501337.1256,16.57,0.49,378336960,378337000.0,10518145824.96,11686820000.0
2005-01-13,PAYX,16.82,17.05,17.07,16.63,16.98,1788799,56285619.504,16.76,0.47,378336960,378337000.0,10753088650.58,11947880000.0
2005-01-12,PAYX,16.98,16.97,17.02,16.78,16.97,1667642,52919948.9752,16.91,0.44,378336960,378337000.0,10855240651.29,12061380000.0
2005-01-11,PAYX,16.97,17.1,17.17,16.93,17.11,1945332,62289896.3624,17.06,0.51,378336960,378337000.0,10848429223.99,12053810000.0
2005-01-08,PAYX,17.11,17.31,17.34,17.03,17.16,1736137,55852558.5554,17.14,0.46,378336960,378337000.0,10933555039.99,12148390000.0
2005-01-07,PAYX,17.16,17.42,17.42,17.14,17.31,1805591,58575526.1101,17.28,0.48,378336960,378337000.0,10971010399.03,12190010000.0
2005-01-06,PAYX,17.31,17.54,17.58,17.31,17.44,1232560,40343658.4309,17.44,0.33,378336960,378337000.0,11066356080.0,12295950000.0
2005-01-05,PAYX,17.44,17.95,18.0,17.42,17.79,1641506,54316927.9562,17.63,0.43,378336960,378337000.0,11144670468.71,12382960000.0
2005-01-04,PAYX,17.79,18.16,18.2,17.66,18.16,2408176,80462424.4327,17.8,0.64,378336960,378337000.0,11372806974.58,12636450000.0
2005-01-01,PAYX,18.16,17.94,18.28,17.89,17.96,1463060,49815569.0034,18.14,0.39,378336960,378337000.0,11604346810.58,12893710000.0
2004-12-31,PAYX,17.96,18.1,18.14,17.9,18.1,1024709,34570091.0797,17.97,0.27,378336960,378337000.0,11481765295.03,12757520000.0
2004-12-30,PAYX,18.1,18.17,18.23,18.01,18.19,948978,32253856.6722,18.11,0.25,378336960,378337000.0,11570299548.71,12855890000.0
2004-12-29,PAYX,18.19,18.08,18.29,18.0,18.03,1539068,52438032.1577,18.15,0.41,378336960,378337000.0,11628184422.58,12920200000.0
2004-12-28,PAYX,18.03,18.25,18.31,17.86,18.26,1684980,56965957.1732,18.01,0.45,378336960,378337000.0,11522629432.25,12802920000.0
2004-12-24,PAYX,18.26,18.36,18.42,18.23,18.33,1178924,40509358.8834,18.31,0.31,378336960,378337000.0,11669043452.25,12965600000.0
2004-12-23,PAYX,18.33,18.25,18.39,18.02,18.01,2658273,90952273.7239,18.23,0.7,378336960,378337000.0,11713310238.58,13014790000.0
2004-12-22,PAYX,18.01,17.83,18.02,17.72,17.79,1494549,50222056.3978,17.9,0.4,378336960,378337000.0,11509006237.16,12787780000.0
2004-12-21,PAYX,17.79,17.66,17.84,17.52,17.64,1572495,52365648.1325,17.74,0.42,378336960,378337000.0,11369403984.96,12632670000.0
2004-12-18,PAYX,17.64,17.71,18.1,17.59,17.64,2097981,69819332.7994,17.73,0.55,378336960,378337000.0,11277466741.67,12530520000.0
2004-12-17,PAYX,17.64,17.69,17.7,17.53,17.7,1117759,36961040.8046,17.62,0.3,378336960,378337000.0,11277466741.67,12530520000.0
2004-12-16,PAYX,17.7,17.75,17.83,17.58,17.72,1459380,48457246.2231,17.69,0.39,378336960,378337000.0,11311513663.03,12568350000.0
2004-12-15,PAYX,17.72,17.32,17.84,17.32,17.36,2202638,73221616.6215,17.71,0.58,378336960,378337000.0,11328540188.25,12587260000.0
2004-12-14,PAYX,17.36,17.53,17.56,17.16,17.51,1798569,58417321.4788,17.3,0.48,378336960,378337000.0,11097000352.25,12330000000.0
2004-12-11,PAYX,17.51,17.62,17.68,17.44,17.78,1334439,43894484.0083,17.52,0.35,378336960,378337000.0,11192340925.67,12435930000.0
2004-12-10,PAYX,17.78,17.55,17.8,17.34,17.59,1474649,48681981.3563,17.59,0.39,378336960,378337000.0,11362592557.67,12625100000.0
2004-12-09,PAYX,17.59,17.54,17.68,17.46,17.47,1033706,34142267.2044,17.6,0.27,378336960,378337000.0,11240011042.12,12488900000.0
2004-12-08,PAYX,17.47,17.66,17.78,17.4,17.63,1472954,48664480.9009,17.6,0.39,378336960,378337000.0,11165099983.54,12405660000.0
2004-12-07,PAYX,17.63,17.74,17.77,17.62,17.75,1135241,37658540.2662,17.67,0.3,378336960,378337000.0,11267251984.25,12519170000.0
2004-12-04,PAYX,17.75,17.93,17.93,17.71,18.0,1554837,51915058.9794,17.79,0.41,378336960,378337000.0,11342163042.83,12602400000.0
2004-12-03,PAYX,18.0,17.99,18.07,17.81,18.06,975225,32882430.7775,17.96,0.26,378336960,378337000.0,11502199917.42,12780220000.0
2004-12-02,PAYX,18.06,17.74,18.09,17.69,17.67,1896946,63848546.6356,17.93,0.5,378336960,378337000.0,11543058606.58,12825620000.0
2004-12-01,PAYX,17.67,17.71,17.81,17.67,17.81,1310398,43581071.2298,17.72,0.35,378336960,378337000.0,11291084488.7,12545650000.0
2004-11-30,PAYX,17.81,17.8,17.92,17.66,17.83,1363757,45518116.0252,17.78,0.36,378196000,378196000.0,11382182731.48,12646870000.0
2004-11-27,PAYX,17.83,17.78,17.93,17.72,17.81,751578,25175753.3206,17.85,0.2,378196000,378196000.0,11388991620.99,12654430000.0
2004-11-25,PAYX,17.81,17.63,17.85,17.6,17.68,1030124,34355962.1997,17.77,0.27,378196000,378196000.0,11378780669.37,12643090000.0
2004-11-24,PAYX,17.68,18.0,18.0,17.48,17.86,2355063,78060442.4753,17.66,0.62,378196000,378196000.0,11293686569.37,12548540000.0
2004-11-23,PAYX,17.86,17.65,17.95,17.57,17.57,1507790,50433155.497,17.82,0.4,378196000,378196000.0,11412820351.62,12680910000.0
2004-11-20,PAYX,17.57,17.69,17.85,17.47,17.72,1555690,51330436.4773,17.58,0.41,378196000,378196000.0,11225612310.49,12472900000.0
2004-11-19,PAYX,17.72,17.71,17.77,17.61,17.76,1179668,39154462.0394,17.68,0.31,378196000,378196000.0,11320917362.12,12578790000.0
2004-11-18,PAYX,17.76,17.63,17.87,17.62,17.65,1170660,39002864.0014,17.75,0.31,378196000,378196000.0,11348148154.87,12609050000.0
2004-11-17,PAYX,17.65,17.77,17.81,17.62,17.8,1226087,40721277.1658,17.69,0.32,378196000,378196000.0,11280073896.0,12533410000.0
2004-11-16,PAYX,17.8,17.91,18.01,17.63,17.98,1825379,60752623.4777,17.73,0.48,378196000,378196000.0,11375378947.62,12639310000.0
2004-11-13,PAYX,17.98,17.92,17.98,17.77,17.94,1061900,35567055.601,17.84,0.28,378196000,378196000.0,11487703500.0,12764110000.0
2004-11-12,PAYX,17.94,17.87,17.98,17.77,17.76,1101632,36964816.7007,17.88,0.29,378196000,378196000.0,11463874769.37,12737640000.0
2004-11-11,PAYX,17.76,17.92,17.94,17.69,17.77,1274347,42548909.4675,17.79,0.34,378196000,378196000.0,11344740987.11,12605270000.0
2004-11-10,PAYX,17.77,17.95,17.95,17.75,17.86,1076485,36031022.9761,17.83,0.28,378196000,378196000.0,11354951938.73,12616610000.0
2004-11-09,PAYX,17.86,18.01,18.01,17.7,17.96,1563553,52318975.6835,17.83,0.41,378196000,378196000.0,11412820351.62,12680910000.0
2004-11-06,PAYX,17.96,18.24,18.35,17.73,17.75,2440779,82209329.7625,17.94,0.65,378196000,378196000.0,11477487442.73,12752760000.0
2004-11-05,PAYX,17.75,17.54,17.85,17.45,17.46,1995603,66345396.2658,17.71,0.53,378196000,378196000.0,11337937203.25,12597700000.0
2004-11-04,PAYX,17.46,17.47,17.58,17.26,17.49,2814237,91782104.3283,17.37,0.74,378196000,378196000.0,11154131224.24,12393480000.0
2004-11-03,PAYX,17.49,17.19,17.66,17.19,17.29,1844180,60541085.9017,17.49,0.49,378196000,378196000.0,11174552787.11,12416170000.0
2004-11-02,PAYX,17.29,17.01,17.4,16.94,17.47,3387421,109703627.6634,17.25,0.9,378196000,378196000.0,11045213158.87,12272460000.0
2004-10-30,PAYX,17.47,17.4,17.7,17.32,17.58,1985491,65107025.6064,17.47,0.52,378196000,378196000.0,11162300938.59,12402550000.0
2004-10-29,PAYX,17.58,17.59,17.68,17.18,17.33,2599108,85222911.1515,17.47,0.69,378196000,378196000.0,11232421200.0,12480460000.0
2004-10-28,PAYX,17.33,17.12,17.38,16.9,17.09,2379298,77168930.7521,17.21,0.63,378196000,378196000.0,11118050304.71,12353390000.0
2004-10-27,PAYX,17.09,16.86,17.1,16.74,16.87,2235269,71296133.3182,16.92,0.59,378196000,378196000.0,10960119058.87,12177910000.0
2004-10-26,PAYX,16.87,16.3,16.96,16.27,16.28,3138642,99335175.6903,16.79,0.83,378196000,378196000.0,10820563713.74,12022850000.0
2004-10-23,PAYX,16.28,16.58,16.62,16.26,16.51,1332656,41179062.4041,16.4,0.35,378196000,378196000.0,10442745569.37,11603050000.0
2004-10-22,PAYX,16.51,16.52,16.52,16.25,16.42,1824443,56342789.8968,16.39,0.48,378196000,378196000.0,10589105038.73,11765670000.0
2004-10-21,PAYX,16.42,16.45,16.58,16.28,16.47,1642012,50767876.4391,16.41,0.43,378196000,378196000.0,10534648558.87,11705160000.0
2004-10-20,PAYX,16.47,16.33,16.77,16.3,16.33,2529896,78962086.8142,16.56,0.67,378196000,378196000.0,10565281413.74,11739200000.0
2004-10-19,PAYX,16.33,16.34,16.41,16.05,16.21,1826518,55923959.1674,16.25,0.48,378196000,378196000.0,10476785251.62,11640870000.0
2004-10-16,PAYX,16.21,16.06,16.48,15.97,15.95,1596075,48900523.505,16.26,0.42,378196000,378196000.0,10395093213.74,11550100000.0
2004-10-15,PAYX,15.95,16.09,16.27,15.92,16.11,977872,29593236.6816,16.06,0.26,378196000,378196000.0,10228306735.48,11364780000.0
2004-10-14,PAYX,16.11,16.27,16.35,16.05,16.24,1499826,45711533.347,16.17,0.4,378196000,378196000.0,10333822738.73,11482020000.0
2004-10-13,PAYX,16.24,16.31,16.34,16.08,16.24,1524082,46535245.3102,16.2,0.4,378196000,378196000.0,10418916838.73,11576570000.0
2004-10-12,PAYX,16.24,16.04,16.31,15.97,15.97,1218354,37286622.778,16.24,0.32,378196000,378196000.0,10418916838.73,11576570000.0
2004-10-09,PAYX,15.97,16.37,16.44,15.95,16.53,2018118,61289218.4561,16.11,0.53,378196000,378196000.0,10245326576.61,11383700000.0
2004-10-08,PAYX,16.53,16.62,16.79,16.48,16.83,1784862,55997185.9011,16.65,0.47,378196000,378196000.0,10606124879.86,11784580000.0
2004-10-07,PAYX,16.83,16.53,16.83,16.42,16.5,2119482,66606830.7346,16.68,0.56,378196000,378196000.0,10796734642.73,11996370000.0
2004-10-06,PAYX,16.5,16.32,16.56,16.32,16.29,1959659,60782741.2433,16.46,0.52,378196000,378196000.0,10585702976.61,11761890000.0
2004-10-05,PAYX,16.29,16.24,16.52,15.93,16.28,2831995,87239025.416,16.35,0.75,378196000,378196000.0,10449554458.87,11610610000.0
2004-10-02,PAYX,16.28,15.96,16.38,15.87,16.0,2596334,79056025.8104,16.16,0.69,378196000,378196000.0,10442745569.37,11603050000.0
2004-10-01,PAYX,16.0,15.76,16.16,15.66,15.81,3067280,91679735.4806,15.86,0.81,378196000,378196000.0,10262346417.74,11402610000.0
2004-09-30,PAYX,15.81,15.68,15.91,15.65,15.75,1415367,42152457.1633,15.8,0.37,378196000,378196000.0,10143212635.48,11270230000.0
2004-09-29,PAYX,15.75,15.86,15.89,15.58,15.79,2225467,65980839.2316,15.73,0.59,378196000,378196000.0,10102369169.37,11224850000.0
2004-09-28,PAYX,15.79,15.97,15.97,15.7,15.96,2139847,63656793.3913,15.79,0.57,378196000,378196000.0,10129599962.12,11255110000.0
2004-09-25,PAYX,15.96,15.99,16.24,15.9,15.98,1862995,56309946.0575,16.04,0.49,378196000,378196000.0,10235115965.37,11372350000.0
2004-09-24,PAYX,15.98,16.21,16.31,15.97,16.25,2445430,74533524.8956,16.17,0.65,378196000,378196000.0,10252135806.49,11391260000.0
2004-09-23,PAYX,16.25,16.69,16.81,16.15,16.83,3655216,112385789.5798,16.31,0.97,378196000,378196000.0,10425725728.24,11584140000.0
2004-09-22,PAYX,16.83,16.5,16.89,16.5,16.57,2364745,74601759.7811,16.74,0.63,378196000,378196000.0,10796734642.73,11996370000.0
2004-09-21,PAYX,16.57,16.63,16.69,16.52,16.67,1262022,39444869.9065,16.58,0.33,378196000,378196000.0,10626546442.73,11807270000.0
2004-09-18,PAYX,16.67,16.53,16.85,16.53,16.43,1903726,59914820.4512,16.7,0.5,378196000,378196000.0,10691218979.86,11879130000.0
2004-09-17,PAYX,16.43,16.49,16.61,16.39,16.41,1052943,32692293.3649,16.47,0.28,378196000,378196000.0,10538050620.99,11708940000.0
2004-09-16,PAYX,16.41,16.67,16.75,16.33,16.74,2101796,65176876.8163,16.45,0.56,378196000,378196000.0,10527839669.37,11697590000.0
2004-09-15,PAYX,16.74,16.89,16.92,16.68,16.92,2302131,72730985.2614,16.76,0.61,378196000,378196000.0,10738871335.48,11932070000.0
2004-09-14,PAYX,16.92,16.74,17.14,16.58,16.69,1929492,61545189.6257,16.93,0.51,378196000,378196000.0,10854603396.0,12060670000.0
2004-09-11,PAYX,16.69,16.65,16.8,16.48,16.61,1271150,39824861.2873,16.62,0.34,378196000,378196000.0,10704836758.87,11894260000.0
2004-09-10,PAYX,16.61,16.7,16.77,16.45,16.58,1076337,33676098.3915,16.6,0.28,378196000,378196000.0,10657184403.25,11841310000.0
2004-09-09,PAYX,16.58,16.58,16.75,16.41,16.52,1851242,57939220.5776,16.61,0.49,378196000,378196000.0,10633355672.61,11814840000.0
2004-09-08,PAYX,16.52,16.56,16.7,16.43,16.4,1718161,53674311.8708,16.58,0.45,378196000,378196000.0,10599321096.0,11777020000.0
2004-09-04,PAYX,16.4,16.28,16.67,16.18,16.19,1975329,61238154.0922,16.45,0.52,378196000,378196000.0,10517628717.74,11686250000.0
2004-09-03,PAYX,16.19,15.82,16.26,15.71,15.78,1526784,46195117.1942,16.05,0.4,378196000,378196000.0,10388284324.24,11542540000.0
2004-09-02,PAYX,15.78,15.66,15.88,15.52,15.74,1607777,47681176.8693,15.74,0.43,378196000,378196000.0,10119389010.49,11243760000.0
2004-09-01,PAYX,15.74,15.87,15.89,15.52,15.79,1708861,50437032.415,15.66,0.45,378196000,378196000.0,10098967447.62,11221070000.0
2004-08-31,PAYX,15.79,15.87,15.97,15.74,15.92,1005726,30048074.6963,15.85,0.27,378092960,378093000.0,10126840139.22,11252040000.0
2004-08-28,PAYX,15.92,15.95,16.06,15.91,15.96,1146047,34489359.6051,15.97,0.3,378092960,378093000.0,10208509920.0,11342790000.0
2004-08-27,PAYX,15.96,15.9,16.04,15.85,15.96,1057662,31845461.3989,15.98,0.28,378092960,378093000.0,10232327394.49,11369250000.0
2004-08-26,PAYX,15.96,15.86,15.97,15.73,15.81,2583696,77106273.2064,15.84,0.68,378092960,378093000.0,10232327394.49,11369250000.0
2004-08-25,PAYX,15.81,15.95,16.0,15.73,15.95,1763339,52517158.6625,15.8,0.47,378092960,378093000.0,10140449103.8,11267160000.0
2004-08-24,PAYX,15.95,15.94,15.98,15.79,15.9,1457227,43593069.5693,15.87,0.39,378092960,378093000.0,10225520019.8,11361680000.0
2004-08-21,PAYX,15.9,15.9,16.0,15.83,15.93,2198823,65858266.9668,15.89,0.58,378092960,378093000.0,10194895851.17,11327660000.0
2004-08-20,PAYX,15.93,16.0,16.08,15.77,16.06,1702373,51139092.5519,15.94,0.45,378092960,378093000.0,10215312190.44,11350340000.0
2004-08-19,PAYX,16.06,16.02,16.09,15.81,16.0,1648036,49692726.857,16.0,0.44,378092960,378093000.0,10300383106.44,11444870000.0
2004-08-18,PAYX,16.0,15.83,16.02,15.76,15.9,1669156,50114057.0592,15.93,0.44,378092960,378093000.0,10259550427.9,11399500000.0
2004-08-17,PAYX,15.9,15.9,16.18,15.72,15.82,1714398,51422313.6552,15.92,0.45,378092960,378093000.0,10198296646.11,11331440000.0
2004-08-14,PAYX,15.82,15.92,15.95,15.56,15.88,1657839,49205308.0772,15.75,0.44,378092960,378093000.0,10143855343.27,11270950000.0
2004-08-13,PAYX,15.88,15.84,15.98,15.73,16.01,1678191,50201563.324,15.87,0.44,378092960,378093000.0,10184687681.53,11316320000.0
2004-08-12,PAYX,16.01,15.83,16.08,15.65,15.86,1795750,53859924.3628,15.91,0.47,378092960,378093000.0,10269758597.53,11410840000.0
2004-08-11,PAYX,15.86,15.61,15.95,15.45,15.41,1936545,57401705.4989,15.73,0.51,378092960,378093000.0,10171078716.96,11301200000.0
2004-08-10,PAYX,15.41,15.5,15.66,15.3,15.5,1452602,42272589.1514,15.44,0.38,378092960,378093000.0,9881835560.86,10979820000.0
2004-08-07,PAYX,15.5,15.65,15.78,15.42,16.06,4291664,126489491.9879,15.64,1.14,378092960,378093000.0,9943083898.11,11047870000.0
2004-08-06,PAYX,16.06,16.57,16.57,16.02,16.51,2147717,65581595.2718,16.2,0.57,378092960,378093000.0,10296981971.22,11441090000.0
2004-08-05,PAYX,16.51,16.43,16.55,16.33,16.45,2054033,63826187.5046,16.49,0.54,378092960,378093000.0,10586220023.07,11762460000.0
2004-08-04,PAYX,16.45,16.21,16.57,16.21,16.49,2314931,71917012.2553,16.48,0.61,378092960,378093000.0,10548793584.0,11720880000.0
2004-08-03,PAYX,16.49,16.29,16.56,16.18,16.3,2087286,64411132.8677,16.37,0.55,378092960,378093000.0,10572611058.49,11747340000.0
2004-07-31,PAYX,16.3,15.94,16.38,15.83,15.91,2848149,86896706.9973,16.19,0.75,378092960,378093000.0,10450108599.17,11611230000.0
2004-07-30,PAYX,15.91,15.9,15.92,15.63,15.74,2588829,77000835.3615,15.78,0.68,378092960,378093000.0,10201702885.59,11335220000.0
2004-07-29,PAYX,15.74,15.8,15.9,15.5,15.88,2588240,76804450.9383,15.68,0.68,378092960,378093000.0,10137048308.86,11263380000.0
2004-07-28,PAYX,15.88,16.12,16.3,15.8,16.1,3236218,97758365.9119,15.96,0.86,378092960,378093000.0,10225520019.8,11361680000.0
2004-07-27,PAYX,16.1,15.92,16.17,15.85,15.92,2924884,88618685.3102,16.01,0.77,378092960,378093000.0,10368438478.11,11520480000.0
2004-07-24,PAYX,15.92,15.75,16.05,15.74,15.84,2090684,62984983.1633,15.92,0.55,378092960,378093000.0,10252743393.48,11391930000.0
2004-07-23,PAYX,15.84,15.75,15.95,15.36,15.75,3847986,114304023.9395,15.7,1.02,378092960,378093000.0,10198296646.11,11331440000.0
2004-07-22,PAYX,15.75,16.04,16.17,15.75,16.08,2766561,83767286.8063,16.0,0.73,378092960,378093000.0,10143855343.27,11270950000.0
2004-07-21,PAYX,16.08,16.09,16.22,15.95,16.01,3112543,94700652.1462,16.08,0.82,378092960,378093000.0,10354829513.53,11505360000.0
2004-07-20,PAYX,16.01,16.03,16.3,15.99,15.96,2207192,67386648.8697,16.13,0.58,378092960,378093000.0,10307190140.86,11452430000.0
2004-07-17,PAYX,15.96,16.34,16.38,15.93,16.21,3133707,95750395.4491,16.15,0.83,378092960,378093000.0,10276565631.95,11418400000.0
2004-07-16,PAYX,16.21,16.8,16.86,16.2,16.34,4128961,128961486.3684,16.51,1.09,378092960,378093000.0,10436499634.6,11596110000.0
2004-07-15,PAYX,16.34,16.56,16.76,16.26,16.63,1890637,58868002.3423,16.46,0.5,378092960,378093000.0,10518164311.12,11686850000.0
2004-07-14,PAYX,16.63,16.86,16.99,16.63,16.85,2008664,63681478.2576,16.75,0.53,378092960,378093000.0,10705321347.17,11894800000.0
2004-07-13,PAYX,16.85,16.76,16.97,16.54,16.91,2060962,65435733.1085,16.78,0.55,378092960,378093000.0,10848239805.48,12053600000.0
2004-07-10,PAYX,16.91,16.81,16.91,16.61,16.8,2504247,79355047.2302,16.75,0.66,378092960,378093000.0,10889077248.0,12098970000.0
2004-07-09,PAYX,16.8,17.04,17.07,16.78,16.95,2052503,65727482.1368,16.92,0.54,378092960,378093000.0,10817615636.86,12019570000.0
2004-07-08,PAYX,16.95,17.39,17.46,16.89,17.31,3159080,101752978.008,17.02,0.84,378092960,378093000.0,10916295517.43,12129210000.0
2004-07-07,PAYX,17.31,17.63,17.7,17.22,17.62,2158194,71098226.6377,17.41,0.57,378092960,378093000.0,11144289996.0,12382540000.0
2004-07-03,PAYX,17.62,17.67,17.93,17.53,17.66,1685623,56381898.0401,17.68,0.45,378092960,378093000.0,11345056336.91,12605610000.0
2004-07-02,PAYX,17.66,17.89,17.94,17.57,17.9,1995201,66990056.7292,17.74,0.53,378092960,378093000.0,11368873471.12,12632080000.0
2004-07-01,PAYX,17.9,17.94,18.02,17.73,17.86,2329991,78799354.3036,17.87,0.62,378092960,378093000.0,11528807133.48,12809780000.0
2004-06-30,PAYX,17.86,17.39,18.09,17.39,17.45,6093574,205027437.591,17.78,1.61,377664000,377664000.0,11488534801.23,12765040000.0
2004-06-29,PAYX,17.45,17.79,18.01,17.23,17.93,5073059,168971353.9986,17.6,1.34,377664000,377664000.0,11220018076.51,12466680000.0
2004-06-26,PAYX,17.93,18.46,18.51,17.37,19.39,13711000,468045414.39,18.04,3.63,377664000,377664000.0,11529326252.1,12810360000.0
2004-06-25,PAYX,19.39,19.5,19.57,19.29,19.52,2714998,99776963.8494,19.42,0.72,377664000,377664000.0,12470838865.23,13856480000.0
2004-06-24,PAYX,19.52,19.53,19.55,19.4,19.55,2038269,75149724.4946,19.48,0.54,377664000,377664000.0,12555813265.23,13950900000.0
2004-06-23,PAYX,19.55,19.49,19.59,19.29,19.45,2497250,92192446.633,19.51,0.66,377664000,377664000.0,12572809164.92,13969790000.0
2004-06-22,PAYX,19.45,19.88,19.92,19.28,19.93,3184518,117338625.9091,19.47,0.84,377664000,377664000.0,12511629976.2,13901810000.0
2004-06-19,PAYX,19.93,19.63,20.29,19.56,19.75,2247441,85034382.1931,20.0,0.6,377664000,377664000.0,12817535776.82,14241700000.0
2004-06-18,PAYX,19.75,20.16,20.16,19.71,20.12,1699261,63652954.2527,19.8,0.45,377664000,377664000.0,12705368889.02,14117070000.0
2004-06-17,PAYX,20.12,20.02,20.24,20.01,20.07,1101326,41981214.5155,20.15,0.29,377664000,377664000.0,12939899252.72,14377660000.0
2004-06-16,PAYX,20.07,19.96,20.18,19.9,19.82,1501823,56998830.9922,20.06,0.4,377664000,377664000.0,12905907113.43,14339890000.0
2004-06-15,PAYX,19.82,20.1,20.12,19.74,20.21,1411579,53081282.0929,19.87,0.37,377664000,377664000.0,12749557276.51,14166170000.0
2004-06-11,PAYX,20.21,20.31,20.36,20.08,20.23,1199040,45783290.8426,20.18,0.32,377664000,377664000.0,13001083200.0,14445640000.0
2004-06-10,PAYX,20.23,20.38,20.48,20.18,20.53,1307540,50254499.6855,20.31,0.35,377664000,377664000.0,13011279788.1,14456970000.0
2004-06-09,PAYX,20.53,20.44,20.55,20.21,20.37,1822555,70433536.4946,20.42,0.48,377664000,377664000.0,13201621764.31,14668460000.0
2004-06-08,PAYX,20.37,20.13,20.39,19.94,20.04,1037634,39672892.1302,20.21,0.27,377664000,377664000.0,13099651464.61,14555160000.0
2004-06-05,PAYX,20.04,20.3,20.3,19.93,20.17,1614069,61417744.9394,20.11,0.43,377664000,377664000.0,12888916652.1,14321020000.0
2004-06-04,PAYX,20.17,20.16,20.5,20.11,20.3,1518627,58305999.5077,20.29,0.4,377664000,377664000.0,12973891052.1,14415430000.0
2004-06-03,PAYX,20.3,20.08,20.38,20.02,20.16,1578909,60388837.2524,20.21,0.42,377664000,377664000.0,13055463077.13,14506070000.0
2004-06-02,PAYX,20.16,19.74,20.18,19.66,19.82,1841715,69586427.6522,19.97,0.49,377664000,377664000.0,12967091400.61,14407880000.0
2004-05-29,PAYX,19.82,20.01,20.06,19.82,20.04,1027349,38689136.3241,19.9,0.27,377664000,377664000.0,12607895529.0,14166170000.0
2004-05-28,PAYX,20.04,19.91,20.06,19.63,19.76,1651354,62236538.3552,19.92,0.44,377664000,377664000.0,12745706467.08,14321020000.0
2004-05-27,PAYX,19.76,19.56,19.83,19.42,19.62,1309159,48787627.2477,19.69,0.35,377664000,377664000.0,12567562694.4,14120850000.0
2004-05-26,PAYX,19.62,19.06,19.75,19.05,19.13,2704933,99315940.2829,19.4,0.72,377664000,377664000.0,12480167883.59,14022660000.0
2004-05-25,PAYX,19.13,19.29,19.33,19.01,19.23,1253756,45454165.2576,19.16,0.33,377664000,377664000.0,12164213508.95,13667650000.0
2004-05-22,PAYX,19.23,19.17,19.27,19.03,19.11,1797867,65118909.9416,19.14,0.48,377664000,377664000.0,12228077163.59,13739410000.0
2004-05-21,PAYX,19.11,19.33,19.4,18.97,19.38,2216401,80329014.7938,19.15,0.59,377664000,377664000.0,12154130216.27,13656320000.0
2004-05-20,PAYX,19.38,19.56,19.56,19.28,19.45,2018899,74277900.6086,19.44,0.53,377664000,377664000.0,12325555267.08,13848930000.0
2004-05-19,PAYX,19.45,19.5,19.62,19.31,19.25,1866351,68821295.5922,19.49,0.49,377664000,377664000.0,12369247294.55,13898030000.0
2004-05-18,PAYX,19.25,19.82,19.87,19.08,19.78,2598931,94927485.5454,19.3,0.69,377664000,377664000.0,12241525027.08,13754520000.0
2004-05-15,PAYX,19.78,19.92,20.14,19.55,19.91,1329458,49961825.3264,19.86,0.35,377664000,377664000.0,12581005179.95,14135960000.0
2004-05-14,PAYX,19.91,19.78,20.01,19.57,19.76,1466915,55104218.9667,19.85,0.39,377664000,377664000.0,12661676227.08,14226600000.0
2004-05-13,PAYX,19.76,19.67,19.86,19.29,19.93,2640879,97830834.3792,19.58,0.7,377664000,377664000.0,12567562694.4,14120850000.0
2004-05-12,PAYX,19.93,19.96,19.99,19.69,19.99,2086245,78326186.732,19.84,0.55,377664000,377664000.0,12675118712.63,14241700000.0
2004-05-11,PAYX,19.99,19.77,20.25,19.64,19.87,3557139,134631276.2855,20.0,0.94,377664000,377664000.0,12715451547.23,14287020000.0
2004-05-08,PAYX,19.87,19.67,20.47,19.67,19.58,5321606,203670069.3842,20.23,1.41,377664000,377664000.0,12638145070.91,14200160000.0
2004-05-07,PAYX,19.58,19.46,19.71,19.45,19.53,2431433,90127860.0002,19.59,0.64,377664000,377664000.0,12453277534.55,13992450000.0
2004-05-06,PAYX,19.53,19.53,19.63,19.37,19.57,1921868,70892696.3664,19.49,0.51,377664000,377664000.0,12423027992.63,13958450000.0
2004-05-05,PAYX,19.57,19.75,19.83,19.42,19.84,2399410,89067039.7687,19.62,0.64,377664000,377664000.0,12446558812.68,13984890000.0
2004-05-04,PAYX,19.84,19.68,20.01,19.52,19.64,1969704,73730155.1287,19.78,0.52,377664000,377664000.0,12617978821.67,14177500000.0
2004-05-01,PAYX,19.64,19.69,19.92,19.51,19.48,2133248,79739097.2419,19.75,0.56,377664000,377664000.0,12493615747.08,14037770000.0
2004-04-30,PAYX,19.48,19.37,19.94,19.33,19.55,2106841,78078655.2278,19.59,0.56,377664000,377664000.0,12389413879.91,13920690000.0
2004-04-29,PAYX,19.55,19.71,19.81,19.3,19.62,1547700,57558187.6023,19.59,0.41,377664000,377664000.0,12473444119.91,14015100000.0
2004-04-28,PAYX,19.62,19.59,19.9,19.44,19.42,2271376,84766834.6841,19.66,0.6,377664000,377664000.0,12520505760.0,14067980000.0
2004-04-27,PAYX,19.42,19.96,19.96,19.26,19.94,3073004,113880270.3302,19.52,0.81,377664000,377664000.0,12389413879.91,13920690000.0
2004-04-24,PAYX,19.94,20.15,20.16,19.89,20.26,1945015,73822842.0434,19.99,0.52,377664000,377664000.0,12722175310.91,14294570000.0
2004-04-23,PAYX,20.26,19.94,20.44,19.84,20.03,1767929,67817731.689,20.21,0.47,377664000,377664000.0,12930568625.51,14528730000.0
2004-04-22,PAYX,20.03,20.04,20.16,19.62,20.01,2108555,80094492.7584,20.01,0.56,377664000,377664000.0,12779315537.99,14358780000.0
2004-04-21,PAYX,20.01,20.48,20.53,19.97,20.53,1613268,62224054.8942,20.32,0.43,377664000,377664000.0,12769232245.31,14347450000.0
2004-04-20,PAYX,20.53,20.44,20.57,20.29,20.35,1403914,54492625.6841,20.45,0.37,377664000,377664000.0,13098629105.51,14717560000.0
2004-04-17,PAYX,20.35,20.53,20.55,20.25,20.44,3079483,119238480.969,20.4,0.82,377664000,377664000.0,12987713894.4,14592930000.0
2004-04-16,PAYX,20.44,20.35,20.58,20.3,20.28,3003809,116714773.9461,20.47,0.8,377664000,377664000.0,13041489214.55,14653360000.0
2004-04-15,PAYX,20.28,20.01,20.38,19.93,20.1,1647568,63105455.9836,20.18,0.44,377664000,377664000.0,12940656960.0,14540060000.0
2004-04-14,PAYX,20.1,20.41,20.61,19.97,20.38,2375455,91326959.0964,20.25,0.63,377664000,377664000.0,12823012607.27,14407880000.0
2004-04-13,PAYX,20.38,19.9,20.41,19.9,19.87,1674705,64434438.9961,20.27,0.44,377664000,377664000.0,13004515908.95,14611810000.0
2004-04-09,PAYX,19.87,19.99,20.15,19.77,19.98,1277609,48368991.4653,19.94,0.34,377664000,377664000.0,12678477905.51,14245480000.0
2004-04-08,PAYX,19.98,19.81,20.08,19.8,20.09,1487907,56266978.2781,19.92,0.39,377664000,377664000.0,12749065659.95,14324790000.0
2004-04-07,PAYX,20.09,19.98,20.15,19.59,20.16,2502291,94419676.972,19.88,0.66,377664000,377664000.0,12816288843.59,14400320000.0
2004-04-06,PAYX,20.16,20.11,20.26,19.77,20.21,2739596,104103522.026,20.02,0.73,377664000,377664000.0,12863345777.99,14453200000.0
2004-04-03,PAYX,20.21,19.62,20.41,19.54,19.08,5453309,207821199.7163,20.07,1.44,377664000,377664000.0,12896959890.72,14490960000.0
2004-04-02,PAYX,19.08,18.85,19.14,18.73,18.75,1867470,67244222.0492,18.97,0.49,377664000,377664000.0,12174296465.51,13678980000.0
2004-04-01,PAYX,18.75,19.01,19.02,18.55,18.94,1929500,68676670.346,18.75,0.51,377664000,377664000.0,11965903150.91,13444830000.0
2004-03-31,PAYX,18.94,18.74,18.94,18.72,18.81,1382299,49440812.7399,18.84,0.37,377664000,377664000.0,12083547503.64,13577020000.0
2004-03-30,PAYX,18.81,18.65,18.84,18.46,18.52,1818160,64685752.8526,18.74,0.48,377664000,377664000.0,12002876792.63,13486380000.0
2004-03-27,PAYX,18.52,18.55,18.65,18.42,18.54,1914927,67366358.2295,18.53,0.51,377664000,377664000.0,11814649727.27,13274880000.0
2004-03-26,PAYX,18.54,17.93,18.57,17.86,17.85,3141963,109009422.8506,18.28,0.83,377664000,377664000.0,11831456783.64,13293770000.0
2004-03-25,PAYX,17.85,17.86,18.04,17.7,17.88,1765371,60003542.6971,17.9,0.47,377664000,377664000.0,11391139334.4,12799030000.0
2004-03-24,PAYX,17.88,17.86,18.06,17.58,17.83,2996446,101735322.6062,17.88,0.79,377664000,377664000.0,11407941348.95,12817910000.0
2004-03-23,PAYX,17.83,17.82,17.96,17.43,17.92,2387812,80424588.4375,17.74,0.63,377664000,377664000.0,11374332278.04,12780140000.0
2004-03-20,PAYX,17.92,17.66,18.31,17.58,17.28,5214559,178580347.8625,18.04,1.38,377664000,377664000.0,11431472169.0,12844350000.0
2004-03-19,PAYX,17.28,17.23,17.49,17.21,17.54,1829176,60171646.3038,17.33,0.48,377664000,377664000.0,11024763454.55,12387370000.0
2004-03-18,PAYX,17.54,17.37,17.65,17.32,17.32,1957131,65042502.9302,17.51,0.52,377664000,377664000.0,11192823934.55,12576200000.0
2004-03-17,PAYX,17.32,17.29,17.56,17.21,17.13,1868794,61702511.5795,17.39,0.49,377664000,377664000.0,11048294610.72,12413810000.0
2004-03-16,PAYX,17.13,17.26,17.49,17.04,17.49,2599689,85012401.3924,17.23,0.69,377664000,377664000.0,10927290729.0,12277850000.0
2004-03-13,PAYX,17.49,17.52,17.54,17.28,17.36,2552693,84459643.7595,17.43,0.68,377664000,377664000.0,11162574392.63,12542210000.0
2004-03-12,PAYX,17.36,17.59,17.75,17.27,17.3,3125554,103273580.0952,17.41,0.83,377664000,377664000.0,11078544152.63,12447800000.0
2004-03-11,PAYX,17.3,17.54,17.71,17.26,17.62,2459440,81543220.1691,17.47,0.65,377664000,377664000.0,11041570510.91,12406250000.0
2004-03-10,PAYX,17.62,17.39,17.78,17.23,17.19,3316006,110679645.4004,17.58,0.88,377664000,377664000.0,11239880868.95,12629080000.0
2004-03-09,PAYX,17.19,17.41,17.65,17.16,17.43,1968974,64936543.9639,17.37,0.52,377664000,377664000.0,10967623563.59,12323170000.0
2004-03-06,PAYX,17.43,17.54,17.88,17.38,17.86,3463272,115629297.7823,17.59,0.92,377664000,377664000.0,11118876987.23,12493120000.0
2004-03-05,PAYX,17.86,17.83,18.06,17.65,17.55,5241270,177722529.3347,17.86,1.39,377664000,377664000.0,11394498527.27,12802800000.0
2004-03-04,PAYX,17.55,17.25,17.63,17.12,17.0,4509797,149112802.9086,17.42,1.19,377664000,377664000.0,11196188505.36,12579980000.0
2004-03-03,PAYX,17.0,16.94,17.23,16.9,17.01,3537432,114655203.5348,17.07,0.94,377664000,377664000.0,10849984252.68,12190990000.0
2004-03-02,PAYX,17.01,16.93,17.06,16.79,16.88,3310018,106265791.0173,16.91,0.88,377664000,377664000.0,10853343781.67,12194770000.0
2004-02-28,PAYX,16.88,17.05,17.18,16.72,16.8,6567285,210729727.623,16.9,1.74,377525920,377526000.0,10768734073.06,12099700000.0
2004-02-27,PAYX,16.8,17.29,17.38,16.72,17.34,4904133,157931703.593,16.96,1.3,377525920,377526000.0,10718336378.73,12043070000.0
2004-02-26,PAYX,17.34,17.87,17.87,17.23,17.75,3055106,101132840.9114,17.44,0.81,377525920,377526000.0,11057692748.23,12424370000.0
2004-02-25,PAYX,17.75,17.7,18.06,17.63,17.65,2399978,81159328.8327,17.81,0.64,377525920,377526000.0,11323133910.57,12722620000.0
2004-02-24,PAYX,17.65,17.78,18.21,17.55,17.93,2370429,79995794.3007,17.78,0.63,377525920,377526000.0,11255935304.8,12647110000.0
2004-02-21,PAYX,17.93,18.14,18.17,17.76,18.07,2500023,85166533.5249,17.95,0.66,377525920,377526000.0,11437372245.96,12850980000.0
2004-02-20,PAYX,18.07,18.37,18.45,18.0,18.21,2085023,72091127.6561,18.21,0.55,377525920,377526000.0,11524729727.86,12949130000.0
2004-02-19,PAYX,18.21,18.44,18.49,18.1,18.53,2901209,100313055.3394,18.21,0.77,377525920,377526000.0,11615450886.43,13051070000.0
2004-02-18,PAYX,18.53,18.6,18.71,18.39,18.37,2043599,71851079.1213,18.52,0.54,377525920,377526000.0,11820409708.4,13281360000.0
2004-02-14,PAYX,18.37,18.84,18.98,18.35,18.98,3231780,113902444.3558,18.57,0.86,377525920,377526000.0,11719609279.76,13168100000.0
2004-02-13,PAYX,18.98,19.16,19.22,18.85,19.31,1694760,61019998.1917,18.97,0.45,377525920,377526000.0,12106010082.87,13602260000.0
2004-02-12,PAYX,19.31,19.16,19.36,18.88,19.12,1279929,46648155.3816,19.2,0.34,377525920,377526000.0,12314327205.53,13836320000.0
2004-02-11,PAYX,19.12,19.26,19.31,18.96,19.18,1421818,51587091.6795,19.11,0.38,377525920,377526000.0,12193367900.76,13700410000.0
2004-02-10,PAYX,19.18,19.25,19.29,19.02,19.16,1388754,50597299.4019,19.19,0.37,377525920,377526000.0,12233685989.03,13745710000.0
2004-02-07,PAYX,19.16,18.86,19.21,18.37,18.86,2953456,106141269.24,18.93,0.78,377525920,377526000.0,12220248418.26,13730610000.0
2004-02-06,PAYX,18.86,19.2,19.23,18.71,19.07,2505072,89623943.4085,18.85,0.66,377525920,377526000.0,12032090171.73,13519200000.0
2004-02-05,PAYX,19.07,19.15,19.34,18.96,19.18,1958018,71003788.8297,19.1,0.52,377525920,377526000.0,12166487383.26,13670210000.0
2004-02-04,PAYX,19.18,19.36,19.36,19.02,19.42,2049711,74582196.6969,19.17,0.54,377525920,377526000.0,12233685989.03,13745710000.0
2004-02-03,PAYX,19.42,19.66,19.81,19.31,19.74,2244428,83228087.8278,19.53,0.59,377525920,377526000.0,12384884112.0,13915600000.0
2004-01-31,PAYX,19.74,19.75,19.94,19.67,19.66,2754586,103617046.8749,19.82,0.73,377525920,377526000.0,12593206274.63,14149660000.0
2004-01-30,PAYX,19.66,19.44,19.74,19.29,19.34,3718366,138271857.1288,19.59,0.98,377525920,377526000.0,12539445575.63,14089260000.0
2004-01-29,PAYX,19.34,19.29,19.45,19.18,19.19,2635862,97142553.6901,19.35,0.7,377525920,377526000.0,12378167846.6,13908050000.0
2004-01-28,PAYX,19.19,19.27,19.42,18.94,19.33,2215177,80828240.0799,19.16,0.59,377525920,377526000.0,12280725382.66,13798560000.0
2004-01-27,PAYX,19.33,18.94,19.4,18.9,19.27,1928922,70291071.1754,19.13,0.51,377525920,377526000.0,12368088240.53,13896730000.0
2004-01-24,PAYX,19.27,19.08,19.33,18.95,18.91,3470839,126631447.174,19.16,0.92,377525920,377526000.0,12331128116.97,13855200000.0
2004-01-23,PAYX,18.91,18.9,19.06,18.73,18.75,2494117,89760507.3484,18.9,0.66,377525920,377526000.0,12102647078.2,13598480000.0
2004-01-22,PAYX,18.75,18.47,18.98,18.42,18.64,2259359,80582505.955,18.73,0.6,377525920,377526000.0,11998488348.86,13481450000.0
2004-01-21,PAYX,18.64,18.59,18.79,18.46,18.68,3721071,131522341.0477,18.56,0.99,377525920,377526000.0,11927931442.4,13402170000.0
2004-01-17,PAYX,18.68,18.71,18.93,18.52,18.54,3966438,141401130.8708,18.72,1.05,377525920,377526000.0,11951448955.23,13428590000.0
2004-01-16,PAYX,18.54,18.51,18.68,18.06,18.45,3493663,122686928.6344,18.44,0.93,377525920,377526000.0,11864091137.33,13330430000.0
2004-01-15,PAYX,18.45,18.48,18.56,18.29,18.51,1773310,62313031.6809,18.45,0.47,377525920,377526000.0,11806972137.63,13266260000.0
2004-01-14,PAYX,18.51,18.63,18.7,18.25,18.68,2889128,101331793.3493,18.42,0.77,377525920,377526000.0,11843931925.2,13307790000.0
2004-01-13,PAYX,18.68,18.79,18.79,18.58,18.8,2410452,85681167.4996,18.66,0.64,377525920,377526000.0,11954806919.93,13432360000.0
2004-01-10,PAYX,18.8,18.9,19.03,18.74,18.99,2448735,88034707.0636,18.88,0.65,377525920,377526000.0,12032090171.73,13519200000.0
2004-01-09,PAYX,18.99,18.73,19.09,18.73,18.9,2277495,82291572.145,18.97,0.6,377525920,377526000.0,12149686471.83,13651330000.0
2004-01-08,PAYX,18.9,18.9,19.05,18.77,19.03,3828695,137737268.1667,18.89,1.01,377525920,377526000.0,12095930476.8,13590930000.0
2004-01-07,PAYX,19.03,19.16,19.32,18.9,19.29,2928288,106253211.1956,19.05,0.78,377525920,377526000.0,12179929994.0,13685310000.0
2004-01-06,PAYX,19.29,19.35,19.45,19.12,19.34,2566454,94149068.9307,19.26,0.68,377525920,377526000.0,12344566023.73,13870300000.0
2004-01-03,PAYX,19.34,19.62,19.64,19.25,19.53,1413156,52322653.444,19.44,0.37,377525920,377526000.0,12378167846.6,13908050000.0
2004-01-01,PAYX,19.53,19.51,19.63,19.32,19.35,1903378,70618938.3148,19.48,0.5,377525920,377526000.0,12499127151.37,14043960000.0
2003-12-31,PAYX,19.35,19.48,19.53,19.19,19.43,2151028,79071122.4613,19.3,0.57,377525920,377526000.0,12384884112.0,13915600000.0
2003-12-30,PAYX,19.43,19.4,19.48,19.23,19.27,1770482,65301923.4024,19.37,0.47,377525920,377526000.0,12431928545.6,13968460000.0
2003-12-27,PAYX,19.27,19.37,19.48,19.25,19.39,999033,36807970.2407,19.34,0.26,377525920,377526000.0,12331128116.97,13855200000.0
2003-12-25,PAYX,19.39,19.39,19.46,19.23,19.4,1382028,51053341.5609,19.4,0.37,377525920,377526000.0,12405048364.1,13938250000.0
2003-12-24,PAYX,19.4,19.53,19.56,19.3,19.51,2698565,99760804.5851,19.41,0.71,377525920,377526000.0,12411764629.5,13945800000.0
2003-12-23,PAYX,19.51,19.25,19.61,19.01,19.18,3547949,131069367.9591,19.4,0.94,377525920,377526000.0,12482326239.93,14025080000.0
2003-12-20,PAYX,19.18,19.87,19.9,18.76,20.47,12202000,445784109.784,19.18,3.23,377525920,377526000.0,12270646112.6,13787240000.0
2003-12-19,PAYX,20.47,20.07,20.47,19.91,20.03,1788376,69091742.825,20.28,0.47,377525920,377526000.0,13097203377.83,14715960000.0
2003-12-18,PAYX,20.03,20.11,20.11,19.78,20.02,1827239,69468874.9581,19.96,0.48,377525920,377526000.0,12818324308.73,14402610000.0
2003-12-17,PAYX,20.02,19.57,20.13,19.56,19.83,1829455,69609094.287,19.98,0.48,377525920,377526000.0,12811603003.36,14395060000.0
2003-12-16,PAYX,19.83,20.4,20.63,19.56,20.27,2813351,107705204.3436,20.1,0.75,377525920,377526000.0,12690643698.6,14259150000.0
2003-12-13,PAYX,20.27,20.45,20.61,19.99,20.55,2612506,100442994.6694,20.19,0.69,377525920,377526000.0,12972880732.4,14576270000.0
2003-12-12,PAYX,20.55,20.05,20.76,20.04,20.11,2072790,80856617.3389,20.48,0.55,377525920,377526000.0,13147601072.16,14772580000.0
2003-12-11,PAYX,20.11,20.11,20.18,19.96,20.01,1786789,68323223.4877,20.08,0.47,377525920,377526000.0,12868722003.06,14459230000.0
2003-12-10,PAYX,20.01,20.49,20.56,19.96,20.34,1793189,68898779.2479,20.17,0.47,377525920,377526000.0,12804881698.0,14387500000.0
2003-12-09,PAYX,20.34,20.15,20.45,20.13,20.13,1959463,75785347.0712,20.31,0.52,377525920,377526000.0,13016562161.33,14625350000.0
2003-12-06,PAYX,20.13,20.56,20.72,19.95,20.78,2719961,104865629.3504,20.24,0.72,377525920,377526000.0,12882164949.8,14474340000.0
2003-12-05,PAYX,20.78,20.5,20.82,20.35,20.56,1712471,67326638.1883,20.64,0.45,377525920,377526000.0,13295441230.43,14938700000.0
2003-12-04,PAYX,20.56,20.69,21.0,20.5,20.61,2509797,99401227.9869,20.8,0.66,377525920,377526000.0,13154322377.53,14780140000.0
2003-12-03,PAYX,20.61,20.45,20.78,20.26,20.54,1816390,71302205.9946,20.61,0.48,377525920,377526000.0,13191282501.1,14821660000.0
2003-12-02,PAYX,20.54,20.26,20.61,20.23,20.18,1841687,71754696.5151,20.46,0.49,377525920,377526000.0,13144243107.46,14768810000.0
2003-11-29,PAYX,20.18,20.29,20.32,20.05,20.19,459492,17658456.7619,20.18,0.12,377036000,377036000.0,12899000790.86,14493260000.0
2003-11-27,PAYX,20.19,20.17,20.32,19.79,20.16,1394546,53350854.8619,20.09,0.37,377036000,377036000.0,12905713373.9,14500800000.0
2003-11-26,PAYX,20.16,20.24,20.29,19.75,20.3,2184422,83909090.4152,20.17,0.58,377036000,377036000.0,12885580322.63,14478180000.0
2003-11-25,PAYX,20.3,19.95,20.42,19.82,19.68,2748804,105619742.5276,20.17,0.73,377036000,377036000.0,12976183751.24,14579980000.0
2003-11-22,PAYX,19.68,19.59,19.9,19.43,19.66,1643348,61721189.5669,19.72,0.44,377036000,377036000.0,12576863916.95,14131300000.0
2003-11-21,PAYX,19.66,19.52,19.99,19.39,19.69,2234225,83879270.1129,19.71,0.59,377036000,377036000.0,12563438750.86,14116220000.0
2003-11-20,PAYX,19.69,19.62,19.95,19.56,19.72,2349823,88265694.0523,19.72,0.62,377036000,377036000.0,12586930442.59,14142620000.0
2003-11-19,PAYX,19.72,20.03,20.28,19.64,19.99,2015268,76421358.7137,19.91,0.53,377036000,377036000.0,12603709551.28,14161470000.0
2003-11-18,PAYX,19.99,20.32,20.48,19.81,20.4,2879540,109968189.9505,20.05,0.76,377036000,377036000.0,12774844513.87,14353750000.0
2003-11-15,PAYX,20.4,21.02,21.23,20.38,21.05,2817751,111088982.2142,20.7,0.75,377036000,377036000.0,13036582233.94,14647840000.0
2003-11-14,PAYX,21.05,20.85,21.08,20.74,21.08,1855235,73857638.1678,20.9,0.49,377036000,377036000.0,13456034783.94,15119140000.0
2003-11-13,PAYX,21.08,20.63,21.29,20.61,20.65,2427730,97222074.8786,21.03,0.64,377036000,377036000.0,13469460285.6,15134220000.0
2003-11-12,PAYX,20.65,20.55,20.82,20.42,20.55,1627493,64019063.0205,20.65,0.43,377036000,377036000.0,13194297063.87,14825050000.0
2003-11-11,PAYX,20.55,20.66,20.9,20.51,20.87,1401638,55166077.6823,20.67,0.37,377036000,377036000.0,13130539269.58,14753410000.0
2003-11-08,PAYX,20.87,20.49,21.05,20.49,20.45,3651343,145356280.6249,20.9,0.97,377036000,377036000.0,13338591090.0,14987180000.0
2003-11-07,PAYX,20.45,20.51,20.55,20.03,20.57,4154973,161015981.75,20.35,1.1,377036000,377036000.0,13066781810.86,14681770000.0
2003-11-06,PAYX,20.57,20.61,20.79,20.41,20.36,2900346,113799414.2276,20.6,0.77,377036000,377036000.0,13143964771.24,14768500000.0
2003-11-05,PAYX,20.36,20.41,20.48,20.05,20.54,2370924,91281045.8139,20.21,0.63,377036000,377036000.0,13013095575.64,14621450000.0
2003-11-04,PAYX,20.54,20.38,20.78,20.37,20.44,1824101,71483211.0949,20.58,0.48,377036000,377036000.0,13127185662.55,14749640000.0
2003-11-01,PAYX,20.44,20.33,20.58,20.21,20.04,2413813,93844200.0897,20.41,0.64,377036000,377036000.0,13060074261.24,14674240000.0
2003-10-31,PAYX,20.04,20.36,20.36,19.94,20.06,1528552,58376758.2342,20.05,0.41,377036000,377036000.0,12805043755.22,14387690000.0
2003-10-30,PAYX,20.06,20.02,20.2,19.89,19.95,1625233,62269492.4572,20.05,0.43,377036000,377036000.0,12862088630.89,14451780000.0
2003-10-29,PAYX,19.95,19.69,19.99,19.42,19.58,2455952,92323874.9733,19.68,0.65,377036000,377036000.0,12788264646.53,14368830000.0
2003-10-28,PAYX,19.58,19.72,19.79,19.37,19.66,2018366,75490511.367,19.58,0.54,377036000,377036000.0,12553372225.22,14104910000.0
2003-10-25,PAYX,19.66,19.47,19.71,19.21,19.61,2032840,75531782.2421,19.45,0.54,377036000,377036000.0,12607063493.87,14165230000.0
2003-10-24,PAYX,19.61,19.46,19.75,19.34,19.37,2444882,91515573.6893,19.59,0.65,377036000,377036000.0,12573504940.93,14127530000.0
2003-10-23,PAYX,19.37,19.38,19.47,19.2,19.54,2276428,84026372.122,19.32,0.6,377036000,377036000.0,12419149422.59,13954100000.0
2003-10-22,PAYX,19.54,19.54,19.65,19.41,19.57,1600009,59731684.7888,19.54,0.42,377036000,377036000.0,12529885566.91,14078520000.0
2003-10-21,PAYX,19.57,19.37,19.63,19.37,19.47,1911015,71189683.0633,19.5,0.51,377036000,377036000.0,12543305699.58,14093600000.0
2003-10-18,PAYX,19.47,19.58,19.65,19.29,19.52,2962980,109956463.3571,19.42,0.79,377036000,377036000.0,12482906881.31,14025730000.0
2003-10-17,PAYX,19.52,19.49,19.59,19.24,19.79,3648778,135150324.8081,19.39,0.97,377036000,377036000.0,12516460065.26,14063430000.0
2003-10-16,PAYX,19.79,19.88,19.89,19.66,19.81,2437892,92100358.8078,19.77,0.65,377036000,377036000.0,12684241085.26,14251950000.0
2003-10-15,PAYX,19.81,19.5,19.85,19.43,19.54,1801028,67742601.0693,19.69,0.48,377036000,377036000.0,12701020193.94,14270800000.0
2003-10-14,PAYX,19.54,19.47,19.67,19.37,19.44,1375341,51227863.9853,19.5,0.36,377036000,377036000.0,12529885566.91,14078520000.0
2003-10-11,PAYX,19.44,19.25,19.46,19.22,19.19,2098132,77548830.2537,19.35,0.56,377036000,377036000.0,12466127772.63,14006880000.0
2003-10-10,PAYX,19.19,19.31,19.37,19.02,19.05,2850595,104560109.6595,19.2,0.76,377036000,377036000.0,12301700695.22,13822130000.0
2003-10-09,PAYX,19.05,19.32,19.33,18.93,19.32,1821004,66444223.9777,19.1,0.48,377036000,377036000.0,12211102635.6,13720340000.0
2003-10-08,PAYX,19.32,18.83,19.35,18.77,18.92,2637196,96350973.8177,19.12,0.7,377036000,377036000.0,12388612270.26,13919790000.0
2003-10-07,PAYX,18.92,18.76,19.0,18.65,18.7,1474281,53168306.3388,18.88,0.39,377036000,377036000.0,12127212125.6,13626080000.0
2003-10-04,PAYX,18.7,18.6,18.95,18.46,18.19,3355155,119737094.0625,18.68,0.89,377036000,377036000.0,11989630346.95,13471490000.0
2003-10-03,PAYX,18.19,18.05,18.24,17.82,18.08,2311607,79720603.2768,18.05,0.61,377036000,377036000.0,11664134832.59,13105770000.0
2003-10-02,PAYX,18.08,17.75,18.09,17.46,17.85,2723384,92891349.2857,17.85,0.72,377036000,377036000.0,11593664455.26,13026590000.0
2003-10-01,PAYX,17.85,17.93,18.14,17.56,18.09,3540243,120590932.664,17.83,0.94,377036000,377036000.0,11442662543.94,12856920000.0
2003-09-30,PAYX,18.09,18.08,18.23,17.87,17.92,1790834,61756174.4572,18.05,0.47,377036000,377036000.0,11600377373.87,13034130000.0
2003-09-27,PAYX,17.92,17.85,18.17,17.75,17.98,1842095,63336547.9125,18.0,0.49,377036000,377036000.0,11486287286.95,12905940000.0
2003-09-26,PAYX,17.98,17.81,18.27,17.76,17.85,2417054,83624958.7478,18.11,0.64,377036000,377036000.0,11529906996.53,12954950000.0
2003-09-25,PAYX,17.85,18.58,18.59,17.79,18.1,3726852,129031390.4533,18.12,0.99,377036000,377036000.0,11443671243.43,12858050000.0
2003-09-24,PAYX,18.1,18.14,18.22,17.74,18.01,2057872,70648980.609,17.97,0.55,377036000,377036000.0,11607089956.91,13041670000.0
2003-09-23,PAYX,18.01,18.15,18.31,17.91,18.31,1492682,51451543.9456,18.04,0.4,377036000,377036000.0,11546686105.22,12973800000.0
2003-09-20,PAYX,18.31,18.55,18.59,18.06,18.4,2154401,75610844.5696,18.37,0.57,377036000,377036000.0,11741312759.54,13192480000.0
2003-09-19,PAYX,18.4,18.07,18.53,18.01,17.95,2526037,88311003.753,18.3,0.67,377036000,377036000.0,11795003692.63,13252810000.0
2003-09-18,PAYX,17.95,18.28,18.4,17.93,18.24,2222570,76815337.497,18.09,0.59,377036000,377036000.0,11509773945.26,12932330000.0
2003-09-17,PAYX,18.24,18.05,18.3,17.96,18.03,2339816,81246806.7798,18.17,0.62,377036000,377036000.0,11690980466.91,13135930000.0
2003-09-16,PAYX,18.03,18.21,18.29,17.9,18.25,2315267,79734551.7909,18.03,0.61,377036000,377036000.0,11556752630.86,12985110000.0
2003-09-13,PAYX,18.25,18.06,18.34,17.81,18.07,1912867,66070414.7028,18.08,0.51,377036000,377036000.0,11697688016.53,13143460000.0
2003-09-12,PAYX,18.07,18.31,18.32,17.98,18.24,2599485,90008717.4181,18.12,0.69,377036000,377036000.0,11583598265.18,13015280000.0
2003-09-11,PAYX,18.24,18.67,18.72,18.13,18.73,2029700,71211202.4715,18.36,0.54,377036000,377036000.0,11694334073.94,13139700000.0
2003-09-10,PAYX,18.73,18.63,18.85,18.46,18.77,2368337,84776967.5686,18.74,0.63,377036000,377036000.0,12009763398.23,13494110000.0
2003-09-09,PAYX,18.77,18.51,18.94,18.48,18.8,2840843,101810949.5968,18.76,0.75,377036000,377036000.0,12033250056.53,13520500000.0
2003-09-06,PAYX,18.8,19.27,19.27,18.56,19.25,3597273,129409338.5139,18.83,0.95,377036000,377036000.0,12053388141.24,13543130000.0
2003-09-05,PAYX,19.25,19.16,19.39,19.1,19.2,3197973,117471733.834,19.23,0.85,377036000,377036000.0,12341971495.64,13867380000.0
2003-09-04,PAYX,19.2,19.54,19.63,19.09,19.45,2672794,98593212.5426,19.31,0.71,377036000,377036000.0,12311767220.86,13833440000.0
2003-09-03,PAYX,19.45,18.99,19.5,18.84,18.86,3708641,136022515.7642,19.2,0.98,377036000,377036000.0,12469481715.22,14010650000.0
2003-08-30,PAYX,18.86,18.8,18.93,18.7,18.83,1459340,52458592.8966,18.82,0.39,376750880,376751000.0,12084508514.68,13578090000.0
2003-08-29,PAYX,18.83,18.59,18.96,18.35,18.59,1772944,63275483.1151,18.68,0.47,376750880,376751000.0,12064390688.3,13555490000.0
2003-08-28,PAYX,18.59,18.58,18.72,18.45,18.67,1827463,64921337.613,18.59,0.49,376750880,376751000.0,11910146866.18,13382180000.0
2003-08-27,PAYX,18.67,18.75,18.83,18.19,18.85,2974891,105047527.3838,18.48,0.79,376750880,376751000.0,11960446126.44,13438700000.0
2003-08-26,PAYX,18.85,18.61,18.85,18.39,18.73,1895002,67334132.035,18.6,0.5,376750880,376751000.0,12077801007.78,13570560000.0
2003-08-23,PAYX,18.73,19.31,19.4,18.57,19.12,2376745,85739402.6465,18.88,0.63,376750880,376751000.0,12000681443.88,13483910000.0
2003-08-22,PAYX,19.12,18.79,19.13,18.53,18.57,3091574,111309639.3361,18.85,0.82,376750880,376751000.0,12248811249.99,13762710000.0
2003-08-21,PAYX,18.57,18.71,18.74,18.42,18.78,1803984,63923069.0018,18.55,0.48,376750880,376751000.0,11896736546.7,13367120000.0
2003-08-20,PAYX,18.78,18.79,18.84,18.4,18.73,2289026,81607187.5487,18.66,0.61,376750880,376751000.0,12030857848.13,13517810000.0
2003-08-19,PAYX,18.73,18.61,18.81,18.45,18.53,1985259,70777653.8086,18.66,0.53,376750880,376751000.0,12000681443.88,13483910000.0
2003-08-16,PAYX,18.53,18.31,18.72,18.02,18.3,1218817,43044944.1444,18.49,0.32,376750880,376751000.0,11873262619.72,13340740000.0
2003-08-15,PAYX,18.3,17.91,18.4,17.91,17.94,2508122,87334282.8157,18.23,0.67,376750880,376751000.0,11725725969.19,13174970000.0
2003-08-14,PAYX,17.94,17.74,18.08,17.6,17.84,2461861,84130126.2313,17.89,0.65,376750880,376751000.0,11491011512.18,12911250000.0
2003-08-13,PAYX,17.84,17.84,17.88,17.43,17.8,2130534,71852046.0966,17.65,0.57,376750880,376751000.0,11427301932.45,12839660000.0
2003-08-12,PAYX,17.8,17.37,17.85,17.22,17.36,3004915,101259622.6651,17.64,0.8,376750880,376751000.0,11400481628.8,12809530000.0
2003-08-09,PAYX,17.36,17.18,17.49,17.12,17.17,2441182,80640285.1547,17.29,0.65,376750880,376751000.0,11122175418.44,12496820000.0
2003-08-08,PAYX,17.17,16.73,17.35,16.68,16.72,3958111,129417959.5559,17.11,1.05,376750880,376751000.0,11001464101.18,12361190000.0
2003-08-07,PAYX,16.72,16.5,17.17,16.24,16.61,3731689,120207009.5224,16.86,0.99,376750880,376751000.0,10709742541.71,12033420000.0
2003-08-06,PAYX,16.61,16.98,17.12,16.5,16.99,2012156,64449539.7862,16.76,0.53,376750880,376751000.0,10642681890.99,11958070000.0
2003-08-05,PAYX,16.99,16.7,17.18,16.47,16.84,2641798,84743847.2148,16.79,0.7,376750880,376751000.0,10884104190.21,12229330000.0
2003-08-02,PAYX,16.84,17.03,17.09,16.59,16.96,2970908,95478138.148,16.82,0.79,376750880,376751000.0,10786867135.24,12120070000.0
2003-08-01,PAYX,16.96,16.57,17.62,16.36,16.3,5944031,193821161.8066,17.07,1.58,376750880,376751000.0,10863986363.83,12206720000.0
2003-07-31,PAYX,16.3,16.53,16.53,16.01,16.32,2235516,69138456.1027,16.19,0.59,376750880,376751000.0,10444851009.83,11735790000.0
2003-07-30,PAYX,16.32,16.34,16.43,15.91,16.46,2812008,87548764.6232,16.24,0.75,376750880,376751000.0,10491794169.48,11788530000.0
2003-07-29,PAYX,16.46,16.07,16.59,15.91,16.03,3498454,110092831.4337,16.41,0.93,376750880,376751000.0,10578972311.26,11886480000.0
2003-07-26,PAYX,16.03,15.74,16.11,15.57,15.6,2116301,64420401.3723,15.88,0.56,376750880,376751000.0,10307373607.79,11581320000.0
2003-07-25,PAYX,15.6,15.75,16.17,15.5,15.49,3752004,114162176.9319,15.87,1.0,376750880,376751000.0,10029067062.12,11268610000.0
2003-07-24,PAYX,15.49,15.63,15.63,15.1,15.49,1859786,54788912.4441,15.37,0.49,376750880,376751000.0,9958655005.12,11189500000.0
2003-07-23,PAYX,15.49,15.36,15.64,15.08,15.13,2350507,69428798.6131,15.41,0.62,376750880,376751000.0,9958655005.12,11189500000.0
2003-07-22,PAYX,15.13,15.43,15.44,14.96,15.37,2255909,65187633.0362,15.07,0.6,376750880,376751000.0,9723940212.8,10925770000.0
2003-07-19,PAYX,15.37,15.38,15.46,15.13,15.29,1755343,51584066.3872,15.33,0.47,376750880,376751000.0,9878179340.61,11099070000.0
2003-07-18,PAYX,15.29,15.74,15.77,15.26,15.67,2262051,67010982.9896,15.45,0.6,376750880,376751000.0,9827885109.98,11042560000.0
2003-07-17,PAYX,15.67,15.89,15.89,15.41,15.75,1835661,54923338.7452,15.61,0.49,376750880,376751000.0,10076009886.46,11321360000.0
2003-07-16,PAYX,15.75,15.89,15.92,15.6,15.64,2115995,63665181.5381,15.69,0.56,376750880,376751000.0,10126309146.72,11377870000.0
2003-07-15,PAYX,15.64,15.78,16.12,15.63,15.77,2352090,71379091.6223,15.83,0.62,376750880,376751000.0,10052540989.1,11294990000.0
2003-07-12,PAYX,15.77,15.45,16.02,15.44,15.41,2243968,67897290.3579,15.78,0.6,376750880,376751000.0,10136368059.9,11389180000.0
2003-07-11,PAYX,15.41,15.57,15.65,15.32,15.69,2095150,62040942.7793,15.44,0.56,376750880,376751000.0,9908355744.86,11132980000.0
2003-07-10,PAYX,15.69,15.58,15.78,15.43,15.63,2160051,64768669.1441,15.64,0.57,376750880,376751000.0,10089425235.56,11336430000.0
2003-07-09,PAYX,15.63,15.38,15.73,15.36,15.4,2408385,71824784.178,15.55,0.64,376750880,376751000.0,10045833482.21,11287450000.0
2003-07-08,PAYX,15.4,15.12,15.52,15.0,15.04,3048008,89730295.32,15.35,0.81,376750880,376751000.0,9898297166.98,11121680000.0
2003-07-04,PAYX,15.04,15.15,15.32,14.95,15.2,1704313,49375459.3356,15.11,0.45,376750880,376751000.0,9670289881.56,10865490000.0
2003-07-03,PAYX,15.2,15.36,15.36,15.13,15.26,3010117,87661530.3091,15.19,0.8,376750880,376751000.0,9774234443.43,10982280000.0
2003-07-02,PAYX,15.26,15.22,15.46,14.83,15.33,3766035,109329084.4341,15.14,1.0,376750880,376751000.0,9811118689.89,11023730000.0
2003-07-01,PAYX,15.33,15.37,15.41,15.2,15.27,2431578,71435136.7786,15.32,0.65,376750880,376751000.0,9854710443.25,11072700000.0
2003-06-28,PAYX,15.27,15.7,15.76,15.13,15.73,3452056,102191203.4118,15.44,0.92,376428000,376428000.0,9809412202.58,11021810000.0
2003-06-27,PAYX,15.73,15.47,15.77,15.18,15.34,4160402,124562385.9552,15.62,1.11,376428000,376428000.0,10100878727.87,11349300000.0
2003-06-26,PAYX,15.34,15.52,15.7,15.2,15.87,6191961,184264697.4268,15.52,1.64,376428000,376428000.0,9852961571.97,11070740000.0
2003-06-25,PAYX,15.87,15.56,16.01,15.54,15.48,3840904,116755780.5875,15.85,1.02,376428000,376428000.0,10194684250.45,11454700000.0
2003-06-24,PAYX,15.48,15.68,15.8,15.37,15.73,2174148,64624142.5182,15.5,0.58,376428000,376428000.0,9940070361.38,11168610000.0
2003-06-21,PAYX,15.73,16.17,16.3,15.69,15.88,3203524,98280867.9467,16.0,0.85,376428000,376428000.0,10100878727.87,11349300000.0
2003-06-20,PAYX,15.88,16.2,16.2,15.7,16.3,2675045,81588056.6113,15.91,0.71,376428000,376428000.0,10201386008.94,11462230000.0
2003-06-19,PAYX,16.3,15.99,16.34,15.87,16.07,2063671,63888152.4625,16.15,0.55,376428000,376428000.0,10472752284.1,11767130000.0
2003-06-18,PAYX,16.07,16.12,16.25,15.92,16.1,2371060,73112808.7747,16.08,0.63,376428000,376428000.0,10325342409.25,11601510000.0
2003-06-17,PAYX,16.1,15.44,16.1,15.42,15.37,2411802,73530264.482,15.9,0.64,376428000,376428000.0,10338740900.91,11616560000.0
2003-06-14,PAYX,15.37,15.86,15.96,15.26,15.77,1837607,54478979.7717,15.46,0.49,376428000,376428000.0,9869713623.03,11089560000.0
2003-06-13,PAYX,15.77,15.78,16.14,15.52,15.69,2229481,67307119.5323,15.75,0.59,376428000,376428000.0,10131029605.61,11383180000.0
2003-06-12,PAYX,15.69,15.9,15.91,15.39,15.89,2313286,69020117.1573,15.56,0.61,376428000,376428000.0,10080778477.74,11326710000.0
2003-06-11,PAYX,15.89,15.88,15.93,15.66,15.78,1356862,41083999.8002,15.79,0.36,376428000,376428000.0,10207750736.38,11469380000.0
2003-06-10,PAYX,15.78,15.94,15.98,15.6,16.07,2485292,75120925.5945,15.77,0.66,376428000,376428000.0,10134382830.0,11386950000.0
2003-06-07,PAYX,16.07,15.65,16.31,15.61,15.6,4056537,124961159.8398,16.07,1.08,376428000,376428000.0,10325342409.25,11601510000.0
2003-06-06,PAYX,15.6,15.7,15.76,15.31,15.84,3195058,95169885.8673,15.54,0.85,376428000,376428000.0,10017123497.87,11255190000.0
2003-06-05,PAYX,15.84,15.75,16.0,15.53,15.75,4601176,139057656.706,15.76,1.22,376428000,376428000.0,10174584000.32,11432110000.0
2003-06-04,PAYX,15.75,16.01,16.01,15.65,16.02,2471489,74821825.8566,15.79,0.66,376428000,376428000.0,10117630778.94,11368120000.0
2003-06-03,PAYX,16.02,16.01,16.35,15.86,15.92,3087440,95546696.936,16.14,0.82,376428000,376428000.0,10288489773.03,11560100000.0
2003-05-31,PAYX,15.92,15.82,16.23,15.55,15.69,2503810,76895002.1606,16.02,0.67,376428000,376428000.0,9650406188.4,11488570000.0
2003-05-30,PAYX,15.69,15.76,15.99,15.69,15.68,2956817,89751190.693,15.83,0.79,376428000,376428000.0,9514442608.2,11326710000.0
2003-05-29,PAYX,15.68,15.5,15.92,15.44,15.5,2377487,71716407.9702,15.73,0.63,376428000,376428000.0,9504956938.8,11315420000.0
2003-05-28,PAYX,15.5,15.13,15.7,15.13,15.15,3411151,101330955.7312,15.49,0.91,376428000,376428000.0,9397445307.61,11187430000.0
2003-05-24,PAYX,15.15,15.13,15.38,15.12,15.17,1712280,50025457.0837,15.24,0.45,376428000,376428000.0,9185592261.61,10935230000.0
2003-05-23,PAYX,15.17,15.08,15.38,15.02,15.1,1865621,54513419.5013,15.24,0.5,376428000,376428000.0,9195077931.01,10946520000.0
2003-05-22,PAYX,15.1,15.0,15.36,15.0,15.2,2872746,83898509.5843,15.23,0.76,376428000,376428000.0,9157135569.6,10901350000.0
2003-05-21,PAYX,15.2,15.01,15.45,14.99,14.96,3037896,88915245.3899,15.27,0.81,376428000,376428000.0,9214054012.8,10969110000.0
2003-05-20,PAYX,14.96,15.39,15.52,14.95,15.41,3468969,101048597.0641,15.19,0.92,376428000,376428000.0,9068600020.2,10795950000.0
2003-05-17,PAYX,15.41,15.78,15.88,15.34,15.77,3369258,99863109.014,15.46,0.9,376428000,376428000.0,9340531923.6,11119680000.0
2003-05-16,PAYX,15.77,15.88,15.95,15.77,15.73,2884825,87720584.4762,15.86,0.77,376428000,376428000.0,9561870639.0,11383180000.0
2003-05-15,PAYX,15.73,15.95,16.14,15.69,16.03,2396222,72885611.4047,15.86,0.64,376428000,376428000.0,9533413630.8,11349300000.0
2003-05-14,PAYX,16.03,15.99,16.14,15.89,16.06,2910266,89385036.8442,16.02,0.77,376428000,376428000.0,9719970399.0,11571390000.0
2003-05-13,PAYX,16.06,16.04,16.14,15.87,16.03,2817158,86743072.5378,16.06,0.75,376428000,376428000.0,9738941421.61,11593970000.0
2003-05-10,PAYX,16.03,16.1,16.12,15.87,16.07,3047883,93407549.8403,15.98,0.81,376428000,376428000.0,9719970399.0,11571390000.0
2003-05-09,PAYX,16.07,16.25,16.26,16.05,16.35,3441110,106375016.2244,16.12,0.91,376428000,376428000.0,9745266993.0,11601510000.0
2003-05-08,PAYX,16.35,16.45,16.59,16.28,16.62,2119907,66767077.2584,16.43,0.56,376428000,376428000.0,9909692008.2,11797250000.0
2003-05-07,PAYX,16.62,16.38,16.79,16.31,16.4,3361553,107400582.9917,16.66,0.89,376428000,376428000.0,10074112280.41,11992980000.0
2003-05-06,PAYX,16.4,16.5,16.66,16.29,16.46,2716936,86009208.8526,16.51,0.72,376428000,376428000.0,9944473955.4,11838660000.0
2003-05-03,PAYX,16.46,16.04,16.53,15.9,16.1,1854878,57992760.67,16.31,0.49,376428000,376428000.0,9976091061.61,11876300000.0
2003-05-02,PAYX,16.1,16.12,16.22,15.74,16.25,2215849,67894931.7902,15.98,0.59,376428000,376428000.0,9761077917.6,11620330000.0
2003-05-01,PAYX,16.25,16.02,16.28,15.92,16.13,3410672,105527191.0069,16.14,0.91,376428000,376428000.0,9849613150.8,11725730000.0
2003-04-30,PAYX,16.13,16.18,16.24,15.8,16.04,2269970,69787031.5322,16.04,0.6,376428000,376428000.0,9776888842.2,11639150000.0
2003-04-29,PAYX,16.04,15.34,16.13,15.33,15.31,2595799,79477649.4306,15.91,0.69,376428000,376428000.0,9757912760.41,11616560000.0
2003-04-26,PAYX,15.31,15.91,15.93,15.15,15.97,3447121,102336039.2927,15.43,0.92,376428000,376428000.0,9315235329.6,11089560000.0
2003-04-25,PAYX,15.97,16.1,16.2,15.78,16.19,2322645,71322844.3114,15.96,0.62,376428000,376428000.0,9716809984.8,11567630000.0
2003-04-24,PAYX,16.19,15.92,16.46,15.7,15.97,2930821,90357753.6319,16.02,0.78,376428000,376428000.0,9849613150.8,11725730000.0
2003-04-23,PAYX,15.97,15.63,15.98,15.2,15.41,2578860,77792082.9791,15.68,0.69,376428000,376428000.0,9716809984.8,11567630000.0
2003-04-22,PAYX,15.41,15.44,15.62,15.21,15.69,1849319,54748151.3903,15.39,0.49,376428000,376428000.0,9378474285.01,11164850000.0
2003-04-18,PAYX,15.69,14.87,15.77,14.87,15.04,2801523,83627702.7684,15.51,0.74,376428000,376428000.0,9546059714.41,11364350000.0
2003-04-17,PAYX,15.04,15.45,15.46,14.97,15.25,2216789,64682775.1307,15.16,0.59,376428000,376428000.0,9150810314.41,10893820000.0
2003-04-16,PAYX,15.25,15.1,15.42,15.07,15.15,2305454,67546784.3607,15.23,0.61,376428000,376428000.0,9280453066.2,11048150000.0
2003-04-15,PAYX,15.15,14.78,15.2,14.72,14.76,1970783,56835781.4442,14.99,0.52,376428000,376428000.0,9220374525.01,10976630000.0
2003-04-12,PAYX,14.76,14.85,15.11,14.51,14.8,2243087,64011390.9332,14.83,0.6,376428000,376428000.0,8980064470.8,10690550000.0
2003-04-11,PAYX,14.8,14.55,14.83,14.53,14.54,2076676,58724846.164,14.7,0.55,376428000,376428000.0,9002195907.61,10716900000.0
2003-04-10,PAYX,14.54,14.85,15.11,14.51,14.85,2765356,78470817.5795,14.75,0.73,376428000,376428000.0,8844096147.61,10528680000.0
2003-04-09,PAYX,14.85,14.87,15.07,14.81,14.85,1812525,51995346.4173,14.91,0.48,376428000,376428000.0,9036978171.01,10758300000.0
2003-04-08,PAYX,14.85,15.18,15.43,14.81,14.74,2529163,73741025.0602,15.15,0.67,376428000,376428000.0,9036978171.01,10758300000.0
2003-04-05,PAYX,14.74,14.94,15.0,14.55,14.81,1583898,44933125.6087,14.74,0.42,376428000,376428000.0,8970579117.6,10679260000.0
2003-04-04,PAYX,14.81,15.06,15.06,14.71,14.99,2102028,60074488.8204,14.85,0.56,376428000,376428000.0,9008521479.0,10724430000.0
2003-04-03,PAYX,14.99,14.65,15.25,14.63,14.54,4553664,130810769.6984,14.93,1.21,376428000,376428000.0,9122353306.2,10859940000.0
2003-04-02,PAYX,14.54,14.3,14.69,14.04,14.28,3394458,94488441.7837,14.47,0.9,376428000,376428000.0,8844096147.61,10528680000.0
2003-04-01,PAYX,14.28,14.19,14.4,13.9,14.34,3242190,88243314.2149,14.15,0.86,376428000,376428000.0,8685996387.61,10340470000.0
2003-03-29,PAYX,14.34,14.47,14.58,14.24,14.58,1585245,43922047.1431,14.4,0.42,376428000,376428000.0,8723943808.2,10385640000.0
2003-03-28,PAYX,14.58,14.73,14.84,14.34,14.8,3381886,94396554.7864,14.51,0.9,376428000,376428000.0,8872557898.8,10562570000.0
2003-03-27,PAYX,14.8,14.79,15.01,14.73,14.84,2491597,71173198.3429,14.85,0.66,376428000,376428000.0,9002195907.61,10716900000.0
2003-03-26,PAYX,14.84,14.73,15.0,14.57,14.64,2307878,65658665.2165,14.79,0.61,376428000,376428000.0,9027492501.61,10747010000.0
2003-03-25,PAYX,14.64,14.76,15.01,14.55,15.29,3397975,96482404.5698,14.76,0.9,376428000,376428000.0,8904175005.01,10600210000.0
2003-03-22,PAYX,15.29,14.66,15.83,14.42,14.25,7253813,212630273.3263,15.23,1.93,376428000,376428000.0,9302589562.2,11074510000.0
2003-03-21,PAYX,14.25,13.93,14.54,13.77,14.03,3134121,85790585.6063,14.23,0.83,376428000,376428000.0,8670190522.2,10321650000.0
2003-03-20,PAYX,14.03,13.87,14.17,13.78,13.82,2765679,74457308.579,13.99,0.73,376428000,376428000.0,8537387040.0,10163550000.0
2003-03-19,PAYX,13.82,13.61,13.83,13.5,13.74,3096168,81575639.2809,13.69,0.82,376428000,376428000.0,8407744288.2,10009210000.0
2003-03-18,PAYX,13.74,13.2,13.75,12.94,13.06,4721715,122188068.5985,13.45,1.25,376428000,376428000.0,8360311514.41,9952750000.0
2003-03-15,PAYX,13.06,13.1,13.33,12.89,13.19,4722383,118327272.7251,13.02,1.25,376428000,376428000.0,7942930677.6,9455867000.0
2003-03-14,PAYX,13.19,13.09,13.2,12.35,13.01,6610031,162851895.5996,12.8,1.76,376428000,376428000.0,8021980557.6,9549973000.0
2003-03-13,PAYX,13.01,12.72,13.08,12.68,12.82,2935802,72779990.6736,12.88,0.78,376428000,376428000.0,7914473669.4,9421988000.0
2003-03-12,PAYX,12.82,13.12,13.12,12.58,12.99,4289527,105488421.1728,12.78,1.14,376428000,376428000.0,7800641842.2,9286477000.0
2003-03-11,PAYX,12.99,13.6,13.64,12.89,13.67,2716903,68516484.562,13.11,0.72,376428000,376428000.0,7904988000.0,9410695000.0
2003-03-08,PAYX,13.67,13.54,13.74,13.32,13.69,2414927,63117495.6279,13.58,0.64,376428000,376428000.0,8319208738.8,9903816000.0
2003-03-07,PAYX,13.69,13.74,13.74,13.56,13.79,2083731,54797522.3382,13.67,0.55,376428000,376428000.0,8331854506.2,9918871000.0
2003-03-06,PAYX,13.79,13.65,13.85,13.59,13.62,2412734,63830062.6224,13.75,0.64,376428000,376428000.0,8388772949.4,9986633000.0
2003-03-05,PAYX,13.62,13.74,13.8,13.57,13.66,3041699,79859500.0334,13.65,0.81,376428000,376428000.0,8284426475.4,9862410000.0
2003-03-04,PAYX,13.66,13.68,13.81,13.54,13.64,3382819,89043566.4152,13.68,0.9,376428000,376428000.0,8309723069.4,9892523000.0
2003-03-01,PAYX,13.64,13.15,13.7,12.99,13.15,3821928,99562344.2249,13.54,1.02,376428000,376428000.0,8297072559.0,9877465000.0
2003-02-28,PAYX,13.15,12.8,13.23,12.78,12.95,2152044,53964007.5788,13.03,0.57,376101920,376102000.0,7992914212.73,9515371000.0
2003-02-27,PAYX,12.95,13.1,13.13,12.84,13.16,2214067,55346777.4838,12.99,0.59,376101920,376102000.0,7869703539.67,9368691000.0
2003-02-26,PAYX,13.16,13.11,13.2,12.73,13.29,2624031,65550367.3645,12.98,0.7,376101920,376102000.0,8002391665.19,9526652000.0
2003-02-25,PAYX,13.29,13.38,13.47,13.18,13.43,2511212,64447712.1222,13.34,0.67,376101920,376102000.0,8081373068.39,9620676000.0
2003-02-22,PAYX,13.43,13.2,13.57,13.04,13.08,2536292,65253946.306,13.37,0.67,376101920,376102000.0,8166674247.55,9722227000.0
2003-02-21,PAYX,13.08,13.35,13.5,13.07,13.34,1820019,46382630.9292,13.24,0.48,376101920,376102000.0,7951847358.25,9466480000.0
2003-02-20,PAYX,13.34,13.34,13.5,13.16,13.4,2070662,53214744.0842,13.36,0.55,376101920,376102000.0,8106647749.27,9650770000.0
2003-02-19,PAYX,13.4,13.21,13.46,13.14,13.17,2457860,63025156.4415,13.33,0.65,376101920,376102000.0,8147719658.56,9699664000.0
2003-02-15,PAYX,13.17,12.72,13.17,12.65,12.66,2154748,53515944.0502,12.91,0.57,376101920,376102000.0,8005554080.58,9530418000.0
2003-02-14,PAYX,12.66,12.91,12.92,12.38,12.83,2865717,69245179.5861,12.56,0.76,376101920,376102000.0,7692785828.35,9158074000.0
2003-02-13,PAYX,12.83,12.99,13.21,12.76,13.0,2402422,60402167.2011,13.07,0.64,376101920,376102000.0,7800199588.92,9285949000.0
2003-02-12,PAYX,13.0,13.29,13.36,12.87,13.21,2563749,64649266.3346,13.11,0.68,376101920,376102000.0,7901297996.5,9406305000.0
2003-02-11,PAYX,13.21,13.19,13.35,12.94,13.16,2712103,68669352.2704,13.16,0.72,376101920,376102000.0,8027666346.07,9556742000.0
2003-02-08,PAYX,13.16,13.11,13.38,13.02,12.94,3147244,79932727.4664,13.2,0.84,376101920,376102000.0,8002391665.19,9526652000.0
2003-02-07,PAYX,12.94,12.95,13.23,12.7,13.02,2171723,54155155.3874,12.96,0.58,376101920,376102000.0,7863388502.59,9361172000.0
2003-02-06,PAYX,13.02,13.16,13.41,12.93,13.1,2769484,70204450.2969,13.17,0.74,376101920,376102000.0,7913932809.53,9421348000.0
2003-02-05,PAYX,13.1,13.2,13.25,12.96,13.35,2707200,68046284.16,13.06,0.72,376101920,376102000.0,7961324494.78,9477762000.0
2003-02-04,PAYX,13.35,13.15,13.49,13.08,13.09,2872322,73771816.3389,13.35,0.76,376101920,376102000.0,8116125201.72,9662051000.0
2003-02-01,PAYX,13.09,12.76,13.4,12.74,12.87,3308159,84081786.8338,13.21,0.88,376101920,376102000.0,7955004718.82,9470238000.0
2003-01-31,PAYX,12.87,13.43,13.43,12.73,13.35,3324117,83359530.2118,13.03,0.88,376101920,376102000.0,7822316593.3,9312277000.0
2003-01-30,PAYX,13.35,13.09,13.38,12.57,13.18,3188723,80838235.1252,13.12,0.85,376101920,376102000.0,8147719658.56,9699664000.0
2003-01-29,PAYX,13.18,12.86,13.39,12.81,12.77,3269440,83553808.64,13.23,0.87,376101920,376102000.0,8046620935.06,9579309000.0
2003-01-28,PAYX,12.77,12.78,13.32,12.73,13.0,2435105,60822559.9706,12.93,0.65,376101920,376102000.0,7797041912.42,9282188000.0
2003-01-25,PAYX,13.0,13.23,13.26,12.58,13.22,2987598,74374716.5846,12.88,0.79,376101920,376102000.0,7939207490.41,9451434000.0
2003-01-24,PAYX,13.22,13.24,13.36,13.0,13.09,2633769,67187676.3279,13.2,0.7,376101920,376102000.0,8068738255.36,9605637000.0
2003-01-23,PAYX,13.09,13.39,13.41,12.99,13.34,2824903,72076795.5158,13.2,0.75,376101920,376102000.0,7992914212.73,9515371000.0
2003-01-22,PAYX,13.34,13.73,14.01,13.34,13.63,2302973,60371269.5877,13.57,0.61,376101920,376102000.0,8144561982.06,9695902000.0
2003-01-18,PAYX,13.63,14.08,14.19,13.58,14.26,2675937,71265524.7487,13.78,0.71,376101920,376102000.0,8321479693.38,9906520000.0
2003-01-17,PAYX,14.26,14.24,14.37,14.08,14.25,2562138,70115970.687,14.16,0.68,376101920,376102000.0,8703746841.53,10361600000.0
2003-01-16,PAYX,14.25,14.3,14.39,14.0,14.57,3254811,88990396.2007,14.15,0.87,376101920,376102000.0,8697431804.46,10354080000.0
2003-01-15,PAYX,14.57,14.5,14.74,14.43,14.58,2183465,61291812.3842,14.53,0.58,376101920,376102000.0,8896461781.27,10591020000.0
2003-01-14,PAYX,14.58,15.07,15.07,14.42,14.94,2784783,78772569.1318,14.64,0.74,376101920,376102000.0,8902781557.22,10598550000.0
2003-01-11,PAYX,14.94,14.85,15.16,14.6,15.04,2399112,69022682.5548,14.89,0.64,376101920,376102000.0,9120771177.83,10858050000.0
2003-01-10,PAYX,15.04,14.81,15.14,14.81,14.73,2483101,71962000.1845,15.0,0.66,376101920,376102000.0,9180797676.12,10929520000.0
2003-01-09,PAYX,14.73,15.16,15.27,14.58,15.24,2864880,81927807.0401,14.8,0.76,376101920,376102000.0,8994397773.46,10707610000.0
2003-01-08,PAYX,15.24,15.42,15.44,14.78,15.51,3197116,93495155.8807,15.13,0.85,376101920,376102000.0,9304008349.18,11076200000.0
2003-01-07,PAYX,15.51,15.05,15.57,14.98,15.02,3409310,101576641.209,15.42,0.91,376101920,376102000.0,9471448608.04,11275530000.0
2003-01-04,PAYX,15.02,14.86,15.07,14.75,14.97,1813566,52344387.8118,14.94,0.48,376101920,376102000.0,9171320223.66,10918230000.0
2003-01-03,PAYX,14.97,14.51,15.01,14.33,14.44,2423921,69367281.546,14.81,0.64,376101920,376102000.0,9136568406.25,10876860000.0
2003-01-01,PAYX,14.44,14.39,14.53,14.17,14.4,1852401,51395395.5317,14.36,0.49,376101920,376102000.0,8814322701.57,10493240000.0
2002-12-31,PAYX,14.4,14.2,14.45,14.04,14.16,1666670,46004248.675,14.28,0.44,376101920,376102000.0,8789048336.62,10463150000.0
2002-12-28,PAYX,14.16,14.4,14.46,14.14,14.46,1567647,43189613.8706,14.26,0.42,376101920,376102000.0,8643720343.25,10290140000.0
2002-12-27,PAYX,14.46,14.53,14.96,14.42,14.5,1863891,52686974.0835,14.63,0.5,376101920,376102000.0,8826957830.52,10508280000.0
2002-12-25,PAYX,14.5,14.52,14.62,14.47,14.65,1554581,43629297.11,14.52,0.41,376101920,376102000.0,8852550648.49,10538750000.0
2002-12-24,PAYX,14.65,14.43,14.71,14.27,14.37,3233808,90944337.1107,14.55,0.86,376101920,376102000.0,8943853466.52,10647440000.0
2002-12-21,PAYX,14.37,13.99,14.59,13.82,13.74,5091434,140253177.4317,14.26,1.35,376101920,376102000.0,8773251108.2,10444340000.0
2002-12-20,PAYX,13.74,13.73,14.0,13.36,13.58,3342987,88688729.7108,13.73,0.89,376101920,376102000.0,8387821228.73,9985500000.0
2002-12-19,PAYX,13.58,14.06,14.1,13.33,13.93,2511822,65663548.3596,13.53,0.67,376101920,376102000.0,8289885236.54,9868906000.0
2002-12-18,PAYX,13.93,13.92,14.07,13.77,14.05,2315033,62190338.1119,13.9,0.62,376101920,376102000.0,8501554765.27,10120890000.0
2002-12-17,PAYX,14.05,13.59,14.08,13.58,13.67,3382532,90992103.1113,13.92,0.9,376101920,376102000.0,8577378491.97,10211160000.0
2002-12-14,PAYX,13.67,14.01,14.07,13.6,14.15,2431986,64581371.2061,13.74,0.65,376101920,376102000.0,8346754374.25,9936609000.0
2002-12-13,PAYX,14.15,14.31,14.35,13.96,14.23,1342492,36560210.8302,14.09,0.36,376101920,376102000.0,8640562666.75,10286380000.0
2002-12-12,PAYX,14.23,14.11,14.28,13.93,14.22,1936234,52786573.6163,14.11,0.51,376101920,376102000.0,8687954352.0,10342800000.0
2002-12-11,PAYX,14.22,14.14,14.38,13.97,14.09,2588705,71131126.1053,14.22,0.69,376101920,376102000.0,8678472160.66,10331510000.0
2002-12-10,PAYX,14.09,14.5,14.52,14.02,14.59,1877699,51400492.9442,14.17,0.5,376101920,376102000.0,8599490757.46,10237490000.0
2002-12-07,PAYX,14.59,14.15,14.69,13.99,14.46,2700673,75416798.5509,14.45,0.72,376101920,376102000.0,8909101333.18,10606070000.0
2002-12-06,PAYX,14.46,15.12,15.12,14.16,15.02,3636530,102095183.3682,14.53,0.97,376101920,376102000.0,8830119929.98,10512040000.0
2002-12-05,PAYX,15.02,14.73,15.17,14.73,14.85,2829162,82142701.4775,15.03,0.75,376101920,376102000.0,9168158124.2,10914470000.0
2002-12-04,PAYX,14.85,15.27,15.29,14.65,15.27,2584713,74253353.3303,14.87,0.69,376101920,376102000.0,9067064139.58,10794120000.0
2002-12-03,PAYX,15.27,15.33,15.49,15.12,15.11,3579515,105649710.9609,15.27,0.95,376101920,376102000.0,9322963254.1,11098760000.0
2002-11-30,PAYX,15.11,15.33,15.39,15.05,15.22,1358656,39773154.4438,15.15,0.36,376101920,376102000.0,9225026945.98,10982170000.0
2002-11-28,PAYX,15.22,14.55,15.45,14.55,14.48,3476540,101592463.5531,15.12,0.92,376101920,376102000.0,9291368797.27,11061150000.0
2002-11-27,PAYX,14.48,14.83,14.99,14.39,14.87,2758310,77477342.097,14.54,0.73,376101920,376102000.0,8842755058.94,10527090000.0
2002-11-26,PAYX,14.87,15.13,15.14,14.69,15.08,2978679,85651021.0413,14.88,0.79,376101920,376102000.0,9079699268.54,10809160000.0
2002-11-23,PAYX,15.08,14.9,15.1,14.65,14.89,2798278,80430896.1592,14.87,0.74,376101920,376102000.0,9206072356.99,10959610000.0
2002-11-22,PAYX,14.89,14.59,14.9,14.39,14.53,4026286,113761072.2316,14.62,1.07,376101920,376102000.0,9089176721.0,10820450000.0
2002-11-21,PAYX,14.53,14.13,14.55,13.98,14.11,3265417,90531067.4606,14.35,0.87,376101920,376102000.0,8871187100.39,10560930000.0
2002-11-20,PAYX,14.11,14.07,14.5,13.95,14.25,2997859,82215059.9485,14.19,0.8,376101920,376102000.0,8615288301.8,10256290000.0
2002-11-19,PAYX,14.25,14.5,14.61,14.23,14.47,2461521,68643933.9767,14.43,0.65,376101920,376102000.0,8700589480.96,10357840000.0
2002-11-16,PAYX,14.47,14.22,14.52,14.12,14.38,2265238,62705400.8946,14.33,0.6,376101920,376102000.0,8833277606.48,10515800000.0
2002-11-15,PAYX,14.38,13.85,14.51,13.84,13.61,3443153,94761417.0338,14.24,0.92,376101920,376102000.0,8779570884.16,10451870000.0
2002-11-14,PAYX,13.61,13.43,13.78,13.05,13.48,3149883,82280890.9391,13.52,0.84,376101920,376102000.0,8305682464.96,9887715000.0
2002-11-13,PAYX,13.48,13.33,13.78,13.07,13.25,2573319,67038266.6649,13.48,0.68,376101920,376102000.0,8226701061.76,9793688000.0
2002-11-12,PAYX,13.25,13.66,13.79,13.2,13.67,2392827,61874419.2715,13.38,0.64,376101920,376102000.0,8087692844.35,9628203000.0
2002-11-09,PAYX,13.67,13.89,14.11,13.51,13.83,2507678,66539716.0771,13.73,0.67,376101920,376102000.0,8346754374.25,9936609000.0
2002-11-08,PAYX,13.83,13.68,14.1,13.66,14.36,3571808,95486893.4499,13.83,0.95,376101920,376102000.0,8441527951.06,10049430000.0
2002-11-07,PAYX,14.36,14.75,14.75,14.08,14.57,3728794,103311081.4734,14.34,0.99,376101920,376102000.0,8766935755.2,10436830000.0
2002-11-06,PAYX,14.57,14.05,14.6,14.04,14.81,3298696,91989405.9775,14.43,0.88,376101920,376102000.0,8893304104.77,10587270000.0
2002-11-05,PAYX,14.81,15.21,15.49,14.66,15.0,3260617,94132356.3966,14.94,0.87,376101920,376102000.0,9041789774.63,10764030000.0
2002-11-02,PAYX,15.0,14.75,15.14,14.41,14.91,2789410,80152549.9025,14.87,0.74,376101920,376102000.0,9158680671.74,10903190000.0
2002-11-01,PAYX,14.91,14.66,15.02,14.49,14.58,2693267,77088029.321,14.81,0.72,376101920,376102000.0,9104973949.42,10839250000.0
2002-10-31,PAYX,14.58,14.35,15.07,14.31,14.23,3493580,98574814.8506,14.6,0.93,376101920,376102000.0,8902781557.22,10598550000.0
2002-10-30,PAYX,14.23,14.84,15.17,13.97,14.82,4931332,136422336.0495,14.26,1.31,376101920,376102000.0,8722701746.45,10384160000.0
2002-10-29,PAYX,14.82,15.54,15.54,14.68,15.5,2771449,80229255.3477,14.92,0.74,376101920,376102000.0,9086019044.5,10816690000.0
2002-10-26,PAYX,15.5,14.43,15.61,13.7,14.41,3311242,96972010.0382,15.09,0.88,376101920,376102000.0,9499880965.42,11309380000.0
2002-10-25,PAYX,14.41,15.07,15.2,14.35,15.07,2787879,79362794.0385,14.67,0.74,376101920,376102000.0,8830119929.98,10512040000.0
2002-10-24,PAYX,15.07,14.79,15.17,14.64,14.84,2351046,67919099.8748,14.89,0.63,376101920,376102000.0,9234504398.44,10993450000.0
2002-10-23,PAYX,14.84,15.05,15.1,14.65,15.18,2135345,61495565.767,14.84,0.57,376101920,376102000.0,9095496496.96,10827970000.0
2002-10-22,PAYX,15.18,14.7,15.24,14.26,14.7,2438085,70492561.2803,14.9,0.65,376101920,376102000.0,9307166025.68,11079960000.0
2002-10-19,PAYX,14.7,14.35,14.84,14.24,14.56,1693100,47729501.4738,14.53,0.45,376101920,376102000.0,9010195317.8,10726420000.0
2002-10-18,PAYX,14.56,14.49,15.1,14.25,13.93,2739800,77563439.3618,14.59,0.73,376101920,376102000.0,8924898561.6,10624880000.0
2002-10-17,PAYX,13.93,14.2,14.64,13.56,14.38,2957000,79846942.502,13.92,0.79,376101920,376102000.0,8539468998.06,10166030000.0
2002-10-16,PAYX,14.38,14.95,14.98,14.16,14.0,3435200,95668928.744,14.35,0.91,376101920,376102000.0,8814322701.57,10493240000.0
2002-10-15,PAYX,14.0,13.35,14.03,13.32,13.58,1991300,53367819.7196,13.81,0.53,376101920,376102000.0,8580536168.47,10214920000.0
2002-10-12,PAYX,13.58,13.06,13.9,12.9,12.88,3302400,86045973.8112,13.43,0.88,376101920,376102000.0,8321479693.38,9906520000.0
2002-10-11,PAYX,12.88,11.86,12.98,11.86,11.86,3526600,85902650.834,12.56,0.94,376101920,376102000.0,7891820544.04,9395020000.0
2002-10-10,PAYX,11.86,12.06,12.06,11.6,12.26,3869300,88720305.6663,11.82,1.03,376101920,376102000.0,7266289094.4,8650340000.0
2002-10-09,PAYX,12.26,12.08,12.46,11.74,11.95,2840200,67143714.0176,12.19,0.76,376101920,376102000.0,7512710756.46,8943699000.0
2002-10-08,PAYX,11.95,11.94,12.28,11.76,11.97,2766300,64715618.8944,12.06,0.74,376101920,376102000.0,7326311169.72,8721797000.0
2002-10-05,PAYX,11.97,12.35,12.44,11.67,12.16,2533000,58580921.503,11.92,0.67,376101920,376102000.0,7338950721.64,8736844000.0
2002-10-04,PAYX,12.16,12.4,12.47,11.88,12.44,4274598,101021100.0536,12.18,1.14,376101920,376102000.0,7455841618.75,8876000000.0
2002-10-03,PAYX,12.44,12.85,13.09,12.42,12.96,2877900,70935037.5126,12.7,0.77,376101920,376102000.0,7623281877.61,9075332000.0
2002-10-02,PAYX,12.96,12.54,12.99,12.29,12.51,3661400,89531108.4572,12.6,0.97,376101920,376102000.0,7942369905.79,9455199000.0
2002-10-01,PAYX,12.51,12.82,12.82,12.27,12.96,3775500,91674784.3725,12.52,1.0,376101920,376102000.0,7667511463.4,9127984000.0
2002-09-28,PAYX,12.96,12.92,13.49,12.84,13.06,2861000,73064464.046,13.16,0.76,376101920,376102000.0,7942369905.79,9455199000.0
2002-09-27,PAYX,13.06,13.05,13.3,12.77,12.87,2183300,55144450.8538,13.02,0.58,376101920,376102000.0,8002391665.19,9526652000.0
2002-09-26,PAYX,12.87,12.74,13.03,12.51,12.55,3818700,94331028.1491,12.73,1.02,376101920,376102000.0,7885500768.08,9387496000.0
2002-09-25,PAYX,12.55,12.43,12.79,12.37,12.54,4294699,104683288.125,12.56,1.14,376101920,376102000.0,7692785828.35,9158074000.0
2002-09-24,PAYX,12.54,12.39,12.79,12.33,12.43,3313200,80714813.3616,12.56,0.88,376101920,376102000.0,7686466052.39,9150551000.0
2002-09-21,PAYX,12.43,13.0,13.04,12.23,12.77,5870297,144024179.495,12.65,1.56,376101920,376102000.0,7616962101.65,9067809000.0
2002-09-20,PAYX,12.77,11.86,12.94,11.83,12.07,6790199,166140538.4919,12.61,1.81,376101920,376102000.0,7825474269.8,9316039000.0
2002-09-19,PAYX,12.07,11.94,12.27,11.78,11.98,4124399,96011851.3258,12.0,1.1,376101920,376102000.0,7395815120.47,8804539000.0
2002-09-18,PAYX,11.98,11.96,12.32,11.86,11.84,2955800,69251127.841,12.08,0.79,376101920,376102000.0,7342108398.14,8740602000.0
2002-09-17,PAYX,11.84,12.0,12.01,11.67,12.07,2883400,66095884.0932,11.82,0.77,376101920,376102000.0,7256806903.06,8639055000.0
2002-09-14,PAYX,12.07,11.75,12.2,11.64,12.06,1681100,38921328.1678,11.93,0.45,376101920,376102000.0,7395815120.47,8804539000.0
2002-09-13,PAYX,12.06,12.47,12.47,11.93,12.53,1988300,46553453.7451,12.07,0.53,376101920,376102000.0,7392657443.97,8800777000.0
2002-09-12,PAYX,12.53,12.54,12.88,12.48,12.32,2149000,52642533.657,12.63,0.57,376101920,376102000.0,7680151015.32,9143031000.0
2002-09-11,PAYX,12.32,12.2,12.42,12.06,12.14,1798800,42708903.0036,12.24,0.48,376101920,376102000.0,7553777926.87,8992590000.0
2002-09-10,PAYX,12.14,11.96,12.34,11.78,12.02,1888300,44071762.5838,12.03,0.5,376101920,376102000.0,7443206805.72,8860957000.0
2002-09-07,PAYX,12.02,11.65,12.3,11.59,11.39,3260200,75939838.6,12.01,0.87,376101920,376102000.0,7367383079.02,8770691000.0
2002-09-06,PAYX,11.39,11.65,11.68,11.25,11.88,4027600,88646658.3972,11.34,1.07,376101920,376102000.0,6981953199.55,8311848000.0
2002-09-05,PAYX,11.88,11.63,12.0,11.41,11.6,2393000,54237330.642,11.68,0.64,376101920,376102000.0,7282081583.93,8669141000.0
2002-09-04,PAYX,11.6,12.1,12.11,11.39,12.06,2533900,57043914.4361,11.6,0.67,376101920,376102000.0,7108326288.0,8462289000.0
2002-08-31,PAYX,12.06,12.3,12.45,12.06,12.27,1998300,47448008.8821,12.24,0.53,375889920,375890000.0,7828281466.67,8795816000.0
2002-08-30,PAYX,12.27,12.0,12.57,11.89,12.26,2333300,55609984.5603,12.28,0.62,375889920,375890000.0,7965445036.64,8949934000.0
2002-08-29,PAYX,12.26,12.46,12.83,12.01,12.68,1961100,46953826.9767,12.34,0.52,375889920,375890000.0,7958752857.9,8942414000.0
2002-08-28,PAYX,12.68,13.22,13.27,12.58,12.89,1781500,44287901.161,12.81,0.47,375889920,375890000.0,8229730897.6,9246883000.0
2002-08-27,PAYX,12.89,12.66,13.06,12.56,12.56,2158000,53706989.778,12.83,0.57,375889920,375890000.0,8366894467.58,9401000000.0
2002-08-24,PAYX,12.56,12.96,13.11,12.47,13.02,2324800,57564128.696,12.76,0.62,375889920,375890000.0,8152787903.69,9160434000.0
2002-08-23,PAYX,13.02,12.71,13.14,12.54,12.73,2067200,51993569.4336,12.96,0.55,375889920,375890000.0,8450529974.78,9494973000.0
2002-08-22,PAYX,12.73,12.49,12.89,12.31,12.36,2180600,53337691.8794,12.61,0.58,375889920,375890000.0,8263187107.73,9284477000.0
2002-08-21,PAYX,12.36,12.45,12.49,12.09,12.54,2627100,62704135.0845,12.3,0.7,375889920,375890000.0,8018967746.75,9010070000.0
2002-08-20,PAYX,12.54,12.58,12.71,12.29,12.46,2425600,58705064.9216,12.47,0.65,375889920,375890000.0,8139403211.66,9145395000.0
2002-08-17,PAYX,12.46,11.87,12.55,11.75,11.84,3547000,84174516.742,12.23,0.94,375889920,375890000.0,8085880501.55,9085258000.0
2002-08-16,PAYX,11.84,12.08,12.15,11.67,12.03,5797797,133656579.4542,11.88,1.54,375889920,375890000.0,7687774483.66,8637945000.0
2002-08-15,PAYX,12.03,11.21,12.11,10.92,11.12,5594598,124823241.0874,11.5,1.49,375889920,375890000.0,7804861182.86,8769504000.0
2002-08-14,PAYX,11.12,10.59,11.61,10.59,10.59,4883098,105504679.2823,11.14,1.3,375889920,375890000.0,7216069219.42,8107941000.0
2002-08-13,PAYX,10.59,11.07,11.18,10.51,11.2,3982000,83149710.908,10.76,1.06,375889920,375890000.0,6874834677.34,7724527000.0
2002-08-10,PAYX,11.2,11.53,11.59,10.93,11.61,4137500,89932671.0375,11.2,1.1,375889920,375890000.0,7269596947.66,8168082000.0
2002-08-09,PAYX,11.61,11.52,11.78,11.29,11.65,3224800,71970080.2624,11.5,0.86,375889920,375890000.0,7533883143.16,8465035000.0
2002-08-08,PAYX,11.65,12.03,12.18,11.26,11.81,2906400,64867058.0544,11.5,0.77,375889920,375890000.0,7563990587.58,8498863000.0
2002-08-07,PAYX,11.81,11.4,12.06,11.4,11.54,2921700,66955418.5332,11.81,0.78,375889920,375890000.0,7667702965.55,8615395000.0
2002-08-06,PAYX,11.54,11.39,11.92,11.24,12.3,4540098,101771740.2475,11.55,1.21,375889920,375890000.0,7490396024.83,8416172000.0
2002-08-03,PAYX,12.3,13.01,13.14,12.11,13.11,3377300,81793778.3597,12.48,0.9,375889920,375890000.0,7982168123.58,8968727000.0
2002-08-02,PAYX,13.11,13.53,13.96,12.77,13.56,2790400,71673377.28,13.24,0.74,375889920,375890000.0,8507401450.59,9558875000.0
2002-08-01,PAYX,13.56,13.4,13.57,13.0,13.41,2857500,73300004.2125,13.22,0.76,375889920,375890000.0,8801800108.64,9889660000.0
2002-07-31,PAYX,13.41,13.3,13.61,12.86,13.42,2628300,67562262.3987,13.25,0.7,375889920,375890000.0,8701436496.38,9776891000.0
2002-07-30,PAYX,13.42,13.13,13.45,12.5,12.23,3199900,81952958.89,13.15,0.85,375889920,375890000.0,8744928632.83,9825758000.0
2002-07-27,PAYX,12.23,11.81,12.35,11.63,11.85,3007100,71051731.7361,12.13,0.8,375889920,375890000.0,7968788784.22,8953691000.0
2002-07-26,PAYX,11.85,12.15,12.24,11.48,12.2,3591600,83107102.6968,11.88,0.96,375889920,375890000.0,7721225675.66,8675531000.0
2002-07-25,PAYX,12.2,11.32,12.25,11.12,11.5,4493297,102497033.7168,11.71,1.2,375889920,375890000.0,7948716931.58,8931141000.0
2002-07-24,PAYX,11.5,11.37,11.89,11.31,11.41,5305399,119950222.2553,11.6,1.41,375889920,375890000.0,7493739437.87,8419926000.0
2002-07-23,PAYX,11.41,11.7,12.06,11.31,11.95,5319098,121195589.4199,11.69,1.42,375889920,375890000.0,7436867962.06,8356027000.0
2002-07-20,PAYX,11.95,12.11,12.47,11.82,12.58,4352899,103291220.1233,12.18,1.16,375889920,375890000.0,7788138095.92,8750715000.0
2002-07-19,PAYX,12.58,14.0,14.0,11.39,14.48,10814700,262698731.3418,12.47,2.88,375889920,375890000.0,8196279705.6,9209301000.0
2002-07-18,PAYX,14.48,14.62,14.97,14.05,14.33,2544700,71744225.9283,14.47,0.68,375889920,375890000.0,9440771369.15,10607610000.0
2002-07-17,PAYX,14.33,14.63,15.01,14.1,15.04,2975400,84033032.04,14.5,0.79,375889920,375890000.0,9337064343.85,10491080000.0
2002-07-16,PAYX,15.04,14.38,15.05,13.77,14.55,3829900,106734678.821,14.3,1.02,375889920,375890000.0,9805426195.04,11017330000.0
2002-07-13,PAYX,14.55,14.61,14.76,13.99,14.44,2838100,79940178.0514,14.46,0.76,375889920,375890000.0,9480920092.57,10652710000.0
2002-07-12,PAYX,14.44,13.88,14.69,13.68,14.18,3712300,103295475.1108,14.28,0.99,375889920,375890000.0,9414012690.43,10577540000.0
2002-07-11,PAYX,14.18,14.84,15.04,14.16,14.76,2430500,68712658.2085,14.51,0.65,375889920,375890000.0,9243392910.32,10385830000.0
2002-07-10,PAYX,14.76,15.08,15.3,14.71,15.12,2780200,80920765.319,14.94,0.74,375889920,375890000.0,9621427075.58,10810590000.0
2002-07-09,PAYX,15.12,15.91,16.23,14.85,15.97,2673100,80425821.6638,15.44,0.71,375889920,375890000.0,9855605492.11,11073710000.0
2002-07-06,PAYX,15.97,15.25,16.07,15.09,15.18,1212700,37112366.0303,15.71,0.32,375889920,375890000.0,10407597832.38,11693930000.0
2002-07-04,PAYX,15.18,14.73,15.24,14.66,14.66,3303800,96770601.4448,15.03,0.88,375889920,375890000.0,9895748862.86,11118820000.0
2002-07-03,PAYX,14.66,15.08,15.47,14.42,15.26,3041400,87827992.0032,14.82,0.81,375889920,375890000.0,9557863421.02,10739170000.0
2002-07-02,PAYX,15.26,16.07,16.27,15.2,16.06,2417100,73531055.9319,15.61,0.64,375889920,375890000.0,9945933178.06,11175200000.0
2002-06-29,PAYX,16.06,15.76,16.22,15.66,15.68,3014600,93630156.9254,15.94,0.8,375101920,375102000.0,10445873775.31,11736930000.0
2002-06-28,PAYX,15.68,15.81,15.91,14.81,15.54,3606100,108764999.2973,15.48,0.96,375101920,375102000.0,10198829647.75,11459360000.0
2002-06-27,PAYX,15.54,14.57,15.68,14.4,14.97,5592598,163619250.5716,15.02,1.49,375101920,375102000.0,10108696328.62,11358080000.0
2002-06-26,PAYX,14.97,15.28,15.65,14.85,16.0,9859500,294106804.6455,15.31,2.63,375101920,375102000.0,9738133141.86,10941720000.0
2002-06-25,PAYX,16.0,15.78,16.3,15.27,15.77,4100500,125722912.793,15.74,1.09,375101920,375102000.0,10409150963.5,11695670000.0
2002-06-22,PAYX,15.77,16.2,16.39,15.76,16.55,4792098,149852215.7997,16.05,1.28,375101920,375102000.0,10258923646.06,11526880000.0
2002-06-21,PAYX,16.55,16.97,17.34,16.5,17.01,2863700,93965726.1263,16.84,0.76,375101920,375102000.0,10766362858.8,12097040000.0
2002-06-20,PAYX,17.01,17.37,17.57,16.99,17.31,2179600,73158247.8448,17.23,0.58,375101920,375102000.0,11066817493.68,12434620000.0
2002-06-19,PAYX,17.31,17.57,17.62,17.25,17.66,2422300,82057076.6201,17.39,0.65,375101920,375102000.0,11260445772.46,12652180000.0
2002-06-18,PAYX,17.66,17.11,17.66,17.05,16.91,2566800,87397981.9524,17.48,0.68,375101920,375102000.0,11487455117.56,12907250000.0
2002-06-15,PAYX,16.91,16.77,16.96,15.65,16.92,3612300,116251396.2177,16.52,0.96,375101920,375102000.0,11000050353.44,12359610000.0
2002-06-14,PAYX,16.92,17.32,17.33,16.78,17.41,2148800,71029422.032,16.97,0.57,375101920,375102000.0,11006723495.37,12367100000.0
2002-06-13,PAYX,17.41,17.29,17.53,16.53,17.35,3615800,120633573.82,17.12,0.96,375101920,375102000.0,11323876508.66,12723450000.0
2002-06-12,PAYX,17.35,17.56,17.77,17.29,17.47,2015600,68926255.7776,17.55,0.54,375101920,375102000.0,11283811951.35,12678440000.0
2002-06-11,PAYX,17.47,17.71,17.86,17.38,17.71,2121100,72812675.369,17.62,0.57,375101920,375102000.0,11363935724.51,12768460000.0
2002-06-08,PAYX,17.71,17.66,18.05,17.52,17.65,2506500,86528866.635,17.72,0.67,375101920,375102000.0,11520841191.48,12944760000.0
2002-06-07,PAYX,17.65,17.98,18.09,17.52,17.96,1961500,67871624.8885,17.76,0.52,375101920,375102000.0,11477440230.14,12896000000.0
2002-06-06,PAYX,17.96,17.7,18.03,17.3,17.69,2827700,98270472.7661,17.84,0.75,375101920,375102000.0,11684424808.0,13128560000.0
2002-06-05,PAYX,17.69,17.28,17.89,17.22,17.39,2985600,102055531.7472,17.54,0.8,375101920,375102000.0,11507484558.57,12929750000.0
2002-06-04,PAYX,17.39,17.78,17.93,17.33,17.78,1871700,64146509.343,17.59,0.5,375101920,375102000.0,11313861621.23,12712200000.0
2002-06-01,PAYX,17.78,17.82,18.25,17.66,17.73,1902200,66692260.0046,18.0,0.51,375101920,375102000.0,11567578556.88,12997280000.0
2002-05-31,PAYX,17.73,17.9,17.94,17.37,18.06,2468500,85029686.8705,17.68,0.66,375101920,375102000.0,11534192482.95,12959760000.0
2002-05-30,PAYX,18.06,18.14,18.22,17.88,18.15,1360700,47924935.7565,18.08,0.36,375101920,375102000.0,11744513798.7,13196080000.0
2002-05-29,PAYX,18.15,18.34,18.37,17.84,18.24,2018500,70963169.178,18.04,0.54,375101920,375102000.0,11804602789.4,13263600000.0
2002-05-25,PAYX,18.24,18.48,18.58,18.07,18.53,1287200,45727772.2768,18.23,0.34,375101920,375102000.0,11864696787.71,13331120000.0
2002-05-24,PAYX,18.53,18.43,18.62,17.99,18.37,1935600,68892428.7816,18.27,0.52,375101920,375102000.0,12051646583.11,13541170000.0
2002-05-23,PAYX,18.37,18.33,18.58,17.97,18.5,1591100,56473537.6023,18.22,0.42,375101920,375102000.0,11948156964.91,13424890000.0
2002-05-22,PAYX,18.5,18.69,18.78,18.12,18.69,2189400,78413334.7272,18.38,0.58,375101920,375102000.0,12034953546.15,13522420000.0
2002-05-21,PAYX,18.69,19.02,19.41,18.38,19.31,2160300,78636192.4167,18.68,0.58,375101920,375102000.0,12155136535.16,13657450000.0
2002-05-18,PAYX,19.31,19.02,19.5,18.9,19.11,2313500,86292851.323,19.14,0.62,375101920,375102000.0,12562422533.74,14115080000.0
2002-05-17,PAYX,19.11,18.9,19.35,18.87,18.83,2548000,94786331.276,19.09,0.68,375101920,375102000.0,12432224991.15,13968790000.0
2002-05-16,PAYX,18.83,18.27,19.45,18.13,18.25,3404400,125017367.4804,18.85,0.91,375101920,375102000.0,12248611599.78,13762480000.0
2002-05-15,PAYX,18.25,17.94,18.34,17.92,17.52,3294700,116367472.9412,18.13,0.88,375101920,375102000.0,11871374937.25,13338620000.0
2002-05-14,PAYX,17.52,17.55,18.0,17.28,17.42,3251400,111593529.8604,17.62,0.87,375101920,375102000.0,11397321798.43,12805980000.0
2002-05-11,PAYX,17.42,18.28,18.33,17.4,18.0,3113400,107128354.8066,17.66,0.83,375101920,375102000.0,11327212912.7,12727200000.0
2002-05-10,PAYX,18.0,18.59,18.74,17.93,18.61,2381000,84684050.79,18.26,0.63,375101920,375102000.0,11704454582.85,13151070000.0
2002-05-09,PAYX,18.61,18.19,18.62,17.96,17.94,3006200,107889169.0932,18.42,0.8,375101920,375102000.0,12101725694.0,13597440000.0
2002-05-08,PAYX,17.94,18.03,18.28,17.71,17.68,3477900,122394211.5873,18.06,0.93,375101920,375102000.0,11667731771.04,13109810000.0
2002-05-07,PAYX,17.68,18.3,18.66,17.68,18.24,2337600,82637636.0112,18.14,0.62,375101920,375102000.0,11500811416.64,12922260000.0
2002-05-04,PAYX,18.24,18.72,18.79,18.17,18.74,2565300,92154262.1058,18.44,0.68,375101920,375102000.0,11864696787.71,13331120000.0
2002-05-03,PAYX,18.74,18.94,19.31,18.4,19.01,2558600,93458473.4512,18.75,0.68,375101920,375102000.0,12191859346.97,13698710000.0
2002-05-02,PAYX,19.01,19.25,19.25,18.44,19.16,3080300,112991869.5497,18.83,0.82,375101920,375102000.0,12365457850.91,13893770000.0
2002-05-01,PAYX,19.16,18.6,19.8,18.55,18.58,4356098,163368032.699,19.25,1.16,375101920,375102000.0,12462269319.57,14002550000.0
2002-04-30,PAYX,18.58,19.3,19.35,18.29,19.1,3938100,144581379.2166,18.84,1.05,375101920,375102000.0,12081691245.38,13574930000.0
2002-04-27,PAYX,19.1,19.6,19.88,19.09,19.5,1848200,70504758.4154,19.52,0.49,375101920,375102000.0,12462269319.57,14002550000.0
2002-04-26,PAYX,19.5,19.5,19.57,19.0,19.5,3871700,145976609.9764,19.29,1.03,375101920,375102000.0,12719328000.71,14291380000.0
2002-04-25,PAYX,19.5,19.66,19.9,19.45,19.68,2344600,90321694.011,19.71,0.63,375101920,375102000.0,12719328000.71,14291380000.0
2002-04-24,PAYX,19.68,19.96,20.03,19.59,19.89,1847800,71613501.2542,19.83,0.49,375101920,375102000.0,12839510989.72,14426410000.0
2002-04-23,PAYX,19.89,19.99,20.16,19.55,20.1,2754900,106926997.0914,19.86,0.73,375101920,375102000.0,12973045270.2,14576450000.0
2002-04-20,PAYX,20.1,20.59,20.73,20.09,20.47,1918400,76400070.8944,20.38,0.51,375101920,375102000.0,13109921296.17,14730250000.0
2002-04-19,PAYX,20.47,20.55,20.75,19.97,20.58,1738800,69215523.0732,20.37,0.46,375101920,375102000.0,13353628352.0,15004070000.0
2002-04-18,PAYX,20.58,21.1,21.14,20.33,21.17,2011200,81100622.3328,20.64,0.54,375101920,375102000.0,13423732230.12,15082840000.0
2002-04-17,PAYX,21.17,20.91,21.17,20.76,20.73,1973700,80783919.9504,20.95,0.53,375101920,375102000.0,13807647042.2,15514210000.0
2002-04-16,PAYX,20.73,21.14,21.19,20.6,20.85,2363900,96576872.1071,20.91,0.63,375101920,375102000.0,13520548706.4,15191630000.0
2002-04-13,PAYX,20.85,20.59,20.98,20.21,20.45,2300400,92971107.6768,20.68,0.61,375101920,375102000.0,13604008883.6,15285400000.0
2002-04-12,PAYX,20.45,20.71,20.86,20.45,20.78,1613700,65060186.7663,20.63,0.43,375101920,375102000.0,13340272052.92,14989070000.0
2002-04-11,PAYX,20.78,20.31,20.85,20.22,20.16,2416500,97124451.3,20.57,0.64,375101920,375102000.0,13557266510.6,15232880000.0
2002-04-10,PAYX,20.16,20.27,20.45,20.08,20.24,1775600,70308054.9972,20.26,0.47,375101920,375102000.0,13153321923.68,14779010000.0
2002-04-09,PAYX,20.24,19.7,20.24,19.7,19.93,1844300,72307614.7342,20.06,0.49,375101920,375102000.0,13203396026.95,14835270000.0
2002-04-06,PAYX,19.93,19.83,20.11,19.71,19.75,1287200,50114025.9864,19.92,0.34,375101920,375102000.0,12999753194.58,14606460000.0
2002-04-05,PAYX,19.75,19.8,19.95,19.38,19.75,1999100,76918770.97,19.69,0.53,375101920,375102000.0,12886248355.11,14478930000.0
2002-04-04,PAYX,19.75,19.98,20.26,19.5,19.85,2031800,78746450.2502,19.83,0.54,375101920,375102000.0,12882911951.07,14475180000.0
2002-04-03,PAYX,19.85,19.98,20.06,19.8,20.09,2261800,87931064.4766,19.9,0.6,375101920,375102000.0,12949679091.31,14550200000.0
2002-04-02,PAYX,20.09,20.18,20.21,19.68,20.32,1929300,75298252.2642,19.97,0.51,375101920,375102000.0,13106584558.28,14726500000.0
2002-03-29,PAYX,20.32,19.65,20.51,19.62,19.61,2488200,97908408.2262,20.14,0.66,375101920,375102000.0,13253475137.84,14891540000.0
2002-03-28,PAYX,19.61,19.55,19.7,19.45,19.64,1446400,55331289.9968,19.58,0.39,375101920,375102000.0,12792773624.33,14373900000.0
2002-03-27,PAYX,19.64,19.47,19.87,19.45,19.52,2112100,80832590.9595,19.59,0.56,375101920,375102000.0,12812803065.34,14396400000.0
2002-03-26,PAYX,19.52,19.9,20.08,19.45,20.09,2009100,77223955.5099,19.67,0.54,375101920,375102000.0,12736021037.68,14310130000.0
2002-03-23,PAYX,20.09,20.1,20.27,19.64,20.21,1579800,61522454.7216,19.93,0.42,375101920,375102000.0,13106584558.28,14726500000.0
2002-03-22,PAYX,20.21,19.86,20.28,19.62,20.27,4333899,168499769.8298,19.9,1.16,375101920,375102000.0,13186707997.6,14816520000.0
2002-03-21,PAYX,20.27,21.08,21.08,20.21,21.19,3381600,135412452.24,20.49,0.9,375101920,375102000.0,13223425801.8,14857780000.0
2002-03-20,PAYX,21.19,20.8,21.42,20.8,20.96,2629200,108889624.7124,21.19,0.7,375101920,375102000.0,13821003341.28,15529210000.0
2002-03-19,PAYX,20.96,20.85,21.21,20.78,20.75,2618900,107547454.0832,21.02,0.7,375101920,375102000.0,13674112761.72,15364170000.0
2002-03-16,PAYX,20.75,20.34,20.87,20.21,20.24,3252300,130669601.9754,20.56,0.87,375101920,375102000.0,13537236735.75,15210380000.0
2002-03-15,PAYX,20.24,20.47,20.48,19.73,20.61,4487399,175548807.9404,20.02,1.2,375101920,375102000.0,13203396026.95,14835270000.0
2002-03-14,PAYX,20.61,21.01,21.13,20.34,21.26,3057700,123869836.4676,20.73,0.82,375101920,375102000.0,13447103416.62,15109100000.0
2002-03-13,PAYX,21.26,21.01,21.37,20.82,21.27,1947100,80038836.099,21.04,0.52,375101920,375102000.0,13871077444.55,15585480000.0
2002-03-12,PAYX,21.27,20.98,21.38,20.43,21.18,3495300,142836095.1117,20.91,0.93,375101920,375102000.0,13874419190.05,15589230000.0
2002-03-09,PAYX,21.18,21.29,21.38,20.82,20.81,3430600,141125250.8752,21.05,0.91,375101920,375102000.0,13814325191.74,15521710000.0
2002-03-08,PAYX,20.81,21.08,21.57,20.6,20.8,3772700,155891333.0211,21.15,1.01,375101920,375102000.0,13573959547.56,15251640000.0
2002-03-07,PAYX,20.8,20.48,20.91,20.31,20.55,2740100,110863043.0688,20.71,0.73,375101920,375102000.0,13567286405.63,15244140000.0
2002-03-06,PAYX,20.55,20.96,21.22,20.34,21.12,4269000,172207148.31,20.64,1.14,375101920,375102000.0,13407039193.16,15064090000.0
2002-03-05,PAYX,21.12,19.75,21.26,19.72,19.65,5729199,230536006.7832,20.59,1.53,375101920,375102000.0,13777602713.77,15480450000.0
2002-03-02,PAYX,19.65,18.91,19.77,18.82,18.91,2277400,86460336.3582,19.43,0.61,375101920,375102000.0,12819481214.88,14403910000.0
2002-03-01,PAYX,18.91,18.83,19.06,18.75,18.82,2062800,76278810.4236,18.92,0.55,375101920,375102000.0,12335413188.64,13860010000.0
2002-02-28,PAYX,18.82,19.05,19.09,18.6,19.01,2339300,86178625.9749,18.85,0.62,374740000,374740000.0,12266813774.48,13782930000.0
2002-02-27,PAYX,19.01,19.04,19.19,18.74,19.05,1756800,65114028.1728,18.97,0.47,374740000,374740000.0,12386880804.0,13917840000.0
2002-02-26,PAYX,19.05,18.6,19.19,18.6,18.6,2092300,77278682.04,18.9,0.56,374740000,374740000.0,12413557622.74,13947820000.0
2002-02-23,PAYX,18.6,18.08,18.73,18.04,18.06,2046700,73594194.783,18.4,0.55,374740000,374740000.0,12120064923.44,13618050000.0
2002-02-22,PAYX,18.06,18.52,18.64,18.05,18.46,1883000,67571072.751,18.36,0.5,374740000,374740000.0,11773202577.78,13228310000.0
2002-02-21,PAYX,18.46,18.4,18.69,18.27,18.32,1827100,65786195.3529,18.43,0.49,374740000,374740000.0,12033346752.26,13520610000.0
2002-02-20,PAYX,18.32,18.35,18.45,18.2,18.47,2607900,93337760.6889,18.32,0.7,374740000,374740000.0,11939961877.78,13415680000.0
2002-02-16,PAYX,18.47,18.09,18.6,18.05,18.12,2354100,84587250.4785,18.39,0.63,374740000,374740000.0,12040018458.33,13528110000.0
2002-02-15,PAYX,18.12,18.25,18.52,17.91,18.19,2322300,82623931.9716,18.21,0.62,374740000,374740000.0,11806556438.89,13265790000.0
2002-02-14,PAYX,18.19,18.13,18.53,18.02,18.12,1695200,60453374.8,18.25,0.45,374740000,374740000.0,11853249042.89,13318250000.0
2002-02-13,PAYX,18.12,18.34,18.4,17.98,18.58,1479000,52518831.51,18.17,0.39,374740000,374740000.0,11806556438.89,13265790000.0
2002-02-12,PAYX,18.58,18.37,18.72,18.34,18.42,1529800,55533705.793,18.58,0.41,374740000,374740000.0,12106721177.78,13603050000.0
2002-02-09,PAYX,18.42,17.89,18.47,17.81,17.89,1602300,56834537.5731,18.15,0.43,374740000,374740000.0,12003331412.33,13486880000.0
2002-02-08,PAYX,17.89,17.79,18.48,17.78,17.84,2135400,75738145.1184,18.15,0.57,374740000,374740000.0,11656474069.44,13097160000.0
2002-02-07,PAYX,17.84,18.17,18.2,17.61,17.99,2519800,87678935.602,17.81,0.67,374740000,374740000.0,11629792247.93,13067180000.0
2002-02-06,PAYX,17.99,18.0,18.36,17.75,17.98,1926700,68032331.8896,18.07,0.51,374740000,374740000.0,11723176788.89,13172110000.0
2002-02-05,PAYX,17.98,18.32,18.34,17.82,18.32,1889100,66677654.709,18.06,0.5,374740000,374740000.0,11719843604.0,13168360000.0
2002-02-02,PAYX,18.32,18.49,18.7,18.02,18.78,1517700,54455060.823,18.36,0.41,374740000,374740000.0,11939961877.78,13415680000.0
2002-02-01,PAYX,18.78,18.27,18.78,18.12,18.37,2154700,77798886.7106,18.48,0.57,374740000,374740000.0,12240131619.44,13752950000.0
2002-01-31,PAYX,18.37,17.6,18.44,17.55,17.42,4318598,151547364.3406,17.96,1.15,374740000,374740000.0,11969982554.0,13449420000.0
2002-01-30,PAYX,17.42,17.57,17.68,16.25,18.03,10705297,356786009.9524,17.0,2.86,374740000,374740000.0,11389658188.89,12797370000.0
2002-01-29,PAYX,18.03,18.38,18.54,17.73,18.39,2620500,92273821.668,17.96,0.7,374740000,374740000.0,11789879508.33,13247050000.0
2002-01-26,PAYX,18.39,18.52,18.57,18.29,18.49,1507300,54360456.4597,18.4,0.4,374740000,374740000.0,12026680048.96,13513120000.0
2002-01-25,PAYX,18.49,18.39,18.6,18.24,18.28,2416800,87250810.9056,18.42,0.64,374740000,374740000.0,12086711062.33,13580570000.0
2002-01-24,PAYX,18.28,18.07,18.33,18.03,18.03,2704100,96442783.8031,18.19,0.72,374740000,374740000.0,11953305623.44,13430680000.0
2002-01-23,PAYX,18.03,18.77,18.77,17.99,18.49,2914700,104692194.0842,18.32,0.78,374740000,374740000.0,11789879508.33,13247050000.0
2002-01-19,PAYX,18.49,18.95,19.04,18.45,19.19,2105100,77078023.8849,18.68,0.56,374740000,374740000.0,12086711062.33,13580570000.0
2002-01-18,PAYX,19.19,18.98,19.37,18.7,18.9,1602100,59653389.2458,18.99,0.43,374740000,374740000.0,12543629876.74,14093960000.0
2002-01-17,PAYX,18.9,19.34,19.38,18.9,19.28,2507600,94020919.826,19.13,0.67,374740000,374740000.0,12356860127.78,13884110000.0
2002-01-16,PAYX,19.28,18.89,19.51,18.83,18.79,2312600,87306190.9896,19.26,0.62,374740000,374740000.0,12606999077.78,14165160000.0
2002-01-15,PAYX,18.79,19.17,19.26,18.56,18.88,2629200,97349524.2972,18.89,0.7,374740000,374740000.0,12286824223.44,13805420000.0
2002-01-12,PAYX,18.88,18.9,18.94,18.56,18.82,2333000,85998546.738,18.8,0.62,374740000,374740000.0,12346855236.81,13872870000.0
2002-01-11,PAYX,18.82,17.95,19.07,17.78,18.05,3353200,122205352.0204,18.59,0.89,374740000,374740000.0,12303501154.0,13824150000.0
2002-01-10,PAYX,18.05,17.69,18.61,17.62,17.63,3357900,119835724.4721,18.2,0.9,374740000,374740000.0,11803223254.0,13262040000.0
2002-01-09,PAYX,17.63,17.8,18.01,17.31,17.75,1891000,65142491.7,17.57,0.5,374740000,374740000.0,11526402148.96,12951010000.0
2002-01-08,PAYX,17.75,18.16,18.36,17.71,18.16,1867400,66016677.7386,18.03,0.5,374740000,374740000.0,11603110092.89,13037200000.0
2002-01-05,PAYX,18.16,17.91,18.19,17.82,17.96,2053400,72608006.3396,18.04,0.55,374740000,374740000.0,11876592676.74,13344480000.0
2002-01-04,PAYX,17.96,17.75,18.1,17.63,17.65,1852200,64832539.9302,17.86,0.49,374740000,374740000.0,11743187237.85,13194590000.0
2002-01-03,PAYX,17.65,17.89,17.93,17.32,17.78,2903800,100019065.0562,17.57,0.77,374740000,374740000.0,11539740558.33,12966000000.0
2002-01-01,PAYX,17.78,18.16,18.46,17.78,18.26,1822000,64785395.134,18.14,0.49,374740000,374740000.0,11623120208.33,13059680000.0
2001-12-29,PAYX,18.26,18.22,18.5,18.12,18.23,1603000,57522204.285,18.3,0.43,374740000,374740000.0,11939961877.78,13415680000.0
2001-12-28,PAYX,18.23,18.11,18.34,18.0,18.12,1545200,54984067.6724,18.15,0.41,374740000,374740000.0,11916618243.93,13389460000.0
2001-12-27,PAYX,18.12,17.98,18.43,17.9,17.91,1406400,50144891.0304,18.19,0.38,374740000,374740000.0,11849915524.48,13314510000.0
2001-12-25,PAYX,17.91,18.01,18.24,17.89,17.85,726300,25655747.8437,18.02,0.19,374740000,374740000.0,11713171897.93,13160860000.0
2001-12-22,PAYX,17.85,18.36,18.36,17.6,17.6,4084600,143360449.3724,17.9,1.09,374740000,374740000.0,11669812812.33,13112150000.0
2001-12-21,PAYX,17.6,18.13,18.13,17.43,18.16,4614000,160904944.8,17.79,1.23,374740000,374740000.0,11506391700.0,12928530000.0
2001-12-20,PAYX,18.16,17.9,18.95,17.85,19.07,9529000,342800019.484,18.35,2.54,374740000,374740000.0,11876592676.74,13344480000.0
2001-12-19,PAYX,19.07,19.46,19.46,18.74,19.49,4667399,174030972.8135,19.02,1.25,374740000,374740000.0,12466921932.81,14007770000.0
2001-12-18,PAYX,19.49,19.32,19.7,19.17,19.28,2943500,112495230.491,19.5,0.79,374740000,374740000.0,12743743037.85,14318810000.0
2001-12-15,PAYX,19.28,19.49,19.72,19.14,19.44,2363300,89771359.0268,19.38,0.63,374740000,374740000.0,12603665892.89,14161420000.0
2001-12-14,PAYX,19.44,19.79,19.82,19.38,19.9,3142000,120517342.096,19.57,0.84,374740000,374740000.0,12707055658.33,14277590000.0
2001-12-13,PAYX,19.9,19.3,19.99,19.15,19.34,2807000,107637502.7,19.56,0.75,374740000,374740000.0,13010558918.41,14618600000.0
2001-12-12,PAYX,19.34,19.03,19.52,18.94,18.91,2914500,110349644.205,19.31,0.78,374740000,374740000.0,12647024978.48,14210140000.0
2001-12-11,PAYX,18.91,19.17,19.47,18.86,19.14,1586600,59709625.2468,19.2,0.42,374740000,374740000.0,12363532167.37,13891610000.0
2001-12-08,PAYX,19.14,19.07,19.21,18.8,19.14,2378100,88492637.2347,18.98,0.63,374740000,374740000.0,12513614536.81,14060240000.0
2001-12-07,PAYX,19.14,19.77,19.87,19.14,20.07,2628500,100044634.3505,19.42,0.7,374740000,374740000.0,12516952724.48,14063990000.0
2001-12-06,PAYX,20.07,18.39,20.13,18.32,18.33,4643297,177258304.0882,19.47,1.24,374740000,374740000.0,13123953908.33,14746010000.0
2001-12-05,PAYX,18.33,17.75,18.35,17.74,17.77,2287000,80708216.278,18.0,0.61,374740000,374740000.0,11983320963.37,13464400000.0
2001-12-04,PAYX,17.77,17.85,17.98,17.62,17.86,2812500,98440849.6875,17.85,0.75,374740000,374740000.0,11619787023.44,13055940000.0
2001-12-01,PAYX,17.86,17.84,17.98,17.57,17.78,2603400,90961491.6966,17.82,0.69,374740000,374740000.0,11676484518.41,13119640000.0
2001-11-30,PAYX,17.78,17.8,18.08,17.69,17.8,2100200,73567664.277,17.87,0.56,374300000,374300000.0,11609472951.86,13044350000.0
2001-11-29,PAYX,17.8,18.26,18.35,17.73,18.24,2463500,86745003.423,17.96,0.66,374300000,374300000.0,11622801030.0,13059320000.0
2001-11-28,PAYX,18.24,18.44,18.47,18.15,18.46,2225600,79894341.7584,18.31,0.59,374300000,374300000.0,11912619854.37,13384960000.0
2001-11-27,PAYX,18.46,18.47,18.5,18.07,18.37,1838500,66079903.842,18.33,0.49,374300000,374300000.0,12055862132.48,13545910000.0
2001-11-24,PAYX,18.37,18.28,18.52,18.27,18.25,531400,19186722.0232,18.42,0.14,374300000,374300000.0,11999231208.73,13482280000.0
2001-11-22,PAYX,18.25,17.98,18.38,17.88,18.04,1280100,45516642.4299,18.14,0.34,374300000,374300000.0,11919283726.87,13392450000.0
2001-11-21,PAYX,18.04,18.44,18.47,17.9,18.44,1778000,63541253.664,18.23,0.48,374300000,374300000.0,11779366056.22,13235240000.0
2001-11-20,PAYX,18.44,18.39,18.51,18.24,18.31,1581100,56982352.2779,18.38,0.42,374300000,374300000.0,12042539051.24,13530940000.0
2001-11-17,PAYX,18.31,18.6,18.7,18.04,18.41,1418800,51179655.906,18.4,0.38,374300000,374300000.0,11955928030.0,13433630000.0
2001-11-16,PAYX,18.41,18.72,18.95,18.36,18.68,1909900,69498375.1411,18.56,0.51,374300000,374300000.0,12025881701.86,13512220000.0
2001-11-15,PAYX,18.68,18.54,18.98,18.45,18.24,2367800,86953640.4742,18.73,0.63,374300000,374300000.0,12199109407.49,13706860000.0
2001-11-14,PAYX,18.24,17.87,18.26,17.67,17.65,2512900,88278151.871,17.92,0.67,374300000,374300000.0,11912619854.37,13384960000.0
2001-11-13,PAYX,17.65,17.71,17.96,17.0,17.76,2065300,71051256.067,17.55,0.55,374300000,374300000.0,11529520806.22,12954520000.0
2001-11-10,PAYX,17.76,17.88,18.04,17.55,17.95,1956700,68445925.6162,17.84,0.52,374300000,374300000.0,11596150203.75,13029380000.0
2001-11-09,PAYX,17.95,17.78,18.47,17.65,17.65,2071700,73314964.5298,18.05,0.55,374300000,374300000.0,11719405528.11,13167870000.0
2001-11-08,PAYX,17.65,17.97,18.29,17.52,17.88,1657700,58060276.1046,17.87,0.44,374300000,374300000.0,11529520806.22,12954520000.0
2001-11-07,PAYX,17.88,17.85,18.06,17.52,18.05,2783100,97042522.35,17.79,0.74,374300000,374300000.0,11676097352.48,13119210000.0
2001-11-06,PAYX,18.05,17.38,18.07,17.32,17.1,2087700,72757568.3922,17.78,0.56,374300000,374300000.0,11789364530.0,13246470000.0
2001-11-03,PAYX,17.1,17.29,17.32,16.73,17.39,1389300,46239782.9256,16.98,0.37,374300000,374300000.0,11169747976.87,12550270000.0
2001-11-02,PAYX,17.39,16.46,17.43,16.11,16.35,2662800,88396947.6348,16.93,0.71,374300000,374300000.0,11356298430.62,12759880000.0
2001-11-01,PAYX,16.35,16.75,16.91,16.32,16.54,2202400,71967595.7504,16.67,0.59,374300000,374300000.0,10680050953.75,12000050000.0
2001-10-31,PAYX,16.54,16.39,16.85,15.94,16.45,2013600,65002815.7176,16.47,0.54,374300000,374300000.0,10799977006.87,12134800000.0
2001-10-30,PAYX,16.45,17.72,17.74,16.45,17.79,2435300,80731147.2023,16.85,0.65,374300000,374300000.0,10776655451.86,12108600000.0
2001-10-27,PAYX,17.79,17.28,18.05,17.08,17.2,2884600,100557730.0354,17.72,0.77,374300000,374300000.0,11656110731.86,13096750000.0
2001-10-26,PAYX,17.2,16.83,17.34,16.39,16.98,2340000,77642362.98,16.87,0.63,374300000,374300000.0,11269682079.35,12662560000.0
2001-10-25,PAYX,16.98,16.64,17.28,16.6,16.5,1748300,58293198.0087,16.95,0.47,374300000,374300000.0,11126439801.24,12501610000.0
2001-10-24,PAYX,16.5,16.86,17.16,16.3,16.65,2217400,73245356.366,16.79,0.59,374300000,374300000.0,10809970150.62,12146030000.0
2001-10-23,PAYX,16.65,16.38,16.73,16.24,16.51,1372800,44673647.9904,16.54,0.37,374300000,374300000.0,10909909250.0,12258320000.0
2001-10-20,PAYX,16.51,15.89,16.61,15.63,16.06,1806800,56908934.9848,16.01,0.48,374300000,374300000.0,10816629026.22,12153510000.0
2001-10-19,PAYX,16.06,16.32,16.35,15.85,16.35,1505300,47580421.0641,16.07,0.4,374300000,374300000.0,10526810201.86,11827880000.0
2001-10-18,PAYX,16.35,17.22,17.36,16.15,16.96,3070600,101136342.9882,16.74,0.82,374300000,374300000.0,10713360655.6,12037480000.0
2001-10-17,PAYX,16.96,16.95,17.07,16.55,16.75,2677800,88680429.4644,16.84,0.72,374300000,374300000.0,11116446657.49,12490390000.0
2001-10-16,PAYX,16.75,17.21,17.25,16.52,17.26,1421800,46892237.9328,16.77,0.38,374300000,374300000.0,10973199382.48,12329430000.0
2001-10-13,PAYX,17.26,17.26,17.34,16.14,17.45,3187500,104991443.25,16.74,0.85,374300000,374300000.0,11309660650.62,12707480000.0
2001-10-12,PAYX,17.45,16.92,17.5,16.67,16.86,3244900,109244094.8702,17.12,0.87,374300000,374300000.0,11436245579.35,12849710000.0
2001-10-11,PAYX,16.86,15.82,17.08,15.72,15.66,2429500,79122495.8705,16.56,0.65,374300000,374300000.0,11049822256.87,12415530000.0
2001-10-10,PAYX,15.66,16.11,16.25,15.58,16.16,1824000,56692818.336,15.8,0.49,374300000,374300000.0,10260307602.48,11528430000.0
2001-10-09,PAYX,16.16,16.14,16.48,15.83,16.22,1735800,55045328.5536,16.12,0.46,374300000,374300000.0,10590105331.24,11898990000.0
2001-10-06,PAYX,16.22,16.12,16.43,15.58,16.14,2645800,83478149.0852,16.04,0.71,374300000,374300000.0,10630078905.6,11943910000.0
2001-10-05,PAYX,16.14,15.73,16.52,15.51,15.67,3946500,125003414.25,16.1,1.05,374300000,374300000.0,10576782250.0,11884020000.0
2001-10-04,PAYX,15.67,15.18,15.94,15.13,15.32,4398399,133866135.6512,15.47,1.18,374300000,374300000.0,10270301079.35,11539660000.0
2001-10-03,PAYX,15.32,15.26,15.66,15.07,15.45,2907900,87717050.6715,15.34,0.78,374300000,374300000.0,10040447780.0,11281400000.0
2001-10-02,PAYX,15.45,16.02,16.04,15.08,16.02,3151300,95508636.1022,15.41,0.84,374300000,374300000.0,10123729530.0,11374970000.0
2001-09-29,PAYX,16.02,15.55,16.14,15.52,15.44,3562700,111107740.9649,15.85,0.95,374300000,374300000.0,10496830104.37,11794190000.0
2001-09-28,PAYX,15.44,14.97,15.75,14.86,14.89,2903000,86820282.27,15.2,0.78,374300000,374300000.0,10120394928.73,11371230000.0
2001-09-27,PAYX,14.89,15.29,15.39,14.64,15.25,3100900,90708140.7782,14.87,0.83,374300000,374300000.0,9753958226.87,10959500000.0
2001-09-26,PAYX,15.25,15.31,15.63,14.56,15.35,4041100,120220692.3267,15.12,1.08,374300000,374300000.0,9993810000.0,11229000000.0
2001-09-25,PAYX,15.35,15.38,16.19,15.2,15.07,3996700,123048001.58,15.65,1.07,374300000,374300000.0,10060434400.62,11303860000.0
2001-09-22,PAYX,15.07,14.62,15.35,14.51,15.48,7123098,208604191.6657,14.89,1.9,374300000,374300000.0,9873884280.0,11094250000.0
2001-09-21,PAYX,15.48,15.14,16.17,14.74,15.99,7066297,217376940.2636,15.64,1.89,374300000,374300000.0,10143716150.62,11397430000.0
2001-09-20,PAYX,15.99,16.34,17.0,15.08,16.11,7403297,234331362.8265,16.09,1.98,374300000,374300000.0,10476843150.62,11771730000.0
2001-09-19,PAYX,16.11,15.07,16.29,15.07,15.03,8321297,255911503.6786,15.63,2.22,374300000,374300000.0,10556790632.48,11861560000.0
2001-09-18,PAYX,15.03,15.68,15.83,14.37,16.05,7381399,221515747.083,15.26,1.97,374300000,374300000.0,9850563058.11,11068050000.0
2001-09-11,PAYX,16.05,15.64,16.5,15.63,15.85,4887399,154996015.0096,16.12,1.31,374300000,374300000.0,10516817058.11,11816640000.0
2001-09-08,PAYX,15.85,16.24,16.84,15.72,16.42,5166000,165805301.34,16.32,1.38,374300000,374300000.0,10386897528.11,11670670000.0
2001-09-07,PAYX,16.42,17.7,17.78,16.33,17.8,8476598,280779679.8118,16.84,2.26,374300000,374300000.0,10759998102.48,12089880000.0
2001-09-06,PAYX,17.8,18.43,18.47,17.18,18.45,4303699,151330094.2861,17.88,1.15,374300000,374300000.0,11666104208.73,13107980000.0
2001-09-05,PAYX,18.45,18.97,19.04,18.45,18.85,2295200,84462878.008,18.71,0.61,374300000,374300000.0,12092506102.48,13587080000.0
2001-09-01,PAYX,18.85,18.78,19.35,18.62,18.88,1900300,70623680.347,18.89,0.51,374300000,374300000.0,12349015558.11,13875300000.0
2001-08-31,PAYX,18.88,19.24,19.56,18.69,19.28,2532400,94800890.3504,19.03,0.68,374216960,374217000.0,12369591926.02,13898410000.0
2001-08-30,PAYX,19.28,19.43,19.69,19.24,19.42,2032500,77855705.175,19.47,0.54,374216960,374217000.0,12632701539.22,14194040000.0
2001-08-29,PAYX,19.42,20.02,20.02,19.37,19.92,1795900,69564709.1069,19.69,0.48,374216960,374217000.0,12722627206.92,14295090000.0
2001-08-28,PAYX,19.92,20.11,20.28,19.83,20.07,1623100,63877564.7066,20.01,0.43,374216960,374217000.0,13049017907.22,14661810000.0
2001-08-25,PAYX,20.07,19.67,20.19,19.46,19.42,1670600,65537121.7846,19.94,0.45,374216960,374217000.0,13148934834.7,14774080000.0
2001-08-24,PAYX,19.42,19.56,19.79,19.27,19.62,1660200,63780220.4982,19.53,0.44,374216960,374217000.0,12725956072.6,14298820000.0
2001-08-23,PAYX,19.62,19.62,19.75,19.32,19.5,2035800,78058870.7652,19.49,0.54,374216960,374217000.0,12855846446.36,14444770000.0
2001-08-22,PAYX,19.5,19.93,20.2,19.44,19.9,1228000,47893349.572,19.83,0.33,374216960,374217000.0,12772583172.76,14351210000.0
2001-08-21,PAYX,19.9,19.77,20.01,19.6,19.58,1301700,50716703.9283,19.81,0.35,374216960,374217000.0,13035698114.82,14646850000.0
2001-08-18,PAYX,19.58,19.83,20.05,19.57,20.1,1031000,40131977.083,19.79,0.28,374216960,374217000.0,12825873000.08,14411090000.0
2001-08-17,PAYX,20.1,19.82,20.15,19.65,19.76,1737400,68082958.6808,19.92,0.46,374216960,374217000.0,13168917354.26,14796530000.0
2001-08-16,PAYX,19.76,20.02,20.25,19.73,19.89,1422800,55710862.2804,19.91,0.38,374216960,374217000.0,12942438585.64,14542060000.0
2001-08-15,PAYX,19.89,20.36,20.43,19.78,20.26,1946200,76843155.5318,20.07,0.52,374216960,374217000.0,13032364253.34,14643100000.0
2001-08-14,PAYX,20.26,19.9,20.26,19.6,19.89,2361000,92675374.434,19.95,0.63,374216960,374217000.0,13272162814.36,14912540000.0
2001-08-11,PAYX,19.89,19.86,20.05,19.32,19.85,1525300,59248140.0294,19.75,0.41,374216960,374217000.0,13029035720.72,14639360000.0
2001-08-10,PAYX,19.85,19.53,19.91,19.28,19.58,1747600,67567450.062,19.66,0.47,374216960,374217000.0,13002390807.06,14609430000.0
2001-08-09,PAYX,19.58,19.35,20.1,19.32,19.57,2316400,89509865.52,19.64,0.62,374216960,374217000.0,12825873000.08,14411090000.0
2001-08-08,PAYX,19.57,19.32,19.62,19.23,19.36,3626400,138717049.1736,19.45,0.97,374216960,374217000.0,12822544134.4,14407350000.0
2001-08-07,PAYX,19.36,19.04,19.44,19.01,19.19,1253600,47607208.772,19.31,0.33,374216960,374217000.0,12685991366.54,14253920000.0
2001-08-04,PAYX,19.19,19.95,19.95,18.96,19.83,3550100,134447960.0598,19.25,0.95,374216960,374217000.0,12569420785.18,14122940000.0
2001-08-03,PAYX,19.83,19.96,20.13,19.49,19.87,1775400,68680803.9522,19.67,0.47,374216960,374217000.0,12989070681.6,14594460000.0
2001-08-02,PAYX,19.87,20.11,20.16,19.57,19.98,1647900,64491715.0863,19.9,0.44,374216960,374217000.0,13019044460.94,14628140000.0
2001-08-01,PAYX,19.98,19.75,20.24,19.65,19.61,2298900,90743304.9621,20.07,0.61,374216960,374217000.0,13088982613.28,14706720000.0
2001-07-31,PAYX,19.61,19.91,19.93,19.42,19.67,1567300,60486478.1997,19.62,0.42,373322880,373323000.0,12818484752.91,14402790000.0
2001-07-28,PAYX,19.67,19.92,20.01,19.2,19.98,3577200,137617345.1136,19.51,0.96,373322880,373323000.0,12888261124.98,14481190000.0
2001-07-27,PAYX,19.98,19.75,20.0,19.15,19.8,2914800,112596960.546,19.59,0.78,373322880,373323000.0,13090938116.54,14708910000.0
2001-07-26,PAYX,19.8,20.09,20.39,19.32,19.93,3917900,152732220.5115,19.77,1.05,373322880,373323000.0,12971325465.78,14574520000.0
2001-07-25,PAYX,19.93,19.95,20.52,19.76,19.93,3524200,139542425.858,20.08,0.94,373322880,373323000.0,13057710386.67,14671580000.0
2001-07-24,PAYX,19.93,20.64,20.92,19.9,20.79,2014300,80818747.7214,20.35,0.54,373322880,373323000.0,13057710386.67,14671580000.0
2001-07-21,PAYX,20.79,21.2,21.4,20.79,21.3,1859500,77417095.317,21.12,0.5,373322880,373323000.0,13622551891.2,15306230000.0
2001-07-20,PAYX,21.3,21.42,22.06,20.92,21.17,2470500,104692867.659,21.49,0.66,373322880,373323000.0,13954809254.4,15679560000.0
2001-07-19,PAYX,21.17,20.92,21.68,20.85,21.03,3672100,153541476.9069,21.21,0.98,373322880,373323000.0,13868419349.65,15582490000.0
2001-07-18,PAYX,21.03,20.87,21.07,20.67,20.9,2798700,115241479.3743,20.88,0.75,373322880,373323000.0,13778708200.3,15481690000.0
2001-07-17,PAYX,20.9,20.89,21.23,20.6,21.0,3179700,131280575.9715,20.94,0.85,373322880,373323000.0,13692323279.41,15384630000.0
2001-07-14,PAYX,21.0,20.52,21.17,20.49,20.72,4405797,181565075.2395,20.9,1.18,373322880,373323000.0,13755452842.94,15455560000.0
2001-07-13,PAYX,20.72,19.84,20.75,19.8,19.68,2256100,90584192.8068,20.36,0.6,373322880,373323000.0,13576031208.75,15253960000.0
2001-07-12,PAYX,19.68,19.49,20.06,19.33,19.51,2633400,102321270.513,19.71,0.71,373322880,373323000.0,12891581705.07,14484920000.0
2001-07-11,PAYX,19.51,20.2,20.21,19.27,20.07,2148000,83488653.024,19.71,0.58,373322880,373323000.0,12778615530.61,14357990000.0
2001-07-10,PAYX,20.07,20.03,20.08,19.68,19.82,2629900,103376106.5701,19.94,0.7,373322880,373323000.0,13150742116.11,14776110000.0
2001-07-07,PAYX,19.82,20.09,20.26,19.6,20.17,1602700,62795536.1484,19.87,0.43,373322880,373323000.0,12984613434.51,14589450000.0
2001-07-06,PAYX,20.17,20.29,20.65,20.01,20.52,1314000,52466828.202,20.25,0.35,373322880,373323000.0,13213872011.89,14847040000.0
2001-07-04,PAYX,20.52,20.5,20.75,20.06,20.69,1314300,53068132.4784,20.48,0.35,373322880,373323000.0,13439809344.67,15100910000.0
2001-07-03,PAYX,20.69,20.86,21.1,20.29,20.29,1871000,76491342.729,20.74,0.5,373322880,373323000.0,13556096431.47,15231570000.0
2001-06-30,PAYX,20.29,20.62,21.3,19.91,20.64,3135200,128842915.7144,20.84,0.84,373322880,373323000.0,13290294528.0,14932910000.0
2001-06-29,PAYX,20.64,19.49,20.98,19.48,19.3,3932000,158989212.876,20.51,1.05,373322880,373323000.0,13519548121.52,15190500000.0
2001-06-28,PAYX,19.3,19.44,19.49,19.09,19.32,3736900,142188260.251,19.3,1.0,373322880,373323000.0,12642388682.67,14204930000.0
2001-06-27,PAYX,19.32,18.78,19.58,18.56,18.62,5941297,225059265.3607,19.21,1.59,373322880,373323000.0,12659002547.6,14223600000.0
2001-06-26,PAYX,18.62,19.37,19.43,18.21,18.75,6811598,251645605.7862,18.74,1.82,373322880,373323000.0,12197165145.01,13704680000.0
2001-06-23,PAYX,18.75,19.43,19.58,18.42,19.42,6228297,234194555.3049,19.07,1.67,373322880,373323000.0,12283550065.9,13801740000.0
2001-06-22,PAYX,19.42,19.37,19.83,19.24,19.33,2562800,98687510.4948,19.53,0.69,373322880,373323000.0,12722132443.38,14294530000.0
2001-06-21,PAYX,19.33,19.15,19.61,19.06,19.07,2793700,106510368.4463,19.34,0.75,373322880,373323000.0,12665649356.15,14231060000.0
2001-06-20,PAYX,19.07,19.07,19.81,18.79,18.88,3004500,114186908.8275,19.28,0.8,373322880,373323000.0,12492873866.0,14036930000.0
2001-06-19,PAYX,18.88,18.56,19.58,18.56,18.61,2104900,79270094.0759,19.1,0.56,373322880,373323000.0,12366614406.7,13895070000.0
2001-06-16,PAYX,18.61,18.44,19.02,18.21,18.46,3482000,127426878.534,18.56,0.93,373322880,373323000.0,12193844232.67,13700950000.0
2001-06-15,PAYX,18.46,18.44,18.88,18.3,18.54,2608100,95655181.5714,18.6,0.7,373322880,373323000.0,12094166026.94,13588950000.0
2001-06-14,PAYX,18.54,19.17,19.53,18.46,19.13,4279098,158404064.8365,18.78,1.15,373322880,373323000.0,12147328534.08,13648680000.0
2001-06-13,PAYX,19.13,19.24,19.27,18.75,19.23,2642900,99174000.5581,19.03,0.71,373322880,373323000.0,12532743088.3,14081730000.0
2001-06-12,PAYX,19.23,19.72,19.94,19.21,19.72,2067300,79556100.2262,19.52,0.55,373322880,373323000.0,12595872984.08,14152660000.0
2001-06-09,PAYX,19.72,20.08,20.11,19.45,19.95,1586500,62003910.3,19.82,0.42,373322880,373323000.0,12918162958.64,14514790000.0
2001-06-08,PAYX,19.95,19.67,20.0,19.35,19.67,1782500,69214804.7625,19.69,0.48,373322880,373323000.0,13071003671.52,14686520000.0
2001-06-07,PAYX,19.67,20.27,20.36,19.53,20.28,2669600,104047107.3928,19.77,0.72,373322880,373323000.0,12888261124.98,14481190000.0
2001-06-06,PAYX,20.28,20.25,20.65,19.91,20.19,2547900,101674453.9842,20.24,0.68,373322880,373323000.0,13286968964.05,14929180000.0
2001-06-05,PAYX,20.19,20.41,20.59,19.88,20.36,1770100,70580254.0497,20.22,0.47,373322880,373323000.0,13227164964.48,14861980000.0
2001-06-02,PAYX,20.36,19.67,20.41,19.12,19.49,3971200,155441492.7264,19.85,1.06,373322880,373323000.0,13336810558.85,14985180000.0
2001-06-01,PAYX,19.49,20.14,20.33,19.43,19.99,2761100,107450674.9234,19.74,0.74,373322880,373323000.0,12768648141.97,14346790000.0
2001-05-31,PAYX,19.99,19.91,20.62,19.79,20.26,2307600,91764003.1392,20.17,0.62,373322880,373323000.0,13094259028.88,14712650000.0
2001-05-30,PAYX,20.26,20.56,20.93,20.17,20.5,1743700,70482959.0878,20.5,0.47,373322880,373323000.0,13273680663.07,14914250000.0
2001-05-26,PAYX,20.5,20.69,20.79,20.06,20.67,1665600,67178125.1328,20.46,0.45,373322880,373323000.0,13429842288.29,15089710000.0
2001-05-25,PAYX,20.67,20.04,20.68,19.96,20.16,1774600,71073249.9578,20.31,0.48,373322880,373323000.0,13542808462.75,15216640000.0
2001-05-24,PAYX,20.16,21.25,21.43,20.12,21.69,3087900,124790061.3642,20.5,0.83,373322880,373323000.0,13207230187.2,14839580000.0
2001-05-23,PAYX,21.69,20.79,21.73,20.19,20.69,3859400,161047740.9206,21.16,1.03,373322880,373323000.0,14207323189.15,15963280000.0
2001-05-22,PAYX,20.69,19.6,20.72,19.46,19.6,2754100,109425887.4295,20.15,0.74,373322880,373323000.0,13552775851.38,15227840000.0
2001-05-19,PAYX,19.6,19.53,19.78,18.94,19.51,1835700,70173845.4315,19.39,0.49,373322880,373323000.0,12838424514.05,14425200000.0
2001-05-18,PAYX,19.51,19.59,19.95,19.02,19.73,3524100,135336012.3,19.48,0.94,373322880,373323000.0,12778615530.61,14357990000.0
2001-05-17,PAYX,19.73,18.6,20.04,18.53,18.74,4455000,172522485.63,19.64,1.19,373322880,373323000.0,12924809434.94,14522250000.0
2001-05-16,PAYX,18.74,18.23,19.22,18.22,18.36,3393900,125297344.1844,18.72,0.91,373322880,373323000.0,12273583009.52,13790540000.0
2001-05-15,PAYX,18.36,18.26,18.37,18.03,18.15,2240800,80330439.2,18.18,0.6,373322880,373323000.0,12024389987.12,13510550000.0
2001-05-12,PAYX,18.15,17.81,18.38,17.72,17.93,3370900,120097727.4237,18.07,0.9,373322880,373323000.0,11891489035.38,13361220000.0
2001-05-11,PAYX,17.93,17.9,18.18,17.67,17.63,3390900,119587850.2701,17.89,0.91,373322880,373323000.0,11748615711.15,13200690000.0
2001-05-10,PAYX,17.63,17.36,18.33,17.22,17.5,2790900,97401542.0301,17.7,0.75,373322880,373323000.0,11549264283.55,12976700000.0
2001-05-09,PAYX,17.5,17.1,17.5,16.87,17.0,3524700,119189838.2706,17.15,0.94,373322880,373323000.0,11462879030.4,12879640000.0
2001-05-08,PAYX,17.0,17.14,17.5,16.86,16.86,3083500,104083231.0665,17.12,0.83,373322880,373323000.0,11133942579.55,12510040000.0
2001-05-05,PAYX,16.86,15.68,17.27,15.53,15.95,6353598,206131679.6398,16.45,1.7,373322880,373323000.0,11047557326.4,12412980000.0
2001-05-04,PAYX,15.95,16.53,16.54,15.7,16.5,8353598,264278519.591,16.05,2.24,373322880,373323000.0,10446167511.92,11737260000.0
2001-05-03,PAYX,16.5,17.31,17.32,15.95,17.02,6991797,227081589.6117,16.47,1.87,373322880,373323000.0,10808331692.64,12144190000.0
2001-05-02,PAYX,17.02,17.79,17.8,16.88,17.53,4259699,144584403.0779,17.22,1.14,373322880,373323000.0,11147230548.27,12524980000.0
2001-05-01,PAYX,17.53,17.93,17.95,17.14,17.26,3552000,124057134.24,17.71,0.95,373322880,373323000.0,11482813807.68,12902040000.0
2001-04-28,PAYX,17.26,17.74,18.23,17.14,17.43,4187899,143383975.1496,17.37,1.12,373322880,373323000.0,11310038649.78,12707910000.0
2001-04-27,PAYX,17.43,18.44,18.46,17.4,18.46,2780800,98166408.4192,17.86,0.74,373322880,373323000.0,11446265165.47,12860970000.0
2001-04-26,PAYX,18.46,17.4,18.62,17.37,17.2,3021900,108248676.5724,18.12,0.81,373322880,373323000.0,12127393756.8,13626280000.0
2001-04-25,PAYX,17.2,17.66,18.08,17.2,17.45,2434400,84689603.9768,17.6,0.65,373322880,373323000.0,11296750348.8,12692980000.0
2001-04-24,PAYX,17.45,18.09,18.31,17.43,18.21,2736600,96130718.3238,17.77,0.73,373322880,373323000.0,11462879030.4,12879640000.0
2001-04-21,PAYX,18.21,18.09,18.41,17.6,18.64,3396300,120368251.3185,17.93,0.91,373322880,373323000.0,11961265075.2,13439620000.0
2001-04-20,PAYX,18.64,19.12,19.35,17.91,19.16,3510900,129544099.821,18.67,0.94,373322880,373323000.0,12243680843.6,13756940000.0
2001-04-19,PAYX,19.16,18.39,19.98,18.09,18.24,3898800,147035791.3932,19.08,1.04,373322880,373323000.0,12582585015.35,14137730000.0
2001-04-18,PAYX,18.24,17.65,18.44,17.33,17.73,2865900,102562496.3574,18.1,0.77,373322880,373323000.0,11981199852.48,13462020000.0
2001-04-17,PAYX,17.73,17.43,18.51,17.26,17.26,3529800,124631897.4126,17.86,0.95,373322880,373323000.0,11645616593.07,13084960000.0
2001-04-13,PAYX,17.26,18.55,18.92,17.15,18.91,5164699,180949820.8824,17.72,1.38,373322880,373323000.0,11333294007.15,12734040000.0
2001-04-12,PAYX,18.91,19.74,19.81,17.71,19.53,5072598,183399232.8494,18.29,1.36,373322880,373323000.0,12423102810.05,13958540000.0
2001-04-11,PAYX,19.53,19.44,20.23,19.04,19.18,2435800,94740192.5484,19.68,0.65,373322880,373323000.0,12825131229.2,14410260000.0
2001-04-10,PAYX,19.18,18.28,19.19,18.26,18.31,2268900,84816686.8566,18.91,0.61,373322880,373323000.0,12595872984.08,14152660000.0
2001-04-07,PAYX,18.31,18.27,18.5,17.96,18.59,2655700,95643171.1986,18.22,0.71,373322880,373323000.0,12023563330.8,13509620000.0
2001-04-06,PAYX,18.59,18.84,18.97,17.9,18.59,3603100,130287724.8807,18.29,0.97,373322880,373323000.0,12210458097.6,13719610000.0
2001-04-05,PAYX,18.59,18.02,18.72,17.83,17.96,2218200,80386228.2072,18.33,0.59,373322880,373323000.0,12210458097.6,13719610000.0
2001-04-04,PAYX,17.96,18.34,18.88,17.93,18.78,3317200,119696176.2484,18.25,0.89,373322880,373323000.0,11795136393.6,13252960000.0
2001-04-03,PAYX,18.78,18.97,19.29,18.34,18.75,2799700,103723254.8033,18.74,0.75,373322880,373323000.0,12335054608.8,13859610000.0
2001-03-31,PAYX,18.75,19.35,19.41,18.43,19.03,2895300,107351059.0194,18.76,0.78,373322880,373323000.0,12314288523.6,13836280000.0
2001-03-30,PAYX,19.03,19.32,19.67,18.72,19.44,2840400,107892858.1572,19.22,0.76,373322880,373323000.0,12501183290.4,14046270000.0
2001-03-29,PAYX,19.44,19.35,20.23,19.22,19.38,2756100,107669240.3556,19.76,0.74,373322880,373323000.0,12771142398.0,14349590000.0
2001-03-28,PAYX,19.38,19.48,19.54,18.72,19.19,2571700,97736139.2179,19.23,0.69,373322880,373323000.0,12729610227.6,14302930000.0
2001-03-27,PAYX,19.19,19.57,19.79,19.1,19.41,2167600,82763517.7924,19.32,0.58,373322880,373323000.0,12605013716.4,14162930000.0
2001-03-24,PAYX,19.41,19.76,19.89,19.03,19.35,4638598,177429138.1044,19.35,1.24,373322880,373323000.0,12750376312.8,14326260000.0
2001-03-23,PAYX,19.35,18.56,19.48,18.5,18.4,6989899,262455266.7631,18.99,1.87,373322880,373323000.0,12708844142.4,14279600000.0
2001-03-22,PAYX,18.4,17.14,18.62,16.88,17.36,5346399,188455180.9262,17.83,1.43,373322880,373323000.0,12085861586.4,13579620000.0
2001-03-21,PAYX,17.36,18.69,18.81,17.26,18.4,3580300,128191907.5385,18.11,0.96,371298880,371299000.0,11338771609.8,12740190000.0
2001-03-20,PAYX,18.4,17.67,18.69,17.14,17.08,5562699,197322267.3195,17.94,1.5,371298880,371299000.0,12020337116.4,13505990000.0
2001-03-17,PAYX,17.08,16.91,17.77,16.63,17.74,5122899,174731772.4943,17.25,1.38,371298880,371299000.0,11158053483.05,12537130000.0
2001-03-16,PAYX,17.74,18.53,18.81,17.71,18.05,2628100,95032868.6614,18.29,0.71,371298880,371299000.0,11586613612.2,13018660000.0
2001-03-15,PAYX,18.05,17.67,18.46,17.04,18.53,3105100,110327280.1541,17.97,0.84,371298880,371299000.0,11793148614.2,13250720000.0
2001-03-14,PAYX,18.53,18.21,19.41,17.59,17.77,4114199,149842386.0256,18.42,1.11,371298880,371299000.0,12102951117.2,13598820000.0
2001-03-13,PAYX,17.77,19.44,19.51,17.45,19.67,4011000,143972783.346,18.16,1.08,371298880,371299000.0,11607267112.4,13041870000.0
2001-03-10,PAYX,19.67,20.23,20.27,19.29,20.27,1611200,62493274.4368,19.62,0.43,371298880,371299000.0,12846477124.4,14434240000.0
2001-03-09,PAYX,20.27,20.74,20.74,20.04,20.58,1488500,59974040.646,20.38,0.4,371298880,371299000.0,13238893628.2,14875160000.0
2001-03-08,PAYX,20.58,20.84,20.99,20.23,20.65,1320100,53727663.4092,20.59,0.36,371298880,371299000.0,13445428630.2,15107220000.0
2001-03-07,PAYX,20.65,20.52,21.15,20.27,20.14,2031300,83664355.6296,20.84,0.55,371298880,371299000.0,13486735630.6,15153630000.0
2001-03-06,PAYX,20.14,19.63,20.65,19.38,19.73,1468700,58332777.9482,20.09,0.4,371298880,371299000.0,13156279627.4,14782340000.0
2001-03-03,PAYX,19.73,19.57,20.58,19.48,19.95,3068900,121593457.7154,20.04,0.83,371298880,371299000.0,12887784124.8,14480650000.0
2001-03-02,PAYX,19.95,20.36,20.36,18.72,20.2,5543598,211620700.2562,19.31,1.49,371298880,371299000.0,13032358626.2,14643090000.0
2001-03-01,PAYX,20.2,20.96,21.63,20.14,20.87,4209598,171226632.0622,20.58,1.13,371298880,371299000.0,13197586627.8,14828750000.0
2001-02-28,PAYX,20.87,21.72,21.72,20.6,21.69,2360900,98731164.1219,21.15,0.64,371298880,371299000.0,13631310132.0,15316070000.0
2001-02-27,PAYX,21.69,22.16,22.32,20.77,22.07,2269500,96235617.0075,21.45,0.61,371298880,371299000.0,14168301137.2,15919440000.0
2001-02-24,PAYX,22.07,22.14,22.76,21.25,22.29,3277200,141817510.1964,21.89,0.88,371298880,371299000.0,14416143139.6,16197910000.0
2001-02-23,PAYX,22.29,21.4,22.48,21.37,21.34,3439200,149931875.8512,22.05,0.93,371298880,371299000.0,14560717641.0,16360360000.0
2001-02-22,PAYX,21.34,20.99,22.38,20.99,21.09,2378000,102469209.0,21.8,0.64,371298880,371299000.0,13941112635.0,15664170000.0
2001-02-21,PAYX,21.09,21.03,21.63,20.77,21.06,2739200,114829433.4464,21.21,0.74,371298880,371299000.0,13775884633.4,15478520000.0
2001-02-17,PAYX,21.06,20.77,21.37,20.46,21.63,2091300,86275954.11,20.87,0.56,371298880,371299000.0,13755231133.2,15455310000.0
2001-02-16,PAYX,21.63,21.94,22.01,21.25,21.91,1908000,81037713.168,21.49,0.51,371298880,371299000.0,14126994136.8,15873020000.0
2001-02-15,PAYX,21.91,21.05,21.94,20.49,20.87,2096100,88385594.7168,21.33,0.56,371298880,371299000.0,14312875638.6,16081880000.0
2001-02-14,PAYX,20.87,22.07,22.16,20.8,21.78,1430100,60898374.4698,21.54,0.39,371298880,371299000.0,13631310132.0,15316070000.0
2001-02-13,PAYX,21.78,21.55,22.01,20.93,21.37,1585500,67662935.9385,21.59,0.43,371298880,371299000.0,14230261637.8,15989050000.0
2001-02-10,PAYX,21.37,20.86,21.78,20.74,21.06,2350100,99906038.7899,21.51,0.63,371298880,371299000.0,13961766135.2,15687380000.0
2001-02-09,PAYX,21.06,21.63,21.88,20.65,21.31,1575700,66045287.4459,21.2,0.42,371298880,371299000.0,13755231133.2,15455310000.0
2001-02-08,PAYX,21.31,20.68,21.5,20.61,20.61,2338200,97884761.0454,21.18,0.63,371298880,371299000.0,13920459134.8,15640960000.0
2001-02-07,PAYX,20.61,20.23,21.63,20.01,20.17,2857600,117827949.456,20.86,0.77,371298880,371299000.0,13466082130.4,15130430000.0
2001-02-06,PAYX,20.17,20.27,20.58,19.92,20.04,4802699,190856357.4298,20.1,1.29,371298880,371299000.0,13176933127.6,14805540000.0
2001-02-03,PAYX,20.04,21.31,21.37,19.92,20.96,5999297,241722990.8041,20.38,1.62,371298880,371299000.0,13094319126.8,14712710000.0
2001-02-02,PAYX,20.96,22.83,22.83,20.9,22.83,5388598,228390849.5488,21.44,1.45,371298880,371299000.0,13693270632.6,15385700000.0
2001-02-01,PAYX,22.83,22.95,23.08,22.32,22.89,1823700,81962538.1578,22.74,0.49,371298880,371299000.0,14911827144.4,16754860000.0
2001-01-31,PAYX,22.89,23.33,23.33,22.45,23.16,1487000,67212985.878,22.87,0.4,371298880,371299000.0,14953134144.8,16801270000.0
2001-01-30,PAYX,23.16,23.1,23.41,22.85,23.07,1426400,65268051.5368,23.1,0.38,371298880,371299000.0,15159669146.8,17033330000.0
2001-01-27,PAYX,23.07,22.59,23.48,22.34,22.47,1788300,81175738.5855,22.92,0.48,371298880,371299000.0,15097708646.2,16963710000.0
2001-01-26,PAYX,22.47,23.07,23.26,22.31,23.0,2897100,131138381.6487,22.85,0.78,371298880,371299000.0,14705292142.4,16522800000.0
2001-01-25,PAYX,23.0,23.6,23.67,22.69,23.48,2874100,131275931.5572,23.06,0.77,371298880,371299000.0,15056401645.8,16917300000.0
2001-01-24,PAYX,23.48,23.22,23.67,22.75,23.1,1923100,88602395.9083,23.26,0.52,371298880,371299000.0,15366204148.8,17265390000.0
2001-01-23,PAYX,23.1,23.32,23.48,22.69,23.48,2539300,115552875.4007,22.97,0.68,371298880,371299000.0,15118362146.4,16986920000.0
2001-01-20,PAYX,23.48,24.49,24.49,23.26,24.55,2241100,105442394.6523,23.75,0.6,371298880,371299000.0,15366204148.8,17265390000.0
2001-01-19,PAYX,24.55,24.23,24.87,23.98,24.11,2002000,97120401.378,24.49,0.54,371298880,371299000.0,16068423155.6,18054410000.0
2001-01-18,PAYX,24.11,24.49,24.99,23.98,23.92,1762100,85860431.7337,24.6,0.47,371298880,371299000.0,15779274152.8,17729520000.0
2001-01-17,PAYX,23.92,24.42,24.68,23.59,24.49,1614600,76978622.214,24.07,0.43,371298880,371299000.0,15655353151.6,17590280000.0
2001-01-13,PAYX,24.49,24.33,24.71,23.54,24.2,2022400,97239805.1584,24.28,0.54,371298880,371299000.0,16027116155.2,18007990000.0
2001-01-12,PAYX,24.2,24.23,24.74,23.86,23.92,1397700,67077849.5361,24.23,0.38,371298880,371299000.0,15841234653.4,17799140000.0
2001-01-11,PAYX,23.92,23.84,24.23,22.72,24.52,2972900,139300842.3352,23.66,0.8,371298880,371299000.0,15655353151.6,17590280000.0
2001-01-10,PAYX,24.52,23.73,25.37,23.54,23.45,2602500,126708942.885,24.58,0.7,371298880,371299000.0,16047769655.4,18031200000.0
2001-01-09,PAYX,23.45,22.69,24.11,22.62,22.56,2379100,110208714.67,23.39,0.64,371298880,371299000.0,15345550648.6,17242190000.0
2001-01-06,PAYX,22.56,23.0,24.49,22.15,22.88,3120600,142702504.0728,23.09,0.84,371298880,371299000.0,14767252643.0,16592410000.0
2001-01-05,PAYX,22.88,24.42,24.49,22.75,24.55,4773399,221500472.9497,23.43,1.29,371298880,371299000.0,14973787645.0,16824480000.0
2001-01-04,PAYX,24.55,23.22,25.75,23.19,23.07,3962500,192820345.775,24.57,1.07,371298880,371299000.0,16068423155.6,18054410000.0
2001-01-03,PAYX,23.07,25.09,25.46,22.69,24.55,2480000,116727640.56,23.76,0.67,371298880,371299000.0,15097708646.2,16963710000.0
2000-12-30,PAYX,24.55,25.72,26.13,24.52,25.69,2063200,104495715.68,25.57,0.56,371298880,371299000.0,16068423155.6,18054410000.0
2000-12-29,PAYX,25.69,25.4,26.1,24.93,25.78,1536000,77378907.648,25.43,0.41,371298880,371299000.0,16811949162.8,18889830000.0
2000-12-28,PAYX,25.78,26.0,26.66,25.69,25.53,2278000,117327462.854,26.0,0.61,371298880,371299000.0,16873909663.4,18959450000.0
2000-12-27,PAYX,25.53,25.15,26.16,25.12,25.53,1585600,80368335.2272,25.59,0.43,371298880,371299000.0,16708681661.8,18773800000.0
2000-12-23,PAYX,25.53,24.36,25.62,24.23,23.67,3186000,157812106.14,25.01,0.86,371298880,371299000.0,16708681661.8,18773800000.0
2000-12-22,PAYX,23.67,21.36,25.02,21.2,21.24,3463300,161273381.9503,23.51,0.93,371298880,371299000.0,15490125150.0,17404630000.0
2000-12-21,PAYX,21.24,21.2,22.34,20.83,21.14,3010900,129052277.4755,21.64,0.81,371298880,371299000.0,13899805634.6,15617760000.0
2000-12-20,PAYX,21.14,20.98,22.18,20.76,20.61,2710700,115360314.3623,21.49,0.73,371298880,371299000.0,13837845134.0,15548140000.0
2000-12-19,PAYX,20.61,20.16,21.24,19.88,19.69,3372600,138176764.2948,20.68,0.91,371298880,371299000.0,13486735630.6,15153630000.0
2000-12-16,PAYX,19.69,20.19,20.54,18.55,20.83,10793500,416468266.0565,19.48,2.91,371298880,371299000.0,12887784124.8,14480650000.0
2000-12-15,PAYX,20.83,21.65,22.85,20.83,21.77,1829400,79564804.473,21.96,0.49,371298880,371299000.0,13631310132.0,15316070000.0
2000-12-14,PAYX,21.77,22.06,23.1,21.14,21.3,2142900,93882146.1768,22.12,0.58,371298880,371299000.0,14250915138.0,16012260000.0
2000-12-13,PAYX,21.3,22.21,22.21,21.2,22.06,3556800,151774297.0848,21.54,0.96,371298880,371299000.0,13941112635.0,15664170000.0
2000-12-12,PAYX,22.06,22.62,22.91,21.08,23.67,5581598,243213092.667,22.0,1.5,371298880,371299000.0,14436796639.8,16221120000.0
2000-12-09,PAYX,23.67,23.48,24.49,23.1,22.66,2545100,119074262.1641,23.62,0.69,371298880,371299000.0,15490125150.0,17404630000.0
2000-12-08,PAYX,22.66,21.99,23.86,21.84,22.09,4164199,189732524.5552,23.0,1.12,371298880,371299000.0,14829213143.6,16662040000.0
2000-12-06,PAYX,22.28,23.63,24.77,21.84,23.51,7840399,361017381.551,23.25,2.11,371298880,371299000.0,14581371141.2,16383560000.0
2000-12-05,PAYX,23.51,25.72,25.75,22.66,26.54,10131500,478104431.324,23.82,2.73,371298880,371299000.0,15386857649.0,17288600000.0
2000-11-30,PAYX,29.98,29.09,30.17,28.94,28.98,2721700,159522620.163,29.59,0.73,371298880,371299000.0,19620825190.0,22045870000.0
2000-11-29,PAYX,28.98,29.55,29.85,28.9,29.66,2473300,143595341.1134,29.31,0.67,371298880,371299000.0,18970239933.7,21314870000.0
2000-11-28,PAYX,29.66,29.91,30.29,29.44,29.76,1607800,95059237.601,29.85,0.43,371298880,371299000.0,19414290188.0,21813810000.0
2000-11-25,PAYX,29.76,29.66,29.82,29.41,29.22,497100,29206612.4058,29.66,0.13,371298880,371299000.0,19476250688.6,21883420000.0
2000-11-23,PAYX,29.22,29.66,30.42,29.09,30.13,1954500,114745548.255,29.64,0.53,371298880,371299000.0,19125141185.2,21488920000.0
2000-11-22,PAYX,30.13,30.07,30.92,29.09,30.01,3710200,219801100.5372,29.91,1.0,371298880,371299000.0,19724092691.0,22161900000.0
2000-11-21,PAYX,30.01,28.21,30.04,28.15,28.24,2832300,162872247.0285,29.03,0.76,371298880,371299000.0,19641478690.2,22069070000.0
2000-11-18,PAYX,28.24,28.94,29.63,27.67,28.94,2289300,129346569.4677,28.53,0.62,371298880,371299000.0,18484882679.0,20769530000.0
2000-11-17,PAYX,28.94,28.78,29.44,28.59,28.87,1212500,69765188.75,29.05,0.33,371298880,371299000.0,18939259683.4,21280070000.0
2000-11-16,PAYX,28.87,28.65,29.06,28.02,28.62,1439500,81508788.347,28.59,0.39,371298880,371299000.0,18897952683.0,21233650000.0
2000-11-15,PAYX,28.62,29.0,29.31,28.02,28.62,2027400,115062437.1882,28.65,0.55,371298880,371299000.0,18732724681.4,21048000000.0
2000-11-14,PAYX,28.62,27.77,29.54,27.64,27.86,2225700,125111266.5186,28.38,0.6,371298880,371299000.0,18732724681.4,21048000000.0
2000-11-11,PAYX,27.86,27.86,28.94,27.77,27.83,2275000,127976908.15,28.4,0.61,371298880,371299000.0,18237040676.6,20491050000.0
2000-11-10,PAYX,27.83,27.17,27.96,27.01,27.23,1450000,79390531.95,27.64,0.39,371298880,371299000.0,18216387176.4,20467850000.0
2000-11-09,PAYX,27.23,28.43,28.68,27.14,28.4,1314800,72338716.9252,27.78,0.35,371298880,371299000.0,17823970672.6,20026930000.0
2000-11-08,PAYX,28.4,27.67,28.49,27.04,27.64,2962600,163334030.6114,27.83,0.8,371298880,371299000.0,18588150180.0,20885560000.0
2000-11-07,PAYX,27.64,27.86,28.15,27.33,27.8,1368500,75164449.213,27.73,0.37,371298880,371299000.0,18092466175.2,20328610000.0
2000-11-04,PAYX,27.8,28.56,28.65,27.67,28.24,1797300,99989183.7108,28.09,0.48,371298880,371299000.0,18195733676.2,20444640000.0
2000-11-03,PAYX,28.24,27.39,28.49,27.33,27.23,3364100,187128062.5,28.08,0.91,371298880,371299000.0,18484882679.0,20769530000.0
2000-11-02,PAYX,27.23,28.05,28.27,26.79,28.62,2518100,136261424.0533,27.32,0.68,371298880,371299000.0,17823970672.6,20026930000.0
2000-11-01,PAYX,28.62,29.5,30.8,27.48,29.41,4127297,236384740.6022,28.92,1.11,371298880,371299000.0,18732724681.4,21048000000.0
2000-10-31,PAYX,29.41,27.23,30.01,27.2,27.06,3960900,226460480.7564,28.87,1.07,371298880,371299000.0,19249062186.4,21628160000.0
2000-10-28,PAYX,27.06,25.93,27.56,25.89,25.83,2223200,118382721.044,26.84,0.6,371298880,371299000.0,17741356671.8,19934110000.0
2000-10-27,PAYX,25.83,27.34,28.04,25.2,27.63,3850000,202205072.3,26.47,1.04,371298880,371299000.0,16935870164.0,19029060000.0
2000-10-26,PAYX,27.63,26.84,27.72,26.34,26.71,2482000,133666094.616,27.14,0.67,371298880,371299000.0,18113119675.4,20351820000.0
2000-10-25,PAYX,26.71,25.52,27.44,25.39,25.11,2598400,136236710.4,26.43,0.7,371298880,371299000.0,17514168169.6,19678840000.0
2000-10-24,PAYX,25.11,25.45,25.55,25.01,25.2,1789100,89549457.3236,25.23,0.48,371298880,371299000.0,16460839659.4,18495320000.0
2000-10-21,PAYX,25.2,25.71,26.11,25.11,25.52,2357300,119574273.5154,25.57,0.63,371298880,371299000.0,16522800160.0,18564940000.0
2000-10-20,PAYX,25.52,25.39,25.89,24.57,24.95,2237900,112655433.9442,25.37,0.6,371298880,371299000.0,16729335162.0,18797000000.0
2000-10-19,PAYX,24.95,24.98,25.89,24.48,25.52,2114900,106120602.0102,25.29,0.57,371298880,371299000.0,16357572158.4,18379290000.0
2000-10-18,PAYX,25.52,25.93,26.15,24.89,25.61,1295900,65476902.58,25.47,0.35,371298880,371299000.0,16729335162.0,18797000000.0
2000-10-17,PAYX,25.61,24.45,26.08,24.0,24.13,2757000,136180344.258,24.9,0.74,371298880,371299000.0,16791295662.6,18866620000.0
2000-10-14,PAYX,24.13,24.48,24.95,23.82,24.41,3020300,144126601.79,24.05,0.81,371298880,371299000.0,15820581153.2,17775930000.0
2000-10-13,PAYX,24.41,25.33,25.33,24.07,25.08,3107600,151372404.8564,24.55,0.84,371298880,371299000.0,16006462655.0,17984790000.0
2000-10-12,PAYX,25.08,24.73,25.48,24.32,24.98,3272000,162526427.352,25.04,0.88,371298880,371299000.0,16440186159.2,18472120000.0
2000-10-11,PAYX,24.98,25.99,25.99,24.82,25.89,2685000,135872529.39,25.51,0.72,371298880,371299000.0,16378225658.6,18402500000.0
2000-10-10,PAYX,25.89,25.74,26.59,25.71,25.67,1704700,88534085.4536,26.18,0.46,371298880,371299000.0,16977177164.4,19075480000.0
2000-10-07,PAYX,25.67,26.13,26.4,25.39,25.93,2241900,114912599.7429,25.83,0.6,371298880,371299000.0,16832602663.0,18913030000.0
2000-10-06,PAYX,25.93,25.99,26.49,25.58,26.05,2585500,133777612.053,26.08,0.7,371298880,371299000.0,16997830664.6,19098680000.0
2000-10-05,PAYX,26.05,26.05,26.27,25.77,25.77,2564700,132324409.0206,26.01,0.69,371298880,371299000.0,17080444665.4,19191510000.0
2000-10-04,PAYX,25.77,26.21,27.09,25.71,26.02,1581400,82936994.2572,26.43,0.43,371298880,371299000.0,16894563163.6,18982650000.0
2000-10-03,PAYX,26.02,26.65,26.65,25.8,26.46,2852600,148674060.354,26.27,0.77,371298880,371299000.0,17059791165.2,19168300000.0
2000-09-30,PAYX,26.46,26.43,27.44,25.52,26.43,2052800,107975820.4592,26.51,0.55,371298880,371299000.0,17348940168.0,19493190000.0
2000-09-29,PAYX,26.43,27.05,28.19,26.15,26.9,3562200,190434097.0314,26.95,0.96,371298880,371299000.0,17328286667.8,19469980000.0
2000-09-28,PAYX,26.9,25.79,27.0,25.33,25.93,3201200,166570254.8304,26.23,0.86,371298880,371299000.0,17638089170.8,19818070000.0
2000-09-27,PAYX,25.93,24.54,26.27,24.29,24.48,2873300,144714604.9968,25.39,0.77,371298880,371299000.0,16997830664.6,19098680000.0
2000-09-26,PAYX,24.48,23.75,24.89,23.56,23.69,3012500,146044472.6625,24.44,0.81,371298880,371299000.0,16047769655.4,18031200000.0
2000-09-23,PAYX,23.69,22.81,23.94,22.68,23.44,1959100,91500935.0827,23.54,0.53,371298880,371299000.0,15531432150.4,17451040000.0
2000-09-22,PAYX,23.44,22.04,23.54,22.02,21.96,2718700,123719312.6917,22.94,0.73,371298880,371299000.0,15366204148.8,17265390000.0
2000-09-21,PAYX,21.96,22.56,22.68,21.67,22.59,1922100,84557970.7953,22.17,0.52,371298880,371299000.0,14395489639.4,16174710000.0
2000-09-20,PAYX,22.59,22.05,22.68,21.93,21.77,1018900,45378130.8277,22.45,0.27,371298880,371299000.0,14808559643.4,16638830000.0
2000-09-19,PAYX,21.77,22.24,22.68,21.48,22.24,1388200,60824813.1436,22.08,0.37,371298880,371299000.0,14271568638.2,16035470000.0
2000-09-16,PAYX,22.24,21.64,22.59,21.52,21.64,3058900,132819533.3465,21.89,0.82,371298880,371299000.0,14581371141.2,16383560000.0
2000-09-15,PAYX,21.64,22.08,22.27,21.42,22.02,918900,39860035.9299,21.86,0.25,371298880,371299000.0,14188954637.4,15942640000.0
2000-09-14,PAYX,22.02,21.58,22.46,21.55,21.7,1339600,58745209.5404,22.1,0.36,371298880,371299000.0,14436796639.8,16221120000.0
2000-09-13,PAYX,21.7,21.01,22.08,20.98,21.04,1288800,55139229.1656,21.56,0.35,371298880,371299000.0,14230261637.8,15989050000.0
2000-09-12,PAYX,21.04,20.92,21.55,20.79,20.98,1173800,49359798.333,21.2,0.32,371298880,371299000.0,13796538133.6,15501730000.0
2000-09-09,PAYX,20.98,21.26,21.33,20.41,21.55,1350900,56606619.5046,21.12,0.36,371298880,371299000.0,13755231133.2,15455310000.0
2000-09-08,PAYX,21.55,21.8,21.96,21.36,21.58,1210200,51944792.5572,21.63,0.33,371298880,371299000.0,14126994136.8,15873020000.0
2000-09-07,PAYX,21.58,21.96,22.43,21.55,21.93,1091000,47749578.8,22.06,0.29,371298880,371299000.0,14147647637.0,15896230000.0
2000-09-06,PAYX,21.93,22.05,22.37,21.93,22.05,845900,37108699.9723,22.11,0.23,371298880,371299000.0,14374836139.2,16151500000.0
2000-09-02,PAYX,22.05,22.71,22.87,21.67,22.49,1100200,48433545.6984,22.19,0.3,371298880,371299000.0,14457450140.0,16244320000.0
2000-09-01,PAYX,22.49,22.21,22.78,21.99,22.15,2293000,102120584.814,22.45,0.62,371298880,371299000.0,14746599142.8,16569210000.0
2000-08-31,PAYX,22.15,20.44,22.18,20.35,20.89,3383400,145052434.5864,21.61,0.91,371298880,371299000.0,14519410640.6,16313940000.0
2000-08-30,PAYX,20.89,20.67,21.23,20.1,20.19,2553700,104660552.2319,20.66,0.69,371298880,371299000.0,13693270632.6,15385700000.0
2000-08-29,PAYX,20.19,21.67,21.67,20.13,21.61,3061900,126736290.9172,20.86,0.82,371298880,371299000.0,13238893628.2,14875160000.0
2000-08-26,PAYX,21.61,22.16,22.37,21.39,22.24,1414700,61257357.4053,21.82,0.38,371298880,371299000.0,14168301137.2,15919440000.0
2000-08-25,PAYX,22.24,22.52,22.54,21.8,22.46,1131900,49756725.7572,22.16,0.3,371298880,371299000.0,14581371141.2,16383560000.0
2000-08-24,PAYX,22.46,22.93,22.93,22.21,22.9,1747000,77861670.889,22.46,0.47,371298880,371299000.0,14725945642.6,16546000000.0
2000-08-23,PAYX,22.9,22.44,23.22,22.43,22.56,1278300,57937793.1951,22.84,0.34,371298880,371299000.0,15015094645.4,16870890000.0
2000-08-22,PAYX,22.56,22.27,22.81,22.02,22.27,1257200,55880138.748,22.4,0.34,371298880,371299000.0,14787906143.2,16615620000.0
2000-08-19,PAYX,22.27,22.49,22.56,21.7,22.52,1372400,60494557.5808,22.22,0.37,371298880,371299000.0,14602024641.4,16406770000.0
2000-08-18,PAYX,22.52,22.01,22.68,21.96,22.05,1177300,52310843.7516,22.4,0.32,371298880,371299000.0,14767252643.0,16592410000.0
2000-08-17,PAYX,22.05,22.33,22.68,21.93,22.37,894800,39380675.932,22.18,0.24,371298880,371299000.0,14457450140.0,16244320000.0
2000-08-16,PAYX,22.37,22.4,22.68,21.8,22.52,1061100,46809672.0579,22.23,0.29,371298880,371299000.0,14663985142.0,16476380000.0
2000-08-15,PAYX,22.52,22.33,22.52,21.86,22.71,1712000,75324213.056,22.18,0.46,371298880,371299000.0,14767252643.0,16592410000.0
2000-08-12,PAYX,22.71,22.81,23.56,22.43,22.68,2366300,107749444.4707,22.95,0.64,371298880,371299000.0,14891173644.2,16731650000.0
2000-08-11,PAYX,22.68,23.63,23.63,22.68,23.44,2337300,107121960.2754,23.1,0.63,371298880,371299000.0,14870520144.0,16708450000.0
2000-08-10,PAYX,23.44,23.41,23.82,23.19,23.25,1059600,49454166.1656,23.52,0.29,371298880,371299000.0,15366204148.8,17265390000.0
2000-08-09,PAYX,23.25,23.37,23.63,22.96,23.66,1432300,66093053.81,23.26,0.39,371298880,371299000.0,15242283147.6,17126160000.0
2000-08-08,PAYX,23.66,23.06,24.0,22.68,23.0,1828400,84892403.5624,23.4,0.49,371298880,371299000.0,15510778650.2,17427840000.0
2000-08-05,PAYX,23.0,22.9,23.12,22.43,22.71,1320800,59972112.72,22.89,0.36,371298880,371299000.0,15077055146.0,16940510000.0
2000-08-04,PAYX,22.71,22.24,22.89,21.96,22.08,2142600,96110173.2522,22.61,0.58,371298880,371299000.0,14891173644.2,16731650000.0
2000-08-03,PAYX,22.08,22.96,23.34,22.02,22.65,1234600,55304394.667,22.58,0.33,371298880,371299000.0,14478103640.2,16267530000.0
2000-08-02,PAYX,22.65,22.87,23.15,22.43,23.06,1648300,74681502.7634,22.84,0.44,371298880,371299000.0,14849866643.8,16685240000.0
2000-08-01,PAYX,23.06,22.08,23.12,21.8,21.8,2106000,94498717.716,22.62,0.57,371298880,371299000.0,15118362146.4,16986920000.0
2000-07-29,PAYX,21.8,22.74,23.09,21.7,22.49,1297200,57107282.9028,22.19,0.35,371298880,371299000.0,14292222138.4,16058670000.0
2000-07-28,PAYX,22.49,22.78,23.22,22.4,22.59,1291600,58456253.164,22.78,0.35,371298880,371299000.0,14767252643.0,16592410000.0
2000-07-27,PAYX,22.59,22.08,23.25,21.83,22.15,2169600,97979541.7152,22.73,0.58,371298880,371299000.0,14829213143.6,16662040000.0
2000-07-26,PAYX,22.15,22.68,22.97,22.02,22.68,1742200,77574582.249,22.41,0.47,371298880,371299000.0,14540064140.8,16337150000.0
2000-07-25,PAYX,22.68,22.02,22.97,21.97,21.77,1947600,87642773.1972,22.65,0.52,371298880,371299000.0,14891173644.2,16731650000.0
2000-07-22,PAYX,21.77,21.55,22.87,21.3,21.8,2898800,128296803.5908,22.28,0.78,371298880,371299000.0,14292222138.4,16058670000.0
2000-07-21,PAYX,21.8,21.27,21.93,21.17,21.17,1359400,58542419.6224,21.68,0.37,371298880,371299000.0,14312875638.6,16081880000.0
2000-07-20,PAYX,21.17,21.13,21.52,21.05,21.08,812300,34281734.9039,21.24,0.22,371298880,371299000.0,13899805634.6,15617760000.0
2000-07-19,PAYX,21.08,21.11,21.36,20.89,20.92,1253800,52444811.522,21.05,0.34,371298880,371299000.0,13837845134.0,15548140000.0
2000-07-18,PAYX,20.92,21.46,21.46,20.89,21.46,1630300,68757734.5791,21.23,0.44,371298880,371299000.0,13734577633.0,15432110000.0
2000-07-15,PAYX,21.46,21.49,21.64,20.92,21.49,1699300,71930335.8256,21.31,0.46,371298880,371299000.0,14085687136.4,15826610000.0
2000-07-14,PAYX,21.49,21.9,21.96,21.01,21.93,2445200,103941035.9688,21.4,0.66,371298880,371299000.0,14106340636.6,15849820000.0
2000-07-13,PAYX,21.93,21.86,22.15,21.58,21.58,2251200,97954887.5088,21.9,0.61,371298880,371299000.0,14395489639.4,16174710000.0
2000-07-12,PAYX,21.58,21.33,21.96,21.27,20.95,1854900,80083983.1014,21.73,0.5,371298880,371299000.0,14168301137.2,15919440000.0
2000-07-11,PAYX,20.95,20.95,21.52,20.92,21.01,1443300,60956896.5303,21.26,0.39,371298880,371299000.0,13755231133.2,15455310000.0
2000-07-08,PAYX,21.01,21.17,21.61,20.95,21.17,2000400,84987576.1164,21.39,0.54,371298880,371299000.0,13796538133.6,15501730000.0
2000-07-07,PAYX,21.17,20.57,21.17,20.48,20.48,2212100,92179958.9832,20.98,0.6,371298880,371299000.0,13899805634.6,15617760000.0
2000-07-06,PAYX,20.48,20.95,21.11,20.2,20.92,1482000,61275938.334,20.81,0.4,371298880,371299000.0,13445428630.2,15107220000.0
2000-07-04,PAYX,20.92,20.79,21.27,20.76,21.14,609400,25492784.0024,21.06,0.16,371298880,371299000.0,13734577633.0,15432110000.0
2000-07-01,PAYX,21.14,19.91,21.14,19.88,19.69,2333600,95677352.6384,20.64,0.63,371298880,371299000.0,13879152134.4,15594550000.0
2000-06-30,PAYX,19.69,20.42,20.51,19.63,20.98,2324600,92853787.531,20.11,0.63,371298880,371299000.0,12929091125.2,14527070000.0
2000-06-29,PAYX,20.98,20.9,21.14,20.48,20.86,1866600,77089818.4272,20.79,0.5,371298880,371299000.0,13775884633.4,15478520000.0
2000-06-28,PAYX,20.86,20.42,21.14,20.42,20.35,2269500,93846748.116,20.81,0.61,371298880,371299000.0,13693270632.6,15385700000.0
2000-06-27,PAYX,20.35,19.63,20.39,19.16,19.03,2031100,79799674.6345,19.78,0.55,371298880,371299000.0,13362814629.4,15014390000.0
2000-06-24,PAYX,19.03,19.73,19.73,18.5,20.17,3005800,113666124.4684,19.03,0.81,371280800,371281000.0,12494759172.5,14039050000.0
2000-06-23,PAYX,20.17,21.49,21.64,19.76,21.68,3024600,123546716.3586,20.56,0.81,371280800,371281000.0,13238248974.5,14874430000.0
2000-06-22,PAYX,21.68,20.43,22.27,20.42,21.14,2289300,98253539.5335,21.6,0.62,371280800,371281000.0,14229568710.5,15988280000.0
2000-06-21,PAYX,21.14,21.17,22.12,20.76,21.46,1705000,72843898.27,21.51,0.46,371280800,371281000.0,13878476304.0,15593790000.0
2000-06-20,PAYX,21.46,20.76,21.83,19.76,21.17,2646900,108681184.62,20.67,0.71,371280800,371281000.0,14085001249.0,15825840000.0
2000-06-17,PAYX,21.17,20.29,21.77,20.05,20.13,5902399,245065204.2036,20.9,1.59,371280800,371281000.0,13899128798.5,15617000000.0
2000-06-16,PAYX,20.13,19.35,20.35,18.66,19.41,3056600,119484022.3,19.68,0.82,371280800,371281000.0,13217596480.0,14851230000.0
2000-06-15,PAYX,19.41,18.91,19.72,18.75,18.91,2310200,87804203.4074,19.13,0.62,371280800,371281000.0,12742589106.5,14317510000.0
2000-06-14,PAYX,18.91,18.22,18.94,17.99,18.18,1651400,60386570.403,18.41,0.44,371280800,371281000.0,12412149194.5,13946230000.0
2000-06-13,PAYX,18.18,17.99,18.94,17.84,18.78,1436600,52426123.937,18.37,0.39,371280800,371281000.0,11937141821.0,13412520000.0
2000-06-10,PAYX,18.78,18.59,18.84,18.25,18.18,1157000,42626647.544,18.54,0.31,371280800,371281000.0,12329539216.5,13853410000.0
2000-06-09,PAYX,18.18,18.75,18.75,17.93,18.97,1154300,42017094.8414,18.32,0.31,371280800,371281000.0,11937141821.0,13412520000.0
2000-06-08,PAYX,18.97,18.17,19.0,17.93,18.25,1310300,48175399.1482,18.51,0.35,371280800,371281000.0,12453454183.5,13992640000.0
2000-06-07,PAYX,18.25,19.25,19.35,18.09,19.03,1862100,68490082.5858,18.51,0.5,371280800,371281000.0,11978446810.0,13458930000.0
2000-06-06,PAYX,19.03,19.06,19.98,18.56,19.13,1736000,66419880.8,19.26,0.47,371280800,371281000.0,12494759172.5,14039050000.0
2000-06-03,PAYX,19.13,20.04,20.39,18.37,20.13,3108900,118222451.19,19.14,0.84,371280800,371281000.0,12556716656.0,14108670000.0
2000-06-02,PAYX,20.13,17.71,20.32,17.62,17.62,4515598,168462895.2922,18.78,1.22,371280800,371281000.0,13217596480.0,14851230000.0
2000-06-01,PAYX,17.62,17.93,18.25,17.46,17.96,1669500,59466920.5305,17.93,0.45,371280800,371281000.0,11565396920.0,12994820000.0
2000-05-31,PAYX,17.96,17.55,17.99,17.37,17.37,3020200,106027702.9572,17.67,0.81,371280800,371281000.0,11792574359.5,13250080000.0
2000-05-27,PAYX,17.37,16.96,17.55,16.8,16.74,2412900,82303027.2981,17.17,0.65,371280800,371281000.0,11400176964.0,12809180000.0
2000-05-26,PAYX,16.74,16.55,17.49,16.52,16.67,2885300,97661920.0447,17.04,0.78,371280800,371281000.0,10987127074.0,12345080000.0
2000-05-25,PAYX,16.67,15.82,17.11,15.6,15.57,3390900,110043490.8219,16.34,0.91,371280800,371281000.0,10945822085.0,12298670000.0
2000-05-24,PAYX,15.57,15.86,16.11,15.26,15.42,2455800,76605702.1146,15.7,0.66,371280800,371281000.0,10222984777.5,11486500000.0
2000-05-23,PAYX,15.42,15.29,15.62,14.43,15.18,2138300,95508428.9587,14.99,0.86,247532960,247533000.0,10120230361.5,11371040000.0
2000-05-20,PAYX,15.18,15.14,15.77,15.1,15.48,987700,45134421.1976,15.33,0.4,247532960,247533000.0,9968771131.6,11200860000.0
2000-05-19,PAYX,15.48,15.9,16.19,15.31,15.81,993200,46352142.434,15.66,0.4,247532960,247533000.0,10161537424.2,11417450000.0
2000-05-18,PAYX,15.81,16.42,16.42,15.67,16.19,839600,40096268.4024,16.03,0.34,247532960,247533000.0,10381841758.6,11664990000.0
2000-05-17,PAYX,16.19,16.23,16.46,15.79,16.11,1257300,60470459.577,16.14,0.51,247532960,247533000.0,10629684134.8,11943460000.0
2000-05-16,PAYX,16.11,15.83,16.28,15.48,15.9,754400,35729432.616,15.89,0.3,247532960,247533000.0,10574608051.2,11881580000.0
2000-05-13,PAYX,15.9,16.38,16.48,15.62,16.3,960200,45685248.2576,15.97,0.39,247532960,247533000.0,10436917842.2,11726870000.0
2000-05-12,PAYX,16.3,15.52,16.44,15.1,14.87,1331000,62303843.8,15.71,0.54,247532960,247533000.0,10698529239.3,12020820000.0
2000-05-11,PAYX,14.87,15.1,15.77,14.85,15.12,1178000,53649060.288,15.28,0.48,247532960,247533000.0,9762235818.1,10968800000.0
2000-05-10,PAYX,15.12,15.54,15.75,15.06,15.31,1241900,56557729.2929,15.28,0.5,247532960,247533000.0,9927464068.9,11154450000.0
2000-05-09,PAYX,15.31,15.77,15.81,15.12,15.9,1105300,50826210.2558,15.43,0.45,247532960,247533000.0,10051385257.0,11293690000.0
2000-05-06,PAYX,15.9,15.25,16.28,15.1,15.18,1630100,76705488.4195,15.79,0.66,247532960,247533000.0,10436917842.2,11726870000.0
2000-05-05,PAYX,15.18,16.15,16.28,15.1,16.09,1487000,69506540.626,15.69,0.6,247532960,247533000.0,9968771131.6,11200860000.0
2000-05-04,PAYX,16.09,15.94,19.25,14.74,15.88,3311000,153162194.801,15.52,1.34,247532960,247533000.0,10560839030.3,11866110000.0
2000-05-03,PAYX,15.88,17.03,17.03,15.81,16.86,2447100,119746853.9019,16.42,0.99,247532960,247533000.0,10423148821.3,11711400000.0
2000-05-02,PAYX,16.86,17.76,17.83,16.74,17.66,2250400,115286610.2544,17.19,0.91,247532960,247533000.0,11066850548.37,12434660000.0
2000-04-29,PAYX,17.66,17.85,17.85,16.78,17.83,1877400,97086727.773,17.35,0.76,247532960,247533000.0,11593515597.8,13026420000.0
2000-04-28,PAYX,17.83,17.16,18.2,16.95,17.38,1408700,74265376.4482,17.69,0.57,247532960,247533000.0,11703667765.0,13150190000.0
2000-04-27,PAYX,17.38,18.42,18.42,17.09,18.53,2179100,116786441.3408,17.95,0.88,247532960,247533000.0,11428287347.0,12840770000.0
2000-04-26,PAYX,18.53,17.5,18.59,17.38,17.44,1905200,102236063.1732,17.98,0.77,247532960,247533000.0,12185583496.5,13691660000.0
2000-04-25,PAYX,17.44,16.84,17.48,16.71,17.0,2341400,119736587.6804,17.13,0.95,247532960,247533000.0,11469594409.7,12887180000.0
2000-04-21,PAYX,17.0,16.37,17.34,16.25,16.29,2018500,102333293.3205,16.98,0.82,247532960,247533000.0,11180444970.8,12562290000.0
2000-04-20,PAYX,16.29,16.58,16.75,16.27,16.81,1333100,65711155.8683,16.51,0.54,247532960,247533000.0,10712298260.2,12036290000.0
2000-04-19,PAYX,16.81,16.94,17.75,16.41,16.9,1690400,85140694.5952,16.87,0.68,247532960,247533000.0,11056523782.7,12423050000.0
2000-04-18,PAYX,16.9,15.91,16.92,15.91,16.02,2950800,144253086.1752,16.38,1.19,247532960,247533000.0,11111599866.3,12484940000.0
2000-04-15,PAYX,16.02,17.71,18.49,15.7,17.88,3101400,161426604.6288,17.44,1.25,247532960,247533000.0,10533300988.5,11835170000.0
2000-04-14,PAYX,17.88,17.86,18.45,17.5,17.69,2763100,148827736.2445,18.04,1.12,247532960,247533000.0,11758743848.6,13212070000.0
2000-04-13,PAYX,17.69,16.6,18.24,16.54,17.15,3081400,162517614.9604,17.67,1.24,247532960,247533000.0,11634822660.5,13072830000.0
2000-04-12,PAYX,17.15,16.2,17.67,16.18,16.27,1762900,90060207.5084,17.11,0.71,247532960,247533000.0,11276828117.1,12670590000.0
2000-04-11,PAYX,16.27,17.11,17.13,15.95,17.21,1475500,74023896.193,16.81,0.6,247532960,247533000.0,10698529239.3,12020820000.0
2000-04-08,PAYX,17.21,17.06,17.29,16.73,17.08,1614400,82255597.9072,17.07,0.65,247532960,247533000.0,11318135179.8,12717000000.0
2000-04-07,PAYX,17.08,16.73,17.13,16.23,16.58,1850100,92562534.4098,16.76,0.75,247532960,247533000.0,11235521054.4,12624180000.0
2000-04-06,PAYX,16.58,16.83,17.25,15.74,17.11,2112100,105533583.5627,16.74,0.85,247532960,247533000.0,10905064552.8,12252880000.0
2000-04-05,PAYX,17.11,17.61,17.86,15.64,17.61,5247598,258445245.772,16.5,2.12,247532960,247533000.0,11249290075.3,12639650000.0
2000-04-04,PAYX,17.61,17.5,18.05,17.5,17.54,2540400,135143691.12,17.82,1.03,247532960,247533000.0,11579746576.9,13010950000.0
2000-04-01,PAYX,17.54,17.84,17.96,17.0,17.69,2073200,107980739.5344,17.45,0.84,247532960,247533000.0,11538439514.2,12964540000.0
2000-03-31,PAYX,17.69,17.69,18.38,17.59,17.73,2962200,159895071.2292,18.08,1.2,247532960,247533000.0,11634822660.5,13072830000.0
2000-03-30,PAYX,17.73,17.54,18.17,17.5,17.46,1719900,91565910.891,17.83,0.69,247532960,247533000.0,11662360702.3,13103770000.0
2000-03-29,PAYX,17.46,17.57,18.07,17.38,17.67,1223200,65028247.68,17.81,0.49,247532960,247533000.0,11483363430.6,12902650000.0
2000-03-28,PAYX,17.67,17.23,18.21,17.19,17.25,1343600,71306195.6,17.78,0.54,247532960,247533000.0,11621053639.6,13057360000.0
2000-03-25,PAYX,17.25,17.82,18.25,17.02,17.71,1952100,102761253.5148,17.63,0.79,247532960,247533000.0,11345673221.6,12747940000.0
2000-03-24,PAYX,17.71,17.63,17.92,17.52,17.75,1439900,76196913.3002,17.73,0.58,247532960,247533000.0,11648591681.4,13088300000.0
2000-03-23,PAYX,17.75,18.05,18.09,17.44,17.86,2299600,122014701.7608,17.77,0.93,247532960,247533000.0,11676129723.2,13119240000.0
2000-03-22,PAYX,17.86,17.04,18.4,16.9,16.77,4111598,219415830.2066,17.88,1.66,247532960,247533000.0,11744974827.7,13196600000.0
2000-03-21,PAYX,16.77,16.77,17.38,16.67,16.98,1543000,78224233.514,16.98,0.62,247236960,247237000.0,11015797275.9,12377300000.0
2000-03-18,PAYX,16.98,15.41,17.15,15.37,15.81,2968600,144379930.1142,16.29,1.2,247236960,247237000.0,11153322834.9,12531820000.0
2000-03-17,PAYX,15.81,16.77,16.92,15.14,16.56,3367700,159105636.0523,15.83,1.36,247236960,247237000.0,10383179704.5,11666490000.0
2000-03-16,PAYX,16.56,16.29,17.15,15.91,16.35,1392400,68487549.9408,16.48,0.56,247236960,247237000.0,10878271716.9,12222770000.0
2000-03-15,PAYX,16.35,16.37,17.08,16.29,16.37,1026200,51054264.8028,16.67,0.42,247236960,247237000.0,10740746157.9,12068250000.0
2000-03-14,PAYX,16.37,16.73,17.4,16.25,17.04,1343900,66800418.8649,16.65,0.54,247236960,247237000.0,10754498713.8,12083700000.0
2000-03-11,PAYX,17.04,16.69,17.4,16.58,16.71,1015500,51308442.15,16.93,0.41,247236960,247237000.0,11194580502.6,12578180000.0
2000-03-10,PAYX,16.71,16.25,16.83,16.08,16.39,1170700,57455135.7837,16.44,0.47,247236960,247237000.0,10974539608.2,12330940000.0
2000-03-09,PAYX,16.39,16.14,16.67,15.47,16.14,1500400,72109816.658,16.1,0.61,247236960,247237000.0,10768251269.7,12099160000.0
2000-03-08,PAYX,16.14,16.75,16.79,16.08,16.71,1319100,65159446.8327,16.55,0.53,247236960,247237000.0,10603220598.9,11913730000.0
2000-03-07,PAYX,16.71,16.2,16.75,16.08,16.39,1075700,53110964.2286,16.54,0.44,247236960,247237000.0,10974539608.2,12330940000.0
2000-03-04,PAYX,16.39,16.1,16.81,15.91,16.04,2245300,109561876.5941,16.35,0.91,247236960,247237000.0,10768251269.7,12099160000.0
2000-03-03,PAYX,16.04,16.08,16.25,15.51,16.25,1323200,62503594.824,15.82,0.54,247236960,247237000.0,10534457819.4,11836460000.0
2000-03-02,PAYX,16.25,16.64,16.67,16.02,16.77,1557800,75619952.0308,16.26,0.63,247236960,247237000.0,10671983378.4,11990990000.0
2000-03-01,PAYX,16.77,16.83,16.84,16.25,16.83,1559700,76920180.3324,16.52,0.63,247236960,247237000.0,11015797275.9,12377300000.0
2000-02-29,PAYX,16.83,15.95,17.21,15.79,15.93,2358700,115760250.2956,16.44,0.95,247236960,247237000.0,11057054943.6,12423660000.0
2000-02-26,PAYX,15.93,17.0,17.0,15.64,17.15,1761100,84863867.4279,16.14,0.71,247236960,247237000.0,10465695039.9,11759200000.0
2000-02-25,PAYX,17.15,16.54,17.21,15.07,16.54,2398900,114755426.0454,16.02,0.97,247236960,247237000.0,11263343282.1,12655440000.0
2000-02-24,PAYX,16.54,15.49,16.77,15.45,15.53,1731700,84425396.93,16.33,0.7,247236960,247237000.0,10864519161.0,12207320000.0
2000-02-23,PAYX,15.53,15.3,15.81,14.63,15.28,1288300,58355728.3036,15.17,0.52,247236960,247237000.0,10204396477.8,11465610000.0
2000-02-19,PAYX,15.28,16.1,16.12,15.24,16.25,1545400,72717866.6692,15.76,0.63,247236960,247237000.0,10039365807.0,11280180000.0
2000-02-18,PAYX,16.25,15.56,16.29,15.07,15.33,1397700,65206195.0569,15.63,0.57,247236960,247237000.0,10671983378.4,11990990000.0
2000-02-17,PAYX,15.33,15.49,15.56,15.07,15.53,1044600,47601266.6724,15.26,0.42,247236960,247237000.0,10066870918.8,11311090000.0
2000-02-16,PAYX,15.53,15.43,15.58,14.63,15.58,2100000,94401274.8,15.06,0.85,247236960,247237000.0,10204396477.8,11465610000.0
2000-02-15,PAYX,15.58,14.4,15.79,14.28,14.28,1540500,70413468.2355,15.31,0.62,247236960,247237000.0,10231901589.6,11496520000.0
2000-02-12,PAYX,14.28,14.8,15.39,14.15,14.82,1751400,77403110.7402,14.8,0.71,247236960,247237000.0,9379243123.8,10538470000.0
2000-02-11,PAYX,14.82,13.94,15.01,13.88,13.9,1317200,57053054.5908,14.51,0.53,247236960,247237000.0,9736809577.2,10940230000.0
2000-02-10,PAYX,13.9,14.15,14.28,13.9,14.28,1221500,51431010.757,14.1,0.49,247236960,247237000.0,9131697117.6,10260330000.0
2000-02-09,PAYX,14.28,14.47,14.55,14.11,14.32,1104800,47282005.1768,14.34,0.45,247236960,247237000.0,9379243123.8,10538470000.0
2000-02-08,PAYX,14.32,14.2,14.43,14.01,14.24,676200,28764326.1066,14.25,0.27,247236960,247237000.0,9406748235.6,10569380000.0
2000-02-05,PAYX,14.24,14.61,14.78,14.11,14.45,1058700,45866478.2865,14.51,0.43,247236960,247237000.0,9351738012.0,10507570000.0
2000-02-04,PAYX,14.45,14.63,14.76,14.07,14.66,1371600,59033111.2452,14.42,0.55,247236960,247237000.0,9489263571.0,10662090000.0
2000-02-03,PAYX,14.66,14.74,14.8,14.24,14.74,945900,41147112.5451,14.57,0.38,247236960,247237000.0,9626789130.0,10816610000.0
2000-02-02,PAYX,14.74,14.74,15.03,14.32,14.76,1441100,63536071.3723,14.77,0.58,247236960,247237000.0,9681799353.6,10878420000.0
2000-02-01,PAYX,14.76,14.09,14.76,14.07,14.07,1360100,58575409.0187,14.43,0.55,247236960,247237000.0,9695551909.5,10893880000.0
2000-01-29,PAYX,14.07,14.32,14.78,13.94,14.4,1254500,53665997.073,14.33,0.51,247236960,247237000.0,9241717564.8,10383950000.0
2000-01-28,PAYX,14.4,14.42,14.44,13.75,14.35,1795700,75923812.13,14.13,0.73,247236960,247237000.0,9475511015.1,10646640000.0
2000-01-27,PAYX,14.35,14.4,14.88,14.29,14.37,2105900,92443728.4028,14.67,0.85,247236960,247237000.0,9448005903.3,10615730000.0
2000-01-26,PAYX,14.37,13.71,14.42,13.08,13.56,6386098,267279192.4041,13.99,2.58,247236960,247237000.0,9461758459.2,10631190000.0
2000-01-25,PAYX,13.56,15.27,15.29,13.52,15.31,2081700,88259906.1915,14.17,0.84,247236960,247237000.0,8925408779.1,10028550000.0
2000-01-22,PAYX,15.31,15.67,15.67,15.17,15.48,1840300,85240660.6282,15.48,0.74,247236960,247237000.0,10080623474.7,11326540000.0
2000-01-21,PAYX,15.48,15.38,16.0,14.98,15.25,1555300,72074448.1411,15.49,0.63,247236960,247237000.0,10190643921.9,11450160000.0
2000-01-20,PAYX,15.25,15.06,15.31,14.54,15.04,1290500,57615264.2355,14.92,0.52,247236960,247237000.0,10039365807.0,11280180000.0
2000-01-19,PAYX,15.04,15.0,15.48,14.79,15.17,2018500,90811279.5095,15.04,0.82,247236960,247237000.0,9901840248.0,11125660000.0
2000-01-15,PAYX,15.17,14.29,15.71,14.27,14.17,3016000,136279748.488,15.1,1.22,247236960,247237000.0,9984355583.4,11218380000.0
2000-01-14,PAYX,14.17,13.45,14.21,13.43,13.43,1427100,59437139.4816,13.92,0.58,247236960,247237000.0,9324232900.2,10476660000.0
2000-01-13,PAYX,13.43,13.58,13.96,13.25,13.62,1037000,42235961.593,13.62,0.42,247236960,247237000.0,8842893443.7,9935832000.0
2000-01-12,PAYX,13.62,13.79,14.17,13.48,14.08,1389300,57115078.8384,13.74,0.56,247236960,247237000.0,8966666446.8,10074900000.0
2000-01-11,PAYX,14.08,14.04,14.25,13.66,13.85,1463700,61340143.8741,14.01,0.59,247236960,247237000.0,9269222676.6,10414860000.0
2000-01-08,PAYX,13.85,13.56,13.85,13.16,13.58,1264400,50761851.6272,13.42,0.51,247236960,247237000.0,9117944561.7,10244880000.0
2000-01-07,PAYX,13.58,13.04,13.73,12.87,13.1,1734400,69065885.8112,13.31,0.7,247236960,247237000.0,8939161335.0,10044000000.0
2000-01-06,PAYX,13.1,12.41,13.29,12.37,12.37,2706200,104304241.209,12.88,1.09,247236960,247237000.0,8622852549.3,9688594000.0
2000-01-05,PAYX,12.37,12.72,13.54,12.12,13.37,1976600,76861077.3234,13.0,0.8,247236960,247237000.0,8141513092.8,9147766000.0
2000-01-04,PAYX,13.37,13.37,13.41,12.49,13.37,2017200,78253423.1652,12.97,0.82,247236960,247237000.0,8801635776.0,9889477000.0
2000-01-01,PAYX,13.37,14.1,14.12,13.29,13.94,586200,23741332.7214,13.54,,247236960,,8801635776.0,
1999-12-31,PAYX,13.94,13.56,13.98,13.29,13.54,843200,34326832.208,13.61,,247236960,,9172954785.3,
1999-12-30,PAYX,13.54,14.08,14.29,13.5,14.17,984900,40318247.5563,13.68,,247236960,,8911656223.2,
1999-12-29,PAYX,14.17,14.29,14.42,13.83,14.27,1412600,59425958.8622,14.06,,247236960,,9324232900.2,
1999-12-28,PAYX,14.27,14.14,14.31,13.85,13.89,755200,31768158.6176,14.06,,247236960,,9392995679.7,
1999-12-24,PAYX,13.89,14.35,14.37,13.79,14.14,976700,41014946.9431,14.04,,247236960,,9145449673.5,
1999-12-23,PAYX,14.14,14.17,14.33,13.98,14.02,1224700,51640084.1759,14.1,,247236960,,9310480344.3,
1999-12-22,PAYX,14.02,13.71,14.35,13.62,13.68,1182500,49508183.945,14.0,,247236960,,9227965008.9,
1999-12-21,PAYX,13.68,13.73,13.91,13.56,13.64,643000,26392768.328,13.72,,246590880,,8984384593.5,
1999-12-18,PAYX,13.64,13.71,13.81,13.33,13.2,2330900,94849912.8291,13.6,,246590880,,8956951358.1,
1999-12-17,PAYX,13.2,13.54,13.71,12.74,13.45,1443300,56871781.6536,13.17,,246590880,,8668902386.4,
1999-12-16,PAYX,13.45,13.33,13.54,13.2,13.16,1339900,53663122.2905,13.39,,246590880,,8833501798.8,
1999-12-15,PAYX,13.16,13.39,13.54,13.08,13.48,905100,36047138.0241,13.31,,246590880,,8641469151.0,
1999-12-14,PAYX,13.48,13.62,13.71,13.14,13.62,1084400,43139698.396,13.3,,246590880,,8847218416.5,
1999-12-11,PAYX,13.62,13.96,14.04,13.45,13.81,1193800,48578822.2986,13.6,,246590880,,8943234740.4,
1999-12-10,PAYX,13.81,13.37,13.84,13.16,13.35,1178500,47842503.85,13.57,,246590880,,9066684299.7,
1999-12-09,PAYX,13.35,13.71,14.02,13.29,13.71,1180500,48222820.584,13.66,,246590880,,8764918710.3,
1999-12-08,PAYX,13.71,14.42,14.65,13.66,14.35,1021900,43028015.1224,14.08,,246590880,,8998101211.2,
1999-12-07,PAYX,14.35,14.37,14.44,14.0,14.48,880300,37322337.9082,14.17,,246590880,,9423316359.9,
1999-12-04,PAYX,14.48,14.08,14.65,13.89,13.87,1441700,61503478.4962,14.26,,246590880,,9505616066.1,
1999-12-03,PAYX,13.87,13.25,13.96,13.25,13.29,1012900,41406739.1955,13.67,,246590880,,9107834152.8,
1999-12-02,PAYX,13.29,13.2,13.52,13.0,13.35,1032800,41143959.3088,13.32,,246590880,,8723768857.2,
1999-12-01,PAYX,13.35,13.16,13.62,12.95,13.14,1211600,48455515.1652,13.37,,246590880,,9355812106.5,
1999-11-30,PAYX,13.14,13.2,13.62,12.91,13.45,1401400,55687431.8,13.28,,246590880,,9209398771.5,
1999-11-27,PAYX,13.45,13.71,13.79,13.37,13.73,491900,19948505.7134,13.56,,246590880,,9429018774.0,
1999-11-25,PAYX,13.73,13.52,13.79,13.27,13.54,1603800,65011630.3848,13.55,,246590880,,9619356109.5,
1999-11-24,PAYX,13.54,14.02,14.06,13.08,14.08,1975800,79844045.8968,13.51,,246590880,,9487584108.0,
1999-11-23,PAYX,14.08,13.54,14.21,13.08,13.71,1497700,61630346.0138,13.76,,246590880,,9868258779.0,
1999-11-20,PAYX,13.71,14.0,14.04,12.95,13.81,2278300,91690174.3868,13.45,,246590880,,9604714776.0,
1999-11-19,PAYX,13.81,14.0,14.17,13.58,13.87,1664900,68770359.4,13.81,,246590880,,9677921443.5,
1999-11-18,PAYX,13.87,14.12,14.29,13.75,14.12,1107400,46603821.6,14.07,,246590880,,9721845444.0,
1999-11-17,PAYX,14.12,14.25,14.69,13.89,14.21,1393700,59841292.7189,14.35,,246590880,,9897541446.0,
1999-11-16,PAYX,14.21,14.06,14.37,13.85,14.14,657600,27791487.2544,14.13,,246590880,,9956106780.0,
1999-11-13,PAYX,14.14,14.23,14.46,13.62,14.25,1707800,71148648.9688,13.93,,246590880,,9912182779.5,
1999-11-12,PAYX,14.25,14.12,15.0,13.85,14.08,1916500,82258077.335,14.35,,246590880,,9985389447.0,
1999-11-11,PAYX,14.08,13.54,14.08,13.37,13.66,1210100,50197362.1495,13.87,,246590880,,9868258779.0,
1999-11-10,PAYX,13.66,14.25,14.25,13.5,14.12,1062300,43940976.1377,13.83,,246590880,,9575432109.0,
1999-11-09,PAYX,14.12,13.68,14.37,13.64,13.77,1392900,58643861.871,14.07,,246590880,,9897541446.0,
1999-11-06,PAYX,13.77,14.0,14.33,13.71,13.77,1142500,47820466.29,13.99,,246590880,,9648638776.5,
1999-11-05,PAYX,13.77,13.91,14.04,13.56,13.75,588700,24287989.4243,13.79,,246590880,,9648638776.5,
1999-10-30,PAYX,13.16,13.54,13.73,12.97,13.37,1701500,67915362.291,13.34,,246590880,,9224040105.0,
1999-10-19,PAYX,11.36,11.61,11.88,11.09,11.67,1326900,45446325.0,11.42,,246590880,,7979526757.5,
1999-10-01,PAYX,11.38,11.07,11.5,11.05,10.96,1727500,58546688.68,11.3,,246590880,,7994168091.0,
1999-09-29,PAYX,11.16,10.94,11.17,10.57,11.09,1069600,34796225.0608,10.85,,246590880,,7840434089.25,
1999-09-25,PAYX,10.69,10.57,10.84,10.46,10.63,1198100,38388305.3266,10.68,,246590880,,7511004085.5,
1999-09-16,PAYX,10.08,10.84,10.84,10.05,10.64,1422900,44494068.771,10.43,,246590880,,7079084747.25,
1999-09-09,PAYX,9.59,9.59,9.69,9.5,9.73,988300,28415600.6117,9.59,,246590880,,6735013410.0,
1999-09-08,PAYX,9.73,9.9,9.92,9.63,10.07,991000,28962964.018,9.75,,246590880,,6837502744.5,
1999-09-04,PAYX,10.07,9.84,10.13,9.8,9.77,1585200,47498916.948,9.99,,246566880,,7071075805.5,
1999-09-02,PAYX,9.88,9.61,9.88,9.46,9.82,1666400,48222264.8696,9.65,,246566880,,6939316629.0,
1999-09-01,PAYX,9.82,8.92,9.82,8.8,8.71,2215600,61429721.1688,9.25,,246566880,,7258312530.0,
1999-08-24,PAYX,9.65,9.27,9.67,9.05,9.27,2201800,61701030.391,9.34,,246566880,,7135029090.0,
1999-08-19,PAYX,8.92,9.09,9.27,8.86,9.23,1439600,38857668.804,9.0,,246566880,,6595664040.0,
1999-08-18,PAYX,9.23,9.38,9.46,9.05,9.17,1128400,31059203.2296,9.18,,246566880,,6826820490.0,
1999-08-13,PAYX,9.0,8.73,9.13,8.73,8.77,2140200,57725442.297,8.99,,245946880,,6640565760.0,
1999-08-06,PAYX,9.02,8.88,9.23,8.63,8.75,2751300,72840642.7383,8.83,,245946880,,6655937440.0,
1999-07-31,PAYX,9.36,9.32,9.55,9.21,9.21,1420900,40140425.0,9.42,,245946880,,6901884320.0,
1999-07-30,PAYX,9.21,9.5,9.67,9.19,9.63,1408800,39866206.9032,9.44,,245946880,,6794282560.0,
1999-07-27,PAYX,10.02,10.32,10.42,9.98,10.44,817200,25063523.1828,10.21,,245946880,,7409149760.0,
1999-07-23,PAYX,10.19,10.44,10.65,10.19,10.46,867100,27123747.2961,10.41,,245946880,,7532123200.0,
1999-07-22,PAYX,10.46,10.63,10.69,10.27,10.58,1060600,33307073.9152,10.45,,245946880,,7731955040.0,
1999-07-21,PAYX,10.58,10.61,10.94,10.4,10.61,1260600,40191704.7576,10.61,,245946880,,7816499280.0,
1999-07-20,PAYX,10.61,10.65,10.67,10.4,10.65,813200,25725577.934,10.53,,245946880,,7839556800.0,
1999-07-17,PAYX,10.65,10.61,10.9,10.54,10.48,895700,28682996.6215,10.66,,245946880,,7870300160.0,
1999-07-16,PAYX,10.48,10.32,10.96,10.32,10.32,1412200,45201691.9512,10.65,,245946880,,7747326720.0,
1999-07-15,PAYX,10.32,10.19,10.4,10.0,10.11,2040600,62915750.6316,10.26,,245946880,,7624353280.0,
1999-07-14,PAYX,10.11,10.44,10.61,10.05,10.52,1495400,46041851.1598,10.25,,245946880,,7470636480.0,
1999-07-13,PAYX,10.52,10.98,11.02,10.42,11.04,2112900,67619119.6839,10.65,,245946880,,7778070080.0,
1999-07-10,PAYX,11.04,10.73,11.04,10.36,10.71,2400000,77296766.4,10.72,,245946880,,8162362080.0,
1999-07-07,PAYX,10.46,10.67,10.69,10.4,10.69,918300,28900723.8255,10.47,,245946880,,7731955040.0,
1999-07-03,PAYX,10.69,10.73,10.73,10.44,10.65,483500,15354991.066,10.57,,245946880,,7901043520.0,
1999-07-02,PAYX,10.65,10.48,10.82,10.4,10.61,1558500,49951475.7075,10.67,,245946880,,7870300160.0,
1999-07-01,PAYX,10.61,10.5,10.67,10.02,10.52,1339000,41823646.254,10.39,,245946880,,7839556800.0,
1999-06-30,PAYX,10.52,10.54,10.61,9.86,10.67,2877200,87576181.9508,10.13,,245946880,,7778070080.0,
1999-06-29,PAYX,10.67,10.57,10.75,9.98,10.4,1916300,60204383.6859,10.45,,245946880,,7885671840.0,
1999-06-26,PAYX,10.4,9.8,10.82,9.69,9.65,3488000,106840917.536,10.19,,245946880,,7685840000.0,
1999-06-25,PAYX,9.65,9.78,10.02,9.36,9.65,3137000,91700768.315,9.73,,245946880,,7132459520.0,
1999-06-24,PAYX,9.65,9.4,9.82,9.36,9.4,2330100,67463357.3388,9.63,,245946880,,7132459520.0,
1999-06-23,PAYX,9.4,9.46,9.9,9.32,9.57,1518700,43541127.4813,9.54,,245946880,,6947999360.0,
1999-06-22,PAYX,9.57,9.59,9.67,9.44,9.59,1320300,37875442.1391,9.55,,245946880,,7070972800.0,
1999-06-19,PAYX,9.59,9.3,9.73,9.3,9.65,2279000,64903615.931,9.48,,245946880,,7086344480.0,
1999-06-18,PAYX,9.65,9.32,9.78,9.3,9.34,2087500,60266116.65,9.61,,245946880,,7132459520.0,
1999-06-17,PAYX,9.34,9.32,9.4,9.15,9.21,3041200,84533164.788,9.25,,245946880,,6901884320.0,
1999-06-16,PAYX,9.21,9.01,9.26,8.98,9.05,3014500,82669635.942,9.13,,245946880,,6809654240.0,
1999-06-15,PAYX,9.05,8.63,9.05,8.49,8.69,2299900,61092218.4011,8.84,,245946880,,6686680800.0,
1999-06-12,PAYX,8.69,9.01,9.03,8.65,8.9,1294500,34146309.3495,8.78,,245946880,,6425362240.0,
1999-06-11,PAYX,8.9,8.98,9.13,8.65,9.2,2055400,54887391.323,8.89,,245946880,,6579079040.0,
1999-06-10,PAYX,9.2,9.23,9.23,8.69,9.13,3408100,91759670.7676,8.96,,245946880,,6801968400.0,
1999-06-09,PAYX,9.13,9.11,9.23,8.69,9.01,2341700,63036203.5664,8.96,,245946880,,6748167520.0,
1999-06-08,PAYX,9.01,9.44,9.44,8.98,9.24,2090400,57233057.4192,9.11,,245946880,,6655937440.0,
1999-06-05,PAYX,9.24,9.57,9.75,9.15,9.37,2169800,60838993.9926,9.33,,245946880,,6832711760.0,
1999-06-04,PAYX,9.37,9.67,9.69,9.28,9.58,978200,28078247.909,9.55,,245946880,,6924941840.0,
1999-06-03,PAYX,9.58,9.36,9.98,9.15,9.32,1359600,38831522.004,9.5,,245946880,,7078658640.0,
1999-06-02,PAYX,9.32,9.73,9.82,9.19,9.86,1917100,53933766.6316,9.36,,245946880,,6886512640.0,
1999-05-29,PAYX,9.86,9.82,9.98,9.48,9.63,1068300,31230675.7902,9.73,,245946880,,7286176320.0,
1999-05-28,PAYX,9.63,9.71,9.9,9.15,9.69,1620700,45972772.9586,9.44,,245946880,,7117087840.0,
1999-05-27,PAYX,9.69,9.26,9.73,9.11,9.01,1824800,51672837.8776,9.42,,245946880,,7163202880.0,
1999-05-25,PAYX,9.36,10.15,10.15,9.23,9.9,1838700,53316774.7065,9.65,,245935200,,6916927500.0,
1999-05-15,PAYX,10.58,10.48,10.7,10.29,10.69,1137300,53694197.3643,10.47,,163965000,,7819080937.5,
1999-05-14,PAYX,10.69,10.93,10.98,10.65,10.9,785600,38309784.0,10.82,,163965000,,7901063437.5,
1999-05-13,PAYX,10.9,10.73,10.9,10.43,10.65,717200,34725389.6,10.74,,163965000,,8054780625.0,
1999-05-11,PAYX,10.9,10.82,10.98,10.59,10.76,508900,24770196.5644,10.8,,163965000,,8054780625.0,
1999-05-06,PAYX,11.19,10.79,11.2,10.54,10.7,1165900,56958865.7751,10.84,,163965000,,8269984687.5,
1999-04-27,PAYX,11.97,11.84,12.18,11.43,11.74,1001400,53666016.3846,11.87,,163965000,,8864357812.5,
1999-04-24,PAYX,11.74,11.52,12.0,11.21,11.53,1047300,55032471.0054,11.64,,163965000,,8690145000.0,
1999-04-20,PAYX,11.17,11.3,11.75,11.0,11.28,1041100,53202281.789,11.32,,163965000,,8269984687.5,
1999-04-14,PAYX,10.66,11.07,11.1,10.63,11.09,552700,26965124.8365,10.81,,163965000,,7890815625.0,
1999-04-02,PAYX,10.63,10.58,10.66,10.55,10.51,475700,22780314.9402,10.61,,163965000,,7870320000.0,
1999-03-26,PAYX,10.87,10.69,10.88,10.08,10.66,1084400,51394051.4312,10.5,,163965000,,8044532812.5,
1999-03-23,PAYX,10.44,10.95,10.95,10.41,10.92,785400,37706259.1752,10.63,,163618000,,7710498250.0,
1999-03-18,PAYX,10.58,10.99,11.21,10.58,10.37,3887500,190740140.85,10.87,,163618000,,7812759500.0,
1999-03-12,PAYX,10.16,10.13,10.2,9.72,10.17,2242900,100973110.6142,9.97,,163618000,,7505975750.0,
1999-03-09,PAYX,9.65,9.54,9.65,9.41,9.54,1156500,49968879.309,9.57,,163618000,,7127609125.0,
1999-02-24,PAYX,9.36,9.52,9.57,9.25,9.52,1892700,80049838.6584,9.37,,163618000,,6912860500.0,
1999-02-17,PAYX,10.04,9.98,10.19,9.98,9.9,658300,30046127.9417,10.11,,163618000,,7419053687.5,
1999-02-13,PAYX,9.9,10.27,10.27,9.87,10.33,1007100,45594433.2645,10.03,,163618000,,7311679375.0,
1999-02-06,PAYX,10.04,10.09,10.41,9.99,9.99,711000,32578015.023,10.15,,163618000,,7413940625.0,
1999-02-05,PAYX,9.99,10.82,10.85,9.88,10.84,837500,39611235.825,10.48,,163618000,,7383262250.0,
1999-01-28,PAYX,9.93,10.28,10.33,9.86,10.26,742800,33963787.2,10.11,,163618000,,7352583875.0,
1999-01-27,PAYX,10.26,9.91,10.39,9.91,9.89,1464300,67649181.057,10.21,,163618000,,7598010875.0,
1999-01-26,PAYX,9.89,10.28,10.28,9.75,10.24,1087500,49023407.0625,9.96,,163618000,,7321905500.0,
1999-01-23,PAYX,10.24,9.99,10.31,9.91,9.99,988400,45319126.4232,10.13,,163618000,,7582671687.5,
1999-01-22,PAYX,9.99,10.28,10.36,9.95,10.33,1271700,58641891.9264,10.19,,163618000,,7393488375.0,
1999-01-21,PAYX,10.33,10.55,10.55,10.11,10.44,1166600,54580542.9336,10.34,,163618000,,7649141500.0,
1999-01-20,PAYX,10.44,10.83,10.86,10.33,10.03,1456500,69539119.9785,10.55,,163618000,,7730950500.0,
1999-01-16,PAYX,10.03,10.31,10.47,9.86,10.22,1652900,75393714.4768,10.08,,163618000,,7424166750.0,
1999-01-15,PAYX,10.22,10.89,10.94,9.97,10.79,954500,44688721.1825,10.35,,163618000,,7567332500.0,
1999-01-14,PAYX,10.79,10.39,11.0,10.22,10.55,987800,48164128.3464,10.78,,163618000,,7986603625.0,
1999-01-13,PAYX,10.55,11.05,11.05,10.54,11.16,625900,30549547.4669,10.79,,163618000,,7812759500.0,
1999-01-12,PAYX,11.16,11.27,11.36,11.05,11.27,540000,27301319.46,11.17,,163618000,,8262709000.0,
1999-01-09,PAYX,11.27,11.25,11.38,11.0,11.25,870500,43982870.813,11.17,,163618000,,8344518000.0,
1999-01-08,PAYX,11.25,11.19,11.26,11.0,11.33,781400,39400523.6046,11.15,,163618000,,8324065750.0,
1999-01-07,PAYX,11.33,11.11,11.41,10.97,10.93,1372200,69709125.339,11.23,,163618000,,8385422500.0,
1999-01-06,PAYX,10.93,11.36,11.36,10.8,11.44,1013000,50771555.948,11.08,,163618000,,8088864875.0,
1999-01-05,PAYX,11.44,11.44,11.44,11.08,11.37,660200,33731590.6776,11.29,,163618000,,8467231500.0,
1999-01-01,PAYX,11.37,11.27,11.4,11.16,11.18,667100,34148840.9948,11.31,,163618000,,8416100875.0,
1998-12-31,PAYX,11.18,11.33,11.33,11.16,11.31,442000,22462436.906,11.23,,163618000,,8272935125.0,
1998-12-30,PAYX,11.31,11.07,11.4,11.0,11.05,905800,46092527.0246,11.25,,163618000,,8375196375.0,
1998-12-29,PAYX,11.05,11.11,11.29,11.02,10.9,457000,23037825.172,11.14,,163618000,,8180900000.0,
1998-12-25,PAYX,10.9,10.9,11.16,10.86,10.83,278800,13918529.3332,11.03,,163618000,,8068412625.0,
1998-12-24,PAYX,10.83,10.86,11.05,10.58,11.0,1094100,53352684.7413,10.78,,163618000,,8017282000.0,
1998-12-23,PAYX,11.0,11.27,11.3,10.75,11.26,1087500,53531100.0,10.88,,163618000,,8139995500.0,
1998-12-22,PAYX,11.26,10.89,11.34,10.87,10.78,922000,46428220.936,11.13,,163618000,,8334291875.0,
1998-12-19,PAYX,10.78,10.6,11.07,10.6,10.68,1131700,55529109.1879,10.85,,163618000,,7976377500.0,
1998-12-18,PAYX,10.68,10.39,10.72,10.22,10.06,1676100,79291249.2912,10.46,,163618000,,7904794625.0,
1998-12-17,PAYX,10.06,10.83,10.89,10.06,10.75,1285300,61505457.0441,10.58,,163537000,,7440933500.0,
1998-12-16,PAYX,10.75,10.28,10.91,10.26,10.15,2702000,129960774.384,10.63,,163537000,,7951986625.0,
1998-12-15,PAYX,10.15,10.75,10.75,10.14,10.66,1520100,71183224.5588,10.35,,163537000,,7512480937.5,
1998-12-12,PAYX,10.66,10.62,10.86,10.61,10.64,789200,38292770.8324,10.72,,163537000,,7890660250.0,
1998-12-11,PAYX,10.64,11.02,11.13,10.61,11.08,871100,42704795.0757,10.84,,163537000,,7870218125.0,
1998-12-10,PAYX,11.08,11.54,11.55,10.97,11.58,778800,39355876.8636,11.17,,163537000,,8197292125.0,
1998-12-09,PAYX,11.58,11.63,11.71,11.45,11.55,390200,20419160.9274,11.57,,163537000,,8565250375.0,
1998-12-08,PAYX,11.55,11.29,11.63,11.25,11.25,657200,34027839.7996,11.44,,163537000,,8544808250.0,
1998-12-05,PAYX,11.25,10.66,11.27,10.64,10.53,1086900,53529825.0,10.89,,163537000,,8319944875.0,
1998-12-04,PAYX,10.53,10.8,10.86,10.5,10.83,714600,34688108.1978,10.73,,163537000,,7788449625.0,
1998-12-03,PAYX,10.83,10.89,10.89,10.44,10.93,759700,36859117.7627,10.72,,163537000,,8013313000.0,
1998-12-02,PAYX,10.93,11.01,11.02,10.78,11.0,1051600,51720841.7484,10.87,,163537000,,8084860437.5,
1998-12-01,PAYX,11.0,11.55,11.56,11.0,11.56,1077100,54878241.7687,11.26,,163537000,,8135965750.0,
1998-11-28,PAYX,11.56,11.63,11.63,11.56,11.58,152600,8000206.837,11.59,,163537000,,8555029312.5,
1998-11-26,PAYX,11.58,11.6,11.73,11.55,11.63,548600,28871715.8626,11.63,,163537000,,8565250375.0,
1998-11-25,PAYX,11.63,11.96,11.99,11.58,11.96,654200,34683061.9664,11.72,,163537000,,8606134625.0,
1998-11-24,PAYX,11.96,11.87,12.17,11.84,11.8,978900,53166984.9321,12.0,,163537000,,8851440125.0,
1998-11-21,PAYX,11.8,11.91,11.91,11.71,11.74,726400,38808642.768,11.81,,163537000,,8728787375.0,
1998-11-20,PAYX,11.74,11.81,11.88,11.66,11.63,443600,23503253.0332,11.71,,163537000,,8687903125.0,
1998-11-19,PAYX,11.63,11.47,11.85,11.44,11.41,1200000,63309595.2,11.66,,163537000,,8606134625.0,
1998-11-18,PAYX,11.41,11.55,11.6,11.38,11.62,1058800,54890305.3648,11.46,,163537000,,8442597625.0,
1998-11-17,PAYX,11.62,11.91,11.94,11.52,11.8,1450800,76246783.8444,11.62,,163537000,,8595913562.5,
1998-11-14,PAYX,11.8,11.69,11.87,11.6,11.65,789000,42128647.11,11.8,,163537000,,8728787375.0,
1998-11-13,PAYX,11.65,11.49,11.77,11.47,11.52,519500,27302318.8635,11.62,,163537000,,8616355687.5,
1998-11-12,PAYX,11.52,11.6,11.6,11.44,11.51,459500,23941782.9455,11.52,,163537000,,8524366125.0,
1998-11-11,PAYX,11.51,11.22,11.58,11.16,11.18,1202200,61866412.9978,11.37,,163537000,,8514145062.5,
1998-11-10,PAYX,11.18,11.36,11.36,11.05,11.37,380100,19204550.2194,11.17,,163537000,,8268839562.5,
1998-11-07,PAYX,11.37,11.18,11.44,11.18,11.26,449000,23052556.204,11.35,,163537000,,8411934437.5,
1998-11-06,PAYX,11.26,11.25,11.3,11.0,11.25,1041300,52405500.9348,11.12,,163537000,,8330165937.5,
1998-11-05,PAYX,11.25,11.19,11.47,11.13,11.02,1740500,88615794.3735,11.25,,163537000,,8319944875.0,
1998-11-04,PAYX,11.02,11.0,11.12,10.83,10.95,626900,31266637.5,11.02,,163537000,,8156407875.0,
1998-11-03,PAYX,10.95,11.3,11.42,10.93,11.0,1880800,94690745.5152,11.13,,163537000,,8105302562.5,
1998-10-31,PAYX,11.0,11.07,11.36,10.97,11.08,828600,41773029.6282,11.14,,163537000,,8135965750.0,
1998-10-30,PAYX,11.08,10.83,11.08,10.75,10.8,897800,44523694.0088,10.96,,163537000,,8197292125.0,
1998-10-29,PAYX,10.8,10.34,10.81,10.23,10.29,703200,33726174.4968,10.58,,163537000,,8003091937.5,
1998-10-28,PAYX,10.29,10.81,10.89,10.29,10.6,999500,48300834.5015,10.66,,163537000,,7624912625.0,
1998-10-27,PAYX,10.6,10.26,10.62,10.25,10.15,891300,42381304.3044,10.49,,163537000,,7859997062.5,
1998-10-24,PAYX,10.15,10.4,10.45,10.07,10.37,523100,24228415.8997,10.22,,163537000,,7522702000.0,
1998-10-23,PAYX,10.37,10.23,10.45,10.12,10.2,568500,26653547.178,10.34,,163537000,,7686239000.0,
1998-10-22,PAYX,10.2,9.93,10.26,9.9,9.91,641300,29122071.7348,10.02,,163537000,,7563586250.0,
1998-10-21,PAYX,9.91,10.29,10.48,9.87,10.07,1130700,52149000.0009,10.18,,163537000,,7348943937.5,
1998-10-20,PAYX,10.07,9.82,10.26,9.61,9.6,934200,42305236.7238,9.99,,163331000,,7451976875.0,
1998-10-17,PAYX,9.6,10.12,10.26,9.35,9.98,1275500,56521217.4695,9.78,,163331000,,7104898500.0,
1998-10-16,PAYX,9.98,9.93,10.01,9.65,9.9,847800,37905984.9522,9.86,,163331000,,7390727750.0,
1998-10-15,PAYX,9.9,9.39,9.9,9.28,9.39,1298300,56596776.3204,9.62,,163331000,,7329478625.0,
1998-10-14,PAYX,9.39,9.51,9.6,9.24,9.62,671500,28685128.942,9.42,,163331000,,6951775687.5,
1998-10-13,PAYX,9.62,9.71,9.96,9.57,9.43,987000,43649088.0,9.76,,163331000,,7125314875.0,
1998-10-10,PAYX,9.43,9.29,9.43,8.91,9.24,1816700,75436627.1829,9.16,,163331000,,6982400250.0,
1998-10-09,PAYX,9.24,9.05,9.43,8.71,9.25,1753000,71215625.0,8.96,,163331000,,6839485625.0,
1998-10-08,PAYX,9.25,9.93,9.96,9.1,10.07,1552300,66610739.0908,9.47,,163331000,,6849693812.5,
1998-10-07,PAYX,10.07,10.04,10.2,9.83,9.83,2730400,123722585.1656,10.0,,163331000,,7451976875.0,
1998-10-06,PAYX,9.83,9.85,9.98,9.13,10.04,1571200,67974803.6032,9.54,,163331000,,7278437687.5,
1998-10-03,PAYX,10.04,9.82,10.09,9.02,9.56,2929800,126883775.4702,9.55,,163331000,,7431560500.0,
1998-10-02,PAYX,9.56,10.78,10.87,9.4,11.38,9267199,433649235.8684,10.32,,163331000,,7074273937.5,
1998-10-01,PAYX,11.38,10.59,11.47,10.59,10.2,21439500,1073111164.863,11.04,,163331000,,8421754687.5,
1998-09-30,PAYX,10.2,10.27,10.29,10.18,10.25,650400,30196767.2976,10.24,,163331000,,7554058750.0,
1998-09-25,PAYX,10.48,10.48,10.77,10.29,10.51,1713300,81926569.1202,10.55,,163331000,,7758222500.0,
1998-09-24,PAYX,10.51,10.62,10.76,10.45,10.34,2133900,102277812.0627,10.57,,163331000,,7778638875.0,
1998-09-23,PAYX,10.34,9.98,10.45,9.8,9.96,2052900,94078240.0884,10.11,,163331000,,7656140625.0,
1998-09-19,PAYX,9.79,9.25,9.85,9.21,9.18,991200,42958605.0264,9.56,,163331000,,7247813125.0,
1998-09-18,PAYX,9.18,9.18,9.46,9.05,9.47,1232300,51704834.7739,9.26,,163331000,,6798652875.0,
1998-09-17,PAYX,9.47,9.75,9.96,9.46,9.69,1286800,56935736.0716,9.76,,163331000,,7013024812.5,
1998-09-16,PAYX,9.69,9.34,9.79,9.34,9.38,1266300,55285387.9011,9.63,,163331000,,7176355812.5,
1998-09-15,PAYX,9.38,9.1,9.43,9.07,9.07,898800,37941042.6024,9.31,,163331000,,6941567500.0,
1998-09-12,PAYX,9.07,9.05,9.07,8.85,9.0,730200,29765867.6886,8.99,,163331000,,6716987375.0,
1998-09-11,PAYX,9.0,9.4,9.46,8.96,9.57,1687700,70191437.9369,9.18,,163331000,,6665946437.5,
1998-09-10,PAYX,9.57,9.51,9.65,9.46,9.51,880200,38131144.2,9.56,,163331000,,7084482125.0,
1998-09-09,PAYX,9.51,9.27,9.54,9.24,9.07,1208300,51724905.1917,9.44,,163331000,,7043649375.0,
1998-09-05,PAYX,9.07,9.07,9.07,8.94,8.98,503800,20656807.0962,9.05,,163331000,,6716987375.0,
1998-09-04,PAYX,8.98,9.05,9.1,8.94,9.14,520500,21225465.336,9.0,,163162000,,6638653875.0,
1998-09-03,PAYX,9.14,8.58,9.18,8.49,8.55,1509100,61704059.6726,9.02,,163162000,,6761025375.0,
1998-09-02,PAYX,8.55,8.27,8.55,8.05,8.38,1573000,58732670.854,8.24,,163162000,,6322527500.0,
1998-09-01,PAYX,8.38,8.74,8.74,8.36,8.6,1346800,52281408.998,8.56,,163162000,,6200156000.0,
1998-08-29,PAYX,8.6,8.58,8.77,8.44,8.37,1800800,70016899.3976,8.58,,163162000,,6363318000.0,
1998-08-28,PAYX,8.37,8.77,8.88,8.37,8.91,858600,33399534.8484,8.58,,163162000,,6189958375.0,
1998-08-27,PAYX,8.91,8.85,8.99,8.74,9.02,409600,16461819.0848,8.87,,163162000,,6587665750.0,
1998-08-26,PAYX,9.02,8.99,9.02,8.71,8.84,697700,28010553.5276,8.86,,163162000,,6669246750.0,
1998-08-25,PAYX,8.84,9.1,9.13,8.83,9.02,407900,16483645.2684,8.92,,163162000,,6536677625.0,
1998-08-22,PAYX,9.02,9.13,9.17,8.92,9.18,767800,31370762.4186,9.01,,163162000,,6669246750.0,
1998-08-21,PAYX,9.18,9.27,9.4,9.16,9.29,406800,17113663.098,9.28,,163162000,,6791618250.0,
1998-08-19,PAYX,9.54,9.49,9.71,9.28,9.57,543200,23308167.1704,9.47,,163162000,,7056756500.0,
1998-08-18,PAYX,9.57,9.05,9.58,8.88,8.89,472600,20008937.8548,9.34,,163162000,,7077151750.0,
1998-08-15,PAYX,8.89,9.35,9.35,8.83,9.18,281500,11520384.122,9.03,,163162000,,6577468125.0,
1998-08-14,PAYX,9.18,8.96,9.67,8.91,8.98,700600,29516270.994,9.29,,163162000,,6791618250.0,
1998-08-13,PAYX,8.98,8.83,8.99,8.76,8.66,430200,17313397.2792,8.88,,163162000,,6638653875.0,
1998-08-12,PAYX,8.66,8.8,8.85,8.47,8.88,583600,22815255.482,8.63,,163162000,,6404108500.0,
1998-08-11,PAYX,8.88,9.0,9.05,8.74,9.0,271000,10859782.729,8.84,,163162000,,6567270500.0,
1998-08-08,PAYX,9.0,8.99,9.38,8.88,8.98,416500,17321401.167,9.18,,163162000,,6659049125.0,
1998-08-07,PAYX,8.98,8.44,8.98,8.38,8.63,450200,17649185.1976,8.65,,163162000,,6638653875.0,
1998-08-06,PAYX,8.63,9.05,9.06,8.38,8.84,522400,20513080.2776,8.66,,163162000,,6383713250.0,
1998-08-05,PAYX,8.84,8.99,9.13,8.77,8.84,822400,33188764.5312,8.9,,163162000,,6536677625.0,
1998-08-04,PAYX,8.84,9.05,9.13,8.83,8.92,432400,17570571.838,8.97,,163162000,,6536677625.0,
1998-08-01,PAYX,8.92,9.62,9.64,8.91,9.72,551300,23070797.9896,9.23,,163162000,,6597863375.0,
1998-07-31,PAYX,9.72,9.14,9.76,9.14,9.02,616100,26280976.4678,9.41,,163162000,,7189325625.0,
1998-07-30,PAYX,9.02,9.25,9.25,8.98,9.18,324800,13364541.7024,9.06,,163162000,,6679444375.0,
1998-07-29,PAYX,9.18,9.31,9.36,9.17,9.36,658800,27591854.3532,9.23,,163162000,,6801815875.0,
1998-07-28,PAYX,9.36,9.14,9.36,9.03,9.2,348000,14515772.868,9.19,,163162000,,6934385000.0,
1998-07-25,PAYX,9.2,9.2,9.25,9.0,9.25,274500,11406020.4315,9.15,,163162000,,6812013500.0,
1998-07-24,PAYX,9.25,9.14,9.35,9.09,9.07,574400,24129392.9024,9.25,,163162000,,6852804000.0,
1998-07-23,PAYX,9.07,8.96,9.14,8.87,8.89,419700,17224062.8439,9.04,,163162000,,6720234875.0,
1998-07-22,PAYX,8.89,9.31,9.31,8.76,9.25,861900,35186196.981,8.99,,163162000,,6587665750.0,
1998-07-21,PAYX,9.25,9.42,9.49,9.14,9.47,426600,17999954.001,9.3,,163162000,,6852804000.0,
1998-07-18,PAYX,9.47,9.58,9.58,9.42,9.47,689000,29833691.732,9.54,,163162000,,7015966000.0,
1998-07-02,PAYX,9.45,9.12,9.78,9.12,8.96,2212200,,,,163162000,,6995570750.0,
1998-05-16,PAYX,7.86,8.0,8.04,7.84,7.95,257300,,,,108775000,,5819462500.0,
1998-05-15,PAYX,7.95,8.02,8.17,7.89,8.0,259400,,,,108775000,,5887446875.0,
1998-05-14,PAYX,8.0,8.08,8.08,7.91,8.02,197500,,,,108775000,,5928237500.0,
1998-05-08,PAYX,7.75,7.73,7.86,7.71,7.73,435500,,,,108775000,,5737881250.0,
1998-05-07,PAYX,7.73,7.95,7.95,7.67,7.82,375600,,,,108775000,,5724284375.0,
1998-05-06,PAYX,7.82,8.15,8.15,7.75,8.11,290000,,,,108775000,,5792268750.0,
1998-05-05,PAYX,8.11,8.21,8.45,8.1,8.15,491600,,,,108775000,,6003020312.5,
1998-05-01,PAYX,7.98,8.04,8.3,7.89,8.02,598800,,,,108775000,,5907842187.5,
1998-04-30,PAYX,8.02,7.63,8.02,7.6,7.56,555100,,,,108775000,,5941834375.0,
1998-04-25,PAYX,7.98,7.92,8.04,7.84,7.95,447100,,,,108775000,,5921439062.5,
1998-04-24,PAYX,7.95,8.28,8.32,7.92,8.26,380600,,,,108775000,,5901043750.0,
1998-04-23,PAYX,8.26,8.41,8.43,8.26,8.38,152200,,,,108775000,,6125392187.5,
1998-04-22,PAYX,8.38,8.45,8.45,8.3,8.43,171500,,,,108775000,,6213771875.0,
1998-04-21,PAYX,8.43,8.36,8.49,8.34,8.36,216900,,,,108775000,,6254562500.0,
1998-04-18,PAYX,8.36,8.28,8.47,8.25,8.3,478500,,,,108701000,,6195957000.0,
1998-04-17,PAYX,8.3,8.47,8.47,8.27,8.49,312900,,,,108701000,,6155194125.0,
1998-04-16,PAYX,8.49,8.56,8.63,8.47,8.5,215400,,,,108701000,,6294467281.25,
1998-04-14,PAYX,8.49,8.64,8.64,8.47,8.61,395300,,,,108701000,,6291070375.0,
1998-04-08,PAYX,8.28,8.21,8.47,8.12,8.25,799100,,,,108701000,,6141606500.0,
1998-04-07,PAYX,8.25,8.65,8.67,8.18,8.57,703700,,,,108701000,,6114431250.0,
1998-04-04,PAYX,8.57,8.47,8.63,8.47,8.46,438000,,,,108701000,,6352214687.5,
1998-04-03,PAYX,8.46,8.38,8.54,8.33,8.33,300300,,,,108701000,,6270688937.5,
1998-04-02,PAYX,8.33,8.46,8.5,8.3,8.46,723600,,,,108701000,,6175575562.5,
1998-04-01,PAYX,8.46,8.35,8.56,8.32,8.37,583900,,,,108701000,,6270688937.5,
1998-03-31,PAYX,8.37,8.36,8.41,8.32,8.33,118800,,,,108701000,,6202750812.5,
1998-03-28,PAYX,8.33,8.49,8.49,8.33,8.46,410300,,,,108701000,,6175575562.5,
1998-03-27,PAYX,8.46,8.39,8.49,8.34,8.45,473400,,,,108701000,,6270688937.5,
1998-03-26,PAYX,8.45,8.27,8.76,8.27,8.25,1275900,,,,108701000,,6263895125.0,
1998-03-25,PAYX,8.25,8.01,8.34,7.99,8.05,651500,,,,108701000,,6114431250.0,
1998-03-24,PAYX,8.05,7.94,8.06,7.84,7.94,142900,,,,108701000,,5964967375.0,
1998-03-21,PAYX,7.94,8.17,8.19,7.94,8.12,551300,,,,108701000,,5890235437.5,
1998-03-20,PAYX,8.12,8.06,8.15,8.01,8.08,480700,,,,108701000,,6019317875.0,
1998-03-19,PAYX,8.08,7.83,8.12,7.67,7.86,891200,,,,108701000,,5992142625.0,
1998-03-18,PAYX,7.86,8.19,8.23,7.86,8.06,627700,,,,108701000,,5829091125.0,
1998-03-17,PAYX,8.06,7.94,8.14,7.94,7.94,769300,,,,108701000,,5978555000.0,
1998-03-14,PAYX,7.94,7.97,8.03,7.9,7.94,445500,,,,108701000,,5886838531.25,
1998-03-13,PAYX,7.94,8.03,8.05,7.84,7.95,457800,,,,108701000,,5890235437.5,
1998-03-12,PAYX,7.95,8.12,8.17,7.95,8.2,538200,,,,108701000,,5897029250.0,
1998-03-11,PAYX,8.2,7.75,8.21,7.73,7.7,684200,,,,108701000,,6080462187.5,
1998-03-10,PAYX,7.7,7.55,7.83,7.5,7.6,564800,,,,108701000,,5706802500.0,
1998-03-07,PAYX,7.6,7.48,7.6,7.37,7.42,474000,,,,108701000,,5632070562.5,
1998-03-06,PAYX,7.42,7.5,7.65,7.29,7.63,729200,,,,108701000,,5502988125.0,
1998-03-05,PAYX,7.63,7.66,7.83,7.55,7.66,463600,,,,108701000,,5659245812.5,
1998-03-04,PAYX,7.66,7.62,7.73,7.51,7.62,382900,,,,108701000,,5679627250.0,
1998-03-03,PAYX,7.62,7.59,7.75,7.57,7.57,624000,,,,108701000,,5645658187.5,
1998-02-28,PAYX,7.57,7.53,7.73,7.46,7.5,720800,,,,108701000,,5611689125.0,
1998-02-27,PAYX,7.5,7.46,7.62,7.4,7.49,407300,,,,108701000,,5557338625.0,
1998-02-26,PAYX,7.49,7.44,7.58,7.36,7.31,526600,,,,108701000,,5550544812.5,
1998-02-25,PAYX,7.31,7.42,7.61,7.24,7.46,700500,,,,108701000,,5421462375.0,
1998-02-24,PAYX,7.46,7.31,7.59,7.31,7.31,724300,,,,108701000,,5530163375.0,
1998-02-21,PAYX,7.31,7.2,7.33,7.17,7.22,482000,,,,108701000,,5421462375.0,
1998-02-20,PAYX,7.22,7.24,7.26,7.13,7.22,265300,,,,108701000,,5353524250.0,
1998-02-19,PAYX,7.22,7.22,7.25,7.15,7.19,678400,,,,108701000,,5353524250.0,
1998-02-18,PAYX,7.19,7.11,7.33,7.07,7.06,495200,,,,108701000,,5333142812.5,
1998-02-14,PAYX,7.06,7.11,7.28,7.06,7.22,444400,,,,108701000,,5231235625.0,
1998-02-13,PAYX,7.22,7.2,7.26,7.09,7.18,292800,,,,108701000,,5353524250.0,
1998-02-12,PAYX,7.18,7.24,7.33,7.17,7.2,765000,,,,108701000,,5326349000.0,
1998-02-11,PAYX,7.2,7.15,7.28,7.08,7.07,1082400,,,,108701000,,5339936625.0,
1998-02-10,PAYX,7.07,7.24,7.35,7.07,7.2,694900,,,,108701000,,5244823250.0,
1998-02-07,PAYX,7.2,7.11,7.24,7.04,7.02,510800,,,,108701000,,5339936625.0,
1998-02-06,PAYX,7.02,7.24,7.26,7.0,7.18,670300,,,,108701000,,5204060375.0,
1998-02-05,PAYX,7.18,7.24,7.28,7.15,7.24,452200,,,,108701000,,5326349000.0,
1998-02-04,PAYX,7.24,7.11,7.33,7.0,7.07,576700,,,,108701000,,5367111875.0,
1998-02-03,PAYX,7.07,7.13,7.26,7.02,7.01,502500,,,,108701000,,5244823250.0,
1998-01-31,PAYX,7.01,7.04,7.13,6.96,7.07,511500,,,,108701000,,5197266562.5,
1998-01-30,PAYX,7.07,7.18,7.2,6.98,7.15,603500,,,,108701000,,5244823250.0,
1998-01-29,PAYX,7.15,6.92,7.3,6.92,6.9,630000,,,,108701000,,5312761375.0,
1998-01-28,PAYX,6.9,6.93,6.99,6.82,6.95,367700,,,,108701000,,5122534625.0,
1998-01-27,PAYX,6.95,7.1,7.12,6.88,7.08,391900,,,,108701000,,5163297500.0,
1998-01-24,PAYX,7.08,7.45,7.52,7.04,7.45,602500,,,,108701000,,5258410875.0,
1998-01-23,PAYX,7.45,7.32,7.5,7.24,7.32,785800,,,,108701000,,5530163375.0,
1998-01-22,PAYX,7.32,7.24,7.34,7.13,7.31,978200,,,,108701000,,5435050000.0,
1998-01-21,PAYX,7.31,6.84,7.35,6.81,6.82,927500,,,,108701000,,5428256187.5,
1998-01-17,PAYX,6.82,6.97,7.08,6.7,6.78,905600,,,,108602000,,5063568250.0,
1998-01-16,PAYX,6.78,7.24,7.3,6.77,7.28,542600,,,,108602000,,5029630125.0,
1998-01-15,PAYX,7.28,6.88,7.32,6.88,6.92,744400,,,,108602000,,5399555687.5,
1998-01-14,PAYX,6.92,6.88,6.92,6.73,6.81,667900,,,,108602000,,5138232125.0,
1998-01-13,PAYX,6.81,6.77,7.02,6.6,6.95,1007100,,,,108602000,,5049993000.0,
1998-01-10,PAYX,6.95,7.02,7.08,6.92,7.02,1343900,,,,108602000,,5158595000.0,
1998-01-09,PAYX,7.02,6.92,7.02,6.79,7.02,1290100,,,,108602000,,5206108375.0,
1998-01-08,PAYX,7.02,7.04,7.1,6.86,7.06,1238900,,,,108602000,,5212896000.0,
1998-01-07,PAYX,7.06,7.21,7.32,7.06,7.24,860500,,,,108602000,,5240046500.0,
1998-01-06,PAYX,7.24,6.86,7.37,6.73,7.17,1112900,,,,108602000,,5369011375.0,
1998-01-03,PAYX,7.17,7.42,7.43,7.1,7.41,864600,,,,108602000,,5321498000.0,
1998-01-01,PAYX,7.41,7.52,7.54,7.26,7.57,390300,,,,108602000,,5497976250.0,
1997-12-31,PAYX,7.57,7.35,7.57,7.31,7.29,1112100,,,,108602000,,5620153500.0,
1997-12-30,PAYX,7.29,7.01,7.32,7.01,7.04,1346500,,,,108602000,,5409737125.0,
1997-12-27,PAYX,7.04,7.1,7.1,6.92,7.09,136700,,,,108602000,,5226471250.0,
1997-12-25,PAYX,7.09,7.01,7.12,6.9,6.96,476400,,,,108602000,,5260409375.0,
1997-12-24,PAYX,6.96,6.71,7.08,6.68,6.74,1340800,,,,108602000,,5165382625.0,
1997-12-23,PAYX,6.74,6.59,6.77,6.48,6.53,866300,,,,108602000,,5002479625.0,
1997-12-20,PAYX,6.53,6.53,6.65,6.37,6.7,1248000,,,,108602000,,4846364250.0,
1997-12-19,PAYX,6.7,6.37,6.73,6.29,6.09,1898100,,,,108602000,,4968541500.0,
1997-12-18,PAYX,6.09,6.22,6.37,5.96,6.22,460000,,,,108602000,,4520558250.0,
1997-12-17,PAYX,6.22,6.02,6.4,5.96,5.99,742100,,,,108602000,,4615585000.0,
1997-12-16,PAYX,5.99,5.89,6.0,5.89,5.89,390400,,,,108602000,,4445894375.0,
1997-12-13,PAYX,5.89,5.98,6.07,5.86,5.95,294200,,,,108602000,,4371230500.0,
1997-12-12,PAYX,5.95,5.96,6.0,5.91,6.03,296700,,,,108602000,,4411956250.0,
1997-12-11,PAYX,6.03,5.98,6.14,5.95,5.91,582400,,,,108602000,,4473044875.0,
1997-12-10,PAYX,5.91,6.18,6.2,5.89,6.04,580000,,,,108602000,,4384805750.0,
1997-12-09,PAYX,6.04,6.2,6.2,5.98,6.18,173300,,,,108602000,,4479832500.0,
1997-12-06,PAYX,6.18,5.95,6.18,5.91,6.0,270500,,,,108602000,,4588434500.0,
1997-12-05,PAYX,6.0,6.06,6.11,5.93,6.06,194500,,,,108602000,,4452682000.0,
1997-12-04,PAYX,6.06,6.0,6.07,5.9,5.93,474800,,,,108602000,,4500195375.0,
1997-12-03,PAYX,5.93,6.13,6.18,5.93,6.21,438200,,,,108602000,,4398381000.0,
1997-12-02,PAYX,6.21,6.11,6.24,6.06,6.0,626900,,,,108602000,,4608797375.0,
1997-11-29,PAYX,6.0,6.04,6.09,5.97,6.06,207700,,,,108602000,,4452682000.0,
1997-11-27,PAYX,6.06,5.99,6.1,5.93,5.97,224900,,,,108602000,,4500195375.0,
1997-11-26,PAYX,5.97,6.14,6.14,5.93,6.09,422800,,,,108602000,,4432319125.0,
1997-11-25,PAYX,6.09,6.17,6.18,6.06,6.14,358100,,,,108602000,,4520558250.0,
1997-11-22,PAYX,6.14,6.6,6.64,6.0,6.49,1519500,,,,108602000,,4554496375.0,
1997-11-21,PAYX,6.49,6.11,6.49,6.09,6.06,1858000,,,,108602000,,4819213750.0,
1997-11-20,PAYX,6.06,5.71,6.06,5.71,5.75,1332200,,,,108602000,,4493407750.0,
1997-11-19,PAYX,5.75,5.71,5.82,5.67,5.69,362700,,,,108602000,,4269416125.0,
1997-11-18,PAYX,5.69,5.82,5.85,5.65,5.8,469900,,,,108602000,,4221902750.0,
1997-11-15,PAYX,5.8,5.64,5.8,5.63,5.69,285000,,,,108602000,,4303354250.0,
1997-11-14,PAYX,5.69,5.68,5.73,5.44,5.69,302800,,,,108602000,,4221902750.0,
1997-11-13,PAYX,5.69,5.62,5.73,5.6,5.65,423700,,,,108602000,,4221902750.0,
1997-11-12,PAYX,5.65,5.58,5.69,5.49,5.54,326300,,,,108602000,,4194752250.0,
1997-11-11,PAYX,5.54,5.65,5.73,5.53,5.69,310300,,,,108602000,,4113300750.0,
1997-11-08,PAYX,5.69,5.56,5.74,5.52,5.7,435200,,,,108602000,,4221902750.0,
1997-11-07,PAYX,5.7,5.62,5.74,5.62,5.62,226500,,,,108602000,,4228690375.0,
1997-11-06,PAYX,5.62,5.65,5.69,5.6,5.65,216900,,,,108602000,,4167601750.0,
1997-11-05,PAYX,5.65,5.7,5.73,5.6,5.74,250300,,,,108602000,,4194752250.0,
1997-11-04,PAYX,5.74,5.56,5.74,5.41,5.58,289300,,,,108602000,,4262628500.0,
1997-11-01,PAYX,5.58,5.56,5.6,5.47,5.47,187100,,,,108602000,,4140451250.0,
1997-10-31,PAYX,5.47,5.47,5.52,5.41,5.6,166300,,,,108602000,,4058999750.0,
1997-10-30,PAYX,5.6,5.63,5.71,5.47,5.65,439800,,,,108602000,,4154026500.0,
1997-10-29,PAYX,5.65,5.01,5.66,4.9,5.14,719800,,,,108602000,,4194752250.0,
1997-10-28,PAYX,5.14,5.45,5.6,5.14,5.5,363100,,,,108602000,,3814645250.0,
1997-10-25,PAYX,5.5,5.74,5.8,5.46,5.68,411800,,,,108602000,,4079362625.0,
1997-10-24,PAYX,5.68,5.63,5.74,5.58,5.73,242100,,,,108602000,,4215115125.0,
1997-10-23,PAYX,5.73,5.71,5.82,5.68,5.69,178900,,,,108602000,,4262628500.0,
1997-10-22,PAYX,5.69,5.55,5.69,5.54,5.57,228800,,,,108602000,,4235478000.0,
1997-10-21,PAYX,5.57,5.62,5.66,5.55,5.59,176000,,,,108602000,,4140451250.0,
1997-10-18,PAYX,5.59,5.79,5.8,5.51,5.75,342800,,,,108602000,,4154026500.0,
1997-10-17,PAYX,5.75,5.8,5.87,5.75,5.82,370200,,,,108594000,,4279282312.5,
1997-10-16,PAYX,5.82,5.64,5.86,5.64,5.67,649400,,,,108594000,,4330185750.0,
1997-10-15,PAYX,5.67,5.75,5.77,5.63,5.74,338300,,,,108594000,,4214804625.0,
1997-10-14,PAYX,5.74,5.62,5.75,5.62,5.68,233000,,,,108594000,,4269101625.0,
1997-10-11,PAYX,5.68,5.59,5.71,5.55,5.68,200000,,,,108594000,,4221591750.0,
1997-10-10,PAYX,5.68,5.55,5.68,5.48,5.51,216900,,,,108594000,,4221591750.0,
1997-10-09,PAYX,5.51,5.57,5.64,5.49,5.55,803000,,,,108594000,,4099423500.0,
1997-10-08,PAYX,5.55,5.55,5.57,5.45,5.56,988800,,,,108594000,,4126572000.0,
1997-10-07,PAYX,5.56,5.68,5.69,5.48,5.64,592200,,,,108594000,,4133359125.0,
1997-10-04,PAYX,5.64,5.73,5.77,5.61,5.73,717400,,,,108594000,,4194443250.0,
1997-10-03,PAYX,5.73,5.42,5.73,5.42,5.38,729300,,,,108594000,,4262314500.0,
1997-10-02,PAYX,5.38,5.15,5.46,5.09,5.09,684700,,,,108594000,,4004403750.0,
1997-10-01,PAYX,5.09,5.11,5.19,5.04,5.09,547700,,,,108594000,,3787215750.0,
1997-09-30,PAYX,5.09,4.96,5.09,4.96,4.96,843300,,,,108594000,,3787215750.0,
1997-09-27,PAYX,4.96,5.15,5.17,4.93,5.09,582700,,,,108594000,,3685408875.0,
1997-09-26,PAYX,5.09,5.2,5.24,5.04,5.18,562700,,,,108594000,,3787215750.0,
1997-09-25,PAYX,5.18,5.29,5.38,5.16,5.29,558500,,,,108594000,,3855087000.0,
1997-09-24,PAYX,5.29,5.17,5.35,5.13,5.17,513400,,,,108594000,,3936532500.0,
1997-09-23,PAYX,5.17,5.24,5.36,5.15,5.23,785300,,,,108594000,,3841512750.0,
1997-09-20,PAYX,5.23,5.37,5.38,5.22,5.36,880500,,,,108594000,,3889022625.0,
1997-09-19,PAYX,5.36,5.29,5.4,5.26,5.27,1626700,,,,108594000,,3984042375.0,
1997-09-18,PAYX,5.27,5.33,5.4,5.18,5.22,2992100,,,,108594000,,3922958250.0,
1997-09-17,PAYX,5.22,5.31,5.35,5.18,5.26,2258400,,,,108594000,,3882235500.0,
1997-09-16,PAYX,5.26,5.35,5.37,5.26,5.29,773900,,,,108594000,,3909384000.0,
1997-09-13,PAYX,5.29,5.26,5.37,5.22,5.24,1029800,,,,108594000,,3936532500.0,
1997-09-12,PAYX,5.24,5.4,5.44,5.18,5.42,487000,,,,108594000,,3895809750.0,
1997-09-11,PAYX,5.42,5.64,5.69,5.4,5.59,502500,,,,108594000,,4031552250.0,
1997-09-10,PAYX,5.59,5.37,5.6,5.35,5.37,879500,,,,108594000,,4153720500.0,
1997-09-09,PAYX,5.37,5.13,5.4,5.13,5.09,567600,,,,108594000,,3990829500.0,
1997-09-06,PAYX,5.09,5.04,5.09,5.01,5.04,574100,,,,108594000,,3787215750.0,
1997-09-05,PAYX,5.04,5.07,5.11,4.96,5.11,369000,,,,108594000,,3746493000.0,
1997-09-04,PAYX,5.11,5.18,5.2,5.07,5.18,530600,,,,108594000,,3800790000.0,
1997-09-03,PAYX,5.18,5.11,5.22,5.0,5.0,700000,,,,108594000,,3855087000.0,
1997-08-30,PAYX,5.0,4.95,5.01,4.89,4.9,518200,,,,108594000,,3719344500.0,
1997-08-29,PAYX,4.9,4.96,4.98,4.89,4.97,569800,,,,108594000,,3644686125.0,
1997-08-28,PAYX,4.97,4.96,5.0,4.89,4.91,360100,,,,108594000,,3698983125.0,
1997-08-27,PAYX,4.91,4.91,4.98,4.87,4.89,312200,,,,108594000,,3651473250.0,
1997-08-26,PAYX,4.89,5.02,5.06,4.87,5.02,561000,,,,108594000,,3637899000.0,
1997-08-23,PAYX,5.02,4.91,5.09,4.75,4.98,603600,,,,108594000,,3732918750.0,
1997-08-22,PAYX,4.98,5.18,5.18,4.93,5.17,567300,,,,108594000,,3705770250.0,
1997-08-21,PAYX,5.17,5.27,5.33,5.15,5.27,619700,,,,108594000,,3841512750.0,
1997-08-20,PAYX,5.27,5.29,5.29,5.22,5.26,240300,,,,108594000,,3916171125.0,
1997-08-19,PAYX,5.26,5.46,5.49,5.18,5.46,415200,,,,108594000,,3909384000.0,
1997-08-16,PAYX,5.46,5.56,5.57,5.44,5.55,215500,,,,108594000,,4058700750.0,
1997-08-15,PAYX,5.55,5.48,5.57,5.46,5.48,175000,,,,108594000,,4126572000.0,
1997-08-14,PAYX,5.48,5.6,5.62,5.4,5.59,152400,,,,108594000,,4072275000.0,
1997-08-13,PAYX,5.59,5.51,5.66,5.49,5.48,286800,,,,108594000,,4153720500.0,
1997-08-12,PAYX,5.48,5.77,5.77,5.31,5.75,454700,,,,108594000,,4072275000.0,
1997-08-09,PAYX,5.75,5.64,5.8,5.59,5.69,239900,,,,108594000,,4275888750.0,
1997-08-08,PAYX,5.69,5.79,5.82,5.68,5.82,179200,,,,108468000,,4223472750.0,
1997-08-07,PAYX,5.82,5.73,5.88,5.73,5.73,373200,,,,108468000,,4325161500.0,
1997-08-06,PAYX,5.73,5.79,5.82,5.73,5.81,354700,,,,108468000,,4257369000.0,
1997-08-05,PAYX,5.81,5.83,5.83,5.77,5.85,91100,,,,108468000,,4318382250.0,
1997-08-02,PAYX,5.85,5.86,5.9,5.77,5.9,153900,,,,108468000,,4345499250.0,
1997-08-01,PAYX,5.9,5.77,5.9,5.72,5.79,345100,,,,108468000,,4379395500.0,
1997-07-31,PAYX,5.79,5.82,5.82,5.77,5.8,189400,,,,108468000,,4304823750.0,
1997-07-30,PAYX,5.8,5.82,5.84,5.77,5.83,247500,,,,108468000,,4311603000.0,
1997-07-29,PAYX,5.83,5.89,5.9,5.81,5.87,89300,,,,108468000,,4338720000.0,
1997-07-26,PAYX,5.87,5.85,5.87,5.78,5.82,372400,,,,108468000,,4365837000.0,
1997-07-25,PAYX,5.82,5.85,5.89,5.81,5.85,155000,,,,108468000,,4331940750.0,
1997-07-24,PAYX,5.85,5.81,6.01,5.81,5.83,807600,,,,108468000,,4352278500.0,
1997-07-23,PAYX,5.83,5.83,5.85,5.81,5.84,195300,,,,108468000,,4338720000.0,
1997-07-22,PAYX,5.84,5.83,5.92,5.81,5.85,437700,,,,108468000,,4345499250.0,
1997-07-19,PAYX,5.85,5.81,5.87,5.81,5.82,548200,,,,108468000,,4352278500.0,
1997-07-18,PAYX,5.82,5.81,5.85,5.81,5.87,475100,,,,108468000,,4331940750.0,
1997-07-17,PAYX,5.87,5.85,5.9,5.8,5.9,287200,,,,108468000,,4365837000.0,
1997-07-16,PAYX,5.9,5.81,5.9,5.8,5.87,129200,,,,108468000,,4392954000.0,
1997-07-15,PAYX,5.87,5.83,5.9,5.8,5.85,145100,,,,108468000,,4365837000.0,
1997-07-12,PAYX,5.85,5.83,5.94,5.78,5.8,326900,,,,108468000,,4352278500.0,
1997-07-11,PAYX,5.8,5.65,5.87,5.63,5.69,425600,,,,108468000,,4311603000.0,
1997-07-10,PAYX,5.69,5.8,5.83,5.68,5.8,1886500,,,,108468000,,4230252000.0,
1997-07-09,PAYX,5.8,5.89,5.9,5.8,5.87,591700,,,,108468000,,4318382250.0,
1997-07-08,PAYX,5.87,5.92,5.92,5.87,5.87,231100,,,,108468000,,4365837000.0,
1997-07-04,PAYX,5.87,5.94,5.94,5.87,5.94,249300,,,,108468000,,4365837000.0,
1997-07-03,PAYX,5.94,5.89,5.94,5.8,5.8,250400,,,,108468000,,4420071000.0,
1997-07-02,PAYX,5.8,5.61,5.85,5.58,5.54,683400,,,,108468000,,4311603000.0,
1997-07-01,PAYX,5.54,5.5,5.72,5.47,5.43,958100,,,,108468000,,4121784000.0,
1997-06-28,PAYX,5.43,5.38,5.43,5.32,5.32,222100,,,,108468000,,4040433000.0,
1997-06-27,PAYX,5.32,5.32,5.38,5.29,5.32,212100,,,,108468000,,3959082000.0,
1997-06-26,PAYX,5.32,5.47,5.47,5.3,5.47,193100,,,,108468000,,3959082000.0,
1997-06-25,PAYX,5.47,5.43,5.5,5.41,5.46,309600,,,,108468000,,4067550000.0,
1997-06-24,PAYX,5.46,5.5,5.54,5.43,5.5,369600,,,,108468000,,4060770750.0,
1997-06-21,PAYX,5.5,5.49,5.61,5.47,5.52,444600,,,,108468000,,4094667000.0,
1997-06-20,PAYX,5.52,5.43,5.52,5.43,5.5,639000,,,,108468000,,4108225500.0,
1997-06-19,PAYX,5.5,5.54,5.56,5.43,5.56,261400,,,,108468000,,4094667000.0,
1997-06-18,PAYX,5.56,5.54,5.56,5.52,5.54,339200,,,,108468000,,4135342500.0,
1997-06-17,PAYX,5.54,5.5,5.54,5.43,5.47,210300,,,,108468000,,4121784000.0,
1997-06-14,PAYX,5.47,5.5,5.56,5.43,5.54,241500,,,,108468000,,4067550000.0,
1997-06-13,PAYX,5.54,5.47,5.56,5.47,5.5,242600,,,,108468000,,4121784000.0,
1997-06-12,PAYX,5.5,5.5,5.54,5.47,5.52,78100,,,,108468000,,4094667000.0,
1997-06-11,PAYX,5.52,5.54,5.56,5.49,5.54,341500,,,,108468000,,4108225500.0,
1997-06-10,PAYX,5.54,5.52,5.58,5.49,5.54,461700,,,,108468000,,4121784000.0,
1997-06-07,PAYX,5.54,5.38,5.54,5.27,5.36,381900,,,,108468000,,4121784000.0,
1997-06-06,PAYX,5.36,5.47,5.49,5.36,5.38,250800,,,,108468000,,3986199000.0,
1997-06-05,PAYX,5.38,5.32,5.43,5.27,5.27,310300,,,,108468000,,3999757500.0,
1997-06-04,PAYX,5.27,5.47,5.5,5.25,5.48,315800,,,,108468000,,3918406500.0,
1997-06-03,PAYX,5.48,5.52,5.54,5.39,5.36,271900,,,,108468000,,4074329250.0,
1997-05-31,PAYX,5.36,5.18,5.45,5.14,5.24,442900,,,,108468000,,3986199000.0,
1997-05-30,PAYX,5.24,5.22,5.3,5.2,5.22,97200,,,,72312000,,3895809000.0,
1997-05-29,PAYX,5.22,5.31,5.36,5.16,5.29,317300,,,,72312000,,3886770000.0,
1997-05-28,PAYX,5.29,5.3,5.32,5.19,5.36,224800,,,,72312000,,3931965000.0,
1997-05-24,PAYX,5.36,5.3,5.37,5.26,5.29,170500,,,,72312000,,3986199000.0,
1997-05-23,PAYX,5.29,5.3,5.38,5.27,5.35,550400,,,,72312000,,3931965000.0,
1997-05-22,PAYX,5.35,5.15,5.35,5.15,5.1,340400,,,,72312000,,3977160000.0,
1997-05-21,PAYX,5.1,4.96,5.11,4.92,4.96,292500,,,,72312000,,3796380000.0,
1997-05-20,PAYX,4.96,4.88,5.03,4.86,4.87,220000,,,,72312000,,3687912000.0,
1997-05-17,PAYX,4.87,4.91,4.93,4.82,4.92,318700,,,,72312000,,3624639000.0,
1997-05-16,PAYX,4.92,4.88,4.97,4.76,4.88,401700,,,,72312000,,3660795000.0,
1997-05-15,PAYX,4.88,4.96,5.05,4.88,4.91,439000,,,,72312000,,3633678000.0,
1997-05-14,PAYX,4.91,4.91,5.01,4.91,4.94,368000,,,,72312000,,3651756000.0,
1997-05-13,PAYX,4.94,4.96,4.98,4.86,4.98,233400,,,,72312000,,3678873000.0,
1997-05-10,PAYX,4.98,5.04,5.08,4.92,5.08,153900,,,,72312000,,3701470500.0,
1997-05-09,PAYX,5.08,5.05,5.14,4.98,5.08,224500,,,,72312000,,3778302000.0,
1997-05-08,PAYX,5.08,5.15,5.16,4.96,5.21,443300,,,,72312000,,3778302000.0,
1997-05-07,PAYX,5.21,5.27,5.3,5.19,5.32,667800,,,,72312000,,3877731000.0,
1997-05-06,PAYX,5.32,4.94,5.33,4.86,4.94,1040300,,,,72312000,,3959082000.0,
1997-05-03,PAYX,4.94,4.69,4.98,4.64,4.69,833600,,,,72312000,,3678873000.0,
1997-05-02,PAYX,4.69,4.55,4.69,4.4,4.55,568000,,,,72312000,,3489054000.0,
1997-05-01,PAYX,4.55,4.26,4.56,4.23,4.29,537600,,,,72312000,,3385105500.0,
1997-04-30,PAYX,4.29,4.19,4.31,4.14,4.1,272800,,,,72312000,,3190767000.0,
1997-04-29,PAYX,4.1,4.09,4.1,3.98,4.04,343000,,,,72312000,,3055182000.0,
1997-04-26,PAYX,4.04,4.01,4.1,3.95,4.01,341800,,,,72312000,,3009987000.0,
1997-04-25,PAYX,4.01,4.16,4.18,4.01,4.13,437500,,,,72312000,,2991909000.0,
1997-04-24,PAYX,4.13,4.18,4.19,4.12,4.22,283000,,,,72312000,,3082299000.0,
1997-04-23,PAYX,4.22,4.26,4.26,4.07,4.22,587200,,,,72312000,,3145572000.0,
1997-04-22,PAYX,4.22,4.39,4.44,4.17,4.43,625300,,,,72312000,,3145572000.0,
1997-04-19,PAYX,4.43,4.5,4.55,4.38,4.38,354300,,,,72312000,,3299235000.0,
1997-04-18,PAYX,4.38,4.27,4.56,4.23,4.27,477700,,,,72312000,,3263079000.0,
1997-04-17,PAYX,4.27,4.35,4.35,4.21,4.33,418700,,,,72312000,,3181728000.0,
1997-04-16,PAYX,4.33,4.38,4.41,4.28,4.36,470500,,,,72312000,,3231442500.0,
1997-04-15,PAYX,4.36,4.35,4.39,4.32,4.33,503600,,,,72312000,,3254040000.0,
1997-04-12,PAYX,4.33,4.26,4.36,4.22,4.27,531700,,,,72312000,,3226923000.0,
1997-04-11,PAYX,4.27,4.32,4.32,4.23,4.28,251100,,,,72312000,,3181728000.0,
1997-04-10,PAYX,4.28,4.3,4.34,4.26,4.28,399100,,,,72312000,,3190767000.0,
1997-04-09,PAYX,4.28,4.19,4.3,4.19,4.24,196500,,,,72312000,,3190767000.0,
1997-04-08,PAYX,4.24,4.29,4.33,4.17,4.29,289600,,,,72148000,,3156475000.0,
1997-04-05,PAYX,4.29,4.07,4.34,4.0,4.15,741100,,,,72148000,,3192549000.0,
1997-04-04,PAYX,4.15,3.72,4.17,3.71,3.73,1071300,,,,72148000,,3084327000.0,
1997-04-03,PAYX,3.73,3.94,3.94,3.71,3.9,801300,,,,72148000,,2777698000.0,
1997-04-02,PAYX,3.9,3.99,4.0,3.88,3.99,445900,,,,72148000,,2903957000.0,
1997-04-01,PAYX,3.99,4.01,4.09,3.95,4.03,574300,,,,72148000,,2967086500.0,
1997-03-28,PAYX,4.03,4.04,4.06,4.0,4.06,367800,,,,72148000,,2994142000.0,
1997-03-27,PAYX,4.06,4.1,4.15,4.0,4.1,447800,,,,72148000,,3021197500.0,
1997-03-26,PAYX,4.1,4.17,4.21,4.03,4.21,369800,,,,72148000,,3048253000.0,
1997-03-25,PAYX,4.21,4.21,4.22,4.16,4.21,426000,,,,72148000,,3129419500.0,
1997-03-22,PAYX,4.21,4.29,4.33,4.21,4.26,486300,,,,72148000,,3129419500.0,
1997-03-21,PAYX,4.26,4.29,4.34,4.24,4.31,455800,,,,72148000,,3170002750.0,
1997-03-20,PAYX,4.31,4.3,4.33,4.27,4.34,706100,,,,72148000,,3206076750.0,
1997-03-19,PAYX,4.34,4.34,4.41,4.33,4.29,1156700,,,,72148000,,3228623000.0,
1997-03-18,PAYX,4.29,4.38,4.46,4.26,4.33,1025300,,,,72148000,,3192549000.0,
1997-03-15,PAYX,4.33,4.18,4.36,4.17,4.19,1366700,,,,72148000,,3219604500.0,
1997-03-14,PAYX,4.19,4.24,4.27,4.15,4.23,1144300,,,,72148000,,3120401000.0,
1997-03-13,PAYX,4.23,4.44,4.46,4.22,4.44,595000,,,,72148000,,3147456500.0,
1997-03-12,PAYX,4.44,4.55,4.55,4.41,4.55,299200,,,,72148000,,3300771000.0,
1997-03-11,PAYX,4.55,4.57,4.57,4.51,4.56,249200,,,,72148000,,3381937500.0,
1997-03-08,PAYX,4.56,4.51,4.63,4.51,4.52,366000,,,,72148000,,3395465250.0,
1997-03-07,PAYX,4.52,4.44,4.58,4.41,4.41,381000,,,,72148000,,3363900500.0,
1997-03-06,PAYX,4.41,4.32,4.41,4.28,4.3,506900,,,,72148000,,3282734000.0,
1997-03-05,PAYX,4.3,4.3,4.34,4.27,4.27,270900,,,,72148000,,3201567500.0,
1997-03-04,PAYX,4.27,4.23,4.32,4.19,4.22,377300,,,,72148000,,3174512000.0,
1997-03-01,PAYX,4.22,4.51,4.51,4.18,4.48,765400,,,,72148000,,3138438000.0,
1997-02-28,PAYX,4.48,4.51,4.56,4.38,4.49,330900,,,,72148000,,3332335750.0,
1997-02-27,PAYX,4.49,4.75,4.78,4.46,4.75,908200,,,,72148000,,3336845000.0,
1997-02-26,PAYX,4.75,4.46,4.79,4.46,4.46,610000,,,,72148000,,3535252000.0,
1997-02-25,PAYX,4.46,4.46,4.47,4.41,4.45,329800,,,,72148000,,3318808000.0,
1997-02-22,PAYX,4.45,4.52,4.53,4.39,4.47,419600,,,,72148000,,3309789500.0,
1997-02-21,PAYX,4.47,4.58,4.58,4.46,4.58,604700,,,,72148000,,3327826500.0,
1997-02-20,PAYX,4.58,4.67,4.72,4.55,4.69,597700,,,,72148000,,3404483750.0,
1997-02-19,PAYX,4.69,4.87,4.91,4.61,4.9,348200,,,,72148000,,3490159500.0,
1997-02-15,PAYX,4.9,4.98,4.98,4.85,4.97,370200,,,,72148000,,3647983250.0,
1997-02-14,PAYX,4.97,4.55,5.03,4.55,4.56,812100,,,,72148000,,3697585000.0,
1997-02-13,PAYX,4.56,4.58,4.61,4.51,4.51,322000,,,,72148000,,3390956000.0,
1997-02-12,PAYX,4.51,4.66,4.66,4.44,4.62,404400,,,,72148000,,3354882000.0,
1997-02-11,PAYX,4.62,4.78,4.79,4.62,4.84,314500,,,,72148000,,3436048500.0,
1997-02-08,PAYX,4.84,4.86,4.9,4.83,4.87,333900,,,,72148000,,3598381500.0,
1997-02-07,PAYX,4.87,4.93,4.95,4.83,4.93,891700,,,,72148000,,3625437000.0,
1997-02-06,PAYX,4.93,4.97,4.97,4.92,4.96,318200,,,,72148000,,3670529500.0,
1997-02-05,PAYX,4.96,4.92,4.99,4.9,4.91,512200,,,,72148000,,3688566500.0,
1997-02-04,PAYX,4.91,4.72,4.95,4.68,4.7,471600,,,,72148000,,3652492500.0,
1997-02-01,PAYX,4.7,4.58,4.73,4.58,4.63,500200,,,,72148000,,3499178000.0,
1997-01-31,PAYX,4.63,4.61,4.63,4.53,4.53,761100,,,,72148000,,3445067000.0,
1997-01-30,PAYX,4.53,4.57,4.59,4.49,4.57,1239200,,,,72148000,,3372919000.0,
1997-01-29,PAYX,4.57,4.63,4.67,4.56,4.56,829900,,,,72148000,,3399974500.0,
1997-01-28,PAYX,4.56,4.6,4.65,4.56,4.55,317500,,,,71632000,,3375658000.0,
1997-01-25,PAYX,4.55,4.79,4.82,4.55,4.79,538400,,,,71632000,,3366704000.0,
1997-01-24,PAYX,4.79,4.92,4.96,4.79,4.96,341500,,,,71632000,,3545784000.0,
1997-01-23,PAYX,4.96,4.99,5.0,4.91,4.99,335400,,,,71632000,,3671140000.0,
1997-01-22,PAYX,4.99,5.01,5.01,4.96,5.0,336600,,,,71632000,,3693525000.0,
1997-01-21,PAYX,5.0,4.96,5.03,4.96,4.99,396100,,,,71632000,,3702479000.0,
1997-01-18,PAYX,4.99,5.09,5.09,4.94,5.18,374600,,,,71632000,,3689048000.0,
1997-01-17,PAYX,5.18,5.31,5.37,5.13,5.3,376400,,,,71632000,,3832312000.0,
1997-01-16,PAYX,5.3,5.32,5.4,5.18,5.34,441700,,,,71632000,,3921852000.0,
1997-01-15,PAYX,5.34,5.07,5.45,5.06,5.05,808600,,,,71632000,,3948714000.0,
1997-01-14,PAYX,5.05,4.82,5.13,4.79,4.82,644400,,,,71632000,,3733818000.0,
1997-01-11,PAYX,4.82,4.67,4.82,4.63,4.7,227800,,,,71632000,,3563692000.0,
1997-01-10,PAYX,4.7,4.59,4.77,4.53,4.56,593400,,,,71632000,,3474152000.0,
1997-01-09,PAYX,4.56,4.79,4.82,4.56,4.85,446600,,,,71632000,,3375658000.0,
1997-01-08,PAYX,4.85,4.91,4.91,4.79,4.88,506900,,,,71632000,,3590554000.0,
1997-01-07,PAYX,4.88,4.95,4.96,4.82,4.94,244200,,,,71632000,,3608462000.0,
1997-01-04,PAYX,4.94,5.0,5.03,4.79,4.95,322900,,,,71632000,,3653232000.0,
1997-01-03,PAYX,4.95,4.92,4.99,4.74,4.98,474000,,,,71632000,,3662186000.0,
1997-01-01,PAYX,4.98,4.91,4.99,4.84,4.84,275100,,,,71632000,,3684571000.0,
1996-12-31,PAYX,4.84,4.76,4.91,4.72,4.71,599900,,,,71632000,,3581600000.0,
1996-12-28,PAYX,4.71,4.6,4.74,4.57,4.6,233000,,,,71632000,,3483106000.0,
1996-12-27,PAYX,4.6,4.62,4.62,4.57,4.61,196700,,,,71632000,,3402520000.0,
1996-12-25,PAYX,4.61,4.67,4.67,4.55,4.6,113600,,,,71675000,,3413521875.0,
1996-12-24,PAYX,4.6,4.66,4.77,4.55,4.65,451500,,,,71675000,,3404562500.0,
1996-12-21,PAYX,4.65,4.53,4.7,4.43,4.43,1198800,,,,71675000,,3440400000.0,
1996-12-20,PAYX,4.43,4.47,4.5,4.11,4.47,2649900,,,,71675000,,3279131250.0,
1996-12-19,PAYX,4.47,4.62,4.72,4.4,4.6,1245700,,,,71675000,,3306009375.0,
1996-12-18,PAYX,4.6,4.79,4.9,4.57,4.82,801600,,,,71675000,,3404562500.0,
1996-12-17,PAYX,4.82,4.84,4.94,4.82,4.72,1019100,,,,71675000,,3565831250.0,
1996-12-14,PAYX,4.72,4.89,4.99,4.72,4.99,361800,,,,71675000,,3494156250.0,
1996-12-13,PAYX,4.99,5.01,5.06,4.97,4.96,332300,,,,71675000,,3695742187.5,
1996-12-12,PAYX,4.96,4.94,5.01,4.85,4.99,475600,,,,71675000,,3673343750.0,
1996-12-11,PAYX,4.99,5.11,5.13,4.99,5.13,408500,,,,71675000,,3691262500.0,
1996-12-10,PAYX,5.13,5.13,5.23,5.11,5.14,383600,,,,71675000,,3798775000.0,
1996-12-07,PAYX,5.14,5.06,5.2,4.92,5.25,395200,,,,71675000,,3807734375.0,
1996-12-06,PAYX,5.25,5.37,5.37,5.2,5.3,81300,,,,71675000,,3888368750.0,
1996-12-05,PAYX,5.3,5.35,5.42,5.28,5.37,275600,,,,71675000,,3924206250.0,
1996-12-04,PAYX,5.37,5.35,5.49,5.3,5.37,323500,,,,71675000,,3977962500.0,
1996-12-03,PAYX,5.37,5.23,5.42,5.13,5.18,657500,,,,71675000,,3977962500.0,
1996-11-30,PAYX,5.18,5.2,5.25,5.18,5.23,45000,,,,71675000,,3834612500.0,
1996-11-28,PAYX,5.23,5.25,5.28,5.18,5.23,205500,,,,71675000,,3870450000.0,
1996-11-27,PAYX,5.23,5.37,5.42,5.18,5.36,370400,,,,71675000,,3870450000.0,
1996-11-26,PAYX,5.36,5.57,5.57,5.33,5.55,229400,,,,71675000,,3969003125.0,
1996-11-23,PAYX,5.55,5.32,5.57,5.32,5.32,415300,,,,71675000,,4112353125.0,
1996-11-22,PAYX,5.32,5.4,5.4,5.3,5.35,282400,,,,71675000,,3942125000.0,
1996-11-21,PAYX,5.35,5.37,5.46,5.35,5.4,263000,,,,71675000,,3960043750.0,
1996-11-20,PAYX,5.4,5.59,5.59,5.35,5.61,291600,,,,71675000,,3995881250.0,
1996-11-19,PAYX,5.61,5.71,5.74,5.59,5.64,126400,,,,71675000,,4157150000.0,
1996-11-16,PAYX,5.64,5.71,5.77,5.64,5.69,167900,,,,71675000,,4175068750.0,
1996-11-15,PAYX,5.69,5.64,5.77,5.59,5.64,133700,,,,71675000,,4210906250.0,
1996-11-14,PAYX,5.64,5.74,5.74,5.59,5.71,109700,,,,71675000,,4175068750.0,
1996-11-13,PAYX,5.71,5.81,5.88,5.71,5.78,197300,,,,71675000,,4228825000.0,
1996-11-12,PAYX,5.78,5.74,5.81,5.71,5.75,89000,,,,71675000,,4282581250.0,
1996-11-09,PAYX,5.75,5.74,5.81,5.74,5.76,94800,,,,71675000,,4255703125.0,
1996-11-08,PAYX,5.76,5.82,5.84,5.66,5.84,223900,,,,71675000,,4264662500.0,
1996-11-07,PAYX,5.84,5.72,5.84,5.69,5.72,332500,,,,71675000,,4327378125.0,
1996-11-06,PAYX,5.72,5.61,5.74,5.61,5.65,126000,,,,71675000,,4237784375.0,
1996-11-05,PAYX,5.65,5.61,5.66,5.54,5.61,97800,,,,71675000,,4184028125.0,
1996-11-02,PAYX,5.61,5.54,5.61,5.52,5.52,170300,,,,71675000,,4157150000.0,
1996-11-01,PAYX,5.52,5.42,5.57,5.38,5.42,219100,,,,71698000,,4086786000.0,
1996-10-31,PAYX,5.42,5.49,5.52,5.37,5.49,200100,,,,71698000,,4015088000.0,
1996-10-30,PAYX,5.49,5.64,5.74,5.47,5.65,247000,,,,71698000,,4068861500.0,
1996-10-29,PAYX,5.65,5.66,5.78,5.64,5.59,263500,,,,71698000,,4185370750.0,
1996-10-26,PAYX,5.59,5.6,5.69,5.54,5.6,252800,,,,71698000,,4140559500.0,
1996-10-25,PAYX,5.6,5.42,5.71,5.42,5.56,354200,,,,71698000,,4149521750.0,
1996-10-24,PAYX,5.56,5.36,5.61,5.32,5.32,518700,,,,71698000,,4122635000.0,
1996-10-23,PAYX,5.32,5.57,5.63,5.27,5.64,732700,,,,71698000,,3943390000.0,
1996-10-22,PAYX,5.64,5.85,5.85,5.63,5.81,200800,,,,71698000,,4185370750.0,
1996-10-19,PAYX,5.81,5.97,5.99,5.8,5.94,255400,,,,71698000,,4310842250.0,
1996-10-18,PAYX,5.94,5.9,6.04,5.9,5.88,197600,,,,71698000,,4409427000.0,
1996-10-17,PAYX,5.88,6.09,6.14,5.82,6.04,345900,,,,71698000,,4364615750.0,
1996-10-16,PAYX,6.04,5.87,6.09,5.87,5.87,266600,,,,71698000,,4481125000.0,
1996-10-15,PAYX,5.87,6.06,6.15,5.85,6.06,260400,,,,71698000,,4355653500.0,
1996-10-12,PAYX,6.06,5.85,6.06,5.82,5.82,188700,,,,71698000,,4499049500.0,
1996-10-11,PAYX,5.82,5.75,5.87,5.7,5.73,213600,,,,71698000,,4319804500.0,
1996-10-10,PAYX,5.73,5.8,5.84,5.7,5.78,155900,,,,71698000,,4248106500.0,
1996-10-09,PAYX,5.78,5.94,5.94,5.75,5.92,259100,,,,71465000,,4270033750.0,
1996-10-08,PAYX,5.92,6.04,6.04,5.92,6.02,228700,,,,71465000,,4377231250.0,
1996-10-05,PAYX,6.02,5.94,6.14,5.94,5.9,311100,,,,71465000,,4448696250.0,
1996-10-04,PAYX,5.9,5.73,5.97,5.73,5.75,293700,,,,71465000,,4359365000.0,
1996-10-03,PAYX,5.75,5.68,5.75,5.63,5.62,201100,,,,71465000,,4252167500.0,
1996-10-02,PAYX,5.62,5.61,5.68,5.58,5.61,242300,,,,71465000,,4153903125.0,
1996-10-01,PAYX,5.61,5.64,5.68,5.58,5.68,199500,,,,71465000,,4144970000.0,
1996-09-28,PAYX,5.68,5.68,5.7,5.64,5.67,240200,,,,71465000,,4198568750.0,
1996-09-27,PAYX,5.67,5.94,5.94,5.65,5.85,716200,,,,71465000,,4189635625.0,
1996-09-26,PAYX,5.85,5.69,5.87,5.62,5.69,386600,,,,71465000,,4323632500.0,
1996-09-25,PAYX,5.69,5.49,5.73,5.46,5.46,431500,,,,71465000,,4207501875.0,
1996-09-24,PAYX,5.46,5.5,5.58,5.44,5.51,147000,,,,71465000,,4037772500.0,
1996-09-21,PAYX,5.51,5.41,5.65,5.39,5.4,533400,,,,71465000,,4073505000.0,
1996-09-20,PAYX,5.4,5.23,5.41,5.22,5.18,384800,,,,71465000,,3993106875.0,
1996-09-19,PAYX,5.18,5.38,5.4,5.12,5.29,291400,,,,71465000,,3832310625.0,
1996-09-18,PAYX,5.29,5.34,5.34,5.12,5.3,362200,,,,71465000,,3912708750.0,
1996-09-17,PAYX,5.3,5.12,5.42,5.12,5.15,555900,,,,71465000,,3921641875.0,
1996-09-14,PAYX,5.15,5.07,5.18,5.06,5.05,432500,,,,71465000,,3805511250.0,
1996-09-13,PAYX,5.05,5.01,5.07,4.98,5.03,172800,,,,71465000,,3734046250.0,
1996-09-12,PAYX,5.03,4.91,5.1,4.88,4.91,409300,,,,71465000,,3716180000.0,
1996-09-11,PAYX,4.91,4.88,4.95,4.81,4.86,420100,,,,71465000,,3626848750.0,
1996-09-10,PAYX,4.86,5.05,5.05,4.86,5.05,287100,,,,71465000,,3591116250.0,
1996-09-07,PAYX,5.05,5.1,5.1,5.0,5.05,183300,,,,71465000,,3734046250.0,
1996-09-06,PAYX,5.05,5.12,5.17,5.05,5.12,140000,,,,71465000,,3734046250.0,
1996-09-05,PAYX,5.12,5.17,5.22,5.1,5.15,105600,,,,68531000,,3632143000.0,
1996-09-04,PAYX,5.15,5.17,5.17,5.07,5.17,135500,,,,68531000,,3649275750.0,
1996-08-31,PAYX,5.17,5.05,5.22,5.0,5.09,197700,,,,68531000,,3666408500.0,
1996-08-30,PAYX,5.09,5.2,5.24,5.07,5.24,307900,,,,68531000,,3606443875.0,
1996-08-29,PAYX,5.24,5.17,5.24,5.12,5.15,382700,,,,68531000,,3717806750.0,
1996-08-28,PAYX,5.15,5.34,5.41,5.12,5.32,488300,,,,68531000,,3649275750.0,
1996-08-27,PAYX,5.32,5.22,5.39,5.17,5.17,393700,,,,68531000,,3769205000.0,
1996-08-24,PAYX,5.17,5.1,5.27,5.05,5.1,465000,,,,68531000,,3666408500.0,
1996-08-23,PAYX,5.1,5.0,5.1,4.95,4.98,302100,,,,68531000,,3615010250.0,
1996-08-22,PAYX,4.98,4.93,5.03,4.88,4.88,420200,,,,68531000,,3529346500.0,
1996-08-21,PAYX,4.88,4.91,4.95,4.88,4.91,447200,,,,68531000,,3460815500.0,
1996-08-20,PAYX,4.91,4.88,4.91,4.81,4.83,285400,,,,68531000,,3477948250.0,
1996-08-17,PAYX,4.83,4.78,4.88,4.69,4.71,349900,,,,68531000,,3426550000.0,
1996-08-16,PAYX,4.71,4.78,4.78,4.71,4.81,173900,,,,68531000,,3340886250.0,
1996-08-15,PAYX,4.81,4.69,4.81,4.62,4.64,205300,,,,68531000,,3409417250.0,
1996-08-14,PAYX,4.64,4.59,4.76,4.54,4.62,654900,,,,68531000,,3289488000.0,
1996-08-13,PAYX,4.62,4.47,4.62,4.43,4.41,529400,,,,68531000,,3272355250.0,
1996-08-10,PAYX,4.41,4.4,4.47,4.37,4.37,206200,,,,68531000,,3126726875.0,
1996-08-09,PAYX,4.37,4.35,4.42,4.35,4.37,288000,,,,68531000,,3101027750.0,
1996-08-08,PAYX,4.37,4.35,4.37,4.28,4.28,287800,,,,68531000,,3101027750.0,
1996-08-07,PAYX,4.28,4.3,4.35,4.25,4.33,275500,,,,68531000,,3032496750.0,
1996-08-06,PAYX,4.33,4.35,4.4,4.33,4.35,310000,,,,68531000,,3066762250.0,
1996-08-03,PAYX,4.35,4.47,4.47,4.35,4.45,534200,,,,68531000,,3083895000.0,
1996-08-02,PAYX,4.45,4.37,4.47,4.37,4.42,320800,,,,68531000,,3152426000.0,
1996-08-01,PAYX,4.42,4.45,4.47,4.35,4.47,260100,,,,68531000,,3135293250.0,
1996-07-31,PAYX,4.47,4.45,4.47,4.35,4.42,244900,,,,68531000,,3169558750.0,
1996-07-30,PAYX,4.42,4.37,4.5,4.32,4.37,227900,,,,68531000,,3135293250.0,
1996-07-27,PAYX,4.37,4.37,4.49,4.3,4.38,233100,,,,68531000,,3101027750.0,
1996-07-26,PAYX,4.38,4.32,4.46,4.32,4.32,197300,,,,68531000,,3109594125.0,
1996-07-25,PAYX,4.32,4.27,4.34,4.17,4.39,386000,,,,68531000,,3066762250.0,
1996-07-24,PAYX,4.39,4.37,4.46,4.32,4.34,270100,,,,68531000,,3118160500.0,
1996-07-23,PAYX,4.34,4.42,4.42,4.3,4.42,146400,,,,68531000,,3083895000.0,
1996-07-20,PAYX,4.42,4.43,4.71,4.37,4.46,704900,,,,68531000,,3135293250.0,
1996-07-19,PAYX,4.46,4.3,4.49,4.27,4.28,866700,,,,68531000,,3169558750.0,
1996-07-18,PAYX,4.28,4.21,4.34,4.2,4.15,1110700,,,,68531000,,3041063125.0,
1996-07-17,PAYX,4.15,4.27,4.3,3.89,4.39,1303000,,,,68531000,,2946833000.0,
1996-07-16,PAYX,4.39,4.61,4.61,4.39,4.59,409800,,,,68531000,,3118160500.0,
1996-07-13,PAYX,4.59,4.63,4.66,4.56,4.61,253500,,,,68531000,,3255222500.0,
1996-07-12,PAYX,4.61,4.71,4.71,4.59,4.71,466700,,,,68531000,,3272355250.0,
1996-07-11,PAYX,4.71,4.78,4.78,4.63,4.78,252100,,,,68531000,,3340886250.0,
1996-07-10,PAYX,4.78,4.75,4.78,4.71,4.77,177700,,,,68531000,,3392284500.0,
1996-07-09,PAYX,4.77,4.73,4.78,4.66,4.71,360600,,,,68531000,,3383718125.0,
1996-07-06,PAYX,4.71,4.74,4.81,4.68,4.75,183200,,,,68531000,,3340886250.0,
1996-07-04,PAYX,4.75,5.0,5.0,4.73,4.97,323500,,,,68531000,,3375151750.0,
1996-07-03,PAYX,4.97,5.01,5.1,4.78,4.98,756200,,,,68531000,,3529346500.0,
1996-07-02,PAYX,4.98,4.66,5.07,4.63,4.65,833700,,,,68531000,,3537912875.0,
1996-06-29,PAYX,4.65,4.9,4.9,4.63,4.85,454500,,,,68531000,,3298054375.0,
1996-06-28,PAYX,4.85,4.85,4.87,4.75,4.83,286500,,,,68531000,,3443682750.0,
1996-06-27,PAYX,4.83,4.59,4.83,4.54,4.57,407300,,,,68531000,,3426550000.0,
1996-06-26,PAYX,4.57,4.63,4.66,4.49,4.63,372300,,,,68531000,,3246656125.0,
1996-06-25,PAYX,4.63,4.61,4.68,4.54,4.52,327400,,,,68531000,,3289488000.0,
1996-06-22,PAYX,4.52,4.44,4.61,4.42,4.48,267400,,,,68531000,,3212390625.0,
1996-06-21,PAYX,4.48,4.46,4.55,4.3,4.59,991100,,,,68531000,,3178125125.0,
1996-06-20,PAYX,4.59,4.85,4.85,4.48,4.83,451700,,,,68531000,,3255222500.0,
1996-06-19,PAYX,4.83,4.75,4.85,4.71,4.75,404100,,,,68531000,,3430833187.5,
1996-06-18,PAYX,4.75,4.78,4.85,4.71,4.71,260700,,,,68531000,,3375151750.0,
1996-06-15,PAYX,4.71,4.78,4.83,4.63,4.8,336900,,,,68531000,,3340886250.0,
1996-06-14,PAYX,4.8,4.78,4.85,4.68,4.73,291700,,,,68531000,,3409417250.0,
1996-06-13,PAYX,4.73,4.8,4.83,4.73,4.73,262600,,,,68531000,,3358019000.0,
1996-06-12,PAYX,4.73,4.8,4.85,4.73,4.8,204400,,,,68531000,,3358019000.0,
1996-06-11,PAYX,4.8,4.89,4.89,4.71,4.85,362400,,,,68531000,,3409417250.0,
1996-06-08,PAYX,4.85,4.71,4.85,4.66,4.84,411600,,,,68531000,,3443682750.0,
1996-06-07,PAYX,4.84,4.85,4.87,4.71,4.75,413300,,,,68531000,,3435116375.0,
1996-06-06,PAYX,4.75,4.61,4.83,4.54,4.61,601700,,,,68531000,,3375151750.0,
1996-06-05,PAYX,4.61,4.46,4.63,4.42,4.42,534600,,,,68531000,,3272355250.0,
1996-06-04,PAYX,4.42,4.25,4.46,4.22,4.25,642400,,,,68531000,,3135293250.0,
1996-06-01,PAYX,4.25,4.37,4.37,4.22,4.33,367200,,,,68530000,,3015320000.0,
1996-05-31,PAYX,4.33,4.27,4.37,4.22,4.24,361900,,,,68530000,,3075283750.0,
1996-05-30,PAYX,4.24,4.3,4.34,4.15,4.27,395800,,,,68530000,,3006753750.0,
1996-05-29,PAYX,4.27,4.44,4.54,4.2,4.39,499800,,,,68530000,,3032452500.0,
1996-05-25,PAYX,4.39,4.46,4.49,4.39,4.42,389700,,,,68527070,,3117981685.0,
1996-05-24,PAYX,4.42,4.42,4.44,4.36,4.38,318300,,,,45687000,,3135270375.0,
1996-05-23,PAYX,4.38,4.31,4.42,4.23,4.31,369700,,,,45687000,,3112426875.0,
1996-05-22,PAYX,4.31,4.34,4.38,4.3,4.38,159800,,,,45687000,,3061029000.0,
1996-05-21,PAYX,4.38,4.36,4.41,4.33,4.31,193000,,,,45687000,,3106716000.0,
1996-05-18,PAYX,4.31,4.46,4.46,4.31,4.46,280500,,,,45687000,,3061029000.0,
1996-05-17,PAYX,4.46,4.36,4.46,4.31,4.34,204300,,,,45687000,,3163824750.0,
1996-05-16,PAYX,4.34,4.39,4.42,4.34,4.43,142600,,,,45687000,,3083872500.0,
1996-05-15,PAYX,4.43,4.42,4.49,4.39,4.42,220600,,,,45687000,,3146692125.0,
1996-05-14,PAYX,4.42,4.28,4.42,4.28,4.29,558900,,,,45687000,,3140981250.0,
1996-05-11,PAYX,4.29,4.18,4.31,4.16,4.16,361600,,,,45687000,,3043896375.0,
1996-05-10,PAYX,4.16,4.26,4.3,4.15,4.23,243200,,,,45687000,,2952522375.0,
1996-05-09,PAYX,4.23,4.31,4.34,4.23,4.32,401900,,,,45687000,,3003920250.0,
1996-05-08,PAYX,4.32,4.35,4.4,4.32,4.35,130000,,,,45687000,,3066739875.0,
1996-05-07,PAYX,4.35,4.39,4.39,4.28,4.38,240900,,,,45687000,,3089583375.0,
1996-05-04,PAYX,4.38,4.3,4.45,4.27,4.26,336600,,,,45687000,,3106716000.0,
1996-05-03,PAYX,4.26,4.27,4.42,4.26,4.29,378000,,,,45687000,,3021052875.0,
1996-05-02,PAYX,4.29,4.36,4.36,4.26,4.36,419600,,,,45687000,,3043896375.0,
1996-05-01,PAYX,4.36,4.41,4.42,4.34,4.41,310900,,,,45687000,,3095294250.0,
1996-04-30,PAYX,4.41,4.46,4.49,4.39,4.49,498200,,,,45687000,,3129559500.0,
1996-04-27,PAYX,4.49,4.34,4.54,4.29,4.34,437300,,,,45687000,,3186668250.0,
1996-04-26,PAYX,4.34,4.22,4.34,4.21,4.22,314700,,,,45687000,,3078161625.0,
1996-04-25,PAYX,4.22,4.2,4.24,4.18,4.19,216800,,,,45584000,,2991450000.0,
1996-04-24,PAYX,4.19,4.2,4.22,4.12,4.19,289000,,,,45584000,,2968658000.0,
1996-04-23,PAYX,4.19,4.1,4.21,4.08,4.07,196800,,,,45584000,,2974356000.0,
1996-04-20,PAYX,4.07,4.04,4.13,4.02,4.04,188600,,,,45584000,,2888886000.0,
1996-04-19,PAYX,4.04,3.95,4.04,3.94,3.94,291200,,,,45584000,,2866094000.0,
1996-04-18,PAYX,3.94,3.97,3.97,3.92,3.96,154800,,,,45584000,,2792020000.0,
1996-04-17,PAYX,3.96,3.94,4.06,3.94,3.94,285800,,,,45584000,,2809114000.0,
1996-04-16,PAYX,3.94,3.94,3.97,3.9,3.92,260500,,,,45584000,,2797718000.0,
1996-04-13,PAYX,3.92,3.89,3.92,3.86,3.87,378500,,,,45584000,,2780624000.0,
1996-04-12,PAYX,3.87,3.78,3.92,3.75,3.76,363200,,,,45584000,,2746436000.0,
1996-04-11,PAYX,3.76,3.72,3.82,3.7,3.71,203400,,,,45584000,,2666664000.0,
1996-04-10,PAYX,3.71,3.93,3.94,3.67,3.89,430700,,,,45584000,,2632476000.0,
1996-04-09,PAYX,3.89,3.87,3.92,3.82,3.95,244600,,,,45584000,,2757832000.0,
1996-04-05,PAYX,3.95,3.94,4.02,3.92,3.94,173700,,,,45584000,,2803416000.0,
1996-04-04,PAYX,3.94,3.86,3.98,3.84,3.87,229600,,,,45584000,,2792020000.0,
1996-04-03,PAYX,3.87,3.85,3.9,3.82,3.83,283800,,,,45584000,,2746436000.0,
1996-04-02,PAYX,3.83,3.76,3.87,3.74,3.76,205800,,,,45584000,,2717946000.0,
1996-03-30,PAYX,3.76,3.8,3.8,3.73,3.78,126400,,,,45584000,,2666664000.0,
1996-03-29,PAYX,3.78,3.66,3.81,3.63,3.66,438100,,,,45584000,,2683758000.0,
1996-03-28,PAYX,3.66,3.63,3.68,3.62,3.66,225600,,,,45584000,,2598288000.0,
1996-03-27,PAYX,3.66,3.7,3.7,3.63,3.7,175600,,,,45584000,,2592590000.0,
1996-03-26,PAYX,3.7,3.73,3.74,3.7,3.68,243700,,,,45584000,,2626778000.0,
1996-03-23,PAYX,3.68,3.69,3.69,3.66,3.68,322600,,,,45584000,,2609684000.0,
1996-03-22,PAYX,3.68,3.74,3.78,3.68,3.74,219400,,,,45584000,,2609684000.0,
1996-03-21,PAYX,3.74,3.76,3.79,3.68,3.77,457400,,,,45584000,,2655268000.0,
1996-03-20,PAYX,3.77,3.84,3.84,3.74,3.82,181400,,,,45584000,,2672362000.0,
1996-03-19,PAYX,3.82,3.84,3.87,3.81,3.79,176300,,,,45584000,,2712248000.0,
1996-03-16,PAYX,3.79,3.86,3.89,3.78,3.82,200200,,,,45584000,,2689456000.0,
1996-03-15,PAYX,3.82,3.73,3.83,3.72,3.74,224500,,,,45584000,,2706550000.0,
1996-03-14,PAYX,3.74,3.81,3.81,3.7,3.78,148800,,,,45584000,,2649570000.0,
1996-03-13,PAYX,3.78,3.7,3.83,3.65,3.71,433600,,,,45584000,,2678060000.0,
1996-03-12,PAYX,3.71,3.78,4.02,3.66,3.78,669900,,,,45584000,,2632476000.0,
1996-03-09,PAYX,3.78,3.59,3.81,3.55,3.65,423700,,,,45584000,,2678060000.0,
1996-03-08,PAYX,3.65,3.73,3.74,3.63,3.73,345400,,,,45584000,,2586892000.0,
1996-03-07,PAYX,3.73,3.55,3.76,3.53,3.54,585600,,,,45584000,,2643872000.0,
1996-03-06,PAYX,3.54,3.35,3.57,3.31,3.35,462200,,,,45584000,,2512818000.0,
1996-03-05,PAYX,3.35,3.48,3.48,3.35,3.47,148800,,,,45584000,,2376066000.0,
1996-03-02,PAYX,3.47,3.53,3.56,3.45,3.54,99700,,,,45584000,,2461536000.0,
1996-03-01,PAYX,3.54,3.59,3.61,3.54,3.6,88500,,,,45584000,,2512818000.0,
1996-02-29,PAYX,3.6,3.72,3.73,3.6,3.7,162500,,,,45584000,,2552704000.0,
1996-02-28,PAYX,3.7,3.73,3.74,3.69,3.7,107800,,,,45584000,,2626778000.0,
1996-02-27,PAYX,3.7,3.67,3.74,3.67,3.67,147700,,,,45584000,,2626778000.0,
1996-02-24,PAYX,3.67,3.76,3.76,3.66,3.75,288300,,,,45584000,,2603986000.0,
1996-02-23,PAYX,3.75,3.65,3.78,3.62,3.64,229300,,,,45584000,,2660966000.0,
1996-02-22,PAYX,3.64,3.65,3.68,3.63,3.65,103500,,,,45584000,,2581194000.0,
1996-02-21,PAYX,3.65,3.63,3.71,3.61,3.63,221100,,,,45584000,,2586892000.0,
1996-02-17,PAYX,3.63,3.62,3.66,3.59,3.62,130700,,,,45584000,,2575496000.0,
1996-02-16,PAYX,3.62,3.66,3.66,3.58,3.67,97800,,,,45584000,,2569798000.0,
1996-02-15,PAYX,3.67,3.66,3.7,3.63,3.66,59000,,,,45584000,,2603986000.0,
1996-02-14,PAYX,3.66,3.68,3.74,3.61,3.7,271700,,,,45584000,,2598288000.0,
1996-02-13,PAYX,3.7,3.58,3.76,3.53,3.57,306900,,,,45584000,,2621080000.0,
1996-02-10,PAYX,3.57,3.68,3.7,3.57,3.7,210700,,,,45584000,,2529912000.0,
1996-02-09,PAYX,3.7,3.66,3.71,3.59,3.68,405000,,,,45584000,,2621080000.0,
1996-02-08,PAYX,3.68,3.49,3.7,3.46,3.48,482400,,,,45584000,,2609684000.0,
1996-02-07,PAYX,3.48,3.47,3.52,3.43,3.47,303800,,,,45584000,,2467234000.0,
1996-02-06,PAYX,3.47,3.41,3.48,3.37,3.41,347500,,,,45584000,,2461536000.0,
1996-02-03,PAYX,3.41,3.35,3.46,3.33,3.35,338600,,,,45584000,,2415952000.0,
1996-02-02,PAYX,3.35,3.35,3.36,3.31,3.33,146800,,,,45584000,,2376066000.0,
1996-02-01,PAYX,3.33,3.35,3.35,3.29,3.35,307400,,,,45584000,,2364670000.0,
1996-01-31,PAYX,3.35,3.36,3.36,3.18,3.29,422300,,,,45584000,,2376066000.0,
1996-01-30,PAYX,3.29,3.35,3.35,3.27,3.34,196700,,,,45584000,,2336180000.0,
1996-01-27,PAYX,3.34,3.33,3.36,3.27,3.33,232600,,,,45584000,,2370368000.0,
1996-01-26,PAYX,3.33,3.38,3.38,3.25,3.36,176100,,,,45584000,,2364670000.0,
1996-01-25,PAYX,3.36,3.27,3.4,3.24,3.26,581100,,,,45584000,,2387462000.0,
1996-01-24,PAYX,3.26,3.3,3.41,3.22,3.3,267100,,,,45584000,,2313388000.0,
1996-01-23,PAYX,3.3,3.42,3.43,3.26,3.41,135600,,,,45584000,,2341878000.0,
1996-01-20,PAYX,3.41,3.46,3.49,3.4,3.48,201900,,,,45381000,,2410865625.0,
1996-01-19,PAYX,3.48,3.33,3.53,3.33,3.34,298400,,,,45381000,,2461919250.0,
1996-01-18,PAYX,3.34,3.24,3.34,3.24,3.25,240300,,,,45381000,,2365484625.0,
1996-01-17,PAYX,3.25,3.29,3.3,3.18,3.25,241900,,,,45381000,,2297413125.0,
1996-01-16,PAYX,3.25,3.29,3.29,3.21,3.25,159800,,,,45381000,,2300249437.5,
1996-01-13,PAYX,3.25,3.26,3.31,3.16,3.26,178100,,,,45381000,,2297413125.0,
1996-01-12,PAYX,3.26,3.24,3.29,3.15,3.22,403900,,,,45381000,,2308758375.0,
1996-01-11,PAYX,3.22,3.04,3.22,3.03,3.08,642800,,,,45381000,,2274722625.0,
1996-01-10,PAYX,3.08,3.21,3.21,3.06,3.19,231200,,,,45381000,,2178288000.0,
1996-01-09,PAYX,3.19,3.23,3.26,3.19,3.25,81500,,,,45381000,,2257704750.0,
1996-01-06,PAYX,3.25,2.93,3.25,2.93,3.0,559400,,,,45381000,,2297413125.0,
1996-01-05,PAYX,3.0,3.11,3.11,2.98,3.11,181600,,,,45381000,,2121561750.0,
1996-01-04,PAYX,3.11,3.1,3.12,3.05,3.13,181400,,,,45381000,,2200978500.0,
1996-01-03,PAYX,3.13,3.2,3.24,3.13,3.2,240300,,,,45381000,,2212323750.0,
1995-12-30,PAYX,3.2,3.11,3.2,3.11,3.12,204500,,,,45381000,,,
1995-12-29,PAYX,3.12,3.11,3.14,3.02,3.15,511800,,,,45381000,,,
1995-12-28,PAYX,3.15,2.99,3.18,2.99,3.01,509500,,,,45381000,,,
1995-12-27,PAYX,3.01,2.99,3.02,2.98,2.98,210600,,,,45381000,,,
1995-12-23,PAYX,2.98,2.98,2.98,2.97,2.98,99000,,,,45381000,,,
1995-12-22,PAYX,2.98,2.95,3.0,2.93,2.93,197000,,,,45381000,,,
1995-12-21,PAYX,2.93,3.04,3.04,2.93,3.01,174100,,,,45381000,,,
1995-12-20,PAYX,3.01,3.0,3.06,2.98,2.98,369700,,,,45381000,,,
1995-12-19,PAYX,2.98,2.96,3.0,2.95,2.97,262200,,,,45381000,,,
1995-12-16,PAYX,2.97,3.0,3.01,2.95,2.97,242500,,,,45381000,,,
1995-12-15,PAYX,2.97,2.85,3.0,2.82,2.81,749600,,,,45381000,,,
1995-12-14,PAYX,2.81,2.65,2.82,2.61,2.6,1083000,,,,45381000,,,
1995-12-13,PAYX,2.6,2.7,2.7,2.55,2.69,607200,,,,45381000,,,
1995-12-12,PAYX,2.69,2.77,2.77,2.68,2.77,117400,,,,45381000,,,
1995-12-09,PAYX,2.77,2.77,2.77,2.74,2.74,42800,,,,45381000,,,
1995-12-08,PAYX,2.74,2.81,2.84,2.74,2.84,142800,,,,45381000,,,
1995-12-07,PAYX,2.84,2.89,2.9,2.82,2.89,219000,,,,45381000,,,
1995-12-06,PAYX,2.89,2.93,2.97,2.88,2.93,121000,,,,45381000,,,
1995-12-05,PAYX,2.93,2.92,2.97,2.9,2.89,173900,,,,45381000,,,
1995-12-02,PAYX,2.89,2.89,2.9,2.88,2.89,183800,,,,45381000,,,
1995-12-01,PAYX,2.89,2.87,2.93,2.85,2.85,264800,,,,45381000,,,
1995-11-30,PAYX,2.85,2.75,2.87,2.75,2.77,307000,,,,45381000,,,
1995-11-29,PAYX,2.77,2.68,2.79,2.68,2.71,214900,,,,45381000,,,
1995-11-28,PAYX,2.71,2.77,2.77,2.68,2.76,248200,,,,45381000,,,
1995-11-25,PAYX,2.76,2.73,2.76,2.73,2.73,24600,,,,45381000,,,
1995-11-23,PAYX,2.73,2.77,2.77,2.73,2.77,117700,,,,45381000,,,
1995-11-22,PAYX,2.77,2.8,2.8,2.76,2.79,173000,,,,45381000,,,
1995-11-21,PAYX,2.79,2.82,2.84,2.79,2.83,102000,,,,45381000,,,
1995-11-18,PAYX,2.83,2.78,2.84,2.77,2.8,327600,,,,45381000,,,
1995-11-17,PAYX,2.8,2.64,2.81,2.64,2.65,684900,,,,45381000,,,
1995-11-16,PAYX,2.65,2.76,2.79,2.63,2.74,391400,,,,45381000,,,
1995-11-15,PAYX,2.74,2.79,2.81,2.74,2.82,97100,,,,45381000,,,
1995-11-14,PAYX,2.82,2.73,2.87,2.71,2.73,209900,,,,45381000,,,
1995-11-11,PAYX,2.73,2.76,2.77,2.71,2.73,223500,,,,45381000,,,
1995-11-10,PAYX,2.73,2.84,2.85,2.72,2.84,154300,,,,45381000,,,
1995-11-09,PAYX,2.84,2.81,2.84,2.79,2.77,194500,,,,45381000,,,
1995-11-08,PAYX,2.77,2.74,2.81,2.73,2.75,190200,,,,45381000,,,
1995-11-07,PAYX,2.75,2.84,2.85,2.72,2.88,293600,,,,45381000,,,
1995-11-04,PAYX,2.88,2.92,2.92,2.84,2.92,140300,,,,45381000,,,
1995-11-03,PAYX,2.92,2.81,2.92,2.79,2.81,375200,,,,45381000,,,
1995-11-02,PAYX,2.81,2.81,2.82,2.76,2.78,111000,,,,45263000,,,
1995-11-01,PAYX,2.78,2.89,2.9,2.78,2.89,181900,,,,45263000,,,
1995-10-31,PAYX,2.89,2.89,2.92,2.84,2.85,103500,,,,45263000,,,
1995-10-28,PAYX,2.85,2.87,2.89,2.84,2.87,102300,,,,45263000,,,
1995-10-27,PAYX,2.87,2.87,2.89,2.82,2.89,98400,,,,45263000,,,
1995-10-26,PAYX,2.89,2.93,2.93,2.87,2.91,87000,,,,45263000,,,
1995-10-25,PAYX,2.91,2.93,2.93,2.88,2.9,53900,,,,45263000,,,
1995-10-24,PAYX,2.9,2.91,2.93,2.87,2.91,137000,,,,45263000,,,
1995-10-21,PAYX,2.91,2.93,2.96,2.88,2.88,170600,,,,45263000,,,
1995-10-20,PAYX,2.88,2.9,2.92,2.87,2.92,338100,,,,45263000,,,
1995-10-19,PAYX,2.92,2.91,2.96,2.9,2.92,294400,,,,45263000,,,
1995-10-18,PAYX,2.92,2.93,2.95,2.88,2.9,268100,,,,45263000,,,
1995-10-17,PAYX,2.9,2.81,2.93,2.81,2.82,574800,,,,45263000,,,
1995-10-14,PAYX,2.82,2.79,2.84,2.77,2.76,232100,,,,45263000,,,
1995-10-13,PAYX,2.76,2.75,2.78,2.72,2.74,276500,,,,45263000,,,
1995-10-12,PAYX,2.74,2.77,2.79,2.73,2.75,165900,,,,45263000,,,
1995-10-11,PAYX,2.75,2.82,2.82,2.72,2.86,224700,,,,45263000,,,
1995-10-10,PAYX,2.86,2.85,2.89,2.71,2.86,350900,,,,45263000,,,
1995-10-07,PAYX,2.86,2.95,2.96,2.85,2.91,512400,,,,45263000,,,
1995-10-06,PAYX,2.91,2.71,2.95,2.67,2.71,717500,,,,45263000,,,
1995-10-05,PAYX,2.71,2.83,2.83,2.69,2.83,97400,,,,45263000,,,
1995-10-04,PAYX,2.83,2.87,2.87,2.79,2.85,297900,,,,45263000,,,
1995-10-03,PAYX,2.85,2.96,2.96,2.85,2.96,121000,,,,45263000,,,
1995-09-30,PAYX,2.96,2.95,3.01,2.93,2.93,168000,,,,45263000,,,
1995-09-29,PAYX,2.93,2.82,2.93,2.79,2.79,309900,,,,45263000,,,
1995-09-28,PAYX,2.79,2.75,2.81,2.74,2.76,253200,,,,45263000,,,
1995-09-27,PAYX,2.76,2.8,2.8,2.75,2.79,191500,,,,45263000,,,
1995-09-26,PAYX,2.79,2.83,2.83,2.77,2.83,87700,,,,45263000,,,
1995-09-23,PAYX,2.83,2.84,2.85,2.79,2.87,187000,,,,45263000,,,
1995-09-22,PAYX,2.87,2.83,2.87,2.82,2.85,133800,,,,45263000,,,
1995-09-21,PAYX,2.85,2.83,2.9,2.83,2.85,148500,,,,45263000,,,
1995-09-20,PAYX,2.85,2.85,2.87,2.83,2.85,111000,,,,45263000,,,
1995-09-19,PAYX,2.85,2.85,2.9,2.8,2.86,446600,,,,45263000,,,
1995-09-16,PAYX,2.86,2.91,2.91,2.85,2.9,198500,,,,45263000,,,
1995-09-15,PAYX,2.9,2.81,2.95,2.81,2.83,434200,,,,45263000,,,
1995-09-14,PAYX,2.83,2.75,2.83,2.75,2.75,390800,,,,45263000,,,
1995-09-13,PAYX,2.75,2.74,2.77,2.72,2.72,217700,,,,45263000,,,
1995-09-12,PAYX,2.72,2.69,2.75,2.69,2.69,101200,,,,45263000,,,
1995-09-09,PAYX,2.69,2.79,2.79,2.67,2.79,173400,,,,45263000,,,
1995-09-08,PAYX,2.79,2.72,2.8,2.71,2.71,190600,,,,45263000,,,
1995-09-07,PAYX,2.71,2.71,2.72,2.69,2.71,113800,,,,45263000,,,
1995-09-06,PAYX,2.71,2.71,2.74,2.67,2.67,260100,,,,45263000,,,
1995-09-02,PAYX,2.67,2.63,2.71,2.59,2.63,254400,,,,45263000,,,
1995-09-01,PAYX,2.63,2.66,2.67,2.59,2.65,148000,,,,45263000,,,
1995-08-31,PAYX,2.65,2.53,2.66,2.51,2.52,335500,,,,44987000,,,
1995-08-30,PAYX,2.52,2.5,2.55,2.48,2.52,262400,,,,44987000,,,
1995-08-29,PAYX,2.52,2.5,2.55,2.5,2.52,206600,,,,44987000,,,
1995-08-26,PAYX,2.52,2.5,2.53,2.45,2.47,154400,,,,44987000,,,
1995-08-25,PAYX,2.47,2.55,2.58,2.45,2.55,245400,,,,44987000,,,
1995-08-24,PAYX,2.55,2.46,2.55,2.45,2.46,289600,,,,44987000,,,
1995-08-23,PAYX,2.46,2.45,2.46,2.43,2.45,75500,,,,44987000,,,
1995-08-22,PAYX,2.45,2.51,2.51,2.45,2.49,132800,,,,44987000,,,
1995-08-19,PAYX,2.49,2.51,2.51,2.47,2.51,66300,,,,44987000,,,
1995-08-18,PAYX,2.51,2.51,2.51,2.46,2.49,219700,,,,44987000,,,
1995-08-17,PAYX,2.49,2.46,2.54,2.42,2.46,258300,,,,44987000,,,
1995-08-16,PAYX,2.46,2.48,2.48,2.42,2.46,123700,,,,44987000,,,
1995-08-15,PAYX,2.46,2.44,2.49,2.44,2.46,105200,,,,44987000,,,
1995-08-12,PAYX,2.46,2.48,2.48,2.44,2.46,128800,,,,44987000,,,
1995-08-11,PAYX,2.46,2.46,2.5,2.45,2.5,51300,,,,44987000,,,
1995-08-10,PAYX,2.5,2.43,2.5,2.42,2.41,277600,,,,44987000,,,
1995-08-09,PAYX,2.41,2.39,2.42,2.39,2.42,81400,,,,44987000,,,
1995-08-08,PAYX,2.42,2.37,2.42,2.37,2.37,103300,,,,44987000,,,
1995-08-05,PAYX,2.37,2.38,2.41,2.36,2.37,88700,,,,44987000,,,
1995-08-04,PAYX,2.37,2.27,2.42,2.27,2.32,399600,,,,44987000,,,
1995-08-03,PAYX,2.32,2.37,2.4,2.32,2.37,103700,,,,44987000,,,
1995-08-02,PAYX,2.37,2.37,2.38,2.28,2.38,241400,,,,44987000,,,
1995-08-01,PAYX,2.38,2.43,2.43,2.37,2.43,76600,,,,44987000,,,
1995-07-29,PAYX,2.43,2.49,2.49,2.4,2.49,122300,,,,44987000,,,
1995-07-28,PAYX,2.49,2.43,2.49,2.43,2.47,200700,,,,44987000,,,
1995-07-27,PAYX,2.47,2.48,2.48,2.43,2.48,96500,,,,44987000,,,
1995-07-26,PAYX,2.48,2.51,2.51,2.43,2.48,140700,,,,44987000,,,
1995-07-25,PAYX,2.48,2.53,2.53,2.48,2.49,299300,,,,44987000,,,
1995-07-22,PAYX,2.49,2.49,2.56,2.48,2.49,273300,,,,44987000,,,
1995-07-21,PAYX,2.49,2.4,2.49,2.38,2.39,200600,,,,44987000,,,
1995-07-20,PAYX,2.39,2.41,2.43,2.38,2.41,497700,,,,44987000,,,
1995-07-19,PAYX,2.41,2.44,2.44,2.41,2.42,378600,,,,44987000,,,
1995-07-18,PAYX,2.42,2.41,2.48,2.38,2.4,332200,,,,44987000,,,
1995-07-15,PAYX,2.4,2.37,2.41,2.35,2.37,90100,,,,44987000,,,
1995-07-14,PAYX,2.37,2.32,2.4,2.32,2.33,197600,,,,44987000,,,
1995-07-13,PAYX,2.33,2.27,2.37,2.25,2.27,328300,,,,44987000,,,
1995-07-12,PAYX,2.27,2.4,2.4,2.25,2.41,364500,,,,44987000,,,
1995-07-11,PAYX,2.41,2.49,2.53,2.4,2.49,265500,,,,44987000,,,
1995-07-08,PAYX,2.49,2.35,2.49,2.35,2.38,438600,,,,44987000,,,
1995-07-07,PAYX,2.38,2.32,2.38,2.29,2.3,114400,,,,44987000,,,
1995-07-06,PAYX,2.3,2.32,2.33,2.3,2.32,106100,,,,44987000,,,
1995-07-04,PAYX,2.32,2.35,2.35,2.29,2.32,83500,,,,44987000,,,
1995-07-01,PAYX,2.32,2.33,2.41,2.32,2.29,359600,,,,44987000,,,
1995-06-30,PAYX,2.29,2.27,2.3,2.22,2.28,270300,,,,44987000,,,
1995-06-29,PAYX,2.28,2.29,2.3,2.25,2.27,170400,,,,44987000,,,
1995-06-28,PAYX,2.27,2.29,2.32,2.25,2.3,143000,,,,44987000,,,
1995-06-27,PAYX,2.3,2.41,2.41,2.3,2.4,232300,,,,44987000,,,
1995-06-24,PAYX,2.4,2.38,2.41,2.37,2.41,367400,,,,44987000,,,
1995-06-23,PAYX,2.41,2.35,2.41,2.35,2.37,211100,,,,44987000,,,
1995-06-22,PAYX,2.37,2.4,2.43,2.35,2.4,244100,,,,44987000,,,
1995-06-21,PAYX,2.4,2.24,2.41,2.22,2.22,556700,,,,44987000,,,
1995-06-20,PAYX,2.22,2.21,2.25,2.21,2.22,110400,,,,44987000,,,
1995-06-17,PAYX,2.22,2.25,2.25,2.19,2.25,116800,,,,44987000,,,
1995-06-16,PAYX,2.25,2.17,2.27,2.16,2.16,222400,,,,44987000,,,
1995-06-15,PAYX,2.16,2.21,2.21,2.14,2.21,269900,,,,44987000,,,
1995-06-14,PAYX,2.21,2.05,2.21,2.05,2.05,402400,,,,44987000,,,
1995-06-13,PAYX,2.05,1.95,2.05,1.95,1.98,253600,,,,44987000,,,
1995-06-10,PAYX,1.98,2.0,2.0,1.95,1.97,101100,,,,44987000,,,
1995-06-09,PAYX,1.97,1.97,2.0,1.95,1.97,78200,,,,44987000,,,
1995-06-08,PAYX,1.97,2.03,2.03,1.92,2.01,234900,,,,44987000,,,
1995-06-07,PAYX,2.01,2.03,2.03,2.01,2.03,78200,,,,44987000,,,
1995-06-06,PAYX,2.03,2.01,2.03,1.97,2.0,315800,,,,44987000,,,
1995-06-03,PAYX,2.0,2.01,2.03,1.97,2.03,272100,,,,44987000,,,
1995-06-02,PAYX,2.03,1.9,2.03,1.89,1.89,479900,,,,44987000,,,
1995-06-01,PAYX,1.89,1.97,1.97,1.84,1.97,262500,,,,44986000,,,
1995-05-31,PAYX,1.97,2.01,2.01,1.93,2.01,139600,,,,44986000,,,
1995-05-27,PAYX,2.01,1.98,2.01,1.93,1.95,115200,,,,44984250,,,
1995-05-26,PAYX,1.95,1.97,1.99,1.95,1.98,141300,,,,29991000,,,
1995-05-25,PAYX,1.98,2.06,2.06,1.98,2.06,105400,,,,29991000,,,
1995-05-24,PAYX,2.06,2.06,2.06,2.04,2.05,60100,,,,29991000,,,
1995-05-23,PAYX,2.05,2.05,2.06,2.04,2.05,103700,,,,29991000,,,
1995-05-20,PAYX,2.05,2.01,2.07,2.0,2.04,163500,,,,29991000,,,
1995-05-19,PAYX,2.04,2.01,2.04,2.0,2.01,155600,,,,29991000,,,
1995-05-18,PAYX,2.01,2.04,2.04,2.01,2.02,26100,,,,29991000,,,
1995-05-17,PAYX,2.02,2.01,2.04,2.01,2.0,37800,,,,29991000,,,
1995-05-16,PAYX,2.0,1.97,2.0,1.97,1.99,38400,,,,29991000,,,
1995-05-13,PAYX,1.99,1.97,1.99,1.97,1.97,208100,,,,29991000,,,
1995-05-12,PAYX,1.97,1.97,1.99,1.97,1.98,144500,,,,29991000,,,
1995-05-11,PAYX,1.98,1.98,1.99,1.97,1.99,59500,,,,29991000,,,
1995-05-10,PAYX,1.99,1.97,1.99,1.97,1.98,264200,,,,29991000,,,
1995-05-09,PAYX,1.98,1.99,2.01,1.95,2.01,131400,,,,29991000,,,
1995-05-06,PAYX,2.01,2.04,2.06,1.99,2.06,266900,,,,29991000,,,
1995-05-05,PAYX,2.06,2.04,2.06,2.01,2.01,115500,,,,29991000,,,
1995-05-04,PAYX,2.01,2.05,2.06,2.01,2.05,21800,,,,29991000,,,
1995-05-03,PAYX,2.05,2.08,2.08,2.04,2.07,134700,,,,29991000,,,
1995-05-02,PAYX,2.07,2.04,2.08,2.02,2.03,124200,,,,29991000,,,
1995-04-29,PAYX,2.03,2.01,2.05,2.0,2.01,103700,,,,29991000,,,
1995-04-28,PAYX,2.01,1.99,2.05,1.97,1.99,182100,,,,29991000,,,
1995-04-27,PAYX,1.99,1.96,1.99,1.94,1.96,112100,,,,29991000,,,
1995-04-26,PAYX,1.96,2.0,2.01,1.94,1.98,125300,,,,29991000,,,
1995-04-25,PAYX,1.98,1.97,2.0,1.95,1.96,74600,,,,29991000,,,
1995-04-22,PAYX,1.96,1.92,1.96,1.92,1.91,153900,,,,29991000,,,
1995-04-21,PAYX,1.91,1.89,1.92,1.89,1.91,116800,,,,29991000,,,
1995-04-20,PAYX,1.91,1.92,1.92,1.89,1.91,187800,,,,29991000,,,
1995-04-19,PAYX,1.91,1.92,1.92,1.9,1.91,149800,,,,29991000,,,
1995-04-18,PAYX,1.91,1.95,1.95,1.9,1.94,193900,,,,29991000,,,
1995-04-14,PAYX,1.94,1.94,1.96,1.94,1.94,188400,,,,29991000,,,
1995-04-13,PAYX,1.94,1.96,1.96,1.92,1.94,284500,,,,29991000,,,
1995-04-12,PAYX,1.94,1.98,1.99,1.94,2.0,124200,,,,29991000,,,
1995-04-11,PAYX,2.0,2.0,2.02,2.0,2.02,232300,,,,29991000,,,
1995-04-08,PAYX,2.02,2.0,2.02,2.0,2.01,111000,,,,29991000,,,
1995-04-07,PAYX,2.01,1.98,2.03,1.96,1.98,239600,,,,29991000,,,
1995-04-06,PAYX,1.98,1.95,1.98,1.95,1.95,96700,,,,29991000,,,
1995-04-05,PAYX,1.95,1.97,1.97,1.95,1.96,67500,,,,29991000,,,
1995-04-04,PAYX,1.96,1.97,1.97,1.95,1.96,25000,,,,29991000,,,
1995-04-01,PAYX,1.96,1.95,1.97,1.92,1.94,105700,,,,29991000,,,
1995-03-31,PAYX,1.94,1.96,1.96,1.94,1.94,87000,,,,29928000,,,
1995-03-30,PAYX,1.94,1.97,1.99,1.94,1.99,84200,,,,29928000,,,
1995-03-29,PAYX,1.99,1.99,1.99,1.96,1.95,112900,,,,29928000,,,
1995-03-28,PAYX,1.95,1.97,1.97,1.94,1.95,110900,,,,29928000,,,
1995-03-25,PAYX,1.95,1.98,1.99,1.94,1.99,120500,,,,29928000,,,
1995-03-24,PAYX,1.99,2.06,2.07,1.98,2.03,186200,,,,29928000,,,
1995-03-23,PAYX,2.03,1.91,2.03,1.91,1.94,225100,,,,29928000,,,
1995-03-22,PAYX,1.94,1.9,1.94,1.9,1.91,98600,,,,29928000,,,
1995-03-21,PAYX,1.91,1.9,1.92,1.89,1.91,140600,,,,29928000,,,
1995-03-18,PAYX,1.91,1.88,1.94,1.88,1.89,174600,,,,29928000,,,
1995-03-17,PAYX,1.89,1.89,1.89,1.88,1.89,47800,,,,29928000,,,
1995-03-16,PAYX,1.89,1.87,1.89,1.86,1.87,134000,,,,29928000,,,
1995-03-15,PAYX,1.87,1.88,1.89,1.84,1.88,275900,,,,29928000,,,
1995-03-14,PAYX,1.88,1.79,1.92,1.79,1.77,659000,,,,29928000,,,
1995-03-11,PAYX,1.77,1.72,1.77,1.7,1.72,785800,,,,29928000,,,
1995-03-10,PAYX,1.72,1.69,1.72,1.68,1.68,142600,,,,29928000,,,
1995-03-09,PAYX,1.68,1.71,1.73,1.68,1.71,43300,,,,29928000,,,
1995-03-08,PAYX,1.71,1.73,1.75,1.7,1.75,227300,,,,29928000,,,
1995-03-07,PAYX,1.75,1.71,1.75,1.71,1.74,170100,,,,29928000,,,
1995-03-04,PAYX,1.74,1.69,1.74,1.69,1.72,134900,,,,29928000,,,
1995-03-03,PAYX,1.72,1.71,1.72,1.7,1.72,18500,,,,29928000,,,
1995-03-02,PAYX,1.72,1.74,1.74,1.71,1.74,130600,,,,29928000,,,
1995-03-01,PAYX,1.74,1.7,1.74,1.7,1.71,65200,,,,29928000,,,
1995-02-28,PAYX,1.71,1.72,1.72,1.7,1.72,13800,,,,29928000,,,
1995-02-25,PAYX,1.72,1.72,1.73,1.71,1.72,72500,,,,29928000,,,
1995-02-24,PAYX,1.72,1.66,1.72,1.66,1.66,214000,,,,29928000,,,
1995-02-23,PAYX,1.66,1.67,1.68,1.65,1.67,71200,,,,29928000,,,
1995-02-22,PAYX,1.67,1.74,1.74,1.67,1.73,52800,,,,29928000,,,
1995-02-18,PAYX,1.73,1.74,1.74,1.72,1.74,116500,,,,29928000,,,
1995-02-17,PAYX,1.74,1.72,1.74,1.72,1.73,35700,,,,29928000,,,
1995-02-16,PAYX,1.73,1.74,1.74,1.72,1.74,67000,,,,29928000,,,
1995-02-15,PAYX,1.74,1.71,1.74,1.71,1.73,140600,,,,29928000,,,
1995-02-14,PAYX,1.73,1.73,1.73,1.71,1.73,27700,,,,29928000,,,
1995-02-11,PAYX,1.73,1.71,1.73,1.71,1.73,56500,,,,29928000,,,
1995-02-10,PAYX,1.73,1.73,1.73,1.71,1.71,59200,,,,29928000,,,
1995-02-09,PAYX,1.71,1.74,1.74,1.71,1.73,127800,,,,29928000,,,
1995-02-08,PAYX,1.73,1.72,1.74,1.72,1.74,120300,,,,29928000,,,
1995-02-07,PAYX,1.74,1.7,1.74,1.69,1.68,91900,,,,29928000,,,
1995-02-04,PAYX,1.68,1.7,1.7,1.68,1.67,66600,,,,29928000,,,
1995-02-03,PAYX,1.67,1.67,1.69,1.66,1.67,106000,,,,29928000,,,
1995-02-02,PAYX,1.67,1.66,1.69,1.66,1.66,88700,,,,29916000,,,
1995-02-01,PAYX,1.66,1.66,1.68,1.66,1.66,45200,,,,29916000,,,
1995-01-31,PAYX,1.66,1.67,1.7,1.66,1.67,122500,,,,29916000,,,
1995-01-28,PAYX,1.67,1.68,1.68,1.66,1.68,31000,,,,29916000,,,
1995-01-27,PAYX,1.68,1.71,1.71,1.65,1.71,83200,,,,29916000,,,
1995-01-26,PAYX,1.71,1.69,1.71,1.69,1.7,15800,,,,29916000,,,
1995-01-25,PAYX,1.7,1.72,1.72,1.69,1.71,103100,,,,29916000,,,
1995-01-24,PAYX,1.71,1.72,1.73,1.7,1.74,229200,,,,29916000,,,
1995-01-21,PAYX,1.74,1.75,1.75,1.72,1.74,57000,,,,29916000,,,
1995-01-20,PAYX,1.74,1.74,1.76,1.73,1.74,90500,,,,29916000,,,
1995-01-19,PAYX,1.74,1.74,1.75,1.72,1.75,69700,,,,29916000,,,
1995-01-18,PAYX,1.75,1.74,1.76,1.73,1.74,212700,,,,29916000,,,
1995-01-17,PAYX,1.74,1.72,1.75,1.72,1.74,234600,,,,29916000,,,
1995-01-14,PAYX,1.74,1.74,1.75,1.72,1.74,211200,,,,29916000,,,
1995-01-13,PAYX,1.74,1.73,1.76,1.73,1.75,273600,,,,29916000,,,
1995-01-12,PAYX,1.75,1.73,1.75,1.71,1.71,341600,,,,29916000,,,
1995-01-11,PAYX,1.71,1.71,1.73,1.71,1.71,47600,,,,29916000,,,
1995-01-10,PAYX,1.71,1.72,1.78,1.71,1.73,221500,,,,29916000,,,
1995-01-07,PAYX,1.73,1.7,1.74,1.69,1.69,170500,,,,29916000,,,
1995-01-06,PAYX,1.69,1.66,1.7,1.66,1.69,92600,,,,29916000,,,
1995-01-05,PAYX,1.69,1.69,1.7,1.64,1.67,252800,,,,29916000,,,
1995-01-04,PAYX,1.67,1.7,1.72,1.67,1.72,188100,,,,29916000,,,
