dt,symbol,close,open,high,low,pre_close,vol,amount,vwap,turnover_ratio,free_share,total_share,free_mv,total_mv
2025-06-05,SBUX,88.11,86.63,88.54,86.02,86.6,8740891,766855010.0865,87.73,0.77,1136400000,1136400000.0,93119230776.85,100128190000.0
2025-06-04,SBUX,86.6,85.07,87.49,84.4,85.19,8287652,716558671.2843,86.46,0.73,1136400000,1136400000.0,91523390597.96,98412188000.0
2025-06-03,SBUX,85.19,83.28,85.3,83.19,83.95,8258867,699834131.9334,84.74,0.73,1136400000,1136400000.0,90033225050.56,96809875000.0
2025-05-31,SBUX,83.95,83.94,84.27,83.19,84.05,7394094,619692348.6672,83.81,0.65,1136400000,1136400000.0,88722722229.44,95400750000.0
2025-05-30,SBUX,84.05,84.9,85.7,83.7,86.0,10312547,870856489.2888,84.45,0.91,1136400000,1136400000.0,88828414827.41,95514375000.0
2025-05-29,SBUX,86.0,87.43,87.6,84.54,87.01,12328516,1060297905.2096,86.0,1.08,1136400000,1136400000.0,90889272000.0,97730380000.0
2025-05-28,SBUX,87.01,85.43,87.09,85.22,84.4,10922301,946049332.8732,86.62,0.96,1136400000,1136400000.0,91956687235.74,98878125000.0
2025-05-24,SBUX,84.4,82.58,84.83,82.57,83.97,7088242,597560781.2384,84.3,0.62,1136400000,1136400000.0,89198302458.89,95912125000.0
2025-05-23,SBUX,83.97,83.22,84.48,82.72,82.98,8440410,708941256.9766,83.99,0.74,1136400000,1136400000.0,88743864553.7,95423440000.0
2025-05-22,SBUX,82.98,84.41,85.51,82.51,85.59,10875430,913290357.0329,83.98,0.96,1136400000,1136400000.0,87697574732.59,94298440000.0
2025-05-21,SBUX,85.59,84.52,86.15,84.45,84.61,9310598,795074866.4556,85.39,0.82,1136400000,1136400000.0,90455959509.44,97264380000.0
2025-05-20,SBUX,84.61,84.45,85.14,84.11,85.57,9568067,808973386.3392,84.55,0.84,1136400000,1136400000.0,89420248776.85,96150750000.0
2025-05-17,SBUX,85.57,86.62,86.91,84.28,86.65,13109489,1118481897.918,85.32,1.15,1136400000,1136400000.0,90434834094.82,97241690000.0
2025-05-16,SBUX,86.65,85.94,87.17,85.22,85.93,13721891,1191539032.7959,86.23,1.21,1136400000,1136400000.0,92220900235.74,99162190000.0
2025-05-15,SBUX,86.54,86.71,87.63,85.74,86.88,12741547,1106307727.5765,86.83,1.12,1136400000,1136400000.0,91454692047.41,98338313000.0
2025-05-14,SBUX,86.88,85.87,87.14,85.1,85.67,11533704,997603102.4647,86.49,1.01,1136400000,1136400000.0,91819307044.26,98730380000.0
2025-05-13,SBUX,85.67,83.65,86.54,83.64,80.3,17241551,1468750953.2626,85.19,1.52,1136400000,1136400000.0,90540509783.15,97355310000.0
2025-05-10,SBUX,80.3,82.41,82.67,80.2,82.19,8210711,663486996.2897,80.81,0.72,1136400000,1136400000.0,91252924545.6,91252880000.0
2025-05-09,SBUX,82.19,83.34,83.6,81.69,82.71,8759817,721157260.4937,82.33,0.77,1136400000,1136400000.0,93400719409.2,93400630000.0
2025-05-08,SBUX,82.71,82.97,83.23,82.14,82.78,8227254,679973460.2116,82.65,0.72,1136400000,1136400000.0,93991651954.8,93991630000.0
2025-05-07,SBUX,82.78,81.0,83.37,80.61,81.66,10709520,884144782.3975,82.56,0.94,1136400000,1136400000.0,94071190863.6,94071130000.0
2025-05-06,SBUX,81.66,84.0,84.08,81.59,84.69,13361872,1100109658.8659,82.33,1.18,1136400000,1136400000.0,92798428545.6,92798375000.0
2025-05-03,SBUX,84.69,82.59,84.83,82.05,82.01,13512926,1135618179.7715,84.04,1.19,1136400000,1136400000.0,96241719409.2,96241688000.0
2025-05-02,SBUX,82.01,80.71,82.71,80.27,80.05,18326735,1493080804.8364,81.47,1.61,1136400000,1136400000.0,93196158318.0,93196063000.0
2025-05-01,SBUX,80.05,76.37,80.28,75.5,84.85,41297024,3251211209.1779,78.73,3.63,1136400000,1136400000.0,90968824545.6,90968750000.0
2025-04-30,SBUX,84.85,83.64,85.07,83.2,83.9,16356942,1377427932.6991,84.21,1.44,1135900000,1135900000.0,96381122951.3,96381060000.0
2025-04-29,SBUX,83.9,84.33,85.06,83.27,83.81,7071719,594815028.3276,84.11,0.62,1135900000,1135900000.0,95302003184.6,95302000000.0
2025-04-26,SBUX,83.81,83.63,83.99,82.46,83.86,5799430,484200819.0702,83.49,0.51,1135900000,1135900000.0,95199776728.2,95199750000.0
2025-04-25,SBUX,83.86,82.39,84.14,81.58,82.81,6771527,564404750.7634,83.35,0.6,1135900000,1135900000.0,95256575135.9,95256500000.0
2025-04-23,SBUX,81.75,81.91,83.49,81.62,80.68,10408575,856488381.3529,82.29,0.92,1135900000,1135900000.0,92859825000.0,92859750000.0
2025-04-22,SBUX,80.68,80.36,80.82,78.13,81.5,10595622,841508484.5107,79.42,0.93,1135900000,1135900000.0,91644404048.7,91644375000.0
2025-04-18,SBUX,81.5,81.25,82.55,81.2,80.76,9787508,800043657.0429,81.74,0.86,1135900000,1135900000.0,92575850000.0,92575810000.0
2025-04-17,SBUX,80.76,83.3,83.52,79.89,83.71,13080848,1063628669.8954,81.31,1.15,1135900000,1135900000.0,91735278320.5,91735190000.0
2025-04-16,SBUX,83.71,85.5,86.06,83.46,85.49,7088578,596717204.8978,84.18,0.62,1135900000,1135900000.0,95086196951.3,95086130000.0
2025-04-15,SBUX,85.49,86.32,86.77,83.4,85.43,8880492,755009714.5818,85.02,0.78,1135900000,1135900000.0,97108097815.4,97108060000.0
2025-04-12,SBUX,85.43,84.43,85.82,82.08,84.6,10059727,849288498.5023,84.42,0.89,1135900000,1135900000.0,97039929048.7,97039880000.0
2025-04-11,SBUX,84.6,86.11,86.58,81.67,88.68,16209250,1360071241.7213,83.91,1.43,1135900000,1135900000.0,96097147951.3,96097060000.0
2025-04-10,SBUX,88.68,79.23,89.13,77.93,79.69,26668106,2243768994.2284,84.14,2.35,1135900000,1135900000.0,100731604048.7,100731600000.0
2025-04-09,SBUX,79.69,83.07,83.48,78.69,80.0,20534594,1671366069.5984,81.39,1.81,1135900000,1135900000.0,90519874407.7,90519813000.0
2025-04-08,SBUX,80.0,78.63,83.27,76.15,82.1,26099352,2069065409.3248,79.28,2.3,1135900000,1135900000.0,90872000000.0,90871940000.0
2025-04-05,SBUX,82.1,84.66,85.43,81.3,88.26,19700141,1629648913.0011,82.72,1.73,1135900000,1135900000.0,93257397951.3,93257310000.0
2025-04-04,SBUX,88.26,93.35,93.39,87.65,99.41,20490055,1835775865.5828,89.59,1.8,1135900000,1135900000.0,100254528320.5,100254500000.0
2025-04-03,SBUX,99.41,97.41,99.75,97.41,98.23,6043293,598054554.9214,98.96,0.53,1135900000,1135900000.0,112919823543.6,112919800000.0
2025-04-02,SBUX,98.23,97.85,98.9,97.13,98.09,5868430,575465311.3897,98.06,0.52,1135900000,1135900000.0,111579452456.4,111579400000.0
2025-04-01,SBUX,98.09,96.62,98.82,94.58,97.73,11302852,1102246248.9522,97.52,1.0,1135900000,1135900000.0,111420427592.3,111420400000.0
2025-03-29,SBUX,97.73,98.0,98.49,97.06,98.85,8066629,787651501.0393,97.64,0.71,1135900000,1135900000.0,111011502456.4,111011440000.0
2025-03-28,SBUX,98.85,97.9,99.92,97.54,97.97,9140965,905704125.1877,99.08,0.8,1135900000,1135900000.0,112283722951.3,112283690000.0
2025-03-27,SBUX,97.97,96.0,98.39,96.0,95.88,9567223,936464652.4526,97.88,0.84,1135900000,1135900000.0,111284125271.8,111284070000.0
2025-03-26,SBUX,95.88,96.19,96.97,94.77,95.72,6976609,667701917.7258,95.71,0.61,1135900000,1135900000.0,108910097679.5,108910000000.0
2025-03-25,SBUX,95.72,98.03,98.2,95.63,97.07,8248832,795137895.3103,96.39,0.73,1135900000,1135900000.0,108728350271.8,108728320000.0
2025-03-22,SBUX,97.07,97.94,98.01,96.29,99.28,11366024,1103805760.48,97.11,1.0,1135900000,1135900000.0,110261822087.2,110261750000.0
2025-03-21,SBUX,99.28,98.85,99.69,98.67,99.19,5952758,590947573.4692,99.27,0.52,1135900000,1135900000.0,112772150864.1,112772100000.0
2025-03-20,SBUX,99.19,98.27,99.53,97.95,98.28,4982672,493543108.7461,99.05,0.44,1135900000,1135900000.0,112669924407.7,112669880000.0
2025-03-19,SBUX,98.28,99.23,99.37,97.68,99.08,7423375,731545427.1185,98.55,0.65,1135900000,1135900000.0,111636250864.1,111636190000.0
2025-03-18,SBUX,99.08,97.71,99.45,97.0,98.11,10132106,999221140.4532,98.62,0.89,1135900000,1135900000.0,112544974271.8,112544940000.0
2025-03-15,SBUX,98.11,96.52,98.25,96.16,96.04,8240922,803256635.7028,97.47,0.73,1135900000,1135900000.0,111443150135.9,111443130000.0
2025-03-14,SBUX,96.04,98.71,98.87,95.93,98.69,9274348,896911928.3768,96.71,0.82,1135900000,1135900000.0,109091829184.6,109091750000.0
2025-03-13,SBUX,98.69,100.3,100.3,96.97,99.58,9427824,926672124.921,98.29,0.83,1135900000,1135900000.0,112101974407.7,112101940000.0
2025-03-12,SBUX,99.58,101.89,103.0,99.0,101.13,10663532,1069497982.2221,100.29,0.94,1135900000,1135900000.0,113112924271.8,113112880000.0
2025-03-11,SBUX,101.13,105.73,106.0,99.8,106.48,15823317,1612278909.7542,101.89,1.39,1135900000,1135900000.0,114867887500.0,114867820000.0
2025-03-08,SBUX,106.48,104.73,106.86,103.44,105.47,11606641,1221389001.1143,105.23,1.02,1135900000,1135900000.0,120950632000.0,120950600000.0
2025-03-07,SBUX,105.47,110.01,110.43,104.91,111.69,16198750,1722805259.2375,106.35,,1135900000,,119803384359.0,
2025-03-06,SBUX,111.69,111.57,112.52,110.21,112.06,11281641,1257501457.8968,111.46,0.99,1135900000,1135900000.0,126868682359.0,126868600000.0
2025-03-05,SBUX,112.06,114.99,115.27,112.0,115.41,12382661,1404721258.7586,113.44,1.09,1135900000,1135900000.0,127288954000.0,127288880000.0
2025-03-04,SBUX,115.41,116.04,117.46,114.1,115.81,9143024,1057413583.16,115.65,0.8,1135900000,1135900000.0,131094230359.0,131094190000.0
2025-03-01,SBUX,115.81,115.06,116.09,114.27,114.49,11223790,1292138823.75,115.13,0.99,1135900000,1135900000.0,131548579000.0,131548570000.0
2025-02-28,SBUX,114.49,113.0,115.7,112.8,113.0,8921242,1023533291.7482,114.73,0.79,1135900000,1135900000.0,130049202359.0,130049190000.0
2025-02-27,SBUX,113.0,114.61,114.79,112.26,114.59,7453391,844621994.8155,113.32,0.66,1135900000,1135900000.0,128356700000.0,128356630000.0
2025-02-26,SBUX,114.59,113.08,115.24,112.67,113.19,10962774,1250908533.1751,114.11,0.97,1135900000,1135900000.0,130162781000.0,130162750000.0
2025-02-25,SBUX,113.19,112.34,113.91,111.89,111.75,11719782,1326575133.538,113.19,1.03,1135900000,1135900000.0,128572532359.0,
2025-02-22,SBUX,111.75,113.33,114.68,111.63,113.34,9503395,1073061591.3325,112.91,0.84,1135900000,1135900000.0,126936825000.0,
2025-02-21,SBUX,113.34,112.17,113.5,111.96,112.49,6339145,716341768.5205,113.0,0.56,1135900000,1135900000.0,128742906000.0,128742880000.0
2025-02-20,SBUX,112.49,112.44,113.34,112.34,113.03,7743902,873019710.8718,112.74,0.68,1135900000,1135900000.0,127777402359.0,127777380000.0
2025-02-19,SBUX,113.03,111.8,113.36,111.62,112.55,7306793,824264704.744,112.81,0.64,1135900000,1135900000.0,128390777000.0,128390750000.0
2025-02-15,SBUX,112.55,112.82,113.47,112.03,112.39,8846856,997567943.8176,112.76,0.78,1135900000,1135900000.0,127845556359.0,127845500000.0
2025-02-14,SBUX,112.39,112.51,112.79,110.92,112.43,10026356,1128039345.298,111.9,0.88,1135900000,1135900000.0,128356700000.0,128356630000.0
2025-02-13,SBUX,113.04,110.56,113.19,110.4,111.03,7076113,794157115.2691,112.23,0.62,1135900000,1135900000.0,128402136000.0,128402070000.0
2025-02-12,SBUX,111.03,110.88,112.08,110.61,111.45,4677020,520912456.54,111.38,0.41,1135900000,1135900000.0,126118977000.0,126118940000.0
2025-02-11,SBUX,111.45,112.58,112.58,111.0,112.2,8230992,917031363.0139,111.41,0.72,1135900000,1135900000.0,126596055000.0,126596000000.0
2025-02-08,SBUX,112.2,111.43,112.62,110.06,111.7,11454422,1277652575.0506,111.54,1.01,1135900000,1135900000.0,127447980000.0,127447940000.0
2025-02-07,SBUX,111.7,112.05,112.31,111.05,112.25,11945149,1334710455.2049,111.74,1.05,1135900000,1135900000.0,126880030000.0,126879940000.0
2025-02-06,SBUX,112.25,110.18,112.42,109.86,110.6,12339313,1378181694.157,111.69,1.09,1135900000,1135900000.0,127504775000.0,127504750000.0
2025-02-05,SBUX,110.6,108.67,111.07,108.13,108.16,10159747,1117651416.0266,110.01,0.89,1135900000,1135900000.0,125630551359.0,125630500000.0
2025-02-04,SBUX,108.16,105.72,108.44,105.52,107.68,8878289,952151304.759,107.24,0.78,1135900000,1135900000.0,122858955359.0,122858940000.0
2025-02-01,SBUX,107.68,109.0,109.36,107.5,109.0,18533375,2005956321.7837,108.23,1.63,1135900000,1135900000.0,122313712000.0,122313630000.0
2025-01-31,SBUX,109.0,109.0,110.34,108.03,108.58,14979305,1635993406.0475,109.22,1.32,1135900000,1135900000.0,123813100000.0,123813070000.0
2025-01-30,SBUX,108.58,102.7,110.08,102.68,100.41,39148262,4209060622.3658,107.52,3.45,1135900000,1135900000.0,123336033359.0,123336000000.0
2025-01-29,SBUX,100.41,98.94,100.68,98.59,100.02,12275770,1227434650.1711,99.99,1.08,1135931108,1135931000.0,114058853913.59,114058820000.0
2025-01-28,SBUX,100.02,98.52,100.33,98.1,98.81,9328961,929351057.5042,99.62,0.82,1135931108,1135931000.0,113615840781.47,113615750000.0
2025-01-25,SBUX,98.81,97.79,99.01,97.62,97.99,6723742,663114901.2731,98.62,0.59,1133800000,1133800000.0,112030775732.4,112030750000.0
2025-01-24,SBUX,97.99,98.0,98.03,97.02,97.73,7640465,745319689.7231,97.55,0.67,1133800000,1133800000.0,111101068802.8,111101000000.0
2025-01-23,SBUX,97.73,97.98,98.54,97.46,97.98,7558867,740753054.585,98.0,0.67,1133800000,1133800000.0,110806269464.8,110806250000.0
2025-01-22,SBUX,97.98,95.41,98.58,95.41,95.13,7979414,780526368.8421,97.82,0.7,1133800000,1133800000.0,111089719464.8,111089690000.0
2025-01-18,SBUX,95.13,95.58,95.86,95.1,94.43,8353125,796895601.0469,95.4,0.74,1133800000,1133800000.0,107858399669.0,107858320000.0
2025-01-17,SBUX,94.43,92.87,94.77,92.87,93.08,6417352,603985768.5952,94.12,0.57,1133800000,1133800000.0,107064726063.4,107064690000.0
2025-01-16,SBUX,93.08,94.1,94.47,92.95,93.07,4266262,397970131.9734,93.28,0.38,1133800000,1133800000.0,105534106267.6,105534070000.0
2025-01-15,SBUX,93.07,94.01,94.89,92.52,93.51,5995059,559791655.6347,93.38,0.53,1133800000,1133800000.0,105522775070.4,105522690000.0
2025-01-14,SBUX,93.51,92.27,93.59,91.38,92.25,6904844,639451395.3852,92.61,0.61,1133800000,1133800000.0,106021632331.0,106021570000.0
2025-01-11,SBUX,92.25,92.19,92.79,91.93,92.6,6466274,596507264.9621,92.25,0.57,1133800000,1133800000.0,104593050000.0,104593000000.0
2025-01-09,SBUX,92.6,92.97,93.01,92.01,92.84,6138613,568243400.6586,92.57,0.54,1133800000,1133800000.0,104989887936.6,104989820000.0
2025-01-08,SBUX,92.84,92.78,93.65,91.86,93.13,6355508,589064707.8356,92.69,0.56,1133800000,1133800000.0,105261988598.6,105261940000.0
2025-01-07,SBUX,93.13,92.04,94.5,91.94,92.58,8670867,810615987.8434,93.49,,1133800000,,105590799669.0,
2025-01-04,SBUX,92.58,92.4,93.12,91.8,92.17,4958059,459488588.8406,92.68,0.44,1133800000,1133800000.0,104967206267.6,104967130000.0
2025-01-03,SBUX,92.17,91.55,92.66,91.41,91.25,8429527,776598860.5554,92.13,0.74,1133800000,1133800000.0,104502344866.2,104502320000.0
2025-01-01,SBUX,91.25,90.73,91.77,90.59,90.58,4201774,382913971.4828,91.13,0.37,1133800000,1133800000.0,103459250000.0,103459190000.0
2024-12-31,SBUX,90.58,91.29,91.32,89.84,92.25,8368820,756914543.8967,90.44,0.74,1133800000,1133800000.0,102699606267.6,102699570000.0
2024-12-28,SBUX,92.25,90.9,93.2,90.88,91.86,8153090,752512319.1205,92.3,0.72,1133800000,1133800000.0,104593050000.0,104593000000.0
2024-12-27,SBUX,91.86,89.37,92.05,89.37,89.91,7484774,685617229.1298,91.6,0.66,1133800000,1133800000.0,104150869133.8,104150820000.0
2024-12-25,SBUX,89.91,87.4,89.92,87.17,87.44,5421102,482870007.4113,89.07,0.48,1133800000,1133800000.0,101939962535.2,101939880000.0
2024-12-24,SBUX,87.44,87.5,87.88,86.3,87.97,9235492,804293175.8444,87.09,0.81,1133800000,1133800000.0,99139475401.4,99139438000.0
2024-12-21,SBUX,87.97,87.86,89.16,87.07,88.76,26371477,2319656240.4731,87.96,2.33,1133800000,1133800000.0,99740388267.6,99740375000.0
2024-12-20,SBUX,88.76,90.24,91.58,88.67,89.9,14585204,1306463828.8036,89.57,1.29,1133800000,1133800000.0,100636082331.0,100636000000.0
2024-12-19,SBUX,89.9,91.77,92.25,89.64,92.09,10854411,984617775.9619,90.71,0.96,1133800000,1133800000.0,101928613197.2,101928570000.0
2024-12-18,SBUX,92.09,93.01,93.94,92.05,93.12,8437188,780733554.7655,92.53,0.74,1133800000,1133800000.0,104411638598.6,104411630000.0
2024-12-17,SBUX,93.12,96.95,97.0,93.1,97.42,12350356,1161192784.4249,94.02,1.09,1133800000,1133800000.0,105579451464.8,105579440000.0
2024-12-14,SBUX,97.42,97.34,98.08,96.94,97.82,5664473,551843150.0469,97.42,0.5,1133800000,1133800000.0,110454794866.2,110454750000.0
2024-12-13,SBUX,97.82,98.22,98.97,97.42,98.42,6375867,624425679.9697,97.94,0.56,1133800000,1133800000.0,110908325070.4,110908300000.0
2024-12-12,SBUX,98.42,98.5,99.39,97.98,98.16,7926051,781380242.4259,98.58,0.7,1133800000,1133800000.0,111588594866.2,111588500000.0
2024-12-11,SBUX,98.16,99.14,99.25,97.94,99.31,8149961,801896675.8347,98.39,0.72,1133800000,1133800000.0,111293812535.2,111293750000.0
2024-12-10,SBUX,99.31,100.07,100.57,98.52,100.11,7189156,713641663.915,99.27,0.63,1133800000,1133800000.0,112597675732.4,112597630000.0
2024-12-07,SBUX,100.11,98.93,100.62,98.44,99.23,6269461,625741786.6976,99.81,0.55,1133800000,1133800000.0,113504729338.0,113504690000.0
2024-12-06,SBUX,99.23,101.0,101.3,99.19,100.7,7124047,709954725.9886,99.66,0.63,1133800000,1133800000.0,112506969464.8,112506940000.0
2024-12-05,SBUX,100.7,100.89,101.99,100.37,101.57,5611844,565911312.3196,100.84,0.49,1133800000,1133800000.0,114173660000.0,114173570000.0
2024-12-04,SBUX,101.57,101.09,102.12,99.89,101.51,6764516,686597697.5484,101.5,0.6,1133800000,1133800000.0,115160077338.0,115160070000.0
2024-12-03,SBUX,101.51,102.0,102.21,99.87,102.46,6072543,613786534.5051,101.08,0.54,1133800000,1133800000.0,115092038000.0,115092000000.0
2024-11-30,SBUX,102.46,101.37,102.5,101.27,101.51,3418983,349000895.2842,102.08,0.3,1133800000,1133800000.0,116169159338.0,116169130000.0
2024-11-28,SBUX,101.51,100.75,102.03,100.72,100.68,4851813,492586137.0006,101.53,0.43,1133800000,1133800000.0,115092038000.0,115092000000.0
2024-11-27,SBUX,100.68,101.99,102.09,100.47,101.84,6541660,659314940.586,100.79,0.58,1133800000,1133800000.0,114150984000.0,114150940000.0
2024-11-26,SBUX,101.84,102.93,103.32,101.78,102.5,8805492,900929511.234,102.31,0.78,1133800000,1133800000.0,115466192000.0,115466130000.0
2024-11-23,SBUX,102.5,100.0,102.56,99.77,100.06,6532973,665287265.3469,101.84,0.58,1133800000,1133800000.0,116214500000.0,116214440000.0
2024-11-22,SBUX,100.06,99.5,100.33,98.49,98.26,6463930,645029123.6979,99.79,0.57,1133800000,1133800000.0,113448028000.0,113448000000.0
2024-11-21,SBUX,98.26,98.0,98.75,97.11,98.35,7039344,688951198.5321,97.87,0.62,1133500000,1133500000.0,111377704332.5,111377690000.0
2024-11-20,SBUX,98.35,99.79,100.3,98.2,100.4,8241156,816888122.6703,99.12,0.73,1133500000,1133500000.0,111479732934.5,111479690000.0
2024-11-19,SBUX,100.4,98.44,100.61,97.93,98.42,7001766,699338453.601,99.88,0.62,1133500000,1133500000.0,113803400000.0,113803380000.0
2024-11-16,SBUX,98.42,99.1,100.22,97.99,98.62,8081035,798775593.6236,98.85,0.71,1133500000,1133500000.0,111559068866.5,111559070000.0
2024-11-15,SBUX,98.62,98.82,99.41,98.53,99.19,6357770,632398468.3065,98.86,0.56,1133500000,1133500000.0,112477200466.0,112477130000.0
2024-11-14,SBUX,99.8,97.35,99.94,96.23,98.8,8674402,860247446.5824,99.17,0.77,1133500000,1133500000.0,113123304534.0,113123250000.0
2024-11-13,SBUX,98.8,100.13,100.54,98.42,100.31,8356199,827707423.5231,99.05,0.74,1133500000,1133500000.0,111989804534.0,111989750000.0
2024-11-12,SBUX,100.31,98.0,101.41,97.95,97.55,10195657,1024690037.2082,100.5,0.9,1133500000,1133500000.0,113701385000.0,113701320000.0
2024-11-09,SBUX,97.55,96.11,97.64,96.03,96.12,5866520,570719675.6514,97.28,0.52,1133500000,1133500000.0,110572929534.0,110572900000.0
2024-11-08,SBUX,96.12,96.06,96.69,95.76,96.08,6072633,584002698.7021,96.17,0.54,1133500000,1133500000.0,108952015466.0,108952000000.0
2024-11-07,SBUX,96.08,96.97,98.23,94.78,97.09,9617777,924379964.7665,96.11,0.85,1133500000,1133500000.0,108906682267.0,108906600000.0
2024-11-06,SBUX,97.09,96.86,97.47,96.15,97.03,6330598,613378015.1322,96.89,0.56,1133500000,1133500000.0,110051511599.5,110051440000.0
2024-11-05,SBUX,97.03,98.59,98.81,96.7,98.87,6855004,667029571.157,97.31,0.6,1133500000,1133500000.0,109983503866.5,109983440000.0
2024-11-02,SBUX,98.87,97.6,99.8,97.37,97.7,8860192,876207370.218,98.89,0.78,1133500000,1133500000.0,112069140466.0,112069070000.0
2024-11-01,SBUX,97.7,97.32,99.0,95.35,97.32,12011536,1166990485.4011,97.16,1.06,1133500000,1133500000.0,110742946599.5,110742940000.0
2024-10-31,SBUX,97.32,97.37,98.15,96.8,97.39,9187207,895124231.6052,97.43,0.81,1133200960,1133200000.0,110283126492.81,110283070000.0
2024-10-30,SBUX,97.39,97.74,98.05,96.35,98.02,7664211,745882593.3475,97.32,0.68,1133200960,1133200000.0,110362441494.4,110362380000.0
2024-10-29,SBUX,98.02,97.65,99.14,97.55,97.31,6790945,668870779.8391,98.49,0.6,1133200960,1133200000.0,111076363765.2,111076300000.0
2024-10-26,SBUX,97.31,97.22,97.96,96.43,97.15,9665551,940391487.657,97.29,0.85,1133200960,1133200000.0,110271783151.2,110271750000.0
2024-10-25,SBUX,97.15,97.69,99.42,96.85,97.65,9828606,962833861.9002,97.96,0.87,1133200960,1133200000.0,110090466464.79,110090440000.0
2024-10-24,SBUX,97.65,93.87,97.72,93.69,96.82,18858762,1816638122.3344,96.33,1.66,1133200960,1133200000.0,110657066944.79,110657000000.0
2024-10-23,SBUX,96.82,96.35,97.19,95.94,96.45,6670918,644750902.2889,96.65,0.59,1133200960,1133200000.0,109716526012.81,109716500000.0
2024-10-22,SBUX,96.45,96.95,97.2,95.89,96.84,3994283,385371211.8495,96.48,0.35,1133200960,1133200000.0,109297229192.4,109297190000.0
2024-10-19,SBUX,96.84,95.68,96.85,95.04,95.27,6178250,593899745.4097,96.13,0.55,1133200960,1133200000.0,109739177566.8,109739130000.0
2024-10-18,SBUX,95.27,95.33,96.19,94.78,95.46,5577266,532487803.7475,95.47,0.49,1133200960,1133200000.0,107960061125.2,107960000000.0
2024-10-17,SBUX,95.46,95.45,95.84,94.09,95.04,7537063,716620173.9714,95.08,0.67,1133200960,1133200000.0,108175371574.01,108175300000.0
2024-10-16,SBUX,95.04,94.67,95.97,94.57,94.76,6264121,596590524.2118,95.24,0.55,1133200960,1133200000.0,107699412439.19,107699380000.0
2024-10-15,SBUX,94.76,95.41,95.53,94.34,95.55,4124734,391091575.0177,94.82,0.36,1133200960,1133200000.0,107382117303.6,107382100000.0
2024-10-12,SBUX,95.55,94.14,95.96,94.01,93.88,4834809,461513935.6389,95.46,0.43,1133200960,1133200000.0,108277356260.8,108277300000.0
2024-10-11,SBUX,93.88,95.42,95.48,93.76,95.88,5457203,514384521.9397,94.26,0.48,1133200960,1133200000.0,106384911790.8,106384900000.0
2024-10-10,SBUX,95.88,96.48,96.48,95.46,96.21,3344801,320857039.9383,95.93,0.3,1133200960,1133200000.0,108651313710.8,108651300000.0
2024-10-09,SBUX,96.21,96.05,96.88,95.28,96.09,6595192,633619874.4208,96.07,0.58,1133200960,1133200000.0,109025272294.01,109025190000.0
2024-10-08,SBUX,96.09,96.19,96.52,95.36,96.58,7478910,717999329.9065,96.0,0.66,1133200960,1133200000.0,108889276846.8,108889300000.0
2024-10-05,SBUX,96.58,96.17,96.73,95.15,95.56,6819465,655388093.5575,96.11,0.6,1133200960,1133200000.0,109444550983.2,109444500000.0
2024-10-04,SBUX,95.56,95.64,96.39,95.31,96.5,5556383,531640876.356,95.68,0.49,1133200960,1133200000.0,108288681471.2,108288600000.0
2024-10-03,SBUX,96.5,96.83,97.0,95.87,97.43,6345996,611910747.8092,96.42,0.56,1133200960,1133200000.0,109353892640.0,109353820000.0
2024-10-02,SBUX,97.43,97.49,98.14,96.35,97.49,7076289,688636104.9426,97.32,0.62,1133200960,1133200000.0,110407761600.39,110407700000.0
2024-10-01,SBUX,97.49,97.39,97.69,96.41,97.36,6439106,625806416.0095,97.19,0.57,1133200960,1133200000.0,110475768389.61,110475800000.0
2024-09-28,SBUX,97.36,97.65,98.15,97.19,97.47,6320016,616752690.6753,97.59,0.56,1133200960,1133200000.0,110328446598.8,110328380000.0
2024-09-27,SBUX,97.47,98.5,99.15,97.0,95.62,9876770,964035963.328,97.61,0.87,1133200960,1133200000.0,110453099837.6,110453100000.0
2024-09-26,SBUX,95.62,94.26,95.96,94.22,94.45,8632887,824245622.5196,95.48,0.76,1133200960,1133200000.0,108356671262.4,108356600000.0
2024-09-25,SBUX,94.45,95.47,95.82,94.19,95.48,8606797,816709338.5204,94.89,0.76,1133200960,1133200000.0,107030827272.4,107030820000.0
2024-09-24,SBUX,95.48,96.05,96.05,94.35,96.05,7725004,733533193.2228,94.96,0.68,1133200960,1133200000.0,108198023128.0,108198000000.0
2024-09-21,SBUX,96.05,96.85,97.06,95.32,96.9,19541043,1878408103.1078,96.13,1.72,1133200960,1133200000.0,108843956740.8,108843940000.0
2024-09-20,SBUX,96.9,97.97,98.7,96.33,96.12,8496320,826055544.6394,97.23,0.75,1133200960,1133200000.0,109807166224.79,109807100000.0
2024-09-19,SBUX,96.12,95.55,97.6,95.33,96.44,8793824,850705731.1422,96.74,0.78,1133200960,1133200000.0,108923271742.4,108923200000.0
2024-09-18,SBUX,96.44,96.49,96.54,95.2,96.31,6264785,600797912.1224,95.9,0.55,1133200960,1133200000.0,109285903982.0,109285800000.0
2024-09-17,SBUX,96.31,98.52,98.6,95.98,98.57,9263410,894188620.9676,96.53,0.82,1133200960,1133200000.0,109138582191.2,109138600000.0
2024-09-14,SBUX,98.57,99.13,99.51,98.5,99.28,8734199,862653287.8295,98.77,0.77,1133200960,1133200000.0,111699627692.81,111699600000.0
2024-09-13,SBUX,99.28,98.46,99.31,97.34,98.2,14352747,1415094665.9543,98.59,1.27,1133200960,1133200000.0,112504190175.6,112504130000.0
2024-09-12,SBUX,98.2,94.08,98.35,93.66,93.34,19302887,1863610756.7388,96.55,1.7,1133200960,1133200000.0,111280330872.4,111280300000.0
2024-09-11,SBUX,93.34,92.12,93.52,91.14,92.21,7314711,677097181.1521,92.57,0.65,1133200960,1133200000.0,105772974206.8,105772880000.0
2024-09-10,SBUX,92.21,91.22,92.36,90.41,91.15,9770996,897681931.3826,91.87,0.86,1133200960,1133200000.0,104492468454.01,104492400000.0
2024-09-07,SBUX,91.15,91.5,92.16,90.18,91.56,9257004,843386148.4466,91.11,0.82,1133200960,1133200000.0,103291260704.79,103291200000.0
2024-09-06,SBUX,91.56,92.17,93.02,91.2,92.33,8359192,767532658.6072,91.82,0.74,1133200960,1133200000.0,103755877631.2,103755800000.0
2024-09-05,SBUX,92.33,93.37,93.98,91.97,93.18,7193465,665904817.0155,92.57,0.63,1133200960,1133200000.0,104628446903.2,104628400000.0
2024-09-04,SBUX,93.18,94.13,94.81,93.04,94.57,9232512,864608074.8833,93.65,0.81,1133200960,1133200000.0,105591657520.39,105591630000.0
2024-08-31,SBUX,94.57,94.99,95.93,94.44,94.86,7117160,674822777.708,94.82,0.63,1133200960,1133200000.0,107166823852.81,107166750000.0
2024-08-30,SBUX,94.86,95.47,95.83,94.28,95.3,8781340,834295776.8893,95.01,0.77,1133200960,1133200000.0,107495444198.8,107495380000.0
2024-08-29,SBUX,95.3,98.22,98.71,94.38,98.6,13286547,1271519877.3041,95.7,1.17,1133200960,1133200000.0,107994056020.8,107994000000.0
2024-08-28,SBUX,98.6,95.4,98.72,95.25,95.63,17456301,1702584677.1893,97.53,1.54,1133200960,1133200000.0,111733622588.41,111733570000.0
2024-08-27,SBUX,95.63,94.2,95.93,94.18,94.02,13882774,1324841508.0155,95.43,1.23,1133200960,1133200000.0,108368013470.8,108367940000.0
2024-08-24,SBUX,94.02,92.85,94.42,92.83,92.43,11483711,1078625998.5149,93.93,1.01,1133200960,1133200000.0,106543559925.2,106543500000.0
2024-08-23,SBUX,92.43,92.67,92.83,91.77,92.78,10010286,924532006.4555,92.36,0.88,1133200960,1133200000.0,104741756800.39,104741700000.0
2024-08-22,SBUX,92.78,92.49,93.38,92.22,93.01,6769156,628254858.7167,92.81,0.6,1133200960,1133200000.0,105138383935.6,105138380000.0
2024-08-21,SBUX,93.01,92.29,93.82,92.13,92.3,11526309,1073159247.0753,93.11,1.02,1133200960,1133200000.0,105399015623.6,105399000000.0
2024-08-20,SBUX,92.3,94.35,94.89,92.13,94.81,14434129,1342003112.0553,92.97,1.27,1133200960,1133200000.0,104594453140.8,104594400000.0
2024-08-17,SBUX,94.81,93.36,95.65,93.3,94.31,16336333,1545480780.826,94.6,1.44,1133200960,1133200000.0,107438780751.2,107438750000.0
2024-08-16,SBUX,94.31,93.55,94.39,92.42,93.34,20892356,1966100273.9919,93.54,1.84,1133200960,1133200000.0,107518112750.8,107518100000.0
2024-08-15,SBUX,93.9,95.39,95.86,91.43,95.9,45617176,4263914761.8333,93.47,4.03,1133200960,1133200000.0,106407563344.79,106407500000.0
2024-08-14,SBUX,95.9,91.02,96.01,90.29,77.03,155373130,14545100036.4469,93.61,13.71,1133200960,1133200000.0,108673965264.79,108673880000.0
2024-08-13,SBUX,77.03,76.53,78.43,76.29,75.09,12301172,951329625.2815,77.34,1.09,1133200960,1133200000.0,87290468815.6,87290375000.0
2024-08-10,SBUX,75.09,75.65,75.86,74.75,75.75,4358496,327479497.8139,75.14,0.38,1133200960,1133200000.0,85092056686.8,85092000000.0
2024-08-09,SBUX,75.75,75.07,76.15,74.8,75.29,8830188,667107396.3067,75.55,0.78,1133200960,1133200000.0,85839972720.0,85839938000.0
2024-08-08,SBUX,75.29,75.3,76.83,75.16,75.37,7204828,545897540.5331,75.77,0.64,1133200960,1133200000.0,85318693479.19,85318625000.0
2024-08-07,SBUX,75.37,73.92,75.99,73.84,73.86,10525493,794653691.565,75.5,0.93,1133200960,1133200000.0,85409351822.4,85409310000.0
2024-08-06,SBUX,73.86,73.85,75.0,72.73,75.88,12282500,902837408.1525,73.51,1.08,1133200960,1133200000.0,83698224038.8,83698188000.0
2024-08-03,SBUX,75.88,75.11,76.67,74.92,75.11,15185688,1153946855.1149,75.99,1.34,1133200960,1133200000.0,85987294510.8,85987250000.0
2024-08-02,SBUX,75.11,77.89,78.14,73.83,77.95,16903629,1266570242.46,74.93,1.49,1133200960,1133200000.0,85114725238.8,85114688000.0
2024-08-01,SBUX,77.95,79.55,81.24,77.8,75.94,18901086,1492337021.8321,78.96,1.67,1133200960,1133200000.0,88333011432.4,88332940000.0
2024-07-31,SBUX,75.94,75.25,76.05,74.85,75.2,16163629,1219081847.2432,75.42,1.43,1132700960,1132700000.0,86017314300.5,86017250000.0
2024-07-30,SBUX,75.2,74.39,75.59,73.72,74.05,9801465,735996907.5825,75.09,0.87,1132700960,1132700000.0,85179108793.9,85179063000.0
2024-07-27,SBUX,74.05,73.84,75.02,73.71,73.32,11580434,859568217.1036,74.23,1.02,1132700960,1132700000.0,83876510618.8,83876438000.0
2024-07-26,SBUX,73.32,75.06,75.77,73.26,74.68,18973614,1404971583.8171,74.05,1.68,1132700960,1132700000.0,83049643448.81,83049625000.0
2024-07-25,SBUX,74.68,76.37,76.49,74.02,76.26,10478215,781658115.7689,74.6,0.93,1132700960,1132700000.0,84590099763.89,84590000000.0
2024-07-24,SBUX,76.26,77.14,77.14,76.03,76.55,9592106,733281060.8683,76.45,0.85,1132700960,1132700000.0,86379769546.1,86379750000.0
2024-07-23,SBUX,76.55,78.33,78.47,76.01,79.27,18851540,1446667292.7092,76.74,1.66,1132700960,1132700000.0,86708263018.8,86708190000.0
2024-07-20,SBUX,79.27,74.66,79.38,74.19,74.19,32965918,2564402476.0565,77.79,2.91,1132700960,1132700000.0,89789210762.7,89789190000.0
2024-07-19,SBUX,74.19,74.46,75.11,73.81,75.1,10700989,798060519.2418,74.58,0.94,1132700960,1132700000.0,84035087620.5,84035000000.0
2024-07-18,SBUX,75.1,75.22,76.13,74.55,75.51,11567825,872047486.1591,75.39,1.02,1132700960,1132700000.0,85065850024.91,85065750000.0
2024-07-17,SBUX,75.51,72.21,75.51,71.55,72.75,14968743,1111089302.4402,74.23,1.32,1132700960,1132700000.0,85530243826.1,85530190000.0
2024-07-16,SBUX,72.75,74.89,74.9,72.52,74.83,9064379,665263817.0803,73.39,0.8,1132700960,1132700000.0,82403994840.0,82403940000.0
2024-07-13,SBUX,74.83,73.8,75.06,73.38,73.3,10559274,785655358.8004,74.4,0.93,1132700960,1132700000.0,84760015102.2,84760000000.0
2024-07-12,SBUX,73.3,72.34,73.5,72.08,72.51,12316133,899512394.5981,73.04,1.09,1132700960,1132700000.0,83026984898.8,83026940000.0
2024-07-11,SBUX,72.51,72.99,73.17,72.35,72.75,11132454,809396133.7293,72.71,0.98,1132700960,1132700000.0,82132140946.1,82132130000.0
2024-07-10,SBUX,72.75,74.63,74.64,72.73,74.57,11842211,869320130.4146,73.41,1.05,1132700960,1132700000.0,82403994840.0,82403940000.0
2024-07-09,SBUX,74.57,76.34,76.45,74.47,76.05,8871231,666909037.622,75.18,0.78,1132700960,1132700000.0,84465519648.81,84465500000.0
2024-07-06,SBUX,76.05,76.24,76.27,75.42,76.26,9663106,733583330.8068,75.92,0.85,1132700960,1132700000.0,86141912538.8,86141880000.0
2024-07-04,SBUX,76.26,76.84,77.04,76.07,76.83,4906746,375086355.0375,76.44,0.43,1132700960,1132700000.0,86379769546.1,86379750000.0
2024-07-03,SBUX,76.83,77.12,77.21,76.28,77.13,8854086,679189030.3612,76.71,0.78,1132700960,1132700000.0,87025417022.2,87025380000.0
2024-07-02,SBUX,77.13,77.99,78.22,76.78,77.85,6767590,522427466.7746,77.2,0.6,1132700960,1132700000.0,87365230708.3,87365190000.0
2024-06-29,SBUX,77.85,78.72,78.88,77.61,79.24,13207543,1030654501.0226,78.04,1.17,1132700960,1132700000.0,88180777664.91,88180690000.0
2024-06-28,SBUX,79.24,79.05,79.44,78.68,79.15,10289614,813780886.476,79.09,0.91,1132700960,1132700000.0,89749561698.3,89749500000.0
2024-06-27,SBUX,79.15,79.0,79.28,78.38,79.28,10708145,845235635.9074,78.93,0.95,1132700960,1132700000.0,89653274187.79,89653190000.0
2024-06-26,SBUX,79.28,80.0,80.75,78.87,79.73,16177000,1282941315.208,79.31,1.43,1132700960,1132700000.0,89800530976.1,89800440000.0
2024-06-25,SBUX,79.73,80.0,80.07,79.17,79.91,7396621,589154139.5847,79.65,0.65,1132700960,1132700000.0,90310243010.0,90310190000.0
2024-06-22,SBUX,79.91,80.0,80.25,79.16,79.72,25650614,2048411888.5854,79.86,2.26,1132700960,1132700000.0,90514138244.4,90514060000.0
2024-06-21,SBUX,79.72,79.82,80.78,79.67,80.2,10183868,815934569.5043,80.12,0.9,1132700960,1132700000.0,90298922796.6,90298880000.0
2024-06-19,SBUX,80.2,81.01,81.71,79.59,81.33,9664457,775894452.3458,80.28,0.85,1132700960,1132700000.0,90842613593.9,90842560000.0
2024-06-18,SBUX,81.33,79.58,81.75,79.27,79.65,9845910,798350728.7786,81.08,0.87,1132700960,1132700000.0,92122571342.2,92122560000.0
2024-06-15,SBUX,79.65,80.0,80.4,79.11,80.24,7192438,572601518.6581,79.61,0.63,1132700960,1132700000.0,90219624667.79,90219560000.0
2024-06-14,SBUX,80.24,79.5,80.9,79.18,79.38,13947317,1118984888.4671,80.23,1.23,1132700960,1132700000.0,90887931826.61,90887880000.0
2024-06-13,SBUX,79.38,79.99,80.18,79.18,79.89,8873367,705987261.9375,79.56,0.78,1132700960,1132700000.0,89913807868.3,89913750000.0
2024-06-12,SBUX,79.89,80.92,80.97,79.75,81.6,9024289,722852768.3312,80.1,0.8,1132700960,1132700000.0,90491479694.4,90491440000.0
2024-06-11,SBUX,81.6,81.49,81.85,80.84,81.43,8700789,708410392.2683,81.42,0.77,1132700960,1132700000.0,92428406264.91,92428310000.0
2024-06-08,SBUX,81.43,81.62,82.63,80.61,81.47,10852602,886940890.5752,81.73,0.96,1132700960,1132700000.0,92235831243.89,92235810000.0
2024-06-07,SBUX,81.47,81.15,82.93,80.92,81.16,9237766,756478828.6623,81.89,0.82,1132700960,1132700000.0,92281149476.6,92281060000.0
2024-06-06,SBUX,81.16,82.46,82.5,80.96,82.79,11275336,920159886.6305,81.61,1.0,1132700960,1132700000.0,91930014444.4,91930000000.0
2024-06-05,SBUX,82.79,81.97,83.43,81.9,82.08,12369954,1023848697.8861,82.77,1.09,1132700960,1132700000.0,93776305682.19,93776250000.0
2024-06-04,SBUX,82.08,79.68,82.12,79.62,80.22,12443411,1013243327.6925,81.43,1.1,1132700960,1132700000.0,92972097062.2,92972060000.0
2024-06-01,SBUX,80.22,79.08,80.33,78.61,78.76,12669715,1009834642.2073,79.7,1.12,1132700960,1132700000.0,90865273276.6,90865250000.0
2024-05-31,SBUX,78.76,77.1,78.88,77.06,76.88,9296637,727499013.2047,78.25,0.82,1132700960,1132700000.0,89211521946.1,89211440000.0
2024-05-30,SBUX,76.88,77.1,78.32,76.83,77.48,9268067,716650574.4994,77.32,0.82,1132700960,1132700000.0,87082055468.3,87082000000.0
2024-05-29,SBUX,77.48,78.79,78.8,77.41,78.87,8833324,689906516.2081,78.1,0.78,1132700960,1132700000.0,87761665850.0,87761630000.0
2024-05-25,SBUX,78.87,78.5,79.22,78.11,78.31,10746165,845492121.4602,78.68,0.95,1132700960,1132700000.0,89336120184.4,89336060000.0
2024-05-24,SBUX,78.31,80.1,80.7,77.64,80.72,15841333,1249933545.1469,78.9,1.4,1132700960,1132700000.0,88696140743.89,88696130000.0
2024-05-23,SBUX,80.72,77.7,81.02,77.44,77.72,22072215,1769110126.5372,80.15,1.95,1132700960,1132700000.0,91431623756.6,91431560000.0
2024-05-22,SBUX,77.72,77.56,78.22,77.5,77.54,8916629,693383829.8436,77.76,0.79,1132700960,1132700000.0,88033520876.6,88033440000.0
2024-05-21,SBUX,77.54,77.68,78.32,76.71,77.85,11183766,868845486.6495,77.69,0.99,1132700960,1132700000.0,87829625642.19,87829560000.0
2024-05-18,SBUX,77.85,75.27,78.0,74.92,75.28,14436465,1112000577.9033,77.03,1.27,1132700960,1132700000.0,88180777664.91,88180690000.0
2024-05-17,SBUX,75.28,75.19,75.55,74.46,75.13,10758465,807722927.1481,75.08,0.95,1132700960,1132700000.0,85269727136.1,85269690000.0
2024-05-16,SBUX,75.13,75.33,75.46,74.75,75.06,8826473,668151596.079,75.13,0.78,1132700960,1132700000.0,85745459273.9,85745440000.0
2024-05-15,SBUX,75.06,75.66,76.15,74.95,75.61,10961098,831683186.6993,75.3,0.97,1132700960,1132700000.0,85666179268.3,85666130000.0
2024-05-14,SBUX,75.61,75.65,76.26,75.23,75.54,10953586,834457314.8296,75.61,0.97,1132700960,1132700000.0,86289151203.89,86289060000.0
2024-05-11,SBUX,75.54,74.74,75.73,74.49,75.11,15761891,1197136017.337,75.38,1.39,1132700960,1132700000.0,86209871198.3,86209810000.0
2024-05-10,SBUX,75.11,73.02,75.19,72.52,72.95,18591500,1396309141.599,74.54,1.64,1132700960,1132700000.0,85722800723.89,85722750000.0
2024-05-09,SBUX,72.95,71.75,73.91,71.71,71.95,24482629,1801671722.6189,73.04,2.16,1132700960,1132700000.0,83253520560.0,83253440000.0
2024-05-08,SBUX,71.95,72.3,72.3,71.26,72.35,21901340,1582538243.2827,71.71,1.93,1132700960,1132700000.0,82120819600.0,82120750000.0
2024-05-07,SBUX,72.35,72.76,73.63,72.15,72.56,18632227,1364918676.0344,72.7,1.64,1132700960,1132700000.0,82573893187.79,82573880000.0
2024-05-04,SBUX,72.56,74.7,74.94,72.44,74.37,22153770,1631587521.2448,73.09,1.96,1132700960,1132700000.0,82811768318.3,82811690000.0
2024-05-03,SBUX,74.37,74.34,74.58,72.8,73.88,23883372,1777398323.0864,73.86,2.11,1132700960,1132700000.0,84873275003.89,84873250000.0
2024-05-02,SBUX,73.88,75.25,76.41,72.12,87.82,66610750,4939326995.075,73.59,5.88,1132700960,1132700000.0,84318262860.5,84318190000.0
2024-05-01,SBUX,87.82,86.95,88.32,86.52,87.66,14538434,1286828894.2023,87.85,1.28,1132700960,1132700000.0,100232714746.61,100232600000.0
2024-04-30,SBUX,87.66,87.58,87.94,87.2,87.59,8522832,751752126.6212,87.54,0.75,1132700960,1132700000.0,100051478062.2,100051400000.0
2024-04-27,SBUX,87.59,86.74,88.58,86.71,87.18,7185258,636015283.6971,87.85,0.63,1132700960,1132700000.0,99960859720.0,99960810000.0
2024-04-26,SBUX,87.18,88.88,89.05,87.02,88.08,7284617,641132225.3421,87.35,0.64,1132700960,1132700000.0,99496448928.3,99496380000.0
2024-04-25,SBUX,88.08,86.4,88.27,86.3,87.21,7183883,634007825.507,87.59,0.63,1132700960,1132700000.0,100527210200.0,100527100000.0
2024-04-24,SBUX,87.21,88.1,88.14,86.66,87.52,5670465,498497348.6852,87.25,0.5,1132700960,1132700000.0,99530428824.4,99530380000.0
2024-04-23,SBUX,87.52,87.42,87.94,86.68,86.95,8668988,764368069.5586,87.51,0.77,1132700960,1132700000.0,99881562723.89,99881500000.0
2024-04-20,SBUX,86.95,86.49,87.42,86.46,86.49,11899969,1041553069.1034,86.87,1.05,1132700960,1132700000.0,99235932238.3,99235880000.0
2024-04-19,SBUX,86.49,85.79,86.97,85.4,85.56,11403305,992151393.508,86.35,1.01,1132700960,1132700000.0,98714881867.79,98714810000.0
2024-04-18,SBUX,85.56,85.35,85.77,84.7,84.78,6870074,590989164.1436,85.38,0.61,1132700960,1132700000.0,97650157690.51,97650130000.0
2024-04-17,SBUX,84.78,84.18,85.54,83.78,84.53,8866801,757347202.721,84.77,0.78,1132700960,1132700000.0,96755314870.5,96755250000.0
2024-04-16,SBUX,84.53,84.76,85.71,84.28,84.28,9676852,826925662.4237,84.81,0.85,1132700960,1132700000.0,96472139630.5,96472060000.0
2024-04-13,SBUX,84.28,84.78,84.87,83.66,85.25,8594848,729020190.0533,84.18,0.76,1132700960,1132700000.0,96188964390.5,96188940000.0
2024-04-12,SBUX,85.25,85.35,85.66,84.62,85.3,6841570,587660028.044,85.25,0.6,1132700960,1132700000.0,97299005667.79,97299000000.0
2024-04-11,SBUX,85.3,85.67,86.22,84.96,86.47,7413859,638683890.9475,85.5,0.65,1132700960,1132700000.0,97355644113.9,97355560000.0
2024-04-10,SBUX,86.47,86.53,86.94,85.66,86.53,6242719,541498433.9925,86.09,0.55,1132700960,1132700000.0,98692240308.3,98692190000.0
2024-04-09,SBUX,86.53,86.32,86.7,85.71,86.2,6322902,550123449.8969,86.35,0.56,1132700960,1132700000.0,98760200100.5,98760130000.0
2024-04-06,SBUX,86.2,87.24,87.27,86.18,86.96,7161442,624478487.19,86.54,0.63,1132700960,1132700000.0,98375086304.91,98375060000.0
2024-04-05,SBUX,86.96,88.46,88.67,86.95,88.03,8057590,712228944.7874,87.73,0.71,1132700960,1132700000.0,99247253584.4,99247190000.0
2024-04-04,SBUX,88.03,88.93,89.16,87.98,88.63,6316375,563265943.0271,88.5,0.56,1132700960,1132700000.0,100470571753.9,100470500000.0
2024-04-03,SBUX,88.63,90.42,90.55,88.56,90.84,8276754,742595310.1021,89.05,0.73,1132700960,1132700000.0,101150200258.8,101150200000.0
2024-04-02,SBUX,90.84,91.13,91.38,90.33,90.7,4990156,456209572.7573,90.73,0.44,1132700960,1132700000.0,103676117736.1,103676100000.0
2024-03-29,SBUX,90.7,91.1,91.55,90.61,90.81,6784293,621066019.907,90.86,0.6,1132200960,1132200000.0,103471845734.4,103471800000.0
2024-03-28,SBUX,90.81,89.97,91.14,89.92,89.68,5863684,535747245.3464,90.68,0.52,1132200960,1132200000.0,103596387840.0,103596300000.0
2024-03-27,SBUX,89.68,90.29,90.31,89.55,89.99,6216109,562976252.1485,89.89,0.55,1132200960,1132200000.0,102305679877.8,102305600000.0
2024-03-26,SBUX,89.99,89.97,90.43,89.79,90.03,6902984,626080616.3404,90.01,0.61,1132200960,1132200000.0,102656659911.0,102656600000.0
2024-03-23,SBUX,90.03,91.05,91.09,89.38,90.97,6495020,588259858.8782,89.89,0.57,1132200960,1132200000.0,102701957007.01,102701900000.0
2024-03-22,SBUX,90.97,91.93,92.47,90.95,91.9,6287274,579074288.5997,91.41,0.56,1132200960,1132200000.0,103777544522.4,103777500000.0
2024-03-21,SBUX,91.9,91.1,91.93,90.83,90.9,5804395,534665501.2213,91.42,0.51,1132200960,1132200000.0,104841816821.41,104841800000.0
2024-03-20,SBUX,90.9,90.31,91.21,90.18,90.32,5676531,519572360.1891,90.84,0.5,1132200960,1132200000.0,103698282529.8,103698300000.0
2024-03-19,SBUX,90.32,90.07,90.74,89.85,89.44,7413914,675327517.3705,90.4,0.65,1132200960,1132200000.0,103041603708.6,103041600000.0
2024-03-16,SBUX,89.44,90.91,91.33,89.42,90.97,18136262,1641944698.5193,89.85,1.6,1132200960,1132200000.0,102033945986.4,102033900000.0
2024-03-15,SBUX,90.97,90.41,91.02,89.73,90.92,8544801,778091253.841,90.37,0.75,1132200960,1132200000.0,103777544522.4,103777500000.0
2024-03-14,SBUX,90.92,91.79,92.17,90.19,91.7,8254465,756920440.9274,91.01,0.73,1132200960,1132200000.0,103720931077.8,103720900000.0
2024-03-13,SBUX,91.7,91.31,92.02,90.52,91.38,9444934,871138366.1507,91.54,0.83,1132200960,1132200000.0,104615361910.79,104615300000.0
2024-03-12,SBUX,91.38,90.57,92.26,90.48,90.37,6702274,617428178.9669,91.43,0.59,1132200960,1132200000.0,104241751444.81,104241700000.0
2024-03-09,SBUX,90.37,89.94,90.84,89.92,90.27,7673305,698372855.9963,90.33,0.68,1132200960,1132200000.0,103098217153.2,103098200000.0
2024-03-08,SBUX,90.27,90.93,91.07,89.63,90.96,8792402,800244890.6082,90.33,0.78,1132200960,1132200000.0,102973673915.4,102973600000.0
2024-03-07,SBUX,90.96,90.66,91.34,90.43,90.53,4826945,442024601.8619,90.88,0.43,1132200960,1132200000.0,103766211190.79,103766100000.0
2024-03-06,SBUX,90.53,91.41,91.48,90.38,91.76,7137305,652309665.2682,90.71,0.63,1132200960,1132200000.0,103279373835.6,103279300000.0
2024-03-05,SBUX,91.76,92.36,92.62,91.35,92.46,7321004,676789490.0006,91.75,0.65,1132200960,1132200000.0,104683308687.01,104683300000.0
2024-03-02,SBUX,92.46,93.74,93.86,92.21,94.19,7995399,746021873.2674,92.6,0.71,1132200960,1132200000.0,105475845962.4,105475800000.0
2024-03-01,SBUX,94.19,93.79,94.38,93.27,92.3,11221059,1060865904.5069,93.83,0.99,1132200960,1132200000.0,107445864310.79,107445800000.0
2024-02-29,SBUX,92.3,93.06,93.26,92.07,93.42,5622422,524125535.4259,92.52,0.5,1132200960,1132200000.0,105294689280.0,105294600000.0
2024-02-28,SBUX,93.42,93.61,93.95,92.9,93.57,5356074,503428134.1884,93.28,0.47,1132200960,1132200000.0,106574082025.8,106574100000.0
2024-02-27,SBUX,93.57,94.64,94.85,93.54,94.9,7043840,667738429.4438,94.08,0.62,1132200960,1132200000.0,106743905376.6,106743900000.0
2024-02-24,SBUX,94.9,95.16,96.2,94.86,95.06,6845442,658251569.204,95.44,0.6,1132200960,1132200000.0,108261051266.4,108261000000.0
2024-02-23,SBUX,95.06,94.18,95.35,93.43,94.3,8124711,774327263.6702,94.59,0.72,1132200960,1132200000.0,108442206816.6,108442100000.0
2024-02-22,SBUX,94.3,93.15,95.04,93.06,92.76,8286281,787230710.1835,94.29,0.73,1132200960,1132200000.0,107581740880.2,107581700000.0
2024-02-21,SBUX,92.76,92.66,93.41,92.36,92.52,8844527,826366233.5494,92.73,0.78,1132200960,1132200000.0,105815509647.01,105815400000.0
2024-02-17,SBUX,92.52,92.4,93.47,92.05,92.52,5737484,535358928.9809,92.61,0.51,1132200960,1132200000.0,105543775755.6,105543800000.0
2024-02-16,SBUX,92.52,93.32,93.53,92.3,93.36,8877988,828463699.3907,92.61,0.78,1132200960,1132200000.0,105543775755.6,105543800000.0
2024-02-15,SBUX,93.36,93.37,93.76,93.05,93.16,5510633,518346693.9215,93.35,0.49,1132200960,1132200000.0,106506153364.81,106506100000.0
2024-02-14,SBUX,93.16,94.14,94.84,92.69,94.75,8138496,766065250.8626,93.42,0.72,1132200960,1132200000.0,106279699586.4,106279700000.0
2024-02-13,SBUX,94.75,96.19,96.41,94.66,96.57,9224371,884175303.856,95.13,0.81,1132200960,1132200000.0,108091227915.6,108091100000.0
2024-02-10,SBUX,96.57,95.59,97.25,95.57,95.86,9385586,914153298.2665,96.67,0.83,1132200960,1132200000.0,110163157936.8,110163100000.0
2024-02-09,SBUX,95.86,94.38,95.96,93.22,94.03,9888133,946442620.4306,94.99,0.87,1132200960,1132200000.0,109359287329.8,109359300000.0
2024-02-08,SBUX,94.03,94.94,95.36,93.16,94.38,9077973,864568056.1198,93.96,0.8,1132200960,1132200000.0,107910071233.2,107910000000.0
2024-02-07,SBUX,94.38,91.25,94.41,91.11,91.26,11531489,1094634723.0247,93.65,1.02,1132200960,1132200000.0,108317664711.0,108317600000.0
2024-02-06,SBUX,91.26,91.53,91.62,90.66,91.74,7335836,678363798.7503,91.23,0.65,1132200960,1132200000.0,104739905148.6,104739900000.0
2024-02-03,SBUX,91.74,91.44,92.35,90.44,92.11,11366586,1053986010.0462,91.48,1.0,1132200960,1132200000.0,105283374063.61,105283300000.0
2024-02-02,SBUX,92.11,91.85,92.34,90.63,91.78,15001465,1392862082.9119,91.6,1.32,1132200960,1132200000.0,105713599106.4,105713600000.0
2024-02-01,SBUX,91.78,96.96,97.04,91.77,92.81,26751778,2530019950.6424,93.3,2.36,1132200960,1132200000.0,105328654176.6,105328600000.0
2024-01-31,SBUX,92.81,91.75,93.41,91.34,92.54,17625243,1657137807.9068,92.75,1.56,1132200960,1132200000.0,106517468581.2,106517400000.0
2024-01-30,SBUX,92.54,91.77,92.67,91.0,91.55,12728067,1185967019.1036,91.92,1.12,1132200960,1132200000.0,106200454576.8,106200400000.0
2024-01-27,SBUX,91.55,91.67,92.23,91.17,91.36,9229442,857287795.5004,91.64,0.82,1132200960,1132200000.0,105068253616.8,105068200000.0
2024-01-26,SBUX,91.36,90.98,91.4,90.48,90.8,11991465,1105958499.1408,90.99,1.06,1132200960,1132200000.0,104853132037.8,104853100000.0
2024-01-25,SBUX,90.8,91.3,91.59,90.75,90.73,7661363,707241096.5487,91.07,0.68,1132200960,1132200000.0,104207769565.19,104207700000.0
2024-01-24,SBUX,90.73,91.78,92.38,90.53,91.82,10227079,945676477.3558,91.22,0.9,1132220960,1132220000.0,104130363955.64,104130300000.0
2024-01-23,SBUX,91.82,92.54,92.66,91.56,92.6,9420981,878401971.3078,91.98,0.83,1132220960,1132220000.0,105375813804.97,105375800000.0
2024-01-20,SBUX,92.6,91.93,92.97,91.39,92.08,9565852,895617204.0146,92.37,0.84,1132220960,1132220000.0,106270260437.82,106270200000.0
2024-01-19,SBUX,92.08,90.72,92.17,90.58,90.53,7549527,701283165.4037,91.64,0.67,1132220960,1132220000.0,105681501009.74,105681400000.0
2024-01-18,SBUX,90.53,90.43,90.72,90.17,91.45,6672875,611708450.1646,90.44,0.59,1132220960,1132220000.0,103903923160.3,103903900000.0
2024-01-17,SBUX,91.45,91.41,91.48,90.49,90.74,7493442,691800567.687,91.08,0.66,1132220960,1132220000.0,104956879595.34,104956800000.0
2024-01-13,SBUX,90.74,91.97,92.14,90.54,91.69,5641164,519943840.6967,90.93,0.5,1132220960,1132220000.0,104141679371.92,104141600000.0
2024-01-12,SBUX,91.69,92.07,92.38,90.66,92.24,6483609,600459996.708,91.37,0.57,1132220960,1132220000.0,105228619419.06,105228600000.0
2024-01-11,SBUX,92.24,91.76,92.43,91.63,91.84,5847746,545864282.8906,92.09,0.52,1132220960,1132220000.0,105862659760.0,105862600000.0
2024-01-10,SBUX,91.84,92.35,92.47,91.61,92.92,6348457,591052818.3618,91.85,0.56,1132220960,1132220000.0,105398445769.74,105398400000.0
2024-01-09,SBUX,92.92,91.77,93.3,91.7,91.74,7536871,707468798.7248,92.6,0.67,1132220960,1132220000.0,106643895619.06,106643800000.0
2024-01-06,SBUX,91.74,92.07,92.32,91.23,92.29,7191024,669183073.6405,91.81,0.64,1132220960,1132220000.0,105285233863.73,105285200000.0
2024-01-05,SBUX,92.29,91.85,93.31,91.75,91.97,7118641,668028889.7384,92.58,0.63,1136700960,1136700000.0,106338379354.8,106338300000.0
2024-01-04,SBUX,91.97,92.69,92.97,91.81,92.41,7161676,669703369.4413,92.25,0.63,1136700960,1136700000.0,105974625954.0,105974600000.0
2024-01-03,SBUX,92.41,94.16,94.66,92.36,94.72,8859652,834459551.0804,92.92,0.78,1136700960,1136700000.0,106474777786.5,106474700000.0
2023-12-30,SBUX,94.72,94.59,95.05,94.07,94.64,6135652,588337840.9655,94.6,0.54,1136700960,1136700000.0,109134653486.1,109134600000.0
2023-12-29,SBUX,94.64,94.21,94.68,93.83,94.01,4518320,432293451.4156,94.39,0.4,1136700960,1136700000.0,109043715135.89,109043700000.0
2023-12-28,SBUX,94.01,94.4,94.49,93.51,94.38,4959277,471837039.9542,93.86,0.44,1136700960,1136700000.0,108316227658.19,108316200000.0
2023-12-27,SBUX,94.38,94.06,94.4,93.68,94.0,3709492,353767556.4069,94.08,0.33,1136700960,1136700000.0,108748179706.5,108748100000.0
2023-12-23,SBUX,94.0,93.61,94.54,93.07,94.05,6361012,606488176.5403,94.06,0.56,1136700960,1136700000.0,108304866332.1,108304800000.0
2023-12-22,SBUX,94.05,93.8,94.15,93.2,93.43,7097160,674482851.7988,93.76,0.62,1136700960,1136700000.0,108361704790.2,108361600000.0
2023-12-21,SBUX,93.43,95.06,95.58,93.38,96.4,10057368,961631158.0286,94.33,0.88,1136700960,1136700000.0,107656955878.51,107656900000.0
2023-12-20,SBUX,96.4,95.63,96.72,95.63,95.26,5992883,585124156.9868,96.32,0.53,1136700960,1136700000.0,111078420084.6,111078400000.0
2023-12-19,SBUX,95.26,95.93,96.01,94.63,95.45,6146426,593361859.9923,95.24,0.54,1136700960,1136700000.0,109759842424.2,109759800000.0
2023-12-16,SBUX,95.45,96.52,96.92,95.26,96.52,12466040,1210694337.642,95.81,1.1,1136700960,1136700000.0,109975817880.0,109975800000.0
2023-12-15,SBUX,96.52,97.39,97.46,95.84,96.79,9764844,954212675.4509,96.4,0.86,1136700960,1136700000.0,111214818516.3,111214800000.0
2023-12-14,SBUX,96.79,97.17,97.31,95.52,96.83,7741910,755903787.9375,96.32,0.68,1136700960,1136700000.0,111521732322.3,111521700000.0
2023-12-13,SBUX,96.83,97.11,97.27,96.12,96.8,6313820,618825074.784,96.69,0.56,1136700960,1136700000.0,111567192403.79,111567100000.0
2023-12-12,SBUX,96.8,95.91,97.67,95.91,95.31,7639106,751500085.4751,97.05,0.67,1136700960,1136700000.0,111533093648.4,111533000000.0
2023-12-09,SBUX,95.31,94.79,95.56,94.52,95.14,7125234,687768171.0129,95.23,0.63,1136700960,1136700000.0,109816680882.3,109816600000.0
2023-12-08,SBUX,95.14,95.94,96.38,94.97,95.71,7858297,759987713.8904,95.41,0.69,1136700960,1136700000.0,109623443992.5,109623400000.0
2023-12-07,SBUX,95.71,94.66,95.86,94.18,94.25,12115004,1170939281.803,95.35,1.07,1136700960,1136700000.0,110282732822.7,110282700000.0
2023-12-06,SBUX,94.25,96.07,96.17,93.57,96.29,16027344,1536658549.0279,94.59,1.41,1136700960,1136700000.0,108600402898.19,108600400000.0
2023-12-05,SBUX,96.29,97.07,97.55,95.47,97.86,11477383,1120271820.6522,96.29,1.01,1136700960,1136700000.0,110942021652.91,110942000000.0
2023-12-02,SBUX,97.86,97.17,97.94,96.21,97.96,12506512,1233674785.5721,97.31,1.1,1136700960,1136700000.0,112760731821.9,112760700000.0
2023-12-01,SBUX,97.96,98.71,98.77,97.09,98.51,11442606,1133604055.2618,97.73,1.01,1136700960,1136700000.0,112874409874.8,112874300000.0
2023-11-30,SBUX,98.51,100.14,100.32,98.19,99.82,8428535,844619362.3678,98.86,0.74,1136700960,1136700000.0,113499598812.91,113499600000.0
2023-11-29,SBUX,99.82,100.59,100.68,99.53,100.98,6848125,693745194.25,99.94,0.6,1136700960,1136700000.0,115011403132.8,115011400000.0
2023-11-28,SBUX,100.98,100.91,101.7,100.69,101.4,7853570,805447295.9527,101.18,0.69,1136700960,1136700000.0,116352721632.61,116352700000.0
2023-11-25,SBUX,101.4,102.05,102.21,101.09,102.05,3206415,329621738.5547,101.42,0.28,1136700960,1136700000.0,116830124668.8,116830100000.0
2023-11-23,SBUX,102.05,102.76,103.27,101.89,102.29,4831074,500934111.3707,102.29,0.43,1136700960,1136700000.0,117580358669.41,117580300000.0
2023-11-22,SBUX,102.29,103.04,103.27,101.78,102.9,6148981,638042311.0757,102.37,0.54,1136700960,1136700000.0,117864533909.41,117864400000.0
2023-11-21,SBUX,102.9,103.79,104.05,102.46,104.15,9800973,1022708010.2148,102.94,0.86,1136700960,1136700000.0,118557921495.01,118557900000.0
2023-11-18,SBUX,104.15,105.74,106.05,104.06,105.77,6343047,673425442.3725,104.74,0.56,1136700960,1136700000.0,120001531714.21,120001400000.0
2023-11-17,SBUX,105.77,104.85,106.21,104.77,104.6,8037164,861383855.4164,105.73,0.71,1136700960,1136700000.0,121865721288.61,121865700000.0
2023-11-16,SBUX,104.6,104.24,105.11,104.24,104.18,7980176,846970393.6368,104.71,0.7,1136700960,1136700000.0,120524402788.8,120524400000.0
2023-11-15,SBUX,104.18,103.07,104.4,102.84,102.12,8322992,876656585.864,103.91,0.73,1136700960,1136700000.0,120035632743.01,120035600000.0
2023-11-14,SBUX,102.12,102.52,102.83,101.57,102.93,7120801,737573279.6601,102.19,0.63,1136700960,1136700000.0,117659916369.6,117659900000.0
2023-11-11,SBUX,102.93,101.22,102.94,100.61,100.85,7340027,759030797.4649,102.02,0.65,1136700960,1136700000.0,118592022523.81,118591900000.0
2023-11-10,SBUX,100.85,102.9,103.05,100.66,102.33,7607051,781637422.2367,101.37,0.67,1142600960,1142600000.0,116808096140.8,116808100000.0
2023-11-09,SBUX,102.33,101.78,102.84,101.7,101.72,7452973,777995057.6753,102.42,0.65,1142600960,1142600000.0,119173291554.01,119173200000.0
2023-11-08,SBUX,101.72,102.26,102.42,101.38,102.07,6239516,647378486.7736,101.8,0.55,1142600960,1142600000.0,118464867532.8,118464800000.0
2023-11-07,SBUX,102.07,100.93,102.13,100.05,100.71,7532035,780109510.7473,101.62,0.66,1142600960,1142600000.0,118864777868.8,118864800000.0
2023-11-04,SBUX,100.71,98.72,101.81,98.6,98.12,15995727,1642665348.4953,100.76,1.4,1142600960,1142600000.0,117287988544.0,117287900000.0
2023-11-03,SBUX,98.12,99.09,100.0,97.86,89.63,23396317,2355529731.3647,98.78,2.05,1142600960,1142600000.0,114271522009.6,114271400000.0
2023-11-02,SBUX,89.63,90.1,90.13,88.84,90.5,14292512,1304091629.5385,89.52,1.25,1142600960,1142600000.0,104376605694.21,104376600000.0
2023-11-01,SBUX,90.5,91.41,91.56,90.26,91.39,9308254,861653921.4917,90.82,0.81,1142600960,1142600000.0,105393519406.01,105393400000.0
2023-10-31,SBUX,91.39,91.36,91.94,90.97,90.28,7852883,732403805.4604,91.51,0.69,1142600960,1142600000.0,106433272568.39,106433200000.0
2023-10-28,SBUX,90.28,90.89,91.96,90.04,90.92,8293590,767431567.9482,90.79,0.73,1142600960,1142600000.0,105142146052.2,105142100000.0
2023-10-27,SBUX,90.92,92.04,92.69,90.85,92.23,6201680,578204933.843,91.48,0.54,1142600960,1142600000.0,105884829820.6,105884800000.0
2023-10-26,SBUX,92.23,92.54,93.56,92.2,92.84,5497301,518957847.1977,92.62,0.48,1142600960,1142600000.0,107404490240.0,107404400000.0
2023-10-25,SBUX,92.84,92.5,93.19,92.29,92.42,3600227,340257435.7689,92.73,0.32,1142600960,1142600000.0,108112898264.8,108112900000.0
2023-10-24,SBUX,92.42,92.16,93.24,91.53,92.41,4481004,422313570.7622,92.47,0.39,1142600960,1142600000.0,107633007004.2,107632900000.0
2023-10-21,SBUX,92.41,92.84,93.3,92.36,92.64,4698977,444069749.4246,92.72,0.41,1142600960,1142600000.0,107621587850.2,107621600000.0
2023-10-20,SBUX,92.64,92.59,93.86,92.39,91.98,5611008,531574514.4253,92.95,0.49,1142600960,1142600000.0,107884381500.6,107884400000.0
2023-10-19,SBUX,91.98,92.17,92.75,91.74,92.4,4110652,386488035.0892,92.25,0.36,1142600960,1142600000.0,107118840000.0,107118800000.0
2023-10-18,SBUX,92.4,91.0,92.41,90.88,91.88,6086692,570685795.0698,91.99,0.53,1142600960,1142600000.0,107610150414.59,107610100000.0
2023-10-17,SBUX,91.88,90.43,92.09,90.12,89.76,4595887,428898308.7708,91.56,0.4,1142600960,1142600000.0,107004573048.39,107004500000.0
2023-10-14,SBUX,89.76,89.56,90.32,89.33,89.7,4780570,437612397.7832,89.81,0.42,1142600960,1142600000.0,104525131250.4,104525100000.0
2023-10-13,SBUX,89.7,90.11,90.51,89.06,90.22,5485215,501369461.9057,89.68,0.48,1142600960,1142600000.0,104456578620.6,104456500000.0
2023-10-12,SBUX,90.22,91.53,91.86,90.11,91.42,4499172,415015804.5386,90.5,0.39,1142600960,1142600000.0,105062154844.2,105062100000.0
2023-10-11,SBUX,91.42,91.21,92.2,91.12,90.93,4974832,464453280.5199,91.6,0.44,1142600960,1142600000.0,106467549454.59,106467500000.0
2023-10-10,SBUX,90.93,90.71,91.04,89.71,91.1,4120707,380426530.0107,90.58,0.36,1142600960,1142600000.0,105896248974.59,105896200000.0
2023-10-07,SBUX,91.1,90.27,91.58,89.95,90.63,6979313,646929265.3419,90.94,0.61,1142600960,1142600000.0,106090507134.21,106090400000.0
2023-10-06,SBUX,90.63,89.42,91.3,89.42,89.43,7548836,696498652.8229,90.53,0.66,1142600960,1142600000.0,105542046104.8,105542000000.0
2023-10-05,SBUX,89.43,88.2,89.71,88.12,87.79,6166102,560895781.101,89.25,0.54,1142600960,1142600000.0,104148070648.39,104148000000.0
2023-10-04,SBUX,87.79,88.79,89.35,87.53,89.41,6666602,598660172.94,88.11,0.58,1142600960,1142600000.0,102239929330.4,102239900000.0
2023-10-03,SBUX,89.41,89.33,90.01,89.08,89.55,6430547,585984875.0539,89.41,0.56,1142600960,1142600000.0,104125231197.8,104125200000.0
2023-09-30,SBUX,89.55,90.86,91.31,89.12,89.36,7700234,704082392.2394,89.71,0.67,1145400960,1145400000.0,104540751346.2,104540700000.0
2023-09-29,SBUX,89.36,89.45,89.67,88.51,89.45,4736277,430843517.3936,89.25,0.41,1145400960,1145400000.0,104323121727.6,104323100000.0
2023-09-28,SBUX,89.45,90.72,90.98,88.68,90.27,4731492,431427371.9617,89.46,0.41,1145400960,1145400000.0,104426204377.8,104426100000.0
2023-09-27,SBUX,90.27,90.27,90.75,89.46,90.99,6086633,558598941.9316,90.04,0.53,1145400960,1145400000.0,105376888320.0,105376800000.0
2023-09-26,SBUX,90.99,91.14,91.71,90.51,91.91,4818844,447564621.9451,91.13,0.42,1145400960,1145400000.0,106224491902.81,106224400000.0
2023-09-23,SBUX,91.91,91.67,92.56,91.61,91.34,5119555,480657131.2248,92.12,0.45,1145400960,1145400000.0,107301153914.99,107301100000.0
2023-09-22,SBUX,91.34,93.37,93.52,91.28,93.37,6110672,573572764.3392,92.09,0.53,1145400960,1145400000.0,106636837393.81,106636800000.0
2023-09-21,SBUX,93.37,93.65,94.8,93.26,93.49,4576402,438269681.5602,93.96,0.4,1145400960,1145400000.0,108996359935.2,108996300000.0
2023-09-20,SBUX,93.49,93.41,93.67,92.49,94.94,6803738,645657774.4812,93.11,0.59,1145400960,1145400000.0,109145250605.99,109145200000.0
2023-09-19,SBUX,94.94,94.48,95.14,94.27,94.42,4477703,432760130.5703,94.83,0.39,1145400960,1145400000.0,110828991162.6,110828900000.0
2023-09-16,SBUX,94.42,95.42,95.63,94.24,95.33,8767574,847123894.1725,94.8,0.77,1145400960,1145400000.0,110221929799.2,110221900000.0
2023-09-15,SBUX,95.33,94.95,95.94,94.44,95.1,6039742,586996461.079,95.36,0.53,1145400960,1145400000.0,111287161855.2,111287100000.0
2023-09-14,SBUX,95.1,94.39,95.47,94.23,94.43,5830192,564993966.2426,95.08,0.51,1145400960,1145400000.0,111023707034.99,111023600000.0
2023-09-13,SBUX,94.43,93.7,94.69,93.4,93.87,5007660,480847000.772,94.21,0.44,1145400960,1145400000.0,110233395262.81,110233300000.0
2023-09-12,SBUX,93.87,93.85,94.42,93.42,93.48,5577488,533619460.2594,93.87,0.49,1145400960,1145400000.0,109580508697.8,109580400000.0
2023-09-09,SBUX,93.48,93.45,94.04,92.96,93.31,4755309,453033523.6104,93.47,0.42,1145400960,1145400000.0,109133802323.4,109133800000.0
2023-09-08,SBUX,93.31,93.69,94.01,93.23,94.14,6404090,609927427.2106,93.44,0.56,1145400960,1145400000.0,108927639313.81,108927600000.0
2023-09-07,SBUX,94.14,94.6,94.73,93.57,95.01,5428406,520576568.202,94.09,0.47,1145400960,1145400000.0,109901218675.8,109901200000.0
2023-09-06,SBUX,95.01,95.68,95.97,94.77,96.15,5414313,525540800.2904,95.23,0.47,1145400960,1145400000.0,110920625530.2,110920600000.0
2023-09-02,SBUX,96.15,96.54,96.89,95.21,95.6,4747223,463804180.8112,95.86,0.41,1145400960,1145400000.0,112249294080.0,112249300000.0
2023-09-01,SBUX,95.6,97.13,97.46,95.45,97.37,5624547,551010445.4682,96.12,0.49,1145400960,1145400000.0,111607872978.6,111607800000.0
2023-08-31,SBUX,97.37,97.15,97.84,97.13,97.28,4212192,418319527.0272,97.44,0.37,1145400960,1145400000.0,113669598142.81,113669600000.0
2023-08-30,SBUX,97.28,95.52,97.36,95.5,95.21,5512281,544699933.1731,96.95,0.48,1145400960,1145400000.0,113566498311.59,113566400000.0
2023-08-29,SBUX,95.21,94.13,95.37,94.02,93.68,5098910,493496000.4784,94.96,0.45,1145400960,1145400000.0,111149702285.99,111149600000.0
2023-08-26,SBUX,93.68,93.74,94.15,92.72,93.04,5360383,510789797.1915,93.49,0.47,1145400960,1145400000.0,109362879079.2,109362800000.0
2023-08-25,SBUX,93.04,92.96,93.83,91.94,93.39,7824508,742521529.7517,93.11,0.68,1145400960,1145400000.0,108618375327.6,108618300000.0
2023-08-24,SBUX,93.39,94.6,94.74,92.24,94.26,9704477,922720053.4394,93.29,0.85,1145400960,1145400000.0,109019255354.99,109019200000.0
2023-08-23,SBUX,94.26,94.67,94.92,93.8,94.64,3640478,350193254.7183,94.38,0.32,1145400960,1145400000.0,110038679390.41,110038600000.0
2023-08-22,SBUX,94.64,95.48,95.73,94.35,95.4,3753240,362766030.5308,94.83,0.33,1145400960,1145400000.0,110485384619.41,110485400000.0
2023-08-19,SBUX,95.4,94.2,95.65,93.98,94.75,4125996,400283943.4216,95.19,0.36,1145400960,1145400000.0,111367330759.2,111367300000.0
2023-08-18,SBUX,94.75,97.13,97.23,94.61,97.11,5291082,515635544.3588,95.62,0.46,1145400960,1145400000.0,110611379870.41,110611300000.0
2023-08-17,SBUX,97.11,97.73,98.2,97.03,98.15,3679469,365567733.2678,97.48,0.32,1145400960,1145400000.0,113371782439.2,113371800000.0
2023-08-16,SBUX,98.15,98.24,98.75,97.9,99.11,3203701,321036181.4749,98.32,0.28,1145400960,1145400000.0,114585912038.4,114585900000.0
2023-08-15,SBUX,99.11,98.59,99.31,98.31,99.09,3239300,326490375.113,98.89,0.28,1145400960,1145400000.0,115696950969.6,115696900000.0
2023-08-12,SBUX,99.09,99.49,99.49,98.25,99.74,3180578,321075850.4642,99.05,0.28,1145400960,1145400000.0,115674054404.41,115674000000.0
2023-08-11,SBUX,99.74,98.64,100.44,98.51,97.52,6844211,696343031.1409,99.82,0.6,1145400960,1145400000.0,116441473047.61,116441400000.0
2023-08-10,SBUX,97.52,98.57,99.14,97.08,98.27,4494289,450568202.2615,97.84,0.39,1145400960,1145400000.0,114448462777.8,114448400000.0
2023-08-09,SBUX,98.27,98.78,98.98,97.49,99.29,4058380,408071732.352,98.13,0.35,1145400960,1145400000.0,115336161121.21,115336100000.0
2023-08-08,SBUX,99.29,98.98,99.41,98.51,98.26,5222734,529394127.7629,98.92,0.46,1145400960,1145400000.0,116533105124.41,116533100000.0
2023-08-05,SBUX,98.26,100.48,100.67,98.1,99.87,5199180,528099949.566,99.13,0.45,1145400960,1145400000.0,115318968652.8,115318900000.0
2023-08-04,SBUX,99.87,99.52,100.42,99.0,99.67,5548867,568231725.135,99.94,0.48,1145400960,1145400000.0,117208891690.81,117208800000.0
2023-08-03,SBUX,99.67,98.08,101.95,96.9,98.82,14465180,1487071132.13,100.33,1.26,1145400960,1145400000.0,116979811498.81,116979800000.0
2023-08-02,SBUX,98.82,99.03,99.26,97.98,99.13,7811844,789209507.3412,98.6,0.68,1145400960,1145400000.0,115983301209.6,115983300000.0
2023-08-01,SBUX,99.13,98.87,99.38,98.43,98.81,6386524,648127447.0064,99.04,0.56,1145400960,1145400000.0,116338386961.21,116338300000.0
2023-07-29,SBUX,98.81,99.06,99.38,98.38,98.36,5321406,539202105.762,98.89,0.46,1145400960,1145400000.0,115971847200.0,115971800000.0
2023-07-28,SBUX,98.36,99.58,99.97,98.12,99.28,5373442,544158261.8002,98.83,0.47,1145400960,1145400000.0,115433508748.8,115433400000.0
2023-07-27,SBUX,99.28,99.75,100.2,98.86,100.44,6568348,669179353.2312,99.43,0.57,1145400960,1145400000.0,116521639660.8,116521600000.0
2023-07-26,SBUX,100.44,99.97,101.27,99.87,100.31,5627477,580451236.1691,100.66,0.49,1145400960,1145400000.0,117884666803.2,117884600000.0
2023-07-25,SBUX,100.31,100.4,100.92,99.86,100.35,4747192,488040770.1904,100.33,0.41,1145400960,1145400000.0,117724310668.8,117724300000.0
2023-07-22,SBUX,100.35,99.35,101.06,99.17,98.45,20370313,2095589838.7811,100.4,1.78,1145400960,1145400000.0,117770138161.21,117770100000.0
2023-07-21,SBUX,98.45,99.33,100.01,98.28,99.38,5466137,554361457.2452,98.98,0.48,1145400960,1145400000.0,115548060298.81,115548000000.0
2023-07-20,SBUX,99.38,98.2,99.53,98.19,98.34,5556149,563844723.4603,99.04,0.49,1145400960,1145400000.0,116636191210.81,116636100000.0
2023-07-19,SBUX,98.34,98.32,98.98,97.46,98.5,5991043,602504816.0068,98.15,0.52,1145400960,1145400000.0,115410600729.6,115410600000.0
2023-07-18,SBUX,98.5,98.4,99.36,97.63,99.17,5246461,530944528.8951,98.77,0.46,1145400960,1145400000.0,115605318892.8,115605300000.0
2023-07-15,SBUX,99.17,99.32,99.62,98.56,99.16,3939769,400102098.262,99.11,0.34,1145400960,1145400000.0,116384202999.61,116384100000.0
2023-07-14,SBUX,99.16,99.07,99.74,98.86,98.71,4511660,458897631.742,99.27,0.39,1145400960,1145400000.0,116372748990.01,116372700000.0
2023-07-13,SBUX,98.71,98.98,99.38,98.34,97.68,6971945,706771163.652,98.93,0.61,1145400960,1145400000.0,115845853094.4,115845800000.0
2023-07-12,SBUX,97.68,97.05,97.82,96.75,96.74,5271727,525970203.2561,97.37,0.46,1145400960,1145400000.0,114643182086.4,114643100000.0
2023-07-11,SBUX,96.74,93.98,97.14,93.91,93.74,9294602,917942366.38,96.38,0.81,1145400960,1145400000.0,113543602891.8,113543600000.0
2023-07-08,SBUX,93.74,93.68,94.33,93.25,93.89,7889473,758564963.1454,93.84,0.69,1145400960,1145400000.0,110015766789.6,110015700000.0
2023-07-07,SBUX,93.89,95.51,95.71,93.6,96.09,7156961,689815784.7001,94.06,0.62,1145400960,1145400000.0,110187568915.8,110187500000.0
2023-07-06,SBUX,96.09,96.76,96.94,95.93,96.76,6366734,627319445.3411,96.16,0.56,1145400960,1145400000.0,112776186539.41,112776100000.0
2023-07-04,SBUX,96.76,96.35,97.17,95.88,96.68,3286973,325556580.8636,96.66,0.29,1145400960,1145400000.0,113566498311.59,113566400000.0
2023-07-01,SBUX,96.68,97.01,97.06,96.17,96.31,6229934,616949790.8661,96.65,0.54,1146400960,1146400000.0,113562476804.8,113562400000.0
2023-06-30,SBUX,96.31,96.24,96.45,95.62,96.24,5113469,503571911.2933,96.11,0.45,1146400960,1146400000.0,113126838707.99,113126800000.0
2023-06-29,SBUX,96.24,96.27,96.27,94.96,96.34,6581859,645598055.1713,95.73,0.57,1146400960,1146400000.0,113046599812.0,113046600000.0
2023-06-28,SBUX,96.34,96.02,96.68,95.37,95.87,5034141,496351738.8301,96.22,0.44,1146400960,1146400000.0,113172705064.0,113172600000.0
2023-06-27,SBUX,95.87,95.97,96.39,95.13,95.97,5959469,585848013.6299,95.94,0.52,1146400960,1146400000.0,112610961715.2,112610900000.0
2023-06-24,SBUX,95.97,97.25,97.33,95.17,98.42,18770106,1845390479.4324,95.95,1.64,1146400960,1146400000.0,112737066967.2,112737000000.0
2023-06-23,SBUX,98.42,98.98,99.19,97.24,99.42,6126567,615894651.9252,98.11,0.53,1146400960,1146400000.0,115614548280.01,115614500000.0
2023-06-22,SBUX,99.42,98.18,99.99,97.94,98.83,5508813,561101249.8776,99.4,0.48,1146400960,1146400000.0,116783865795.2,116783800000.0
2023-06-17,SBUX,99.42,99.56,100.04,99.04,98.94,11709165,1193665065.762,99.49,1.02,1146400960,1146400000.0,116783865795.2,116783800000.0
2023-06-16,SBUX,98.94,98.9,99.54,98.24,98.24,6448195,653435578.159,98.9,0.56,1146400960,1146400000.0,116222140788.81,116222100000.0
2023-06-15,SBUX,98.24,97.16,98.92,96.8,96.87,9279504,930811363.8782,97.89,0.81,1146400960,1146400000.0,115396732097.61,115396700000.0
2023-06-14,SBUX,96.87,96.14,97.08,96.14,96.09,5137914,509639426.007,96.81,0.45,1146400960,1146400000.0,113791753557.6,113791700000.0
2023-06-13,SBUX,96.09,95.6,96.14,95.17,95.6,6708547,657643565.1014,95.67,0.59,1146400960,1146400000.0,112874646546.41,112874600000.0
2023-06-10,SBUX,95.6,96.42,96.58,95.29,96.76,5552324,544446477.6069,95.7,0.48,1146400960,1146400000.0,112301446066.41,112301400000.0
2023-06-09,SBUX,96.76,95.3,96.79,94.59,95.56,6881621,678717095.8224,96.25,0.6,1146400960,1146400000.0,113665648305.59,113665600000.0
2023-06-08,SBUX,95.56,96.18,96.48,95.24,95.86,6285641,616606271.419,95.74,0.55,1146400960,1146400000.0,112255580856.8,112255500000.0
2023-06-07,SBUX,95.86,97.34,97.92,95.18,97.53,8657063,849967820.0654,95.82,0.76,1146400960,1146400000.0,112599504584.0,112599400000.0
2023-06-06,SBUX,97.53,97.63,98.44,97.11,97.11,6536496,653724116.0544,97.61,0.57,1146400960,1146400000.0,114559839907.99,114559800000.0
2023-06-03,SBUX,97.11,95.94,97.26,95.83,95.17,6221418,617603232.0191,96.88,0.54,1146400960,1146400000.0,114066895520.0,114066900000.0
2023-06-02,SBUX,95.17,95.24,95.87,94.2,95.29,6752184,659327857.4397,95.3,0.59,1146400960,1146400000.0,111797027351.2,111797000000.0
2023-06-01,SBUX,95.29,95.67,95.72,94.65,95.4,10377090,1011177883.6199,95.1,0.91,1146400960,1146400000.0,111934589734.4,111934600000.0
2023-05-31,SBUX,95.4,96.51,96.58,94.96,96.16,6505371,636980609.4161,95.56,0.57,1146400960,1146400000.0,112060693840.0,112060600000.0
2023-05-27,SBUX,96.16,96.26,97.21,95.96,96.07,7276461,718674994.8919,96.39,0.63,1146400960,1146400000.0,112954885442.4,112954800000.0
2023-05-26,SBUX,96.07,96.33,96.52,95.38,97.21,8177027,805071711.8093,96.09,0.71,1146400960,1146400000.0,112851713941.6,112851600000.0
2023-05-25,SBUX,97.21,98.37,98.38,96.73,97.93,6134820,611267943.462,97.24,0.54,1146400960,1146400000.0,114193000772.0,114192900000.0
2023-05-24,SBUX,97.93,99.66,99.68,97.67,100.42,6766297,681474436.315,98.29,0.59,1146400960,1146400000.0,115029872326.4,115029800000.0
2023-05-23,SBUX,100.42,102.98,103.16,100.3,102.97,7504277,777659220.3776,101.14,0.65,1146400960,1146400000.0,117964658784.0,117964600000.0
2023-05-20,SBUX,102.97,104.43,104.57,102.79,104.51,4985231,527400598.9429,103.25,0.43,1146400960,1146400000.0,120956765289.6,120956700000.0
2023-05-19,SBUX,104.51,102.88,104.56,102.67,103.15,5377477,572167908.5564,103.84,0.47,1146400960,1146400000.0,122768078806.4,122768000000.0
2023-05-18,SBUX,103.15,103.41,103.98,102.42,102.75,4757274,503309170.7699,103.25,0.41,1146400960,1146400000.0,121163128926.41,121163100000.0
2023-05-17,SBUX,102.75,103.85,104.0,102.66,104.07,3677256,388787488.2382,103.18,0.32,1146400960,1146400000.0,120693093068.8,120693100000.0
2023-05-16,SBUX,104.07,103.56,104.19,103.06,103.57,4217125,448542313.1338,103.8,0.37,1146400960,1146400000.0,122252198374.4,122252100000.0
2023-05-13,SBUX,103.57,103.22,103.66,102.31,103.09,5175563,546662631.1994,103.08,0.45,1146400960,1146400000.0,121656069875.2,121656000000.0
2023-05-12,SBUX,103.09,103.88,104.19,102.59,103.88,4791652,506385664.5981,103.14,0.42,1146400960,1146400000.0,121094344868.81,121094300000.0
2023-05-11,SBUX,103.88,104.06,104.99,102.63,103.63,4565012,487752861.3009,103.76,0.4,1146400960,1146400000.0,122630522155.21,122630400000.0
2023-05-10,SBUX,103.63,103.9,104.08,103.33,104.07,3682380,393045825.822,103.65,0.32,1146400960,1146400000.0,122332457905.61,122332400000.0
2023-05-09,SBUX,104.07,104.36,105.0,103.84,104.11,6090715,653779784.386,104.24,0.53,1146400960,1146400000.0,122859790883.2,122859800000.0
2023-05-06,SBUX,104.11,102.5,104.37,102.33,101.69,7813754,835517682.8414,103.84,0.68,1146400960,1146400000.0,122905658385.61,122905600000.0
2023-05-05,SBUX,101.69,101.26,102.62,100.8,100.96,8858137,927298127.1984,101.66,0.77,1146400960,1146400000.0,120051119995.21,120051100000.0
2023-05-04,SBUX,100.96,105.92,106.55,100.8,111.15,24388563,2565481962.9816,102.15,2.13,1146400960,1146400000.0,119179855265.61,119179800000.0
2023-05-03,SBUX,111.15,111.18,111.25,109.59,111.25,9626359,1096142043.9628,110.58,0.84,1146400960,1146400000.0,131217065345.61,131217000000.0
2023-05-02,SBUX,111.25,110.95,112.14,110.95,110.99,6495926,746146095.2862,111.54,0.57,1146400960,1146400000.0,131331693977.6,131331600000.0
2023-04-29,SBUX,110.99,109.17,111.01,109.05,109.49,5979301,679488961.5002,110.36,0.52,1146400960,1146400000.0,131022165718.4,131022100000.0
2023-04-28,SBUX,109.49,108.17,109.62,107.97,108.25,7618524,854379450.1652,108.9,0.66,1146400960,1146400000.0,129256708240.0,129256700000.0
2023-04-27,SBUX,108.25,105.86,109.08,105.86,106.18,8081641,900326406.6163,108.18,0.7,1146400960,1146400000.0,127789326475.21,127789300000.0
2023-04-26,SBUX,106.18,105.76,107.9,105.69,106.13,8747078,961690493.0476,106.77,0.76,1149300960,1149300000.0,125664566966.4,125664500000.0
2023-04-25,SBUX,106.13,105.06,106.13,104.92,105.06,5940688,645835361.1632,105.57,0.52,1149300960,1149300000.0,125607101918.4,125607100000.0
2023-04-22,SBUX,105.06,104.2,105.64,103.58,103.96,4522840,487808692.0084,104.74,0.39,1149300960,1149300000.0,124342882355.41,124342800000.0
2023-04-21,SBUX,103.96,103.12,104.47,103.12,104.06,4297188,459782356.9668,103.9,0.37,1149300960,1149300000.0,123032679261.01,123032600000.0
2023-04-20,SBUX,104.06,104.58,104.74,103.99,104.79,4617785,495632867.1705,104.23,0.4,1149300960,1149300000.0,123159102366.61,123159000000.0
2023-04-19,SBUX,104.79,105.72,106.07,104.62,105.18,5300676,573887811.4312,105.14,0.46,1149300960,1149300000.0,124021078086.61,124021100000.0
2023-04-18,SBUX,105.18,104.84,105.51,104.45,104.36,4780871,516760569.5019,104.97,0.42,1149300960,1149300000.0,124480786977.6,124480800000.0
2023-04-15,SBUX,104.36,103.82,105.04,103.76,103.9,3963272,425483406.7952,104.25,0.34,1149300960,1149300000.0,123515385664.21,123515300000.0
2023-04-14,SBUX,103.9,103.31,104.13,103.18,102.55,4367559,466583270.6787,103.74,0.38,1149300960,1149300000.0,122963721203.41,122963600000.0
2023-04-13,SBUX,102.55,103.17,103.5,102.31,102.68,4606207,487537531.2252,102.79,0.4,1149300960,1149300000.0,121366192869.01,121366100000.0
2023-04-12,SBUX,102.68,102.02,103.33,101.89,101.71,4010604,424500816.2444,102.79,0.35,1149300960,1149300000.0,121527095003.41,121527000000.0
2023-04-11,SBUX,101.71,100.55,101.79,100.09,101.66,3761576,392620137.364,101.36,0.33,1149300960,1149300000.0,120377794043.41,120377800000.0
2023-04-07,SBUX,101.66,101.87,102.12,101.01,101.87,3155669,330362916.797,101.66,0.27,1149300960,1149300000.0,120308824492.8,120308800000.0
2023-04-06,SBUX,101.87,100.98,102.65,100.93,100.99,5170942,541964879.7374,101.78,0.45,1149300960,1149300000.0,120561670704.0,120561600000.0
2023-04-05,SBUX,100.99,101.82,101.98,100.36,101.82,3854429,400869866.6296,101.0,0.34,1149300960,1149300000.0,119527299840.0,119527300000.0
2023-04-04,SBUX,101.82,101.05,101.91,100.67,101.12,3855350,402977798.5585,101.5,0.34,1149300960,1149300000.0,120504217149.01,120504200000.0
2023-04-01,SBUX,101.12,98.9,101.27,98.9,98.39,6900067,715866081.0959,100.75,0.6,1149300960,1149300000.0,119676720457.81,119676600000.0
2023-03-31,SBUX,98.39,98.51,98.76,97.74,97.71,4082616,413308121.6376,98.31,0.36,1149300960,1149300000.0,116447184760.21,116447100000.0
2023-03-30,SBUX,97.71,96.46,97.78,95.88,95.87,4946641,494270322.6432,97.03,0.43,1149300960,1149300000.0,115642662595.2,115642600000.0
2023-03-29,SBUX,95.87,95.3,96.05,95.25,95.81,4709801,463896573.4254,95.65,0.41,1149300960,1149300000.0,113458993069.8,113458900000.0
2023-03-28,SBUX,95.81,96.06,96.84,95.73,95.5,6022227,595837965.0457,96.08,0.52,1149300960,1149300000.0,113390037310.8,113390000000.0
2023-03-25,SBUX,95.5,95.38,95.59,94.38,95.58,4685914,458970749.9666,95.12,0.41,1149300960,1149300000.0,113022252958.5,113022200000.0
2023-03-24,SBUX,95.58,96.47,97.24,94.7,96.26,6879156,680329913.4039,96.04,0.6,1149300960,1149300000.0,113114199333.9,113114200000.0
2023-03-23,SBUX,96.26,97.78,98.55,96.2,97.63,5917746,593268239.0904,97.36,0.51,1149300960,1149300000.0,113918706558.0,113918700000.0
2023-03-22,SBUX,97.63,97.61,98.27,97.24,96.96,4743711,477204044.2092,97.69,0.41,1149300960,1149300000.0,115550718518.4,115550700000.0
2023-03-21,SBUX,96.96,96.24,97.33,96.07,95.85,4864020,484938401.7899,96.82,0.42,1149300960,1149300000.0,114757708901.11,114757600000.0
2023-03-18,SBUX,95.85,96.21,96.42,95.01,97.53,10189661,1004945055.1364,95.77,0.89,1149300960,1149300000.0,113436001304.1,113435900000.0
2023-03-17,SBUX,97.53,96.28,97.8,96.17,96.47,8189000,819723895.29,97.21,0.71,1149300960,1149300000.0,115424295412.8,115424300000.0
2023-03-16,SBUX,96.47,95.55,96.5,94.47,96.59,6603317,650900796.4374,95.72,0.57,1149300960,1149300000.0,114171553918.5,114171500000.0
2023-03-15,SBUX,96.59,97.22,97.48,95.62,96.22,6248762,621638741.4028,96.61,0.54,1149300960,1149300000.0,114309481526.71,114309400000.0
2023-03-14,SBUX,96.22,96.05,97.3,95.53,96.51,6408391,636954326.9674,96.52,0.56,1149300960,1149300000.0,113872741415.4,113872700000.0
2023-03-11,SBUX,96.51,97.71,98.31,96.16,97.4,6641871,663473112.1512,97.01,0.58,1149300960,1149300000.0,114217535151.3,114217500000.0
2023-03-10,SBUX,97.4,99.77,99.78,97.07,99.54,5732340,578551318.584,98.01,0.5,1149300960,1149300000.0,115274897781.01,115274800000.0
2023-03-09,SBUX,99.54,99.93,100.04,98.79,100.35,4225496,432375568.3984,99.37,0.37,1149300960,1149300000.0,117803348400.0,117803300000.0
2023-03-08,SBUX,100.35,101.96,102.63,100.14,101.96,3976538,413254156.2278,100.92,0.35,1149300960,1149300000.0,118768761206.4,118768700000.0
2023-03-07,SBUX,101.96,101.43,102.88,101.42,101.53,5237055,550553262.4575,102.09,0.46,1149300960,1149300000.0,120665119283.41,120665100000.0
2023-03-04,SBUX,101.53,100.41,101.67,100.03,100.03,4882121,508933823.1936,101.23,0.42,1149300960,1149300000.0,120159426861.01,120159400000.0
2023-03-03,SBUX,100.03,98.35,100.19,98.02,98.5,4778277,489022295.1384,99.39,0.42,1149300960,1149300000.0,118389491889.6,118389400000.0
2023-03-02,SBUX,98.5,99.24,99.37,97.99,99.14,5382156,545877099.066,98.49,0.47,1149300960,1149300000.0,116573596372.8,116573500000.0
2023-03-01,SBUX,99.14,99.04,99.98,98.96,99.48,5186524,530736482.2676,99.37,0.45,1149300960,1149300000.0,117332135006.4,117332100000.0
2023-02-28,SBUX,99.48,99.37,100.32,99.2,98.66,5235070,536948094.5757,99.6,0.46,1149300960,1149300000.0,117734401835.41,117734300000.0
2023-02-25,SBUX,98.66,99.68,99.75,97.91,100.52,6019680,610830172.896,98.54,0.52,1149300960,1149300000.0,116768989029.01,116768900000.0
2023-02-24,SBUX,100.52,102.46,102.46,99.66,101.74,6857852,709951584.6628,100.53,0.6,1149300960,1149300000.0,118964142369.6,118964100000.0
2023-02-23,SBUX,101.74,102.36,102.88,101.37,101.75,7523723,790715449.5249,102.06,0.65,1149300960,1149300000.0,120412273072.21,120412200000.0
2023-02-22,SBUX,101.75,102.45,102.89,101.68,104.01,5438016,572048830.3104,102.15,0.47,1149300960,1149300000.0,120423754588.8,120423800000.0
2023-02-18,SBUX,104.01,103.65,104.35,103.16,104.43,6876406,735599406.0064,103.88,0.6,1149300960,1149300000.0,123090144309.01,123090100000.0
2023-02-17,SBUX,104.43,104.64,105.95,104.31,105.85,4596817,497602728.128,105.12,0.4,1149300960,1149300000.0,123595825238.4,123595800000.0
2023-02-16,SBUX,105.85,104.39,105.85,104.16,104.86,4060391,440482990.8139,105.35,0.35,1149300960,1149300000.0,125273804640.0,125273800000.0
2023-02-15,SBUX,104.86,104.81,105.34,103.61,105.38,5109387,550522653.9051,104.63,0.44,1149300960,1149300000.0,124101517660.8,124101500000.0
2023-02-14,SBUX,105.38,104.35,105.78,104.18,104.0,5192356,563236663.2152,105.34,0.45,1149300960,1149300000.0,124722151672.21,124722100000.0
2023-02-11,SBUX,104.0,102.47,104.16,102.42,102.99,6298641,671898080.7135,103.59,0.55,1149300960,1149300000.0,123078639806.4,123078600000.0
2023-02-10,SBUX,102.99,102.67,103.53,102.55,102.71,5608367,595130798.6153,103.05,0.49,1149300960,1149300000.0,121883378301.01,121883300000.0
2023-02-09,SBUX,102.71,102.73,102.94,102.09,103.22,5557496,590201684.7782,102.62,0.48,1149300960,1149300000.0,122170703541.01,122170600000.0
2023-02-08,SBUX,103.22,101.29,103.76,101.03,101.48,6207551,658382791.1416,102.48,0.54,1149300960,1149300000.0,122774075052.0,122774000000.0
2023-02-07,SBUX,101.48,100.49,102.58,99.81,100.78,6392176,671197017.3104,101.46,0.56,1149300960,1149300000.0,120699598312.21,120699600000.0
2023-02-04,SBUX,100.78,101.05,102.85,99.56,105.47,15200532,1596753564.4188,101.5,1.32,1149300960,1149300000.0,119872101621.01,119872000000.0
2023-02-03,SBUX,105.47,106.33,107.09,104.36,106.28,9852852,1078648854.9816,105.78,0.86,1149300960,1149300000.0,125446199784.0,125446100000.0
2023-02-02,SBUX,106.28,105.29,107.04,104.34,105.46,5841242,638790047.3812,105.67,0.51,1149300960,1149300000.0,126411624083.41,126411600000.0
2023-02-01,SBUX,105.46,104.61,105.47,103.87,104.74,5816305,631825270.3131,104.97,0.51,1149300960,1149300000.0,125434706774.4,125434600000.0
2023-01-31,SBUX,104.74,104.61,105.2,103.8,105.34,6880672,744393069.0592,104.54,0.6,1149300960,1149300000.0,124584224064.0,124584100000.0
2023-01-28,SBUX,105.34,105.07,106.06,104.68,105.09,6851117,748531804.9573,105.57,0.6,1149300960,1149300000.0,125296802152.21,125296800000.0
2023-01-27,SBUX,105.09,103.68,105.13,103.45,103.37,6324078,683800419.867,104.48,0.55,1147800960,1147800000.0,124834832409.6,124834800000.0
2023-01-26,SBUX,103.37,102.48,103.53,102.33,103.04,5416906,577194085.3052,102.96,0.47,1147800960,1147800000.0,122791746700.8,122791700000.0
2023-01-25,SBUX,103.04,102.81,103.26,101.85,102.63,5517207,587028617.9172,102.81,0.48,1147800960,1147800000.0,122401494374.4,122401400000.0
2023-01-24,SBUX,102.63,101.5,103.28,100.88,101.5,6320512,670715668.0576,102.54,0.55,1147800960,1147800000.0,121907951439.61,121907900000.0
2023-01-21,SBUX,101.5,100.88,101.65,100.38,100.74,6543492,684839909.6724,101.13,0.57,1147800960,1147800000.0,120565012838.4,120564900000.0
2023-01-20,SBUX,100.74,101.46,102.13,100.72,101.46,5115840,535367028.576,101.12,0.45,1147800960,1147800000.0,119669728089.6,119669700000.0
2023-01-19,SBUX,101.46,103.53,103.84,101.37,103.15,5725781,604762772.2588,102.06,0.5,1147800960,1147800000.0,120519100800.0,120519100000.0
2023-01-18,SBUX,103.15,103.34,103.97,102.72,103.61,7477238,800472050.2434,103.44,0.65,1147800960,1147800000.0,122527752480.0,122527700000.0
2023-01-14,SBUX,103.61,101.53,103.68,101.53,102.28,5529703,589760022.3263,103.05,0.48,1147800960,1147800000.0,123078696940.8,123078600000.0
2023-01-13,SBUX,102.28,102.7,102.85,101.62,102.71,4881965,517079181.333,102.34,0.43,1147800960,1147800000.0,121494743094.01,121494700000.0
2023-01-12,SBUX,102.71,102.24,102.85,101.32,102.42,5634375,596323093.125,102.27,0.49,1147800960,1147800000.0,122011253526.01,122011200000.0
2023-01-11,SBUX,102.42,100.84,102.83,100.66,101.21,4183629,442290789.5389,102.15,0.36,1147800960,1147800000.0,121666901760.0,121666900000.0
2023-01-10,SBUX,101.21,102.93,103.08,100.91,103.09,10124762,1068293000.4298,101.95,0.88,1147800960,1147800000.0,120220684028.41,120220600000.0
2023-01-07,SBUX,103.09,101.82,103.39,101.47,100.91,9644109,1025137057.5814,102.71,0.84,1147800960,1147800000.0,122458895900.41,122458800000.0
2023-01-06,SBUX,100.91,100.96,101.55,100.0,100.94,5575086,581805995.5561,100.84,0.49,1147800960,1147800000.0,119864854252.8,119864800000.0
2023-01-05,SBUX,100.94,99.23,101.2,99.09,97.43,8166645,848997880.884,100.45,0.71,1147800960,1147800000.0,119899299759.61,119899300000.0
2023-01-04,SBUX,97.43,97.17,97.76,96.11,95.85,6607676,664792401.5284,97.21,0.58,1147800960,1147800000.0,115732782274.81,115732800000.0
2022-12-31,SBUX,95.85,95.84,95.9,94.93,96.4,3988869,394506304.1199,95.57,0.35,1147800960,1147800000.0,113861851788.6,113861800000.0
2022-12-30,SBUX,96.4,95.66,97.25,95.34,95.27,3976076,397551119.8404,96.61,0.35,1147800960,1147800000.0,114516107518.2,114516100000.0
2022-12-29,SBUX,95.27,96.06,96.54,95.07,95.85,3491489,345197588.8817,95.53,0.3,1147800960,1147800000.0,113173182690.61,113173100000.0
2022-12-28,SBUX,95.85,95.24,96.1,94.9,94.95,4402465,436217337.6172,95.74,0.38,1147800960,1147800000.0,113861851788.6,113861800000.0
2022-12-24,SBUX,94.95,94.3,94.98,93.61,94.46,3944525,386290855.7108,94.63,0.34,1147800960,1147800000.0,112794406078.2,112794400000.0
2022-12-23,SBUX,94.46,95.13,95.23,92.93,95.34,4757113,462842357.9124,94.01,0.41,1147800960,1147800000.0,112209016110.6,112208900000.0
2022-12-22,SBUX,95.34,93.46,95.73,93.1,94.69,5566293,546933897.4548,94.94,0.48,1147800960,1147800000.0,113253519575.4,113253400000.0
2022-12-21,SBUX,94.69,94.88,95.25,93.99,94.98,4533504,444169115.9647,94.67,0.39,1147800960,1147800000.0,112484494080.0,112484400000.0
2022-12-20,SBUX,94.98,95.11,95.48,94.43,95.5,5771051,567118919.518,94.95,0.5,1147800960,1147800000.0,112828838959.2,112828800000.0
2022-12-17,SBUX,95.5,95.93,96.18,94.71,96.62,13862254,1369093040.2814,95.43,1.21,1147800960,1147800000.0,113437171172.4,113437100000.0
2022-12-16,SBUX,96.62,97.8,98.12,96.09,98.74,7246496,725255479.5306,96.71,0.63,1147800960,1147800000.0,114768624877.21,114768600000.0
2022-12-15,SBUX,98.74,98.87,99.81,97.3,98.67,5624020,575329991.0142,98.85,0.49,1147800960,1147800000.0,117293791580.41,117293800000.0
2022-12-14,SBUX,98.67,101.28,101.65,97.58,99.24,7065953,723865902.3226,98.99,0.62,1147800960,1147800000.0,117201967503.61,117201900000.0
2022-12-13,SBUX,99.24,97.72,99.38,97.42,98.36,5795969,592813506.0704,98.83,0.5,1147800960,1147800000.0,117879158592.0,117879100000.0
2022-12-10,SBUX,98.36,99.94,100.01,98.32,100.24,7999590,817666172.4609,98.77,0.7,1147800960,1147800000.0,116834659718.4,116834600000.0
2022-12-09,SBUX,100.24,99.27,100.4,98.95,98.43,5465133,565948405.9746,100.06,0.48,1147800960,1147800000.0,119072883068.41,119072800000.0
2022-12-08,SBUX,98.43,97.87,99.5,97.65,98.64,4194313,428217588.8155,98.65,0.37,1147800960,1147800000.0,116926483795.2,116926400000.0
2022-12-07,SBUX,98.64,100.32,100.67,98.02,100.06,8382988,857326589.9923,98.82,0.73,1147800960,1147800000.0,117167533474.81,117167500000.0
2022-12-06,SBUX,100.06,99.9,100.72,99.53,101.51,9285801,961954290.2321,100.1,0.81,1147800960,1147800000.0,118854800886.01,118854800000.0
2022-12-03,SBUX,101.51,98.58,101.98,98.38,99.88,7916879,826101781.3251,100.83,0.69,1147800960,1147800000.0,120576502326.01,120576400000.0
2022-12-02,SBUX,99.88,98.88,100.07,98.51,98.75,7452313,767110545.7367,99.46,0.65,1147800960,1147800000.0,118648185235.2,118648100000.0
2022-12-01,SBUX,98.75,95.71,99.1,95.2,95.33,15000770,1511863254.9967,97.39,1.31,1147800960,1147800000.0,117305258112.0,117305200000.0
2022-11-30,SBUX,95.33,95.62,95.98,94.89,95.33,4423922,436200492.0406,95.27,0.39,1147800960,1147800000.0,113242047304.8,113242000000.0
2022-11-29,SBUX,95.33,95.65,96.78,95.23,96.2,5257863,520498998.2251,95.65,0.46,1147800960,1147800000.0,113242047304.8,113242000000.0
2022-11-26,SBUX,96.2,96.28,96.51,95.2,96.16,2320020,230436227.7821,95.97,0.2,1147800960,1147800000.0,114275061282.0,114275000000.0
2022-11-24,SBUX,96.16,95.17,96.7,94.95,95.11,5944871,590817366.8009,96.03,0.52,1147800960,1147800000.0,114229157278.2,114229100000.0
2022-11-23,SBUX,95.11,95.18,95.4,94.23,95.0,5399031,530339299.6788,94.91,0.47,1147800960,1147800000.0,112978040458.19,112978000000.0
2022-11-22,SBUX,95.0,93.72,95.16,93.44,94.65,4499172,440819860.7185,94.67,0.39,1147800960,1147800000.0,112851799569.61,112851800000.0
2022-11-19,SBUX,94.65,94.45,95.03,93.85,93.7,5964817,583441399.1801,94.51,0.52,1147800960,1147800000.0,112427100588.6,112427100000.0
2022-11-18,SBUX,93.7,92.0,93.74,91.89,93.8,5249906,505319716.7088,93.01,0.46,1147800960,1147800000.0,111302261386.8,111302200000.0
2022-11-17,SBUX,93.8,93.26,94.66,93.01,94.53,5348883,519996458.7931,93.94,0.47,1147800960,1147800000.0,111417048369.61,111417000000.0
2022-11-16,SBUX,94.53,95.57,96.17,94.01,94.13,6409949,630936420.8491,95.11,0.56,1147800960,1147800000.0,112289370212.4,112289300000.0
2022-11-15,SBUX,94.13,93.85,95.23,93.42,94.09,8521098,832817190.5393,94.44,0.74,1147800960,1147800000.0,111818768375.4,111818800000.0
2022-11-12,SBUX,94.09,93.5,95.34,93.31,93.01,8294395,809475670.9081,94.3,0.72,1147800960,1147800000.0,111772863223.8,111772800000.0
2022-11-11,SBUX,93.01,90.72,93.17,90.18,88.54,10408391,989348727.2727,91.85,0.91,1147900960,1147900000.0,110496940670.1,110496900000.0
2022-11-10,SBUX,88.54,88.51,89.47,88.26,89.11,6271203,576585046.0515,88.84,0.55,1147900960,1147900000.0,105182170704.3,105182100000.0
2022-11-09,SBUX,89.11,87.35,90.1,87.35,86.9,9675543,897625270.8463,89.13,0.84,1147900960,1147900000.0,106467814040.0,106467800000.0
2022-11-08,SBUX,86.9,88.07,88.73,85.77,88.25,10190196,921411808.9748,86.87,0.89,1147900960,1147900000.0,103827638388.3,103827600000.0
2022-11-05,SBUX,88.25,88.37,89.93,86.97,81.36,20194309,1858714572.6007,88.43,1.76,1147900960,1147900000.0,105446183333.5,105446100000.0
2022-11-04,SBUX,81.36,80.77,82.11,79.71,81.26,8855106,749808695.0961,81.35,0.77,1147900960,1147900000.0,97204245257.49,97204190000.0
2022-11-03,SBUX,81.26,83.84,85.1,81.21,83.68,7661699,660931085.7223,82.88,0.67,1147900960,1147900000.0,97089465492.6,97089440000.0
2022-11-02,SBUX,83.68,84.6,85.39,83.18,83.19,6219633,542685948.3547,83.83,0.54,1147900960,1147900000.0,99982181651.31,99982130000.0
2022-11-01,SBUX,83.19,83.2,84.13,82.58,83.68,7401121,641639452.384,83.29,0.64,1147900960,1147900000.0,99396740682.7,99396690000.0
2022-10-29,SBUX,83.68,81.83,84.34,81.0,81.93,8284918,716750592.3189,83.12,0.72,1147900960,1147900000.0,99982181651.31,99982130000.0
2022-10-28,SBUX,81.93,82.75,83.01,80.78,82.52,9524567,812091279.7813,81.92,0.83,1147900960,1147900000.0,97892992720.9,97892940000.0
2022-10-27,SBUX,82.52,82.25,84.77,82.12,81.86,9990899,868458935.5386,83.51,0.87,1147900960,1147900000.0,98593213454.4,98593130000.0
2022-10-26,SBUX,81.86,80.8,82.62,80.8,80.47,10674028,909245716.45,81.84,0.93,1147900960,1147900000.0,97812648836.91,97812630000.0
2022-10-25,SBUX,80.47,83.49,84.07,79.19,85.13,16499333,1385188203.5526,80.66,1.44,1147900960,1147900000.0,96148178670.1,96148130000.0
2022-10-22,SBUX,85.13,83.58,85.48,83.16,83.38,9088750,800629759.8062,84.63,0.79,1147900960,1147900000.0,101715505213.5,101715400000.0
2022-10-21,SBUX,83.38,83.9,84.77,83.08,84.08,4540684,395919501.6406,83.77,0.4,1147900960,1147900000.0,99626317430.99,99626250000.0
2022-10-20,SBUX,84.08,84.92,85.63,83.59,85.47,6473383,568748866.9203,84.41,0.56,1147900960,1147900000.0,100464297758.7,100464300000.0
2022-10-19,SBUX,85.47,86.57,86.91,84.62,85.41,5484434,487990688.7605,85.48,0.48,1147900960,1147900000.0,102117277436.91,102117300000.0
2022-10-18,SBUX,85.41,84.45,85.72,84.36,82.98,6255281,555037357.1768,85.25,0.54,1147900960,1147900000.0,102048388456.59,102048300000.0
2022-10-15,SBUX,82.98,86.48,87.14,82.85,85.86,6316223,551219895.1079,83.84,0.55,1147900960,1147900000.0,99144201323.6,99144130000.0
2022-10-14,SBUX,85.86,81.75,86.44,81.38,83.46,7616559,672163662.4171,84.79,0.66,1147900960,1147900000.0,102587904203.6,102587900000.0
2022-10-13,SBUX,83.46,83.58,84.6,83.02,82.83,5261902,459227250.9337,83.85,0.46,1147900960,1147900000.0,99718151803.6,99718130000.0
2022-10-12,SBUX,82.83,83.31,83.78,82.28,83.64,5531266,477754831.5073,82.98,0.48,1147900960,1147900000.0,98960549796.91,98960500000.0
2022-10-11,SBUX,83.64,83.59,84.13,82.75,83.61,5092426,442936163.1168,83.56,0.44,1147900960,1147900000.0,99936255281.8,99936190000.0
2022-10-08,SBUX,83.61,85.06,85.41,82.91,85.84,6606379,576236109.959,83.8,0.58,1147900960,1147900000.0,99901819400.9,99901750000.0
2022-10-07,SBUX,85.84,86.65,87.33,85.76,86.58,6893766,620510683.4228,86.48,0.6,1147900960,1147900000.0,102564958811.31,102564900000.0
2022-10-06,SBUX,86.58,84.29,87.08,84.11,85.04,7980789,712678887.1093,85.79,0.7,1147900960,1147900000.0,103448829923.6,103448800000.0
2022-10-05,SBUX,85.04,83.67,85.46,83.45,82.26,5982359,528207631.9296,84.83,0.52,1147900960,1147900000.0,101600708230.1,101600700000.0
2022-10-04,SBUX,82.26,81.42,82.84,80.51,80.95,6739879,575807462.5381,82.08,0.59,1147900960,1147900000.0,98283275603.6,98283250000.0
2022-10-01,SBUX,80.95,83.17,83.3,80.85,83.17,7737512,658538826.1437,81.77,0.67,1147400960,1147400000.0,96679999152.6,96679940000.0
2022-09-30,SBUX,83.17,83.4,83.91,82.25,83.69,6881453,595075058.8729,83.08,0.6,1147400960,1147400000.0,99330510286.41,99330440000.0
2022-09-29,SBUX,83.69,81.36,84.05,80.94,80.97,7850820,679616439.366,83.17,0.68,1147400960,1147400000.0,99950098773.0,99950000000.0
2022-09-28,SBUX,80.97,82.59,83.1,79.9,81.48,8628754,729411873.2558,81.21,0.75,1147400960,1147400000.0,96702951761.4,96702880000.0
2022-09-27,SBUX,81.48,81.0,82.65,80.97,80.87,7583547,644838829.6869,81.69,0.66,1147400960,1147400000.0,97311073122.8,97311000000.0
2022-09-24,SBUX,80.87,80.61,81.12,79.96,81.37,7153192,600100597.6516,80.6,0.62,1147400960,1147400000.0,96576737655.8,96576690000.0
2022-09-23,SBUX,81.37,84.55,84.56,81.07,85.12,9953047,848276289.1536,81.88,0.87,1147400960,1147400000.0,97184857869.8,97184810000.0
2022-09-22,SBUX,85.12,87.71,87.93,85.09,87.23,8806754,793658452.9117,86.58,0.77,1147400960,1147400000.0,101659733087.81,101659700000.0
2022-09-21,SBUX,87.23,88.06,88.41,86.56,88.52,6560039,596846734.3855,87.41,0.57,1147400960,1147400000.0,104172526273.99,104172500000.0
2022-09-20,SBUX,88.52,87.32,88.92,87.26,87.73,6286957,577413010.6119,88.24,0.55,1147400960,1147400000.0,105721524454.4,105721400000.0
2022-09-17,SBUX,87.73,87.57,88.48,87.09,88.6,11987637,1094808050.7615,87.74,1.04,1147400960,1147400000.0,104769179362.8,104769100000.0
2022-09-16,SBUX,88.6,88.47,89.49,88.13,89.06,11052395,1020082973.8468,88.67,0.96,1147400960,1147400000.0,105813318826.0,105813300000.0
2022-09-15,SBUX,89.06,86.05,89.81,86.0,84.39,24320594,2248823326.6088,88.84,2.12,1147400960,1147400000.0,106364065549.8,106364000000.0
2022-09-14,SBUX,84.39,83.32,85.79,82.69,85.57,16033629,1406561215.3299,84.28,1.4,1147400960,1147400000.0,100787696884.2,100787700000.0
2022-09-13,SBUX,85.57,86.25,86.83,85.06,85.21,9078938,810072737.1243,85.72,0.79,1147400960,1147400000.0,102199012686.41,102199000000.0
2022-09-10,SBUX,85.21,85.99,86.42,85.16,85.95,7096164,632310051.3829,85.61,0.62,1147400960,1147400000.0,101762994584.6,101762900000.0
2022-09-09,SBUX,85.95,83.87,85.97,83.74,84.84,7721070,685735312.2136,85.33,0.67,1147400960,1147400000.0,102646497913.41,102646400000.0
2022-09-08,SBUX,84.84,81.77,85.14,81.59,81.2,9946770,871542930.2455,84.18,0.87,1147400960,1147400000.0,101326976482.8,101326900000.0
2022-09-07,SBUX,81.2,79.81,81.3,78.46,79.68,11062813,928233079.7969,80.61,0.96,1147400960,1147400000.0,96978334876.2,96978310000.0
2022-09-03,SBUX,79.68,82.11,82.4,79.31,82.05,10336793,866382440.0122,80.52,0.9,1147400960,1147400000.0,95165439064.6,95165380000.0
2022-09-02,SBUX,82.05,80.41,82.11,79.67,80.77,7556805,636756762.4463,80.95,0.66,1147400960,1147400000.0,97988035099.59,97988000000.0
2022-09-01,SBUX,80.77,80.58,81.43,80.37,80.14,6570109,552357637.6222,80.77,0.57,1147400960,1147400000.0,96462007886.41,96461940000.0
2022-08-31,SBUX,80.14,80.88,81.68,79.44,80.82,6812531,568919212.1441,80.23,0.59,1147400960,1147400000.0,95704718663.2,95704630000.0
2022-08-30,SBUX,80.82,79.93,81.34,79.78,80.76,5035516,423760309.0123,80.85,0.44,1147400960,1147400000.0,96519364165.6,96519310000.0
2022-08-27,SBUX,80.76,84.07,84.54,80.66,83.96,6674910,568298473.2454,81.8,0.58,1147400960,1147400000.0,96450522402.8,96450500000.0
2022-08-26,SBUX,83.96,82.96,84.19,82.91,82.67,4236348,368807141.1507,83.64,0.37,1147400960,1147400000.0,100271369894.4,100271300000.0
2022-08-25,SBUX,82.67,81.43,83.08,81.16,81.37,4385984,376628845.222,82.5,0.38,1147400960,1147400000.0,98733857197.6,98733810000.0
2022-08-24,SBUX,81.37,81.52,82.25,81.26,81.61,4560352,387808202.4011,81.7,0.4,1147400960,1147400000.0,97173390744.6,97173380000.0
2022-08-23,SBUX,81.61,82.03,82.19,81.03,83.51,5915199,502080949.4866,81.55,0.52,1147400960,1147400000.0,97471708109.8,97471690000.0
2022-08-20,SBUX,83.51,84.32,84.52,83.15,85.07,4597727,400540206.0476,83.7,0.4,1147400960,1147400000.0,99732090295.8,99732060000.0
2022-08-19,SBUX,85.07,84.57,85.29,84.24,84.88,3428312,303235547.1549,84.98,0.3,1147400960,1147400000.0,101602359597.6,101602300000.0
2022-08-18,SBUX,84.88,84.93,85.51,84.41,85.89,3831252,338561233.7741,84.9,0.33,1147400960,1147400000.0,101372882847.81,101372800000.0
2022-08-17,SBUX,85.89,85.29,86.4,85.06,85.66,4580844,409510513.6389,85.89,0.4,1147400960,1147400000.0,102577638939.59,102577600000.0
2022-08-16,SBUX,85.66,84.65,85.75,84.55,84.84,5600992,497665524.6792,85.36,0.49,1147400960,1147400000.0,102302274183.2,102302300000.0
2022-08-13,SBUX,84.84,83.88,84.92,83.77,83.84,5153973,453425918.3401,84.52,0.45,1147400960,1147400000.0,101326976482.8,101326900000.0
2022-08-12,SBUX,83.84,83.53,84.11,83.1,82.62,5595695,487330168.7105,83.67,0.49,1147400960,1147400000.0,100133687516.2,100133600000.0
2022-08-11,SBUX,82.62,82.63,83.02,82.24,81.05,5072324,438424301.0827,82.57,0.44,1147400960,1147400000.0,99238715914.81,99238690000.0
2022-08-10,SBUX,81.05,81.91,81.99,80.68,81.89,3498395,296746437.1316,81.03,0.3,1147400960,1147400000.0,97345494004.2,97345440000.0
2022-08-09,SBUX,81.89,82.3,82.98,81.6,81.9,4885102,420441164.3065,82.22,0.43,1147400960,1147400000.0,98355212586.0,98355190000.0
2022-08-06,SBUX,81.9,81.93,82.3,81.12,83.0,4835082,413784852.5302,81.75,0.42,1147400960,1147400000.0,98366679711.2,98366630000.0
2022-08-05,SBUX,83.0,83.31,84.33,82.7,83.37,7086692,617152410.7014,83.19,0.62,1147400960,1147400000.0,99686201141.8,99686190000.0
2022-08-04,SBUX,83.37,82.17,84.03,80.16,79.97,12915676,1116569218.2575,82.59,1.13,1147400960,1147400000.0,100133687516.2,100133600000.0
2022-08-03,SBUX,79.97,80.91,81.34,79.88,81.11,7254738,610573948.7561,80.4,0.63,1147400960,1147400000.0,96048942393.41,96048880000.0
2022-08-02,SBUX,81.11,80.43,81.76,80.27,80.99,7313695,622238924.1133,81.28,0.64,1147400960,1147400000.0,97425820103.2,97425810000.0
2022-07-30,SBUX,80.99,80.82,81.18,80.18,80.89,5802699,490236429.2774,80.71,0.51,1147400960,1147400000.0,97276652241.4,97276630000.0
2022-07-29,SBUX,80.89,79.47,81.1,79.12,79.25,5594602,471052581.6532,80.43,0.49,1147400960,1147400000.0,97150438135.8,97150380000.0
2022-07-28,SBUX,79.25,77.6,79.68,77.49,76.72,6372574,525107062.8234,78.72,0.56,1147400960,1147400000.0,95188391673.41,95188380000.0
2022-07-27,SBUX,76.72,77.58,77.78,76.42,77.86,6587008,531142052.9174,77.03,0.57,1146900960,1146900000.0,92107613803.8,92107560000.0
2022-07-26,SBUX,77.86,79.85,79.96,77.41,79.85,5861106,478338909.7311,77.96,0.51,1146900960,1146900000.0,93472428240.0,93472380000.0
2022-07-23,SBUX,79.85,80.4,80.66,79.14,79.81,6283617,524338965.4299,79.72,0.55,1146900960,1146900000.0,95869447805.7,95869380000.0
2022-07-22,SBUX,79.81,79.24,79.87,78.96,79.55,7695297,640481885.5944,79.51,0.67,1146900960,1146900000.0,95812099316.99,95812060000.0
2022-07-21,SBUX,79.55,78.79,79.74,78.23,78.86,6850641,567630425.6793,79.15,0.6,1146900960,1146900000.0,95502448673.7,95502380000.0
2022-07-20,SBUX,78.86,77.48,78.97,77.29,76.64,5949199,488069347.0557,78.37,0.52,1146900960,1146900000.0,94676678835.6,94676630000.0
2022-07-19,SBUX,76.64,76.45,78.01,76.42,76.06,6768758,546343686.349,77.11,0.59,1146900960,1146900000.0,92015859433.2,92015810000.0
2022-07-16,SBUX,76.06,75.1,76.62,75.1,74.7,5584129,444379971.2722,76.02,0.49,1146900960,1146900000.0,91316249847.6,91316190000.0
2022-07-15,SBUX,74.7,73.64,74.87,73.38,74.44,4504473,350410625.7875,74.31,0.39,1146900960,1146900000.0,89687651631.3,89687560000.0
2022-07-14,SBUX,74.44,72.59,75.03,72.34,74.28,3897457,303101325.6381,74.29,0.34,1146900960,1146900000.0,89366521656.3,89366440000.0
2022-07-13,SBUX,74.28,74.86,75.89,73.92,74.42,5393395,421513785.5983,74.66,0.47,1146900960,1146900000.0,89183012915.1,89182940000.0
2022-07-12,SBUX,74.42,75.33,75.52,73.97,75.74,5351590,417759559.3414,74.57,0.47,1146900960,1146900000.0,89343577902.59,89343500000.0
2022-07-09,SBUX,75.74,75.17,76.07,74.77,75.7,3927101,311080620.6835,75.67,0.34,1146900960,1146900000.0,90926306961.9,90926250000.0
2022-07-08,SBUX,75.7,75.29,76.09,74.87,75.33,5395567,426308086.7059,75.48,0.47,1146900960,1146900000.0,90880438951.81,90880380000.0
2022-07-07,SBUX,75.33,76.26,76.88,74.68,75.97,4652817,366897865.9237,75.33,0.41,1146900960,1146900000.0,90444610852.5,90444560000.0
2022-07-06,SBUX,75.97,74.53,75.99,73.9,75.72,8089606,635304280.0196,75.02,0.71,1146900960,1146900000.0,91201570073.7,91201500000.0
2022-07-02,SBUX,75.72,73.3,75.92,73.12,72.98,7539231,592396553.5143,75.06,0.66,1146900960,1146900000.0,90903364355.1,90903310000.0
2022-07-01,SBUX,72.98,72.61,73.44,71.52,73.01,6781082,516008516.5822,72.69,0.59,1146900960,1146900000.0,87611764334.4,87611750000.0
2022-06-30,SBUX,73.01,72.8,73.7,72.26,72.93,8983863,687169428.1014,73.07,0.78,1146900960,1146900000.0,87657632344.49,87657560000.0
2022-06-29,SBUX,72.93,74.89,76.32,72.78,74.21,7210684,559370224.5941,74.11,0.63,1146900960,1146900000.0,87554415845.7,87554380000.0
2022-06-28,SBUX,74.21,74.51,74.93,73.81,74.62,6672168,518152553.6062,74.19,0.58,1146900960,1146900000.0,89091258544.49,89091190000.0
2022-06-25,SBUX,74.62,72.28,74.66,72.17,71.84,18011958,1397346033.2545,74.11,1.57,1146900960,1146900000.0,89584435132.5,89584380000.0
2022-06-24,SBUX,71.84,70.55,71.99,70.22,70.02,6586430,490261608.6251,71.11,0.57,1146900960,1146900000.0,86246948751.3,86246880000.0
2022-06-23,SBUX,70.02,69.13,70.52,68.99,69.7,6703754,491477659.8939,70.04,0.58,1146900960,1146900000.0,84067844955.6,84067810000.0
2022-06-22,SBUX,69.7,69.79,69.9,68.81,68.66,7872539,572640606.4485,69.49,0.69,1146900960,1146900000.0,83677902069.91,83677880000.0
2022-06-18,SBUX,68.66,67.9,69.2,67.61,67.78,9824324,703719226.2956,68.43,0.86,1146900960,1146900000.0,82427767407.6,82427690000.0
2022-06-17,SBUX,67.78,69.19,69.36,67.21,70.87,10147032,720825894.2133,67.86,0.88,1146900960,1146900000.0,81372619671.3,81372560000.0
2022-06-16,SBUX,70.87,69.98,71.91,69.84,69.08,7682258,570301695.1154,70.92,0.67,1146900960,1146900000.0,85088585663.1,85088560000.0
2022-06-15,SBUX,69.08,69.59,70.54,68.33,69.13,7635555,554122190.7493,69.33,0.67,1146900960,1146900000.0,82932406123.8,82932310000.0
2022-06-14,SBUX,69.13,69.82,70.7,68.7,72.29,9282754,674596280.1225,69.42,0.81,1146900960,1146900000.0,82989754612.5,82989750000.0
2022-06-11,SBUX,72.29,73.58,74.31,72.28,75.38,8695477,663738785.2345,72.92,0.76,1146900960,1146900000.0,86785994496.3,86785940000.0
2022-06-10,SBUX,75.38,74.48,76.68,74.26,74.96,13248102,1052919482.1426,75.92,1.16,1146900960,1146900000.0,90501959341.2,90501940000.0
2022-06-09,SBUX,74.96,75.37,76.2,74.76,75.92,5178254,407952725.0504,75.26,0.45,1146900960,1146900000.0,89997320625.0,89997250000.0
2022-06-08,SBUX,75.92,75.06,76.19,74.76,75.45,5517102,437096229.3017,75.68,0.48,1146900960,1146900000.0,91144221585.0,91144190000.0
2022-06-07,SBUX,75.45,76.14,77.67,75.02,75.52,7239430,576351242.028,76.05,0.63,1146900960,1146900000.0,90582233233.2,90582190000.0
2022-06-04,SBUX,75.52,75.47,76.33,74.82,75.87,10415715,823300797.2001,75.51,0.91,1146900960,1146900000.0,90662525475.6,90662500000.0
2022-06-03,SBUX,75.87,73.12,75.95,72.46,72.87,10241469,802919863.0182,74.89,0.89,1146900960,1146900000.0,91086873096.3,91086810000.0
2022-06-02,SBUX,72.87,75.23,75.35,72.65,74.99,7578949,581704806.4912,73.32,0.66,1146900960,1146900000.0,87485604081.9,87485560000.0
2022-06-01,SBUX,74.99,73.53,76.09,73.13,73.28,23361762,1832185829.7601,74.92,2.04,1146900960,1146900000.0,90031725360.0,90031690000.0
2022-05-28,SBUX,73.28,71.87,73.29,71.79,71.16,8498383,646911403.703,72.72,0.74,1146900960,1146900000.0,87978780669.91,87978750000.0
2022-05-27,SBUX,71.16,69.69,71.43,69.61,69.24,8940945,662929004.6038,70.83,0.78,1146900960,1146900000.0,85432659391.81,85432630000.0
2022-05-26,SBUX,69.24,69.47,70.21,68.71,69.47,8344363,606583471.7381,69.44,0.73,1146900960,1146900000.0,83127376993.2,83127310000.0
2022-05-25,SBUX,69.47,69.71,70.06,68.08,70.14,9227688,666400548.9123,68.99,0.8,1146900960,1146900000.0,83402640105.0,83402630000.0
2022-05-24,SBUX,70.14,70.43,70.95,69.33,70.11,10741903,788442832.884,70.12,0.94,1146900960,1146900000.0,84205467336.3,84205440000.0
2022-05-21,SBUX,70.11,69.62,70.15,68.27,68.71,15941809,1156814261.4322,69.32,1.39,1146900960,1146900000.0,84171061454.4,84171000000.0
2022-05-20,SBUX,68.71,67.92,69.18,67.19,68.09,11193708,801463929.5271,68.4,0.98,1146900960,1146900000.0,82496578024.49,82496500000.0
2022-05-19,SBUX,68.09,69.88,70.25,67.62,70.42,10576493,757964307.386,68.46,0.92,1146900960,1146900000.0,81751099281.9,81751060000.0
2022-05-18,SBUX,70.42,70.7,71.03,69.58,69.18,12454508,916359207.4981,70.29,1.09,1146900960,1146900000.0,84549541065.0,84549500000.0
2022-05-17,SBUX,69.18,71.59,72.07,69.07,72.22,11435305,838480096.8061,70.05,1.0,1146900960,1146900000.0,83058566376.3,83058560000.0
2022-05-14,SBUX,72.22,68.67,72.34,68.67,66.78,18156290,1353506046.9313,71.22,1.58,1146900960,1146900000.0,86705720604.31,86705630000.0
2022-05-13,SBUX,66.78,66.06,66.9,65.33,66.46,15460622,1070986614.7399,66.18,1.35,1146900960,1146900000.0,80168370222.59,80168310000.0
2022-05-12,SBUX,66.46,67.87,68.25,66.37,68.17,12118145,857267787.8355,67.11,1.06,1146900960,1146900000.0,80351878963.8,80351810000.0
2022-05-11,SBUX,68.17,71.0,71.19,67.93,69.71,14085856,1020748486.2389,68.74,1.23,1146900960,1146900000.0,82416304132.5,82416250000.0
2022-05-10,SBUX,69.71,71.37,72.62,69.56,72.59,12863610,957344575.0834,70.6,1.12,1146900960,1146900000.0,84285758431.81,84285690000.0
2022-05-07,SBUX,72.59,73.07,73.23,71.35,73.5,11165778,850640243.3842,72.27,0.97,1146900960,1146900000.0,87760867193.7,87760810000.0
2022-05-06,SBUX,73.5,76.29,77.05,73.17,77.45,19114661,1496286029.2909,74.26,1.67,1146900960,1146900000.0,88861881793.2,88861810000.0
2022-05-05,SBUX,77.45,75.23,78.61,73.91,70.51,30199657,2417932396.9407,75.95,2.63,1146900960,1146900000.0,93632994374.4,93632940000.0
2022-05-04,SBUX,70.51,71.83,71.9,69.61,71.5,15570145,1154596255.1219,70.34,1.36,1146900960,1146900000.0,85249150650.6,85249130000.0
2022-05-03,SBUX,71.5,71.38,71.83,69.69,70.8,12378954,924481353.6997,70.84,1.08,1146900960,1146900000.0,86441920767.6,86441880000.0
2022-04-30,SBUX,70.8,72.11,72.83,70.65,72.65,9199277,692990680.4913,71.46,0.8,1146900960,1146900000.0,85604687654.4,85604630000.0
2022-04-29,SBUX,72.65,71.73,73.14,71.01,70.9,8818512,670486397.1008,72.12,0.77,1146900960,1146900000.0,87829677810.6,87829630000.0
2022-04-28,SBUX,70.9,71.51,72.5,70.84,71.74,8467336,637001014.943,71.36,0.74,1146900960,1146900000.0,85719384631.81,85719310000.0
2022-04-27,SBUX,71.74,73.51,73.59,71.74,73.97,8800453,670976396.657,72.33,0.77,1146900960,1146900000.0,86740125339.3,86740060000.0
2022-04-26,SBUX,73.97,73.4,74.07,72.79,73.92,10258954,794868885.397,73.5,0.89,1146900960,1146900000.0,89435332273.2,89435250000.0
2022-04-23,SBUX,73.92,74.84,75.4,73.78,74.9,10315528,806980722.6748,74.21,0.9,1146900960,1146900000.0,89366521656.3,89366440000.0
2022-04-22,SBUX,74.9,76.89,77.02,74.68,76.05,8152543,648148316.1965,75.42,0.71,1146900960,1146900000.0,90559307829.91,90559250000.0
2022-04-21,SBUX,76.05,77.13,77.33,75.89,77.05,8368789,674257429.0309,76.43,0.73,1146900960,1146900000.0,91947048816.3,91947000000.0
2022-04-20,SBUX,77.05,75.53,77.35,75.33,75.51,8622145,697847101.007,76.78,0.75,1146900960,1146900000.0,93151298265.0,93151250000.0
2022-04-19,SBUX,75.51,74.98,75.86,74.83,75.42,7797254,619317982.7248,75.35,0.68,1146900960,1146900000.0,91293324444.31,91293250000.0
2022-04-15,SBUX,75.42,76.6,76.91,75.17,76.76,9567234,763061516.7907,75.66,0.83,1146900960,1146900000.0,91178626320.0,91178560000.0
2022-04-14,SBUX,76.76,75.78,77.13,75.52,75.69,8604426,693865240.6663,76.5,0.75,1146900960,1146900000.0,92807224536.3,92807190000.0
2022-04-13,SBUX,75.69,76.68,77.09,75.56,76.53,8472524,681255261.4747,76.28,0.74,1146900960,1146900000.0,91511220716.99,91511190000.0
2022-04-12,SBUX,76.53,76.72,77.54,76.16,77.33,8623160,697855963.4192,76.77,0.75,1146900960,1146900000.0,92531961424.49,92531940000.0
2022-04-09,SBUX,77.33,78.92,78.92,77.16,78.85,9286774,762279825.2208,77.86,0.81,1146900960,1146900000.0,93495371993.7,93495310000.0
2022-04-08,SBUX,78.85,78.73,79.21,77.26,79.08,10869149,896247223.0654,78.22,0.95,1146900960,1146900000.0,95330403207.6,95330380000.0
2022-04-07,SBUX,79.08,79.35,79.58,77.85,79.8,10567047,877278387.0505,78.75,0.92,1146900960,1146900000.0,95605665172.5,95605630000.0
2022-04-06,SBUX,79.8,82.11,82.17,79.51,83.56,17525786,1483761189.1723,80.31,1.53,1146900960,1146900000.0,96477304167.6,96477250000.0
2022-04-05,SBUX,83.56,83.37,83.91,81.75,86.79,16250602,1418794656.438,82.82,1.42,1146900960,1146900000.0,101030502125.7,101030400000.0
2022-04-02,SBUX,86.79,86.8,87.17,85.83,86.3,6516305,593753356.6857,86.44,0.57,1150300960,1150300000.0,105241041732.21,105241000000.0
2022-04-01,SBUX,86.3,86.63,87.87,86.3,86.35,11306059,1038027366.4844,87.09,0.98,1150300960,1150300000.0,104642880631.8,104642800000.0
2022-03-31,SBUX,86.35,86.09,86.84,85.75,86.54,8122098,739442323.9647,86.36,0.71,1150300960,1150300000.0,104711895238.5,104711800000.0
2022-03-30,SBUX,86.54,85.09,87.18,85.05,83.84,8963203,814965725.2281,86.25,0.78,1150300960,1150300000.0,104941951979.6,104941900000.0
2022-03-29,SBUX,83.84,82.98,83.88,82.3,82.96,5980992,524886445.1222,83.25,0.52,1150300960,1150300000.0,101663604596.3,101663600000.0
2022-03-26,SBUX,82.96,82.9,83.17,81.78,82.64,7049289,614181999.8945,82.65,0.61,1150300960,1150300000.0,100593815501.1,100593800000.0
2022-03-25,SBUX,82.64,82.37,82.67,81.16,81.79,6163402,533475756.2878,82.11,0.54,1150300960,1150300000.0,100214215034.0,100214200000.0
2022-03-24,SBUX,81.79,82.87,83.2,81.68,83.37,7670504,664421365.3017,82.17,0.67,1150300960,1150300000.0,99178951071.8,99178940000.0
2022-03-23,SBUX,83.37,82.91,84.52,82.67,82.4,8447375,745581384.4073,83.73,0.73,1150300960,1150300000.0,101099951374.4,101099900000.0
2022-03-22,SBUX,82.4,85.0,85.11,81.55,85.0,11925325,1036911707.3281,82.48,1.04,1150300960,1150300000.0,99915142535.9,99915060000.0
2022-03-19,SBUX,85.0,81.69,85.14,80.62,83.16,23784200,2100401895.8494,83.77,2.07,1150300960,1150300000.0,103066974068.11,103066900000.0
2022-03-18,SBUX,83.16,82.97,83.43,81.59,82.92,8554160,746252044.3892,82.76,0.74,1150300960,1150300000.0,100835386754.8,100835300000.0
2022-03-17,SBUX,82.92,83.49,85.46,81.22,78.85,21207899,1867317396.3555,83.52,1.84,1150300960,1150300000.0,100547811514.8,100547800000.0
2022-03-16,SBUX,78.85,76.36,79.15,76.15,75.22,12542258,1037094279.673,78.44,1.09,1150300960,1150300000.0,95613011194.0,95613000000.0
2022-03-15,SBUX,75.22,78.09,78.11,74.86,78.48,18199278,1453823953.2365,75.78,1.58,1150300960,1150300000.0,91207356216.59,91207310000.0
2022-03-12,SBUX,78.48,83.81,84.25,78.3,82.68,15351743,1293514837.5655,79.93,1.33,1150300960,1150300000.0,95164393819.6,95164380000.0
2022-03-11,SBUX,82.68,81.67,82.87,81.2,83.1,9114348,789788386.2345,82.2,0.79,1150300960,1150300000.0,100260236274.8,100260200000.0
2022-03-10,SBUX,83.1,82.06,83.6,81.89,79.68,8811617,769882502.885,82.88,0.77,1150300960,1150300000.0,100766372148.11,100766300000.0
2022-03-09,SBUX,79.68,80.4,82.45,79.46,80.12,10692043,907595160.6434,80.52,0.93,1150300960,1150300000.0,96625280640.0,96625250000.0
2022-03-08,SBUX,80.12,85.41,85.42,80.02,85.4,14608731,1258340575.1622,81.71,1.27,1150300960,1150300000.0,97154427133.71,97154380000.0
2022-03-05,SBUX,85.4,86.3,86.48,84.85,86.83,7180082,646456521.6653,85.41,0.62,1150300960,1150300000.0,103561594278.5,103561600000.0
2022-03-04,SBUX,86.83,88.68,88.7,86.4,88.0,6587438,605211018.0302,87.15,0.57,1150300960,1150300000.0,105287045718.5,105287000000.0
2022-03-03,SBUX,88.0,86.11,88.49,85.94,85.51,10721118,992960948.5358,87.86,0.93,1150300960,1150300000.0,106713425810.7,106713400000.0
2022-03-02,SBUX,85.51,86.79,86.81,85.04,87.07,7100734,641643676.1471,85.72,0.62,1150300960,1150300000.0,103688128534.4,103688100000.0
2022-03-01,SBUX,87.07,86.6,87.57,85.96,87.82,8591543,786037700.1986,86.79,0.75,1150300960,1150300000.0,105586118216.59,105586100000.0
2022-02-26,SBUX,87.82,86.61,88.02,85.64,86.33,7039414,647509226.6882,87.26,0.61,1150300960,1150300000.0,106494865177.4,106494800000.0
2022-02-25,SBUX,86.33,83.0,86.51,82.77,85.04,9260492,829581747.3078,84.98,0.81,1150300960,1150300000.0,104688884618.1,104688800000.0
2022-02-24,SBUX,85.04,89.06,89.06,84.84,88.33,9674758,876502134.9239,85.94,0.84,1150300960,1150300000.0,103124474162.19,103124400000.0
2022-02-23,SBUX,88.33,88.79,89.21,87.61,88.54,8622481,803844535.4597,88.44,0.75,1150300960,1150300000.0,107104523535.9,107104500000.0
2022-02-19,SBUX,88.54,87.8,89.22,87.78,88.27,6210649,579152310.3809,88.46,0.54,1150300960,1150300000.0,107369088155.5,107369000000.0
2022-02-18,SBUX,88.27,89.57,89.77,88.01,90.29,6578223,615261894.4816,88.72,0.57,1150300960,1150300000.0,107035508929.2,107035400000.0
2022-02-17,SBUX,90.29,89.49,90.64,88.37,89.65,6545766,619184958.937,89.73,0.57,1150300960,1150300000.0,109485637320.69,109485600000.0
2022-02-16,SBUX,89.65,90.26,90.55,89.51,88.84,7723938,732049377.8164,89.91,0.67,1150300960,1150300000.0,108714937978.1,108714900000.0
2022-02-15,SBUX,88.84,88.93,89.63,87.67,88.91,7948551,743519415.1607,88.74,0.69,1150300960,1150300000.0,107725678002.19,107725600000.0
2022-02-12,SBUX,88.91,90.68,91.53,88.56,90.41,6924785,655865139.6678,89.85,0.6,1150300960,1150300000.0,107817704379.6,107817700000.0
2022-02-11,SBUX,90.41,90.55,91.84,90.1,91.67,9098758,871399900.2429,90.85,0.79,1150300960,1150300000.0,109635182197.0,109635100000.0
2022-02-10,SBUX,91.67,90.84,92.47,90.8,89.59,9353727,910306638.5078,91.85,0.81,1150300960,1150300000.0,111728737996.3,111728700000.0
2022-02-09,SBUX,89.59,89.94,90.63,89.05,89.84,7161008,681099210.7756,89.77,0.62,1150300960,1150300000.0,109186565972.9,109186500000.0
2022-02-08,SBUX,89.84,89.99,90.71,89.55,89.66,6849047,654569640.7247,90.2,0.6,1150300960,1150300000.0,109497151833.3,109497100000.0
2022-02-05,SBUX,89.66,90.05,90.55,88.56,90.55,8267570,784536206.5943,89.56,0.72,1150300960,1150300000.0,109278591200.0,109278600000.0
2022-02-04,SBUX,90.55,91.4,92.0,90.3,92.24,8901063,855966326.2699,90.76,0.77,1150300960,1150300000.0,110359877553.3,110359800000.0
2022-02-03,SBUX,92.24,90.42,93.58,89.42,93.21,15578778,1518021132.2587,91.97,1.35,1150300960,1150300000.0,112418908219.6,112418900000.0
2022-02-02,SBUX,93.21,92.89,93.47,91.36,92.8,11601891,1136100174.9299,92.42,1.01,1150300960,1150300000.0,113603717058.1,113603700000.0
2022-02-01,SBUX,92.8,91.58,92.87,91.0,91.75,8807734,861074946.9477,92.27,0.77,1150300960,1150300000.0,113097599589.61,113097600000.0
2022-01-29,SBUX,91.75,89.72,91.76,88.52,89.97,8345418,800444984.0953,90.53,0.73,1150300960,1150300000.0,111820764373.71,111820800000.0
2022-01-28,SBUX,89.97,91.19,91.71,89.72,90.21,7328859,703386509.6391,90.58,0.64,1150300960,1150300000.0,109646696709.61,109646600000.0
2022-01-27,SBUX,90.21,92.21,93.1,89.57,91.56,11863047,1149311069.1396,91.44,1.03,1150300960,1150300000.0,109945768057.4,109945700000.0
2022-01-26,SBUX,91.56,91.24,92.58,89.79,92.59,12368540,1198378019.9792,91.45,1.07,1154520960,1154520000.0,112000072557.0,112000000000.0
2022-01-25,SBUX,92.59,89.43,92.83,89.1,90.9,17205270,1660981177.8254,91.12,1.49,1154520960,1154520000.0,113258514257.65,113258400000.0
2022-01-22,SBUX,90.9,90.52,92.88,90.11,90.34,13438313,1304111637.951,91.59,1.16,1154520960,1154520000.0,111191911348.56,111191900000.0
2022-01-21,SBUX,90.34,92.01,93.38,90.22,91.43,20311512,1982702170.7379,92.13,1.76,1154520960,1154520000.0,110510748600.24,110510700000.0
2022-01-20,SBUX,91.43,92.44,92.86,91.34,92.24,10856825,1059709684.982,92.13,0.94,1154520960,1154520000.0,111838440777.12,111838400000.0
2022-01-19,SBUX,92.24,93.6,93.78,92.03,94.5,11402290,1119049269.1296,92.63,0.99,1154520960,1154520000.0,112831328802.72,112831300000.0
2022-01-15,SBUX,94.5,96.19,96.19,93.52,96.65,13703172,1371059911.9224,94.43,1.19,1154520960,1154520000.0,115590638515.2,115590600000.0
2022-01-14,SBUX,96.65,98.3,98.79,96.36,98.04,9818488,1014878193.632,97.56,0.85,1154520960,1154520000.0,118222946304.0,118222900000.0
2022-01-13,SBUX,98.04,98.57,99.4,97.86,98.2,11810465,1230205198.4695,98.31,1.02,1154520960,1154520000.0,119920092115.2,119920100000.0
2022-01-12,SBUX,98.2,100.08,100.21,97.88,100.07,13073176,1366741852.2398,98.67,1.13,1154520960,1154520000.0,120116360678.4,120116300000.0
2022-01-11,SBUX,100.07,100.63,101.0,98.55,101.53,8499391,896810691.5477,99.59,0.74,1154520960,1154520000.0,122413857388.8,122413800000.0
2022-01-08,SBUX,101.53,102.14,103.55,101.44,104.9,11266438,1219366584.74,102.15,0.98,1154520960,1154520000.0,124191831212.41,124191800000.0
2022-01-07,SBUX,104.9,103.82,105.6,103.81,104.24,6099910,678045865.897,104.91,0.53,1154520960,1154520000.0,128313459494.4,128313400000.0
2022-01-06,SBUX,104.24,107.97,108.5,104.2,107.82,8662328,969259150.9241,105.61,0.74,1173200960,1173200000.0,129568325754.41,129568300000.0
2022-01-05,SBUX,107.82,110.33,110.48,107.75,110.13,8367606,962503125.6438,108.57,0.71,1173200960,1173200000.0,134026489402.41,134026400000.0
2022-01-04,SBUX,110.13,109.93,111.18,108.33,110.4,5478426,636674784.5317,109.69,0.47,1173200960,1173200000.0,136889088012.8,136889000000.0
2022-01-01,SBUX,110.4,109.17,110.88,109.11,109.71,3674938,429948636.3224,110.42,0.31,1173200960,1173200000.0,137229328023.21,137229300000.0
2021-12-31,SBUX,109.71,109.84,110.75,109.56,109.84,4068918,474063980.384,109.96,0.35,1173200960,1173200000.0,136372891322.41,136372900000.0
2021-12-30,SBUX,109.84,108.91,110.39,108.83,109.08,4215461,490519936.5827,109.83,0.36,1173200960,1173200000.0,136537139456.81,136537100000.0
2021-12-29,SBUX,109.08,107.6,109.75,107.42,107.8,4562965,527496138.8966,109.11,0.39,1173200960,1173200000.0,135586846679.21,135586800000.0
2021-12-28,SBUX,107.8,106.28,107.95,106.08,106.06,3717026,423361827.348,107.5,0.32,1173200960,1173200000.0,134003025383.21,134002900000.0
2021-12-24,SBUX,106.06,105.93,106.57,105.7,105.46,3359803,378026554.6435,106.19,0.29,1173200960,1173200000.0,131832591875.2,131832500000.0
2021-12-23,SBUX,105.46,104.01,105.5,103.82,104.17,3643281,406032373.2789,105.19,0.31,1173200960,1173200000.0,131093487002.41,131093400000.0
2021-12-22,SBUX,104.17,102.88,104.67,102.75,102.02,4682227,516134524.2229,104.04,0.4,1173200960,1173200000.0,129486189955.2,129486100000.0
2021-12-21,SBUX,102.02,101.06,102.05,100.62,102.53,6313699,678526349.5981,101.43,0.54,1173200960,1173200000.0,126811291766.4,126811300000.0
2021-12-18,SBUX,102.53,105.02,105.52,102.14,107.21,13720731,1498184454.8403,103.06,1.17,1173200960,1173200000.0,127444832016.81,127444800000.0
2021-12-17,SBUX,107.21,108.54,108.92,106.86,108.24,7544367,859769718.6243,107.56,0.64,1173200960,1173200000.0,133263897046.4,133263900000.0
2021-12-16,SBUX,108.24,108.36,108.73,106.42,108.27,6902395,787122275.4834,107.63,0.59,1173200960,1173200000.0,134542686092.8,134542600000.0
2021-12-15,SBUX,108.27,108.13,108.82,107.63,109.07,6854617,786285575.9913,108.27,0.58,1173200960,1173200000.0,134577893853.61,134577900000.0
2021-12-14,SBUX,109.07,109.64,110.27,108.75,110.17,6479399,750647445.3086,109.34,0.55,1173200960,1173200000.0,135575102937.6,135575000000.0
2021-12-11,SBUX,110.17,109.31,110.51,109.28,108.87,6110961,712621772.7657,110.06,0.52,1173200960,1173200000.0,136947748060.8,136947700000.0
2021-12-10,SBUX,108.87,109.3,109.87,108.77,109.72,5664680,655819320.1588,109.27,0.48,1173200960,1173200000.0,135328742468.01,135328700000.0
2021-12-09,SBUX,109.72,109.28,110.1,108.68,109.73,5806965,674362264.7535,109.61,0.49,1173200960,1173200000.0,136384611600.0,136384600000.0
2021-12-08,SBUX,109.73,108.6,110.61,108.34,106.99,8786899,1022439174.1905,109.82,0.75,1173200960,1173200000.0,136396343609.6,136396300000.0
2021-12-07,SBUX,106.99,105.72,107.76,105.44,104.99,8280227,939460479.0341,107.09,0.71,1173200960,1173200000.0,132994072557.61,132994000000.0
2021-12-04,SBUX,104.99,105.57,106.51,103.9,105.16,7014074,780465833.6836,105.02,0.6,1173200960,1173200000.0,130506886522.41,130506800000.0
2021-12-03,SBUX,105.16,103.04,105.78,103.04,102.56,7709359,857394125.4709,104.97,0.66,1173200960,1173200000.0,130718050963.2,130718000000.0
2021-12-02,SBUX,102.56,104.73,106.98,102.45,103.48,7621590,846042219.54,104.77,0.65,1173200960,1173200000.0,127480028045.61,127480000000.0
2021-12-01,SBUX,103.48,103.4,104.85,102.92,104.51,9483254,1044351976.5111,103.94,0.81,1173200960,1173200000.0,128629753254.4,128629700000.0
2021-11-30,SBUX,104.51,105.11,105.42,103.46,104.44,7114070,788510073.2077,104.61,0.61,1173200960,1173200000.0,129908542300.8,129908500000.0
2021-11-27,SBUX,104.44,103.83,104.6,103.11,107.57,6703215,738142685.4376,103.93,0.57,1173200960,1173200000.0,129826429965.61,129826400000.0
2021-11-25,SBUX,107.57,107.04,107.84,106.73,107.2,4464305,508705322.5975,107.55,0.38,1173200960,1173200000.0,133709725143.21,133709700000.0
2021-11-24,SBUX,107.2,105.71,107.7,105.5,105.19,7911992,896251544.0991,106.91,0.67,1173200960,1173200000.0,133252176768.81,133252100000.0
2021-11-23,SBUX,105.19,104.87,106.27,104.45,104.56,5969254,667356627.946,105.52,0.51,1173200960,1173200000.0,130753246992.0,130753200000.0
2021-11-20,SBUX,104.56,106.4,106.56,103.6,106.56,6922805,766406503.7656,104.49,0.59,1173200960,1173200000.0,129967202348.8,129967100000.0
2021-11-19,SBUX,106.56,105.82,106.87,105.09,106.2,5641289,633802260.3363,106.04,0.48,1173200960,1173200000.0,132454388384.0,132454300000.0
2021-11-18,SBUX,106.2,105.92,106.76,105.39,105.93,5768641,649279061.8876,106.23,0.49,1173200960,1173200000.0,132008583751.21,132008500000.0
2021-11-17,SBUX,105.93,105.97,106.76,105.24,105.59,7964981,894719856.1977,106.02,0.68,1173200960,1173200000.0,131668343740.8,131668300000.0
2021-11-16,SBUX,105.59,105.82,107.27,105.31,105.44,6566117,738330309.1235,106.13,0.56,1173200960,1173200000.0,131245991395.2,131245900000.0
2021-11-13,SBUX,105.44,105.46,105.94,104.85,105.18,7350367,820227453.53,105.32,0.63,1173200960,1173200000.0,131070022983.21,131069900000.0
2021-11-12,SBUX,105.18,106.89,106.89,104.33,106.89,7191871,801868516.8702,105.23,0.61,1179100960,1179100000.0,131399022773.41,131398900000.0
2021-11-11,SBUX,106.89,106.56,108.03,106.28,107.26,6563699,746281483.6487,107.31,0.56,1179100960,1179100000.0,133533183720.0,133533100000.0
2021-11-10,SBUX,107.26,107.75,108.64,106.54,108.22,6754723,771687249.8843,107.36,0.57,1179100960,1179100000.0,134570804355.81,134570800000.0
2021-11-09,SBUX,108.22,109.5,110.4,107.67,109.87,8753317,1010990694.3992,108.54,0.74,1179100960,1179100000.0,135785278344.61,135785300000.0
2021-11-06,SBUX,109.87,106.42,110.26,106.33,105.41,10256801,1189458749.5758,108.98,0.87,1179100960,1179100000.0,137848705024.61,137848600000.0
2021-11-05,SBUX,105.41,104.88,105.65,104.25,105.83,8212594,919100138.619,105.17,0.7,1179100960,1179100000.0,132247975464.61,132247900000.0
2021-11-04,SBUX,105.83,104.63,106.12,103.48,104.74,6422578,719215056.3694,105.24,0.54,1179100960,1179100000.0,132778570896.61,132778500000.0
2021-11-03,SBUX,104.74,103.61,105.09,103.18,103.19,11538860,1282040040.818,104.42,0.98,1179100960,1179100000.0,131410801992.0,131410800000.0
2021-11-02,SBUX,103.19,100.77,103.52,100.74,99.68,14184633,1550291165.5584,102.71,1.2,1179100960,1179100000.0,129465297199.01,129465300000.0
2021-10-30,SBUX,99.68,101.03,101.49,97.76,106.38,27419551,2885274351.1219,98.89,2.33,1179100960,1179100000.0,125067250618.21,125067200000.0
2021-10-29,SBUX,106.38,106.89,107.7,105.69,106.67,7697551,869997227.6526,106.22,0.65,1179100960,1179100000.0,133474228672.0,133474200000.0
2021-10-28,SBUX,106.67,108.61,108.61,106.27,108.0,5853910,667188913.7511,107.11,0.5,1179100960,1179100000.0,133839749969.6,133839700000.0
2021-10-27,SBUX,108.0,108.0,108.34,107.37,107.8,5947992,682656989.832,107.86,0.5,1179100960,1179100000.0,135502282323.2,135502300000.0
2021-10-26,SBUX,107.8,107.83,107.96,106.53,107.65,4290625,490924302.1875,107.53,0.36,1179100960,1179100000.0,135254682912.61,135254600000.0
2021-10-23,SBUX,107.65,107.52,108.06,107.2,107.55,3396356,389113714.208,107.67,0.29,1179100960,1179100000.0,135066026759.01,135066000000.0
2021-10-22,SBUX,107.55,107.07,107.66,106.77,107.0,3684290,421033292.62,107.4,0.31,1179100960,1179100000.0,134936325653.41,134936300000.0
2021-10-21,SBUX,107.0,106.25,108.18,105.92,106.66,7645180,873123898.044,107.33,0.65,1179100960,1179100000.0,134252447096.61,134252400000.0
2021-10-20,SBUX,106.66,106.89,107.64,105.97,106.54,5799285,658081462.4383,106.64,0.49,1179100960,1179100000.0,133816179741.41,133816100000.0
2021-10-19,SBUX,106.54,104.73,106.73,104.28,104.74,4958434,560189493.8614,106.17,0.42,1179100960,1179100000.0,133674675835.2,133674600000.0
2021-10-16,SBUX,104.74,105.68,106.12,104.27,105.13,5860871,654699730.7099,104.98,0.5,1179100960,1179100000.0,131410801992.0,131410800000.0
2021-10-15,SBUX,105.13,104.39,105.83,104.32,104.09,5196328,582006923.148,105.26,0.44,1179100960,1179100000.0,131906024395.2,131905900000.0
2021-10-14,SBUX,104.09,104.68,104.77,102.82,104.32,4808625,530779874.4,103.73,0.41,1179100960,1179100000.0,130597222329.6,130597200000.0
2021-10-13,SBUX,104.32,104.99,105.14,103.99,104.26,3866802,430388248.3948,104.6,0.33,1179100960,1179100000.0,130880206560.0,130880100000.0
2021-10-12,SBUX,104.26,106.09,106.72,104.24,104.52,5987336,670475057.4192,105.24,0.51,1179100960,1179100000.0,130809472293.41,130809400000.0
2021-10-09,SBUX,104.52,105.8,105.87,104.44,105.45,3786964,423098931.5964,105.0,0.32,1179100960,1179100000.0,131139620562.21,131139600000.0
2021-10-07,SBUX,104.92,103.54,105.27,102.89,104.17,5734477,635608283.7846,104.16,0.49,1179100960,1179100000.0,131634831174.4,131634800000.0
2021-10-06,SBUX,104.17,104.43,104.77,103.4,104.75,5883996,652984164.1348,104.29,0.5,1179100960,1179100000.0,130703353207.01,130703300000.0
2021-10-02,SBUX,106.12,104.21,106.63,103.88,103.67,5636863,632870958.0854,105.51,0.48,1179100960,1179100000.0,133144080403.2,133144000000.0
2021-10-01,SBUX,103.67,104.8,105.41,103.67,105.41,5976055,663158640.1115,104.29,0.51,1179100960,1179100000.0,130066626897.6,130066600000.0
2021-09-30,SBUX,105.41,105.16,105.74,104.85,104.98,4389133,492170205.8867,105.38,0.37,1179100960,1179100000.0,132259754683.2,132259700000.0
2021-09-29,SBUX,104.98,105.89,106.2,104.39,106.83,5917926,661257274.5673,105.01,0.5,1179100960,1179100000.0,131717380032.61,131717300000.0
2021-09-28,SBUX,106.83,106.77,107.76,106.11,107.24,3988883,454569556.5741,107.1,0.34,1179100960,1179100000.0,134040197132.8,134040100000.0
2021-09-25,SBUX,107.24,107.26,107.94,106.91,107.27,3955231,451680260.7842,107.32,0.34,1179100960,1179100000.0,134547222336.61,134547200000.0
2021-09-24,SBUX,107.27,106.56,107.8,106.29,106.26,3841978,438707399.6662,107.31,0.33,1179100960,1179100000.0,134582583574.4,134582500000.0
2021-09-23,SBUX,106.26,106.25,107.16,105.56,105.46,4578156,518985715.7628,106.53,0.39,1179100960,1179100000.0,133320957338.21,133320900000.0
2021-09-21,SBUX,105.09,104.65,105.51,103.73,106.58,7795223,868851735.9207,104.75,0.66,1179100960,1179100000.0,131847081138.21,131847000000.0
2021-09-18,SBUX,106.58,107.64,107.93,106.31,107.76,9261031,1052533861.7192,106.81,0.79,1179100960,1179100000.0,133721851664.61,133721800000.0
2021-09-17,SBUX,107.76,107.88,108.33,106.38,107.74,7996996,912937863.0596,107.29,0.68,1179100960,1179100000.0,135207507083.2,135207400000.0
2021-09-16,SBUX,107.74,109.91,109.97,106.31,111.7,11556161,1320661191.402,107.4,0.98,1179100960,1179100000.0,135172134054.4,135172100000.0
2021-09-14,SBUX,112.0,112.67,112.91,111.42,112.15,4381067,521992304.1691,111.97,0.37,1179100960,1179100000.0,140525252412.8,140525200000.0
2021-09-11,SBUX,112.15,112.16,113.49,111.73,111.64,6517863,781216068.0951,112.64,0.55,1179100960,1179100000.0,140713908566.4,140713900000.0
2021-09-10,SBUX,111.64,110.88,112.84,110.71,110.93,4711219,562083336.8328,112.12,0.4,1179100960,1179100000.0,140065403038.4,140065400000.0
2021-09-09,SBUX,110.93,109.11,111.07,108.55,108.82,5548352,651744380.5376,110.39,0.47,1179100960,1179100000.0,139181077318.4,139181000000.0
2021-09-08,SBUX,108.82,110.04,110.08,108.52,110.13,4265770,494908705.9797,109.03,0.36,1179100960,1179100000.0,136528100158.4,136528100000.0
2021-09-03,SBUX,110.3,111.17,111.23,109.86,110.38,3802306,446302548.9239,110.31,0.32,1179100960,1179100000.0,138391079675.2,138391000000.0
2021-09-01,SBUX,110.41,108.8,110.52,108.69,108.65,6995512,819750955.3439,110.13,0.59,1179100960,1179100000.0,138532583581.41,138532600000.0
2021-08-28,SBUX,108.19,107.7,108.44,107.3,107.44,4204688,483727952.5381,108.12,0.36,1179100960,1179100000.0,135738102515.2,135738100000.0
2021-08-27,SBUX,107.44,108.66,108.8,107.0,108.61,5188195,594123089.39,107.62,0.44,1179100960,1179100000.0,134794833538.21,134794800000.0
2021-08-26,SBUX,108.61,108.63,109.0,108.07,108.15,3881496,448556157.7992,108.6,0.33,1179100960,1179100000.0,136268709738.21,136268600000.0
2021-08-24,SBUX,108.22,107.8,108.51,107.8,107.73,4235113,487614012.7191,108.2,0.36,1179100960,1179100000.0,135773475544.0,135773400000.0
2021-08-21,SBUX,107.73,107.12,108.07,106.82,107.44,3486323,399699959.304,107.74,0.3,1179100960,1179100000.0,135160354835.81,135160300000.0
2021-08-20,SBUX,107.44,107.61,108.14,106.77,108.71,5317418,607201278.838,107.31,0.45,1179100960,1179100000.0,134794833538.21,134794800000.0
2021-08-19,SBUX,108.71,109.28,109.71,108.64,109.55,4520484,524577305.538,109.06,0.38,1179100960,1179100000.0,136398399052.8,136398300000.0
2021-08-18,SBUX,109.55,109.6,109.9,108.6,110.46,4719789,548985608.5852,109.31,0.4,1179100960,1179100000.0,137447810698.21,137447800000.0
2021-08-17,SBUX,110.46,109.67,110.64,109.4,109.73,5976598,700810502.5418,110.2,0.51,1179100960,1179100000.0,138591526838.4,138591500000.0
2021-08-14,SBUX,109.73,108.96,109.79,108.45,108.78,4361652,507150693.7513,109.27,0.37,1179100960,1179100000.0,137671828089.6,137671800000.0
2021-08-12,SBUX,109.48,109.33,110.22,108.92,108.96,6472317,754998431.7,109.63,0.55,1179100960,1179100000.0,137365261840.0,137365300000.0
2021-08-11,SBUX,108.96,110.83,110.93,108.57,110.41,9839676,1147345678.7008,109.16,0.83,1179100960,1179100000.0,137235560734.4,137235500000.0
2021-08-10,SBUX,110.41,111.39,111.42,110.23,111.45,4557887,538467904.1815,110.6,0.39,1179100960,1179100000.0,139063179013.41,139063100000.0
2021-08-07,SBUX,111.45,111.53,111.6,110.54,111.43,6832570,811275447.805,111.15,0.58,1179100960,1179100000.0,140371981079.01,140371900000.0
2021-08-06,SBUX,111.43,111.14,111.49,110.57,110.7,4281906,508173178.5552,111.1,0.36,1179100960,1179100000.0,140348387268.8,140348400000.0
2021-08-05,SBUX,110.7,111.52,111.6,110.06,111.52,6675844,788666185.3812,110.59,0.57,1179100960,1179100000.0,139428688520.0,139428600000.0
2021-08-04,SBUX,111.52,112.87,113.04,110.02,112.68,6030520,714478521.092,110.91,0.51,1179100960,1179100000.0,140466309155.81,140466300000.0
2021-08-03,SBUX,112.68,114.23,115.13,112.4,113.68,5996785,724135775.89,113.04,0.51,1179100960,1179100000.0,141928382555.2,141928300000.0
2021-07-31,SBUX,113.68,114.39,115.13,113.37,114.57,5712317,695708228.5153,114.01,0.48,1179100960,1179100000.0,143178229572.8,143178200000.0
2021-07-30,SBUX,114.57,115.08,115.59,114.34,114.59,6618352,812398803.1723,114.91,0.56,1179100960,1179100000.0,144298387275.81,144298300000.0
2021-07-29,SBUX,114.59,114.73,115.45,113.64,117.98,11747043,1438302071.3985,114.62,1.0,1179100960,1179100000.0,144333760304.61,144333700000.0
2021-07-28,SBUX,117.98,118.03,118.1,116.84,118.01,6110914,768017899.3549,117.65,0.52,1179100960,1179100000.0,148602093988.8,148602000000.0
2021-07-27,SBUX,118.01,117.71,118.05,116.32,117.93,4827461,605545604.6797,117.43,0.41,1179100960,1179100000.0,148637467017.6,148637400000.0
2021-07-24,SBUX,117.93,116.6,118.25,116.01,114.8,7934199,995859479.9872,117.5,0.67,1179100960,1179100000.0,148531359722.21,148531300000.0
2021-07-23,SBUX,114.8,111.72,115.07,111.47,111.65,7172344,874627974.6314,114.16,0.61,1179100960,1179100000.0,144593162515.81,144593100000.0
2021-07-22,SBUX,111.65,110.03,112.01,109.98,109.92,4377465,521058895.4011,111.43,0.37,1179100960,1179100000.0,140631383290.21,140631300000.0
2021-07-21,SBUX,109.92,108.25,110.53,107.97,107.96,5118176,599631732.2666,109.68,0.43,1178300960,1178300000.0,138356098723.2,138356100000.0
2021-07-20,SBUX,107.96,110.03,110.04,107.03,111.15,7731262,892265720.5462,108.04,0.66,1178300960,1178300000.0,135881678490.21,135881600000.0
2021-07-17,SBUX,111.15,112.03,112.79,110.93,111.37,5024844,600024159.306,111.79,0.43,1178300960,1178300000.0,139899672980.8,139899600000.0
2021-07-16,SBUX,111.37,111.67,111.94,110.63,112.15,6467481,768237790.3407,111.2,0.55,1178300960,1178300000.0,140182476994.21,140182400000.0
2021-07-15,SBUX,112.15,112.28,113.11,112.04,111.92,5701766,684373850.1544,112.36,0.48,1178300960,1178300000.0,141160466791.01,141160400000.0
2021-07-14,SBUX,111.92,110.97,112.33,110.89,110.9,5529344,660731725.952,111.87,0.47,1178300960,1178300000.0,140865891551.01,140865800000.0
2021-07-10,SBUX,109.97,108.65,110.22,108.59,108.58,3533636,414693033.0524,109.86,0.3,1178300960,1178300000.0,138415025554.21,138414900000.0
2021-07-09,SBUX,108.58,108.08,109.3,107.88,109.66,4486121,520495459.8435,108.61,0.38,1178300960,1178300000.0,136671140133.41,136671100000.0
2021-07-07,SBUX,108.34,107.73,108.45,107.02,107.63,5294660,609741570.0026,107.81,0.45,1178300960,1178300000.0,136364770100.8,136364700000.0
2021-07-03,SBUX,107.63,106.69,107.94,106.45,106.17,4723387,542286440.6395,107.48,0.4,1178300960,1178300000.0,135469273154.21,135469300000.0
2021-07-01,SBUX,104.67,105.17,105.4,104.16,105.1,6759113,754775346.2525,104.54,0.57,1178300960,1178300000.0,131745830337.6,131745800000.0
2021-06-22,SBUX,103.88,102.98,104.26,102.68,102.7,5628664,624015699.1162,103.78,0.48,1178300960,1178300000.0,130756069314.21,130756000000.0
2021-06-19,SBUX,102.7,103.67,103.68,102.28,104.28,7024352,772225719.5395,102.92,0.6,1178300960,1178300000.0,129259615312.0,129259600000.0
2021-06-17,SBUX,104.25,105.24,105.38,103.16,104.75,4821949,536824737.2201,104.22,0.41,1178300960,1178300000.0,131215606688.61,131215600000.0
2021-06-16,SBUX,104.75,105.28,105.32,104.44,105.27,3487317,390230074.8366,104.75,0.3,1178300960,1178300000.0,131840094414.4,131840100000.0
2021-06-15,SBUX,105.27,105.58,106.0,104.38,105.37,4222383,472976565.3195,104.86,0.36,1178300960,1178300000.0,132499942952.0,132499900000.0
2021-06-12,SBUX,105.37,105.11,105.63,105.02,105.04,3231182,363446259.4238,105.3,0.27,1178300960,1178300000.0,132629556057.6,132629500000.0
2021-06-11,SBUX,105.04,104.66,105.25,104.33,104.28,3833190,429302330.559,104.84,0.33,1178300960,1178300000.0,132217162504.61,132217100000.0
2021-06-10,SBUX,104.28,104.6,105.03,104.22,104.4,3669725,409870888.0022,104.56,0.31,1178300960,1178300000.0,131250943934.4,131250900000.0
2021-06-09,SBUX,104.4,104.27,104.84,103.78,104.22,4669852,520804824.0133,104.4,0.4,1178300960,1178300000.0,131404134842.21,131404100000.0
2021-06-08,SBUX,104.22,104.83,105.11,103.9,104.84,4009023,446570283.6999,104.28,0.34,1178300960,1178300000.0,131180257659.81,131180200000.0
2021-06-05,SBUX,104.84,104.49,104.91,103.96,104.02,4477543,500133090.5437,104.57,0.38,1178300960,1178300000.0,131957936293.41,131957900000.0
2021-06-04,SBUX,104.02,104.86,105.07,103.12,105.78,5723895,635358641.2845,103.91,0.49,1178300960,1178300000.0,130932802675.2,130932800000.0
2021-06-03,SBUX,105.78,106.45,106.45,105.55,106.1,5044969,570356498.2602,105.84,0.43,1178300960,1178300000.0,133148008480.0,133147900000.0
2021-06-02,SBUX,106.1,107.24,107.3,105.88,106.61,4306926,489107006.6454,106.31,0.37,1178300960,1178300000.0,133548630806.4,133548600000.0
2021-05-29,SBUX,106.61,107.05,107.05,105.83,106.26,4239973,482577614.9626,106.55,0.36,1178300960,1178300000.0,134184925107.81,134184900000.0
2021-05-28,SBUX,106.26,106.22,106.8,105.56,105.64,7378438,838270243.9304,106.36,0.63,1178300960,1178300000.0,133748941969.6,133748900000.0
2021-05-27,SBUX,105.64,106.06,106.6,105.44,105.44,3841607,434806910.0452,105.96,0.33,1178300960,1178300000.0,132971275119.01,132971200000.0
2021-05-26,SBUX,105.44,105.71,105.92,105.02,105.34,5391836,607532184.6052,105.48,0.46,1178300960,1178300000.0,132712048907.81,132712000000.0
2021-05-25,SBUX,105.34,104.66,105.81,104.4,103.84,5436297,611405699.9511,105.29,0.46,1178300960,1178300000.0,132582435802.21,132582400000.0
2021-05-22,SBUX,103.84,104.5,105.05,103.51,104.3,5146621,571348064.4844,103.93,0.44,1178300960,1178300000.0,130697142483.2,130697100000.0
2021-05-21,SBUX,104.3,102.96,104.56,102.85,102.67,5345547,594570759.8331,104.12,0.45,1178300960,1178300000.0,131274521736.61,131274500000.0
2021-05-20,SBUX,102.67,102.6,102.92,101.93,103.98,5997453,656228172.8379,102.43,0.51,1178300960,1178300000.0,129224266283.2,129224300000.0
2021-05-19,SBUX,103.98,104.26,105.04,103.92,103.89,5177383,577500831.969,104.42,0.44,1178300960,1178300000.0,130873899410.21,130873900000.0
2021-05-15,SBUX,104.1,103.92,104.46,103.21,103.43,6836262,759806085.597,104.05,0.58,1178300960,1178300000.0,131027066752.0,131027000000.0
2021-05-14,SBUX,103.43,103.13,104.08,102.18,102.78,7999754,883259238.9432,103.36,0.68,1178300960,1178300000.0,130190484853.41,130190400000.0
2021-05-13,SBUX,102.78,104.73,105.21,102.56,105.88,7965262,879248711.6274,103.34,0.68,1178300960,1178300000.0,129365662398.4,129365600000.0
2021-05-12,SBUX,105.88,105.66,106.01,104.59,106.58,7775367,878811710.4654,105.39,0.66,1178300960,1178300000.0,133796085791.01,133796000000.0
2021-05-11,SBUX,106.58,106.83,108.24,106.49,106.61,5759484,662595286.7876,107.27,0.49,1178300960,1178300000.0,134679811511.01,134679800000.0
2021-05-08,SBUX,106.61,107.33,108.01,106.52,106.99,4867500,558729616.5,107.03,0.41,1178300960,1178300000.0,134726931766.4,134726900000.0
2021-05-07,SBUX,106.99,105.97,107.05,105.46,105.81,4113285,469898387.772,106.52,0.35,1178300960,1178300000.0,135198263933.41,135198200000.0
2021-05-06,SBUX,105.81,106.49,107.12,105.51,106.4,4677688,532270889.9153,106.1,0.4,1178300960,1178300000.0,133713592940.8,133713500000.0
2021-05-05,SBUX,106.4,107.37,107.6,105.86,107.9,6265098,715368374.0948,106.47,0.53,1178300960,1178300000.0,134455934328.61,134455900000.0
2021-05-01,SBUX,106.75,106.3,107.18,105.82,106.89,6478715,739928274.0936,106.49,0.55,1178300960,1178300000.0,134903688693.41,134903600000.0
2021-04-30,SBUX,106.89,105.56,107.37,105.14,104.81,8936555,1023459944.396,106.79,0.76,1178300960,1178300000.0,135068650827.81,135068600000.0
2021-04-29,SBUX,104.81,105.78,106.44,104.07,108.3,14793493,1663941174.2396,104.88,1.26,1178300960,1178300000.0,132441027904.0,132441000000.0
2021-04-28,SBUX,108.3,107.85,108.53,107.48,108.09,7260926,841632157.5843,108.08,0.62,1178300960,1178300000.0,136859656504.0,136859600000.0
2021-04-27,SBUX,108.09,109.05,109.33,107.29,109.62,5924930,685839679.657,107.93,0.5,1178300960,1178300000.0,136588647283.2,136588600000.0
2021-04-24,SBUX,109.62,108.18,110.01,108.01,108.09,4559281,535308419.2995,109.48,0.39,1178300960,1178300000.0,138521060857.6,138521000000.0
2021-04-23,SBUX,108.09,108.97,108.98,107.44,108.85,5745109,665869106.2582,108.07,0.49,1178300960,1178300000.0,136588647283.2,136588600000.0
2021-04-22,SBUX,108.85,108.25,109.34,108.03,108.41,4397442,513228534.0294,108.83,0.37,1178300960,1178300000.0,137554865853.41,137554800000.0
2021-04-21,SBUX,108.41,109.06,109.34,107.56,109.65,5662375,657414760.9625,108.26,0.48,1177300960,1177300000.0,136884794392.21,136884800000.0
2021-04-20,SBUX,109.65,110.19,110.94,109.13,110.34,4889684,576900076.3404,110.01,0.42,1177300960,1177300000.0,138450604669.01,138450600000.0
2021-04-17,SBUX,110.34,109.86,110.49,109.04,108.78,5777859,681408392.2282,109.97,0.49,1177300960,1177300000.0,139321795606.4,139321800000.0
2021-04-16,SBUX,108.78,107.32,108.99,107.02,107.38,5079094,591189780.5898,108.53,0.43,1177300960,1177300000.0,137343941766.61,137343900000.0
2021-04-15,SBUX,107.38,107.44,108.38,106.97,107.57,3994551,460825823.6891,107.57,0.34,1177300960,1177300000.0,135577990326.61,135577900000.0
2021-04-14,SBUX,107.57,106.09,107.79,106.0,106.12,4607383,529546846.749,107.17,0.39,1177300960,1177300000.0,135813450518.61,135813400000.0
2021-04-13,SBUX,106.12,105.38,106.2,105.15,105.53,4707805,534065639.493,105.78,0.4,1177300960,1177300000.0,133988622257.6,133988600000.0
2021-04-10,SBUX,105.53,105.28,105.62,104.4,105.4,4114258,463623020.9628,105.07,0.35,1177300960,1177300000.0,133246922652.8,133246900000.0
2021-04-09,SBUX,105.4,105.97,106.26,105.07,105.54,5011289,567365612.3575,105.57,0.43,1177300960,1177300000.0,133082100518.4,133082100000.0
2021-04-08,SBUX,105.54,105.28,106.07,105.04,105.51,5629621,636870072.6326,105.48,0.48,1177300960,1177300000.0,133258707435.41,133258700000.0
2021-04-07,SBUX,105.51,103.85,106.13,103.59,103.52,6745242,761270710.2168,105.24,0.57,1177300960,1177300000.0,133211603624.0,133211600000.0
2021-04-06,SBUX,103.52,102.48,103.83,102.45,101.99,6913106,766818308.9744,103.43,0.59,1177300960,1177300000.0,130703964352.21,130703900000.0
2021-04-02,SBUX,101.99,102.62,102.62,100.89,101.89,5792949,632270317.9447,101.77,0.49,1177300960,1177300000.0,128773190777.81,128773100000.0
2021-04-01,SBUX,101.89,102.88,104.08,101.81,102.82,6478402,713651694.5572,102.72,0.55,1177300960,1177300000.0,128643687672.21,128643600000.0
2021-03-31,SBUX,102.82,101.09,102.99,100.96,101.76,4552863,499980891.027,102.4,0.39,1177300960,1177300000.0,129820988632.21,129820900000.0
2021-03-30,SBUX,101.76,101.64,102.8,99.39,102.47,5167195,563230507.306,101.64,0.44,1177300960,1177300000.0,128478865537.81,128478800000.0
2021-03-27,SBUX,102.47,100.0,102.57,99.93,100.1,6167570,670965684.6767,101.44,0.52,1177300960,1177300000.0,129385375504.0,129385300000.0
2021-03-26,SBUX,100.1,97.91,100.42,97.03,97.88,8149043,865399926.4399,99.02,0.69,1177300960,1177300000.0,126383269829.01,126383200000.0
2021-03-25,SBUX,97.88,99.43,100.03,97.85,99.07,5731336,607939487.7078,98.91,0.49,1177300960,1177300000.0,123581293544.21,123581300000.0
2021-03-24,SBUX,99.07,100.46,100.65,98.53,100.3,5657840,603221983.8584,99.41,0.48,1177300960,1177300000.0,125088227000.0,125088200000.0
2021-03-23,SBUX,100.3,99.21,101.09,98.84,99.16,7605086,818692147.0025,100.38,0.65,1177300960,1177300000.0,126642276040.21,126642300000.0
2021-03-20,SBUX,99.16,101.03,101.5,98.67,100.35,21452024,2291606242.713,99.61,1.82,1177300960,1177300000.0,125194184086.4,125194100000.0
2021-03-19,SBUX,100.35,101.9,102.82,100.24,103.0,7813430,848148607.843,101.22,0.66,1177300960,1177300000.0,126701129315.2,126701100000.0
2021-03-18,SBUX,103.0,103.79,103.93,101.57,103.82,10128450,1115364259.3395,102.68,0.86,1177300960,1177300000.0,130044675814.61,130044600000.0
2021-03-17,SBUX,103.82,103.1,104.75,102.47,101.54,11376176,1266925018.2658,103.84,0.97,1177300960,1177300000.0,131080688886.4,131080600000.0
2021-03-16,SBUX,101.54,100.6,101.59,99.83,100.53,7111402,769343469.669,100.88,0.6,1177300960,1177300000.0,128208074544.0,128208000000.0
2021-03-13,SBUX,100.53,100.16,100.69,99.38,100.07,3356023,360747000.2854,100.23,0.29,1177300960,1177300000.0,126924816497.6,126924800000.0
2021-03-12,SBUX,100.07,101.09,101.23,100.01,100.5,4670731,503502466.4345,100.52,0.4,1177300960,1177300000.0,126347950800.21,126347900000.0
2021-03-10,SBUX,99.35,99.1,100.68,98.68,97.93,5510949,589629108.6927,99.76,0.47,1177300960,1177300000.0,125441429061.01,125441400000.0
2021-03-09,SBUX,97.93,97.72,99.67,97.19,98.09,5119531,541000294.9878,98.53,0.43,1177300960,1177300000.0,123651919828.8,123651900000.0
2021-03-06,SBUX,98.09,98.89,98.89,95.81,97.8,5559906,581523967.9135,97.53,0.47,1177300960,1177300000.0,123852060992.0,123852000000.0
2021-03-05,SBUX,97.8,99.08,99.93,96.83,99.04,7211832,761164875.4248,98.41,0.61,1177300960,1177300000.0,123487097694.4,123487100000.0
2021-03-04,SBUX,99.04,99.71,100.67,98.95,99.96,5313426,568379304.5904,99.74,0.45,1177300960,1177300000.0,125052919744.21,125052900000.0
2021-03-03,SBUX,99.96,100.06,100.94,98.67,99.65,5016781,537737768.6396,99.95,0.43,1177300960,1177300000.0,126206662912.0,126206600000.0
2021-03-02,SBUX,99.65,101.26,103.01,99.34,100.73,7931633,857186648.4127,100.77,0.67,1177300960,1177300000.0,125818153595.2,125818100000.0
2021-02-27,SBUX,100.73,97.11,102.08,96.67,96.48,15122852,1624304852.8481,100.15,1.28,1177300960,1177300000.0,127183822708.8,127183800000.0
2021-02-26,SBUX,96.48,96.97,98.62,96.14,97.33,7534020,785924932.8762,97.27,0.64,1177300960,1177300000.0,121815342104.21,121815300000.0
2021-02-25,SBUX,97.33,94.33,97.45,93.8,94.52,7542692,779184295.6413,96.32,0.64,1177300960,1177300000.0,122886685977.81,122886600000.0
2021-02-24,SBUX,94.52,96.36,96.36,93.18,94.93,8740262,885868468.3864,94.51,0.74,1177300960,1177300000.0,119342998315.2,119342900000.0
2021-02-23,SBUX,94.93,96.03,96.03,94.88,96.39,5211754,532956569.917,95.35,0.44,1177300960,1177300000.0,119861010737.6,119861000000.0
2021-02-20,SBUX,96.39,97.67,98.17,96.25,97.88,4129145,429247745.962,96.93,0.35,1177300960,1177300000.0,121697600235.2,121697600000.0
2021-02-19,SBUX,97.88,96.76,98.22,96.42,97.38,4098863,428390617.0135,97.45,0.35,1177300960,1177300000.0,123581293544.21,123581300000.0
2021-02-18,SBUX,97.38,98.0,98.33,97.11,98.56,5735723,600221099.9875,97.58,0.49,1177300960,1177300000.0,122957324035.41,122957300000.0
2021-02-17,SBUX,98.56,97.38,98.97,97.21,97.77,4928055,522301880.397,98.41,0.42,1177300960,1177300000.0,124970496904.0,124970400000.0
2021-02-13,SBUX,97.77,98.18,98.36,97.23,98.29,3169814,333628026.9005,97.72,0.27,1177300960,1177300000.0,123969802861.01,123969800000.0
2021-02-12,SBUX,98.29,98.53,98.63,97.52,98.3,2976042,314133732.4764,98.01,0.25,1177300960,1177300000.0,124629091398.61,124629100000.0
2021-02-11,SBUX,98.3,99.14,99.25,97.43,98.62,4293184,454416782.9824,98.28,0.36,1177300960,1177300000.0,124640852635.2,124640800000.0
2021-02-10,SBUX,98.62,98.42,99.19,97.69,98.66,4095226,434342986.6931,98.48,0.35,1177300960,1177300000.0,125052919744.21,125052900000.0
2021-02-09,SBUX,98.66,98.81,98.91,97.81,98.86,4836633,512006936.7066,98.29,0.41,1177300960,1177300000.0,125100000009.6,125099900000.0
2021-02-06,SBUX,98.86,97.57,99.85,97.29,96.23,8072094,860854195.8167,99.02,0.69,1177300960,1177300000.0,125359006220.8,125358900000.0
2021-02-05,SBUX,96.23,94.11,96.79,93.88,93.8,6926766,716400080.8734,96.03,0.59,1177300960,1177300000.0,122015471494.4,122015400000.0
2021-02-04,SBUX,93.8,94.01,95.31,93.6,94.38,3934770,399587697.81,94.29,0.33,1177300960,1177300000.0,118930954752.21,118930900000.0
2021-02-03,SBUX,94.38,91.97,95.15,91.72,91.53,6917660,702916576.154,94.34,0.59,1177300960,1177300000.0,119672642584.0,119672600000.0
2021-02-02,SBUX,91.53,90.05,92.5,89.99,89.89,7206258,710652324.5155,91.56,0.61,1177300960,1177300000.0,116058330991.4,116058300000.0
2021-01-30,SBUX,89.89,90.42,90.8,89.06,91.13,8203031,794489014.5582,89.93,0.7,1177300960,1177300000.0,113974503583.0,113974400000.0
2021-01-29,SBUX,91.13,91.86,93.34,91.08,90.87,8868207,878136126.9623,91.94,0.75,1177300960,1177300000.0,115552082160.19,115552000000.0
2021-01-28,SBUX,90.87,94.22,94.5,89.81,97.2,18139473,1781049588.0461,91.16,1.54,1177300960,1177300000.0,115222440246.0,115222400000.0
2021-01-27,SBUX,97.2,96.01,97.69,95.86,96.05,7195250,751032999.75,96.91,0.61,1177300960,1177300000.0,123251649275.41,123251600000.0
2021-01-26,SBUX,96.05,96.33,96.52,94.86,96.48,5008992,517597676.6304,95.94,0.43,1177300960,1177300000.0,121791784312.0,121791800000.0
2021-01-23,SBUX,96.48,96.71,97.0,95.69,97.1,5231586,542904698.1984,96.35,0.44,1177300960,1177300000.0,122333354526.61,122333300000.0
2021-01-22,SBUX,97.1,97.92,97.95,96.98,97.92,5732871,601649963.3141,97.44,0.49,1177300960,1177300000.0,123122146169.81,123122100000.0
2021-01-21,SBUX,97.92,95.09,98.28,94.89,95.21,5844258,612803763.5706,97.36,0.5,1177300960,1177300000.0,124158171014.61,124158100000.0
2021-01-16,SBUX,95.01,94.13,95.35,93.97,94.54,5523156,564333490.372,94.87,0.47,1177290880,1177290000.0,120472187523.31,120472100000.0
2021-01-15,SBUX,94.54,96.38,96.74,94.44,95.53,4528313,463898995.0864,95.12,0.38,1177290880,1177290000.0,119871769174.51,119871700000.0
2021-01-14,SBUX,95.53,95.0,95.99,94.23,95.47,4804484,493568965.3556,95.38,0.41,1177290880,1177290000.0,121131458643.2,121131400000.0
2021-01-13,SBUX,95.47,96.57,96.86,94.99,97.12,4332574,446418503.3655,95.67,0.37,1177290880,1177290000.0,121049060054.51,121049000000.0
2021-01-09,SBUX,98.11,96.43,98.2,96.02,95.96,5869676,614783994.564,97.25,0.5,1177290880,1177290000.0,124404327289.6,124404300000.0
2021-01-08,SBUX,95.96,97.02,97.16,95.59,96.74,5057016,523813859.0758,96.17,0.43,1173700960,1173700000.0,121302005953.01,121301900000.0
2021-01-07,SBUX,96.74,95.62,97.69,95.55,96.04,5017465,523079255.9405,96.8,0.43,1173700960,1173700000.0,122287914759.41,122287900000.0
2021-01-06,SBUX,96.04,95.56,96.8,95.45,95.73,5721906,591914067.2011,96.05,0.49,1173700960,1173700000.0,121407639039.41,121407600000.0
2021-01-05,SBUX,95.73,99.96,100.04,94.84,99.33,8041531,833561863.4354,96.24,0.69,1173700960,1173700000.0,121008580713.01,121008500000.0
2020-12-31,SBUX,98.39,98.41,98.99,98.21,98.08,3654380,387992833.36,98.58,0.31,1173700960,1173700000.0,124377102468.21,124377100000.0
2020-12-30,SBUX,98.08,97.39,98.21,97.0,96.88,4780922,503515756.7286,97.79,0.41,1173700960,1173700000.0,123978044141.81,123978000000.0
2020-12-25,SBUX,94.71,94.98,95.04,94.41,94.76,1949183,198782769.7076,94.69,0.17,1173700960,1173700000.0,119729234929.6,119729200000.0
2020-12-24,SBUX,94.76,94.97,95.34,94.67,95.09,3817267,390298373.0485,94.93,0.33,1173700960,1173700000.0,119787919977.6,119787900000.0
2020-12-22,SBUX,95.58,93.98,95.77,92.87,95.89,7175930,732209005.9833,94.74,0.61,1173700960,1173700000.0,120820788559.41,120820800000.0
2020-12-19,SBUX,95.89,95.94,96.66,95.59,95.83,10214981,1055626453.6708,95.95,0.87,1173700960,1173700000.0,121219835148.8,121219800000.0
2020-12-18,SBUX,95.83,96.14,96.6,95.27,95.88,4535688,467464832.6825,95.69,0.39,1173700960,1173700000.0,121137687818.61,121137600000.0
2020-12-17,SBUX,95.88,96.66,97.3,95.37,96.73,6409254,663897448.1868,96.18,0.55,1173700960,1173700000.0,121208109876.21,121208100000.0
2020-12-16,SBUX,96.73,96.79,97.36,96.36,95.93,5196688,541772912.408,96.8,0.44,1173700960,1173700000.0,122276166012.8,122276100000.0
2020-12-15,SBUX,95.93,96.4,97.22,95.87,95.63,5156156,534726428.16,96.29,0.44,1173700960,1173700000.0,121266794924.21,121266800000.0
2020-12-12,SBUX,95.63,96.94,97.29,95.01,97.85,6262637,646394946.6365,95.83,0.53,1173700960,1173700000.0,120891198880.0,120891100000.0
2020-12-11,SBUX,97.85,96.11,98.5,95.4,93.22,12939176,1358979788.0726,97.52,1.1,1173700960,1173700000.0,123696344174.4,123696300000.0
2020-12-10,SBUX,93.22,94.65,94.9,92.94,93.97,6629891,669558725.2908,93.77,0.56,1173700960,1173700000.0,117839576384.0,117839500000.0
2020-12-09,SBUX,93.97,93.19,94.31,92.86,94.16,3911250,395308903.2375,93.84,0.33,1173700960,1173700000.0,118790285898.61,118790300000.0
2020-12-08,SBUX,94.16,94.71,94.91,93.49,94.97,4514754,457122047.9753,94.01,0.38,1173700960,1173700000.0,119025026090.61,119025000000.0
2020-12-05,SBUX,94.97,94.1,95.58,93.84,92.95,6952703,711031451.9577,94.95,0.59,1173700960,1173700000.0,120046134188.8,120046100000.0
2020-12-04,SBUX,92.95,91.94,93.78,91.89,91.84,6264078,628130421.45,93.1,0.53,1173700960,1173700000.0,117499214842.61,117499100000.0
2020-12-03,SBUX,91.84,91.46,91.96,91.19,91.75,3377940,333536785.5959,91.68,0.29,1173700960,1173700000.0,116090766648.4,116090800000.0
2020-12-02,SBUX,91.75,91.92,92.16,91.22,91.01,4970293,490948171.366,91.71,0.42,1173700960,1173700000.0,115985138256.81,115985100000.0
2020-12-01,SBUX,91.01,91.18,91.26,90.03,91.6,5197254,507808101.7753,90.72,0.44,1173700960,1173700000.0,115046173967.7,115046100000.0
2020-11-28,SBUX,91.6,91.44,91.9,91.25,91.18,2169708,213983546.0256,91.57,0.18,1173700960,1173700000.0,115797341408.4,115797300000.0
2020-11-26,SBUX,91.18,91.46,91.49,90.94,91.27,4027147,395800910.139,91.25,0.34,1173700960,1173700000.0,115257430750.9,115257400000.0
2020-11-25,SBUX,91.27,90.54,91.66,90.43,89.95,6323024,620423960.7906,91.1,0.54,1173700960,1173700000.0,115374809062.8,115374800000.0
2020-11-24,SBUX,89.95,90.64,90.86,89.52,90.07,4805777,466130597.2115,90.06,0.41,1173700960,1173700000.0,113708154873.3,113708100000.0
2020-11-21,SBUX,90.07,90.45,90.56,90.02,90.77,4610082,448168190.3934,90.26,0.39,1173700960,1173700000.0,113860724261.1,113860700000.0
2020-11-20,SBUX,90.77,90.29,90.92,89.93,90.91,4252274,414688138.891,90.55,0.36,1173700960,1173700000.0,114740999981.1,114740900000.0
2020-11-19,SBUX,90.91,91.58,92.22,90.91,91.55,6039520,594804530.929,91.44,0.51,1173700960,1173700000.0,114917065688.4,114917000000.0
2020-11-18,SBUX,91.55,90.26,91.71,89.88,90.79,8722293,855929043.9524,91.11,0.74,1173700960,1173700000.0,115726922871.91,115726900000.0
2020-11-17,SBUX,90.79,89.87,90.81,89.15,88.73,9367637,911769851.5145,90.37,0.8,1173700960,1173700000.0,114764478695.1,114764400000.0
2020-11-14,SBUX,88.73,87.63,88.75,87.0,86.84,5518004,523822480.8728,88.14,0.47,1173700960,1173700000.0,112158861390.2,112158800000.0
2020-11-13,SBUX,86.84,87.89,87.98,86.03,88.24,7061844,661369987.4089,86.96,0.6,1173700960,1173700000.0,109776249615.1,109776200000.0
2020-11-12,SBUX,88.24,87.38,88.98,87.3,87.2,8296547,788505544.2652,88.24,0.71,1173700960,1173700000.0,111548532196.19,111548400000.0
2020-11-11,SBUX,87.2,87.04,88.46,86.48,88.61,10474696,985237419.9224,87.33,0.89,1173700960,1173700000.0,110233992989.5,110233900000.0
2020-11-10,SBUX,88.61,89.94,90.24,88.38,83.77,16225770,1569825431.6045,89.41,1.38,1173700960,1173700000.0,112534453913.3,112534400000.0
2020-11-07,SBUX,83.77,83.31,84.28,82.97,83.74,6626106,601190619.4263,83.85,0.56,1173700960,1173700000.0,106395984981.79,106395900000.0
2020-11-06,SBUX,83.74,83.81,84.24,83.08,82.98,6169719,559479398.1774,83.8,0.53,1169000960,1169000000.0,105934862319.2,105934800000.0
2020-11-05,SBUX,82.98,82.15,84.36,82.01,81.68,10509387,950937720.9777,83.62,0.9,1169000960,1169000000.0,104964589184.39,104964600000.0
2020-11-04,SBUX,81.68,80.19,82.3,79.64,79.45,6910438,608453651.8699,81.37,0.59,1169000960,1169000000.0,103327994854.4,103327900000.0
2020-11-03,SBUX,79.45,80.9,81.11,78.97,80.36,8904852,767711405.2592,79.67,0.76,1169000960,1169000000.0,100499014869.2,100499000000.0
2020-10-31,SBUX,80.36,81.09,81.68,79.13,81.6,11402797,990247387.0697,80.25,0.98,1169000960,1169000000.0,101656331664.61,101656300000.0
2020-10-30,SBUX,81.6,80.56,82.35,80.04,80.56,8440043,744677713.0348,81.54,0.72,1169000960,1169000000.0,103222789444.0,103222800000.0
2020-10-29,SBUX,80.56,81.92,82.2,80.04,83.22,12738754,1112926376.9279,80.74,1.09,1169000960,1169000000.0,101901812514.2,101901800000.0
2020-10-28,SBUX,83.22,82.69,83.49,82.4,82.86,8027508,721102975.9945,83.01,0.69,1169000960,1169000000.0,105268541124.0,105268500000.0
2020-10-27,SBUX,82.86,83.2,84.22,81.92,83.91,7756414,695244594.338,82.83,0.66,1169000960,1169000000.0,104812630749.6,104812600000.0
2020-10-24,SBUX,83.91,82.99,84.06,82.65,82.58,7811524,704693249.9571,83.37,0.67,1169000960,1169000000.0,106145291844.0,106145300000.0
2020-10-23,SBUX,82.58,81.34,82.6,81.05,81.57,4259035,377502143.9412,81.91,0.36,1169000960,1169000000.0,104461926954.6,104461900000.0
2020-10-22,SBUX,81.57,81.67,82.39,81.5,81.79,4119199,364732020.4124,81.83,0.35,1169000960,1169000000.0,103187720584.2,103187700000.0
2020-10-21,SBUX,81.79,81.95,82.91,81.36,80.95,4942578,439134739.9949,82.11,0.42,1169000960,1169000000.0,103468269124.6,103468200000.0
2020-10-17,SBUX,81.8,82.61,82.83,81.73,82.09,4722555,419941907.0234,82.18,0.4,1169000960,1169000000.0,103479970824.2,103479900000.0
2020-10-16,SBUX,82.09,81.47,82.13,81.02,82.53,5002625,441997446.898,81.65,0.43,1169000960,1169000000.0,103842357614.8,103842300000.0
2020-10-15,SBUX,82.53,83.33,83.73,81.84,83.32,4763262,425673224.1454,82.59,0.41,1169000960,1169000000.0,104403473399.6,104403400000.0
2020-10-14,SBUX,83.32,83.71,83.96,82.96,83.89,5731973,517508322.0505,83.43,0.49,1169000960,1169000000.0,105397131229.6,105397100000.0
2020-10-13,SBUX,83.89,83.6,84.19,83.11,83.18,5909055,535695385.0551,83.78,0.51,1169000960,1169000000.0,106121905979.8,106121800000.0
2020-10-10,SBUX,83.18,82.99,83.48,82.78,82.74,6197684,557950251.6988,83.19,0.53,1169000960,1169000000.0,105221770564.6,105221700000.0
2020-10-09,SBUX,82.74,81.75,82.81,81.7,81.74,4958766,442657640.617,82.49,0.42,1169000960,1169000000.0,104660654779.8,104660600000.0
2020-10-08,SBUX,81.74,81.16,82.23,80.81,80.41,5179285,457424061.5543,81.62,0.44,1169000960,1169000000.0,103398131405.0,103398100000.0
2020-10-07,SBUX,80.41,81.92,82.51,80.21,81.76,7951078,700845384.9866,81.46,0.68,1169000960,1169000000.0,101714767684.6,101714700000.0
2020-10-06,SBUX,81.76,80.65,81.95,80.58,80.0,7004836,617285033.3579,81.44,0.6,1169000960,1169000000.0,103421517269.2,103421500000.0
2020-10-03,SBUX,80.0,78.69,80.52,78.63,80.16,5602289,484520726.1278,79.92,0.48,1169000960,1169000000.0,101200422459.21,101200400000.0
2020-10-02,SBUX,80.16,80.44,80.81,79.65,79.4,7241188,628859545.346,80.26,0.62,1169000960,1169000000.0,101399150284.41,101399100000.0
2020-10-01,SBUX,79.4,80.06,80.55,78.98,78.37,10134356,874763203.7814,79.77,0.87,1169000960,1169000000.0,100440561314.2,100440500000.0
2020-09-30,SBUX,78.37,79.71,79.71,78.2,79.54,4064974,345980115.8349,78.65,0.35,1169000960,1169000000.0,99131286084.0,99131250000.0
2020-09-29,SBUX,79.54,79.03,79.7,78.54,77.9,5976195,512667272.5269,79.28,0.51,1169000960,1169000000.0,100615921979.21,100615900000.0
2020-09-25,SBUX,76.74,76.36,77.76,75.7,76.69,4881473,405401431.6511,76.75,0.42,1169000960,1169000000.0,97073832704.39,97073750000.0
2020-09-24,SBUX,76.69,77.98,78.46,76.54,77.58,6414656,537782910.7217,77.48,0.55,1169000960,1169000000.0,97015396684.41,97015310000.0
2020-09-23,SBUX,77.58,77.67,77.99,76.86,77.52,4464961,373817237.4315,77.37,0.38,1169000960,1169000000.0,98137627085.0,98137560000.0
2020-09-19,SBUX,78.5,80.22,80.62,78.18,80.17,10113450,865452435.9069,79.08,0.87,1169000960,1169000000.0,99306628045.0,99306560000.0
2020-09-18,SBUX,80.17,80.45,80.69,78.88,81.67,7386586,638168529.4216,79.84,0.63,1169000960,1169000000.0,101410833280.0,101410800000.0
2020-09-17,SBUX,81.67,81.32,82.64,81.09,81.06,7146988,634401625.0923,82.03,0.61,1169000960,1169000000.0,103316310689.8,103316300000.0
2020-09-16,SBUX,81.06,80.57,81.55,80.56,80.06,8361906,734358472.5414,81.16,0.72,1169000960,1169000000.0,102533082384.61,102533100000.0
2020-09-15,SBUX,80.06,79.25,80.45,79.14,78.8,5535809,479115926.4858,79.98,0.47,1169000960,1169000000.0,101270559009.8,101270500000.0
2020-09-12,SBUX,78.8,78.5,79.34,77.77,78.44,7103250,604189644.9435,78.6,0.61,1169000960,1169000000.0,99680717704.2,99680690000.0
2020-09-11,SBUX,78.44,79.29,80.46,78.11,79.35,7551957,647743487.8849,79.26,0.65,1169000960,1169000000.0,99224807329.8,99224750000.0
2020-09-10,SBUX,79.35,79.41,80.24,78.05,78.93,6928649,595708619.191,79.45,0.59,1169000960,1169000000.0,100370423594.6,100370400000.0
2020-09-09,SBUX,78.93,78.8,80.94,78.34,79.72,11083141,956642357.2303,79.77,0.95,1169000960,1169000000.0,99844376669.6,99844310000.0
2020-09-05,SBUX,79.72,80.49,81.12,78.84,79.92,10349364,895431133.7243,79.96,0.89,1169000960,1169000000.0,100849718664.2,100849700000.0
2020-09-04,SBUX,79.92,81.88,82.23,79.19,81.65,10993786,956400004.5618,80.39,0.94,1169000960,1169000000.0,101095198344.8,101095100000.0
2020-09-03,SBUX,81.65,79.94,82.02,79.74,79.52,11378895,996572681.7004,80.94,0.97,1169000960,1169000000.0,103281242999.01,103281200000.0
2020-09-02,SBUX,79.52,78.27,79.56,77.84,78.06,8168824,698194264.0679,78.99,0.7,1169000960,1169000000.0,100592537284.0,100592500000.0
2020-09-01,SBUX,78.06,78.21,78.88,77.65,78.55,6401570,541891594.5797,78.23,0.55,1169000960,1169000000.0,98745513429.2,98745500000.0
2020-08-29,SBUX,78.55,77.43,78.82,77.1,77.08,9303910,787525814.8173,78.22,0.8,1169000960,1169000000.0,99365081600.0,99365060000.0
2020-08-28,SBUX,77.08,76.47,77.29,76.24,76.16,9099188,757495608.4524,76.93,0.78,1169000960,1169000000.0,97506374749.6,97506310000.0
2020-08-27,SBUX,76.16,76.17,76.47,75.67,76.44,7934301,653835634.7377,76.15,0.68,1169000960,1169000000.0,96337373789.6,96337310000.0
2020-08-26,SBUX,76.44,73.99,76.76,73.74,72.71,17659520,1442132790.0474,75.47,1.51,1169000960,1169000000.0,96699761749.2,96699750000.0
2020-08-25,SBUX,72.71,71.81,73.14,71.39,71.22,5867359,460124729.2728,72.47,0.5,1169000960,1169000000.0,91976987349.79,91976940000.0
2020-08-22,SBUX,71.22,71.1,71.41,70.87,71.36,5594121,431150641.9359,71.22,0.48,1169000960,1169000000.0,90094913339.21,90094880000.0
2020-08-21,SBUX,71.36,71.19,71.76,70.66,71.74,5099465,393568034.51,71.32,0.44,1169000960,1169000000.0,90270256469.2,90270190000.0
2020-08-20,SBUX,71.74,73.18,73.36,71.55,73.0,6840567,534787969.2335,72.25,0.59,1169000960,1169000000.0,90749550369.8,90749500000.0
2020-08-19,SBUX,73.0,73.14,73.34,72.41,72.96,5272727,416213235.3808,72.95,0.45,1169000960,1169000000.0,92339392844.41,92339310000.0
2020-08-18,SBUX,72.96,72.64,72.97,72.19,72.42,5360367,421179044.2176,72.61,0.46,1169000960,1169000000.0,92292622285.0,92292560000.0
2020-08-15,SBUX,72.42,72.58,72.94,72.1,73.02,3771349,296070865.793,72.55,0.32,1169000960,1169000000.0,91614600559.2,91614560000.0
2020-08-14,SBUX,73.02,72.93,73.6,72.86,73.27,4383352,347260121.3534,73.21,0.37,1169000960,1169000000.0,92374461704.2,92374380000.0
2020-08-13,SBUX,73.27,73.55,73.64,72.7,72.89,5378789,426075913.5885,73.2,0.46,1169000960,1169000000.0,92690079104.39,92690060000.0
2020-08-12,SBUX,72.89,72.33,73.91,72.08,71.59,10238461,810493957.6668,73.16,0.88,1169000960,1169000000.0,92199101039.2,92199060000.0
2020-08-11,SBUX,71.59,70.07,71.77,70.06,70.04,6604324,508507151.5105,71.15,0.56,1169000960,1169000000.0,90562506709.2,90562440000.0
2020-08-07,SBUX,69.92,69.49,70.16,69.26,69.65,6764848,510935439.744,69.8,0.58,1169000960,1169000000.0,88446617309.6,88446560000.0
2020-08-06,SBUX,69.65,69.26,69.84,69.23,69.05,7823145,592931031.3486,69.66,0.67,1169000960,1169000000.0,88586891579.8,88586810000.0
2020-08-05,SBUX,69.05,69.27,69.38,68.71,69.39,12792450,960391981.2597,69.0,1.09,1169000960,1169000000.0,87827047969.8,87827000000.0
2020-08-04,SBUX,69.39,70.29,70.4,69.34,70.34,7142090,541990326.8436,69.75,0.61,1169000960,1169000000.0,88259572480.0,88259500000.0
2020-08-01,SBUX,70.34,70.07,70.35,69.38,70.44,7424977,564965000.0846,69.94,0.64,1169000960,1169000000.0,89463642299.8,89463560000.0
2020-07-31,SBUX,70.44,70.43,70.75,69.3,71.16,7889832,601581511.8271,70.08,0.67,1169000960,1169000000.0,89592233574.4,89592190000.0
2020-07-30,SBUX,71.16,71.29,72.14,70.68,68.6,15261051,1185153488.1211,71.38,1.31,1169000960,1169000000.0,90504053154.2,90504000000.0
2020-07-28,SBUX,70.28,69.75,70.5,69.43,69.65,6771141,516156616.6326,70.06,0.58,1169000960,1169000000.0,89381821584.61,89381750000.0
2020-07-25,SBUX,69.65,69.19,69.85,69.04,69.27,5673371,429197324.1952,69.53,0.49,1169000960,1169000000.0,88586891579.8,88586810000.0
2020-07-24,SBUX,69.27,70.66,70.84,68.84,70.99,7795082,590322362.7534,69.61,0.67,1169000960,1169000000.0,88095913514.6,88095880000.0
2020-07-23,SBUX,70.99,69.41,71.07,69.04,69.34,9213149,707406798.1021,70.57,0.79,1169000960,1169000000.0,90293641164.41,90293560000.0
2020-07-22,SBUX,69.34,69.65,70.59,69.18,68.9,10639754,808290439.5699,69.82,0.91,1168900960,1168900000.0,88181891929.1,88181880000.0
2020-07-21,SBUX,68.9,68.16,69.14,67.68,68.16,8832692,657661012.5284,68.44,0.76,1168900960,1168900000.0,87620824143.91,87620810000.0
2020-07-18,SBUX,68.16,68.41,68.52,67.29,68.37,6087543,449977792.0529,67.94,0.52,1168900960,1168900000.0,86685699869.2,86685690000.0
2020-07-17,SBUX,68.37,68.84,69.06,67.72,69.5,6649692,493902588.3522,68.27,0.57,1168900960,1168900000.0,86954542414.4,86954500000.0
2020-07-16,SBUX,69.5,68.44,69.67,67.98,66.85,10300704,775329952.204,69.18,0.88,1168900960,1168900000.0,88380602754.5,88380560000.0
2020-07-15,SBUX,66.85,66.18,67.07,66.01,66.77,8780867,636531265.6838,66.63,0.75,1168900960,1168900000.0,85014162145.2,85014130000.0
2020-07-14,SBUX,66.77,68.53,68.79,66.63,68.28,9464539,698232158.452,67.81,0.81,1168900960,1168900000.0,84920647730.59,84920560000.0
2020-07-11,SBUX,68.28,67.1,68.53,66.86,67.62,7524156,554609263.2172,67.75,0.64,1168900960,1168900000.0,86837645304.99,86837560000.0
2020-07-10,SBUX,67.62,67.77,68.22,66.11,68.14,9618211,703103766.2471,67.19,0.82,1168900960,1168900000.0,85996052978.41,85996000000.0
2020-07-09,SBUX,68.14,68.08,68.47,67.4,68.25,7346242,542902710.9082,67.93,0.63,1168900960,1168900000.0,86662317174.4,86662250000.0
2020-07-08,SBUX,68.25,69.05,69.15,68.02,69.34,7515102,559913403.4749,68.48,0.64,1168900960,1168900000.0,86790896280.0,86790880000.0
2020-07-07,SBUX,69.34,68.87,69.38,68.16,67.81,7235277,542771639.8787,68.95,0.62,1168900960,1168900000.0,88181891929.1,88181880000.0
2020-07-03,SBUX,67.81,68.97,69.02,67.68,68.04,6544352,486317976.2741,68.3,0.56,1168900960,1168900000.0,86241511659.9,86241440000.0
2020-07-02,SBUX,68.04,68.02,68.65,67.45,67.64,6749977,500452771.7477,68.15,0.58,1168900960,1168900000.0,86533736899.9,86533690000.0
2020-07-01,SBUX,67.64,67.63,67.9,66.92,67.54,11323989,831204572.9769,67.47,0.97,1168900960,1168900000.0,86019418139.7,86019380000.0
2020-06-30,SBUX,67.54,65.63,67.56,65.31,65.78,8653027,629693754.3305,66.89,0.74,1168300960,1168300000.0,85846749867.6,85846690000.0
2020-06-27,SBUX,65.78,67.68,67.8,65.49,67.88,17627836,1267619379.0323,66.09,1.51,1168300960,1168300000.0,83615309053.61,83615250000.0
2020-06-26,SBUX,67.88,67.29,68.11,66.33,67.68,8624797,630591691.5234,67.2,0.74,1168300960,1168300000.0,86279034074.11,86279000000.0
2020-06-25,SBUX,67.68,68.84,68.86,66.18,69.38,12306426,902301050.3327,67.39,1.05,1168300960,1168300000.0,86033682694.4,86033630000.0
2020-06-23,SBUX,69.3,68.84,69.53,67.94,69.3,8238637,617170286.8756,68.85,0.71,1168300960,1168300000.0,88089885374.19,88089810000.0
2020-06-20,SBUX,69.3,70.8,71.12,68.82,70.14,12527325,949898148.0732,69.69,1.07,1168300960,1168300000.0,88089885374.19,88089810000.0
2020-06-19,SBUX,70.14,70.52,70.58,69.67,70.86,8485969,647960631.5721,70.18,0.73,1168300960,1168300000.0,89153043921.0,89153000000.0
2020-06-18,SBUX,70.86,71.76,71.96,70.48,71.54,6906723,534670852.0847,71.15,0.59,1168300960,1168300000.0,90076012194.11,90075940000.0
2020-06-17,SBUX,71.54,72.42,72.56,70.21,70.74,10890114,846911086.7531,71.48,0.93,1168300960,1168300000.0,90940543221.5,90940500000.0
2020-06-13,SBUX,70.2,68.93,70.51,67.84,66.7,18529829,1393604257.6632,69.13,1.59,1168300960,1168300000.0,89234833166.3,89234750000.0
2020-06-12,SBUX,66.7,69.62,70.58,66.31,72.62,26422157,1954771945.8211,68.0,2.26,1168300960,1168300000.0,84783610013.61,84783560000.0
2020-06-11,SBUX,72.62,73.42,73.55,71.88,75.71,19683805,1554979160.5905,72.61,1.68,1168300960,1168300000.0,92307453008.1,92307380000.0
2020-06-10,SBUX,75.71,75.94,76.49,75.15,76.8,7999828,661020211.7599,75.95,0.68,1168300960,1168300000.0,96232945402.0,96232940000.0
2020-06-09,SBUX,76.8,76.36,76.86,75.54,75.5,10229594,848603171.9042,76.25,0.88,1168300960,1168300000.0,97623225881.0,97623190000.0
2020-06-06,SBUX,75.5,73.83,75.67,73.5,72.37,12030778,983572646.1566,75.14,1.03,1168300960,1168300000.0,95964240854.4,95964190000.0
2020-06-05,SBUX,72.37,72.9,73.69,72.12,73.14,7667563,605850151.8383,72.62,0.66,1168300960,1168300000.0,91992024600.21,91992000000.0
2020-06-04,SBUX,73.14,72.11,73.48,71.97,71.49,9956664,790734388.7564,72.99,0.85,1168300960,1168300000.0,92973392733.4,92973380000.0
2020-06-03,SBUX,71.49,71.66,71.93,70.58,71.99,9521016,737080002.9257,71.16,0.81,1168300960,1168300000.0,90870447500.5,90870380000.0
2020-06-02,SBUX,71.99,71.38,72.29,70.56,71.68,7936984,619177646.4607,71.7,0.68,1168300960,1168300000.0,91501340533.61,91501310000.0
2020-05-30,SBUX,71.68,72.26,72.28,71.01,72.19,10108989,787581193.674,71.61,0.87,1168300960,1168300000.0,91115798880.21,91115750000.0
2020-05-29,SBUX,72.19,72.28,73.59,71.63,72.24,8333918,658665392.0552,72.64,0.71,1168300960,1168300000.0,91758350388.59,91758310000.0
2020-05-28,SBUX,72.24,72.59,72.59,71.13,71.47,8245289,644337203.4588,71.83,0.71,1168300960,1168300000.0,91828463634.11,91828380000.0
2020-05-23,SBUX,71.34,71.6,71.74,70.33,71.74,7653305,591205550.6554,71.0,0.66,1168300960,1168300000.0,90683515842.0,90683440000.0
2020-05-22,SBUX,71.74,72.24,72.96,71.59,71.47,10312641,809531933.6705,72.15,0.88,1168300960,1168300000.0,91185894601.2,91185880000.0
2020-05-21,SBUX,71.47,70.98,71.54,70.33,69.72,7790481,602610041.9887,71.1,0.67,1168300960,1168300000.0,90847076808.1,90847060000.0
2020-05-20,SBUX,69.72,70.22,70.98,69.63,70.06,6484879,496551095.412,70.38,0.56,1168300960,1168300000.0,88627311993.9,88627250000.0
2020-05-19,SBUX,70.06,70.64,71.23,70.04,68.16,8912473,683497581.1074,70.49,0.76,1168300960,1168300000.0,89059577507.6,89059560000.0
2020-05-15,SBUX,68.19,66.47,68.28,64.94,67.67,11932250,866083334.3112,66.71,1.02,1168300960,1168300000.0,86676251727.3,86676190000.0
2020-05-14,SBUX,67.67,68.44,69.62,67.02,68.34,11532700,853734619.6446,68.04,0.99,1168300960,1168300000.0,86010312002.0,86010250000.0
2020-05-13,SBUX,68.34,69.85,70.52,68.33,69.73,8549922,646754583.2789,69.53,0.73,1168300960,1168300000.0,86863184554.11,86863130000.0
2020-05-12,SBUX,69.73,70.42,70.94,69.67,71.57,9004539,687240778.7197,70.15,0.77,1168300960,1168300000.0,88638989162.0,88638940000.0
2020-05-09,SBUX,71.57,71.0,71.63,69.63,69.85,11921829,919254048.5717,70.87,1.02,1168300960,1168300000.0,90975591082.0,90975500000.0
2020-05-08,SBUX,69.85,67.84,69.88,67.44,66.68,13369309,1003203494.7723,68.97,1.14,1168300960,1168300000.0,88790872960.0,88790810000.0
2020-05-07,SBUX,66.68,67.42,68.41,66.59,66.63,12740911,940277919.4862,67.45,1.09,1168300960,1168300000.0,85239246219.71,85239190000.0
2020-05-06,SBUX,66.63,68.51,68.62,66.62,65.7,12976024,959713158.1719,67.6,1.11,1168300960,1168300000.0,85169132974.19,85169060000.0
2020-05-05,SBUX,65.7,66.34,66.37,65.12,67.44,12921797,928102913.728,65.64,1.11,1168300960,1168300000.0,83989156014.4,83989130000.0
2020-05-02,SBUX,67.44,68.46,69.35,66.91,70.13,11216704,830351363.8993,67.66,0.96,1168300960,1168300000.0,86208920828.59,86208880000.0
2020-05-01,SBUX,70.13,70.22,70.96,68.72,70.25,15186036,1158715913.5527,69.74,1.3,1168300960,1168300000.0,89643727987.6,89643690000.0
2020-04-30,SBUX,70.25,71.45,71.97,70.12,71.92,24575516,1902137664.0473,70.74,2.1,1168300960,1168300000.0,89795612953.9,89795560000.0
2020-04-29,SBUX,71.92,71.9,72.76,70.34,71.05,12801387,1007643166.1535,71.94,1.1,1168300960,1168300000.0,91933606047.3,91933560000.0
2020-04-28,SBUX,71.05,70.08,71.33,69.95,69.08,8258469,640180049.4928,70.85,0.71,1168300960,1168300000.0,90823723640.21,90823690000.0
2020-04-25,SBUX,69.08,69.23,69.49,67.82,68.68,8460617,635808607.517,68.68,0.72,1168300960,1168300000.0,88300188893.4,88300130000.0
2020-04-24,SBUX,68.68,70.68,70.99,67.87,70.79,15513356,1171975157.1006,69.05,1.33,1168300960,1168300000.0,87797810134.19,87797750000.0
2020-04-23,SBUX,70.79,68.14,71.34,68.03,66.46,11355290,869708553.761,70.0,0.97,1168300960,1168300000.0,90484905847.1,90484880000.0
2020-04-22,SBUX,66.46,67.08,67.6,65.57,68.84,10345786,752588683.891,66.48,0.88,1173700960,1173700000.0,85351536158.6,85351500000.0
2020-04-21,SBUX,68.84,69.48,70.36,68.62,70.47,9684742,735284962.7545,69.39,0.83,1173700960,1173700000.0,88403165696.81,88403130000.0
2020-04-18,SBUX,70.47,70.03,70.73,68.52,67.19,14268387,1087095606.7869,69.63,1.22,1173700960,1173700000.0,90492352231.91,90492310000.0
2020-04-17,SBUX,67.19,66.82,67.41,65.21,66.31,11946813,870183219.7094,66.57,1.02,1173700960,1173700000.0,86278751701.1,86278690000.0
2020-04-16,SBUX,66.31,65.81,66.88,64.63,67.33,10642532,766189881.5697,65.8,0.91,1173700960,1173700000.0,85152009342.8,85151940000.0
2020-04-15,SBUX,67.33,67.35,67.93,66.41,65.59,10912000,803748490.336,67.32,0.93,1173700960,1173700000.0,86466548549.5,86466500000.0
2020-04-14,SBUX,65.59,67.19,67.27,64.3,67.52,11191793,799781151.523,65.31,0.95,1173700960,1173700000.0,84224775021.1,84224690000.0
2020-04-10,SBUX,67.52,65.07,67.87,64.11,65.41,19769563,1437085178.9921,66.44,1.68,1173700960,1173700000.0,86713032793.3,86713000000.0
2020-04-09,SBUX,65.41,63.59,65.73,62.64,62.8,10417641,738011722.1249,64.75,0.89,1173700960,1173700000.0,84001787096.81,84001750000.0
2020-04-08,SBUX,62.8,65.41,66.24,62.46,61.96,13799395,965840368.9419,63.97,1.18,1173700960,1173700000.0,80645001177.51,80644940000.0
2020-04-07,SBUX,61.96,60.57,62.46,58.87,57.63,18010770,1193489167.3349,60.56,1.53,1173700960,1173700000.0,79565181036.19,79565130000.0
2020-04-04,SBUX,57.63,58.92,59.18,55.66,59.41,14676461,921242865.9103,57.37,1.25,1173700960,1173700000.0,74001850222.8,74001810000.0
2020-04-03,SBUX,59.41,60.09,62.79,57.5,57.23,18175040,1181430307.616,59.41,1.55,1173700960,1173700000.0,76290562400.0,76290500000.0
2020-04-02,SBUX,57.23,57.58,59.19,56.28,60.08,12880407,811977044.6795,57.62,1.1,1173700960,1173700000.0,73497149420.4,73497060000.0
2020-04-01,SBUX,60.08,61.4,62.44,59.69,62.02,20109805,1337344383.7493,60.78,1.71,1173700960,1173700000.0,77159108152.61,77159060000.0
2020-03-31,SBUX,62.02,60.83,62.35,59.02,60.63,14199719,949616176.3277,61.12,1.21,1173700960,1173700000.0,79647348319.3,79647310000.0
2020-03-28,SBUX,60.63,60.94,62.38,59.24,63.89,18950461,1262040099.0257,60.87,1.61,1173700960,1173700000.0,77863318165.3,77863250000.0
2020-03-27,SBUX,63.89,60.97,65.42,60.55,60.15,21005282,1466139276.2052,63.79,1.79,1173700960,1173700000.0,82041690061.79,82041630000.0
2020-03-26,SBUX,60.15,61.08,63.65,58.03,59.3,22977188,1541771566.5644,61.33,1.96,1173700960,1173700000.0,77241257830.2,77241190000.0
2020-03-25,SBUX,59.3,57.22,59.55,55.75,51.68,28286188,1797318443.7554,58.07,2.41,1173700960,1173700000.0,76149724153.3,76149690000.0
2020-03-24,SBUX,51.68,52.31,52.5,49.35,53.04,24905790,1393967228.5129,51.15,2.12,1173700960,1173700000.0,66372793982.8,66372750000.0
2020-03-21,SBUX,53.04,56.94,60.03,52.93,56.13,28420575,1752210697.8941,56.35,2.42,1173700960,1173700000.0,68109865535.1,68109810000.0
2020-03-20,SBUX,56.13,51.39,57.91,48.94,51.48,25167422,1507465835.417,54.74,2.14,1173700960,1173700000.0,72076980648.4,72076940000.0
2020-03-18,SBUX,53.91,54.43,54.49,49.0,53.55,25045192,1427626009.3388,52.1,2.13,1173700960,1173700000.0,69224877926.0,69224810000.0
2020-03-17,SBUX,53.55,55.41,58.45,53.11,63.9,23354348,1426868852.519,55.84,1.99,1173700960,1173700000.0,68767135725.3,68767130000.0
2020-03-14,SBUX,63.9,60.0,64.14,58.05,56.76,19247180,1271258974.2795,60.37,1.64,1173700960,1173700000.0,82065169949.5,82065130000.0
2020-03-13,SBUX,56.76,57.54,61.05,56.17,62.42,25170629,1589502416.7601,57.72,2.14,1173700960,1173700000.0,72886837831.91,72886750000.0
2020-03-12,SBUX,62.42,66.56,67.88,61.6,68.43,17161368,1199063134.6687,63.86,1.46,1173700960,1173700000.0,80163780262.8,80163750000.0
2020-03-11,SBUX,68.43,66.32,68.5,64.0,64.74,18414047,1337657066.7789,66.39,1.57,1173700960,1173700000.0,87874986180.4,87874940000.0
2020-03-10,SBUX,64.74,64.51,67.66,64.05,68.86,15930309,1147206865.3569,65.82,1.36,1173700960,1173700000.0,83133241344.2,83133190000.0
2020-03-07,SBUX,68.86,67.14,69.2,65.85,69.63,18080149,1344130636.7715,67.95,1.54,1173700960,1173700000.0,88426626805.3,88426560000.0
2020-03-06,SBUX,69.63,71.2,71.2,68.8,72.82,12545266,957968969.2091,69.79,1.07,1173700960,1173700000.0,89424279663.5,89424190000.0
2020-03-05,SBUX,72.82,72.47,73.3,71.18,71.84,10999610,869564191.9037,72.25,0.94,1173700960,1173700000.0,93508754309.5,93508690000.0
2020-03-03,SBUX,75.29,71.22,75.32,70.98,71.68,14258676,1148388018.7936,73.61,1.21,1173700960,1173700000.0,96689490953.3,96689440000.0
2020-02-29,SBUX,71.68,69.62,72.03,69.21,71.55,19120250,1484740987.4405,70.97,1.63,1173700960,1173700000.0,92053358076.89,92053310000.0
2020-02-28,SBUX,71.55,72.05,73.91,70.7,73.73,17120833,1352684537.1098,72.21,1.46,1173700960,1173700000.0,91889041116.19,91889000000.0
2020-02-27,SBUX,73.73,75.49,76.08,73.7,75.12,10549301,861392697.6991,74.63,0.9,1173700960,1173700000.0,94682455269.5,94682440000.0
2020-02-26,SBUX,75.12,77.7,78.01,74.64,77.25,9403953,778780788.1089,75.69,0.8,1173700960,1173700000.0,96466485423.5,96466440000.0
2020-02-25,SBUX,77.25,77.26,78.65,77.01,79.84,8313645,706693062.9527,77.69,0.71,1173700960,1173700000.0,99201211007.7,99201190000.0
2020-02-22,SBUX,79.84,80.43,80.78,79.51,80.98,5801703,507546322.3569,79.96,0.49,1173700960,1173700000.0,102534517039.3,102534500000.0
2020-02-21,SBUX,80.98,82.01,82.48,80.18,82.38,5969199,529509102.9579,81.07,0.51,1173700960,1173700000.0,103989913271.91,103989900000.0
2020-02-20,SBUX,82.38,81.79,82.65,81.62,81.55,5210836,469587476.7541,82.36,0.44,1173700960,1173700000.0,105797404534.4,105797400000.0
2020-02-15,SBUX,81.6,82.42,82.63,81.33,82.19,5686867,508789250.1307,81.77,0.48,1173700960,1173700000.0,104788020535.1,104788000000.0
2020-02-14,SBUX,82.19,80.89,82.72,80.67,80.95,8576613,769391656.6653,81.99,0.73,1173700960,1173700000.0,105545063522.8,105545000000.0
2020-02-13,SBUX,80.95,80.16,81.43,79.87,79.98,7747785,685678151.2348,80.89,0.66,1173700960,1173700000.0,103954703416.81,103954600000.0
2020-02-11,SBUX,80.0,78.99,80.08,78.75,78.98,7289281,635986880.6947,79.74,0.62,1173700960,1173700000.0,102734043855.1,102734000000.0
2020-02-08,SBUX,78.98,78.38,79.17,77.97,78.74,8073906,696430942.1376,78.84,0.69,1173700960,1173700000.0,101431235789.5,101431200000.0
2020-02-07,SBUX,78.74,80.11,80.15,78.74,80.03,8901402,769380166.4988,79.0,0.76,1173700960,1173700000.0,101114330661.79,101114300000.0
2020-02-06,SBUX,80.03,81.23,81.53,79.18,80.4,9982672,874931337.3534,80.1,0.85,1173700960,1173700000.0,102769253710.2,102769200000.0
2020-02-05,SBUX,80.4,79.27,80.97,78.8,78.25,9997070,883689982.9489,80.41,0.85,1173700960,1173700000.0,103731696713.3,103731700000.0
2020-02-04,SBUX,78.25,77.39,78.95,77.39,77.17,9092621,784128540.5359,78.45,0.77,1173700960,1173700000.0,100950013701.1,100949900000.0
2020-02-01,SBUX,77.17,78.04,78.23,76.89,78.09,11693903,996874908.4595,77.55,1.0,1173700960,1173700000.0,99565054784.2,99565000000.0
2020-01-31,SBUX,78.09,77.74,78.77,77.04,78.89,12224942,1044838946.7674,77.75,1.04,1173700960,1173700000.0,100750486885.3,100750400000.0
2020-01-30,SBUX,78.89,80.19,80.46,77.87,80.6,17703899,1533345243.9138,78.79,1.51,1173700960,1173700000.0,101783349598.6,101783300000.0
2020-01-29,SBUX,80.6,81.01,81.14,79.8,80.72,11922395,1057338852.4265,80.68,1.02,1173700960,1173700000.0,103989913271.91,103989900000.0
2020-01-28,SBUX,80.72,80.63,81.37,79.65,83.72,11066489,983168971.472,80.82,0.94,1173700960,1173700000.0,104142481486.0,104142400000.0
2020-01-25,SBUX,83.72,85.51,85.63,83.09,85.29,7815500,721527733.7345,83.99,0.67,1173700960,1173700000.0,108015698175.1,108015600000.0
2020-01-24,SBUX,85.29,83.62,85.38,82.55,84.18,6100777,568272729.5844,84.74,0.52,1173700960,1173700000.0,110034465000.0,110034400000.0
2020-01-23,SBUX,84.18,84.73,85.29,84.12,84.18,6157410,572258614.3768,84.55,0.52,1173700960,1173700000.0,108602548655.1,108602500000.0
2020-01-22,SBUX,84.18,84.45,85.15,83.87,85.17,7094559,658043730.9165,84.38,0.6,1173996960,1173996000.0,108629937534.8,108629900000.0
2020-01-17,SBUX,84.22,83.69,84.25,83.36,83.28,5180320,478273582.7533,83.99,0.44,1173996960,1173996000.0,108688640904.79,108688600000.0
2020-01-15,SBUX,82.78,82.96,83.18,82.66,82.86,5855399,533464949.9813,82.88,0.5,1173996960,1173996000.0,106821990434.38,106821900000.0
2020-01-11,SBUX,82.02,82.6,82.68,81.54,82.36,7098086,639203895.9695,81.92,0.6,1173996960,1173996000.0,105847570609.59,105847500000.0
2020-01-10,SBUX,82.36,82.1,82.93,81.94,80.86,9450164,857320768.1128,82.53,0.8,1181000960,1181000000.0,106916015727.8,106916000000.0
2020-01-09,SBUX,80.86,80.0,81.28,79.86,79.93,7297234,648570182.0432,80.85,0.62,1181000960,1181000000.0,104967371229.8,104967300000.0
2020-01-08,SBUX,79.93,80.02,80.08,79.26,80.17,6533539,572557582.5116,79.72,0.55,1181000960,1181000000.0,103762745526.6,103762700000.0
2020-01-07,SBUX,80.17,80.16,80.43,79.57,80.81,5409852,475576810.9497,79.97,0.46,1181000960,1181000000.0,104081620509.8,104081600000.0
2020-01-01,SBUX,79.98,79.55,80.05,79.43,79.55,4116734,360984482.3983,79.77,0.35,1181000960,1181000000.0,103833603222.2,103833600000.0
2019-12-31,SBUX,79.55,80.06,80.24,79.2,80.17,4656289,407136616.2072,79.54,0.39,1181000960,1181000000.0,103266727485.4,103266700000.0
2019-12-28,SBUX,80.17,80.16,80.47,79.77,80.12,4130879,363902796.0577,80.14,0.35,1181000960,1181000000.0,104081620509.8,104081600000.0
2019-12-27,SBUX,80.12,80.72,80.75,79.86,80.53,4180262,368045294.5219,80.1,0.35,1181000960,1181000000.0,104016656009.0,104016600000.0
2019-12-25,SBUX,80.53,80.24,80.6,80.06,80.26,1847770,163265067.6441,80.38,0.16,1181000960,1181000000.0,104542210884.2,104542200000.0
2019-12-24,SBUX,80.26,80.62,80.83,80.21,80.47,4349883,384761475.5147,80.47,0.37,1181000960,1181000000.0,104199709976.8,104199700000.0
2019-12-21,SBUX,80.47,80.77,80.97,79.96,80.53,14271657,1261985470.5237,80.44,1.21,1181000960,1181000000.0,104471353188.61,104471300000.0
2019-12-20,SBUX,80.53,79.9,80.59,79.67,80.05,6023453,532109428.6388,80.36,0.51,1181000960,1181000000.0,104542210884.2,104542200000.0
2019-12-19,SBUX,80.05,80.41,80.83,79.89,80.17,5859211,516321337.168,80.17,0.5,1181000960,1181000000.0,103916281556.41,103916300000.0
2019-12-18,SBUX,80.17,80.85,80.94,79.57,80.76,7297422,642862063.7188,80.14,0.62,1181000960,1181000000.0,104081620509.8,104081600000.0
2019-12-17,SBUX,80.76,81.09,81.24,80.45,80.66,6706047,595706255.9148,80.81,0.57,1181000960,1181000000.0,104849264047.8,104849200000.0
2019-12-14,SBUX,80.66,80.07,80.77,79.67,80.25,6718109,593526831.5644,80.37,0.57,1181000960,1181000000.0,104719353942.2,104719300000.0
2019-12-13,SBUX,80.25,80.06,80.86,79.64,78.77,10293872,909217526.4837,80.35,0.87,1181000960,1181000000.0,104176102948.61,104176100000.0
2019-12-11,SBUX,78.27,78.69,79.57,78.15,78.49,7945125,687161903.8369,78.68,0.67,1181000960,1181000000.0,101613315512.39,101613300000.0
2019-12-10,SBUX,78.49,78.52,78.81,78.2,78.53,7170820,619124963.1943,78.54,0.61,1181000960,1181000000.0,101896761647.8,101896700000.0
2019-12-07,SBUX,78.53,77.35,78.72,77.35,76.83,8501813,733015307.0122,78.43,0.72,1181000960,1181000000.0,101944012315.21,101943900000.0
2019-12-06,SBUX,76.83,77.73,77.77,76.71,77.69,5171387,437729472.0929,77.0,0.44,1181000960,1181000000.0,99735527529.0,99735500000.0
2019-12-05,SBUX,77.69,77.44,77.82,77.06,77.16,5940602,506360904.5576,77.54,0.5,1181000960,1181000000.0,100857474897.99,100857400000.0
2019-12-03,SBUX,76.94,77.67,78.03,76.25,77.72,6428430,543300722.1212,76.89,0.54,1181000960,1181000000.0,99877260635.21,99877190000.0
2019-11-30,SBUX,77.72,78.15,78.9,77.55,78.03,3857027,330542199.7649,77.96,0.33,1181000960,1181000000.0,100892903745.79,100892900000.0
2019-11-28,SBUX,78.03,77.19,78.06,76.8,76.93,7506563,641379546.6603,77.73,0.64,1181000960,1181000000.0,101294458244.2,101294400000.0
2019-11-27,SBUX,76.93,76.53,77.01,76.42,76.19,7652317,646376631.6738,76.84,0.65,1181000960,1181000000.0,99865438815.6,99865380000.0
2019-11-26,SBUX,76.19,75.65,76.42,75.44,75.52,5450981,455785973.0603,76.07,0.46,1181000960,1181000000.0,98908830400.0,98908810000.0
2019-11-23,SBUX,75.52,75.22,75.86,75.2,74.87,6080781,505149917.9269,75.57,0.51,1181000960,1181000000.0,98046705604.2,98046690000.0
2019-11-22,SBUX,74.87,76.19,76.45,74.38,76.05,8300484,685146850.812,75.09,0.7,1181000960,1181000000.0,97196383732.0,97196310000.0
2019-11-21,SBUX,76.05,76.0,76.86,75.49,76.11,6251317,523043967.6051,76.12,0.53,1181000960,1181000000.0,98731688523.01,98731630000.0
2019-11-20,SBUX,76.11,76.47,76.67,76.03,76.43,6010422,503820582.8765,76.26,0.51,1181000960,1181000000.0,98802545037.6,98802500000.0
2019-11-19,SBUX,76.43,76.34,76.52,75.73,76.61,6433067,539264096.2676,76.26,0.54,1181000960,1181000000.0,99227706564.2,99227690000.0
2019-11-16,SBUX,76.61,77.04,77.27,76.03,76.76,7537203,633717468.6186,76.49,0.64,1181000960,1181000000.0,99452099108.61,99452060000.0
2019-11-15,SBUX,76.76,76.51,76.89,76.23,76.36,5287434,445361110.4257,76.63,0.45,1181000960,1181000000.0,99652866909.8,99652810000.0
2019-11-14,SBUX,76.36,75.77,76.68,75.69,75.8,7439004,623861670.7324,76.29,0.63,1181000960,1181000000.0,99133224125.4,99133190000.0
2019-11-13,SBUX,75.8,75.22,76.39,75.15,74.62,8552692,714166100.5363,75.96,0.72,1181000960,1181000000.0,98401009435.21,98400940000.0
2019-11-12,SBUX,74.62,74.0,74.71,73.66,74.02,5832574,479756000.5124,74.46,0.49,1181000960,1181000000.0,97349900865.79,97349880000.0
2019-11-09,SBUX,74.02,74.4,74.81,73.73,74.18,7088063,580599493.2585,74.15,0.6,1181000960,1181000000.0,96570454404.2,96570440000.0
2019-11-08,SBUX,74.18,75.19,75.39,74.08,75.12,7221383,595065060.4042,74.59,0.61,1184600000,1184600000.0,97077966446.2,97077940000.0
2019-11-07,SBUX,75.12,74.3,75.47,74.23,74.13,6365266,528244526.6981,75.12,0.54,1184600000,1184600000.0,98309961107.6,98309940000.0
2019-11-06,SBUX,74.13,74.53,74.53,73.35,74.56,7054399,575858378.4265,73.89,0.6,1184600000,1184600000.0,97006894000.0,97006880000.0
2019-11-05,SBUX,74.56,75.4,75.52,74.14,75.32,8271188,681641009.862,74.6,0.7,1184600000,1184600000.0,97575497261.6,97575440000.0
2019-11-02,SBUX,75.32,76.75,77.22,74.78,76.54,10658473,887586556.0374,75.38,0.9,1184600960,1184600000.0,98570654173.81,98570630000.0
2019-11-01,SBUX,76.54,78.49,78.95,75.38,76.21,14008813,1184400296.9396,76.53,1.18,1184600960,1184600000.0,100169854808.4,100169800000.0
2019-10-31,SBUX,76.21,76.59,76.67,75.42,76.15,8731289,731965828.7489,75.88,0.74,1184600960,1184600000.0,99731558376.2,99731500000.0
2019-10-30,SBUX,76.15,75.86,76.61,75.71,75.67,5699094,479926399.1349,76.23,0.48,1184600960,1184600000.0,99660484687.8,99660440000.0
2019-10-29,SBUX,75.67,76.46,76.92,75.46,75.48,6653356,557294406.605,75.82,0.56,1184600960,1184600000.0,99032648548.21,99032630000.0
2019-10-26,SBUX,75.48,75.32,75.64,74.8,75.29,5235297,436014381.2292,75.39,0.44,1184600960,1184600000.0,98772033967.8,98772000000.0
2019-10-25,SBUX,75.29,74.95,75.61,74.82,74.9,4632617,385100639.9725,75.25,0.39,1184600960,1184600000.0,98535099560.59,98535060000.0
2019-10-24,SBUX,74.9,76.32,76.41,74.34,75.55,7186613,595519390.5331,75.01,0.61,1184600960,1184600000.0,98013890538.01,98013880000.0
2019-10-23,SBUX,75.55,77.15,77.26,75.48,77.26,5806609,488280654.1145,76.12,0.49,1184600960,1184600000.0,98866804413.81,98866750000.0
2019-10-22,SBUX,77.26,77.85,78.06,77.01,77.87,5007109,428086809.6706,77.39,0.42,1184600960,1184600000.0,101105700228.21,101105600000.0
2019-10-19,SBUX,77.87,78.16,78.53,77.41,78.11,4631219,398759506.1602,77.94,0.39,1184600960,1184600000.0,101911219404.2,101911100000.0
2019-10-18,SBUX,78.11,78.64,78.77,77.99,78.49,4397738,380317239.7989,78.28,0.37,1184600960,1184600000.0,102219209730.79,102219200000.0
2019-10-17,SBUX,78.49,78.33,78.6,77.89,78.25,3706830,320812406.4017,78.34,0.31,1184600960,1184600000.0,102716757533.81,102716700000.0
2019-10-16,SBUX,78.25,78.75,78.98,77.63,78.41,4722625,408069289.3304,78.22,0.4,1184600960,1184600000.0,102408749438.2,102408700000.0
2019-10-15,SBUX,78.41,78.3,79.37,78.21,78.17,4936606,429144624.4028,78.69,0.42,1184600960,1184600000.0,102610130416.8,102610100000.0
2019-10-12,SBUX,78.17,78.77,78.98,78.08,77.81,5621570,487518858.5746,78.5,0.47,1184600960,1184600000.0,102302140090.2,102302100000.0
2019-10-11,SBUX,77.81,77.77,77.91,77.29,77.71,4257672,365267409.4948,77.66,0.36,1184600960,1184600000.0,101828306813.81,101828300000.0
2019-10-10,SBUX,77.71,77.28,78.0,77.2,76.86,4450258,381578458.3432,77.61,0.38,1184600960,1184600000.0,101698000708.21,101697900000.0
2019-10-09,SBUX,76.86,77.39,78.15,76.66,77.71,6386914,545250235.0363,77.28,0.54,1184600960,1184600000.0,100584472252.0,100584400000.0
2019-10-08,SBUX,77.71,77.58,77.99,77.39,77.77,4445598,381880847.0102,77.76,0.38,1184600960,1184600000.0,101698000708.21,101697900000.0
2019-10-04,SBUX,76.64,76.31,76.86,75.68,76.33,6061699,511623731.8788,76.4,0.51,1184600960,1184600000.0,100300162098.6,100300100000.0
2019-10-03,SBUX,76.33,77.8,77.86,76.18,78.31,10036454,850986889.969,76.75,0.85,1184600960,1184600000.0,99885562424.01,99885500000.0
2019-10-02,SBUX,78.31,80.23,80.47,78.25,80.04,6805629,592851953.448,78.85,0.57,1184600960,1184600000.0,102479823126.6,102479800000.0
2019-10-01,SBUX,80.04,80.03,80.16,79.3,79.99,6650434,586835652.8485,79.87,0.56,1184600960,1184600000.0,104742415698.6,104742400000.0
2019-09-27,SBUX,81.29,82.23,82.51,81.01,81.78,5531820,497461089.0358,81.4,0.46,1197000960,1197000000.0,107490690996.0,107490600000.0
2019-09-26,SBUX,81.78,81.41,82.02,80.58,81.4,5263770,474652527.2486,81.62,0.44,1197000960,1197000000.0,108149045115.01,108149000000.0
2019-09-25,SBUX,81.4,82.92,83.07,81.02,82.2,5688164,513306204.7812,81.69,0.48,1197000960,1197000000.0,107634325126.2,107634300000.0
2019-09-24,SBUX,82.2,81.76,82.52,81.4,81.53,4943645,449047579.4912,82.22,0.41,1197000960,1197000000.0,108699654783.6,108699600000.0
2019-09-21,SBUX,81.53,82.92,83.35,81.52,82.88,11241786,1019158925.6412,82.06,0.94,1197000960,1197000000.0,107813886043.21,107813800000.0
2019-09-19,SBUX,82.34,82.35,82.7,81.52,82.15,4559656,414259808.1438,82.24,0.38,1197000960,1197000000.0,108879215700.61,108879100000.0
2019-09-17,SBUX,80.94,81.49,81.87,80.9,81.9,6339234,568728809.4346,81.21,0.53,1197000960,1197000000.0,107035824646.2,107035800000.0
2019-09-14,SBUX,81.9,83.41,83.41,81.75,83.33,6972262,633361005.1952,82.23,0.58,1197000960,1197000000.0,108304642072.8,108304600000.0
2019-09-13,SBUX,83.33,83.42,84.47,83.07,82.35,6862164,634203282.9779,83.66,0.57,1197000960,1197000000.0,110195905983.6,110195900000.0
2019-09-12,SBUX,82.35,81.63,82.78,81.11,81.78,8406555,761999517.7032,82.05,0.7,1197000960,1197000000.0,108903142552.8,108903100000.0
2019-09-11,SBUX,81.78,84.92,84.98,80.84,85.23,12490899,1131211999.5744,81.98,1.04,1197000960,1197000000.0,108149045115.01,108149000000.0
2019-09-10,SBUX,85.23,86.72,86.84,84.85,86.66,6523301,616025927.2816,85.48,0.54,1197000960,1197000000.0,112709615181.6,112709600000.0
2019-09-07,SBUX,86.66,86.67,87.21,86.46,86.5,3991773,382940380.1123,86.84,0.33,1197000960,1197000000.0,114600879092.41,114600900000.0
2019-09-06,SBUX,86.5,87.39,87.77,86.15,87.0,5514797,526969168.1891,86.5,0.46,1197000960,1197000000.0,114385409343.6,114385400000.0
2019-09-05,SBUX,87.0,85.52,87.19,84.21,87.6,12937508,1227843265.9331,85.91,1.08,1197000960,1197000000.0,115043763462.6,115043700000.0
2019-09-04,SBUX,87.6,87.28,87.99,86.94,87.41,5150828,497929512.5944,87.51,0.43,1197000960,1197000000.0,115833788884.2,115833800000.0
2019-08-31,SBUX,87.41,88.84,88.84,86.99,88.44,5210449,504274006.9619,87.61,0.44,1197000960,1197000000.0,115582410303.6,115582400000.0
2019-08-30,SBUX,88.44,88.57,88.77,87.86,87.87,4514496,441028775.3397,88.43,0.38,1197000960,1197000000.0,116946990201.0,116946900000.0
2019-08-29,SBUX,87.87,87.11,87.99,86.9,86.98,4948762,479599346.9622,87.73,0.41,1197000960,1197000000.0,116192892763.21,116192800000.0
2019-08-28,SBUX,86.98,87.53,87.89,86.93,87.35,6540102,630227786.1674,87.23,0.55,1197000960,1197000000.0,115019818655.4,115019800000.0
2019-08-27,SBUX,87.35,86.34,87.35,85.99,85.72,5806559,557930793.2679,86.98,0.49,1197000960,1197000000.0,115510592640.0,115510500000.0
2019-08-24,SBUX,85.72,87.27,87.89,85.44,87.34,8077465,770929430.6849,86.39,0.67,1197000960,1197000000.0,113355987321.0,113355900000.0
2019-08-23,SBUX,87.34,87.43,87.67,86.63,87.19,5147125,496468546.3202,87.31,0.43,1197000960,1197000000.0,115498629812.41,115498600000.0
2019-08-22,SBUX,87.19,87.14,87.49,86.65,86.56,4740742,456231967.1125,87.11,0.4,1197000960,1197000000.0,115295142043.21,115295100000.0
2019-08-21,SBUX,86.56,87.22,87.91,86.53,87.5,6809918,656591918.2853,87.28,0.57,1197000960,1197000000.0,114469207789.8,114469200000.0
2019-08-17,SBUX,87.37,87.16,87.65,86.77,86.47,5032914,485457797.697,87.31,0.42,1197000960,1197000000.0,115534538644.2,115534500000.0
2019-08-16,SBUX,86.47,86.45,87.14,85.64,85.92,5566891,531698741.7774,86.46,0.47,1197000960,1197000000.0,114349500511.8,114349400000.0
2019-08-15,SBUX,85.92,86.82,87.83,85.88,87.47,9989527,955917837.6631,86.62,0.83,1197000960,1197000000.0,113619329926.2,113619300000.0
2019-08-14,SBUX,87.47,85.56,87.51,85.28,85.91,8938250,855260938.2515,86.61,0.75,1197000960,1197000000.0,115666208749.8,115666200000.0
2019-08-13,SBUX,85.91,86.7,86.92,85.36,87.17,5513813,524404457.1129,86.09,0.46,1197000960,1197000000.0,113607365901.6,113607300000.0
2019-08-10,SBUX,87.17,87.03,87.66,86.37,87.14,5209180,501519498.1337,87.15,0.44,1197000960,1197000000.0,115271197236.0,115271200000.0
2019-08-09,SBUX,87.14,86.2,87.27,85.48,86.19,7423617,710642098.9769,86.65,0.62,1197000960,1197000000.0,115235288404.2,115235300000.0
2019-08-08,SBUX,86.19,85.63,86.63,85.24,85.98,6414047,609646873.9872,86.04,0.54,1197000960,1197000000.0,113978433805.2,113978400000.0
2019-08-07,SBUX,85.98,85.05,86.31,84.59,84.5,7437981,708311522.4009,85.88,0.62,1197000960,1197000000.0,114122067935.4,114122000000.0
2019-08-06,SBUX,84.5,85.23,86.14,83.89,86.13,8917442,837025946.5659,84.64,0.74,1197000960,1197000000.0,112158986361.0,112158900000.0
2019-08-03,SBUX,86.13,85.67,86.61,85.49,86.01,6381723,609508791.1455,86.13,0.53,1197000960,1197000000.0,114325555704.6,114325500000.0
2019-08-01,SBUX,85.39,87.16,87.16,84.32,87.16,9912149,943854661.9901,85.87,0.83,1197000960,1197000000.0,113344024493.4,113344000000.0
2019-07-31,SBUX,87.16,87.92,88.62,87.04,88.39,7248270,704595643.2725,87.66,0.61,1197000960,1197000000.0,115690135601.99,115690100000.0
2019-07-30,SBUX,88.39,88.42,89.22,87.66,89.38,11184512,1097215211.8036,88.47,0.93,1197000960,1197000000.0,117330040084.2,117330000000.0
2019-07-27,SBUX,89.38,86.93,89.93,85.86,82.04,20846461,2042727973.6818,88.36,1.74,1197000960,1197000000.0,118634766342.6,118634700000.0
2019-07-26,SBUX,82.04,82.5,82.56,81.58,81.75,8106320,736873348.2078,81.97,0.68,1197000960,1197000000.0,108903142552.8,108903100000.0
2019-07-25,SBUX,81.75,81.07,81.84,80.87,81.26,5388137,487170017.908,81.53,0.45,1197000960,1197000000.0,108508129841.99,108508100000.0
2019-07-24,SBUX,81.26,82.29,82.39,80.41,81.99,7609246,683383347.1708,80.99,0.63,1211200960,1211200000.0,109141319716.8,109141300000.0
2019-07-23,SBUX,81.99,81.63,82.22,81.21,81.43,5636656,512135820.6937,81.93,0.47,1211200960,1211200000.0,110122390072.0,110122300000.0
2019-07-20,SBUX,81.43,82.43,82.61,81.37,82.51,10804899,980830968.098,81.86,0.89,1211200960,1211200000.0,109371451532.8,109371400000.0
2019-07-18,SBUX,81.39,81.23,81.5,80.91,81.23,4636215,417702558.2454,81.25,0.38,1211200960,1211200000.0,109310886640.0,109310800000.0
2019-07-17,SBUX,81.23,81.36,81.59,80.79,81.3,5591856,503466702.8103,81.19,0.46,1211200960,1211200000.0,109104984899.2,109104900000.0
2019-07-16,SBUX,81.3,81.04,81.47,80.85,80.95,6061254,546191720.448,81.26,0.5,1211200960,1211200000.0,109201883398.4,109201800000.0
2019-07-13,SBUX,80.95,80.51,81.0,80.12,80.32,5628012,503354208.9036,80.65,0.46,1211200960,1211200000.0,108729516235.2,108729500000.0
2019-07-12,SBUX,80.32,79.95,80.52,79.6,79.7,6191375,549434368.7298,80.03,0.51,1211200960,1211200000.0,107881679196.81,107881600000.0
2019-07-11,SBUX,79.7,78.83,79.84,78.83,78.66,5293012,467058559.9802,79.57,0.44,1211200960,1211200000.0,107045946900.8,107045900000.0
2019-07-10,SBUX,78.66,78.72,79.04,78.36,78.85,5355535,467213638.6569,78.67,0.44,1211200960,1211200000.0,105653054896.0,105653000000.0
2019-07-09,SBUX,78.85,79.0,79.31,78.62,79.17,6359676,556906689.9965,78.97,0.53,1211200960,1211200000.0,105907415576.0,105907400000.0
2019-07-06,SBUX,79.17,78.91,79.25,78.35,79.17,5733238,501492634.4218,78.88,0.47,1211200960,1211200000.0,106331325011.19,106331300000.0
2019-07-04,SBUX,79.17,77.59,79.19,77.53,77.11,7818551,682164642.0188,78.68,0.65,1211200960,1211200000.0,106331325011.19,106331300000.0
2019-07-03,SBUX,77.11,76.42,77.18,76.22,76.25,6206086,529039669.1019,76.87,0.51,1211200960,1211200000.0,103569788033.6,103569800000.0
2019-07-02,SBUX,76.25,76.31,76.62,75.78,75.6,7940539,670763517.2276,76.18,0.66,1211200960,1211200000.0,102407046012.8,102407000000.0
2019-06-29,SBUX,75.6,75.35,75.71,75.14,75.35,6735621,563450895.8185,75.44,0.56,1211200960,1211200000.0,101534978899.2,101534900000.0
2019-06-28,SBUX,75.35,75.34,75.65,75.04,75.19,6084199,508756424.9355,75.41,0.5,1211200960,1211200000.0,101207949795.2,101207900000.0
2019-06-27,SBUX,75.19,76.02,76.02,75.01,75.97,7576442,632974642.4164,75.34,0.63,1211200960,1211200000.0,100989942100.8,100989900000.0
2019-06-26,SBUX,75.97,75.93,76.83,75.71,75.43,7312328,617141471.1472,76.11,0.6,1211200960,1211200000.0,102043680880.0,102043600000.0
2019-06-25,SBUX,75.43,75.82,76.25,75.4,75.59,6692692,561985360.6254,75.72,0.55,1211200960,1211200000.0,101316953036.79,101316900000.0
2019-06-22,SBUX,75.59,76.14,76.44,75.58,76.37,12610165,1060420287.6523,75.83,1.04,1211200960,1211200000.0,101522874156.81,101522800000.0
2019-06-21,SBUX,76.37,76.12,76.5,75.6,75.58,5216145,440057475.2848,76.08,0.43,1211200960,1211200000.0,102576612936.0,102576600000.0
2019-06-20,SBUX,75.58,74.92,75.68,74.02,74.78,5401367,448944378.4752,74.95,0.45,1211200960,1211200000.0,101510750035.2,101510700000.0
2019-06-18,SBUX,74.87,76.34,76.37,74.75,75.97,9313809,775810476.1974,75.12,0.77,1211200960,1211200000.0,100553909755.2,100553900000.0
2019-06-14,SBUX,75.16,75.15,75.79,74.87,74.78,7156844,596650324.9095,75.18,0.59,1211200960,1211200000.0,100953608494.41,100953600000.0
2019-06-13,SBUX,74.78,74.48,75.45,74.23,74.28,6089027,505675413.0909,74.89,0.5,1211200960,1211200000.0,100444887134.39,100444800000.0
2019-06-12,SBUX,74.28,74.22,74.72,73.81,73.88,6226559,512247159.7882,74.19,0.51,1211200960,1211200000.0,99766618230.4,99766560000.0
2019-06-08,SBUX,74.38,73.59,75.15,73.5,73.4,11278801,933565510.1741,74.64,0.93,1211200960,1211200000.0,99899850336.0,99899810000.0
2019-06-07,SBUX,73.4,72.17,73.61,72.05,72.11,10457247,850338412.1641,73.33,0.86,1211200960,1211200000.0,98591750876.79,98591690000.0
2019-06-06,SBUX,72.11,71.05,72.12,70.93,70.81,7437117,592110539.6623,71.8,0.61,1211200960,1211200000.0,96847637240.01,96847630000.0
2019-06-05,SBUX,70.81,69.23,71.02,69.13,68.73,11685008,914856644.9756,70.6,0.96,1211200960,1211200000.0,95103505435.2,95103440000.0
2019-06-04,SBUX,68.73,68.64,69.01,68.22,68.59,8122317,617887396.6776,68.6,0.67,1211200960,1211200000.0,92317739593.6,92317690000.0
2019-06-01,SBUX,68.59,68.17,68.82,67.98,68.69,7625695,579135679.2321,68.49,0.63,1211200960,1211200000.0,92123942595.2,92123880000.0
2019-05-31,SBUX,68.69,68.22,68.92,68.2,67.89,7178430,546470912.1024,68.65,0.59,1211200960,1211200000.0,92257175912.0,92257130000.0
2019-05-30,SBUX,67.89,67.93,68.08,67.03,68.26,10511594,789677244.8516,67.75,0.87,1211200960,1211200000.0,91179207057.6,91179130000.0
2019-05-29,SBUX,68.26,68.86,69.15,67.92,68.67,16205157,1227996121.0978,68.33,1.34,1211200960,1211200000.0,91687909038.4,91687880000.0
2019-05-25,SBUX,68.67,69.28,69.49,68.51,68.9,5627633,429144715.7635,68.77,0.46,1211200960,1211200000.0,92232945836.79,92232880000.0
2019-05-23,SBUX,69.66,69.62,70.08,69.36,69.91,5602516,433114858.5303,69.71,0.46,1211200960,1211200000.0,93565274160.0,93565250000.0
2019-05-22,SBUX,69.91,69.48,70.2,69.21,69.13,5808516,449940985.7127,69.85,0.48,1211200960,1211200000.0,93904409217.6,93904380000.0
2019-05-21,SBUX,69.13,70.61,70.72,69.05,71.16,11474973,883504117.0619,69.43,0.95,1211200960,1211200000.0,92850670438.4,92850630000.0
2019-05-18,SBUX,71.16,70.81,71.83,70.67,71.15,7380078,583415800.5981,71.29,0.61,1211200960,1211200000.0,95575872598.4,95575810000.0
2019-05-17,SBUX,71.15,70.03,71.46,69.95,70.12,6941762,547303114.6055,71.1,0.57,1211200960,1211200000.0,95563748476.79,95563690000.0
2019-05-16,SBUX,70.12,69.16,70.28,69.01,69.49,5415742,420105096.7507,69.95,0.45,1211200960,1211200000.0,94182980593.6,94182940000.0
2019-05-14,SBUX,69.15,69.66,70.14,68.61,70.72,9778828,749622463.1756,69.13,0.81,1211200960,1211200000.0,92874881134.39,92874810000.0
2019-05-11,SBUX,70.72,70.0,71.06,69.58,70.25,6448551,502744531.8281,70.3,0.53,1211200960,1211200000.0,94982378072.0,94982310000.0
2019-05-10,SBUX,70.25,69.96,70.55,69.75,70.38,7326758,570294357.1046,70.19,0.6,1211200960,1211200000.0,94352547516.79,94352500000.0
2019-05-07,SBUX,70.07,69.3,70.09,69.13,70.06,5607844,435900518.042,69.77,0.46,1211200960,1211200000.0,94546344515.2,94546310000.0
2019-05-04,SBUX,70.06,69.65,70.37,69.42,69.54,4967930,387522877.8891,70.02,0.41,1211200960,1211200000.0,94534239772.8,94534190000.0
2019-05-03,SBUX,69.54,69.71,69.8,68.89,69.58,6247551,482685184.2476,69.35,0.52,1211200960,1211200000.0,93831740793.6,93831690000.0
2019-05-02,SBUX,69.58,69.72,70.15,69.45,69.73,6678195,518828275.0177,69.74,0.55,1211200960,1211200000.0,93892304475.2,93892250000.0
2019-05-01,SBUX,69.73,69.12,69.83,68.84,69.04,7384434,571758307.8416,69.5,0.61,1211200960,1211200000.0,94086082094.39,94086000000.0
2019-04-30,SBUX,69.04,69.39,69.72,68.75,69.52,5426762,417738040.0323,69.1,0.45,1211200960,1211200000.0,93153470678.4,93153440000.0
2019-04-26,SBUX,69.21,68.32,69.32,68.17,68.57,11084454,851447966.7351,68.95,0.92,1211200960,1211200000.0,93395707236.8,93395630000.0
2019-04-25,SBUX,68.57,68.26,69.01,68.14,68.21,9347262,714609424.6562,68.62,0.77,1211200960,1211200000.0,92523641334.4,92523560000.0
2019-04-24,SBUX,68.21,67.75,68.27,67.69,67.68,5274059,400479863.426,68.16,0.42,1243600000,1243600000.0,94501171461.6,94501130000.0
2019-04-23,SBUX,67.68,67.96,68.27,67.51,68.27,4883102,369123949.3435,67.85,0.39,1243600000,1243600000.0,93767432538.4,93767380000.0
2019-04-19,SBUX,68.27,67.75,68.45,67.51,67.43,6607754,501262916.7125,68.09,0.53,1243600000,1243600000.0,94588213512.8,94588190000.0
2019-04-18,SBUX,67.43,67.87,68.18,67.14,67.95,9439008,708799708.7748,67.4,0.76,1243600000,1243600000.0,93419227025.6,93419190000.0
2019-04-16,SBUX,68.36,68.82,68.85,68.29,68.8,7632305,581657200.8195,68.41,0.61,1243600000,1243600000.0,94712580974.4,94712500000.0
2019-04-11,SBUX,67.75,67.51,68.05,67.51,67.43,6066274,458068019.8358,67.78,0.49,1243600000,1243600000.0,93866923025.6,93866880000.0
2019-04-10,SBUX,67.43,67.2,67.53,67.14,67.5,4905836,367966148.943,67.33,0.39,1243600000,1243600000.0,93419227025.6,93419190000.0
2019-04-09,SBUX,67.5,66.85,67.59,66.85,67.35,5140453,385719560.7747,67.35,0.41,1243600000,1243600000.0,93518716269.2,93518630000.0
2019-04-06,SBUX,67.35,66.74,67.39,66.74,66.74,5346336,400573674.1274,67.25,0.43,1243600000,1243600000.0,93307306756.4,93307250000.0
2019-04-05,SBUX,66.74,66.87,67.02,66.41,66.72,5449895,404979522.9419,66.7,0.44,1243600000,1243600000.0,92461668705.2,92461630000.0
2019-04-04,SBUX,66.72,66.93,67.12,66.31,66.67,6755602,502622835.0638,66.78,0.54,1243600000,1243600000.0,92436790487.2,92436750000.0
2019-04-03,SBUX,66.67,66.43,66.83,66.28,66.39,5520938,409862843.1502,66.64,0.44,1243600960,1243600000.0,92362249517.2,92362190000.0
2019-04-02,SBUX,66.39,67.11,67.26,66.18,66.73,8108430,600418757.3,66.47,0.65,1243600960,1243600000.0,91976735706.81,91976690000.0
2019-03-30,SBUX,66.73,66.43,66.85,66.0,66.39,9099492,675402495.9074,66.62,0.73,1243600960,1243600000.0,92449291635.6,92449250000.0
2019-03-29,SBUX,66.39,65.5,66.41,65.43,65.29,6709555,493995696.9826,66.09,0.54,1243600960,1243600000.0,91976735706.81,91976690000.0
2019-03-28,SBUX,65.29,65.47,65.76,65.18,65.49,7662711,558216266.6632,65.39,0.62,1243600960,1243600000.0,90459541292.01,90459500000.0
2019-03-27,SBUX,65.49,65.27,65.7,64.92,64.9,7624043,555148548.8108,65.36,0.61,1243600960,1243600000.0,90733134746.81,90733060000.0
2019-03-26,SBUX,64.9,64.63,65.05,64.39,64.59,6453840,465459382.4227,64.74,0.52,1243600960,1243600000.0,89912354382.4,89912310000.0
2019-03-23,SBUX,64.59,64.67,65.0,64.35,64.86,8022789,577946492.3065,64.66,0.65,1243600960,1243600000.0,89489533786.81,89489500000.0
2019-03-22,SBUX,64.86,64.02,65.02,64.02,64.3,8044430,580722639.3974,64.8,0.65,1243600960,1243600000.0,89862599151.6,89862560000.0
2019-03-21,SBUX,64.3,64.45,64.99,64.04,64.07,9512399,682313897.6063,64.38,0.76,1243600960,1243600000.0,89079142982.8,89079060000.0
2019-03-20,SBUX,64.07,63.69,64.36,63.61,63.59,7810699,557072346.4897,64.02,0.63,1243600960,1243600000.0,88768242742.8,88768190000.0
2019-03-19,SBUX,63.59,63.53,63.84,63.23,63.43,5682430,401906891.9927,63.49,0.46,1243600960,1243600000.0,88096688275.6,88096630000.0
2019-03-16,SBUX,63.43,63.55,63.92,63.32,63.5,13096891,927373838.8486,63.56,1.05,1243600960,1243600000.0,87885278599.6,87885250000.0
2019-03-15,SBUX,63.5,63.0,63.63,63.0,62.92,9249246,653326937.9345,63.4,0.74,1243600960,1243600000.0,87972339372.01,87972310000.0
2019-03-14,SBUX,62.92,62.91,63.64,62.81,62.88,13798645,972346316.0901,63.25,1.11,1243600960,1243600000.0,87176436001.21,87176380000.0
2019-03-13,SBUX,62.88,62.6,63.35,62.55,62.55,12751688,894449315.1485,62.96,1.03,1243600960,1243600000.0,87114252222.4,87114190000.0
2019-03-12,SBUX,62.55,62.28,62.84,62.06,62.26,11518329,802213581.3276,62.52,0.93,1243600960,1243600000.0,86654106187.59,86654060000.0
2019-03-09,SBUX,62.26,62.97,63.08,61.96,63.38,12363891,857275184.4503,62.24,0.99,1243600960,1243600000.0,86256163829.2,86256130000.0
2019-03-08,SBUX,63.38,63.91,64.05,63.25,63.97,7814692,553059858.3591,63.53,0.63,1243600960,1243600000.0,87810665029.2,87810630000.0
2019-03-07,SBUX,63.97,64.46,64.79,63.87,64.25,7666094,548036004.7019,64.17,0.62,1243600960,1243600000.0,88631446637.2,88631380000.0
2019-03-06,SBUX,64.25,63.9,64.53,63.78,63.69,10496075,751065476.5835,64.23,0.84,1243600960,1243600000.0,89016959204.0,89016880000.0
2019-03-05,SBUX,63.69,63.72,64.04,63.17,63.6,9219707,654246091.4416,63.7,0.74,1243600960,1243600000.0,88233484381.2,88233440000.0
2019-03-02,SBUX,63.6,63.4,63.83,63.24,63.07,8067715,571567006.907,63.59,0.65,1243600960,1243600000.0,88109136721.21,88109060000.0
2019-03-01,SBUX,63.07,62.96,63.27,62.64,62.97,18956743,1328969918.015,62.93,1.52,1243600960,1243600000.0,87375397231.6,87375380000.0
2019-02-28,SBUX,62.97,63.58,63.85,62.76,63.86,13274805,933647647.3503,63.13,1.07,1243600960,1243600000.0,87238599882.39,87238560000.0
2019-02-27,SBUX,63.86,63.73,64.13,63.66,63.78,12302254,875571113.0887,63.88,0.99,1243600960,1243600000.0,88469772294.4,88469690000.0
2019-02-26,SBUX,63.78,64.54,64.69,63.71,64.0,12071172,861846614.0453,64.09,0.97,1243600960,1243600000.0,88357853182.4,88357810000.0
2019-02-23,SBUX,64.0,63.52,64.08,63.51,63.46,11311727,805234415.0587,63.9,0.91,1243600960,1243600000.0,88668753422.4,88668690000.0
2019-02-22,SBUX,63.46,62.96,63.67,62.96,63.18,10933547,772678085.2411,63.43,0.88,1243600960,1243600000.0,87922584141.2,87922560000.0
2019-02-21,SBUX,63.18,63.04,63.37,62.88,63.01,9671813,680784457.7096,63.18,0.78,1243600960,1243600000.0,87537071574.4,87537000000.0
2019-02-20,SBUX,63.01,63.25,63.37,62.64,63.47,9208383,647552811.7475,63.12,0.74,1243600960,1243600000.0,87300783661.2,87300750000.0
2019-02-16,SBUX,63.47,63.87,64.06,63.01,63.59,13924590,983937930.4226,63.43,1.12,1243600960,1243600000.0,87935032586.81,87935000000.0
2019-02-15,SBUX,63.59,62.95,64.22,62.81,63.29,9441106,670381771.9691,63.74,0.76,1243600960,1243600000.0,88096688275.6,88096630000.0
2019-02-14,SBUX,63.29,62.66,63.37,62.65,62.61,10264422,720516193.4433,63.01,0.83,1243600960,1243600000.0,87686297471.6,87686250000.0
2019-02-13,SBUX,62.61,63.05,63.25,62.57,62.82,8848875,620292014.6955,62.92,0.71,1243600960,1243600000.0,86741166960.0,86741130000.0
2019-02-12,SBUX,62.82,62.83,63.25,62.7,62.61,9230090,647041345.0374,62.92,0.74,1243600960,1243600000.0,87039638652.01,87039630000.0
2019-02-09,SBUX,62.61,61.73,62.67,61.58,62.06,8862141,615825764.7438,62.37,0.71,1243600960,1243600000.0,86741166960.0,86741130000.0
2019-02-08,SBUX,62.06,61.58,62.12,61.47,61.8,10109211,696407350.834,61.84,0.81,1243600960,1243600000.0,85982570374.4,85982500000.0
2019-02-07,SBUX,61.8,62.14,62.28,61.49,61.92,10283747,709074690.8157,61.89,0.83,1243600960,1243600000.0,85621934801.21,85621880000.0
2019-02-06,SBUX,61.92,60.51,61.98,60.4,60.35,12781645,882148236.636,61.63,1.03,1243600960,1243600000.0,86231286835.6,86231250000.0
2019-02-05,SBUX,60.35,60.75,60.82,59.9,60.82,13562352,914280218.7359,60.2,1.09,1243600960,1243600000.0,84042555364.0,84042500000.0
2019-02-02,SBUX,60.82,61.25,61.9,60.72,60.85,10309204,705894970.9044,61.14,0.83,1243600960,1243600000.0,84701662629.2,84701630000.0
2019-02-01,SBUX,60.85,60.88,62.05,59.9,60.85,24233336,1665222811.7099,61.36,1.95,1243600960,1243600000.0,84738969414.4,84738940000.0
2019-01-31,SBUX,60.85,59.93,60.91,59.87,59.86,11702524,793689729.5754,60.56,0.94,1243600960,1243600000.0,84751397962.39,84751310000.0
2019-01-30,SBUX,59.86,59.83,60.27,59.11,59.74,10703450,716617341.5862,59.78,0.86,1243600960,1243600000.0,83371000896.79,83370940000.0
2019-01-29,SBUX,59.74,59.1,59.79,58.85,59.91,11537731,767598366.9423,59.41,0.93,1243600960,1243600000.0,83196896762.39,83196880000.0
2019-01-26,SBUX,59.91,59.85,60.44,59.02,57.81,21888063,1465773471.6442,59.8,1.76,1243600960,1243600000.0,83433184675.6,83433130000.0
2019-01-25,SBUX,57.81,59.48,59.61,56.19,59.32,29719618,1939365619.8764,58.27,2.39,1243600960,1243600000.0,80510733612.01,80510690000.0
2019-01-24,SBUX,59.32,58.83,59.56,58.77,58.39,12372407,820747113.5459,59.24,0.99,1243600960,1243600000.0,82612403067.59,82612380000.0
2019-01-23,SBUX,58.39,57.95,59.12,57.82,57.77,16414325,1075106985.3822,58.49,1.32,1243416960,1243416000.0,81307035014.4,81307000000.0
2019-01-19,SBUX,57.77,57.87,57.87,57.02,57.4,9835199,633786105.009,57.54,0.79,1243416960,1243416000.0,80449073581.75,80449000000.0
2019-01-18,SBUX,57.4,56.86,57.5,56.79,56.94,6767336,434121883.9309,57.28,0.54,1243416960,1243416000.0,79926840945.38,79926750000.0
2019-01-17,SBUX,56.94,57.33,57.88,56.93,57.22,8091297,519592362.594,57.34,0.65,1243416960,1243416000.0,79292705756.28,79292690000.0
2019-01-16,SBUX,57.22,56.77,57.71,56.66,56.59,7930399,508846137.2968,57.3,0.64,1243416960,1243416000.0,79678161283.63,79678130000.0
2019-01-15,SBUX,56.59,56.57,57.2,56.24,56.91,9929559,631326385.5769,56.77,0.8,1243416960,1243416000.0,78795327781.53,78795310000.0
2019-01-12,SBUX,56.91,55.62,57.01,55.07,57.32,13805688,871067164.6395,56.34,1.11,1243416960,1243416000.0,79242957887.13,79242880000.0
2019-01-11,SBUX,57.32,56.8,57.5,56.47,57.04,10397645,666884165.4076,57.27,0.84,1243416960,1243416000.0,79814938392.65,79814880000.0
2019-01-10,SBUX,57.04,56.84,57.18,56.21,56.81,13080262,833040016.8613,56.87,1.05,1240600960,1240600000.0,79249595527.8,79249560000.0
2019-01-09,SBUX,56.81,57.1,57.41,56.3,56.77,10809743,687306246.8782,56.78,0.87,1240600960,1240600000.0,78927028112.8,78927000000.0
2019-01-08,SBUX,56.77,56.57,57.36,56.02,56.77,10337844,657899286.0107,56.83,0.83,1240600960,1240600000.0,78865012952.01,78864940000.0
2019-01-05,SBUX,56.77,55.72,57.37,55.43,54.94,12694446,806360184.8933,56.72,1.02,1240600960,1240600000.0,78865012952.01,78864940000.0
2019-01-04,SBUX,54.94,56.67,56.9,54.82,57.43,14390102,891298368.366,55.31,1.16,1240600960,1240600000.0,76334175828.2,76334130000.0
2019-01-03,SBUX,57.43,56.86,57.48,56.44,57.51,10093977,645302953.0914,57.09,0.81,1240600960,1240600000.0,79795463672.01,79795440000.0
2019-01-01,SBUX,57.51,56.94,57.69,56.85,56.6,7690184,494081302.5185,57.37,0.62,1240600960,1240600000.0,79894694380.39,79894690000.0
2018-12-29,SBUX,56.6,56.53,57.26,56.41,56.43,7712129,490190669.9296,56.76,0.62,1240600960,1240600000.0,78641694854.4,78641630000.0
2018-12-28,SBUX,56.43,55.92,56.47,55.02,56.33,11308083,706663569.4115,55.8,0.91,1240600960,1240600000.0,78405976950.2,78405940000.0
2018-12-27,SBUX,56.33,54.43,56.46,54.18,54.08,16646239,1038137718.0095,55.69,1.34,1240600960,1240600000.0,78257111038.0,78257060000.0
2018-12-25,SBUX,54.08,54.9,55.2,53.95,54.82,6323254,385191109.3234,54.4,0.51,1240600960,1240600000.0,75130791656.4,75130750000.0
2018-12-22,SBUX,54.82,55.64,56.44,54.81,55.5,23524887,1456122165.5033,55.27,1.9,1240600960,1240600000.0,76160492934.4,76160440000.0
2018-12-21,SBUX,55.5,56.8,56.97,54.87,57.2,20264918,1266729626.803,55.82,1.63,1240600960,1240600000.0,77103342220.39,77103250000.0
2018-12-20,SBUX,57.2,58.18,58.85,56.86,57.97,14390145,930864044.433,57.76,1.16,1240600960,1240600000.0,79472895016.4,79472880000.0
2018-12-19,SBUX,57.97,57.84,58.4,57.64,57.57,10523477,683918749.7224,58.03,0.85,1240600960,1240600000.0,80539813082.6,80539750000.0
2018-12-18,SBUX,57.57,58.04,58.6,57.22,58.35,15143055,980588602.2403,57.82,1.22,1240600960,1240600000.0,79981546372.4,79981500000.0
2018-12-15,SBUX,58.35,57.54,58.79,56.77,59.75,16834020,1095393149.2081,58.1,1.36,1240600960,1240600000.0,81060863004.6,81060810000.0
2018-12-14,SBUX,59.75,59.19,60.03,59.05,59.05,10016215,667975448.7507,59.55,0.81,1240600960,1240600000.0,83008615196.0,83008560000.0
2018-12-13,SBUX,59.05,58.93,59.77,58.93,58.86,11116219,738522605.78,59.32,0.9,1240600960,1240600000.0,82040947687.8,82040880000.0
2018-12-12,SBUX,58.86,59.13,59.76,58.51,58.48,10903364,721459273.5441,59.09,0.88,1240600960,1240600000.0,81780414042.6,81780380000.0
2018-12-11,SBUX,58.48,58.46,58.76,57.55,58.46,12148309,791574035.0513,58.18,0.98,1240600960,1240600000.0,81246964314.01,81246940000.0
2018-12-08,SBUX,58.46,59.09,59.51,58.22,59.43,11057454,728233979.7889,58.81,0.89,1240600960,1240600000.0,81222147332.4,81222060000.0
2018-12-07,SBUX,59.43,59.05,59.53,58.57,59.52,17222196,1141035929.3448,59.16,1.39,1240600960,1240600000.0,82561998850.4,82561940000.0
2018-12-05,SBUX,59.52,60.25,60.85,59.34,60.27,13555063,909295381.9161,59.9,1.09,1240600960,1240600000.0,82686046540.39,82686000000.0
2018-12-04,SBUX,60.27,60.16,60.77,59.52,59.58,13834743,933539487.6882,60.25,1.12,1240600960,1240600000.0,83740564800.0,83740500000.0
2018-12-01,SBUX,59.58,59.7,60.17,59.52,59.72,27309196,1824183125.0352,59.65,2.2,1240600960,1240600000.0,82772898532.4,82772810000.0
2018-11-30,SBUX,59.72,59.54,60.08,59.04,59.67,9605484,641726095.1391,59.66,0.77,1240600960,1240600000.0,82971398407.8,82971310000.0
2018-11-29,SBUX,59.67,59.1,59.82,58.47,59.01,12867735,854575787.0664,59.3,1.04,1240600960,1240600000.0,82896966072.01,82896880000.0
2018-11-28,SBUX,59.01,58.45,59.43,58.32,58.66,13169086,870035393.8808,58.99,1.06,1240600960,1240600000.0,81978913918.0,81978880000.0
2018-11-27,SBUX,58.66,58.92,59.04,58.23,58.67,13066762,858111195.0636,58.64,1.05,1240600960,1240600000.0,81495080784.2,81495000000.0
2018-11-24,SBUX,58.67,59.15,59.15,58.27,59.62,7779766,512004309.4813,58.77,0.63,1240600960,1240600000.0,81507479350.2,81507440000.0
2018-11-22,SBUX,59.62,60.25,60.7,59.6,59.99,10978165,739641812.8498,60.16,0.88,1240600960,1240600000.0,82834932302.2,82834880000.0
2018-11-21,SBUX,59.99,60.18,60.61,59.61,60.64,11208856,753714839.8191,60.04,0.9,1240600960,1240600000.0,83343563808.59,83343500000.0
2018-11-20,SBUX,60.64,60.81,61.14,60.03,60.86,10855387,737118814.576,60.63,0.88,1240600960,1240600000.0,84249216156.0,84249190000.0
2018-11-17,SBUX,60.86,60.1,61.19,59.91,60.38,9287883,631230534.7524,60.69,0.75,1240600960,1240600000.0,84559366396.0,84559310000.0
2018-11-16,SBUX,60.38,59.57,60.51,59.26,59.86,15246504,1022285823.1775,59.87,1.23,1240600960,1240600000.0,83889431952.8,83889380000.0
2018-11-15,SBUX,59.86,60.1,60.68,59.59,59.87,13350450,898075466.2363,60.07,1.08,1240600960,1240600000.0,83169880914.79,83169810000.0
2018-11-14,SBUX,59.87,60.34,60.65,59.6,60.32,16636977,1125450018.0663,60.08,1.34,1240600960,1240600000.0,83628915676.0,83628880000.0
2018-11-13,SBUX,60.32,60.79,61.23,60.22,60.93,12789649,872584034.7442,60.6,1.03,1240600960,1240600000.0,84249216156.0,84249190000.0
2018-11-10,SBUX,60.93,60.83,61.25,60.47,61.04,8637203,592168330.5718,60.89,0.7,1240600960,1240600000.0,85105234540.21,85105190000.0
2018-11-09,SBUX,61.04,60.2,61.27,60.07,60.54,14081665,965471368.3928,60.9,1.04,1349100960,1349100000.0,92710220669.4,92710190000.0
2018-11-08,SBUX,60.54,58.88,60.58,58.66,58.63,16465020,1111718232.7251,59.97,1.22,1349100960,1349100000.0,91954726830.0,91954690000.0
2018-11-07,SBUX,58.63,57.11,58.69,57.07,57.27,16065430,1053043889.0343,58.22,1.19,1349100960,1349100000.0,89054147624.1,89054130000.0
2018-11-06,SBUX,57.27,56.78,57.85,56.68,57.13,23242809,1501980719.1742,57.4,1.72,1349100960,1349100000.0,86990024504.4,86989940000.0
2018-11-03,SBUX,57.13,55.06,58.34,54.98,52.07,45572997,2932540598.9934,57.15,3.38,1349100960,1349100000.0,86774184540.01,86774130000.0
2018-11-02,SBUX,52.07,51.78,52.47,51.58,51.75,18772356,1100394171.9921,52.06,1.39,1349100960,1349100000.0,79097796030.3,79097750000.0
2018-11-01,SBUX,51.75,52.39,52.51,51.7,52.04,11560415,677453093.2586,52.05,0.86,1349100960,1349100000.0,78612119684.7,78612060000.0
2018-10-31,SBUX,52.04,51.9,52.29,51.24,51.84,14230071,830251998.3375,51.82,1.05,1349100960,1349100000.0,79043821199.1,79043750000.0
2018-10-30,SBUX,51.84,52.12,53.01,51.25,51.58,14412821,848089273.4311,52.26,1.07,1349100960,1349100000.0,78747017638.8,78746940000.0
2018-10-27,SBUX,51.58,51.55,51.83,50.97,52.37,13367727,774674430.6788,51.47,0.99,1349100960,1349100000.0,78342303540.01,78342250000.0
2018-10-26,SBUX,52.37,51.77,52.82,51.25,51.57,9569598,561956450.7442,52.16,0.71,1349100960,1349100000.0,79543002045.31,79542940000.0
2018-10-25,SBUX,51.57,52.02,52.65,51.47,52.23,12189684,713424440.879,51.98,0.9,1349100960,1349100000.0,78328799039.4,78328750000.0
2018-10-24,SBUX,52.23,51.83,52.67,51.7,52.31,12834168,754958343.3463,52.25,0.95,1349100960,1349100000.0,79340624759.4,79340560000.0
2018-10-23,SBUX,52.31,52.34,52.72,52.03,52.1,8680149,511417018.782,52.33,0.64,1349100960,1349100000.0,79462038449.39,79462000000.0
2018-10-20,SBUX,52.1,51.86,52.47,51.86,52.08,10180500,597536292.9195,52.13,0.75,1349100960,1349100000.0,79138267710.0,79138190000.0
2018-10-19,SBUX,52.08,52.4,52.87,51.65,52.49,12184672,714303159.8305,52.07,0.9,1349100960,1349100000.0,79111280294.4,79111190000.0
2018-10-18,SBUX,52.49,51.43,52.75,51.32,51.35,14631016,861696657.4162,52.31,1.08,1349100960,1349100000.0,79731876179.71,79731810000.0
2018-10-17,SBUX,51.35,50.57,51.52,50.42,50.4,11731399,676051231.0667,51.18,0.87,1349100960,1349100000.0,77991523799.4,77991440000.0
2018-10-16,SBUX,50.4,50.07,50.8,50.01,50.14,10175141,578538187.3283,50.5,0.75,1349100960,1349100000.0,76561479480.0,76561440000.0
2018-10-13,SBUX,50.14,49.48,50.43,49.1,48.73,13980461,786262496.7252,49.95,1.04,1349100960,1349100000.0,76156745144.7,76156690000.0
2018-10-12,SBUX,48.73,49.47,49.98,48.59,49.75,15316852,848150828.8598,49.18,1.14,1349100960,1349100000.0,74011680014.7,74011630000.0
2018-10-11,SBUX,49.75,51.22,51.4,49.69,51.26,14190454,804012775.383,50.32,1.05,1349100960,1349100000.0,75563138024.1,75563130000.0
2018-10-10,SBUX,51.26,50.48,53.02,50.46,50.22,24855676,1445974104.4432,51.67,1.84,1349100960,1349100000.0,77856625845.31,77856560000.0
2018-10-09,SBUX,50.22,49.58,50.4,49.25,49.53,9624262,541681356.4713,49.99,0.71,1349100960,1349100000.0,76278160183.79,76278130000.0
2018-10-06,SBUX,49.53,49.69,49.69,49.12,49.64,9734043,541816330.6681,49.44,0.72,1349100960,1349100000.0,75225862784.1,75225810000.0
2018-10-05,SBUX,49.64,49.54,49.81,49.29,49.27,9722043,543214262.4374,49.63,0.72,1349100960,1349100000.0,75401252654.4,75401190000.0
2018-10-04,SBUX,49.27,49.56,49.84,49.26,49.37,7383547,411391310.6466,49.49,0.55,1349100960,1349100000.0,74834632949.4,74834560000.0
2018-10-03,SBUX,49.37,49.34,49.75,49.11,49.37,12680840,705724277.7137,49.43,0.94,1349100960,1349100000.0,74996518319.1,74996440000.0
2018-10-02,SBUX,49.37,50.55,50.58,49.32,50.48,12727586,710353353.5009,49.57,0.94,1349100960,1349100000.0,74983034055.0,74983000000.0
2018-09-29,SBUX,50.48,50.97,50.97,50.43,50.93,8975953,511900376.8287,50.65,0.67,1349100960,1349100000.0,76682894519.1,76682810000.0
2018-09-28,SBUX,50.93,50.72,51.32,50.72,50.87,6606184,379802763.5589,51.06,0.49,1349100960,1349100000.0,77357444999.1,77357380000.0
2018-09-27,SBUX,50.87,50.42,51.37,50.4,50.54,7757332,445722387.8237,51.03,0.58,1349100960,1349100000.0,77263018724.7,77263000000.0
2018-09-26,SBUX,50.54,50.61,50.88,50.48,50.35,9445481,538967627.9019,50.68,0.7,1349100960,1349100000.0,76763836529.39,76763810000.0
2018-09-25,SBUX,50.35,50.57,50.95,50.25,51.03,10616004,604158942.6888,50.55,0.79,1349100960,1349100000.0,76480537469.7,76480500000.0
2018-09-22,SBUX,51.03,50.23,51.13,50.2,50.12,25800450,1477385213.0973,50.86,1.91,1349100960,1349100000.0,77505846104.7,77505810000.0
2018-09-21,SBUX,50.12,49.38,50.39,49.38,49.23,10582602,596416410.619,50.06,0.78,1349100960,1349100000.0,76129757729.09,76129690000.0
2018-09-20,SBUX,49.23,49.05,49.55,48.76,48.91,7451645,413174363.3279,49.25,0.55,1349100960,1349100000.0,74780656769.09,74780630000.0
2018-09-19,SBUX,48.91,48.39,49.1,48.05,48.47,7569586,415934406.3345,48.8,0.56,1349100960,1349100000.0,74295000660.01,74294940000.0
2018-09-18,SBUX,48.47,48.58,48.73,48.21,48.63,9277192,505996680.2815,48.44,0.69,1349100960,1349100000.0,73620450180.01,73620440000.0
2018-09-15,SBUX,48.63,48.85,48.85,48.5,48.75,6827672,374270427.2394,48.69,0.51,1349100960,1349100000.0,73863277560.0,73863190000.0
2018-09-14,SBUX,48.75,48.96,49.36,48.62,48.82,8566606,471395485.0226,48.87,0.63,1349100960,1349100000.0,74052151694.4,74052060000.0
2018-09-13,SBUX,48.82,49.03,49.03,48.25,48.96,7297270,400830306.2678,48.79,0.54,1349100960,1349100000.0,74160082469.4,74160000000.0
2018-09-12,SBUX,48.96,48.7,49.2,48.64,48.82,7873859,434268512.3249,48.99,0.58,1349100960,1349100000.0,74362439518.8,74362380000.0
2018-09-11,SBUX,48.82,48.8,48.95,48.47,48.73,8621176,473409464.9824,48.77,0.64,1349100960,1349100000.0,74160082469.4,74160000000.0
2018-09-08,SBUX,48.73,48.14,48.81,48.1,48.15,10231692,560363127.514,48.64,0.76,1349100960,1349100000.0,74011680014.7,74011630000.0
2018-09-07,SBUX,48.15,47.66,48.27,47.65,47.78,7803422,422950216.8806,48.14,0.58,1349100960,1349100000.0,73134772485.31,73134690000.0
2018-09-06,SBUX,47.78,47.49,47.94,47.33,47.54,7966578,428098424.6036,47.73,0.59,1349100960,1349100000.0,72568132543.79,72568060000.0
2018-09-05,SBUX,47.54,47.46,47.69,47.26,47.47,8235164,440465166.4228,47.51,0.61,1349100960,1349100000.0,72217373039.7,72217310000.0
2018-09-01,SBUX,47.47,46.59,47.7,46.59,47.16,10892774,581392008.7534,47.41,0.81,1349100960,1349100000.0,72109442264.7,72109380000.0
2018-08-31,SBUX,47.16,47.18,47.44,47.05,47.3,5576426,296563825.7571,47.24,0.41,1349100960,1349100000.0,71637270419.71,71637190000.0
2018-08-30,SBUX,47.3,47.14,47.46,46.83,47.12,6604918,351570591.0941,47.28,0.49,1349100960,1349100000.0,71839626120.0,71839560000.0
2018-08-29,SBUX,47.12,47.09,47.49,47.06,47.05,7171871,381736453.358,47.28,0.53,1349100960,1349100000.0,71569811324.4,71569750000.0
2018-08-28,SBUX,47.05,47.06,47.23,46.91,46.85,6443156,341430542.4546,47.07,0.48,1349100960,1349100000.0,71461880549.4,71461810000.0
2018-08-25,SBUX,46.85,46.91,47.0,46.56,46.77,9850039,519154146.126,46.81,0.73,1349100960,1349100000.0,71165075640.0,71165000000.0
2018-08-24,SBUX,46.77,46.86,47.24,46.68,46.91,8567574,452097197.5643,46.87,0.64,1349100960,1349100000.0,71043661950.0,71043630000.0
2018-08-23,SBUX,46.91,47.56,47.64,46.77,47.96,10369622,549462440.3886,47.06,0.77,1349100960,1349100000.0,71259523500.01,71259500000.0
2018-08-22,SBUX,47.96,48.11,48.35,47.92,47.89,7990039,432851613.7323,48.12,0.59,1349100960,1349100000.0,72851451840.0,72851380000.0
2018-08-21,SBUX,47.89,47.7,48.1,47.7,47.57,9791539,528716668.8447,47.96,0.73,1349100960,1349100000.0,72743522414.1,72743440000.0
2018-08-18,SBUX,47.57,47.03,47.62,47.03,47.11,8166981,436174811.8,47.44,0.61,1349100960,1349100000.0,72257844719.4,72257810000.0
2018-08-17,SBUX,47.11,47.06,47.39,47.0,46.85,8721211,463607367.0646,47.21,0.65,1349100960,1349100000.0,71556306823.79,71556250000.0
2018-08-16,SBUX,46.85,46.46,47.02,46.45,46.71,9566234,503301620.9094,46.73,0.71,1349100960,1349100000.0,71165075640.0,71165000000.0
2018-08-15,SBUX,46.71,46.05,46.84,46.0,46.02,9385434,492240644.4719,46.58,0.7,1349100960,1349100000.0,70949215439.1,70949190000.0
2018-08-14,SBUX,46.02,45.85,46.15,45.71,45.75,7911313,409283091.4333,45.95,0.59,1349100960,1349100000.0,69896918039.4,69896880000.0
2018-08-11,SBUX,45.75,45.82,45.86,45.47,46.11,10539692,542216626.1166,45.69,0.78,1349100960,1349100000.0,69492183704.1,69492130000.0
2018-08-10,SBUX,46.11,45.77,46.2,45.58,45.79,7175434,371979514.1884,46.04,0.53,1349100960,1349100000.0,70045320494.1,70045250000.0
2018-08-09,SBUX,45.79,46.03,46.12,45.62,45.93,7258336,374133135.6541,45.78,0.54,1349100960,1349100000.0,69546159884.4,69546130000.0
2018-08-08,SBUX,45.93,45.94,46.05,45.69,45.93,5869805,305439447.2573,45.9,0.44,1349100960,1349100000.0,70247697780.01,70247630000.0
2018-08-07,SBUX,45.93,45.95,46.1,45.69,46.07,6505777,338699175.6012,45.92,0.48,1349100960,1349100000.0,70247697780.01,70247630000.0
2018-08-04,SBUX,46.07,45.6,46.26,45.5,45.58,8246477,430075249.3761,46.0,0.61,1349100960,1349100000.0,70463537744.4,70463500000.0
2018-08-03,SBUX,45.58,45.95,46.17,45.36,45.8,13636438,704688788.3364,45.58,1.01,1349100960,1349100000.0,69721528169.09,69721440000.0
2018-08-02,SBUX,45.8,46.08,46.08,45.2,46.21,11952399,620717913.2579,45.81,0.89,1349100960,1349100000.0,70058803409.09,70058750000.0
2018-08-01,SBUX,46.21,45.89,46.47,45.73,45.78,9228238,483700854.0132,46.23,0.68,1349100960,1349100000.0,70679399294.4,70679380000.0
2018-07-31,SBUX,45.78,46.04,46.61,45.65,46.0,14448360,751733823.5785,45.89,1.07,1349100960,1349100000.0,70018331729.39,70018250000.0
2018-07-28,SBUX,46.0,45.43,46.4,44.29,45.38,15770270,818134735.0599,45.76,1.17,1349100960,1349100000.0,70355606969.39,70355560000.0
2018-07-27,SBUX,45.38,45.58,45.73,45.28,45.53,11114793,572817529.4445,45.46,0.82,1349100960,1349100000.0,69411240344.7,69411190000.0
2018-07-26,SBUX,45.53,44.99,45.62,44.99,45.13,11370020,586284882.3921,45.48,0.84,1349100960,1349100000.0,69640586158.8,69640500000.0
2018-07-25,SBUX,45.13,45.25,45.62,45.04,45.15,9921586,509392054.33,45.29,0.72,1380000960,1380000000.0,70614647743.2,70614630000.0
2018-07-24,SBUX,45.15,44.77,45.22,44.77,44.9,8406801,429583352.9199,45.07,0.61,1380000960,1380000000.0,70642253282.4,70642190000.0
2018-07-21,SBUX,44.9,45.04,45.2,44.76,45.28,11033407,562799725.5741,44.99,0.8,1380000960,1380000000.0,70255854393.6,70255810000.0
2018-07-20,SBUX,45.28,45.08,45.42,44.98,45.12,11415629,585661699.5702,45.25,0.83,1380000960,1380000000.0,70849245146.4,70849190000.0
2018-07-19,SBUX,45.12,45.28,45.53,44.98,45.23,13549524,694050059.0539,45.18,0.98,1380000960,1380000000.0,70587040823.99,70587000000.0
2018-07-18,SBUX,45.23,44.68,45.25,44.63,44.93,11421329,584223741.0587,45.12,0.83,1380000960,1380000000.0,70766447848.8,70766380000.0
2018-07-17,SBUX,44.93,45.47,45.47,44.71,45.53,16974922,864997856.373,44.95,1.23,1380000960,1380000000.0,70297253042.4,70297190000.0
2018-07-14,SBUX,45.53,44.33,45.56,44.33,44.32,21720110,1114204610.2125,45.25,1.57,1380000960,1380000000.0,71235644035.2,71235560000.0
2018-07-13,SBUX,44.32,44.42,44.68,44.28,44.23,9339199,470566748.6538,44.44,0.68,1380000960,1380000000.0,69345048240.0,69345000000.0
2018-07-12,SBUX,44.23,44.3,44.52,44.12,44.47,9542402,479090586.9282,44.28,0.69,1380000960,1380000000.0,69193248134.4,69193190000.0
2018-07-11,SBUX,44.47,44.17,44.55,44.07,44.01,9038020,455076915.0379,44.41,0.65,1380000960,1380000000.0,69579647023.2,69579560000.0
2018-07-10,SBUX,44.01,43.41,44.15,43.41,43.2,12811696,638381226.7231,43.95,0.93,1380000960,1380000000.0,68862039623.99,68862000000.0
2018-07-07,SBUX,43.2,43.13,43.39,42.85,42.88,10711985,524778088.4489,43.21,0.78,1380000960,1380000000.0,67592441500.8,67592440000.0
2018-07-06,SBUX,42.88,43.15,43.25,42.69,43.02,9630477,468492822.6799,42.91,0.7,1380000960,1380000000.0,67081848045.6,67081810000.0
2018-07-04,SBUX,43.02,43.35,43.48,43.01,43.27,7517539,368465408.2999,43.23,0.54,1380000960,1380000000.0,67302653719.2,67302630000.0
2018-07-03,SBUX,43.27,42.9,43.31,42.82,43.09,9870934,482221846.5183,43.09,0.72,1380000960,1380000000.0,67702844337.6,67702810000.0
2018-06-30,SBUX,43.09,42.41,43.45,42.41,42.81,17413012,850805094.7017,43.1,1.26,1380000960,1380000000.0,67413056556.01,67413000000.0
2018-06-29,SBUX,42.81,43.62,43.64,41.78,43.96,33210110,1600850345.4576,42.52,2.41,1380000960,1380000000.0,66985238318.39,66985190000.0
2018-06-28,SBUX,43.96,44.56,44.57,43.96,44.44,14576868,731526972.2451,44.26,1.06,1380000960,1380000000.0,68779243706.4,68779190000.0
2018-06-27,SBUX,44.44,44.55,44.66,44.2,44.68,12930563,651620192.7788,44.45,0.94,1380000960,1380000000.0,69524455264.8,69524440000.0
2018-06-26,SBUX,44.68,45.13,45.37,44.29,45.2,15578586,787957075.0084,44.61,1.13,1380000960,1380000000.0,69910854153.6,69910810000.0
2018-06-23,SBUX,45.2,44.98,45.62,44.83,44.65,24429563,1253270954.2951,45.25,1.77,1380000960,1380000000.0,70711257470.41,70711250000.0
2018-06-22,SBUX,44.65,46.12,46.42,44.42,46.06,30722958,1567712820.664,45.01,2.23,1380000960,1380000000.0,69855643075.2,69855630000.0
2018-06-21,SBUX,46.06,48.36,48.52,45.5,50.66,62091071,3282829495.1463,46.63,4.5,1380000960,1380000000.0,72063652891.2,72063630000.0
2018-06-20,SBUX,50.66,49.97,50.72,49.69,50.47,9965473,568065873.5046,50.28,0.72,1380000960,1380000000.0,79253445472.79,79253380000.0
2018-06-19,SBUX,50.47,50.07,50.56,49.49,50.37,9676910,551223888.948,50.24,0.7,1380000960,1380000000.0,78963657691.2,78963630000.0
2018-06-16,SBUX,50.37,50.31,50.46,49.8,50.29,12408270,707244129.0308,50.27,0.9,1380000960,1380000000.0,78811856205.6,78811810000.0
2018-06-15,SBUX,50.29,49.8,50.34,49.67,49.58,11049708,627615701.7038,50.1,0.8,1380000960,1380000000.0,78687661639.2,78687630000.0
2018-06-14,SBUX,49.58,49.84,50.01,49.55,49.82,8283215,466962079.1679,49.72,0.6,1380000960,1380000000.0,77569863621.61,77569810000.0
2018-06-13,SBUX,49.82,49.92,50.19,49.66,49.82,8249711,466802529.9431,49.91,0.6,1380000960,1380000000.0,77942448700.8,77942380000.0
2018-06-12,SBUX,49.82,49.93,50.05,49.63,49.92,7181723,405834857.6962,49.84,0.52,1380000960,1380000000.0,77942448700.8,77942380000.0
2018-06-09,SBUX,49.92,50.21,50.33,49.85,50.4,8433527,478657483.609,50.06,0.61,1380000960,1380000000.0,78108063996.01,78108000000.0
2018-06-08,SBUX,50.4,50.53,51.11,50.36,50.43,7919801,454181548.1484,50.58,0.57,1380000960,1380000000.0,78853254854.4,78853190000.0
2018-06-07,SBUX,50.43,49.25,50.44,49.06,49.11,13709778,777910667.5607,50.05,0.99,1380000960,1380000000.0,78894653503.2,78894560000.0
2018-06-06,SBUX,49.11,50.0,50.01,48.76,50.34,18278844,1019109437.5598,49.18,1.32,1380000960,1380000000.0,76838443792.79,76838380000.0
2018-06-05,SBUX,50.34,50.36,50.45,50.1,50.2,7484070,426960168.8237,50.32,0.54,1380000960,1380000000.0,78756665827.21,78756630000.0
2018-06-02,SBUX,50.2,50.14,50.3,49.93,49.99,4967652,282533240.3098,50.17,0.36,1380000960,1380000000.0,78535860153.6,78535810000.0
2018-06-01,SBUX,49.99,50.44,50.69,49.88,50.7,9433043,535522388.0139,50.07,0.68,1380000960,1380000000.0,78204653023.2,78204630000.0
2018-05-31,SBUX,50.7,50.66,50.86,50.41,50.48,5762434,331090418.5581,50.68,0.42,1380000960,1380000000.0,79322449660.8,79322440000.0
2018-05-30,SBUX,50.48,50.89,51.05,50.29,51.09,6475863,371403733.6312,50.59,0.47,1380000960,1380000000.0,78977449420.8,78977380000.0
2018-05-26,SBUX,51.09,50.88,51.49,50.79,50.88,6783777,393803661.5203,51.2,0.49,1380000960,1380000000.0,79929654223.2,79929630000.0
2018-05-25,SBUX,50.88,50.66,50.93,50.38,50.71,5681594,326566125.8622,50.7,0.41,1380000960,1380000000.0,79598445712.79,79598380000.0
2018-05-24,SBUX,50.71,50.1,50.78,50.06,50.24,5339883,306146177.4959,50.57,0.39,1380000960,1380000000.0,79336263470.41,79336190000.0
2018-05-23,SBUX,50.24,50.72,50.82,50.2,50.58,5355606,305811020.5446,50.37,0.39,1380000960,1380000000.0,78604864341.61,78604810000.0
2018-05-22,SBUX,50.58,50.63,51.0,50.51,50.42,5379289,309273087.0223,50.71,0.39,1380000960,1380000000.0,79129250906.4,79129190000.0
2018-05-19,SBUX,50.42,50.51,50.62,50.15,50.45,7786027,445014998.085,50.41,0.56,1380000960,1380000000.0,78880860393.6,78880810000.0
2018-05-18,SBUX,50.45,50.45,50.59,50.26,50.41,6110125,349306045.6095,50.43,0.44,1380000960,1380000000.0,78936050772.0,78936000000.0
2018-05-17,SBUX,50.41,50.13,50.56,50.09,49.96,4843942,276746036.7647,50.39,0.35,1380000960,1380000000.0,78867046583.99,78867000000.0
2018-05-16,SBUX,49.96,50.28,50.36,49.7,50.39,7415770,420065535.2415,49.96,0.54,1380000960,1380000000.0,78163254374.4,78163190000.0
2018-05-15,SBUX,50.39,50.59,50.73,50.27,50.51,5871781,335651541.4499,50.42,0.43,1380000960,1380000000.0,78839461744.8,78839440000.0
2018-05-12,SBUX,50.51,50.91,51.04,50.34,50.85,5843426,335012366.0321,50.57,0.42,1380000960,1380000000.0,79032661879.2,79032630000.0
2018-05-11,SBUX,50.85,50.44,50.89,50.29,50.31,6565824,376978748.1414,50.64,0.48,1380000960,1380000000.0,79557047063.99,79557000000.0
2018-05-10,SBUX,50.31,50.66,50.82,50.09,50.6,7015336,400780512.3652,50.39,0.51,1380000960,1380000000.0,78715246478.39,78715190000.0
2018-05-09,SBUX,50.6,50.41,50.64,50.02,50.41,7234031,414960692.6015,50.33,0.52,1380000960,1380000000.0,79584653983.2,79584560000.0
2018-05-08,SBUX,50.41,51.76,51.8,50.26,50.61,10630594,613343878.267,50.63,0.77,1380000960,1380000000.0,79281051012.0,79281000000.0
2018-05-05,SBUX,50.61,49.61,50.83,49.57,49.25,9279180,533529633.4916,50.45,0.67,1380000960,1380000000.0,79598445712.79,79598380000.0
2018-05-04,SBUX,49.25,49.59,49.64,48.73,49.75,7152391,400374447.7474,49.12,0.52,1380000960,1380000000.0,77459460784.8,77459440000.0
2018-05-03,SBUX,49.75,50.95,50.97,49.6,51.01,7299090,416302846.3437,50.05,0.53,1380000960,1380000000.0,78246050292.0,78246000000.0
2018-05-02,SBUX,51.01,50.6,51.11,50.4,50.52,7257461,420368078.5044,50.82,0.53,1380000960,1380000000.0,80219462704.8,80219380000.0
2018-05-01,SBUX,50.52,51.23,51.34,50.42,51.21,7854598,453906983.8788,50.71,0.57,1380000960,1380000000.0,79446666307.21,79446630000.0
2018-04-28,SBUX,51.21,50.95,51.75,50.45,52.1,11975153,697895091.75,51.14,0.87,1380000960,1380000000.0,80536857405.6,80536810000.0
2018-04-27,SBUX,52.1,50.99,52.81,50.76,50.64,14516625,862090084.3834,52.11,1.05,1380000960,1380000000.0,81944463904.8,81944440000.0
2018-04-26,SBUX,50.64,51.13,51.13,50.27,50.73,8367356,483620567.1945,50.72,0.61,1380000960,1380000000.0,79639865061.61,79639810000.0
2018-04-25,SBUX,50.73,51.31,51.47,50.59,51.03,7793567,452390907.9274,50.93,0.55,1405600960,1405600000.0,81257788686.4,81257750000.0
2018-04-24,SBUX,51.03,50.9,51.53,50.62,50.89,8444395,491475619.5974,51.07,0.6,1405600960,1405600000.0,81749757456.0,81749690000.0
2018-04-21,SBUX,50.89,51.8,51.93,50.71,51.96,12037567,701766141.1538,51.15,0.86,1405600960,1405600000.0,81524855680.0,81524810000.0
2018-04-20,SBUX,51.96,52.14,52.2,51.53,52.21,6280125,370852710.5955,51.82,0.45,1405600960,1405600000.0,83239691662.4,83239690000.0
2018-04-19,SBUX,52.21,52.41,52.5,52.16,52.5,5914192,352526041.963,52.3,0.42,1405600960,1405600000.0,83633257120.0,83633190000.0
2018-04-18,SBUX,52.5,52.43,52.65,52.12,52.15,6139582,367448493.9137,52.51,0.44,1405600960,1405600000.0,84097108248.0,84097060000.0
2018-04-17,SBUX,52.15,51.88,52.38,51.63,51.98,6119172,363491012.3098,52.12,0.44,1405600960,1405600000.0,83534855213.59,83534810000.0
2018-04-14,SBUX,51.98,51.77,52.25,51.73,52.15,6689777,395975272.7643,51.94,0.48,1405600960,1405600000.0,83267809304.01,83267750000.0
2018-04-13,SBUX,52.15,52.35,52.75,52.14,52.14,6088246,363474958.9176,52.39,0.43,1405600960,1405600000.0,83534855213.59,83534810000.0
2018-04-12,SBUX,52.14,51.94,52.39,51.77,52.13,5508027,327441183.588,52.16,0.39,1405600960,1405600000.0,83520807637.6,83520750000.0
2018-04-11,SBUX,52.13,51.87,52.2,51.66,51.51,6671852,395439987.5111,52.01,0.47,1405600960,1405600000.0,83506758656.0,83506690000.0
2018-04-10,SBUX,51.51,51.37,52.09,51.26,51.19,8023777,472622947.9232,51.68,0.57,1405600960,1405600000.0,82508772135.2,82508750000.0
2018-04-07,SBUX,51.19,51.58,51.89,50.97,51.89,8264473,483901439.6249,51.38,0.59,1405600960,1405600000.0,82002755789.6,82002690000.0
2018-04-06,SBUX,51.89,51.77,52.01,51.64,51.62,6305051,372492999.6389,51.84,0.45,1405600960,1405600000.0,83127240774.4,83127190000.0
2018-04-05,SBUX,51.62,50.23,51.74,50.2,50.89,7893067,460058523.5333,51.14,0.56,1405600960,1405600000.0,82691507288.0,82691440000.0
2018-04-04,SBUX,50.89,49.62,50.93,49.53,49.35,10908219,627581451.0887,50.48,0.78,1405600960,1405600000.0,81524855680.0,81524810000.0
2018-04-03,SBUX,49.35,50.47,50.66,48.59,50.8,16778278,942905650.2657,49.31,1.19,1405600960,1405600000.0,79051006424.01,79050940000.0
2018-03-30,SBUX,50.8,50.24,51.02,49.87,50.8,12015219,692103095.9427,50.54,0.85,1405600960,1405600000.0,81370239574.4,81370190000.0
2018-03-29,SBUX,50.8,50.45,50.98,50.21,50.42,9301899,537491676.4265,50.7,0.66,1405600960,1405600000.0,81384287150.39,81384250000.0
2018-03-28,SBUX,50.42,50.98,51.33,50.14,50.72,7562938,437169580.7396,50.72,0.54,1405600960,1405600000.0,80765841000.81,80765810000.0
2018-03-27,SBUX,50.72,49.98,50.89,49.62,49.41,8444852,484953260.2462,50.39,0.6,1405600960,1405600000.0,81243741110.4,81243690000.0
2018-03-24,SBUX,49.41,50.7,50.95,49.41,50.69,9476777,539065591.782,49.91,0.67,1405600960,1405600000.0,79149387246.4,79149380000.0
2018-03-23,SBUX,50.69,50.92,51.52,50.67,51.3,6846465,398482734.7626,51.07,0.49,1405600960,1405600000.0,81201574487.2,81201500000.0
2018-03-22,SBUX,51.3,51.55,52.25,51.23,51.47,6569109,386133527.7036,51.58,0.47,1405600960,1405600000.0,82185490942.4,82185440000.0
2018-03-21,SBUX,51.47,51.29,51.75,51.29,51.16,5888445,345942640.1252,51.55,0.42,1405600960,1405600000.0,82452557936.0,82452500000.0
2018-03-20,SBUX,51.16,51.51,51.64,50.72,51.77,9350570,544893283.4683,51.13,0.67,1405600960,1405600000.0,81946541590.4,81946500000.0
2018-03-17,SBUX,51.77,52.1,52.34,51.72,52.09,13030895,770662832.5285,51.89,0.93,1405600960,1405600000.0,82930456640.0,82930440000.0
2018-03-16,SBUX,52.09,51.71,52.71,51.61,51.62,7377035,439930905.9928,52.33,0.52,1405600960,1405600000.0,83450523372.8,83450500000.0
2018-03-15,SBUX,51.62,52.02,52.4,51.51,51.81,6488531,383221737.7805,51.82,0.46,1405600960,1405600000.0,82691507288.0,82691440000.0
2018-03-14,SBUX,51.81,52.38,53.26,51.67,52.12,10411356,621315337.3711,52.36,0.74,1405600960,1405600000.0,83000742310.4,83000690000.0
2018-03-13,SBUX,52.12,51.48,52.37,51.31,51.3,10550282,626346050.5434,52.09,0.75,1405600960,1405600000.0,83492688590.39,83492630000.0
2018-03-10,SBUX,51.3,50.6,51.45,50.6,50.43,9539617,556609053.838,51.2,0.68,1405600960,1405600000.0,82171441960.81,82171380000.0
2018-03-09,SBUX,50.43,50.27,50.72,50.13,50.04,7434707,427248121.3651,50.42,0.53,1405600960,1405600000.0,80779889982.4,80779880000.0
2018-03-08,SBUX,50.04,49.68,50.16,49.68,50.04,7044098,401319147.7629,49.99,0.5,1405600960,1405600000.0,80161421343.2,80161380000.0
2018-03-07,SBUX,50.04,50.23,50.23,49.61,50.01,8046793,457802186.8461,49.92,0.57,1405600960,1405600000.0,80161421343.2,80161380000.0
2018-03-06,SBUX,50.01,49.87,50.38,49.73,49.95,7835399,447642605.3538,50.13,0.56,1405600960,1405600000.0,80105207144.01,80105130000.0
2018-03-03,SBUX,49.95,48.89,50.19,48.86,49.29,11555133,655909849.8212,49.81,0.82,1405600960,1405600000.0,80020852813.59,80020810000.0
2018-03-02,SBUX,49.29,50.01,50.51,48.99,50.1,11127629,628401679.2862,49.55,0.79,1405600960,1405600000.0,78952604517.6,78952560000.0
2018-03-01,SBUX,50.1,49.87,50.82,49.87,49.64,11541059,663266968.9418,50.43,0.82,1405600960,1405600000.0,80259824655.21,80259750000.0
2018-02-28,SBUX,49.64,50.27,50.58,49.63,50.16,8821414,502208427.1541,49.95,0.63,1405600960,1405600000.0,79514857552.01,79514810000.0
2018-02-27,SBUX,50.16,49.51,50.32,49.42,49.26,8713848,496626578.8667,50.01,0.62,1405600960,1405600000.0,80358205477.6,80358190000.0
2018-02-24,SBUX,49.26,48.83,49.27,48.08,48.61,11394352,633141981.5376,48.76,0.81,1405600960,1405600000.0,78910437894.4,78910380000.0
2018-02-23,SBUX,48.61,49.09,49.26,48.49,49.23,10172399,565679977.5383,48.79,0.72,1405600960,1405600000.0,77870284750.39,77870190000.0
2018-02-22,SBUX,49.23,49.08,49.79,49.01,49.11,7850949,441662248.9548,49.36,0.56,1405600960,1405600000.0,78854223695.21,78854130000.0
2018-02-21,SBUX,49.11,49.39,49.61,48.99,49.56,9450906,530208150.5814,49.23,0.67,1405600960,1405600000.0,78671488542.4,78671440000.0
2018-02-17,SBUX,49.56,49.71,50.06,49.44,49.65,10151329,574779353.5339,49.68,0.72,1405600960,1405600000.0,79388336598.4,79388250000.0
2018-02-16,SBUX,49.65,49.45,49.87,49.05,49.13,10294950,580504423.84,49.48,0.73,1405600960,1405600000.0,79528905128.0,79528880000.0
2018-02-15,SBUX,49.13,48.67,49.75,48.51,48.85,14190325,796092912.8091,49.23,1.01,1405600960,1405600000.0,78699606184.01,78699560000.0
2018-02-14,SBUX,48.85,48.48,48.89,48.28,48.59,10416387,577512661.1904,48.65,0.74,1405600960,1405600000.0,78249804037.6,78249750000.0
2018-02-13,SBUX,48.59,48.14,48.9,47.87,47.89,10968958,606014011.6971,48.48,0.78,1405600960,1405600000.0,77842188192.8,77842130000.0
2018-02-10,SBUX,47.89,47.56,48.31,47.08,47.18,19382012,1054782679.8304,47.75,1.38,1405600960,1405600000.0,76717703208.0,76717630000.0
2018-02-09,SBUX,47.18,47.82,48.07,47.16,47.79,17736672,963608540.6825,47.67,1.26,1405600960,1405600000.0,75579170647.2,75579130000.0
2018-02-08,SBUX,47.79,48.33,48.64,47.77,48.53,13927024,764192533.2358,48.15,0.99,1405600960,1405600000.0,76549038120.81,76548940000.0
2018-02-07,SBUX,48.53,46.85,48.92,46.74,47.73,17415067,958208420.5359,48.02,1.24,1405600960,1405600000.0,78165470791.2,78165440000.0
2018-02-06,SBUX,47.73,48.46,49.1,47.62,48.67,16059954,890217591.7589,48.38,1.14,1405600960,1405600000.0,76872320719.2,76872250000.0
2018-02-03,SBUX,48.67,48.79,49.15,48.61,48.87,15358911,858597022.0166,48.79,1.09,1405600960,1405600000.0,78390372567.2,78390310000.0
2018-02-02,SBUX,48.87,49.12,49.24,48.78,49.58,14690145,824548951.3123,48.99,1.05,1405600960,1405600000.0,78713653760.0,78713630000.0
2018-02-01,SBUX,49.58,49.95,50.14,49.48,49.91,13118364,748139092.0305,49.77,0.93,1405600960,1405600000.0,79852187726.4,79852130000.0
2018-01-31,SBUX,49.91,49.71,50.22,49.52,49.76,14341157,819941252.9534,49.9,1.02,1405600960,1405600000.0,80386323119.2,80386250000.0
2018-01-30,SBUX,49.76,50.23,50.92,49.67,50.61,18899868,1082977499.5948,50.01,1.34,1405600960,1405600000.0,80147373767.2,80147310000.0
2018-01-27,SBUX,50.61,50.57,50.77,49.35,52.84,51851692,2983437624.6819,50.21,3.69,1405600960,1405600000.0,81510808104.01,81510750000.0
2018-01-26,SBUX,52.84,53.26,53.41,52.71,53.09,16225618,984387183.2078,52.95,1.15,1405600960,1405600000.0,85109143750.4,85109060000.0
2018-01-25,SBUX,53.09,53.68,54.06,52.57,53.84,11911868,725977062.0964,53.19,0.85,1405600960,1405600000.0,85502709208.0,85502690000.0
2018-01-24,SBUX,53.84,53.52,54.03,53.36,53.59,10806782,666360237.7434,53.81,0.77,1405314880,1405314000.0,86693879163.14,86693810000.0
2018-01-23,SBUX,53.59,53.27,53.65,53.04,53.46,11945782,731136880.6719,53.41,0.85,1405314880,1405314000.0,86300392402.06,86300380000.0
2018-01-20,SBUX,53.46,53.42,53.64,53.19,53.31,8361852,512089817.255,53.45,0.6,1405314880,1405314000.0,86089582522.23,86089560000.0
2018-01-19,SBUX,53.31,53.61,53.62,53.0,52.94,9170902,560682361.8351,53.36,0.65,1405314880,1405314000.0,85850681803.26,85850630000.0
2018-01-18,SBUX,52.94,53.24,53.52,52.82,52.85,8433770,513377959.4778,53.12,0.6,1405314880,1405314000.0,85246406242.06,85246380000.0
2018-01-17,SBUX,52.85,52.65,53.32,52.63,52.71,8040746,487953515.2883,52.96,0.57,1405314880,1405314000.0,85105866322.17,85105810000.0
2018-01-13,SBUX,52.71,52.71,52.81,52.06,52.36,6989074,421274074.4079,52.6,0.5,1405314880,1405314000.0,84881010320.11,84880940000.0
2018-01-12,SBUX,52.36,52.15,52.38,51.89,52.21,5806281,346909612.7913,52.14,0.41,1405314880,1405314000.0,84318892800.0,84318810000.0
2018-01-11,SBUX,52.21,51.7,52.48,51.36,51.65,8656453,517409180.4895,52.16,0.61,1422800960,1422800000.0,85111964809.61,85111880000.0
2018-01-10,SBUX,51.65,51.67,51.9,51.37,51.76,5233352,309717082.3527,51.65,0.37,1422800960,1422800000.0,84201350853.19,84201310000.0
2018-01-09,SBUX,51.76,51.91,52.08,51.11,52.02,6335781,374511214.4794,51.59,0.45,1422800960,1422800000.0,84386322092.0,84386250000.0
2018-01-06,SBUX,52.02,51.71,52.09,51.55,51.43,6047688,359409906.7922,51.87,0.43,1422800960,1422800000.0,84813166648.4,84813130000.0
2018-01-05,SBUX,51.43,51.48,51.85,51.25,51.24,5775922,340741854.507,51.48,0.41,1422800960,1422800000.0,83845650613.19,83845560000.0
2018-01-04,SBUX,51.24,50.56,51.46,50.44,50.29,7478356,438379710.6137,51.16,0.53,1422800960,1422800000.0,83532654321.21,83532630000.0
2018-01-03,SBUX,50.29,50.57,50.8,50.16,50.12,7215977,416616640.184,50.39,0.51,1422800960,1422800000.0,81996026438.8,81996000000.0
2017-12-30,SBUX,50.12,50.39,50.59,50.11,50.45,5365645,308886226.6074,50.24,0.38,1422800960,1422800000.0,81711449173.19,81711380000.0
2017-12-29,SBUX,50.45,50.16,50.62,50.01,49.98,5044504,291484062.469,50.43,0.35,1422800960,1422800000.0,82252120652.0,82252060000.0
2017-12-28,SBUX,49.98,49.91,50.31,49.9,49.87,4812172,275933306.1882,50.04,0.34,1422800960,1422800000.0,81483818093.2,81483810000.0
2017-12-27,SBUX,49.87,49.98,50.25,49.79,50.01,5546207,317267992.7853,49.92,0.39,1422800960,1422800000.0,81298846854.4,81298810000.0
2017-12-23,SBUX,50.01,50.24,50.54,49.85,50.25,7148723,409721881.4271,50.02,0.5,1422800960,1422800000.0,81526500699.2,81526440000.0
2017-12-22,SBUX,50.25,50.57,50.74,50.17,50.38,5974473,344982243.9184,50.39,0.42,1422800960,1422800000.0,81924882122.4,81924810000.0
2017-12-21,SBUX,50.38,50.81,50.87,50.35,50.63,7188719,416318824.137,50.54,0.51,1422800960,1422800000.0,82138293729.6,82138250000.0
2017-12-20,SBUX,50.63,50.73,51.12,50.56,50.64,7946434,461876177.6715,50.73,0.56,1422800960,1422800000.0,82536676575.6,82536630000.0
2017-12-19,SBUX,50.64,51.0,51.3,50.52,50.87,8751621,509157897.6662,50.77,0.62,1422800960,1422800000.0,82565138286.0,82565060000.0
2017-12-16,SBUX,50.87,51.71,51.81,50.76,52.1,22595020,1323110188.342,51.1,1.59,1422800960,1422800000.0,82935059421.59,82935000000.0
2017-12-15,SBUX,52.1,52.13,52.41,51.87,51.92,8946109,534661475.8218,52.16,0.63,1422800960,1422800000.0,84941213043.6,84941190000.0
2017-12-14,SBUX,51.92,51.87,52.27,51.75,51.73,7726301,460547008.9388,52.02,0.54,1422800960,1422800000.0,84642437647.21,84642380000.0
2017-12-13,SBUX,51.73,51.48,51.8,51.38,51.55,6042918,357677288.9181,51.66,0.42,1422800960,1422800000.0,84329420013.2,84329380000.0
2017-12-12,SBUX,51.55,50.96,51.8,50.87,51.15,10286559,605748776.176,51.39,0.72,1422800960,1422800000.0,84044864089.61,84044810000.0
2017-12-09,SBUX,51.15,51.07,51.36,50.71,51.61,9950492,582800396.0439,51.12,0.7,1422800960,1422800000.0,83390365688.4,83390310000.0
2017-12-08,SBUX,51.61,51.6,51.73,51.28,51.73,6033793,356566363.7867,51.57,0.42,1422800960,1422800000.0,84144448774.4,84144380000.0
2017-12-07,SBUX,51.73,51.82,52.21,51.69,51.79,8458199,502921086.9694,51.89,0.59,1422800960,1422800000.0,84343639486.0,84343560000.0
2017-12-06,SBUX,51.79,51.71,52.08,51.41,51.28,11295645,671164634.61,51.86,0.79,1422800960,1422800000.0,84429004698.0,84428940000.0
2017-12-05,SBUX,51.28,50.22,51.66,50.18,50.02,13302051,782000907.6777,51.31,0.93,1422800960,1422800000.0,83603777295.6,83603690000.0
2017-12-02,SBUX,50.02,50.18,50.36,49.27,50.46,12756391,728633509.3861,49.85,0.9,1422800960,1422800000.0,81554962409.61,81554880000.0
2017-12-01,SBUX,50.46,50.3,50.74,50.16,50.19,11509223,665542745.0448,50.47,0.81,1422800960,1422800000.0,82266362889.61,82266310000.0
2017-11-30,SBUX,50.19,49.49,50.34,49.48,49.45,10017915,574704812.4709,50.07,0.7,1422800960,1422800000.0,81825276095.6,81825250000.0
2017-11-29,SBUX,49.45,48.9,49.5,48.79,48.79,9734430,548498207.807,49.17,0.68,1422800960,1422800000.0,80615908084.8,80615810000.0
2017-11-28,SBUX,48.79,49.6,49.68,48.66,49.57,10580297,593280600.2668,48.94,0.74,1422800960,1422800000.0,79548807364.8,79548750000.0
2017-11-25,SBUX,49.57,49.91,49.91,49.49,49.87,3479177,197773451.2514,49.61,0.24,1422800960,1422800000.0,80815100219.2,80815060000.0
2017-11-23,SBUX,49.87,49.81,49.9,49.57,49.97,7309074,416983366.062,49.79,0.51,1422800960,1422800000.0,81298846854.4,81298810000.0
2017-11-22,SBUX,49.97,49.71,50.23,49.64,49.58,6284258,359773770.5,49.96,0.44,1422800960,1422800000.0,81469575855.6,81469560000.0
2017-11-21,SBUX,49.58,49.46,49.79,49.38,49.68,6360086,361499020.1282,49.6,0.45,1422800960,1422800000.0,80829319692.0,80829310000.0
2017-11-18,SBUX,49.68,49.95,50.12,49.61,49.95,6311520,359975643.4325,49.78,0.44,1422800960,1422800000.0,81000048693.19,81000000000.0
2017-11-17,SBUX,49.95,49.68,50.11,49.53,49.48,8310609,475058536.1379,49.89,0.58,1443900960,1443900000.0,82648899613.81,82648880000.0
2017-11-16,SBUX,49.48,49.59,49.8,49.32,49.42,8880504,504935706.6466,49.62,0.62,1443900960,1443900000.0,81869180100.3,81869130000.0
2017-11-15,SBUX,49.42,49.02,49.48,48.97,49.17,7758215,441001774.6462,49.35,0.54,1443900960,1443900000.0,82201271545.49,82201190000.0
2017-11-14,SBUX,49.17,49.32,49.6,49.09,49.52,7648192,434720174.0032,49.34,0.53,1443900960,1443900000.0,81782550374.4,81782500000.0
2017-11-11,SBUX,49.52,49.8,49.82,49.08,49.8,7930317,451541139.6059,49.43,0.55,1443900960,1443900000.0,82360102094.99,82360060000.0
2017-11-10,SBUX,49.8,49.66,50.06,49.3,50.27,14778868,845524177.1345,49.67,1.02,1443900960,1443900000.0,82822160509.5,82822130000.0
2017-11-09,SBUX,50.27,49.51,50.36,49.48,49.67,13533653,780598084.2962,50.07,0.94,1443900960,1443900000.0,83616310369.2,83616250000.0
2017-11-08,SBUX,49.67,48.9,49.73,48.9,49.11,11167446,636543238.2507,49.48,0.77,1443900960,1443900000.0,82620015819.0,82620000000.0
2017-11-07,SBUX,49.11,48.61,49.21,48.29,48.64,10835661,609254619.7644,48.81,0.75,1443900960,1443900000.0,81681488858.41,81681440000.0
2017-11-04,SBUX,48.64,47.02,49.43,46.92,47.63,28773774,1612059320.4822,48.64,1.99,1443900960,1443900000.0,80901769344.9,80901690000.0
2017-11-03,SBUX,47.63,47.88,48.09,47.55,47.86,16879024,928621397.4541,47.76,1.17,1443900960,1443900000.0,79226839899.6,79226750000.0
2017-11-02,SBUX,47.86,47.83,48.26,47.69,47.61,7189766,396820433.7886,47.91,0.5,1443900960,1443900000.0,79602267144.3,79602190000.0
2017-11-01,SBUX,47.61,47.89,48.01,47.49,47.89,8857828,486941449.5066,47.72,0.61,1443900960,1443900000.0,79183524314.7,79183500000.0
2017-10-31,SBUX,47.89,47.56,47.95,47.23,47.64,6430949,353446281.8155,47.71,0.45,1443900960,1443900000.0,79660014519.3,79659940000.0
2017-10-28,SBUX,47.64,47.6,47.85,47.47,47.67,9922609,545347572.9783,47.71,0.69,1443900960,1443900000.0,79241291904.3,79241250000.0
2017-10-27,SBUX,47.67,47.31,48.4,47.31,47.02,12211442,672288740.0794,47.79,0.85,1443900960,1443900000.0,79284607489.2,79284560000.0
2017-10-26,SBUX,47.02,47.09,47.22,46.58,47.12,8281219,447295129.8096,46.89,0.57,1443900960,1443900000.0,78201681769.2,78201630000.0
2017-10-25,SBUX,47.12,47.2,47.36,46.9,47.11,7818488,424310094.3348,47.11,0.54,1443900960,1443900000.0,78374942664.9,78374880000.0
2017-10-24,SBUX,47.11,47.55,47.69,47.03,47.37,10111071,551850091.5616,47.38,0.7,1443900960,1443900000.0,78360512318.7,78360440000.0
2017-10-21,SBUX,47.37,48.02,48.09,47.03,48.09,11741094,640576512.2223,47.36,0.81,1443900960,1443900000.0,78793686938.41,78793630000.0
2017-10-20,SBUX,48.09,47.82,48.22,47.66,47.93,5720180,316102266.3611,47.97,0.4,1443900960,1443900000.0,79992104520.59,79992060000.0
2017-10-19,SBUX,47.93,47.28,48.12,47.07,47.32,8299508,457458083.3001,47.85,0.57,1443900960,1443900000.0,79717782108.91,79717690000.0
2017-10-18,SBUX,47.32,47.63,47.95,47.13,47.67,11227336,613455980.4627,47.43,0.78,1443900960,1443900000.0,78707034110.1,78707000000.0
2017-10-17,SBUX,47.67,48.33,48.44,47.65,48.37,7256895,400050843.4081,47.86,0.5,1443900960,1443900000.0,79284607489.2,79284560000.0
2017-10-14,SBUX,48.37,48.61,48.99,48.28,48.59,6231133,348101615.7006,48.5,0.43,1443900960,1443900000.0,80454164379.0,80454060000.0
2017-10-13,SBUX,48.59,48.33,48.85,48.02,48.3,7234266,404792601.6663,48.58,0.5,1443900960,1443900000.0,80815139619.0,80815060000.0
2017-10-12,SBUX,48.3,48.15,48.44,47.97,48.11,8881899,493667484.0068,48.25,0.62,1443900960,1443900000.0,80338649414.4,80338560000.0
2017-10-11,SBUX,48.11,47.83,48.48,47.82,47.76,6573918,365070025.964,48.21,0.46,1443900960,1443900000.0,80020989759.3,80020940000.0
2017-10-10,SBUX,47.76,48.07,48.17,47.71,47.89,5822895,321682346.3609,47.96,0.4,1443900960,1443900000.0,79443438038.7,79443380000.0
2017-10-07,SBUX,47.89,47.32,48.14,47.09,47.4,10576278,582273844.1354,47.79,0.73,1443900960,1443900000.0,79660014519.3,79659940000.0
2017-10-06,SBUX,47.4,46.93,47.72,46.81,46.82,7994274,436750411.986,47.43,0.55,1443900960,1443900000.0,78837002523.31,78836940000.0
2017-10-05,SBUX,46.82,46.98,47.05,46.61,46.87,5569059,300141655.8446,46.79,0.39,1443900960,1443900000.0,77869568665.49,77869500000.0
2017-10-04,SBUX,46.87,46.88,47.17,46.79,46.71,6137070,331913642.3234,46.95,0.43,1443900960,1443900000.0,77956221493.81,77956190000.0
2017-10-03,SBUX,46.71,46.76,46.91,46.66,46.63,5955981,320702167.4254,46.74,0.41,1443900960,1443900000.0,77696307769.8,77696250000.0
2017-09-30,SBUX,46.63,47.15,47.29,46.32,47.31,11944372,642380342.1982,46.69,0.83,1443900960,1443900000.0,77551930668.91,77551880000.0
2017-09-29,SBUX,47.31,47.58,47.82,47.27,47.74,7607473,415419033.9065,47.41,0.53,1443900960,1443900000.0,78692602320.0,78692560000.0
2017-09-28,SBUX,47.74,47.96,48.27,47.71,47.86,8671309,478413442.8054,47.9,0.6,1443900960,1443900000.0,79400122453.81,79400060000.0
2017-09-27,SBUX,47.86,47.8,47.94,47.57,47.7,8021852,441420840.5159,47.77,0.56,1443900960,1443900000.0,79602267144.3,79602190000.0
2017-09-26,SBUX,47.7,47.73,47.94,47.49,47.82,10242657,562561557.7165,47.68,0.71,1443900960,1443900000.0,79342353420.3,79342310000.0
2017-09-23,SBUX,47.82,47.79,47.92,47.63,47.76,6950027,382509296.2516,47.78,0.48,1443900960,1443900000.0,79544499554.7,79544440000.0
2017-09-22,SBUX,47.76,47.79,47.89,47.63,47.88,7178461,394780194.898,47.74,0.5,1443900960,1443900000.0,79428984590.1,79428940000.0
2017-09-21,SBUX,47.88,47.38,47.9,47.38,47.42,7080035,389454324.339,47.75,0.49,1443900960,1443900000.0,79631129280.59,79631060000.0
2017-09-20,SBUX,47.42,47.61,47.64,47.36,47.48,5187121,283546733.4312,47.45,0.36,1443900960,1443900000.0,78865864659.6,78865810000.0
2017-09-19,SBUX,47.48,47.57,47.72,47.37,47.46,6348359,347523741.1439,47.52,0.44,1443900960,1443900000.0,78966947834.1,78966880000.0
2017-09-16,SBUX,47.46,47.26,47.56,47.02,47.34,10744782,586322338.6542,47.37,0.74,1443900960,1443900000.0,78938064039.3,78938000000.0
2017-09-15,SBUX,47.34,47.21,47.5,46.97,47.13,8260770,450502768.8863,47.34,0.57,1443900960,1443900000.0,78735917904.9,78735880000.0
2017-09-14,SBUX,47.13,46.49,47.5,46.43,46.48,12787883,694414093.3348,47.14,0.89,1443900960,1443900000.0,78389374454.99,78389310000.0
2017-09-13,SBUX,46.48,46.86,46.92,46.3,46.9,10339446,554626494.4428,46.57,0.72,1443900960,1443900000.0,77306448734.99,77306380000.0
2017-09-12,SBUX,46.9,46.7,46.99,46.54,46.44,9314078,502152681.4374,46.8,0.65,1443900960,1443900000.0,77999537078.7,77999500000.0
2017-09-09,SBUX,46.44,46.35,46.69,46.05,46.42,11774485,629779547.847,46.43,0.82,1443900960,1443900000.0,77234271013.81,77234250000.0
2017-09-08,SBUX,46.42,47.24,47.46,46.23,47.15,13801891,740656494.1026,46.59,0.96,1443900960,1443900000.0,77205387219.0,77205380000.0
2017-09-07,SBUX,47.15,47.85,47.99,46.99,47.86,11372297,619320453.7724,47.28,0.79,1443900960,1443900000.0,78418258249.8,78418190000.0
2017-09-06,SBUX,47.86,47.7,47.92,47.4,47.69,9178047,503559064.6612,47.63,0.64,1443900960,1443900000.0,79602267144.3,79602190000.0
2017-09-02,SBUX,47.69,47.66,47.88,47.64,47.63,7696301,422944834.0443,47.71,0.53,1443900960,1443900000.0,79313469625.49,79313380000.0
2017-09-01,SBUX,47.63,47.47,47.74,47.37,47.33,8245285,452102960.5534,47.6,0.57,1443900960,1443900000.0,79212408109.5,79212380000.0
2017-08-31,SBUX,47.33,46.91,47.42,46.91,46.97,5596567,304567386.784,47.24,0.39,1443900960,1443900000.0,78721487558.7,78721440000.0
2017-08-30,SBUX,46.97,46.91,47.13,46.88,47.23,6212402,336199621.7482,46.98,0.43,1443900960,1443900000.0,78115052043.31,78115000000.0
2017-08-29,SBUX,47.23,47.35,47.38,46.9,47.19,6643652,360580219.4651,47.12,0.46,1443900960,1443900000.0,78548203560.59,78548130000.0
2017-08-26,SBUX,47.19,47.42,47.48,47.04,46.83,8601121,468022206.5994,47.24,0.6,1443900960,1443900000.0,78490457629.5,78490380000.0
2017-08-25,SBUX,46.83,47.1,47.26,46.68,46.95,8716699,470593615.3489,46.87,0.6,1443900960,1443900000.0,77884022114.1,77884000000.0
2017-08-24,SBUX,46.95,46.84,46.97,46.57,47.27,11838532,638242405.8739,46.8,0.82,1443900960,1443900000.0,78086166804.6,78086130000.0
2017-08-23,SBUX,47.27,46.44,47.52,46.35,46.14,14547614,790086662.6475,47.15,1.01,1443900960,1443900000.0,78620402940.3,78620380000.0
2017-08-22,SBUX,46.14,46.13,46.46,45.84,45.75,12753196,678098896.4432,46.16,0.88,1443900960,1443900000.0,76743327360.59,76743250000.0
2017-08-19,SBUX,45.75,45.94,46.08,45.65,46.05,10370500,547338366.0885,45.82,0.72,1443900960,1443900000.0,76093576260.3,76093560000.0
2017-08-18,SBUX,46.05,46.29,46.69,46.0,46.44,7451680,396689394.9219,46.21,0.52,1443900960,1443900000.0,76584498254.99,76584440000.0
2017-08-17,SBUX,46.44,46.24,46.81,46.23,46.14,7667082,411082815.0916,46.55,0.53,1443900960,1443900000.0,77248701360.0,77248630000.0
2017-08-16,SBUX,46.14,46.37,46.38,45.92,46.2,6674598,354930432.302,46.16,0.46,1443900960,1443900000.0,76743327360.59,76743250000.0
2017-08-15,SBUX,46.2,46.53,46.53,46.17,46.17,7426469,396185062.5507,46.31,0.51,1443900960,1443900000.0,76844411979.0,76844380000.0
2017-08-12,SBUX,46.17,46.05,46.36,46.05,46.07,9235031,491726650.5599,46.22,0.64,1443900960,1443900000.0,76786642945.49,76786560000.0
2017-08-11,SBUX,46.07,46.46,46.66,46.0,46.65,13235301,706211851.0535,46.32,0.92,1443900960,1443900000.0,76627835498.41,76627750000.0
2017-08-10,SBUX,46.65,47.25,47.25,46.27,47.33,16717719,896703239.6438,46.56,1.16,1443900960,1443900000.0,77595246253.81,77595190000.0
2017-08-09,SBUX,47.33,48.22,48.25,47.19,48.08,11095258,608359620.009,47.6,0.77,1443900960,1443900000.0,78721487558.7,78721440000.0
2017-08-08,SBUX,48.08,48.05,48.34,47.9,47.91,7253945,403797333.4518,48.11,0.5,1443900960,1443900000.0,80324217624.3,80324190000.0
2017-08-05,SBUX,47.91,48.37,48.44,47.61,48.12,9179777,508925882.1832,47.91,0.64,1443900960,1443900000.0,80049873554.1,80049810000.0
2017-08-04,SBUX,48.12,48.09,48.5,47.96,47.9,13331461,744619342.1435,48.27,0.92,1443900960,1443900000.0,80396395345.49,80396310000.0
2017-08-03,SBUX,47.9,47.32,47.92,47.25,47.3,14764856,813878668.7718,47.64,1.02,1443900960,1443900000.0,80035420105.49,80035380000.0
2017-08-02,SBUX,47.3,47.16,47.35,46.64,46.65,18120911,986525952.0243,47.05,1.25,1443900960,1443900000.0,79024693765.2,79024630000.0
2017-08-01,SBUX,46.65,47.08,47.26,46.62,46.67,20299407,1099428042.4648,46.81,1.41,1443900960,1443900000.0,77941768045.2,77941750000.0
2017-07-29,SBUX,46.67,47.73,48.36,46.16,51.42,53454790,2904525135.6477,46.96,3.7,1443900960,1443900000.0,77970651840.0,77970630000.0
2017-07-28,SBUX,51.42,50.34,51.56,50.06,50.07,23286715,1373867166.4649,50.99,1.61,1443900960,1443900000.0,85912107120.0,85912060000.0
2017-07-27,SBUX,50.07,50.82,50.85,49.94,50.6,8775891,510052204.808,50.23,0.61,1443900960,1443900000.0,83659625954.1,83659560000.0
2017-07-26,SBUX,50.6,50.31,50.85,50.11,50.14,7933137,464069514.6369,50.55,0.55,1448100960,1448100000.0,84786317000.4,84786250000.0
2017-07-25,SBUX,50.14,50.12,50.34,50.06,50.11,7442590,432014097.4284,50.16,0.51,1448100960,1448100000.0,84018824939.7,84018750000.0
2017-07-22,SBUX,50.11,50.06,50.35,49.98,50.15,6717234,389533769.9757,50.12,0.46,1448100960,1448100000.0,83960887868.4,83960810000.0
2017-07-21,SBUX,50.15,50.48,50.85,50.12,50.22,10546700,614605820.6768,50.36,0.73,1448100960,1448100000.0,84033297260.7,84033250000.0
2017-07-20,SBUX,50.22,50.25,50.48,50.04,50.31,8203559,476749002.7255,50.22,0.57,1448100960,1448100000.0,84149148233.7,84149130000.0
2017-07-19,SBUX,50.31,50.23,50.63,49.86,50.41,7857465,457376020.9338,50.31,0.54,1448100960,1448100000.0,84293967018.31,84293940000.0
2017-07-18,SBUX,50.41,50.76,50.88,50.37,50.78,6774473,395968651.3952,50.51,0.47,1448100960,1448100000.0,84467731893.0,84467690000.0
2017-07-15,SBUX,50.78,50.47,50.92,50.37,50.45,5441379,319092841.2698,50.68,0.38,1448100960,1448100000.0,85090405169.1,85090380000.0
2017-07-14,SBUX,50.45,50.82,50.88,50.23,50.59,8460246,494528468.4077,50.52,0.58,1448100960,1448100000.0,84540141285.3,84540130000.0
2017-07-13,SBUX,50.59,50.31,50.74,50.14,50.04,7141914,417369226.1469,50.5,0.49,1448100960,1448100000.0,84771821509.79,84771750000.0
2017-07-12,SBUX,50.04,50.05,50.19,49.72,49.96,5422328,313814006.7148,50.02,0.37,1448100960,1448100000.0,83845036895.39,83844940000.0
2017-07-11,SBUX,49.96,50.28,50.43,49.91,50.16,4832094,279792738.882,50.04,0.33,1448100960,1448100000.0,83714713601.4,83714690000.0
2017-07-08,SBUX,50.16,49.94,50.44,49.73,49.78,7278250,422482004.287,50.17,0.5,1448100960,1448100000.0,84047771029.79,84047690000.0
2017-07-07,SBUX,49.78,49.95,50.06,49.61,50.07,8886649,512242444.3282,49.82,0.61,1448100960,1448100000.0,83410625432.71,83410560000.0
2017-07-06,SBUX,50.07,50.5,50.56,49.95,50.34,7773567,450833444.1148,50.12,0.54,1448100960,1448100000.0,83902973966.7,83902940000.0
2017-07-04,SBUX,50.34,50.9,50.98,50.34,50.39,4575270,267532521.5978,50.53,0.32,1448100960,1448100000.0,84351880920.0,84351880000.0
2017-07-01,SBUX,50.39,50.71,50.95,50.38,50.44,8117067,475574840.177,50.63,0.56,1448100960,1448100000.0,84438764081.4,84438750000.0
2017-06-30,SBUX,50.44,51.14,51.14,50.09,51.14,7421176,433602274.6599,50.49,0.51,1448100960,1448100000.0,84511173473.7,84511130000.0
2017-06-29,SBUX,51.14,51.04,51.21,50.82,50.95,5419168,320277743.9854,51.08,0.37,1448100960,1448100000.0,85698604676.09,85698560000.0
2017-06-28,SBUX,50.95,51.46,51.59,50.82,51.54,5652430,334391575.0416,51.13,0.39,1448100960,1448100000.0,85380042738.31,85380000000.0
2017-06-27,SBUX,51.54,51.87,51.98,51.27,51.69,5674637,338615282.07,51.57,0.39,1448100960,1448100000.0,86364741254.4,86364690000.0
2017-06-24,SBUX,51.69,51.65,52.0,51.49,51.43,6469496,387467787.3365,51.76,0.45,1448100960,1448100000.0,86610915521.4,86610880000.0
2017-06-23,SBUX,51.43,51.93,51.94,51.33,51.82,5602004,333743304.1008,51.49,0.39,1448100960,1448100000.0,86176480889.1,86176440000.0
2017-06-22,SBUX,51.82,51.85,52.12,51.6,51.73,6027649,361266582.2436,51.8,0.42,1448100960,1448100000.0,86828143698.31,86828060000.0
2017-06-21,SBUX,51.73,52.7,52.72,51.59,52.63,6985664,419468152.2367,51.89,0.48,1448100960,1448100000.0,86683324913.7,86683310000.0
2017-06-20,SBUX,52.63,52.16,52.72,51.95,51.97,6778024,411262008.2851,52.44,0.47,1448100960,1448100000.0,88189339775.39,88189310000.0
2017-06-17,SBUX,51.97,51.76,51.99,51.4,51.93,11522438,690879667.3508,51.82,0.8,1448100960,1448100000.0,87088791734.4,87088750000.0
2017-06-16,SBUX,51.93,51.78,52.1,51.43,52.09,7515981,451003933.3381,51.86,0.52,1448100960,1448100000.0,87016382342.1,87016310000.0
2017-06-15,SBUX,52.09,52.43,52.56,51.73,52.65,9703332,585080897.4908,52.11,0.67,1448100960,1448100000.0,87277052099.7,87277000000.0
2017-06-14,SBUX,52.65,52.82,52.94,52.36,52.97,9384906,571884262.9596,52.66,0.65,1448100960,1448100000.0,88218309035.1,88218250000.0
2017-06-13,SBUX,52.97,53.41,53.57,52.4,53.75,11071594,676906274.1388,52.84,0.76,1448100960,1448100000.0,88754099149.79,88754060000.0
2017-06-10,SBUX,53.75,53.9,54.0,53.47,53.79,11240489,698341288.4521,53.69,0.78,1448100960,1448100000.0,90057403046.7,90057380000.0
2017-06-09,SBUX,53.79,54.83,54.95,53.6,54.88,11289266,705400844.9113,54.0,0.78,1448100960,1448100000.0,90129812439.01,90129750000.0
2017-06-08,SBUX,54.88,55.42,55.57,54.74,55.45,8364992,532080427.866,54.97,0.58,1448100960,1448100000.0,91954410960.0,91954380000.0
2017-06-07,SBUX,55.45,55.5,55.61,55.35,55.54,5448438,349848568.1788,55.49,0.38,1448100960,1448100000.0,92910163386.0,92910130000.0
2017-06-06,SBUX,55.54,56.04,56.06,55.47,55.8,6809285,438409652.3221,55.64,0.47,1448100960,1448100000.0,93069455939.7,93069380000.0
2017-06-03,SBUX,55.8,55.21,55.9,55.05,55.09,7840375,504880987.3269,55.65,0.54,1448100960,1448100000.0,93503890572.01,93503810000.0
2017-06-02,SBUX,55.09,54.89,55.15,54.75,54.97,6058262,385312714.9396,54.97,0.42,1448100960,1448100000.0,92316436200.0,92316380000.0
2017-06-01,SBUX,54.97,54.68,54.97,54.52,54.67,7314633,463899927.7688,54.81,0.51,1448100960,1448100000.0,92113703513.7,92113630000.0
2017-05-31,SBUX,54.67,54.51,54.8,54.45,54.71,7094586,448742525.2987,54.66,0.49,1448100960,1448100000.0,91606859489.1,91606810000.0
2017-05-27,SBUX,54.71,54.45,54.81,54.42,54.36,6097988,385714864.1503,54.66,0.42,1448100960,1448100000.0,91664796560.4,91664750000.0
2017-05-26,SBUX,54.36,53.59,54.54,53.5,53.49,8931805,560156346.3504,54.2,0.62,1448100960,1448100000.0,91085541695.39,91085500000.0
2017-05-25,SBUX,53.49,53.06,53.58,52.67,52.85,7283789,448349247.054,53.2,0.5,1448100960,1448100000.0,89622968414.4,89622940000.0
2017-05-24,SBUX,52.85,53.06,53.15,52.6,52.92,5622524,343314137.947,52.77,0.39,1448100960,1448100000.0,88551365015.39,88551310000.0
2017-05-23,SBUX,52.92,52.74,53.34,52.74,53.03,6392125,392321159.1467,53.04,0.44,1448100960,1448100000.0,88667215988.4,88667130000.0
2017-05-20,SBUX,53.03,51.8,53.51,51.8,51.7,12530997,767831803.7142,52.95,0.87,1448100960,1448100000.0,88855476353.7,88855440000.0
2017-05-19,SBUX,51.7,51.62,51.8,50.88,51.62,8602410,512907547.5266,51.53,0.59,1448100960,1448100000.0,86625411012.01,86625380000.0
2017-05-18,SBUX,51.62,51.83,52.13,51.46,51.84,7581231,453440234.0554,51.69,0.52,1448100960,1448100000.0,86495064548.4,86495000000.0
2017-05-17,SBUX,51.84,52.44,52.46,51.75,52.24,6303481,378705555.3924,51.92,0.44,1448100960,1448100000.0,86857089788.4,86857060000.0
2017-05-16,SBUX,52.24,52.22,52.28,51.96,51.79,5904094,356392380.3866,52.17,0.41,1448100960,1448100000.0,87537698687.7,87537630000.0
2017-05-13,SBUX,51.79,52.1,52.15,51.71,52.09,5647531,338703296.0495,51.83,0.39,1448100960,1448100000.0,86784680396.09,86784630000.0
2017-05-12,SBUX,52.09,52.24,52.29,51.88,52.42,5516895,332429379.3922,52.08,0.38,1448100960,1448100000.0,87277052099.7,87277000000.0
2017-05-11,SBUX,52.42,52.61,52.7,52.03,52.7,7198414,436187140.4965,52.37,0.5,1448100960,1448100000.0,87841810026.0,87841750000.0
2017-05-10,SBUX,52.7,52.35,52.79,52.35,52.45,5806563,353942514.1831,52.68,0.4,1448100960,1448100000.0,88305190748.4,88305130000.0
2017-05-09,SBUX,52.45,52.56,52.56,52.24,52.46,5588371,340297738.3671,52.41,0.39,1448100960,1448100000.0,88247276846.7,88247250000.0
2017-05-06,SBUX,52.46,52.38,52.49,52.14,52.35,6443309,391963902.7342,52.36,0.44,1448100960,1448100000.0,88261749167.7,88261690000.0
2017-05-05,SBUX,52.35,52.2,52.37,51.98,52.15,6874285,417126114.372,52.23,0.47,1448100960,1448100000.0,88087984293.0,88087940000.0
2017-05-04,SBUX,52.15,52.09,52.21,51.86,52.07,7706367,466127260.4174,52.06,0.53,1448100960,1448100000.0,87740432822.1,87740380000.0
2017-05-03,SBUX,52.07,51.77,52.09,51.67,51.8,9152090,551807941.6436,51.89,0.63,1448100960,1448100000.0,87610108080.0,87610060000.0
2017-05-02,SBUX,51.8,51.64,52.16,51.44,51.69,10910340,657145052.676,51.84,0.75,1448100960,1448100000.0,87146705636.09,87146690000.0
2017-04-29,SBUX,51.69,51.13,51.8,50.77,52.76,25046129,1495038679.9135,51.37,1.73,1448100960,1448100000.0,86972940761.4,86972880000.0
2017-04-28,SBUX,52.76,53.04,53.31,52.66,52.98,15285344,941514551.0603,53.01,1.06,1448100960,1448100000.0,88768594640.4,88768500000.0
2017-04-27,SBUX,52.98,52.7,53.15,52.48,52.47,8525418,524005422.3594,52.9,0.59,1448100960,1448100000.0,89145092201.4,89145000000.0
2017-04-26,SBUX,52.47,52.2,52.68,51.57,52.6,11031477,671052512.0698,52.36,0.76,1457306880,1457306000.0,88837437605.95,88837380000.0
2017-04-25,SBUX,52.6,52.5,52.83,52.41,52.17,10721278,655344507.6317,52.61,0.74,1457306880,1457306000.0,89056024894.11,89056000000.0
2017-04-22,SBUX,52.17,51.81,52.23,51.77,51.71,8799984,531886899.3312,52.02,0.6,1457306880,1457306000.0,88327371454.11,88327310000.0
2017-04-21,SBUX,51.71,51.39,51.93,51.26,50.81,12445864,747463818.096,51.69,0.85,1457306880,1457306000.0,87555000265.01,87554940000.0
2017-04-20,SBUX,50.81,50.44,51.2,50.35,50.22,12000641,709687871.1356,50.9,0.82,1457306880,1457306000.0,86039389451.36,86039380000.0
2017-04-19,SBUX,50.22,49.57,50.33,49.57,49.99,5449699,317870059.6211,50.2,0.37,1457306880,1457306000.0,85033866649.15,85033810000.0
2017-04-18,SBUX,49.99,49.64,50.13,49.64,49.5,5626043,326500648.6274,49.95,0.39,1457306880,1457306000.0,84640386505.01,84640310000.0
2017-04-14,SBUX,49.5,49.58,49.74,49.45,49.56,4871719,280836584.7331,49.61,0.33,1457306880,1457306000.0,83809711382.27,83809690000.0
2017-04-13,SBUX,49.56,49.82,49.83,49.47,49.82,5450297,314181814.6347,49.61,0.37,1457306880,1457306000.0,83911733065.01,83911690000.0
2017-04-12,SBUX,49.82,49.78,50.06,49.39,49.88,5855090,337917121.9305,49.67,0.4,1457306880,1457306000.0,84348929500.93,84348880000.0
2017-04-11,SBUX,49.88,49.92,50.1,49.69,49.94,5266313,305479826.8053,49.92,0.36,1457306880,1457306000.0,84450929324.08,84450880000.0
2017-04-08,SBUX,49.94,49.75,50.13,49.53,49.85,6773754,392770760.8768,49.91,0.46,1457306880,1457306000.0,84552952464.13,84552940000.0
2017-04-07,SBUX,49.85,50.03,50.23,49.69,50.11,9112531,528668069.5681,49.93,0.63,1457306880,1457306000.0,84407213032.29,84407130000.0
2017-04-06,SBUX,50.11,49.88,51.01,49.76,50.19,13656223,799593788.5441,50.39,0.94,1457306880,1457306000.0,84844409468.21,84844380000.0
2017-04-05,SBUX,50.19,50.24,50.27,49.93,50.3,6474781,377350230.2052,50.16,0.44,1457306880,1457306000.0,84990148900.06,84990060000.0
2017-04-04,SBUX,50.3,50.16,50.32,49.82,50.25,8989832,523537277.2207,50.12,0.62,1457306880,1457306000.0,85165018439.12,85165000000.0
2017-04-01,SBUX,50.25,50.01,50.49,49.97,50.06,9156707,535122590.3737,50.3,0.63,1457306880,1457306000.0,85092148723.2,85092130000.0
2017-03-31,SBUX,50.06,49.45,50.18,49.42,49.52,8677914,503901239.284,49.98,0.6,1457306880,1457306000.0,84756973970.03,84756940000.0
2017-03-30,SBUX,49.52,49.2,49.79,49.17,49.36,7001637,403048505.7348,49.54,0.48,1457306880,1457306000.0,83853429131.36,83853380000.0
2017-03-29,SBUX,49.36,49.14,49.51,49.08,49.26,8331645,477667338.3199,49.34,0.57,1457306880,1457306000.0,83576559769.15,83576500000.0
2017-03-28,SBUX,49.26,48.77,49.45,48.59,48.9,8861801,506383726.7295,49.18,0.61,1457306880,1457306000.0,83401666913.17,83401630000.0
2017-03-25,SBUX,48.9,48.29,49.39,48.11,48.07,15763000,896290453.674,48.94,1.08,1457306880,1457306000.0,82789600938.19,82789560000.0
2017-03-24,SBUX,48.07,48.33,48.56,48.01,48.1,7357207,412213971.3342,48.22,0.5,1457306880,1457306000.0,81390599449.15,81390560000.0
2017-03-23,SBUX,48.1,47.92,48.23,47.78,47.8,8452070,471931445.5778,48.06,0.58,1457306880,1457306000.0,81448881523.2,81448880000.0
2017-03-22,SBUX,47.8,48.24,48.59,47.75,48.03,8030641,448239807.9697,48.04,0.55,1457306880,1457306000.0,80938815371.36,80938750000.0
2017-03-21,SBUX,48.03,48.09,48.24,47.78,48.01,7948426,443699396.8545,48.04,0.55,1457306880,1457306000.0,81332294058.19,81332250000.0
2017-03-18,SBUX,48.01,47.37,48.31,47.29,47.17,15822141,880456183.3304,47.89,1.09,1457306880,1457306000.0,81288576309.09,81288500000.0
2017-03-17,SBUX,47.17,47.21,47.32,47.04,46.94,8074277,442578582.9861,47.18,0.55,1457306880,1457306000.0,79860422853.23,79860380000.0
2017-03-16,SBUX,46.94,46.81,47.04,46.55,46.71,8712008,474212881.9448,46.85,0.6,1457306880,1457306000.0,79481508491.36,79481440000.0
2017-03-15,SBUX,46.71,47.01,47.11,46.64,47.02,7892887,428799255.7009,46.76,0.54,1457306880,1457306000.0,79088051664.13,79088000000.0
2017-03-14,SBUX,47.02,46.97,47.24,46.82,46.93,9090231,495989337.7592,46.96,0.62,1457306880,1457306000.0,79612682140.93,79612630000.0
2017-03-11,SBUX,46.93,47.67,47.68,46.83,47.5,13886430,759639170.2232,47.08,0.95,1457306880,1457306000.0,79466942709.09,79466880000.0
2017-03-10,SBUX,47.5,47.98,48.03,47.17,47.97,17844247,982891388.6029,47.41,1.22,1457306880,1457306000.0,80428771079.12,80428750000.0
2017-03-09,SBUX,47.97,48.33,48.5,47.8,48.37,13061633,730507144.1806,48.14,0.9,1457306880,1457306000.0,81230294235.04,81230250000.0
2017-03-08,SBUX,48.37,48.7,48.84,48.22,48.78,10890313,612598554.4402,48.41,0.75,1457306880,1457306000.0,81900642284.08,81900630000.0
2017-03-07,SBUX,48.78,48.87,48.9,48.48,49.14,9159984,518705207.7631,48.74,0.63,1457306880,1457306000.0,82600143757.25,82600130000.0
2017-03-04,SBUX,49.14,48.8,49.28,48.8,49.16,7738063,441375290.9169,49.09,0.53,1457306880,1457306000.0,83212233049.15,83212190000.0
2017-03-03,SBUX,49.16,49.12,49.22,48.93,49.18,6595418,376128127.6874,49.08,0.45,1457306880,1457306000.0,83241363156.37,83241310000.0
2017-03-02,SBUX,49.18,49.29,49.4,49.01,48.95,7197973,411589489.4948,49.21,0.49,1457306880,1457306000.0,83270515123.2,83270440000.0
2017-03-01,SBUX,48.95,48.81,49.11,48.67,48.87,8750656,497480061.4949,48.93,0.6,1457306880,1457306000.0,82877036436.37,82877000000.0
2017-02-28,SBUX,48.87,49.27,49.32,48.77,49.47,7702399,437855926.7213,48.93,0.53,1457306880,1457306000.0,82745883189.09,82745880000.0
2017-02-25,SBUX,49.47,49.58,49.67,49.18,49.61,7806192,447893489.6892,49.38,0.54,1457306880,1457306000.0,83765993633.17,83765940000.0
2017-02-24,SBUX,49.61,49.57,49.74,49.39,49.55,7178629,413621066.9232,49.59,0.49,1457306880,1457306000.0,83999168563.2,83999130000.0
2017-02-23,SBUX,49.55,49.51,49.79,49.36,49.52,7876598,453145361.6392,49.52,0.54,1457306880,1457306000.0,83897168740.06,83897130000.0
2017-02-22,SBUX,49.52,49.41,49.76,49.4,49.36,8289184,477131233.4688,49.54,0.57,1457306880,1457306000.0,83853429131.36,83853380000.0
2017-02-18,SBUX,49.36,48.89,49.55,48.81,48.83,11008368,629723805.9255,49.23,0.76,1457306880,1457306000.0,83576559769.15,83576500000.0
2017-02-17,SBUX,48.83,49.02,49.05,48.65,48.94,8524520,483924162.4729,48.86,0.58,1457306880,1457306000.0,82673013473.17,82673000000.0
2017-02-16,SBUX,48.94,48.68,48.96,48.46,48.7,6967180,394890677.1973,48.78,0.48,1457306880,1457306000.0,82862470654.11,82862440000.0
2017-02-15,SBUX,48.7,48.22,48.72,48.22,48.29,8865945,499929395.7458,48.53,0.61,1457306880,1457306000.0,82454426185.01,82454380000.0
2017-02-14,SBUX,48.29,48.63,48.77,48.22,48.39,8027938,451586829.8057,48.41,0.55,1457306880,1457306000.0,81769490494.11,81769440000.0
2017-02-11,SBUX,48.39,47.97,48.54,47.82,48.03,11178950,627910520.8026,48.34,0.77,1457306880,1457306000.0,81929795708.21,81929750000.0
2017-02-10,SBUX,48.03,47.54,48.3,47.52,47.53,11106758,619883735.6547,48.04,0.76,1457306880,1457306000.0,81332294058.19,81332250000.0
2017-02-09,SBUX,47.53,47.5,47.76,47.42,47.54,11681938,645460952.1202,47.55,0.8,1457306880,1457306000.0,80472488828.21,80472440000.0
2017-02-08,SBUX,47.54,48.02,48.06,47.49,47.75,9910496,549722379.0277,47.74,0.68,1457306880,1457306000.0,80501640795.04,80501630000.0
2017-02-07,SBUX,47.75,47.13,47.77,47.04,47.18,13029829,723298863.6787,47.56,0.89,1457306880,1457306000.0,81215706593.17,81215690000.0
2017-02-04,SBUX,47.18,46.45,47.21,46.28,46.16,14161692,773851469.3246,46.82,0.97,1457306880,1457306000.0,80239313898.19,80239250000.0
2017-02-03,SBUX,46.16,46.3,46.6,46.14,46.18,15289649,827396420.0224,46.37,1.05,1457306880,1457306000.0,78505115796.37,78505060000.0
2017-02-02,SBUX,46.18,47.54,47.55,46.11,47.31,18796872,1022822504.2252,46.62,1.29,1457306880,1457306000.0,78548832088.16,78548810000.0
2017-02-01,SBUX,47.31,47.81,47.87,47.02,47.9,14307985,790670754.7199,47.35,0.98,1457306880,1457306000.0,80472488828.21,80472440000.0
2017-01-31,SBUX,47.9,47.98,48.19,47.62,48.08,13322012,743712057.4417,47.83,0.91,1457306880,1457306000.0,81463445848.16,81463380000.0
2017-01-28,SBUX,48.08,47.77,48.49,47.68,50.09,28884899,1622031474.4601,48.11,1.98,1457306880,1457306000.0,81784056276.37,81784000000.0
2017-01-27,SBUX,50.09,50.3,50.55,49.92,50.3,12382415,725295018.0414,50.19,0.85,1457306880,1457306000.0,85194170405.95,85194130000.0
2017-01-26,SBUX,50.3,50.27,50.49,50.08,50.07,7124547,417870405.4252,50.25,0.49,1457306880,1457306000.0,85543909484.08,85543880000.0
2017-01-25,SBUX,50.07,49.64,50.12,49.49,49.49,10704102,623049436.9937,49.87,0.73,1457306880,1457306000.0,85165018439.12,85165000000.0
2017-01-24,SBUX,49.49,49.2,49.61,48.97,49.4,6814367,393099741.7641,49.43,0.47,1457306880,1457306000.0,84174038102.27,84174000000.0
2017-01-21,SBUX,49.4,49.82,49.87,49.19,49.6,7651563,441318403.3884,49.42,0.53,1457306880,1457306000.0,84028320530.03,84028250000.0
2017-01-20,SBUX,49.6,49.96,50.08,49.45,50.08,7850481,455904084.053,49.76,0.54,1457306880,1457306000.0,84363495283.2,84363440000.0
2017-01-19,SBUX,50.08,49.97,50.19,49.72,49.7,7375727,430105975.8143,49.96,0.51,1457306880,1457306000.0,85179582764.08,85179500000.0
2017-01-18,SBUX,49.7,49.37,49.91,49.19,49.57,5734664,332363927.1827,49.66,0.39,1457306880,1457306000.0,84523799040.0,84523750000.0
2017-01-14,SBUX,49.57,49.72,49.78,49.4,49.72,4745840,274516461.1323,49.56,0.33,1457306880,1457306000.0,84305213209.15,84305130000.0
2017-01-13,SBUX,49.72,49.7,49.81,49.39,49.78,4733016,274033585.0058,49.61,0.32,1457306880,1457306000.0,84567516789.09,84567440000.0
2017-01-12,SBUX,49.78,49.52,49.8,49.34,49.59,6027961,349182908.4672,49.63,0.41,1455400960,1455400000.0,84558805963.81,84558750000.0
2017-01-11,SBUX,49.59,49.88,49.92,49.55,49.87,6672024,386903379.2378,49.69,0.46,1455400960,1455400000.0,84238614841.8,84238560000.0
2017-01-10,SBUX,49.87,49.06,49.98,49.05,48.95,12640516,734274997.1266,49.77,0.87,1455400960,1455400000.0,84704331505.8,84704250000.0
2017-01-07,SBUX,48.95,48.52,49.07,48.05,48.38,8587813,488828655.6869,48.77,0.59,1455400960,1455400000.0,83147064121.8,83147000000.0
2017-01-06,SBUX,48.38,48.05,48.44,47.82,47.97,7602320,427606142.1667,48.19,0.52,1455400960,1455400000.0,82171948389.41,82171940000.0
2017-01-05,SBUX,47.97,47.6,48.15,47.45,47.42,7796289,436470608.6693,47.97,0.54,1455400960,1455400000.0,81487908482.81,81487810000.0
2017-01-04,SBUX,47.42,47.9,47.94,47.16,47.57,7809309,432110893.9887,47.41,0.54,1455400960,1455400000.0,80556453323.81,80556440000.0
2016-12-31,SBUX,47.57,48.22,48.37,47.47,48.26,8344508,464563835.6065,47.7,0.57,1455400960,1455400000.0,80803868576.2,80803810000.0
2016-12-30,SBUX,48.26,48.28,48.38,48.1,48.28,3781721,212942643.6295,48.25,0.26,1455400960,1455400000.0,81968193710.41,81968130000.0
2016-12-29,SBUX,48.28,48.67,48.75,48.2,48.72,5548727,313100826.0849,48.35,0.38,1455400960,1455400000.0,82011854283.81,82011810000.0
2016-12-28,SBUX,48.72,48.83,49.17,48.68,48.85,4186156,238566945.7343,48.83,0.29,1455400960,1455400000.0,82754100041.0,82754060000.0
2016-12-24,SBUX,48.85,49.09,49.15,48.74,48.93,4298477,245069533.4365,48.85,0.3,1455400960,1455400000.0,82972401452.6,82972380000.0
2016-12-23,SBUX,48.93,49.1,49.18,48.6,49.22,6777656,386625998.2835,48.88,0.47,1455400960,1455400000.0,83117950281.0,83117880000.0
2016-12-22,SBUX,49.22,49.27,49.58,49.19,49.44,5380535,309815488.2059,49.34,0.37,1455400960,1455400000.0,83598235508.6,83598190000.0
2016-12-21,SBUX,49.44,49.53,49.75,49.11,49.4,4888285,282504250.6602,49.52,0.34,1455400960,1455400000.0,83976631025.8,83976560000.0
2016-12-20,SBUX,49.4,49.22,49.68,49.22,49.4,6433824,371051484.8604,49.41,0.44,1455400960,1455400000.0,83903856611.59,83903810000.0
2016-12-17,SBUX,49.4,49.7,49.76,49.32,49.45,10611461,613071917.2133,49.5,0.73,1455400960,1455400000.0,83918425175.2,83918380000.0
2016-12-16,SBUX,49.45,49.67,49.88,49.28,50.34,11837758,684602499.1339,49.55,0.81,1455400960,1455400000.0,83991199589.41,83991130000.0
2016-12-15,SBUX,50.34,50.58,50.77,50.21,50.82,9022867,530701568.4629,50.4,0.62,1455400960,1455400000.0,85504806400.0,85504750000.0
2016-12-14,SBUX,50.82,50.54,51.01,50.26,50.36,8878078,526393656.173,50.8,0.61,1455400960,1455400000.0,86319828026.8,86319750000.0
2016-12-13,SBUX,50.36,50.16,50.37,49.99,50.34,7736199,453096843.9288,50.18,0.53,1455400960,1455400000.0,85533921696.2,85533880000.0
2016-12-10,SBUX,50.34,50.48,50.51,50.06,50.25,7091578,416023920.1305,50.26,0.49,1455400960,1455400000.0,85504806400.0,85504750000.0
2016-12-09,SBUX,50.25,50.55,50.77,50.05,50.35,7972496,469135093.3157,50.42,0.55,1455400960,1455400000.0,85359257571.59,85359190000.0
2016-12-08,SBUX,50.35,49.3,50.42,49.22,49.22,9094813,530323939.2541,49.96,0.62,1455400960,1455400000.0,85519353132.6,85519310000.0
2016-12-07,SBUX,49.22,49.4,49.44,48.96,49.27,7035676,403844326.7761,49.18,0.48,1455400960,1455400000.0,83598235508.6,83598190000.0
2016-12-06,SBUX,49.27,48.8,49.56,48.8,49.02,7701168,443180624.3249,49.31,0.53,1455400960,1455400000.0,83685555200.0,83685500000.0
2016-12-03,SBUX,49.02,48.54,49.48,48.47,50.13,16869958,964234620.4999,48.97,1.16,1455400960,1455400000.0,83263499109.41,83263440000.0
2016-12-02,SBUX,50.13,49.13,50.14,49.01,49.67,12381606,720418804.8492,49.85,0.85,1455400960,1455400000.0,85155502892.6,85155440000.0
2016-12-01,SBUX,49.67,49.86,49.91,49.58,49.84,9527961,553077231.7036,49.74,0.65,1455400960,1455400000.0,79307420768.28,84369560000.0
2016-11-30,SBUX,49.84,49.39,49.88,49.27,49.34,10582852,613184202.5876,49.64,0.73,1455400960,1455400000.0,79581032044.53,84660630000.0
2016-11-29,SBUX,49.34,48.84,49.58,48.63,49.21,8750926,503915991.8164,49.34,0.6,1455400960,1455400000.0,78787544704.99,83816500000.0
2016-11-26,SBUX,49.21,49.44,49.44,49.06,49.34,3228848,185455035.8354,49.21,0.22,1455400960,1455400000.0,78568646928.29,83583630000.0
2016-11-24,SBUX,49.34,48.76,49.39,48.75,48.94,8183629,470219022.3456,49.23,0.56,1455400960,1455400000.0,78787544704.99,83816500000.0
2016-11-23,SBUX,48.94,48.26,48.97,47.88,48.07,10268719,582699507.0643,48.62,0.71,1455400960,1455400000.0,78144547192.78,83132440000.0
2016-11-22,SBUX,48.07,47.56,48.12,47.56,47.78,8004000,447746961.6,47.93,0.55,1455400960,1455400000.0,76749123801.18,81647940000.0
2016-11-19,SBUX,47.78,47.74,48.08,47.48,47.85,8740953,487614902.2365,47.8,0.6,1455400960,1455400000.0,76297655687.23,81167690000.0
2016-11-18,SBUX,47.85,47.31,47.9,47.18,47.5,8744504,486399961.9665,47.66,0.6,1455400960,1455400000.0,76407104575.58,81284130000.0
2016-11-17,SBUX,47.5,46.55,47.57,46.49,46.77,10779157,594921109.6501,47.29,0.74,1455400960,1455400000.0,75846187573.29,80687380000.0
2016-11-16,SBUX,46.77,46.35,46.86,46.18,46.24,9588035,521739597.7974,46.62,0.66,1455400960,1455400000.0,74683313997.79,79450310000.0
2016-11-15,SBUX,46.24,45.99,46.46,45.63,45.99,10489825,568540165.0993,46.22,0.72,1455400960,1455400000.0,74177132384.28,78911810000.0
2016-11-12,SBUX,45.99,45.57,46.05,45.42,45.69,8436434,452882912.0826,45.78,0.58,1455400960,1455400000.0,73780377769.89,78489690000.0
2016-11-11,SBUX,45.69,46.6,46.75,45.64,46.55,13621700,734622340.2666,46.0,0.93,1466600960,1466600000.0,73851875650.41,78565750000.0
2016-11-10,SBUX,46.55,45.37,46.75,45.03,46.58,13727778,744817013.8125,46.27,0.94,1466600960,1466600000.0,75244258330.2,80047060000.0
2016-11-09,SBUX,46.58,46.4,46.73,46.15,46.47,9351992,510170746.6712,46.53,0.64,1466600960,1466600000.0,75299394254.67,80105690000.0
2016-11-08,SBUX,46.47,45.63,46.63,45.36,44.99,14916848,808442369.7326,46.22,1.02,1466600960,1466600000.0,75120189403.41,79915060000.0
2016-11-05,SBUX,44.99,43.86,45.83,43.36,44.15,21956848,1163111238.5374,45.18,1.5,1466600960,1466600000.0,72721408601.6,77363190000.0
2016-11-04,SBUX,44.15,45.19,45.2,43.79,45.18,21847293,1134907818.117,44.3,1.49,1466600960,1466600000.0,71370382690.27,75925880000.0
2016-11-03,SBUX,45.18,44.64,45.59,44.61,44.78,10851657,574623528.4198,45.16,0.74,1466600960,1466600000.0,73038482214.73,77700500000.0
2016-11-02,SBUX,44.78,45.32,45.38,44.42,45.26,15425821,808822057.0672,44.72,1.05,1466600960,1466600000.0,72376757376.0,76996500000.0
2016-11-01,SBUX,45.26,45.8,45.8,45.25,45.65,9142508,486823072.734,45.41,0.62,1466600960,1466600000.0,73162573199.21,77832500000.0
2016-10-29,SBUX,45.65,45.76,45.92,45.3,45.71,6620332,354398288.5576,45.66,0.45,1466600960,1466600000.0,73796719046.87,78507130000.0
2016-10-28,SBUX,45.71,45.71,45.91,45.31,45.74,7899957,423023800.6529,45.67,0.54,1466600960,1466600000.0,73879432583.8,78595060000.0
2016-10-27,SBUX,45.74,45.71,45.92,45.5,45.77,5817797,311983983.4558,45.74,0.4,1466600960,1466600000.0,73934587808.74,78653750000.0
2016-10-26,SBUX,45.77,46.14,46.2,45.63,46.21,6052828,324710634.3293,45.75,0.41,1466600960,1466600000.0,73989723733.2,78712440000.0
2016-10-25,SBUX,46.21,45.97,46.45,45.96,45.74,6919715,374841688.1201,46.2,0.47,1466600960,1466600000.0,74692803961.8,79460380000.0
2016-10-22,SBUX,45.74,45.56,45.8,45.42,45.71,6767203,362072415.7776,45.63,0.46,1466600960,1466600000.0,73934587808.74,78653750000.0
2016-10-21,SBUX,45.71,45.51,45.83,45.13,45.33,9286801,496789014.9401,45.62,0.63,1466600960,1466600000.0,73879432583.8,78595060000.0
2016-10-20,SBUX,45.33,45.13,45.83,45.12,44.87,9095262,484700191.254,45.45,0.62,1466600960,1466600000.0,73272842290.93,77949810000.0
2016-10-19,SBUX,44.87,45.41,45.47,44.85,45.0,6550399,346460395.9565,45.11,0.45,1466600960,1466600000.0,72528405293.87,77157810000.0
2016-10-18,SBUX,45.0,45.15,45.33,44.94,45.27,5223527,275860749.9965,45.04,0.36,1466600960,1466600000.0,72735187757.6,77377810000.0
2016-10-15,SBUX,45.27,45.3,45.52,45.17,45.16,6430137,341942474.8298,45.35,0.44,1466600960,1466600000.0,73176350976.6,77847130000.0
2016-10-14,SBUX,45.16,45.1,45.31,44.92,45.34,6958129,368050901.4354,45.11,0.47,1466600960,1466600000.0,72997125446.27,77656500000.0
2016-10-13,SBUX,45.34,45.21,45.6,45.01,45.13,6320461,336055144.3752,45.35,0.43,1466600960,1466600000.0,73286642126.0,77964440000.0
2016-10-12,SBUX,45.13,45.31,45.54,44.98,45.46,9720406,515005617.533,45.19,0.66,1466600960,1466600000.0,72955770056.4,77612440000.0
2016-10-11,SBUX,45.46,45.65,45.71,45.43,45.59,7224336,385862622.264,45.55,0.49,1466600960,1466600000.0,73479646812.34,78169810000.0
2016-10-08,SBUX,45.59,45.52,45.72,45.2,45.32,7279723,388119894.9693,45.47,0.5,1466600960,1466600000.0,73700227732.54,78404440000.0
2016-10-07,SBUX,45.32,45.46,45.61,45.23,45.5,6130270,326692528.1498,45.45,0.42,1466600960,1466600000.0,73259064513.54,77935130000.0
2016-10-06,SBUX,45.5,45.63,45.85,45.44,45.65,7451914,398488083.1248,45.61,0.51,1466600960,1466600000.0,73548581193.27,78243130000.0
2016-10-05,SBUX,45.65,46.17,46.17,45.55,45.92,6176359,331458036.2558,45.77,0.42,1466600960,1466600000.0,73796719046.87,78507130000.0
2016-10-04,SBUX,45.92,46.14,46.18,45.77,46.17,5479035,294937555.336,45.91,0.37,1466600960,1466600000.0,74224083809.4,78961750000.0
2016-10-01,SBUX,46.17,45.76,46.38,45.68,45.59,13767754,745299437.1743,46.17,0.94,1466600960,1466600000.0,74637669415.94,79401690000.0
2016-09-30,SBUX,45.59,45.95,46.05,45.13,46.04,11993516,641343649.3002,45.61,0.82,1466600960,1466600000.0,73686427897.47,78389750000.0
2016-09-29,SBUX,46.04,45.95,46.12,45.65,46.22,8593496,462468457.2726,45.9,0.59,1466600960,1466600000.0,74417087117.13,79167060000.0
2016-09-28,SBUX,46.22,46.05,46.23,45.9,46.09,6463746,349444296.6825,46.11,0.44,1466600960,1466600000.0,74706603796.87,79475060000.0
2016-09-27,SBUX,46.09,46.29,46.34,45.94,46.42,7755629,419114974.4785,46.09,0.53,1466600960,1466600000.0,74499800654.07,79255060000.0
2016-09-24,SBUX,46.42,46.05,46.53,46.05,46.39,6945149,377867464.9769,46.4,0.47,1466600960,1466600000.0,75037455187.4,79827060000.0
2016-09-23,SBUX,46.39,46.23,46.57,46.02,46.04,9096711,494186993.9215,46.33,0.62,1466600960,1466600000.0,74982320641.54,79768380000.0
2016-09-22,SBUX,46.04,45.57,46.08,45.44,45.46,9213637,494142167.8383,45.74,0.63,1466600960,1466600000.0,74417087117.13,79167060000.0
2016-09-21,SBUX,45.46,45.54,45.57,45.24,45.21,8731500,464951449.461,45.41,0.6,1466600960,1466600000.0,73479646812.34,78169810000.0
2016-09-20,SBUX,45.21,46.02,46.03,45.12,45.83,9231629,490837387.0006,45.35,0.63,1466600960,1466600000.0,73079838983.2,77744440000.0
2016-09-17,SBUX,45.83,46.0,46.13,45.55,46.15,10207750,548403182.1345,45.82,0.7,1466600960,1466600000.0,74086235726.61,78815060000.0
2016-09-16,SBUX,46.15,46.02,46.17,45.66,45.97,8080426,435479182.2193,45.96,0.55,1466600960,1466600000.0,74596312647.47,79357690000.0
2016-09-15,SBUX,45.97,46.28,46.35,45.88,46.04,6707852,362483581.7488,46.09,0.46,1466600960,1466600000.0,74306795967.73,79049750000.0
2016-09-14,SBUX,46.04,46.39,46.52,45.84,46.66,10050215,542844262.7878,46.07,0.69,1466600960,1466600000.0,74417087117.13,79167060000.0
2016-09-13,SBUX,46.66,45.99,46.73,45.99,46.35,11002543,598091701.9695,46.36,0.75,1466600960,1466600000.0,75423483860.54,80237690000.0
2016-09-10,SBUX,46.35,47.03,47.08,46.31,47.16,10658122,582479157.0464,46.61,0.73,1466600960,1466600000.0,74927186095.67,79709750000.0
2016-09-09,SBUX,47.16,47.85,47.89,47.08,48.03,12673625,704073097.975,47.38,0.86,1466600960,1466600000.0,76236856617.14,81103000000.0
2016-09-08,SBUX,48.03,47.92,48.27,47.86,47.78,11428645,644141289.49,48.07,0.78,1466600960,1466600000.0,77643039132.01,82598940000.0
2016-09-07,SBUX,47.78,47.91,48.12,47.5,47.91,6472906,362589506.5845,47.77,0.44,1466600960,1466600000.0,77229453525.47,82158940000.0
2016-09-03,SBUX,47.91,48.2,48.31,47.75,48.02,7441465,418406073.2954,47.95,0.51,1466600960,1466600000.0,77450013766.6,82393560000.0
2016-09-02,SBUX,48.02,48.02,48.24,47.62,47.96,6230149,349974838.3746,47.91,0.42,1466600960,1466600000.0,77629239296.93,82584250000.0
2016-09-01,SBUX,47.96,48.02,48.12,47.68,48.1,6996895,392901556.7553,47.89,0.48,1466600960,1466600000.0,77518948147.53,82466940000.0
2016-08-31,SBUX,48.1,48.32,48.4,47.77,48.44,6377668,359210064.4191,48.04,0.43,1466600960,1466600000.0,77753308223.73,82716250000.0
2016-08-30,SBUX,48.44,48.8,49.02,48.28,48.86,7026699,399611878.4528,48.5,0.48,1466600960,1466600000.0,78304763970.74,83302880000.0
2016-08-27,SBUX,48.86,49.02,49.32,48.61,48.86,6940512,397959192.7796,48.9,0.47,1466600960,1466600000.0,78980266586.87,84021500000.0
2016-08-26,SBUX,48.86,48.65,49.0,48.53,48.69,6686590,382775857.2136,48.82,0.46,1466600960,1466600000.0,78980266586.87,84021500000.0
2016-08-25,SBUX,48.69,48.61,49.45,48.57,48.1,13200461,757344834.7709,48.93,0.9,1466600960,1466600000.0,78704549742.2,83728190000.0
2016-08-24,SBUX,48.1,47.91,48.22,47.76,47.63,7827871,440862532.2601,48.03,0.53,1466600960,1466600000.0,77753308223.73,82716250000.0
2016-08-23,SBUX,47.63,46.89,47.69,46.86,46.86,8837809,491004779.4423,47.38,0.6,1466600960,1466600000.0,76995093449.27,81909630000.0
2016-08-20,SBUX,46.86,47.3,47.39,46.78,47.36,8981215,494852399.7426,46.99,0.61,1466600960,1466600000.0,75740557473.67,80575000000.0
2016-08-19,SBUX,47.36,47.57,47.68,47.33,47.59,5390988,299702279.4726,47.41,0.37,1466600960,1466600000.0,76553928851.67,81440310000.0
2016-08-18,SBUX,47.59,47.56,47.69,47.27,47.22,7410633,412531382.885,47.48,0.51,1466600960,1466600000.0,76926159068.34,81836310000.0
2016-08-17,SBUX,47.22,47.12,47.39,46.84,47.12,5751180,318430787.8779,47.22,0.39,1466600960,1466600000.0,76333347931.47,81205630000.0
2016-08-16,SBUX,47.12,47.46,47.5,47.06,47.31,5968727,330592848.8063,47.24,0.41,1466600960,1466600000.0,76167920857.6,81029690000.0
2016-08-13,SBUX,47.31,47.14,47.54,47.1,47.31,5039758,279827996.9293,47.35,0.34,1466600960,1466600000.0,76471216693.34,81352310000.0
2016-08-12,SBUX,47.31,47.55,47.73,47.3,47.44,6191410,344324153.5691,47.43,0.42,1466600960,1466600000.0,76471216693.34,81352310000.0
2016-08-11,SBUX,47.44,47.22,47.51,47.0,47.08,6991078,387685336.7354,47.3,0.48,1466600960,1466600000.0,76677999157.07,81572310000.0
2016-08-10,SBUX,47.08,47.24,47.51,47.06,47.21,7136684,395569251.805,47.27,0.49,1466600960,1466600000.0,76098986476.67,80956310000.0
2016-08-09,SBUX,47.21,47.73,47.75,47.05,47.68,9129309,505407611.6438,47.22,0.62,1466600960,1466600000.0,76319568775.47,81190940000.0
2016-08-06,SBUX,47.68,47.59,47.86,47.35,47.27,9206195,514548001.8115,47.67,0.63,1466600960,1466600000.0,77064005772.53,81982940000.0
2016-08-05,SBUX,47.27,47.8,48.01,47.23,47.71,11193747,622513318.4435,47.43,0.76,1466600960,1466600000.0,76402282312.4,81279000000.0
2016-08-04,SBUX,47.71,48.15,48.26,47.52,48.38,11484793,642641963.0831,47.72,0.78,1466600960,1466600000.0,77119162376.07,82041630000.0
2016-08-03,SBUX,48.38,48.83,48.9,48.22,48.98,7574621,430114249.0156,48.43,0.52,1466600960,1466600000.0,78208250598.73,83200190000.0
2016-08-02,SBUX,48.98,49.29,49.34,48.81,49.34,7997574,460925733.8714,48.98,0.55,1466600960,1466600000.0,79449007418.34,84520130000.0
2016-07-30,SBUX,49.34,49.45,49.66,49.23,49.47,6914906,401547906.8443,49.35,0.47,1466600960,1466600000.0,80028020098.74,85136130000.0
2016-07-29,SBUX,49.47,49.19,49.56,49.07,49.17,6830059,396691930.3782,49.36,0.47,1466600960,1466600000.0,80248601018.94,85370810000.0
2016-07-28,SBUX,49.17,49.62,49.63,49.01,49.56,6551777,379649964.5304,49.25,0.45,1466600960,1466600000.0,79752303254.07,84842810000.0
2016-07-27,SBUX,49.56,49.79,50.01,49.46,49.25,10106665,590606234.8178,49.67,0.69,1466600960,1466600000.0,80386449101.73,85517440000.0
2016-07-26,SBUX,49.25,49.06,49.37,48.87,49.21,10486020,607282098.298,49.22,0.71,1466600960,1466600000.0,79890149958.27,84989500000.0
2016-07-23,SBUX,49.21,48.95,49.5,48.61,48.95,23899274,1378890313.9708,49.04,1.63,1466600960,1466600000.0,79821215577.33,84916130000.0
2016-07-22,SBUX,48.95,48.97,49.01,48.48,48.9,16151700,927855484.4685,48.82,1.1,1466600960,1466600000.0,79407652028.47,84476190000.0
2016-07-21,SBUX,48.9,48.44,49.01,48.19,48.24,9446395,540900530.468,48.67,0.64,1466600960,1466600000.0,79324917812.47,84388190000.0
2016-07-20,SBUX,48.24,48.32,48.56,48.06,48.38,8719774,494628308.1726,48.21,0.6,1464900960,1464900000.0,78158904895.19,83147690000.0
2016-07-19,SBUX,48.38,48.95,48.95,48.32,48.79,7614637,434820109.0799,48.53,0.52,1464900960,1464900000.0,78379231507.6,83382130000.0
2016-07-16,SBUX,48.79,49.03,49.07,48.55,48.95,8494000,487233736.858,48.75,0.58,1464900960,1464900000.0,79053971774.81,84099880000.0
2016-07-15,SBUX,48.95,48.44,49.02,48.42,48.0,11353598,651740815.5858,48.79,0.78,1464900960,1464900000.0,79301823378.2,84363630000.0
2016-07-14,SBUX,48.0,48.27,48.67,47.89,48.85,12183637,689384234.7254,48.09,0.83,1464900960,1464900000.0,77773344339.52,82737500000.0
2016-07-13,SBUX,48.85,48.15,48.95,48.02,47.87,10998485,628791097.388,48.59,0.75,1464900960,1464900000.0,79150351241.92,84202440000.0
2016-07-12,SBUX,47.87,48.27,48.38,47.65,48.03,10394368,586210101.4761,47.93,0.71,1464900960,1464900000.0,77553039759.22,82503190000.0
2016-07-09,SBUX,48.03,48.38,48.44,47.9,48.37,12655500,716417831.844,48.11,0.86,1464900960,1464900000.0,77814653169.59,82781500000.0
2016-07-08,SBUX,48.37,48.16,48.44,47.99,48.23,6813348,386428577.3205,48.2,0.47,1464900960,1464900000.0,78365468323.61,83367440000.0
2016-07-07,SBUX,48.23,48.04,48.54,47.87,48.25,8474188,480228861.2332,48.16,0.58,1464900960,1464900000.0,78145141711.2,83133060000.0
2016-07-06,SBUX,48.25,48.28,48.41,48.06,48.44,7274207,412832342.4503,48.23,0.5,1464900960,1464900000.0,78172688734.28,83162380000.0
2016-07-02,SBUX,48.44,48.48,48.75,48.31,48.55,8330309,475565620.0652,48.52,0.57,1464900960,1464900000.0,78475631629.82,83484690000.0
2016-07-01,SBUX,48.55,48.28,48.61,48.03,48.22,10215192,581434376.2952,48.38,0.7,1464900960,1464900000.0,78654628757.06,83675060000.0
2016-06-30,SBUX,48.22,47.1,48.4,47.05,46.62,11103786,627197363.3138,48.01,0.76,1464900960,1464900000.0,78131379904.22,83118440000.0
2016-06-29,SBUX,46.62,45.98,46.66,45.85,45.63,8416949,459009105.5728,46.35,0.57,1464900960,1464900000.0,75528838235.69,80349750000.0
2016-06-28,SBUX,45.63,46.06,46.3,45.39,46.47,11650797,626706786.4425,45.72,0.8,1464900960,1464900000.0,73931504720.88,78650500000.0
2016-06-25,SBUX,46.47,45.94,47.23,45.9,47.71,14654672,804298342.4822,46.65,1.0,1464900960,1464900000.0,75294727784.18,80100750000.0
2016-06-24,SBUX,47.71,47.58,47.76,47.51,47.26,5569430,312065187.874,47.62,0.38,1464900960,1464900000.0,77291404316.75,82224810000.0
2016-06-23,SBUX,47.26,47.49,47.58,47.16,47.43,7215410,401707078.1271,47.32,0.49,1464900960,1464900000.0,76575355219.47,81463130000.0
2016-06-22,SBUX,47.43,47.19,47.62,47.13,47.07,7445109,415391667.0351,47.42,0.51,1464900960,1464900000.0,76850752468.93,81756060000.0
2016-06-21,SBUX,47.07,47.4,47.83,47.07,47.01,7286680,406370842.3466,47.4,0.5,1464900960,1464900000.0,76258649139.95,81126190000.0
2016-06-18,SBUX,47.01,47.26,47.27,46.78,47.2,9503016,525930223.0141,47.04,0.65,1464900960,1464900000.0,76162249017.73,81023630000.0
2016-06-17,SBUX,47.2,46.66,47.25,46.24,47.04,7968031,438311863.513,46.75,0.54,1464900960,1464900000.0,76465191913.27,81345940000.0
2016-06-16,SBUX,47.04,47.29,47.67,46.97,47.23,7447317,414855764.9645,47.34,0.51,1464900960,1464900000.0,76217341686.89,81082190000.0
2016-06-15,SBUX,47.23,46.79,47.24,46.75,46.78,8036516,444918458.6992,47.05,0.55,1464900960,1464900000.0,76520284582.42,81404500000.0
2016-06-14,SBUX,46.78,46.57,47.25,46.54,46.63,7928723,437883501.9102,46.94,0.54,1464900960,1464900000.0,75790451646.05,80628060000.0
2016-06-11,SBUX,46.63,46.68,46.91,46.32,47.24,8118652,444989867.8722,46.58,0.55,1464900960,1464900000.0,75549491962.22,80371750000.0
2016-06-10,SBUX,47.24,46.87,47.26,46.8,46.93,5927856,328773138.398,47.14,0.4,1464900960,1464900000.0,76534046389.41,81419130000.0
2016-06-09,SBUX,46.93,47.17,47.17,46.66,47.0,7623852,420250302.8142,46.85,0.52,1464900960,1464900000.0,76038323904.54,80891810000.0
2016-06-08,SBUX,47.0,47.3,47.68,46.98,47.25,7173070,398940294.4826,47.27,0.49,1464900960,1464900000.0,76148487210.75,81009000000.0
2016-06-07,SBUX,47.25,46.51,47.48,46.48,46.41,9900918,548778201.7878,47.11,0.68,1464900960,1464900000.0,76547809573.4,81433750000.0
2016-06-04,SBUX,46.41,46.5,46.81,46.23,46.42,6649223,363902007.6047,46.51,0.45,1464900960,1464900000.0,75198348317.07,79998190000.0
2016-06-03,SBUX,46.42,46.66,46.74,46.28,46.59,8307488,453830634.2382,46.43,0.57,1464900960,1464900000.0,75212111501.06,80012810000.0
2016-06-02,SBUX,46.59,46.54,47.16,46.51,46.65,8761578,481700159.627,46.73,0.6,1464900960,1464900000.0,75487529405.62,80305810000.0
2016-06-01,SBUX,46.65,47.17,47.17,46.49,46.87,12043977,661614173.2484,46.69,0.82,1464900960,1464900000.0,74779824735.79,80408380000.0
2016-05-28,SBUX,46.87,47.05,47.21,46.83,46.99,6631121,366697675.7395,47.0,0.45,1464900960,1464900000.0,75134029613.77,80789250000.0
2016-05-27,SBUX,46.99,47.21,47.48,46.7,46.87,9451707,522353341.5636,46.97,0.65,1464900960,1464900000.0,75324759718.76,80994310000.0
2016-05-26,SBUX,46.87,46.91,47.14,46.7,47.12,8126059,448677097.2614,46.93,0.55,1464900960,1464900000.0,75134029613.77,80789250000.0
2016-05-25,SBUX,47.12,46.52,47.27,46.47,46.4,7748695,428456395.5709,46.99,0.53,1464900960,1464900000.0,75529125663.91,81214060000.0
2016-05-24,SBUX,46.4,46.42,46.59,46.14,46.42,7352055,401431003.4098,46.41,0.5,1464900960,1464900000.0,74384750483.39,79983560000.0
2016-05-21,SBUX,46.42,46.64,47.06,46.39,46.36,8430781,462607078.838,46.64,0.58,1464900960,1464900000.0,74411982655.3,80012810000.0
2016-05-20,SBUX,46.36,46.26,46.42,46.06,46.57,7582848,412501683.8692,46.23,0.52,1464900960,1464900000.0,74316628501.67,79910310000.0
2016-05-19,SBUX,46.57,46.54,46.89,46.22,46.64,7468496,409045799.1405,46.55,0.51,1464900960,1464900000.0,74657217974.87,80276500000.0
2016-05-18,SBUX,46.64,47.07,47.29,46.33,47.2,10530020,578770945.218,46.71,0.72,1464900960,1464900000.0,74766207968.65,80393690000.0
2016-05-17,SBUX,47.2,47.34,47.4,46.91,47.44,9536192,529615309.5808,47.2,0.65,1464900960,1464900000.0,75651732424.83,81345940000.0
2016-05-14,SBUX,47.44,47.96,48.1,47.37,47.85,5466039,306263826.8459,47.62,0.37,1464900960,1464900000.0,76046828474.96,81770690000.0
2016-05-13,SBUX,47.85,48.08,48.27,47.44,47.79,6870281,386235573.3045,47.78,0.47,1464900960,1464900000.0,76700754814.07,82473880000.0
2016-05-12,SBUX,47.79,48.56,48.78,47.67,48.86,8118922,458509608.5746,48.0,0.55,1464900960,1464900000.0,76605378862.71,82371310000.0
2016-05-11,SBUX,48.86,48.32,48.95,48.2,48.14,7931184,455249914.0129,48.78,0.54,1464900960,1464900000.0,78321963431.22,84217130000.0
2016-05-10,SBUX,48.14,47.87,48.39,47.79,47.86,5976231,338924598.1426,48.2,0.41,1464900960,1464900000.0,77163951048.19,82971940000.0
2016-05-07,SBUX,47.86,47.56,47.87,47.07,47.81,6378692,356507628.2207,47.5,0.44,1464900960,1464900000.0,76714370218.85,82488560000.0
2016-05-06,SBUX,47.81,47.91,48.25,47.6,47.93,6215367,350465289.923,47.92,0.42,1464900960,1464900000.0,76632631470.0,82400630000.0
2016-05-05,SBUX,47.93,47.58,48.15,47.42,47.81,6508508,366919722.3777,47.91,0.44,1464900960,1464900000.0,76823361574.99,82605750000.0
2016-05-04,SBUX,47.81,48.19,48.49,47.71,48.58,7854262,442776111.0082,47.91,0.54,1464900960,1464900000.0,76632631470.0,82400630000.0
2016-05-03,SBUX,48.58,47.67,48.59,47.52,47.62,8616188,491112333.4935,48.27,0.59,1464900960,1464900000.0,78144850093.37,84026690000.0
2016-04-30,SBUX,47.62,47.45,47.79,46.83,47.78,12133364,678036695.5815,47.33,0.83,1464900960,1464900000.0,76605378862.71,82371310000.0
2016-04-29,SBUX,47.78,47.93,48.58,47.7,48.19,9196559,521936865.2237,48.07,0.63,1464900960,1464900000.0,76864230949.42,82649690000.0
2016-04-28,SBUX,48.19,48.71,48.83,47.95,48.89,12390766,706252684.4332,48.27,0.85,1464900960,1464900000.0,77518155926.17,83352810000.0
2016-04-27,SBUX,48.89,49.16,49.69,48.75,48.93,8839067,512141773.5222,49.07,0.6,1464900960,1464900000.0,78635300297.13,84554000000.0
2016-04-26,SBUX,48.93,48.8,49.09,48.77,48.85,8428039,486700735.8483,48.91,0.58,1464900960,1464900000.0,78703422278.85,84627310000.0
2016-04-23,SBUX,48.85,49.98,50.05,48.3,51.36,29836692,1719100832.1475,48.8,2.04,1464900960,1464900000.0,78580793720.2,84495440000.0
2016-04-22,SBUX,51.36,51.58,51.75,51.22,51.58,12799083,777101367.1837,51.42,0.87,1464900960,1464900000.0,82613382619.39,88831560000.0
2016-04-21,SBUX,51.58,51.7,52.03,51.54,51.58,5558770,339775919.5522,51.77,0.38,1464900960,1464900000.0,82967587497.37,89212380000.0
2016-04-20,SBUX,51.58,51.8,51.88,51.22,51.57,7283570,442895653.6407,51.5,0.49,1478100960,1478100000.0,83715195823.72,90016310000.0
2016-04-19,SBUX,51.57,51.4,51.72,51.12,51.25,7228574,439667185.1461,51.51,0.49,1478100960,1478100000.0,83701457732.59,90001500000.0
2016-04-16,SBUX,51.25,51.02,51.35,50.82,50.93,5965309,360549211.4425,51.19,0.4,1478100960,1478100000.0,83179089980.16,89439810000.0
2016-04-15,SBUX,50.93,51.04,51.16,50.74,50.99,5157367,310335291.4365,50.96,0.35,1478100960,1478100000.0,82656742847.23,88878190000.0
2016-04-14,SBUX,50.99,51.09,51.73,50.6,50.39,9898527,596491225.6288,51.04,0.67,1478100960,1478100000.0,82766716307.93,88996440000.0
2016-04-13,SBUX,50.39,49.93,50.55,49.44,51.58,17565750,1039230048.2648,50.11,1.19,1478100960,1478100000.0,81790716621.6,87946940000.0
2016-04-12,SBUX,51.58,51.85,52.09,51.48,51.7,6103359,373203887.1605,51.79,0.41,1478100960,1478100000.0,83715195823.72,90016310000.0
2016-04-09,SBUX,51.7,52.09,52.21,51.41,51.81,5064895,309339996.7882,51.73,0.34,1478100960,1478100000.0,83907644568.71,90223190000.0
2016-04-08,SBUX,51.81,51.32,52.12,51.27,51.52,8239176,503432562.5089,51.75,0.56,1478100960,1478100000.0,84086353847.94,90415380000.0
2016-04-07,SBUX,51.52,50.83,51.59,50.74,50.85,5667254,343533607.5579,51.34,0.38,1478100960,1478100000.0,83618982448.29,89912810000.0
2016-04-06,SBUX,50.85,50.71,51.01,50.34,51.03,4994793,299364431.8773,50.76,0.34,1478100960,1478100000.0,82533010675.91,88745130000.0
2016-04-05,SBUX,51.03,51.75,51.82,50.88,51.68,5799863,350534445.7391,51.19,0.39,1478100960,1478100000.0,82821692041.2,89055500000.0
2016-04-02,SBUX,51.68,50.49,51.81,50.32,50.56,9401125,570677383.9819,51.41,0.64,1478100960,1478100000.0,83880167011.83,90193690000.0
2016-04-01,SBUX,50.56,50.62,50.99,50.55,50.82,5622836,336737062.4034,50.72,0.38,1478100960,1478100000.0,82948065505.04,88242560000.0
2016-03-31,SBUX,50.82,50.82,51.04,50.4,50.44,5723500,343063201.688,50.77,0.39,1478100960,1478100000.0,83378781345.95,88700750000.0
2016-03-30,SBUX,50.44,49.82,50.59,49.82,49.94,6031945,358603991.9977,50.35,0.41,1478100960,1478100000.0,82739662995.58,88020880000.0
2016-03-29,SBUX,49.94,49.6,50.37,49.46,49.43,5791602,342321364.1542,50.06,0.39,1478100960,1478100000.0,81919912371.41,87148810000.0
2016-03-25,SBUX,49.43,49.72,49.79,49.36,49.83,5948309,347632900.7089,49.5,0.4,1478100960,1478100000.0,81086255093.48,86261940000.0
2016-03-24,SBUX,49.83,50.09,50.3,49.71,50.29,5794496,341934947.3088,49.98,0.39,1478100960,1478100000.0,81739281487.02,86956630000.0
2016-03-23,SBUX,50.29,49.97,50.44,49.61,50.05,8246836,488637370.2667,50.18,0.56,1478100960,1478100000.0,82503463851.59,87769560000.0
2016-03-22,SBUX,50.05,50.44,50.7,49.98,50.56,6487184,384240436.3744,50.16,0.44,1478100960,1478100000.0,82114430457.74,87355750000.0
2016-03-19,SBUX,50.56,50.74,51.2,50.33,50.44,14313579,858465517.2996,50.8,0.97,1478100960,1478100000.0,82948065505.04,88242560000.0
2016-03-18,SBUX,50.44,50.37,50.8,50.28,50.54,7734656,461728024.576,50.56,0.52,1478100960,1478100000.0,82739662995.58,88020880000.0
2016-03-17,SBUX,50.54,49.67,50.66,49.67,50.04,8069426,478742929.9363,50.25,0.55,1478100960,1478100000.0,82906385836.79,88198250000.0
2016-03-16,SBUX,50.04,49.39,50.1,49.27,49.67,7428469,437070345.9607,49.83,0.5,1478100960,1478100000.0,82086635212.62,87326190000.0
2016-03-15,SBUX,49.67,48.77,49.78,48.7,48.78,9053250,528851066.913,49.47,0.61,1478100960,1478100000.0,81489175689.27,86690560000.0
2016-03-12,SBUX,48.78,49.21,49.21,47.91,48.72,15497559,887997655.165,48.53,1.05,1478100960,1478100000.0,80016400060.97,85123750000.0
2016-03-11,SBUX,48.72,48.71,49.0,48.21,48.33,7023785,403477093.9826,48.65,0.48,1478100960,1478100000.0,79919152133.12,85020310000.0
2016-03-10,SBUX,48.33,48.94,49.1,48.1,48.78,9734590,557028854.0824,48.46,0.66,1478100960,1478100000.0,79293919595.29,84355190000.0
2016-03-09,SBUX,48.78,48.77,49.32,48.5,49.12,8127426,469795261.7665,48.96,0.55,1478100960,1478100000.0,80030308104.14,85138560000.0
2016-03-08,SBUX,49.12,49.5,49.69,48.54,49.72,9204625,532297020.5125,48.98,0.62,1478100960,1478100000.0,80586064339.2,85729810000.0
2016-03-05,SBUX,49.72,50.09,50.13,49.32,50.0,8344773,489421779.2721,49.67,0.56,1478100960,1478100000.0,81558650602.64,86764500000.0
2016-03-04,SBUX,50.0,50.07,50.14,49.29,50.44,8262453,484743228.5697,49.69,0.56,1478100960,1478100000.0,82031047501.21,87267000000.0
2016-03-03,SBUX,50.44,50.67,50.82,49.83,50.85,8856391,525555104.5085,50.26,0.6,1478100960,1478100000.0,82753548808.11,88035630000.0
2016-03-02,SBUX,50.85,49.77,50.99,49.55,49.3,9183563,547968473.7749,50.54,0.62,1478100960,1478100000.0,83420462403.61,88745130000.0
2016-03-01,SBUX,49.3,49.33,50.1,49.21,49.41,7645082,447790823.872,49.61,0.52,1478100960,1478100000.0,80017448522.33,86040190000.0
2016-02-27,SBUX,49.41,49.97,50.15,49.05,49.76,7473375,437216389.6669,49.55,0.51,1478100960,1478100000.0,80196137182.05,86232380000.0
2016-02-26,SBUX,49.76,49.51,49.76,49.12,49.22,6262129,365717758.1041,49.46,0.42,1478100960,1478100000.0,80759741202.0,86838380000.0
2016-02-25,SBUX,49.22,48.45,49.42,47.67,49.51,10780883,619014594.6983,48.63,0.73,1478100960,1478100000.0,79879976885.24,85892380000.0
2016-02-24,SBUX,49.51,49.5,49.88,49.12,49.86,7064094,412981755.7092,49.51,0.48,1478100960,1478100000.0,80361106995.53,86409750000.0
2016-02-23,SBUX,49.86,49.66,49.93,49.27,48.84,8390688,492843841.056,49.75,0.57,1478100960,1478100000.0,80924691770.6,87015750000.0
2016-02-20,SBUX,48.84,48.21,49.0,47.87,48.24,9033621,518529791.1983,48.61,0.61,1478100960,1478100000.0,79275135223.14,85242000000.0
2016-02-19,SBUX,48.24,48.76,48.76,48.0,48.81,8493953,485373379.3421,48.4,0.57,1478100960,1478100000.0,78299156156.33,84192560000.0
2016-02-18,SBUX,48.81,48.02,48.83,47.56,47.78,11955188,681970548.7532,48.31,0.81,1478100960,1478100000.0,79220158115.23,85182940000.0
2016-02-17,SBUX,47.78,48.1,48.15,47.41,47.31,11594766,653512340.8177,47.74,0.78,1478100960,1478100000.0,77543103391.38,83379630000.0
2016-02-13,SBUX,47.31,47.06,47.46,46.62,46.51,8680203,483048080.148,47.13,0.59,1478100960,1478100000.0,76787050626.44,82566690000.0
2016-02-12,SBUX,46.51,45.64,46.91,45.35,46.7,12106063,659923236.6191,46.17,0.82,1478100960,1478100000.0,75494892017.94,81177250000.0
2016-02-11,SBUX,46.7,46.82,47.73,46.59,46.09,11663942,649458706.4602,47.16,0.79,1478100960,1478100000.0,75797312848.99,81502440000.0
2016-02-10,SBUX,46.09,45.05,46.83,45.03,45.85,11605059,630053809.3171,45.98,0.79,1478100960,1478100000.0,74807575071.54,80438190000.0
2016-02-09,SBUX,45.85,44.96,46.13,44.57,46.15,21457493,1145774336.7182,45.22,1.45,1478100960,1478100000.0,74422678956.19,80024310000.0
2016-02-06,SBUX,46.15,49.21,49.29,45.95,49.37,24529008,1359068959.1818,46.93,1.66,1478100960,1478100000.0,74903809066.48,80541690000.0
2016-02-05,SBUX,49.37,50.32,50.35,49.11,50.42,13944926,813827387.412,49.43,0.94,1478100960,1478100000.0,80127401363.51,86158440000.0
2016-02-04,SBUX,50.42,51.56,51.77,49.55,51.41,12254461,727085429.9171,50.25,0.83,1478100960,1478100000.0,81831954263.75,87991310000.0
2016-02-03,SBUX,51.41,51.38,51.58,50.97,51.83,9407352,569792040.6323,51.3,0.64,1478100960,1478100000.0,83433415120.57,89713310000.0
2016-02-02,SBUX,51.83,51.21,52.16,50.88,51.3,9529094,583265295.0329,51.67,0.64,1478100960,1478100000.0,84402512770.12,90755310000.0
2016-01-30,SBUX,51.3,50.47,51.39,50.35,50.05,13224438,800578343.0831,51.1,0.89,1478100960,1478100000.0,83536508538.63,89824130000.0
2016-01-29,SBUX,50.05,49.21,50.16,48.96,48.65,11832368,695227276.161,49.6,0.8,1478100960,1478100000.0,81495175833.18,87629190000.0
2016-01-28,SBUX,48.65,49.7,49.77,48.33,49.48,12491254,723785801.9711,48.91,0.85,1478100960,1478100000.0,79220158115.23,85182940000.0
2016-01-27,SBUX,49.48,48.9,49.69,48.79,48.72,8898102,520417045.2064,49.37,0.6,1478100960,1478100000.0,80567293831.64,86631440000.0
2016-01-26,SBUX,48.72,50.11,50.13,48.63,49.95,13554262,791850924.3294,49.32,0.92,1478100960,1478100000.0,79330131575.93,85301190000.0
2016-01-23,SBUX,49.95,48.58,50.14,48.46,49.83,32820192,1922095114.9263,49.44,2.22,1478100960,1478100000.0,81337086062.34,87459190000.0
2016-01-22,SBUX,49.83,48.83,50.13,48.68,48.05,20888520,1224921612.468,49.5,1.41,1478100960,1478100000.0,81144637317.35,87252250000.0
2016-01-21,SBUX,48.05,48.6,48.93,46.38,49.43,22786360,1279843737.9696,47.42,1.54,1478100960,1478100000.0,78244159803.54,84133440000.0
2016-01-20,SBUX,49.43,49.53,50.14,49.06,48.96,12288950,721442533.5148,49.56,0.83,1480936960,1480936000.0,80639244386.53,86708810000.0
2016-01-16,SBUX,48.96,48.18,49.29,47.91,49.79,15246129,879849561.2436,48.72,1.03,1480936960,1480936000.0,79881739622.4,85894250000.0
2016-01-15,SBUX,49.79,48.55,50.17,48.05,48.85,11444106,668873743.4907,49.34,0.77,1480936960,1480936000.0,81231460058.66,87345630000.0
2016-01-14,SBUX,48.85,50.48,50.65,48.79,50.2,11303602,663279596.8352,49.54,0.76,1484800960,1484800000.0,79910645822.88,85925380000.0
2016-01-13,SBUX,50.2,49.29,50.25,49.11,48.81,12375825,731742941.9858,49.91,0.83,1484800960,1484800000.0,82106236191.94,88286190000.0
2016-01-12,SBUX,48.81,48.12,49.06,47.93,47.81,10757313,617305233.0977,48.44,0.72,1484800960,1484800000.0,79841619148.62,85851130000.0
2016-01-09,SBUX,47.81,48.46,48.73,47.72,47.86,10427020,595892681.5699,48.24,0.7,1484800960,1484800000.0,78198385783.59,84084250000.0
2016-01-08,SBUX,47.86,48.02,48.89,47.41,49.07,11140879,636661049.6994,48.24,0.75,1484800960,1484800000.0,78281234915.43,84173310000.0
2016-01-07,SBUX,49.07,48.71,49.41,48.66,49.51,8266320,481132095.7133,49.13,0.56,1484800960,1484800000.0,80269683122.79,86311440000.0
2016-01-06,SBUX,49.51,49.63,49.63,48.95,49.18,9617777,562285981.8353,49.35,0.65,1484800960,1484800000.0,80987717677.53,87083500000.0
2016-01-05,SBUX,49.18,49.61,49.66,48.62,50.68,13521543,786156126.2138,49.08,0.91,1484800960,1484800000.0,80449181750.2,86504440000.0
2016-01-01,SBUX,50.68,51.2,51.33,50.67,51.34,4960875,299476117.65,50.96,0.33,1484800960,1484800000.0,82893318133.92,89132560000.0
2015-12-31,SBUX,51.34,51.68,51.83,51.28,51.6,3973912,242315618.6157,51.48,0.27,1484800960,1484800000.0,83984213827.02,90305560000.0
2015-12-30,SBUX,51.6,51.04,51.77,50.95,50.81,5477336,334302624.4795,51.52,0.37,1484800960,1484800000.0,84412277801.19,90765880000.0
2015-12-29,SBUX,50.81,50.67,50.93,50.3,50.92,4437234,266467429.6339,50.7,0.3,1484800960,1484800000.0,83114262040.23,89370130000.0
2015-12-25,SBUX,50.92,50.96,51.08,50.79,50.94,2215418,133669254.4141,50.93,0.15,1484800960,1484800000.0,83293781380.62,89563130000.0
2015-12-24,SBUX,50.94,50.87,50.96,50.62,50.64,4510231,271486165.7368,50.81,0.3,1484800960,1484800000.0,83321383488.96,89592810000.0
2015-12-23,SBUX,50.64,50.6,50.71,50.04,50.26,6501426,388530444.9065,50.45,0.44,1484800960,1484800000.0,82838093204.26,89073190000.0
2015-12-22,SBUX,50.26,49.71,50.33,49.52,49.49,7187469,426303908.8248,50.07,0.48,1484800960,1484800000.0,82216687432.12,88405000000.0
2015-12-19,SBUX,49.49,49.98,50.23,49.19,50.24,18099461,1063006683.7754,49.58,1.22,1484800960,1484800000.0,80946294492.48,87039000000.0
2015-12-18,SBUX,50.24,51.21,51.35,50.2,50.95,9079430,545089990.1276,50.68,0.61,1484800960,1484800000.0,82182174094.99,88367880000.0
2015-12-17,SBUX,50.95,50.92,51.07,50.24,50.63,9281836,558722884.0071,50.82,0.63,1484800960,1484800000.0,83335205946.53,89607690000.0
2015-12-16,SBUX,50.63,51.12,51.22,50.63,50.58,7842074,472878646.2989,50.9,0.53,1484800960,1484800000.0,82824270746.68,89058310000.0
2015-12-15,SBUX,50.58,50.68,50.77,49.48,50.5,13453719,801206583.0483,50.27,0.91,1484800960,1484800000.0,82741422995.71,88969250000.0
2015-12-12,SBUX,50.5,51.38,51.66,50.31,52.23,11489254,691062612.0799,50.78,0.77,1484800960,1484800000.0,82603348934.22,88820750000.0
2015-12-11,SBUX,52.23,51.6,52.46,51.5,51.65,6623895,408747975.0495,52.09,0.45,1484800960,1484800000.0,85434105394.08,91864560000.0
2015-12-10,SBUX,51.65,52.09,52.79,51.34,52.47,8541574,524591008.5572,51.85,0.58,1484800960,1484800000.0,84481304475.45,90840060000.0
2015-12-09,SBUX,52.47,52.08,52.7,51.93,52.25,6664945,413884380.0818,52.42,0.45,1484800960,1484800000.0,85834567259.91,92295190000.0
2015-12-08,SBUX,52.25,52.13,52.3,51.87,52.13,5967809,368170817.2362,52.08,0.4,1484800960,1484800000.0,85461728215.39,91894250000.0
2015-12-05,SBUX,52.13,50.53,52.23,50.31,50.27,9100590,556901513.5606,51.66,0.61,1484800960,1484800000.0,85268407130.4,91686380000.0
2015-12-04,SBUX,50.27,51.81,51.87,49.93,51.68,12056102,722999674.7797,50.63,0.81,1484800960,1484800000.0,82230509889.7,88419880000.0
2015-12-03,SBUX,51.68,52.03,52.09,51.59,51.81,6587453,404445253.7988,51.83,0.44,1484800960,1484800000.0,84536551498.95,90899440000.0
2015-12-02,SBUX,51.81,51.56,52.07,51.08,51.82,10910840,668166759.5028,51.7,0.73,1484800960,1484800000.0,84743672947.68,91122190000.0
2015-12-01,SBUX,51.82,52.42,52.58,51.66,52.49,9863770,607222538.8655,51.97,0.66,1484800960,1484800000.0,84771295768.99,91151880000.0
2015-11-28,SBUX,52.49,52.5,52.66,52.28,52.5,2447902,152131716.5719,52.46,0.16,1484800960,1484800000.0,85862169368.25,92324880000.0
2015-11-26,SBUX,52.5,52.38,52.76,52.34,52.31,4549914,283334551.4144,52.57,0.31,1484800960,1484800000.0,85875991825.83,92339750000.0
2015-11-25,SBUX,52.31,52.39,52.65,51.68,52.88,7908223,489852730.7106,52.29,0.53,1484800960,1484800000.0,85558398423.94,91998190000.0
2015-11-24,SBUX,52.88,52.46,53.34,52.42,52.33,8493484,532808142.1976,52.96,0.57,1484800960,1484800000.0,86497376884.99,93007880000.0
2015-11-21,SBUX,52.33,52.31,52.47,51.98,51.88,8302477,514636517.3768,52.33,0.56,1484800960,1484800000.0,85599822989.86,92042810000.0
2015-11-20,SBUX,51.88,52.17,52.28,51.82,52.17,5154367,317351268.1067,51.98,0.35,1484800960,1484800000.0,84867965977.54,91255810000.0
2015-11-19,SBUX,52.17,51.21,52.23,50.93,51.12,7215254,441401778.4633,51.64,0.49,1484800960,1484800000.0,85337455898.5,91760630000.0
2015-11-18,SBUX,51.12,51.45,51.97,51.02,51.22,6695250,407675098.1595,51.4,0.45,1484800960,1484800000.0,83611374782.5,89904690000.0
2015-11-17,SBUX,51.22,50.23,51.23,50.23,50.43,8096602,487341785.6116,50.81,0.55,1484800960,1484800000.0,83790872029.05,90097690000.0
2015-11-14,SBUX,50.43,51.4,51.79,50.32,51.55,8821594,530644408.793,50.78,0.59,1484800960,1484800000.0,82492876981.06,88701940000.0
2015-11-13,SBUX,51.55,51.78,52.04,51.28,52.23,6793777,415367483.4827,51.61,0.46,1484800960,1484800000.0,84329430050.22,90676750000.0
2015-11-12,SBUX,52.23,52.8,52.82,52.18,52.49,4437317,275429173.8626,52.4,0.3,1484800960,1484800000.0,85434105394.08,91864560000.0
2015-11-11,SBUX,52.49,51.95,52.61,51.67,51.78,6689039,414018102.3502,52.25,0.45,1484800960,1484800000.0,85862169368.25,92324880000.0
2015-11-10,SBUX,51.78,52.13,52.31,51.38,52.15,6838324,418520438.9212,51.67,0.46,1484800960,1484800000.0,84702248381.76,91077630000.0
2015-11-07,SBUX,52.15,52.21,52.37,51.84,52.41,6616305,409227091.9117,52.05,0.45,1484800960,1484800000.0,85572200168.55,92013060000.0
2015-11-06,SBUX,52.41,52.31,52.56,52.18,52.14,6144981,382318602.0334,52.35,0.41,1484200960,1484200000.0,85965511903.28,92436000000.0
2015-11-05,SBUX,52.14,53.04,53.04,51.62,52.84,9085090,562942184.4523,52.14,0.61,1484200960,1484200000.0,85523824740.04,91961060000.0
2015-11-04,SBUX,52.84,52.17,52.99,51.88,52.37,8847719,552186992.171,52.52,0.6,1484200960,1484200000.0,86683278389.07,93207750000.0
2015-11-03,SBUX,52.37,53.02,53.1,52.27,52.65,8547238,533408379.326,52.51,0.58,1484200960,1484200000.0,85910309289.71,92376630000.0
2015-10-31,SBUX,52.65,53.59,53.85,52.39,52.59,16822301,1059275161.4523,52.99,1.13,1484200960,1484200000.0,86365813324.95,92866380000.0
2015-10-30,SBUX,52.59,53.37,53.43,51.93,53.44,14839094,926882516.6032,52.56,1.0,1484200960,1484200000.0,86269180800.0,92762500000.0
2015-10-29,SBUX,53.44,53.1,53.45,52.52,52.77,9627262,607151971.4476,53.07,0.65,1484200960,1484200000.0,87663283860.19,94261560000.0
2015-10-28,SBUX,52.77,53.32,53.36,52.33,53.37,8973242,562407830.8627,52.74,0.6,1484200960,1484200000.0,86559054909.64,93074190000.0
2015-10-27,SBUX,53.37,53.0,53.72,52.99,52.68,9751715,619195812.3012,53.43,0.66,1484200960,1484200000.0,87552856548.16,94142810000.0
2015-10-24,SBUX,52.68,52.26,52.84,51.85,51.74,8205992,510303620.1483,52.33,0.55,1484200960,1484200000.0,86421015938.51,92925750000.0
2015-10-23,SBUX,51.74,51.3,51.93,50.63,50.93,9182031,561869659.8355,51.49,0.62,1484200960,1484200000.0,84875079120.11,91263500000.0
2015-10-22,SBUX,50.93,51.39,51.43,50.62,51.23,6063922,367370544.0785,50.98,0.41,1484200960,1484200000.0,83549974840.88,89838630000.0
2015-10-21,SBUX,51.23,51.51,51.63,50.96,51.3,6089098,370847958.5073,51.25,0.41,1484200960,1484200000.0,84033090535.2,90358130000.0
2015-10-20,SBUX,51.3,50.6,51.57,50.38,50.43,8117215,493670379.1744,51.18,0.55,1484200960,1484200000.0,84157314014.63,90491690000.0
2015-10-17,SBUX,50.43,50.45,50.73,50.03,50.23,12860813,770034709.3861,50.38,0.87,1484200960,1484200000.0,82721782423.36,88948060000.0
2015-10-16,SBUX,50.23,49.6,50.34,48.87,49.49,9745918,575148509.1356,49.66,0.66,1484200960,1484200000.0,82390522572.15,88591880000.0
2015-10-15,SBUX,49.49,50.49,50.63,49.17,50.62,8365606,494514335.7976,49.74,0.56,1484200960,1484200000.0,81189662476.95,87300690000.0
2015-10-14,SBUX,50.62,50.77,51.11,50.5,50.94,6262774,377738562.4815,50.75,0.42,1484200960,1484200000.0,83039268192.08,89289500000.0
2015-10-13,SBUX,50.94,50.78,51.24,50.52,50.55,6430301,389157334.6002,50.92,0.43,1484200960,1484200000.0,83563771008.27,89853500000.0
2015-10-10,SBUX,50.55,50.04,50.58,49.9,50.03,7969883,476503324.9546,50.31,0.54,1484200960,1484200000.0,82915046092.95,89155940000.0
2015-10-09,SBUX,50.03,49.46,50.24,49.13,49.46,6834836,403847911.116,49.72,0.46,1484200960,1484200000.0,82073057508.04,88250560000.0
2015-10-08,SBUX,49.46,49.33,49.5,48.72,49.39,8138313,475831649.4854,49.2,0.55,1484200960,1484200000.0,81134437778.48,87241310000.0
2015-10-07,SBUX,49.39,49.49,49.76,48.99,49.68,5642949,330817885.125,49.33,0.38,1484200960,1484200000.0,81010215679.35,87107690000.0
2015-10-06,SBUX,49.68,49.22,49.8,48.86,48.87,8198996,481741061.6716,49.44,0.55,1484200960,1484200000.0,81493310669.07,87627190000.0
2015-10-03,SBUX,48.87,47.95,48.88,47.58,48.37,9036766,519493810.8284,48.37,0.61,1484200960,1484200000.0,80168227094.44,86202310000.0
2015-10-02,SBUX,48.37,47.95,48.38,47.03,47.83,8497125,482974868.5807,47.83,0.57,1484200960,1484200000.0,79340034676.92,85311810000.0
2015-10-01,SBUX,47.83,47.46,47.88,46.79,46.89,9799609,552917400.0439,47.48,0.66,1484200960,1484200000.0,78456639645.83,84361940000.0
2015-09-30,SBUX,46.89,47.0,47.37,46.12,46.93,9392067,522836580.8048,46.84,0.63,1484200960,1484200000.0,76910702827.43,82699630000.0
2015-09-29,SBUX,46.93,48.81,49.17,46.8,48.8,11548114,652034266.5579,47.51,0.78,1484200960,1484200000.0,76979722312.99,82773880000.0
2015-09-26,SBUX,48.8,49.58,49.61,48.59,49.12,10627028,620040292.9957,49.1,0.72,1484200960,1484200000.0,80044004995.31,86068750000.0
2015-09-25,SBUX,49.12,48.28,49.26,48.11,48.63,10027329,581127905.9889,48.77,0.68,1484200960,1484200000.0,80568507811.51,86632750000.0
2015-09-24,SBUX,48.63,48.1,48.75,48.01,48.06,6829203,393221459.0226,48.45,0.46,1484200960,1484200000.0,79767927053.07,85771940000.0
2015-09-23,SBUX,48.06,47.84,48.17,47.71,48.42,8585094,489415596.1293,47.97,0.58,1484200960,1484200000.0,78843124195.51,84777500000.0
2015-09-22,SBUX,48.42,48.13,48.67,47.93,47.83,6220133,357106593.4773,48.31,0.42,1484200960,1484200000.0,79422850329.87,85400880000.0
2015-09-19,SBUX,47.83,47.53,48.49,47.36,48.2,16268036,925661090.5618,47.88,1.1,1484200960,1484200000.0,78456639645.83,84361940000.0
2015-09-18,SBUX,48.2,48.23,48.89,48.0,48.18,7525348,432821195.4322,48.4,0.51,1484200960,1484200000.0,79063977439.28,85015000000.0
2015-09-17,SBUX,48.18,47.82,48.26,47.3,47.89,6593363,375507200.7716,47.92,0.44,1484200960,1484200000.0,79036365780.19,84985310000.0
2015-09-16,SBUX,47.89,47.48,48.14,47.22,47.37,6741340,383113763.318,47.82,0.45,1484200960,1484200000.0,78553270790.48,84465810000.0
2015-09-15,SBUX,47.37,47.58,47.89,47.16,47.57,5464465,307951569.879,47.42,0.37,1484200960,1484200000.0,77697466713.87,83545630000.0
2015-09-12,SBUX,47.57,46.44,47.58,46.31,46.59,8363109,468378386.6622,47.13,0.56,1484200960,1484200000.0,78028747269.68,83901810000.0
2015-09-11,SBUX,46.59,45.72,46.86,45.72,46.02,8924777,493506289.6465,46.53,0.6,1484200960,1484200000.0,76427587133.11,82180130000.0
2015-09-10,SBUX,46.02,47.04,47.12,45.92,46.46,8406656,464471980.9546,46.49,0.57,1484200960,1484200000.0,75488988108.15,81170880000.0
2015-09-09,SBUX,46.46,46.54,46.66,45.88,45.67,8051711,442423805.6858,46.24,0.54,1484200960,1484200000.0,76206753213.64,81942690000.0
2015-09-05,SBUX,45.67,45.33,45.92,45.3,46.02,6994266,379226983.2574,45.62,0.47,1484200960,1484200000.0,74923056760.88,80562380000.0
2015-09-04,SBUX,46.02,46.89,46.92,45.84,46.5,7968867,438688463.228,46.32,0.54,1484200960,1484200000.0,75488988108.15,81170880000.0
2015-09-03,SBUX,46.5,45.86,46.52,45.23,45.02,9891070,540809078.9639,46.01,0.67,1484200960,1484200000.0,76275751994.59,82016880000.0
2015-09-02,SBUX,45.02,44.6,45.74,44.38,46.04,13424934,719741656.2129,45.11,0.9,1484200960,1484200000.0,73846418764.8,79404690000.0
2015-09-01,SBUX,46.04,46.44,46.68,45.86,46.81,7971203,437798404.7387,46.21,0.54,1484200960,1484200000.0,75516599767.24,81200560000.0
2015-08-29,SBUX,46.81,46.87,47.38,46.45,47.08,7584824,421883846.5952,46.8,0.51,1484200960,1484200000.0,76786479348.0,82566060000.0
2015-08-28,SBUX,47.08,46.08,47.3,45.78,45.41,15987922,887035461.2594,46.69,1.08,1484200960,1484200000.0,77228166511.24,83041000000.0
2015-08-27,SBUX,45.41,44.59,45.56,43.14,42.99,15517590,817612630.6867,44.34,1.05,1484200960,1484200000.0,74481369597.64,80087440000.0
2015-08-26,SBUX,42.99,44.56,45.11,42.96,42.36,19659004,1031262300.625,44.14,1.32,1484200960,1484200000.0,70519875012.23,75827810000.0
2015-08-25,SBUX,42.36,40.43,44.32,35.38,44.46,27158813,1367856278.3087,42.38,1.83,1484200960,1484200000.0,69484644842.63,74714630000.0
2015-08-22,SBUX,44.46,46.04,46.16,44.26,46.96,20211504,1080644381.4327,44.99,1.36,1484200960,1484200000.0,72935412074.63,78425130000.0
2015-08-21,SBUX,46.96,47.96,48.09,46.93,48.46,7470887,420636383.9411,47.38,0.5,1484200960,1484200000.0,77034924926.55,82833190000.0
2015-08-20,SBUX,48.46,48.45,48.87,48.06,48.66,6044192,347858396.3452,48.43,0.41,1484200960,1484200000.0,79491869815.43,85475060000.0
2015-08-19,SBUX,48.66,48.77,48.86,48.52,48.59,5575442,322514258.0882,48.67,0.38,1484200960,1484200000.0,79823150371.24,85831250000.0
2015-08-18,SBUX,48.59,47.96,48.6,47.74,48.05,5768363,331541895.3302,48.36,0.39,1484200960,1484200000.0,79698928272.11,85697690000.0
2015-08-15,SBUX,48.05,47.92,48.06,47.68,47.84,4803902,273644218.0592,47.93,0.32,1484200960,1484200000.0,78815533241.03,84747880000.0
2015-08-14,SBUX,47.84,47.56,48.17,47.55,47.44,6731473,383119073.0114,47.89,0.45,1484200960,1484200000.0,78470456517.83,84376810000.0
2015-08-13,SBUX,47.44,46.86,47.46,46.24,47.42,10075571,561879279.7936,46.93,0.68,1484200960,1484200000.0,77821709517.6,83679190000.0
2015-08-12,SBUX,47.42,46.94,47.49,46.48,47.35,8062555,451647391.6719,47.14,0.54,1484200960,1484200000.0,77780303071.43,83634690000.0
2015-08-11,SBUX,47.35,48.21,48.49,46.91,48.13,12029149,678031500.0225,47.43,0.81,1484200960,1484200000.0,77669875759.39,83515940000.0
2015-08-08,SBUX,48.13,48.24,48.27,47.55,48.16,7781996,443377611.2268,47.94,0.52,1484200960,1484200000.0,78953550127.24,84896250000.0
2015-08-07,SBUX,48.16,49.76,49.81,48.04,49.65,11064469,638023753.3098,48.52,0.75,1484200960,1484200000.0,78994957953.72,84940750000.0
2015-08-06,SBUX,49.65,49.77,49.92,49.5,49.39,7349063,434073096.9069,49.7,0.5,1484200960,1484200000.0,81451902842.59,87582630000.0
2015-08-05,SBUX,49.39,49.01,49.41,48.83,48.83,9113082,533288427.3318,49.24,0.61,1484200960,1484200000.0,81024010466.44,87122560000.0
2015-08-04,SBUX,48.83,49.19,49.48,48.7,48.61,7664004,446661188.0656,48.91,0.52,1484200960,1484200000.0,80320062232.95,86365630000.0
2015-08-01,SBUX,48.61,49.04,49.04,48.44,48.72,6519527,378296212.6472,48.69,0.44,1484200960,1484200000.0,79961168637.76,85979750000.0
2015-07-31,SBUX,48.72,48.08,48.8,47.84,48.26,7337949,423743043.9614,48.46,0.49,1484200960,1484200000.0,80140615435.35,86172630000.0
2015-07-30,SBUX,48.26,48.15,48.5,47.95,47.95,8470512,486948592.482,48.24,0.57,1484200960,1484200000.0,79381442503.39,85356380000.0
2015-07-29,SBUX,47.95,48.16,48.17,47.46,47.81,8689215,495233945.1854,47.83,0.59,1484200960,1484200000.0,78870735854.59,84807190000.0
2015-07-28,SBUX,47.81,48.01,48.23,47.71,48.07,8993524,513255953.8921,47.89,0.61,1484200960,1484200000.0,78649881230.52,84569690000.0
2015-07-25,SBUX,48.07,49.61,49.77,47.96,47.46,14559688,841338967.4015,48.49,0.98,1484200960,1484200000.0,79077773606.67,85029810000.0
2015-07-24,SBUX,47.46,47.81,47.83,47.13,47.57,12439231,703758188.8475,47.48,0.84,1484200960,1484200000.0,78070155096.15,83946310000.0
2015-07-23,SBUX,47.57,47.35,47.72,47.2,47.16,6876059,389078387.9897,47.48,0.46,1484200960,1484200000.0,78249601893.75,84139310000.0
2015-07-22,SBUX,47.16,47.31,47.39,46.81,47.17,6717453,376364126.6283,47.02,0.45,1500500960,1500500000.0,78425178988.96,84328060000.0
2015-07-21,SBUX,47.17,46.77,47.61,46.74,46.73,8029645,452533159.0996,47.29,0.54,1500500960,1500500000.0,78439147602.55,84343130000.0
2015-07-18,SBUX,46.73,46.91,46.91,46.46,46.77,8715430,484662412.8093,46.66,0.58,1500500960,1500500000.0,77713499756.43,83562810000.0
2015-07-17,SBUX,46.77,47.04,47.13,46.71,46.44,7305520,407801431.92,46.84,0.49,1500500960,1500500000.0,77783277237.47,83637880000.0
2015-07-16,SBUX,46.44,46.92,46.95,46.39,46.78,8212574,457068292.9224,46.7,0.55,1500500960,1500500000.0,77225078321.15,83037690000.0
2015-07-15,SBUX,46.78,46.96,47.04,46.59,46.74,7028024,391960650.3905,46.8,0.47,1500500960,1500500000.0,77797223523.6,83652880000.0
2015-07-14,SBUX,46.74,46.15,46.9,46.07,45.79,7477172,416050845.979,46.69,0.5,1500500960,1500500000.0,77727446042.56,83577880000.0
2015-07-11,SBUX,45.79,45.77,45.93,45.46,45.36,8087801,440715558.9724,45.73,0.54,1500500960,1500500000.0,76150584933.82,81882310000.0
2015-07-10,SBUX,45.36,45.37,45.73,45.21,44.8,7681012,416453701.8612,45.5,0.51,1500500960,1500500000.0,75424937087.7,81102060000.0
2015-07-09,SBUX,44.8,45.2,45.33,44.73,45.63,8139305,436357094.2855,44.99,0.54,1500500960,1500500000.0,74503924016.59,80111690000.0
2015-07-08,SBUX,45.63,45.56,45.77,44.78,45.57,9462258,511140825.4497,45.33,0.63,1500500960,1500500000.0,75878457921.0,81589690000.0
2015-07-07,SBUX,45.57,45.01,45.65,45.0,45.52,5396438,292213383.3649,45.44,0.36,1500500960,1500500000.0,75780765540.24,81484630000.0
2015-07-03,SBUX,45.52,45.34,45.9,45.27,45.22,5684668,308021990.3869,45.47,0.38,1500500960,1500500000.0,75690078398.27,81387130000.0
2015-07-02,SBUX,45.22,45.2,45.49,44.98,44.99,6107699,328832436.9995,45.18,0.41,1500500960,1500500000.0,75201656962.99,80861940000.0
2015-07-01,SBUX,44.99,45.44,45.57,44.59,44.94,9793969,524787332.1182,44.96,0.65,1500500960,1500500000.0,74817912215.27,80449310000.0
2015-06-30,SBUX,44.94,45.2,45.64,44.91,45.83,6534078,352804921.4447,45.31,0.44,1500500960,1500500000.0,74727204141.3,80351750000.0
2015-06-27,SBUX,45.83,45.7,45.94,45.57,45.37,6637184,362061042.0736,45.78,0.44,1500500960,1500500000.0,76220341482.87,81957310000.0
2015-06-26,SBUX,45.37,45.39,45.69,45.31,45.07,5389863,292184510.959,45.49,0.36,1500500960,1500500000.0,75452851987.42,81132060000.0
2015-06-25,SBUX,45.07,45.1,45.29,44.91,45.41,5524969,297232309.8868,45.14,0.37,1500500960,1500500000.0,74950482870.55,80591880000.0
2015-06-24,SBUX,45.41,45.35,45.46,45.08,45.23,5679984,306487989.0511,45.28,0.38,1500500960,1500500000.0,75515645161.67,81199560000.0
2015-06-23,SBUX,45.23,45.59,45.67,45.21,45.26,7100664,383688632.5377,45.34,0.47,1500500960,1500500000.0,75215603249.12,80876940000.0
2015-06-20,SBUX,45.26,45.38,45.68,45.18,45.41,10609715,574145766.9771,45.41,0.71,1500500960,1500500000.0,75257465830.44,80921940000.0
2015-06-19,SBUX,45.41,44.89,45.55,44.81,44.68,10712141,578629204.2449,45.33,0.71,1500500960,1500500000.0,75508660854.87,81192060000.0
2015-06-18,SBUX,44.68,44.55,44.87,44.24,44.45,6735293,358171425.0066,44.62,0.45,1500500960,1500500000.0,74294612505.47,79886630000.0
2015-06-17,SBUX,44.45,43.86,44.59,43.8,43.86,6106527,322576061.3631,44.33,0.41,1500500960,1500500000.0,73910846825.75,79473940000.0
2015-06-16,SBUX,43.86,43.83,44.02,43.64,44.16,5554965,290242516.1628,43.84,0.37,1500500960,1500500000.0,72941009193.99,78431190000.0
2015-06-13,SBUX,44.16,43.98,44.26,43.77,44.05,5236746,275552835.2649,44.16,0.35,1500500960,1500500000.0,73443376915.39,78971310000.0
2015-06-12,SBUX,44.05,44.32,44.47,44.0,44.21,6030168,317329130.6743,44.16,0.4,1500500960,1500500000.0,73248013085.87,78761250000.0
2015-06-11,SBUX,44.21,43.47,44.36,43.35,43.25,8003609,420740873.1384,44.11,0.53,1500500960,1500500000.0,73527102078.03,79061310000.0
2015-06-10,SBUX,43.25,43.09,43.38,42.88,43.24,5034039,259092931.0938,43.19,0.34,1500500960,1500500000.0,71922303742.12,77335750000.0
2015-06-09,SBUX,43.24,43.64,43.83,43.21,43.79,6320180,326867088.2005,43.4,0.42,1500500960,1500500000.0,71908356060.52,77320750000.0
2015-06-06,SBUX,43.79,43.27,44.0,43.02,43.4,7123246,371368984.1911,43.75,0.47,1500500960,1500500000.0,72829369131.63,78311130000.0
2015-06-05,SBUX,43.4,43.53,43.79,43.27,43.74,6230805,322870950.2001,43.48,0.42,1500500960,1500500000.0,72173498766.55,77605880000.0
2015-06-04,SBUX,43.74,43.64,43.86,43.36,43.41,5522703,287599718.1123,43.7,0.37,1500500960,1500500000.0,72731676750.87,78206060000.0
2015-06-03,SBUX,43.41,43.62,43.89,43.35,43.82,7877801,409337685.1255,43.6,0.53,1500500960,1500500000.0,72187445052.68,77620880000.0
2015-06-02,SBUX,43.82,43.6,44.02,43.36,43.6,7075082,369074525.0133,43.77,0.47,1500500960,1500500000.0,72871231712.95,78356130000.0
2015-05-30,SBUX,43.6,43.59,43.83,43.17,43.48,9399113,487896667.4953,43.56,0.63,1500500960,1500500000.0,72508417558.15,77966000000.0
2015-05-29,SBUX,43.48,43.5,43.59,43.17,43.29,5874383,303700925.0911,43.38,0.39,1500500960,1500500000.0,72299085115.04,77740880000.0
2015-05-28,SBUX,43.29,42.83,43.38,42.72,42.66,6213574,319839403.2161,43.19,0.41,1500500960,1500500000.0,71992081223.15,77410810000.0
2015-05-27,SBUX,42.66,43.12,43.45,42.51,43.2,7369922,375718594.0803,42.78,0.49,1500500960,1500500000.0,70945481803.55,76285440000.0
2015-05-23,SBUX,43.2,43.07,43.34,42.97,43.07,5857672,301483839.8881,43.19,0.39,1500500960,1500500000.0,71838578579.48,77245750000.0
2015-05-22,SBUX,43.07,42.75,43.17,42.61,42.82,5084043,260512987.828,43.0,0.34,1500500960,1500500000.0,71629267068.36,77020690000.0
2015-05-21,SBUX,42.82,43.06,43.17,42.32,43.15,5644660,287620822.3253,42.76,0.38,1500500960,1500500000.0,71210623114.12,76570500000.0
2015-05-20,SBUX,43.15,43.2,43.4,42.76,42.95,6976051,358568344.7231,43.13,0.46,1500500960,1500500000.0,71754854812.31,77155690000.0
2015-05-19,SBUX,42.95,42.5,43.04,42.43,42.63,8999762,458565728.1634,42.76,0.6,1500500960,1500500000.0,71419934625.24,76795560000.0
2015-05-16,SBUX,42.63,42.62,42.67,42.28,42.42,6016695,304748598.0641,42.5,0.4,1500500960,1500500000.0,70889672936.1,76225380000.0
2015-05-15,SBUX,42.42,41.94,42.45,41.68,41.61,7339742,369442273.058,42.24,0.49,1500500960,1500500000.0,70547768442.24,75857750000.0
2015-05-14,SBUX,41.61,41.83,42.08,41.47,41.71,4927094,244843555.3431,41.7,0.33,1500500960,1500500000.0,69201149437.55,74409810000.0
2015-05-13,SBUX,41.71,41.24,41.95,41.12,41.54,5868551,291510887.112,41.68,0.39,1500500960,1500500000.0,69368619299.35,74589880000.0
2015-05-12,SBUX,41.54,41.71,42.14,41.44,41.77,5047180,250784300.0287,41.7,0.34,1500500960,1500500000.0,69075561693.6,74274750000.0
2015-05-09,SBUX,41.77,41.95,42.32,41.5,41.41,6039840,301193521.0723,41.85,0.4,1500500960,1500500000.0,69466290748.12,74694880000.0
2015-05-08,SBUX,41.41,40.9,41.58,40.88,41.06,5681418,280013219.9016,41.36,0.38,1500500960,1500500000.0,68866251577.94,74049690000.0
2015-05-07,SBUX,41.06,41.69,41.71,40.76,41.46,8033488,393408744.1968,41.09,0.54,1500500960,1500500000.0,68280136366.44,73419440000.0
2015-05-06,SBUX,41.46,41.91,42.0,41.42,42.2,10691208,529404041.0728,41.55,0.71,1500500960,1500500000.0,68942991038.32,74132190000.0
2015-05-05,SBUX,42.2,42.08,42.6,42.05,42.07,7493422,379258557.9616,42.34,0.5,1500500960,1500500000.0,70394288126.02,75692750000.0
2015-05-02,SBUX,42.07,41.78,42.18,41.56,41.47,5916508,296227687.045,41.88,0.39,1500500960,1500500000.0,70177971376.12,75460130000.0
2015-05-01,SBUX,41.47,42.35,42.39,41.35,42.37,8492047,424177722.1739,41.78,0.57,1500500960,1500500000.0,69187201755.96,74394810000.0
2015-04-30,SBUX,42.37,42.18,42.62,41.99,42.33,7161992,362207016.736,42.3,0.48,1500500960,1500500000.0,70680339097.52,76000310000.0
2015-04-29,SBUX,42.33,42.33,42.49,41.81,42.55,8882902,448479067.8858,42.23,0.59,1500500960,1500500000.0,70624530230.07,75940310000.0
2015-04-28,SBUX,42.55,43.34,43.45,42.46,43.36,11222610,573863650.8608,42.77,0.75,1500500960,1500500000.0,70987344384.87,76330440000.0
2015-04-25,SBUX,43.36,42.93,43.57,42.34,41.35,22284883,1150457084.875,43.18,1.49,1500500960,1500500000.0,72340947696.35,77785940000.0
2015-04-24,SBUX,41.35,40.61,41.57,40.39,40.43,15866051,779865702.4705,41.12,1.06,1500500960,1500500000.0,68977869312.84,74169690000.0
2015-04-23,SBUX,40.43,40.57,40.65,40.13,40.46,7248117,349983324.0181,40.39,0.48,1500500960,1500500000.0,67449853696.75,72526630000.0
2015-04-22,SBUX,40.46,40.44,40.55,40.17,40.13,6213359,299920671.8709,40.38,0.41,1499600000,1499600000.0,67458150781.49,72535560000.0
2015-04-21,SBUX,40.13,40.07,40.25,39.9,39.83,4868426,233438563.2764,40.11,0.32,1499600000,1499600000.0,66900307949.26,71935750000.0
2015-04-18,SBUX,39.83,40.07,40.15,39.64,40.36,7539863,359321256.7999,39.86,0.5,1499600000,1499600000.0,66412179781.49,71410880000.0
2015-04-17,SBUX,40.36,40.34,40.55,40.29,40.27,5312500,256435942.1875,40.38,0.35,1499600000,1499600000.0,67283822281.49,72348130000.0
2015-04-16,SBUX,40.27,40.83,40.83,40.26,40.4,5162168,249410632.1638,40.41,0.34,1499600000,1499600000.0,67137391920.0,72190690000.0
2015-04-15,SBUX,40.4,40.59,40.75,40.13,40.57,5952426,287008737.5419,40.33,0.4,1499600000,1499600000.0,67360537978.51,72430630000.0
2015-04-14,SBUX,40.57,40.62,40.9,40.47,40.29,8171031,397608137.2079,40.7,0.54,1499600000,1499600000.0,67639458000.0,72730560000.0
2015-04-11,SBUX,40.29,40.65,40.65,40.05,40.12,6643106,319965871.4437,40.29,0.44,1499600000,1499600000.0,67179229365.37,72235690000.0
2015-04-10,SBUX,40.12,39.86,40.14,39.52,39.83,7109621,338737167.3637,39.85,0.47,1499600000,1499600000.0,66886368642.4,71920750000.0
2015-04-09,SBUX,39.83,39.25,39.85,39.25,39.34,3413944,323924244.8525,39.68,0.46,749800000,749800000.0,66405209430.74,71403440000.0
2015-04-08,SBUX,39.34,39.49,39.72,39.3,39.53,2677335,253043782.1195,39.53,0.36,749800000,749800000.0,65596333558.51,70533630000.0
2015-04-07,SBUX,39.53,39.25,39.65,39.08,39.48,3029447,286157010.3612,39.51,0.4,749800000,749800000.0,65910122766.57,70871060000.0
2015-04-03,SBUX,39.48,39.07,39.58,38.99,38.9,4431508,416945090.7365,39.35,0.59,749800000,749800000.0,65819468460.0,70773560000.0
2015-04-02,SBUX,38.9,39.43,39.52,38.71,39.61,7062676,657308437.8258,38.92,0.94,749800000,749800000.0,64864151766.57,69746310000.0
2015-04-01,SBUX,39.61,40.01,40.23,39.6,40.14,4358879,415054193.2138,39.83,0.58,749800000,749800000.0,66035633708.06,71006000000.0
2015-03-31,SBUX,40.14,40.17,40.36,39.94,39.76,3415135,327906895.2271,40.16,0.46,749800000,749800000.0,66928194930.74,71965750000.0
2015-03-28,SBUX,39.76,39.73,40.13,39.63,39.77,3996675,380702873.4608,39.84,0.53,749800000,749800000.0,66293647558.51,71283440000.0
2015-03-27,SBUX,39.77,39.88,40.05,39.17,40.05,5172152,490473136.3321,39.66,0.69,749800000,749800000.0,66300616514.63,71290940000.0
2015-03-26,SBUX,40.05,41.05,41.19,40.05,40.95,4953586,479317878.0005,40.47,0.66,749800000,749800000.0,66781765266.57,71808310000.0
2015-03-25,SBUX,40.95,40.62,41.13,40.47,40.72,3859244,377520876.8938,40.91,0.51,749800000,749800000.0,68277496126.12,73416560000.0
2015-03-24,SBUX,40.72,40.94,40.95,40.45,40.76,3992993,388894770.1189,40.73,0.53,749800000,749800000.0,67897461390.74,73008000000.0
2015-03-21,SBUX,40.76,41.19,41.36,40.57,40.89,8680305,849271475.5039,40.92,1.16,749800000,749800000.0,67960227321.2,73075500000.0
2015-03-20,SBUX,40.89,40.47,41.49,40.31,40.08,11010309,1077580064.8815,40.93,1.47,749800000,749800000.0,68169413153.43,73300380000.0
2015-03-19,SBUX,40.08,39.31,40.39,39.04,39.48,7714965,732843746.1385,39.73,1.03,749800000,749800000.0,66830571668.06,71860750000.0
2015-03-18,SBUX,39.48,39.21,39.52,39.15,39.33,2754398,259448313.3372,39.4,0.37,749800000,749800000.0,65815978403.43,70769810000.0
2015-03-17,SBUX,39.33,39.31,39.57,39.21,39.02,3386303,318846501.9831,39.38,0.45,749800000,749800000.0,65578894432.69,70514880000.0
2015-03-14,SBUX,39.02,38.76,39.47,38.76,39.06,2917626,271964762.8497,38.99,0.39,749800000,749800000.0,65052418876.12,69948810000.0
2015-03-13,SBUX,39.06,38.47,39.12,38.41,38.24,3647672,339028117.4757,38.87,0.49,749800000,749800000.0,65115184806.57,70016250000.0
2015-03-12,SBUX,38.24,38.53,38.89,38.15,38.55,4092947,376082100.9244,38.43,0.55,749800000,749800000.0,63748445182.69,68546630000.0
2015-03-11,SBUX,38.55,38.55,38.86,38.38,38.91,3038492,280522089.2176,38.61,0.41,749800000,749800000.0,64278399638.8,69116500000.0
2015-03-10,SBUX,38.91,38.64,38.95,38.52,38.57,2992440,277455754.0933,38.78,0.4,749800000,749800000.0,64878090376.12,69761310000.0
2015-03-07,SBUX,38.57,39.02,39.19,38.43,39.16,3407207,314786396.3844,38.64,0.45,749800000,749800000.0,64302808418.06,69142750000.0
2015-03-06,SBUX,39.16,39.01,39.3,38.92,38.92,2924375,273939365.9375,39.18,0.39,749800000,749800000.0,65289513306.57,70203750000.0
2015-03-05,SBUX,38.92,39.24,39.39,38.48,39.31,3887267,361134851.6231,38.86,0.52,749800000,749800000.0,64892039445.37,69776380000.0
2015-03-04,SBUX,39.31,39.36,39.4,38.98,39.41,3789187,355444315.1947,39.23,0.51,749800000,749800000.0,65547516000.0,70481130000.0
2015-03-03,SBUX,39.41,39.03,39.54,39.03,39.1,3973509,373809424.7375,39.35,0.53,749800000,749800000.0,65704416531.2,70649880000.0
2015-02-28,SBUX,39.1,39.65,39.65,39.01,39.54,4329203,406176626.8215,39.24,0.58,749800000,749800000.0,65188399987.31,70095000000.0
2015-02-27,SBUX,39.54,39.44,39.66,39.35,39.42,3408176,322231091.7349,39.54,0.45,749800000,749800000.0,65931041489.26,70893560000.0
2015-02-26,SBUX,39.42,39.02,39.66,39.0,39.08,4060330,382360464.034,39.39,0.54,749800000,749800000.0,65728814153.43,70676060000.0
2015-02-25,SBUX,39.08,39.01,39.31,38.96,39.14,3168944,296235724.4938,39.1,0.42,749800000,749800000.0,65163991208.06,70068750000.0
2015-02-24,SBUX,39.14,39.25,39.28,38.93,39.11,2927286,273534991.6462,39.08,0.39,749800000,749800000.0,65254645514.63,70166250000.0
2015-02-21,SBUX,39.11,39.09,39.18,38.88,38.97,3231331,301541029.5876,39.03,0.43,749800000,749800000.0,65205828653.43,70113750000.0
2015-02-20,SBUX,38.97,38.96,39.22,38.9,38.9,3054588,285023927.0117,39.03,0.41,749800000,749800000.0,64968744682.69,69858810000.0
2015-02-19,SBUX,38.9,38.64,39.03,38.48,38.49,3270993,303573667.4164,38.82,0.44,749800000,749800000.0,64850202000.0,69731310000.0
2015-02-18,SBUX,38.49,38.38,38.58,38.17,38.3,3193450,293429504.9797,38.43,0.43,749800000,749800000.0,64173806722.69,69004060000.0
2015-02-14,SBUX,38.3,38.47,38.47,38.02,38.41,3054761,278932970.0854,38.19,0.41,749800000,749800000.0,63860017514.63,68666630000.0
2015-02-13,SBUX,38.41,38.1,38.45,37.68,37.97,3598779,328532513.3173,38.18,0.48,749800000,749800000.0,64030855958.06,68850310000.0
2015-02-12,SBUX,37.97,38.13,38.39,37.94,38.14,3233455,294270259.7062,38.06,0.43,749800000,749800000.0,63309133876.12,68074310000.0
2015-02-11,SBUX,38.14,37.38,38.22,37.36,37.15,6234750,565529863.2098,37.94,0.83,749800000,749800000.0,63581085638.8,68366690000.0
2015-02-10,SBUX,37.15,37.02,37.31,36.86,37.22,3455807,306436421.6187,37.09,0.46,749800000,749800000.0,61935435058.51,66597190000.0
2015-02-07,SBUX,37.22,37.43,37.51,37.09,37.49,3917666,349362962.4335,37.3,0.52,749800000,749800000.0,62060946000.0,66732190000.0
2015-02-06,SBUX,37.49,37.1,37.55,37.1,37.1,3799336,339980166.3569,37.43,0.51,749800000,749800000.0,62507226960.0,67212000000.0
2015-02-05,SBUX,37.1,36.81,37.4,36.8,37.01,5748348,511400095.554,37.21,0.77,749800000,749800000.0,61851749708.06,66507190000.0
2015-02-04,SBUX,37.01,36.8,37.01,36.36,36.67,4626215,405905047.8479,36.7,0.62,749800000,749800000.0,61705320043.88,66349750000.0
2015-02-03,SBUX,36.67,36.54,36.71,35.78,36.48,6819414,592634401.9919,36.21,0.91,749800000,749800000.0,61356663043.88,65974880000.0
2015-01-31,SBUX,36.48,36.91,37.06,36.42,37.11,5035227,443368348.5639,36.69,0.67,749800000,749800000.0,61035893722.69,65629940000.0
2015-01-30,SBUX,37.11,36.68,37.21,36.49,36.49,6237930,552133525.3011,36.88,0.83,749800000,749800000.0,62095814489.26,66769630000.0
2015-01-29,SBUX,36.49,36.96,37.33,36.46,36.81,5981602,529716329.2384,36.9,0.8,749800000,749800000.0,61060302501.94,65656190000.0
2015-01-28,SBUX,36.81,36.58,37.18,36.44,36.72,5497902,486590755.4149,36.88,0.73,749800000,749800000.0,61600716668.06,66237310000.0
2015-01-27,SBUX,36.72,36.71,36.88,36.43,36.76,7049285,620229197.7424,36.67,0.94,749800000,749800000.0,61447306890.74,66072310000.0
2015-01-24,SBUX,36.76,36.05,36.96,36.02,34.48,19053598,1671798852.249,36.56,2.54,749800000,749800000.0,61517042474.63,66147310000.0
2015-01-23,SBUX,34.48,33.9,34.52,33.71,33.88,11956528,979038701.7904,34.12,1.59,749800000,749800000.0,57695764543.88,62038420000.0
2015-01-22,SBUX,33.88,33.78,34.02,33.56,33.85,5422090,439661044.3625,33.79,0.72,749800000,749800000.0,56684650876.12,60951220000.0
2015-01-21,SBUX,33.85,33.67,33.95,33.48,33.59,5369152,435261055.9223,33.78,0.72,750096800,750097000.0,56661754582.53,60926610000.0
2015-01-17,SBUX,33.59,33.03,33.66,32.92,33.16,4507750,361423727.3172,33.41,0.6,750096800,750097000.0,56232732532.23,60465270000.0
2015-01-16,SBUX,33.16,33.59,33.71,33.0,33.51,4063301,324189682.0046,33.25,0.54,750096800,750097000.0,55514215505.1,59692680000.0
2015-01-15,SBUX,33.51,33.36,33.66,33.18,33.7,4647543,372876539.0885,33.43,0.62,750096800,750097000.0,56100189032.49,60322770000.0
2015-01-14,SBUX,33.7,33.95,34.23,33.39,33.43,5520352,448693702.6876,33.87,0.74,750096800,750097000.0,56414102450.52,60660290000.0
2015-01-13,SBUX,33.43,33.46,33.68,33.26,33.25,5010742,402867144.2764,33.5,0.67,750096800,750097000.0,55967644835.16,60180230000.0
2015-01-10,SBUX,33.25,33.75,33.97,32.97,34.38,13778352,1103180190.4539,33.37,1.84,750096800,750097000.0,55660703829.42,59850180000.0
2015-01-09,SBUX,34.38,34.31,34.71,34.18,33.83,6585274,544840592.8157,34.48,0.88,750096800,750097000.0,57544205265.3,61875480000.0
2015-01-08,SBUX,33.83,33.23,33.85,33.09,33.02,4866277,392505605.8177,33.61,0.65,748300000,748300000.0,56494699548.57,60746950000.0
2015-01-07,SBUX,33.02,33.48,33.5,32.74,33.29,3832170,304073476.9633,33.07,0.51,748300000,748300000.0,55137659586.32,59287800000.0
2015-01-06,SBUX,33.29,33.4,33.62,33.13,33.94,5811899,465331483.4999,33.36,0.78,748300000,748300000.0,55590013199.59,59774200000.0
2015-01-03,SBUX,33.94,34.23,34.58,33.71,34.19,3453049,282033636.8992,34.04,0.46,748300000,748300000.0,56675645447.76,60941520000.0
2015-01-01,SBUX,34.19,34.25,34.73,34.17,34.08,3814386,315163238.9251,34.43,0.51,748300000,748300000.0,57100156733.68,61398020000.0
2014-12-31,SBUX,34.08,34.2,34.54,34.08,34.33,2626727,215684764.6134,34.22,0.35,748300000,748300000.0,56919210834.49,61203410000.0
2014-12-30,SBUX,34.33,34.03,34.4,33.96,34.1,2398331,197233704.9449,34.27,0.32,748300000,748300000.0,57329810699.59,61644920000.0
2014-12-27,SBUX,34.1,33.93,34.34,33.91,33.87,2275182,186464595.2993,34.15,0.3,748300000,748300000.0,56947053161.84,61233360000.0
2014-12-25,SBUX,33.87,33.95,34.11,33.83,33.93,1301199,105980829.0642,33.94,0.17,748300000,748300000.0,56557340609.59,60814340000.0
2014-12-24,SBUX,33.93,33.96,34.19,33.81,33.56,4073861,332796577.162,34.04,0.54,748300000,748300000.0,56668679298.57,60934060000.0
2014-12-23,SBUX,33.56,33.28,33.57,33.24,33.1,3791928,303946152.3769,33.4,0.51,748300000,748300000.0,56049312084.49,60268050000.0
2014-12-20,SBUX,33.1,33.42,33.46,33.09,33.35,8722106,695354253.3918,33.22,1.17,748300000,748300000.0,55283807447.76,59444920000.0
2014-12-19,SBUX,33.35,33.98,34.02,33.03,33.52,8791473,704239168.7875,33.38,1.17,748300000,748300000.0,55694396874.08,59886430000.0
2014-12-18,SBUX,33.52,32.98,33.58,32.69,32.98,5080813,405467656.0848,33.26,0.68,748300000,748300000.0,55976243373.16,60189490000.0
2014-12-17,SBUX,32.98,33.54,33.79,32.97,33.71,6990938,558198393.6024,33.27,0.93,748300000,748300000.0,55068073949.59,59212960000.0
2014-12-16,SBUX,33.71,34.28,34.38,33.63,34.69,8143492,661977949.8864,33.87,1.09,748300000,748300000.0,56292887910.0,60529950000.0
2014-12-13,SBUX,34.69,34.48,34.99,34.41,34.64,4582113,382153722.7356,34.75,0.61,748300000,748300000.0,57935256750.0,62295940000.0
2014-12-12,SBUX,34.64,34.55,35.01,34.44,34.45,5029149,419234854.585,34.74,0.67,748300000,748300000.0,57844784496.32,62198660000.0
2014-12-11,SBUX,34.45,34.55,35.02,34.4,34.6,5048160,420634378.0954,34.72,0.67,748300000,748300000.0,57524667323.68,61854470000.0
2014-12-10,SBUX,34.6,34.62,34.71,34.25,34.92,4362809,361340925.4442,34.51,0.58,748300000,748300000.0,57782153874.08,62131320000.0
2014-12-09,SBUX,34.92,35.09,35.09,34.63,34.83,5885324,493225463.144,34.92,0.79,748300000,748300000.0,58318014983.68,62707500000.0
2014-12-06,SBUX,34.83,34.38,34.97,34.35,33.88,7394086,617347738.1443,34.79,0.99,748300000,748300000.0,58157956397.35,62535430000.0
2014-12-05,SBUX,33.88,33.59,34.3,33.5,33.53,7035453,571435716.4146,33.85,0.94,748300000,748300000.0,56585172498.16,60844230000.0
2014-12-04,SBUX,33.53,33.51,33.65,33.37,33.49,5600699,449795457.9045,33.47,0.75,748300000,748300000.0,56000603321.84,60215660000.0
2014-12-03,SBUX,33.49,33.63,33.69,33.38,33.69,3828199,307694943.8323,33.49,0.51,748300000,748300000.0,55931007246.32,60140830000.0
2014-12-02,SBUX,33.69,33.75,33.96,33.6,33.84,4313738,349792839.8865,33.79,0.58,748300000,748300000.0,56265056021.43,60500050000.0
2014-11-29,SBUX,33.84,33.52,34.02,33.51,33.21,3383337,274768254.6447,33.84,0.45,748300000,748300000.0,56515586861.43,60769440000.0
2014-11-27,SBUX,33.21,33.39,33.47,33.09,33.43,3098376,246832765.4038,33.2,0.41,748300000,748300000.0,55464742212.24,59639480000.0
2014-11-26,SBUX,33.43,33.57,33.72,33.36,33.55,4059193,326234475.6197,33.49,0.54,748300000,748300000.0,55819667861.43,60021140000.0
2014-11-25,SBUX,33.55,33.3,33.68,33.22,33.24,4713102,378612410.2752,33.48,0.63,748300000,748300000.0,56035401359.59,60253100000.0
2014-11-22,SBUX,33.24,32.98,33.3,32.83,32.59,7013859,558163558.5227,33.16,0.94,748300000,748300000.0,55506495960.41,59684370000.0
2014-11-21,SBUX,32.59,32.36,32.77,32.36,32.43,3143548,245992992.1342,32.61,0.42,748300000,748300000.0,54420863712.24,58517050000.0
2014-11-20,SBUX,32.43,32.27,32.54,32.25,32.33,2615593,203533933.4196,32.43,0.35,748300000,748300000.0,54156422147.35,58232710000.0
2014-11-19,SBUX,32.33,32.35,32.5,32.22,32.43,2877908,223412847.0229,32.35,0.38,748300000,748300000.0,53982442397.35,58045600000.0
2014-11-18,SBUX,32.43,32.48,32.7,32.36,32.55,2949510,229820504.183,32.47,0.39,748300000,748300000.0,54163377161.84,58240160000.0
2014-11-15,SBUX,32.55,32.54,32.63,32.39,32.46,3019641,235776893.9047,32.54,0.4,748300000,748300000.0,54365189496.32,58457170000.0
2014-11-14,SBUX,32.46,32.58,32.7,32.26,32.44,3421124,266430315.3987,32.45,0.46,748300000,748300000.0,54205130910.0,58285050000.0
2014-11-13,SBUX,32.44,32.26,32.51,32.2,32.39,2656097,206662957.8717,32.42,0.35,748300000,748300000.0,54177299021.43,58255150000.0
2014-11-12,SBUX,32.39,32.43,32.59,32.19,32.36,2600719,202353885.7618,32.42,0.35,748300000,748300000.0,54093781086.32,58165330000.0
2014-11-11,SBUX,32.36,32.35,32.46,32.16,32.28,3277685,254320820.1683,32.33,0.44,748300000,748300000.0,54038106174.49,58105480000.0
2014-11-08,SBUX,32.28,32.22,32.41,32.04,32.14,4124496,320766166.0425,32.28,0.55,748300000,748300000.0,54135534834.49,58210220000.0
2014-11-07,SBUX,32.14,31.94,32.18,31.81,31.81,3083638,238085216.9023,32.04,0.41,751200000,751200000.0,54107807104.15,58180400000.0
2014-11-06,SBUX,31.81,31.96,32.12,31.79,31.84,3701698,284557247.002,31.9,0.49,751200000,751200000.0,53555894875.22,57586970000.0
2014-11-05,SBUX,31.84,31.38,31.93,31.33,31.58,5210379,398888874.8995,31.77,0.69,751200000,751200000.0,53590827771.07,57624530000.0
2014-11-04,SBUX,31.58,31.53,31.65,31.32,31.36,5303465,402683076.256,31.51,0.71,751200000,751200000.0,53164671312.46,57166270000.0
2014-11-01,SBUX,31.36,31.23,31.85,31.09,32.09,17944954,1355588545.1965,31.35,2.39,751200000,751200000.0,52787423562.77,56760640000.0
2014-10-31,SBUX,32.09,31.62,32.14,31.59,31.76,6694484,515908996.9239,31.98,0.89,751200000,751200000.0,54016984229.69,58082750000.0
2014-10-30,SBUX,31.76,32.0,32.23,31.63,31.98,4397449,337515617.7327,31.85,0.59,751200000,751200000.0,53472064448.3,57496820000.0
2014-10-29,SBUX,31.98,31.68,31.98,31.49,31.53,4075494,312123725.3595,31.78,0.54,751200000,751200000.0,53828354416.61,57879920000.0
2014-10-28,SBUX,31.53,31.54,31.7,31.47,31.46,2898138,220437590.0303,31.57,0.39,751200000,751200000.0,53073847739.38,57068630000.0
2014-10-25,SBUX,31.46,31.08,31.5,30.86,31.06,3679517,277977920.5287,31.35,0.49,751200000,751200000.0,52962077562.77,56948450000.0
2014-10-24,SBUX,31.06,31.19,31.34,31.03,30.96,3418865,256600854.4183,31.15,0.46,751200000,751200000.0,52284419344.15,56219770000.0
2014-10-23,SBUX,30.96,30.91,31.12,30.78,30.86,3234835,241715909.329,31.01,0.43,751200000,751200000.0,52116747312.46,56039500000.0
2014-10-22,SBUX,30.86,31.13,31.2,30.77,31.0,6156465,458370317.6258,30.9,0.82,751200000,751200000.0,51949075979.38,55859200000.0
2014-10-21,SBUX,31.0,30.55,31.02,30.46,30.52,3978514,295844246.5333,30.86,0.53,751200000,751200000.0,52186613104.15,56114630000.0
2014-10-18,SBUX,30.52,30.44,30.67,30.25,30.15,4790527,351999717.7872,30.49,0.64,751200000,751200000.0,51376216448.3,55243200000.0
2014-10-17,SBUX,30.15,29.54,30.24,29.37,30.04,4869414,351929066.8323,29.99,0.65,751200000,751200000.0,50747466240.0,54567160000.0
2014-10-16,SBUX,30.04,29.89,30.27,29.58,30.19,6811004,491621653.789,29.96,0.91,751200000,751200000.0,50565819093.84,54371820000.0
2014-10-15,SBUX,30.19,30.05,30.54,29.97,29.96,5497508,400481836.0681,30.23,0.73,751200000,751200000.0,50817321552.46,54642280000.0
2014-10-14,SBUX,29.96,30.8,30.89,29.88,30.9,6215703,453953270.8314,30.31,0.83,751200000,751200000.0,50433080656.61,54229110000.0
2014-10-11,SBUX,30.9,30.82,31.45,30.75,30.91,5247969,394011199.2133,31.16,0.7,751200000,751200000.0,52018941771.07,55934320000.0
2014-10-10,SBUX,30.91,31.14,31.47,30.86,31.23,4671910,350413283.1501,31.13,0.62,751200000,751200000.0,52032916885.54,55949350000.0
2014-10-09,SBUX,31.23,30.81,31.3,30.56,30.73,3358154,250755353.9235,30.99,0.45,751200000,751200000.0,52577836666.92,56535290000.0
2014-10-08,SBUX,30.73,31.08,31.15,30.72,31.19,3191716,237648135.6262,30.9,0.42,751200000,751200000.0,51732506416.61,55626340000.0
2014-10-07,SBUX,31.19,31.55,31.64,31.17,31.49,2610874,196895660.7412,31.3,0.35,751200000,751200000.0,52497492333.84,56448900000.0
2014-10-04,SBUX,31.49,31.04,31.58,31.03,30.9,4114582,311706269.5643,31.44,0.55,751200000,751200000.0,53017968240.0,57008540000.0
2014-10-03,SBUX,30.9,30.88,31.13,30.62,30.96,4286758,318524513.8786,30.84,0.57,751200000,751200000.0,52011959104.15,55926820000.0
2014-10-02,SBUX,30.96,31.41,31.5,30.88,31.32,4059532,304283406.4433,31.11,0.54,751200000,751200000.0,52123729979.38,56047000000.0
2014-10-01,SBUX,31.32,31.36,31.48,31.13,31.24,3900452,294512575.8969,31.34,0.52,751200000,751200000.0,52717557771.07,56685520000.0
2014-09-30,SBUX,31.24,30.94,31.34,30.9,31.2,3188263,239416533.1557,31.16,0.42,751200000,751200000.0,52584819333.84,56542780000.0
2014-09-27,SBUX,31.2,30.71,31.22,30.69,30.76,3829897,286253770.9245,31.02,0.51,751200000,751200000.0,52514964021.38,56467700000.0
2014-09-26,SBUX,30.76,31.2,31.24,30.75,31.26,4005407,297954159.8403,30.87,0.53,751200000,751200000.0,51781415125.54,55678930000.0
2014-09-25,SBUX,31.26,30.93,31.3,30.86,30.69,4299856,322585516.7744,31.13,0.57,751200000,751200000.0,52619752229.69,56580340000.0
2014-09-24,SBUX,30.69,30.83,31.08,30.62,30.96,3869693,287012409.4158,30.78,0.52,751200000,751200000.0,51666137197.99,55554950000.0
2014-09-23,SBUX,30.96,31.56,31.56,30.85,31.57,3929823,293599383.1361,31.01,0.52,751200000,751200000.0,52116747312.46,56039500000.0
2014-09-20,SBUX,31.57,31.53,31.68,31.45,31.43,6020359,458310581.2362,31.59,0.8,751200000,751200000.0,53143714229.69,57143750000.0
2014-09-19,SBUX,31.43,31.37,31.49,31.13,31.27,4014457,303119990.0869,31.34,0.53,751200000,751200000.0,52906186885.54,56888360000.0
2014-09-18,SBUX,31.27,31.27,31.47,31.17,31.16,3737865,282054414.9862,31.32,0.5,751200000,751200000.0,52633727344.15,56595370000.0
2014-09-17,SBUX,31.16,31.06,31.31,30.93,31.09,4020607,301748163.5928,31.15,0.54,751200000,751200000.0,52459073344.15,56407570000.0
2014-09-16,SBUX,31.09,31.23,31.27,30.87,31.32,5422852,405723681.8019,31.05,0.72,751200000,751200000.0,52340310021.38,56279900000.0
2014-09-13,SBUX,31.32,31.47,31.57,31.1,31.59,7309672,551122902.8131,31.29,0.97,751200000,751200000.0,52724539739.38,56693020000.0
2014-09-12,SBUX,31.59,31.95,31.96,31.57,32.04,4682809,358045679.6024,31.73,0.62,751200000,751200000.0,53178647125.54,57181300000.0
2014-09-11,SBUX,32.04,31.96,32.12,31.85,32.01,2959336,228251209.3332,32.01,0.39,751200000,751200000.0,53940135771.07,58000140000.0
2014-09-10,SBUX,32.01,32.14,32.27,31.95,32.23,2557286,197831373.8877,32.1,0.34,751200000,751200000.0,53877263125.54,57932510000.0
2014-09-09,SBUX,32.23,32.27,32.35,32.09,32.35,2246388,174352252.223,32.21,0.3,751200000,751200000.0,54261504021.38,58345680000.0
2014-09-06,SBUX,32.35,31.96,32.36,31.88,32.02,4013304,311330392.2788,32.19,0.53,751200000,751200000.0,54457115104.15,58556000000.0
2014-09-05,SBUX,32.02,31.87,32.11,31.86,31.87,2874895,221815680.3597,32.02,0.38,751200000,751200000.0,53905202875.22,57962570000.0
2014-09-04,SBUX,31.87,32.19,32.34,31.83,32.15,3398368,261826219.261,31.97,0.45,751200000,751200000.0,53646718448.3,57684620000.0
2014-09-03,SBUX,32.15,32.25,32.36,32.02,32.29,3098734,240004695.135,32.14,0.41,751200000,751200000.0,54128764885.54,58202970000.0
2014-08-30,SBUX,32.29,32.4,32.41,32.17,32.29,2328678,181116650.3488,32.28,0.31,751200000,751200000.0,54359309562.77,58450860000.0
2014-08-29,SBUX,32.29,32.28,32.38,32.17,32.34,1979016,154020478.4708,32.3,0.26,751200000,751200000.0,54359309562.77,58450860000.0
2014-08-28,SBUX,32.34,32.33,32.48,32.23,32.28,2452009,191058817.5177,32.34,0.33,751200000,751200000.0,54436158021.38,58533480000.0
2014-08-27,SBUX,32.28,32.37,32.55,32.27,32.36,2756928,215045307.8734,32.37,0.37,751200000,751200000.0,54345334448.3,58435830000.0
2014-08-26,SBUX,32.36,32.22,32.46,32.17,32.07,2849161,222184954.107,32.36,0.38,751200000,751200000.0,54471079739.38,58571040000.0
2014-08-23,SBUX,32.07,32.06,32.2,31.98,32.15,2276164,175944497.7013,32.08,0.3,751200000,751200000.0,53989043781.38,58052730000.0
2014-08-22,SBUX,32.15,32.29,32.44,32.12,32.38,2405996,186741834.2732,32.21,0.32,751200000,751200000.0,54121771739.38,58195430000.0
2014-08-21,SBUX,32.38,32.37,32.57,32.26,32.42,2334379,182078286.8663,32.37,0.31,751200000,751200000.0,54513005781.38,58616090000.0
2014-08-20,SBUX,32.42,32.29,32.45,32.2,32.2,2459515,191831099.723,32.37,0.33,751200000,751200000.0,54575879125.54,58683720000.0
2014-08-19,SBUX,32.2,32.03,32.31,32.03,31.92,3422708,265581898.9049,32.2,0.46,751200000,751200000.0,54205613344.15,58285590000.0
2014-08-16,SBUX,31.92,32.05,32.07,31.69,31.8,4045022,311010383.1582,31.91,0.54,751200000,751200000.0,53730548875.22,57774770000.0
2014-08-15,SBUX,31.8,32.15,32.16,31.61,32.06,5446289,416587674.9586,31.74,0.73,751200000,751200000.0,53527955125.54,57556910000.0
2014-08-14,SBUX,32.06,32.41,32.41,32.01,32.3,3467572,268675772.9922,32.16,0.46,751200000,751200000.0,53961093552.46,58022660000.0
2014-08-13,SBUX,32.3,32.32,32.43,32.17,32.32,2361922,183698469.3785,32.28,0.31,751200000,751200000.0,54366292229.69,58458360000.0
2014-08-12,SBUX,32.32,32.23,32.47,32.23,32.21,2261200,176286756.3528,32.35,0.3,751200000,751200000.0,54401225125.54,58495920000.0
2014-08-09,SBUX,32.21,31.8,32.23,31.75,31.84,2978994,230227973.5182,32.07,0.4,751200000,751200000.0,54226571125.54,58308110000.0
2014-08-08,SBUX,31.84,32.09,32.14,31.77,32.01,2713982,208650371.6517,31.91,0.36,751200000,751200000.0,53590827771.07,57624530000.0
2014-08-07,SBUX,32.01,31.75,32.14,31.65,31.87,2967609,228865252.6442,32.01,0.4,751200000,751200000.0,53884245093.84,57940010000.0
2014-08-06,SBUX,31.87,32.03,32.15,31.72,32.07,3348200,257419955.2416,31.91,0.45,751200000,751200000.0,53646718448.3,57684620000.0
2014-08-05,SBUX,32.07,31.96,32.16,31.86,31.84,3141337,243364079.9715,32.04,0.42,751200000,751200000.0,54163697781.38,58240530000.0
2014-08-02,SBUX,31.84,32.06,32.22,31.67,32.13,3899093,300469927.9258,31.87,0.52,751200000,751200000.0,53779456885.54,57827370000.0
2014-08-01,SBUX,32.13,32.48,32.55,32.06,32.63,4073792,317425391.4688,32.23,0.54,751200000,751200000.0,54268485989.69,58353170000.0
2014-07-31,SBUX,32.63,32.68,32.75,32.48,32.53,4455852,351446352.4141,32.62,0.59,751200000,751200000.0,55120798208.3,59269650000.0
2014-07-30,SBUX,32.53,32.46,32.78,32.43,32.41,3968624,312935475.5055,32.61,0.53,751200000,751200000.0,54946144208.3,59081850000.0
2014-07-29,SBUX,32.41,32.59,32.68,32.33,32.57,4006462,314446745.385,32.46,0.53,751200000,751200000.0,54743539979.38,58863980000.0
2014-07-26,SBUX,32.57,32.43,32.81,32.22,33.28,9492180,746963279.7282,32.55,1.26,751200000,751200000.0,55009017552.46,59149470000.0
2014-07-25,SBUX,33.28,32.92,33.35,32.74,32.73,8064641,645265547.5886,33.09,1.07,751200000,751200000.0,56203655104.15,60434020000.0
2014-07-24,SBUX,32.73,32.47,32.79,32.43,32.57,3225140,254613476.3083,32.65,0.43,751200000,751200000.0,55288470240.0,59449960000.0
2014-07-23,SBUX,32.57,32.4,32.69,32.34,32.1,3228622,254218758.234,32.57,0.43,752800000,752800000.0,55126182659.06,59275430000.0
2014-07-22,SBUX,32.1,32.2,32.23,31.92,32.24,2510929,194702705.1,32.07,0.33,752800000,752800000.0,54335061638.54,58424770000.0
2014-07-19,SBUX,32.24,32.14,32.32,31.95,31.95,3372260,262201605.1829,32.16,0.45,752800000,752800000.0,54566097358.75,58673190000.0
2014-07-18,SBUX,31.95,32.31,32.45,31.9,32.56,4223172,328674666.0958,32.19,0.56,752800000,752800000.0,54076026659.06,58146240000.0
2014-07-17,SBUX,32.56,32.7,32.7,32.39,32.63,4367129,343546705.4401,32.54,0.58,752800000,752800000.0,55119185119.58,59267930000.0
2014-07-16,SBUX,32.63,32.53,32.74,32.45,32.49,4184863,330005272.8863,32.62,0.56,752800000,752800000.0,55231204560.0,59388350000.0
2014-07-15,SBUX,32.49,32.67,32.67,32.44,32.51,2281060,179442773.8219,32.54,0.3,752800000,752800000.0,55000168839.79,59139930000.0
2014-07-12,SBUX,32.51,32.66,32.67,32.32,32.61,2127384,166934950.2526,32.46,0.28,752800000,752800000.0,55028168099.06,59170040000.0
2014-07-11,SBUX,32.61,32.51,32.7,32.34,32.86,2360381,185851443.1399,32.57,0.31,752800000,752800000.0,55203194099.06,59358250000.0
2014-07-10,SBUX,32.86,32.49,32.87,32.41,32.49,3891722,308178825.9023,32.75,0.52,752800000,752800000.0,55623260699.69,59809950000.0
2014-07-09,SBUX,32.49,32.53,32.63,32.37,32.55,3901040,306388848.011,32.49,0.52,752800000,752800000.0,55000168839.79,59139930000.0
2014-07-08,SBUX,32.55,32.58,32.83,32.51,32.7,3721962,294067714.046,32.68,0.49,752800000,752800000.0,55091175358.75,59237790000.0
2014-07-04,SBUX,32.7,32.42,32.84,32.32,32.34,3331308,262532701.4838,32.6,0.44,752800000,752800000.0,55350220839.79,59516350000.0
2014-07-03,SBUX,32.34,32.42,32.43,32.22,32.3,2397309,187316615.4858,32.32,0.32,752800000,752800000.0,54741123358.75,58861400000.0
2014-07-02,SBUX,32.3,32.22,32.34,32.1,32.01,4036944,314890505.2029,32.26,0.54,752800000,752800000.0,54664111218.65,58778580000.0
2014-07-01,SBUX,32.01,32.3,32.34,31.88,32.24,4805121,372204192.1479,32.04,0.64,752800000,752800000.0,54174040518.96,58251630000.0
2014-06-28,SBUX,32.24,32.25,32.41,32.18,32.29,4334633,338334989.0455,32.28,0.58,752800000,752800000.0,54566097358.75,58673190000.0
2014-06-27,SBUX,32.29,32.27,32.4,32.04,32.31,3491633,271887480.5427,32.21,0.46,752800000,752800000.0,54650116839.79,58763550000.0
2014-06-26,SBUX,32.31,31.86,32.34,31.83,32.03,3906917,303602613.153,32.14,0.52,752800000,752800000.0,54692121679.58,58808730000.0
2014-06-25,SBUX,32.03,31.81,32.16,31.66,31.74,5456149,422435778.0339,32.02,0.72,752800000,752800000.0,54209047819.27,58289270000.0
2014-06-24,SBUX,31.74,31.72,31.96,31.51,31.68,2390115,183104525.5849,31.69,0.32,752800000,752800000.0,53718977119.58,57762320000.0
2014-06-21,SBUX,31.68,32.11,32.11,31.6,31.94,6223297,478292704.4779,31.79,0.83,752800000,752800000.0,53627960099.06,57664470000.0
2014-06-20,SBUX,31.94,31.66,32.06,31.62,31.25,6277535,484156136.1045,31.9,0.83,752800000,752800000.0,54069029119.58,58138700000.0
2014-06-19,SBUX,31.25,31.1,31.3,30.86,31.15,2893285,217593256.8022,31.11,0.38,752800000,752800000.0,52899856839.79,56881560000.0
2014-06-18,SBUX,31.15,31.03,31.29,31.02,31.06,2889300,217770276.8649,31.17,0.38,752800000,752800000.0,52724830839.79,56693350000.0
2014-06-17,SBUX,31.06,30.81,31.09,30.8,30.89,3379838,253281973.9279,31.0,0.45,752800000,752800000.0,52570807259.69,56527750000.0
2014-06-14,SBUX,30.89,30.55,30.98,30.41,30.59,3864149,287680460.0565,30.79,0.51,752800000,752800000.0,52290759358.75,56226610000.0
2014-06-13,SBUX,30.59,30.89,30.9,30.5,30.94,3596874,266188437.2258,30.61,0.48,752800000,752800000.0,51779686239.17,55677050000.0
2014-06-12,SBUX,30.94,30.67,30.97,30.55,30.86,3755433,279815059.5702,30.82,0.5,752800000,752800000.0,52367770798.75,56309390000.0
2014-06-11,SBUX,30.86,31.12,31.2,30.74,31.1,3320456,247981256.8388,30.89,0.44,752800000,752800000.0,52227752099.06,56158860000.0
2014-06-10,SBUX,31.1,31.18,31.19,30.88,31.16,2850509,213775912.1103,31.02,0.38,752800000,752800000.0,52633813819.27,56595500000.0
2014-06-07,SBUX,31.16,31.05,31.24,30.94,30.91,3102353,233462288.6055,31.13,0.41,752800000,752800000.0,52738825218.65,56708380000.0
2014-06-06,SBUX,30.91,30.76,31.08,30.69,30.88,2594383,193855151.5813,30.91,0.34,752800000,752800000.0,52311761078.54,56249180000.0
2014-06-05,SBUX,30.88,30.66,30.9,30.46,30.68,3247852,241567073.1558,30.76,0.43,752800000,752800000.0,52276764979.9,56211540000.0
2014-06-04,SBUX,30.68,30.49,30.75,30.43,30.55,3384177,251016229.0203,30.68,0.45,752800000,752800000.0,51933709819.27,55842690000.0
2014-06-03,SBUX,30.55,30.28,30.63,30.26,30.29,2963078,218555125.0733,30.51,0.39,752800000,752800000.0,51702674099.06,55594270000.0
2014-05-31,SBUX,30.29,30.26,30.4,30.0,30.24,3439767,251114328.472,30.2,0.46,752800000,752800000.0,51826961311.31,55135020000.0
2014-05-30,SBUX,30.24,30.41,30.43,30.05,30.31,3224439,235228277.5763,30.17,0.43,752800000,752800000.0,51734965613.15,55037170000.0
2014-05-29,SBUX,30.31,30.32,30.43,30.16,30.47,4106012,300981347.0192,30.32,0.55,752800000,752800000.0,51848189563.68,55157640000.0
2014-05-28,SBUX,30.47,30.04,30.52,30.0,29.77,5050195,370669642.1835,30.36,0.67,752800000,752800000.0,52124165336.05,55451240000.0
2014-05-24,SBUX,29.77,29.9,29.99,29.71,29.53,3583155,258182076.4657,29.8,0.48,752800000,752800000.0,50935348529.47,54186520000.0
2014-05-23,SBUX,29.53,29.1,29.69,29.08,29.12,3679818,262775034.298,29.54,0.49,752800000,752800000.0,50524920554.21,53749880000.0
2014-05-22,SBUX,29.12,29.25,29.26,28.98,29.05,3044643,214547448.9417,29.15,0.4,752800000,752800000.0,49817288554.21,52997080000.0
2014-05-21,SBUX,29.05,29.27,29.32,28.89,29.37,4349938,305036352.9435,29.0,0.58,752800000,752800000.0,49696992529.47,52869120000.0
2014-05-20,SBUX,29.37,29.18,29.42,29.07,29.34,3378905,239269382.7146,29.29,0.45,752800000,752800000.0,50256017563.68,53463820000.0
2014-05-17,SBUX,29.34,28.95,29.38,28.87,28.89,4647410,327498734.9673,29.15,0.62,752800000,752800000.0,50199405588.42,53403610000.0
2014-05-16,SBUX,28.89,29.06,29.09,28.66,29.02,4562340,318002397.744,28.83,0.61,752800000,752800000.0,49428088831.31,52583050000.0
2014-05-15,SBUX,29.02,29.44,29.45,28.97,29.43,4293008,302461268.4911,29.14,0.57,752800000,752800000.0,49654536732.37,52823940000.0
2014-05-14,SBUX,29.43,29.35,29.51,29.33,29.43,2901458,206245203.6485,29.4,0.39,752800000,752800000.0,50355085336.05,53569210000.0
2014-05-13,SBUX,29.43,29.22,29.47,29.12,29.07,3613602,256316735.9134,29.34,0.48,752800000,752800000.0,50348012554.21,53561710000.0
2014-05-10,SBUX,29.07,28.83,29.08,28.76,28.78,3311568,231692835.1571,28.94,0.44,752800000,752800000.0,49739449034.21,52914300000.0
2014-05-09,SBUX,28.78,28.79,29.16,28.68,28.85,3765672,263269407.7076,28.92,0.5,752800000,752800000.0,49237025360.78,52379810000.0
2014-05-08,SBUX,28.85,28.86,28.95,28.6,28.78,5480996,381214749.0056,28.77,0.73,752800000,752800000.0,49350249311.31,52500230000.0
2014-05-07,SBUX,28.78,29.25,29.3,28.68,29.23,5463391,381731439.7855,28.9,0.73,752800000,752800000.0,49237025360.78,52379810000.0
2014-05-06,SBUX,29.23,29.05,29.28,28.92,29.09,2743299,193964670.4919,29.14,0.36,752800000,752800000.0,50185260732.37,53388530000.0
2014-05-03,SBUX,29.09,29.36,29.48,29.08,29.31,4153242,294480615.2001,29.22,0.55,752800000,752800000.0,49958812831.31,53147640000.0
2014-05-02,SBUX,29.31,29.16,29.34,28.98,29.1,3959597,280591246.4944,29.2,0.53,752800000,752800000.0,50326785009.47,53539100000.0
2014-05-01,SBUX,29.1,29.1,29.16,28.9,29.11,3641539,256771065.4494,29.06,0.48,752800000,752800000.0,49972969009.47,53162720000.0
2014-04-30,SBUX,29.11,29.33,29.44,28.96,29.23,4915078,347927543.7032,29.17,0.65,752800000,752800000.0,49987124480.0,53177750000.0
2014-04-29,SBUX,29.23,29.63,29.68,28.76,29.44,5366777,379984373.4738,29.18,0.71,752800000,752800000.0,50192332806.58,53396070000.0
2014-04-26,SBUX,29.44,29.67,29.77,29.23,29.3,9061063,647821487.4975,29.46,1.2,752800000,752800000.0,50560304277.1,53787520000.0
2014-04-25,SBUX,29.3,29.47,29.69,28.89,29.01,7788508,550592115.9426,29.13,1.03,752800000,752800000.0,50305556757.1,53516530000.0
2014-04-24,SBUX,29.01,29.45,29.45,28.94,29.32,4440774,313245057.1954,29.07,0.59,752800000,752800000.0,49810216480.0,52989580000.0
2014-04-23,SBUX,29.32,29.07,29.37,28.98,29.04,4431344,314873986.9476,29.28,0.59,755900000,755900000.0,50554628116.9,53781500000.0
2014-04-22,SBUX,29.04,28.97,29.09,28.79,28.91,3049221,214362666.5291,28.97,0.4,755900000,755900000.0,50079279237.82,53275810000.0
2014-04-18,SBUX,28.91,29.08,29.42,28.9,29.17,4622981,326231744.7964,29.08,0.61,755900000,755900000.0,49844797636.72,53026360000.0
2014-04-17,SBUX,29.17,28.7,29.21,28.5,28.39,5639320,396499461.336,28.97,0.75,755900000,755900000.0,50299547076.72,53510140000.0
2014-04-16,SBUX,28.39,28.83,28.89,27.99,28.56,7730879,532359073.8618,28.38,1.02,755900000,755900000.0,48949513940.0,52073920000.0
2014-04-15,SBUX,28.56,28.69,28.86,28.31,28.32,6088238,422350147.6229,28.59,0.81,755900000,755900000.0,49247941838.91,52391400000.0
2014-04-12,SBUX,28.32,28.76,28.9,28.3,28.94,8184422,567858098.3728,28.59,1.08,755900000,755900000.0,48835823737.82,51952960000.0
2014-04-11,SBUX,28.94,29.98,29.98,28.92,29.87,6687734,474942798.7903,29.27,0.88,755900000,755900000.0,49894530172.36,53079290000.0
2014-04-10,SBUX,29.87,29.52,29.95,29.34,29.46,4527793,326666215.2083,29.73,0.6,755900000,755900000.0,51500371237.82,54787600000.0
2014-04-09,SBUX,29.46,29.11,29.55,29.05,29.02,5339543,380911736.5238,29.4,0.71,755900000,755900000.0,50789825237.82,54031730000.0
2014-04-08,SBUX,29.02,29.34,29.42,28.87,29.49,5544859,391138213.0819,29.07,0.73,755900000,755900000.0,50043749806.18,53238000000.0
2014-04-05,SBUX,29.49,30.31,30.45,29.39,30.12,5854270,421643756.677,29.68,0.77,755900000,755900000.0,50839557773.45,54084610000.0
2014-04-04,SBUX,30.12,30.44,30.64,30.01,30.36,3582727,262837766.5448,30.23,0.47,755900000,755900000.0,51933805008.36,55248690000.0
2014-04-03,SBUX,30.36,30.64,30.65,30.18,30.5,4152215,305833040.1021,30.35,0.55,755900000,755900000.0,52345923109.45,55687130000.0
2014-04-02,SBUX,30.5,30.35,30.9,30.25,30.24,4370887,324349484.981,30.58,0.58,755900000,755900000.0,52587505907.27,55944150000.0
2014-04-01,SBUX,30.24,30.45,30.66,30.15,30.37,3860877,284077152.2568,30.32,0.51,755900000,755900000.0,52139858374.54,55467910000.0
2014-03-29,SBUX,30.37,30.2,30.52,30.1,30.25,3291375,242314276.0871,30.34,0.44,755900000,755900000.0,52367238068.36,55709820000.0
2014-03-28,SBUX,30.25,30.11,30.48,29.96,30.31,6337828,463958100.2305,30.17,0.84,755900000,755900000.0,52154072136.72,55483020000.0
2014-03-27,SBUX,30.31,30.88,30.9,30.3,30.75,4185559,309919264.1146,30.51,0.55,755900000,755900000.0,52253548576.72,55588860000.0
2014-03-26,SBUX,30.75,31.5,31.53,30.61,31.22,5284078,395744675.6323,30.86,0.7,755900000,755900000.0,53013827112.36,56397660000.0
2014-03-25,SBUX,31.22,31.69,31.78,30.99,31.61,5009359,380030998.0197,31.26,0.66,755900000,755900000.0,53838063314.54,57274530000.0
2014-03-22,SBUX,31.61,32.23,32.41,31.57,31.71,9018449,698386787.6673,31.91,1.19,755900000,755900000.0,54505977975.63,57985060000.0
2014-03-21,SBUX,31.71,31.44,31.79,31.15,31.28,6925734,530286809.8412,31.55,0.92,755900000,755900000.0,54680058192.9,58170240000.0
2014-03-20,SBUX,31.28,30.91,31.87,30.83,30.74,12491567,949998585.281,31.34,1.65,755900000,755900000.0,53937539043.99,57380330000.0
2014-03-19,SBUX,30.74,30.64,30.84,30.52,30.57,2998760,223616915.4554,30.73,0.4,755900000,755900000.0,53006725205.09,56390120000.0
2014-03-18,SBUX,30.57,30.83,30.9,30.42,30.61,5509945,410154773.8152,30.68,0.73,755900000,755900000.0,52708297306.18,56072640000.0
2014-03-15,SBUX,30.61,30.53,30.86,30.5,30.67,4481301,333393109.8465,30.66,0.59,755900000,755900000.0,52772244314.54,56140680000.0
2014-03-14,SBUX,30.67,31.25,31.49,30.51,31.17,5690391,425864850.7143,30.84,0.75,755900000,755900000.0,52885933806.18,56261590000.0
2014-03-13,SBUX,31.17,30.72,31.18,30.7,30.92,5225430,392829533.1696,30.98,0.69,755900000,755900000.0,53738586874.54,57168690000.0
2014-03-12,SBUX,30.92,30.49,31.08,30.43,30.31,9184375,688664578.8344,30.9,1.22,755900000,755900000.0,53312265669.45,56715140000.0
2014-03-11,SBUX,30.31,30.19,30.35,30.0,30.11,4324387,316987478.595,30.21,0.57,755900000,755900000.0,52267762338.91,55603980000.0
2014-03-08,SBUX,30.11,30.08,30.12,29.76,29.96,4204684,305970191.6854,29.99,0.56,755900000,755900000.0,51919591246.18,55233570000.0
2014-03-07,SBUX,29.96,29.6,30.22,29.58,29.38,6890524,500918996.8895,29.96,0.91,755900000,755900000.0,51649580213.45,54946320000.0
2014-03-06,SBUX,29.38,29.67,29.71,29.21,29.53,4891703,348926079.9551,29.4,0.65,755900000,755900000.0,50661921273.45,53895660000.0
2014-03-05,SBUX,29.53,29.44,29.65,29.28,29.04,6127551,439267507.1441,29.54,0.81,755900000,755900000.0,50917718543.99,54167750000.0
2014-03-04,SBUX,29.04,28.85,29.15,28.85,29.24,6152496,432850193.3656,28.99,0.81,755900000,755900000.0,50072166672.36,53268230000.0
2014-03-01,SBUX,29.24,29.48,29.64,29.05,29.75,11232750,797137720.125,29.24,1.49,755900000,755900000.0,50420338475.63,53638630000.0
2014-02-28,SBUX,29.75,29.51,29.77,29.44,29.58,5649223,406673372.9218,29.67,0.75,755900000,755900000.0,51294307213.45,54568380000.0
2014-02-27,SBUX,29.58,29.18,29.76,28.83,29.07,9578266,682231056.5993,29.35,1.27,755900000,755900000.0,51002991169.45,54258480000.0
2014-02-26,SBUX,29.07,29.88,29.94,29.07,29.9,9320621,664879023.897,29.4,1.23,755900000,755900000.0,50129011773.45,53328730000.0
2014-02-25,SBUX,29.9,29.94,30.03,29.68,29.9,5976633,433948374.5709,29.92,0.79,755900000,755900000.0,51557216338.91,54848060000.0
2014-02-22,SBUX,29.9,30.4,30.44,29.89,30.31,5649129,412236692.485,30.07,0.75,755900000,755900000.0,51557216338.91,54848060000.0
2014-02-21,SBUX,30.31,30.25,30.38,29.87,30.22,4276516,313528476.9179,30.21,0.57,755900000,755900000.0,52260649773.45,55596400000.0
2014-02-20,SBUX,30.22,30.43,30.61,30.18,30.48,4901047,361113519.595,30.36,0.65,755900000,755900000.0,52097227746.18,55422560000.0
2014-02-19,SBUX,30.48,30.9,30.91,30.47,30.92,5483871,407457576.2678,30.62,0.73,755900000,755900000.0,52559077672.36,55913880000.0
2014-02-15,SBUX,30.92,30.64,30.94,30.5,30.78,4133219,309165554.112,30.83,0.55,755900000,755900000.0,53312265669.45,56715140000.0
2014-02-14,SBUX,30.78,30.31,30.78,30.24,30.46,4238625,314771719.833,30.6,0.56,755900000,755900000.0,53070672213.45,56458160000.0
2014-02-13,SBUX,30.46,30.7,30.93,30.37,30.7,4986524,369465470.5754,30.53,0.66,755900000,755900000.0,52516447043.99,55868540000.0
2014-02-12,SBUX,30.7,30.85,30.99,30.41,30.82,8082926,602670964.6567,30.73,1.07,755900000,755900000.0,52935677000.0,56314510000.0
2014-02-11,SBUX,30.82,30.62,30.98,30.62,30.51,6474192,484005323.9277,30.81,0.86,755900000,755900000.0,53148832273.45,56541300000.0
2014-02-08,SBUX,30.51,30.33,30.7,29.96,29.82,7376383,542548415.796,30.31,0.98,755900000,755900000.0,52605265293.99,55963030000.0
2014-02-07,SBUX,29.82,29.12,30.0,29.08,29.05,6909856,498571587.0391,29.73,0.91,755900000,755900000.0,51415098612.36,54696880000.0
2014-02-06,SBUX,29.05,28.88,29.15,28.69,29.11,5484160,385449770.8512,28.96,0.73,755900000,755900000.0,50086381145.09,53283350000.0
2014-02-05,SBUX,29.11,28.85,29.34,28.59,28.32,10533118,743859189.3475,29.1,1.39,755900000,755900000.0,50200070636.72,53404300000.0
2014-02-04,SBUX,28.32,29.15,29.36,28.19,29.2,10176926,708382133.2349,28.58,1.35,755900000,755900000.0,49006347672.36,52134380000.0
2014-02-01,SBUX,29.2,29.1,29.53,29.1,29.52,6143527,438743034.0379,29.32,0.81,755900000,755900000.0,50534028677.82,53759590000.0
2014-01-31,SBUX,29.52,29.67,29.74,29.28,29.38,7590797,544849911.8729,29.47,1.0,755900000,755900000.0,51095355043.99,54356750000.0
2014-01-30,SBUX,29.38,30.18,30.24,29.34,30.34,8001035,578217989.2755,29.67,1.06,755900000,755900000.0,50846670338.91,54092180000.0
2014-01-29,SBUX,30.34,30.61,30.71,30.24,30.47,5551945,411269208.987,30.41,0.73,755900000,755900000.0,52502243940.0,55853420000.0
2014-01-28,SBUX,30.47,30.89,30.89,30.39,30.78,9106012,678596314.0015,30.59,1.2,755900000,755900000.0,52729612975.63,56095290000.0
2014-01-25,SBUX,30.78,30.68,31.27,30.43,30.13,16609211,1253239694.7903,30.98,2.2,755900000,755900000.0,53276736237.82,56677380000.0
2014-01-24,SBUX,30.13,30.17,30.27,29.43,30.22,15225606,1110614990.1498,29.95,2.01,755900000,755900000.0,52146970940.0,55475480000.0
2014-01-23,SBUX,30.22,30.36,30.46,30.19,30.24,6994863,516700681.0429,30.33,0.93,755900000,755900000.0,52296179205.09,55634200000.0
2014-01-22,SBUX,30.24,30.81,30.82,30.08,30.75,9388633,694065904.5528,30.35,1.24,756184160,756184000.0,52351381316.08,55692940000.0
2014-01-18,SBUX,30.75,30.79,30.98,30.66,30.91,6503906,487639425.2989,30.78,0.86,756184160,756184000.0,53239897704.08,56638180000.0
2014-01-17,SBUX,30.91,31.13,31.28,30.84,31.28,4555461,343846597.1606,30.99,0.6,756184160,756184000.0,53517114817.14,56933090000.0
2014-01-16,SBUX,31.28,31.01,31.34,30.96,30.98,4360781,331684055.4067,31.23,0.58,756184160,756184000.0,54156842351.62,57613640000.0
2014-01-15,SBUX,30.98,30.84,31.35,30.69,30.84,9334102,704617312.1565,30.99,1.23,756184160,756184000.0,53637951624.28,57061620000.0
2014-01-14,SBUX,30.84,31.77,31.77,30.69,31.89,7365141,558352782.7776,31.12,0.97,756184160,756184000.0,53396278010.0,56804520000.0
2014-01-11,SBUX,31.89,31.84,32.02,31.59,31.86,3237975,250873743.9312,31.81,0.43,756184160,756184000.0,55208853573.95,58732790000.0
2014-01-10,SBUX,31.86,32.05,32.06,31.53,32.03,4185137,323718204.1599,31.76,0.55,756184160,756184000.0,55159090969.72,58679870000.0
2014-01-09,SBUX,32.03,31.73,32.08,31.69,31.7,5095285,396448254.0372,31.94,0.68,753600000,753600000.0,55275202811.62,58803400000.0
2014-01-08,SBUX,31.7,31.47,31.78,31.39,31.27,4090199,315695449.1358,31.69,0.54,753600000,753600000.0,54694322972.93,58185440000.0
2014-01-07,SBUX,31.27,31.57,31.76,31.21,31.59,5302449,404566195.4751,31.32,0.7,753600000,753600000.0,53957608571.62,57401670000.0
2014-01-04,SBUX,31.59,31.74,31.93,31.59,31.68,3272813,252613661.9921,31.69,0.43,753600000,753600000.0,54510146674.85,57989490000.0
2014-01-03,SBUX,31.68,32.05,32.13,31.61,32.18,4264008,329629108.5919,31.74,0.57,753600000,753600000.0,54665992571.62,58155290000.0
2014-01-01,SBUX,32.18,32.2,32.34,32.03,32.25,3008120,235670249.9396,32.16,0.4,753600000,753600000.0,55530221760.0,59074680000.0
2013-12-31,SBUX,32.25,32.35,32.36,31.97,32.26,2367243,185523641.4602,32.17,0.31,753600000,753600000.0,55643554699.39,59195270000.0
2013-12-28,SBUX,32.26,32.55,32.56,32.21,32.38,2253064,177424047.3003,32.33,0.3,753600000,753600000.0,55657725921.31,59210340000.0
2013-12-27,SBUX,32.38,32.32,32.44,32.2,32.26,2195669,173000699.5402,32.35,0.29,753600000,753600000.0,55877322836.16,59443930000.0
2013-12-25,SBUX,32.26,32.06,32.33,32.0,32.15,1948306,152555666.0753,32.15,0.26,753600000,753600000.0,55657725921.31,59210340000.0
2013-12-24,SBUX,32.15,32.01,32.16,31.76,31.88,3812276,297108151.7777,32.0,0.51,753600000,753600000.0,55480629921.31,59021930000.0
2013-12-21,SBUX,31.88,31.83,32.01,31.71,31.67,6353699,493587094.1076,31.89,0.84,753600000,753600000.0,55013093647.78,58524550000.0
2013-12-20,SBUX,31.67,32.12,32.23,31.62,31.89,5703141,441754984.8779,31.8,0.76,753600000,753600000.0,54651821349.7,58140220000.0
2013-12-19,SBUX,31.89,31.25,31.9,31.24,31.24,5134125,394767964.302,31.57,0.68,753600000,753600000.0,55027264161.31,58539620000.0
2013-12-18,SBUX,31.24,31.44,31.44,31.16,31.39,3504450,266705778.256,31.24,0.47,753600000,753600000.0,53900936434.85,57341420000.0
2013-12-17,SBUX,31.39,31.21,31.6,31.16,31.35,4674410,356745301.1407,31.33,0.62,753600000,753600000.0,54163034972.93,57620230000.0
2013-12-14,SBUX,31.35,31.54,31.58,31.24,31.4,4026291,307927095.9129,31.4,0.53,753600000,753600000.0,54085112024.54,57537330000.0
2013-12-13,SBUX,31.4,31.32,31.65,31.2,31.37,4825516,369869513.7527,31.47,0.64,753600000,753600000.0,54177205486.46,57635300000.0
2013-12-12,SBUX,31.37,31.86,32.02,31.32,31.77,7875996,605936491.5977,31.59,1.05,753600000,753600000.0,54120533349.7,57575010000.0
2013-12-11,SBUX,31.77,32.43,32.46,31.48,32.73,13164750,1019363575.0275,31.79,1.75,753600000,753600000.0,54814746836.16,58313520000.0
2013-12-10,SBUX,32.73,32.95,33.03,32.68,32.82,3968081,317655193.1244,32.87,0.53,753600000,753600000.0,56479453486.46,60084510000.0
2013-12-07,SBUX,32.82,33.09,33.15,32.72,32.73,3368316,269634015.79,32.86,0.45,753600000,753600000.0,56628208459.39,60242740000.0
2013-12-06,SBUX,32.73,32.66,32.95,32.57,32.64,3284597,262203121.3527,32.77,0.44,753600000,753600000.0,56472362562.62,60076970000.0
2013-12-05,SBUX,32.64,33.0,33.14,32.61,33.07,5103227,407352311.6914,32.77,0.68,753600000,753600000.0,56316528000.0,59911170000.0
2013-12-04,SBUX,33.07,33.15,33.32,32.96,33.28,3946632,318035393.088,33.08,0.52,753600000,753600000.0,57060322699.39,60702430000.0
2013-12-03,SBUX,33.28,33.46,33.54,33.22,33.44,2886900,234468781.1634,33.34,0.38,753600000,753600000.0,57428685921.31,61094340000.0
2013-11-30,SBUX,33.44,33.6,33.82,33.41,33.51,2193572,179501073.8039,33.6,0.29,753600000,753600000.0,57704954972.93,61388220000.0
2013-11-28,SBUX,33.51,33.41,33.63,33.34,33.46,2376000,193917000.024,33.51,0.32,753600000,753600000.0,57818299246.46,61508810000.0
2013-11-27,SBUX,33.46,33.2,33.52,33.01,33.14,4383930,356354724.8826,33.37,0.58,753600000,753600000.0,57740376298.08,61425910000.0
2013-11-26,SBUX,33.14,33.41,33.45,33.05,33.4,4500563,363843492.6692,33.19,0.6,753600000,753600000.0,57173666972.93,60823020000.0
2013-11-23,SBUX,33.4,33.54,33.54,33.3,33.47,3963085,322117912.0459,33.37,0.53,753600000,753600000.0,57627032024.54,61305320000.0
2013-11-22,SBUX,33.47,32.76,33.52,32.74,32.72,6569547,534193510.3697,33.38,0.87,753600000,753600000.0,57754546811.62,61440980000.0
2013-11-21,SBUX,32.72,32.9,32.95,32.56,32.81,4367074,348229572.4086,32.74,0.58,753600000,753600000.0,56451112459.39,60054360000.0
2013-11-20,SBUX,32.81,32.85,33.22,32.79,33.07,4362969,350063223.4711,32.94,0.58,753600000,753600000.0,56614048571.62,60227700000.0
2013-11-19,SBUX,33.07,33.26,33.39,32.93,33.33,4161313,335797564.505,33.13,0.55,753600000,753600000.0,57053243109.7,60694940000.0
2013-11-16,SBUX,33.33,33.36,33.44,33.16,33.31,3222700,261351943.2173,33.29,0.43,753600000,753600000.0,57513688459.39,61184730000.0
2013-11-15,SBUX,33.31,33.47,33.48,33.17,33.44,3823844,310221542.5624,33.31,0.51,753600000,753600000.0,57478277760.0,61147090000.0
2013-11-14,SBUX,33.44,32.53,33.46,32.51,33.1,6259527,505639527.1027,33.16,0.83,753600000,753600000.0,57705668315.62,61389000000.0
2013-11-13,SBUX,33.1,33.16,33.27,32.89,33.14,3306536,266015404.0589,33.03,0.44,753600000,753600000.0,57106369784.54,60751420000.0
2013-11-12,SBUX,33.14,33.23,33.32,33.14,33.23,2573104,208792692.03,33.21,0.34,753600000,753600000.0,57372013784.54,61034040000.0
2013-11-09,SBUX,33.23,32.54,33.25,32.49,32.36,5743867,463987204.0429,33.06,0.76,753600000,753600000.0,57520778674.85,61192310000.0
2013-11-08,SBUX,32.36,33.27,33.29,32.33,33.2,6641641,528911710.2588,32.59,0.88,753200000,753200000.0,55982187603.94,59555510000.0
2013-11-07,SBUX,33.2,33.72,33.76,33.14,33.55,4281145,348923575.1234,33.35,0.57,753200000,753200000.0,57440681959.92,61107070000.0
2013-11-06,SBUX,33.55,32.89,33.7,32.8,32.89,5046422,412159451.8592,33.42,0.67,753200000,753200000.0,58049569547.93,61754860000.0
2013-11-05,SBUX,32.89,33.05,33.06,32.82,32.89,4142590,333147903.8902,32.91,0.55,753200000,753200000.0,56902600127.97,60534660000.0
2013-11-02,SBUX,32.89,33.37,33.37,32.6,33.17,6002602,481544861.4316,32.83,0.8,753200000,753200000.0,56902600127.97,60534660000.0
2013-11-01,SBUX,33.17,32.2,33.4,32.15,33.08,10245774,824067531.0996,32.91,1.36,753200000,753200000.0,57384039903.9,61046820000.0
2013-10-31,SBUX,33.08,33.0,33.09,32.64,32.58,8759356,704280243.5798,32.9,1.16,753200000,753200000.0,57228277435.9,60881140000.0
2013-10-30,SBUX,32.58,32.41,32.58,32.35,32.21,3949218,313608562.4501,32.5,0.52,753200000,753200000.0,56371594127.97,59969740000.0
2013-10-29,SBUX,32.21,32.82,32.91,32.13,32.72,5621363,444825177.3401,32.38,0.75,753200000,753200000.0,55727304015.94,59284360000.0
2013-10-26,SBUX,32.72,32.52,32.74,32.44,32.35,3625920,289122858.3946,32.63,0.48,753200000,753200000.0,56612314015.94,60225860000.0
2013-10-25,SBUX,32.35,32.48,32.51,32.13,32.76,6754180,533174888.1498,32.3,0.9,753200000,753200000.0,55968023903.9,59540440000.0
2013-10-24,SBUX,32.76,32.92,33.09,32.69,33.11,3954047,317258876.2993,32.83,0.52,753200000,753200000.0,56676031903.9,60293610000.0
2013-10-23,SBUX,33.11,32.7,33.18,32.57,32.52,4209781,338832643.347,32.94,0.56,753200000,753200000.0,57277842951.95,60933860000.0
2013-10-22,SBUX,32.52,32.37,32.7,32.19,32.46,3385145,269100382.1213,32.53,0.45,753200000,753200000.0,56258310015.94,59849230000.0
2013-10-19,SBUX,32.46,32.44,32.6,32.32,32.22,4524981,358795241.4251,32.45,0.6,753200000,753200000.0,56152113063.98,59736270000.0
2013-10-18,SBUX,32.22,31.78,32.27,31.69,31.94,3281290,257045082.5263,32.06,0.44,753200000,753200000.0,55744999967.89,59303160000.0
2013-10-17,SBUX,31.94,31.59,32.01,31.47,31.39,5051969,393054231.8042,31.84,0.67,753200000,753200000.0,55252940071.95,58779690000.0
2013-10-16,SBUX,31.39,31.85,31.88,31.35,31.96,4073437,314136483.6424,31.56,0.54,753200000,753200000.0,54311288015.94,57777930000.0
2013-10-15,SBUX,31.96,31.73,32.05,31.61,31.85,2993331,233021200.7775,31.86,0.4,753200000,753200000.0,55295418427.93,58824910000.0
2013-10-12,SBUX,31.85,31.6,31.85,31.46,31.56,2765188,214350424.8426,31.72,0.37,753200000,753200000.0,55097177603.94,58614000000.0
2013-10-11,SBUX,31.56,31.22,31.64,31.15,30.8,3319048,255397089.3282,31.49,0.44,753200000,753200000.0,54601574127.97,58086770000.0
2013-10-10,SBUX,30.8,30.85,31.02,30.47,30.91,4744785,356321002.8246,30.73,0.63,753200000,753200000.0,53284678539.96,56685810000.0
2013-10-09,SBUX,30.91,31.56,31.93,30.87,31.45,6323988,483054604.4701,31.26,0.84,753200000,753200000.0,53475843531.99,56889180000.0
2013-10-08,SBUX,31.45,31.35,31.67,31.27,31.67,2553492,196502424.3369,31.49,0.34,753200000,753200000.0,54418197931.94,57891680000.0
2013-10-05,SBUX,31.67,31.43,31.7,31.31,31.46,2621073,202283117.3154,31.58,0.35,753200000,753200000.0,54799814951.95,58297670000.0
2013-10-04,SBUX,31.46,31.49,31.7,31.23,31.59,4133215,317699153.5203,31.46,0.55,753200000,753200000.0,54424572127.97,57898470000.0
2013-10-03,SBUX,31.59,31.34,31.6,31.19,31.58,3050441,234487991.4556,31.46,0.4,753200000,753200000.0,54651129023.9,58139480000.0
2013-10-02,SBUX,31.58,31.5,31.65,31.33,31.5,2604561,200572262.6894,31.51,0.35,753200000,753200000.0,54629889491.91,58116870000.0
2013-10-01,SBUX,31.5,31.31,31.55,31.12,31.65,4430621,340436463.1644,31.44,0.59,753200000,753200000.0,54495365847.89,57973760000.0
2013-09-28,SBUX,31.65,31.47,31.71,31.26,31.58,3100442,238845305.7629,31.53,0.41,751400000,751400000.0,54619407097.89,58105730000.0
2013-09-27,SBUX,31.58,31.36,31.62,31.23,31.24,2494407,192067817.4117,31.51,0.33,751400000,751400000.0,54513463935.79,57993010000.0
2013-09-26,SBUX,31.24,31.44,31.51,31.13,31.33,3631245,277845430.1615,31.31,0.48,751400000,751400000.0,53920161321.05,57361860000.0
2013-09-25,SBUX,31.33,30.91,31.64,30.89,30.84,3867963,296576786.3341,31.38,0.51,751400000,751400000.0,54068481324.21,57519630000.0
2013-09-24,SBUX,30.84,31.15,31.26,30.72,31.15,3391941,256022658.5702,30.89,0.45,751400000,751400000.0,53227963871.58,56625480000.0
2013-09-21,SBUX,31.15,31.21,31.51,31.13,31.24,4817613,367926818.499,31.25,0.64,751400000,751400000.0,53764771094.74,57196540000.0
2013-09-20,SBUX,31.24,31.72,31.86,31.22,31.65,4023750,308576546.9287,31.38,0.54,751400000,751400000.0,53927220243.16,57369350000.0
2013-09-19,SBUX,31.65,31.05,31.76,30.92,31.12,4745629,364478515.6132,31.43,0.63,751400000,751400000.0,54619407097.89,58105730000.0
2013-09-18,SBUX,31.12,30.8,31.2,30.76,30.79,3330608,252781133.6969,31.06,0.44,751400000,751400000.0,53708264402.1,57136410000.0
2013-09-17,SBUX,30.79,31.33,31.35,30.63,30.93,4393715,331528578.1623,30.88,0.58,751400000,751400000.0,53143209483.16,56535320000.0
2013-09-14,SBUX,30.93,30.93,30.98,30.55,30.97,2884068,217125311.6348,30.81,0.38,751400000,751400000.0,53376295175.79,56783250000.0
2013-09-13,SBUX,30.97,30.9,31.06,30.74,30.85,3814380,288433444.8107,30.94,0.51,751400000,751400000.0,53446931013.68,56858420000.0
2013-09-12,SBUX,30.85,30.42,30.9,30.42,30.37,4991422,374771437.1682,30.73,0.66,751400000,751400000.0,53249163240.0,56648000000.0
2013-09-11,SBUX,30.37,29.87,30.41,29.84,29.64,5889711,435101145.6166,30.23,0.78,751400000,751400000.0,52419239821.05,55765110000.0
2013-09-10,SBUX,29.64,29.33,29.66,29.33,29.29,2469465,178397332.2709,29.56,0.33,751400000,751400000.0,51165522564.21,54431380000.0
2013-09-07,SBUX,29.29,29.62,29.73,29.03,29.48,3178335,228420230.1632,29.41,0.42,751400000,751400000.0,50551031175.79,53777650000.0
2013-09-06,SBUX,29.48,29.57,29.78,29.47,29.52,2465610,178187652.3496,29.57,0.33,751400000,751400000.0,50890059324.21,54138340000.0
2013-09-05,SBUX,29.52,29.23,29.57,29.09,29.3,3252192,233651457.7056,29.4,0.43,751400000,751400000.0,50953636240.0,54205970000.0
2013-09-04,SBUX,29.3,29.34,29.52,29.13,28.86,3625450,260053513.9982,29.35,0.48,751400000,751400000.0,50572219243.16,53800220000.0
2013-08-31,SBUX,28.86,29.21,29.22,28.78,29.13,2833594,200233913.8254,28.92,0.38,751400000,751400000.0,49809397256.84,52988680000.0
2013-08-30,SBUX,29.13,28.94,29.4,28.85,29.04,2755160,196887830.5229,29.24,0.37,751400000,751400000.0,50275567935.79,53484630000.0
2013-08-29,SBUX,29.04,28.68,29.19,28.59,28.71,3126861,221684120.005,29.01,0.42,751400000,751400000.0,50120177709.47,53319310000.0
2013-08-28,SBUX,28.71,29.01,29.21,28.69,29.42,4012513,283182667.6111,28.88,0.53,751400000,751400000.0,49555122790.52,52718180000.0
2013-08-27,SBUX,29.42,29.49,29.55,29.3,29.45,2464634,177358991.2666,29.45,0.33,751400000,751400000.0,50769987016.84,54010590000.0
2013-08-24,SBUX,29.45,29.49,29.54,29.29,29.42,2934870,210881535.5922,29.4,0.39,751400000,751400000.0,50833552631.58,54078210000.0
2013-08-23,SBUX,29.42,29.09,29.57,29.06,28.94,2699938,194076130.6347,29.42,0.36,751400000,751400000.0,50784116162.1,54025630000.0
2013-08-22,SBUX,28.94,28.82,29.22,28.76,28.92,3460044,244898426.5956,28.96,0.46,751400000,751400000.0,49945721895.37,53133720000.0
2013-08-21,SBUX,28.92,28.79,29.07,28.69,28.76,3024410,213687840.6355,28.91,0.4,751400000,751400000.0,49908280790.52,53093910000.0
2013-08-20,SBUX,28.76,28.88,29.18,28.72,28.94,3175704,224341565.7153,28.91,0.42,751400000,751400000.0,49646947402.1,52815870000.0
2013-08-17,SBUX,28.94,29.05,29.21,28.87,28.95,3465565,245857924.3515,29.03,0.46,751400000,751400000.0,49943598709.47,53131470000.0
2013-08-16,SBUX,28.95,29.18,29.2,28.77,29.4,3599439,254580012.9648,28.94,0.48,751400000,751400000.0,49964787483.16,53154000000.0
2013-08-15,SBUX,29.4,29.7,29.7,29.38,29.73,2468676,177865365.5696,29.48,0.33,751400000,751400000.0,50748798243.16,53988060000.0
2013-08-14,SBUX,29.73,29.91,29.91,29.44,29.84,2688897,195030251.7126,29.68,0.36,751400000,751400000.0,51306794240.0,54581660000.0
2013-08-13,SBUX,29.84,29.58,29.93,29.57,29.79,2736835,199270872.1345,29.8,0.36,751400000,751400000.0,51511620935.79,54799560000.0
2013-08-10,SBUX,29.79,29.71,29.97,29.68,29.85,2683925,195712052.5533,29.84,0.36,751400000,751400000.0,51419796324.21,54701880000.0
2013-08-09,SBUX,29.85,29.78,30.04,29.63,29.54,2962686,216122015.3653,29.85,0.39,751400000,751400000.0,51518680564.21,54807100000.0
2013-08-08,SBUX,29.54,29.61,29.93,29.53,29.79,3535011,256127772.6505,29.65,0.47,751400000,751400000.0,50988943564.21,54243530000.0
2013-08-07,SBUX,29.79,30.14,30.22,29.78,30.18,3979360,290863312.7277,29.91,0.53,751400000,751400000.0,51419796324.21,54701880000.0
2013-08-06,SBUX,30.18,30.29,30.31,30.08,30.29,3804248,281680544.3781,30.21,0.51,751400000,751400000.0,52246184631.58,55581040000.0
2013-08-03,SBUX,30.29,29.99,30.31,29.85,29.98,4708356,348451754.4942,30.2,0.63,751400000,751400000.0,52429833854.74,55776380000.0
2013-08-02,SBUX,29.98,29.49,30.09,29.41,29.09,6427215,470536358.7323,29.87,0.86,751400000,751400000.0,51900096854.74,55212850000.0
2013-08-01,SBUX,29.09,29.44,29.58,29.06,29.35,5624250,403396451.634,29.27,0.75,751400000,751400000.0,50352552141.89,53566500000.0
2013-07-31,SBUX,29.35,29.75,29.78,29.26,29.56,4904672,354614612.9034,29.5,0.65,751400000,751400000.0,50805304935.79,54048190000.0
2013-07-30,SBUX,29.56,29.69,29.82,29.42,29.94,6417637,464670277.6771,29.55,0.85,751400000,751400000.0,51172592081.05,54438910000.0
2013-07-27,SBUX,29.94,29.63,30.0,29.32,27.82,16149063,1177810690.0362,29.76,2.15,751400000,751400000.0,51815331871.58,55122660000.0
2013-07-26,SBUX,27.82,27.32,27.87,27.23,27.18,8045590,543587302.7677,27.57,1.07,751400000,751400000.0,48149561013.68,51222890000.0
2013-07-25,SBUX,27.18,27.8,27.92,27.05,27.61,7020109,470586611.4957,27.35,0.93,751400000,751400000.0,47047698871.58,50050700000.0
2013-07-24,SBUX,27.61,28.25,28.29,27.52,28.16,4234469,288113630.6899,27.76,0.57,748700000,748700000.0,47617611738.44,50656990000.0
2013-07-23,SBUX,28.16,28.19,28.24,27.97,28.07,3280041,226085996.9196,28.13,0.44,748700000,748700000.0,48574750522.22,51675260000.0
2013-07-20,SBUX,28.07,27.98,28.2,27.91,27.94,3599177,247236102.5556,28.03,0.48,748700000,748700000.0,48412884397.33,51503060000.0
2013-07-19,SBUX,27.94,27.93,28.16,27.76,27.83,4268875,292574139.9051,27.97,0.57,748700000,748700000.0,48194714624.89,51270940000.0
2013-07-18,SBUX,27.83,28.46,28.49,27.7,28.37,6074152,416492417.8911,27.98,0.81,748700000,748700000.0,47997657488.67,51061310000.0
2013-07-17,SBUX,28.37,28.42,28.45,28.19,28.43,3034073,210470576.5622,28.31,0.41,748700000,748700000.0,48926639522.22,52049590000.0
2013-07-16,SBUX,28.43,28.44,28.52,28.37,28.45,3090432,215312233.1566,28.43,0.41,748700000,748700000.0,49025167738.44,52154410000.0
2013-07-13,SBUX,28.45,28.25,28.45,28.07,28.3,4853363,336366142.3117,28.28,0.65,748700000,748700000.0,49067392307.11,52199340000.0
2013-07-12,SBUX,28.3,28.03,28.37,27.89,27.79,4192996,289903743.44,28.21,0.56,748700000,748700000.0,48799964408.67,51914830000.0
2013-07-11,SBUX,27.79,27.7,27.8,27.52,27.8,4039396,273764000.7666,27.66,0.54,748700000,748700000.0,47927275466.0,50986430000.0
2013-07-10,SBUX,27.8,28.12,28.16,27.74,27.87,3729957,254721359.5801,27.87,0.5,748700000,748700000.0,47948388102.22,51008920000.0
2013-07-09,SBUX,27.87,27.72,28.08,27.7,27.63,4014960,274534533.384,27.9,0.54,748700000,748700000.0,48060995397.33,51128690000.0
2013-07-06,SBUX,27.63,27.7,27.75,27.3,27.46,2595522,175123240.9231,27.53,0.35,748700000,748700000.0,47659836307.11,50701930000.0
2013-07-04,SBUX,27.46,27.11,27.62,27.1,27.25,2817594,189332979.2935,27.42,0.38,748700000,748700000.0,47364250954.66,50387470000.0
2013-07-03,SBUX,27.25,27.03,27.42,26.96,27.03,3382764,225669578.5658,27.22,0.45,748700000,748700000.0,47005328397.33,50005640000.0
2013-07-02,SBUX,27.03,26.97,27.13,26.86,26.73,3346520,221632653.9095,27.03,0.45,748700000,748700000.0,46618248386.0,49593880000.0
2013-06-29,SBUX,26.73,26.73,27.03,26.69,26.81,5418652,356406926.0013,26.84,0.72,748700000,748700000.0,46104493261.11,49047300000.0
2013-06-28,SBUX,26.81,27.04,27.14,26.79,26.85,3154055,208046495.3637,26.92,0.42,748700000,748700000.0,46231168374.66,49182060000.0
2013-06-27,SBUX,26.85,26.68,27.22,26.48,26.42,4772918,313977762.1026,26.84,0.64,748700000,748700000.0,46308583954.66,49264430000.0
2013-06-26,SBUX,26.42,26.33,26.67,26.3,26.12,4928426,319925284.4644,26.49,0.66,748700000,748700000.0,45562581386.0,48470790000.0
2013-06-25,SBUX,26.12,26.12,26.35,25.78,26.4,4956887,316446664.7888,26.05,0.66,748700000,748700000.0,45048826261.11,47924260000.0
2013-06-22,SBUX,26.4,26.81,26.9,26.21,26.61,7354750,478738270.062,26.56,0.98,748700000,748700000.0,45527390374.66,48433360000.0
2013-06-21,SBUX,26.61,26.86,27.06,26.54,27.1,5804289,381436890.5753,26.82,0.78,748700000,748700000.0,45900391307.11,48830180000.0
2013-06-20,SBUX,27.1,27.35,27.54,27.1,27.38,5323625,356565174.9749,27.33,0.71,748700000,748700000.0,46737889238.44,49721140000.0
2013-06-19,SBUX,27.38,26.93,27.39,26.91,26.94,3727936,249201680.7621,27.28,0.5,748700000,748700000.0,47219975057.11,50234000000.0
2013-06-18,SBUX,26.94,27.01,27.16,26.82,26.77,4057900,268524983.0494,27.0,0.54,748700000,748700000.0,46470460636.22,49436630000.0
2013-06-15,SBUX,26.77,26.91,27.21,26.71,26.92,4927215,325074473.0079,26.92,0.66,748700000,748700000.0,46167830466.0,49114680000.0
2013-06-14,SBUX,26.92,26.34,27.01,26.14,26.3,5955090,389185890.9437,26.67,0.8,748700000,748700000.0,46428224807.11,49391700000.0
2013-06-13,SBUX,26.3,26.86,26.93,26.22,26.7,5035059,327155909.0696,26.51,0.67,748700000,748700000.0,45358489988.67,48253700000.0
2013-06-12,SBUX,26.7,26.72,26.98,26.65,26.98,3948748,259332832.3781,26.8,0.53,748700000,748700000.0,46041156056.22,48979930000.0
2013-06-11,SBUX,26.98,26.79,27.06,26.72,26.54,6206867,409583047.1617,26.93,0.83,748700000,748700000.0,46526753727.11,49496510000.0
2013-06-08,SBUX,26.54,25.88,26.56,25.88,25.72,6876848,443982304.1227,26.35,0.92,748700000,748700000.0,45773716897.33,48695420000.0
2013-06-07,SBUX,25.72,25.44,25.73,25.43,25.44,4312652,270747369.6525,25.62,0.58,748700000,748700000.0,44352082522.22,47183050000.0
2013-06-06,SBUX,25.44,25.72,25.83,25.43,25.84,4204367,263561643.1143,25.58,0.56,748700000,748700000.0,43873518408.67,46673920000.0
2013-06-05,SBUX,25.84,25.55,26.17,25.55,25.9,4311281,273107575.4519,25.85,0.58,748700000,748700000.0,44570251590.89,47415130000.0
2013-06-04,SBUX,25.9,25.81,25.93,25.55,25.77,5708914,359817949.1545,25.72,0.76,748700000,748700000.0,44661746249.78,47512490000.0
2013-06-01,SBUX,25.77,25.79,26.26,25.62,25.9,5103059,324498913.7477,25.95,0.68,748700000,748700000.0,47272918000.0,47272880000.0
2013-05-31,SBUX,25.9,26.06,26.13,25.89,25.97,4400449,280415083.3649,26.0,0.59,748700000,748700000.0,47519978518.2,47519950000.0
2013-05-30,SBUX,25.97,26.03,26.16,25.76,26.22,3781125,240579734.688,25.96,0.51,748700000,748700000.0,47639773513.0,47639750000.0
2013-05-29,SBUX,26.22,26.2,26.4,26.13,25.86,3719258,239295914.1885,26.25,0.5,748700000,748700000.0,48111458256.5,48111450000.0
2013-05-25,SBUX,25.86,25.74,25.87,25.55,25.92,3253621,205375692.7109,25.76,0.43,748700000,748700000.0,47437621518.2,47437620000.0
2013-05-24,SBUX,25.92,25.99,26.04,25.72,26.18,4129274,261753795.1954,25.87,0.55,748700000,748700000.0,47557416513.0,47557380000.0
2013-05-23,SBUX,26.18,26.18,26.5,26.1,26.22,5507391,354977724.8455,26.3,0.74,748700000,748700000.0,48029100507.8,48029080000.0
2013-05-22,SBUX,26.22,26.13,26.3,26.07,26.05,3294473,211483090.3364,26.2,0.44,748700000,748700000.0,48103975000.0,48103950000.0
2013-05-21,SBUX,26.05,26.13,26.37,26.03,26.17,3605995,231200868.3795,26.16,0.48,748700000,748700000.0,47789511266.9,47789500000.0
2013-05-18,SBUX,26.17,26.02,26.17,25.91,25.93,3467141,221337032.1885,26.05,0.46,748700000,748700000.0,48014123513.0,48014090000.0
2013-05-17,SBUX,25.93,26.12,26.14,25.89,26.14,3330618,212086716.6442,25.98,0.44,748700000,748700000.0,47579876015.6,47579870000.0
2013-05-16,SBUX,26.14,25.84,26.2,25.8,25.92,4827270,308654185.9645,26.09,0.64,748700000,748700000.0,47969203759.1,47969200000.0
2013-05-15,SBUX,25.92,25.68,25.94,25.62,25.63,3755390,237821694.682,25.84,0.5,748700000,748700000.0,47557416513.0,47557380000.0
2013-05-14,SBUX,25.63,25.79,25.8,25.55,25.75,2953446,185676646.5319,25.65,0.39,748700000,748700000.0,47033328759.1,47033300000.0
2013-05-11,SBUX,25.75,25.53,25.79,25.46,25.45,3742850,235739241.4579,25.7,0.5,748700000,748700000.0,47240712669.5,47240680000.0
2013-05-10,SBUX,25.45,25.57,25.67,25.32,25.47,4138770,257842415.9182,25.42,0.55,748700000,748700000.0,46688921518.2,46688910000.0
2013-05-09,SBUX,25.47,25.44,25.48,25.19,25.38,2757051,171555538.2117,25.39,0.37,748700000,748700000.0,46726358764.3,46726350000.0
2013-05-08,SBUX,25.38,25.52,25.52,25.18,25.41,3747914,232627388.8653,25.33,0.5,748700000,748700000.0,46561644015.6,46561610000.0
2013-05-07,SBUX,25.41,25.22,25.41,25.18,25.16,3498667,217839588.6265,25.32,0.47,748700000,748700000.0,46778773005.2,46778730000.0
2013-05-04,SBUX,25.16,24.75,25.2,24.69,24.56,4917973,303183174.9141,25.07,0.66,748700000,748700000.0,46322066005.2,46322030000.0
2013-05-03,SBUX,24.56,24.58,24.68,24.24,24.46,3119055,188277965.4232,24.55,0.42,748700000,748700000.0,45206498513.0,45206480000.0
2013-05-02,SBUX,24.46,24.63,24.68,24.38,24.74,3148298,189513359.6658,24.48,0.42,748700000,748700000.0,45026818000.0,45026790000.0
2013-05-01,SBUX,24.74,24.66,24.77,24.53,24.64,4021046,244009130.397,24.68,0.54,748700000,748700000.0,45550905753.9,45550880000.0
2013-04-30,SBUX,24.64,24.54,24.78,24.45,24.4,3700579,224286505.3157,24.65,0.49,748700000,748700000.0,45356236266.9,45356200000.0
2013-04-27,SBUX,24.4,24.12,24.56,24.08,24.6,7485484,448310779.2875,24.36,1.0,748700000,748700000.0,44922000000.0,44921980000.0
2013-04-26,SBUX,24.6,24.4,24.66,24.37,24.33,8304465,500887128.261,24.53,1.11,748700000,748700000.0,45296350000.0,45296310000.0
2013-04-25,SBUX,24.33,24.28,24.39,24.05,24.15,5207609,310698925.094,24.26,0.7,748700000,748700000.0,44794711266.9,44794670000.0
2013-04-24,SBUX,24.15,23.93,24.36,23.91,23.85,5663410,336681761.7455,24.18,0.76,749300000,749300000.0,44500927000.0,44500910000.0
2013-04-23,SBUX,23.85,23.76,23.94,23.58,23.75,2773801,162498962.5621,23.83,0.37,749300000,749300000.0,43938952000.0,43938940000.0
2013-04-20,SBUX,23.75,23.42,23.82,23.4,23.47,4302949,250376928.4094,23.66,0.57,749300000,749300000.0,43762865750.7,43762850000.0
2013-04-19,SBUX,23.47,23.73,23.78,23.38,23.66,4460727,258208276.8674,23.54,0.6,749300000,749300000.0,43249585509.8,43249580000.0
2013-04-18,SBUX,23.66,23.6,23.81,23.45,23.82,3603684,209368620.4593,23.63,0.48,749300000,749300000.0,43586780250.7,43586760000.0
2013-04-17,SBUX,23.82,23.56,23.97,23.47,23.47,4424660,258580652.4294,23.77,0.59,749300000,749300000.0,43879006501.4,43878970000.0
2013-04-16,SBUX,23.47,23.86,24.17,23.43,24.03,5351035,312516989.4002,23.75,0.71,749300000,749300000.0,43242097005.6,43242090000.0
2013-04-13,SBUX,24.03,23.88,24.28,23.83,23.82,5209254,308104453.3824,24.05,0.7,749300000,749300000.0,44276134752.1,44276120000.0
2013-04-12,SBUX,23.82,23.57,23.99,23.51,23.51,5208625,305548297.2465,23.86,0.7,749300000,749300000.0,43890245252.1,43890230000.0
2013-04-11,SBUX,23.51,23.44,23.71,23.43,23.35,4288692,248673788.5851,23.58,0.57,749300000,749300000.0,43309531008.4,43309500000.0
2013-04-10,SBUX,23.35,23.57,23.59,23.25,23.64,4180676,240349960.4485,23.38,0.56,749300000,749300000.0,43017304757.7,43017300000.0
2013-04-09,SBUX,23.64,23.52,23.64,23.37,23.51,3671986,212592897.5375,23.55,0.49,749300000,749300000.0,43549313002.8,43549290000.0
2013-04-06,SBUX,23.51,23.27,23.54,23.07,23.63,4496797,258130942.2621,23.35,0.6,749300000,749300000.0,43309531008.4,43309500000.0
2013-04-05,SBUX,23.63,23.43,23.71,23.43,23.47,3784340,219401236.4306,23.58,0.51,749300000,749300000.0,43541812509.8,43541790000.0
2013-04-04,SBUX,23.47,23.75,23.95,23.34,23.69,5636301,327587980.2333,23.64,0.75,749300000,749300000.0,43234607752.1,43234590000.0
2013-04-03,SBUX,23.69,23.26,23.72,23.24,23.13,6747875,390556849.4481,23.54,0.9,749300000,749300000.0,43654214253.5,43654180000.0
2013-04-02,SBUX,23.13,23.23,23.32,23.04,23.16,3505016,199636591.3084,23.16,0.47,749300000,749300000.0,42612688002.8,42612680000.0
2013-03-29,SBUX,23.16,23.15,23.29,23.12,23.14,3810295,217231353.5383,23.19,0.51,749300000,749300000.0,42672632752.1,42672630000.0
2013-03-28,SBUX,23.14,23.12,23.16,22.86,23.2,3728414,211184822.0596,23.04,0.5,749300000,749300000.0,42642654757.7,42642650000.0
2013-03-27,SBUX,23.2,23.18,23.25,23.06,23.06,3064731,174612414.3257,23.17,0.41,749300000,749300000.0,42747556008.4,42747550000.0
2013-03-26,SBUX,23.06,23.4,23.52,22.84,23.34,5290613,300081400.2087,23.07,0.71,749300000,749300000.0,42477808008.4,42477800000.0
2013-03-23,SBUX,23.34,23.3,23.49,23.25,23.2,4373734,251181313.0157,23.36,0.58,749300000,749300000.0,42994826507.0,42994810000.0
2013-03-22,SBUX,23.2,23.3,23.35,23.08,23.36,4153660,237083000.0777,23.21,0.55,749300000,749300000.0,42747556008.4,42747550000.0
2013-03-21,SBUX,23.36,23.27,23.43,23.18,23.11,4811789,275590855.4942,23.29,0.64,749300000,749300000.0,43032293754.9,43032290000.0
2013-03-20,SBUX,23.11,22.98,23.17,22.76,23.15,6668613,376758629.2449,22.98,0.89,749300000,749300000.0,42582709259.1,42582710000.0
2013-03-19,SBUX,23.15,23.21,23.35,23.08,23.45,5260809,299940769.1405,23.19,0.7,749300000,749300000.0,42657643754.9,42657640000.0
2013-03-16,SBUX,23.45,23.33,23.53,23.29,23.46,7551668,434401364.6585,23.39,1.01,749300000,749300000.0,43204629757.7,43204610000.0
2013-03-15,SBUX,23.46,23.8,23.89,23.35,23.83,7361652,424879857.9741,23.47,0.98,749300000,749300000.0,43219618754.9,43219600000.0
2013-03-14,SBUX,23.83,23.72,23.91,23.7,23.7,3717670,217935756.2367,23.84,0.5,749300000,749300000.0,43897734505.6,43897730000.0
2013-03-13,SBUX,23.7,23.77,23.81,23.58,23.84,5835348,339872783.4889,23.69,0.78,749300000,749300000.0,43669203250.7,43669180000.0
2013-03-12,SBUX,23.84,23.75,23.97,23.72,23.86,4949180,290310915.7727,23.86,0.66,749300000,749300000.0,43916462509.8,43916450000.0
2013-03-09,SBUX,23.86,23.86,23.98,23.65,23.69,7109656,417477493.0729,23.88,0.95,749300000,749300000.0,43961430250.7,43961430000.0
2013-03-08,SBUX,23.69,23.22,23.79,23.22,23.22,9125410,529063804.3159,23.58,1.22,749300000,749300000.0,43646725000.0,43646690000.0
2013-03-07,SBUX,23.22,23.08,23.38,23.04,22.98,7463207,426740884.8462,23.25,1.0,749300000,749300000.0,42785023256.3,42785020000.0
2013-03-06,SBUX,22.98,22.77,23.1,22.77,22.65,6465922,365623939.3249,23.0,0.86,749300000,749300000.0,42342939253.5,42342940000.0
2013-03-05,SBUX,22.65,22.27,22.66,22.23,22.32,5097426,282153687.3655,22.51,0.68,749300000,749300000.0,41736007752.1,41736000000.0
2013-03-02,SBUX,22.32,22.22,22.34,21.96,22.31,4226219,230867338.8957,22.22,0.56,749300000,749300000.0,41114088002.8,41114090000.0
2013-03-01,SBUX,22.31,22.23,22.44,22.14,22.19,5218133,286524995.6915,22.33,0.7,749300000,749300000.0,41099098256.3,41099090000.0
2013-02-28,SBUX,22.19,21.66,22.36,21.59,21.67,6028149,328381523.9362,22.15,0.8,749300000,749300000.0,40889295754.9,40889290000.0
2013-02-27,SBUX,21.67,21.73,21.9,21.49,21.64,5306340,282731829.4889,21.67,0.71,749300000,749300000.0,39922703250.7,39922700000.0
2013-02-26,SBUX,21.64,22.12,22.25,21.64,22.03,6167254,332541339.1327,21.93,0.82,749300000,749300000.0,39870247005.6,39870250000.0
2013-02-23,SBUX,22.03,21.84,22.05,21.67,21.7,5744606,308793172.6571,21.86,0.77,749300000,749300000.0,40589580250.7,40589580000.0
2013-02-22,SBUX,21.7,21.58,21.82,21.36,21.68,6949504,369599599.2374,21.63,0.93,749300000,749300000.0,39975148256.3,39975140000.0
2013-02-21,SBUX,21.68,22.21,22.3,21.63,22.14,6238449,335364613.6613,21.86,0.83,749300000,749300000.0,39945181501.4,39945180000.0
2013-02-20,SBUX,22.14,22.11,22.21,21.97,22.1,5880856,319786799.9405,22.12,0.78,749300000,749300000.0,40799382752.1,40799380000.0
2013-02-16,SBUX,22.1,22.62,22.65,22.03,22.59,9098102,498746915.6423,22.29,1.21,749300000,749300000.0,40716959752.1,40716960000.0
2013-02-15,SBUX,22.59,22.58,22.7,22.51,22.71,4449793,247509011.6239,22.62,0.59,749300000,749300000.0,41623606008.4,41623610000.0
2013-02-14,SBUX,22.71,22.96,22.96,22.57,22.88,3512458,196009532.8906,22.7,0.47,749300000,749300000.0,41833409259.1,41833410000.0
2013-02-13,SBUX,22.88,22.77,23.0,22.75,22.83,4332793,243901553.2264,22.89,0.58,749300000,749300000.0,42155614253.5,42155610000.0
2013-02-12,SBUX,22.83,22.99,22.99,22.72,22.93,2728777,153133207.5205,22.82,0.36,749300000,749300000.0,42065702000.0,42065700000.0
2013-02-09,SBUX,22.93,22.71,23.04,22.71,22.72,3573148,201432241.5863,22.93,0.48,749300000,749300000.0,42238038002.8,42238040000.0
2013-02-08,SBUX,22.72,22.8,22.8,22.43,22.8,4561715,253823356.5844,22.63,0.61,749300000,749300000.0,41855887509.8,41855880000.0
2013-02-07,SBUX,22.8,22.73,22.89,22.66,22.86,3724597,208760663.5494,22.79,0.5,749300000,749300000.0,41998256008.4,41998250000.0
2013-02-06,SBUX,22.86,22.87,22.96,22.74,22.73,4076221,229046102.6619,22.85,0.54,749300000,749300000.0,42110657752.1,42110650000.0
2013-02-05,SBUX,22.73,22.83,22.98,22.65,23.04,3963928,222921353.3329,22.79,0.53,749300000,749300000.0,42028234752.1,42028230000.0
2013-02-02,SBUX,23.04,22.92,23.14,22.91,22.74,4803539,273108562.7152,23.04,0.64,749300000,749300000.0,42605187509.8,42605180000.0
2013-02-01,SBUX,22.74,22.64,22.89,22.59,22.69,5292820,297076406.5958,22.74,0.71,749300000,749300000.0,42050713002.8,42050710000.0
2013-01-31,SBUX,22.69,22.59,22.77,22.44,22.53,6574184,366851931.8529,22.61,0.88,749300000,749300000.0,41960800000.0,41960800000.0
2013-01-30,SBUX,22.53,22.54,22.69,22.4,22.7,6046277,336171749.6207,22.53,0.81,749300000,749300000.0,41661073256.3,41661070000.0
2013-01-29,SBUX,22.7,23.03,23.16,22.63,23.02,6613328,371491717.0497,22.76,0.88,749300000,749300000.0,41975778507.0,41975770000.0
2013-01-26,SBUX,23.02,22.97,23.2,22.84,22.11,15399633,875376661.2538,23.03,2.06,749300000,749300000.0,42567731501.4,42567730000.0
2013-01-25,SBUX,22.11,22.18,22.24,21.9,22.07,11736711,639516798.4174,22.08,1.57,749300000,749300000.0,40889295754.9,40889290000.0
2013-01-24,SBUX,22.07,22.24,22.26,21.96,22.28,5459844,297221841.1048,22.06,0.73,749300000,749300000.0,40806872005.6,40806870000.0
2013-01-23,SBUX,22.28,22.31,22.31,22.08,22.21,5985692,328285834.4094,22.22,0.8,749166560,749167000.0,41196662391.9,41196660000.0
2013-01-19,SBUX,22.21,22.09,22.3,21.94,22.08,6545813,357584613.6517,22.13,0.87,749166560,749167000.0,41061817655.27,41061810000.0
2013-01-18,SBUX,22.08,22.2,22.24,21.97,22.02,4506551,245908013.0282,22.11,0.6,749166560,749167000.0,40829577520.0,40829570000.0
2013-01-17,SBUX,22.02,21.92,22.05,21.86,22.07,4459418,241817684.7804,21.97,0.6,749166560,749167000.0,40717195793.5,40717190000.0
2013-01-16,SBUX,22.07,22.13,22.2,21.75,22.15,6574402,355980154.432,21.94,0.88,749166560,749167000.0,40814591192.13,40814590000.0
2013-01-15,SBUX,22.15,22.32,22.49,22.1,22.29,5798121,318731391.1571,22.27,0.77,749166560,749167000.0,40956935086.03,40956930000.0
2013-01-12,SBUX,22.29,22.33,22.38,22.06,22.1,6651223,364977135.7204,22.23,0.89,749166560,749167000.0,41211648719.77,41211640000.0
2013-01-11,SBUX,22.1,22.19,22.35,22.0,22.13,7184242,392295505.673,22.12,0.96,749166560,749167000.0,40859539687.4,40859540000.0
2013-01-10,SBUX,22.13,22.65,22.65,22.01,22.54,8339715,457163135.9649,22.21,1.12,743600000,743600000.0,40622860564.0,40622860000.0
2013-01-09,SBUX,22.54,22.52,22.58,22.31,22.58,4806621,266037777.1726,22.43,0.65,743600000,743600000.0,41359029025.6,41359020000.0
2013-01-08,SBUX,22.58,22.45,22.6,22.29,22.56,4360570,241762188.5931,22.46,0.59,743600000,743600000.0,41433687952.8,41433680000.0
2013-01-05,SBUX,22.56,22.5,22.69,22.41,22.43,5455828,303693722.6398,22.55,0.73,743600000,743600000.0,41411075076.8,41411070000.0
2013-01-04,SBUX,22.43,22.31,22.53,22.28,22.28,7335188,406037065.1669,22.43,0.99,743600000,743600000.0,41173129025.6,41173130000.0
2013-01-03,SBUX,22.28,22.12,22.28,21.98,21.73,6634465,362677646.8126,22.15,0.89,743600000,743600000.0,40898000000.0,40898000000.0
2013-01-01,SBUX,21.73,21.24,21.75,21.23,21.33,4623762,245361780.0348,21.5,0.62,743600000,743600000.0,39879260564.0,39879260000.0
2012-12-29,SBUX,21.33,21.47,21.58,21.32,21.57,3396563,179779692.3818,21.45,0.46,743600000,743600000.0,39143104000.0,39143100000.0
2012-12-28,SBUX,21.57,21.51,21.73,21.36,21.53,4583645,243501524.8945,21.52,0.62,743600000,743600000.0,39589257307.6,39589250000.0
2012-12-27,SBUX,21.53,21.73,21.79,21.43,21.75,3047241,162221087.4369,21.57,0.41,743600000,743600000.0,39507460564.0,39507460000.0
2012-12-25,SBUX,21.75,21.62,21.88,21.61,21.72,1702974,91567879.9778,21.79,0.23,743600000,743600000.0,39923875076.8,39923870000.0
2012-12-22,SBUX,21.72,21.49,21.75,21.31,21.96,11076856,590440577.148,21.6,1.49,743600000,743600000.0,39856953307.6,39856950000.0
2012-12-21,SBUX,21.96,22.09,22.13,21.76,21.99,4899434,265131332.4877,21.93,0.66,743600000,743600000.0,40310550051.2,40310550000.0
2012-12-20,SBUX,21.99,22.04,22.22,21.93,22.02,7119770,387955548.2032,22.08,0.96,743600000,743600000.0,40355164564.0,40355160000.0
2012-12-19,SBUX,22.02,22.15,22.24,21.99,22.11,7690789,419284835.0179,22.09,1.03,743600000,743600000.0,40407221769.2,40407220000.0
2012-12-18,SBUX,22.11,21.68,22.15,21.68,21.62,8057574,437900059.0579,22.02,1.08,743600000,743600000.0,40585678333.2,40585680000.0
2012-12-15,SBUX,21.62,21.56,21.78,21.5,21.55,4828231,257707273.8223,21.63,0.65,743600000,743600000.0,39678485589.6,39678480000.0
2012-12-14,SBUX,21.55,21.68,22.0,21.45,21.72,7180215,384084750.0806,21.67,0.97,743600000,743600000.0,39544642794.8,39544640000.0
2012-12-13,SBUX,21.72,21.66,21.96,21.53,21.55,9279586,498283015.652,21.76,1.25,743600000,743600000.0,39855694392.8,39855690000.0
2012-12-12,SBUX,21.55,21.61,21.68,21.47,21.46,7506059,399569941.1682,21.57,1.01,743600000,743600000.0,39552075076.8,39552070000.0
2012-12-11,SBUX,21.46,21.68,21.76,21.39,21.73,7424629,394558832.4581,21.53,1.0,743600000,743600000.0,39381050051.2,39381050000.0
2012-12-08,SBUX,21.73,21.65,21.88,21.53,21.76,10623946,568126115.0481,21.67,1.43,743600000,743600000.0,39886704000.0,39886700000.0
2012-12-07,SBUX,21.76,20.87,21.82,20.74,20.58,24933040,1320351248.8065,21.46,3.35,743600000,743600000.0,39931317769.2,39931310000.0
2012-12-06,SBUX,20.58,21.07,21.13,20.08,20.71,13820008,699261917.8624,20.5,1.86,743600000,743600000.0,37767439538.4,37767430000.0
2012-12-05,SBUX,20.71,20.93,21.06,20.64,20.98,6153078,315971581.6158,20.81,0.83,743600000,743600000.0,38012829025.6,38012830000.0
2012-12-04,SBUX,20.98,21.13,21.18,20.87,21.02,6887961,356991260.8806,21.0,0.93,743600000,743600000.0,38510449120.0,38510450000.0
2012-12-01,SBUX,21.02,20.83,21.07,20.68,20.99,6000848,309385672.3292,20.89,0.81,743600000,743600000.0,36256297284.06,38570520000.0
2012-11-30,SBUX,20.99,20.98,21.19,20.87,20.81,6416250,332610058.875,21.0,0.86,743600000,743600000.0,36207362812.19,38518470000.0
2012-11-29,SBUX,20.81,20.34,20.83,20.22,20.34,5452231,277229011.7205,20.6,0.73,743600000,743600000.0,35906805284.06,38198730000.0
2012-11-28,SBUX,20.34,20.62,20.85,20.31,20.62,5404219,273637159.9954,20.52,0.73,743600000,743600000.0,35096119446.96,37336300000.0
2012-11-27,SBUX,20.62,20.6,20.68,20.46,20.74,3901140,198051074.2352,20.57,0.52,743600000,743600000.0,35571295760.0,37841800000.0
2012-11-24,SBUX,20.74,20.48,20.79,20.48,20.47,2474626,126349679.499,20.69,0.33,743600000,743600000.0,35780982572.19,38064870000.0
2012-11-22,SBUX,20.47,20.24,20.52,20.22,20.28,4045210,203875719.9913,20.42,0.54,743600000,743600000.0,35305678345.08,37559230000.0
2012-11-21,SBUX,20.28,20.09,20.39,20.03,20.15,5485742,274069299.5854,20.24,0.74,743600000,743600000.0,34991137642.03,37224610000.0
2012-11-20,SBUX,20.15,19.84,20.26,19.83,19.76,6335188,314734610.5633,20.13,0.85,743600000,743600000.0,34767457869.14,36986650000.0
2012-11-17,SBUX,19.76,19.78,19.85,19.39,19.62,9302598,452285747.1258,19.7,1.25,743600000,743600000.0,34082456345.08,36257930000.0
2012-11-16,SBUX,19.62,19.85,19.88,19.51,19.79,7890156,383247695.2512,19.68,1.06,743600000,743600000.0,33851790227.11,36012540000.0
2012-11-15,SBUX,19.79,20.26,20.45,19.77,20.38,11012918,544879481.0706,20.05,1.48,743600000,743600000.0,34138376463.05,36317420000.0
2012-11-14,SBUX,20.38,20.43,20.67,20.28,20.45,4911895,248409260.9231,20.49,0.66,743600000,743600000.0,35165883642.03,37410510000.0
2012-11-13,SBUX,20.45,20.56,20.72,20.44,20.56,4844414,246605335.5117,20.54,0.65,743600000,743600000.0,35424504227.11,37685640000.0
2012-11-10,SBUX,20.56,20.55,20.78,20.44,20.52,7178297,367222975.0563,20.64,0.97,743600000,743600000.0,35620219048.13,37893850000.0
2012-11-09,SBUX,20.52,20.84,20.88,20.51,20.9,7718953,395032054.9099,20.65,1.02,760000000,760000000.0,36334373998.4,38653590000.0
2012-11-08,SBUX,20.9,20.67,21.1,20.61,20.86,9767438,506204301.7892,20.91,1.29,760000000,760000000.0,37012844679.2,39375360000.0
2012-11-07,SBUX,20.86,20.61,21.06,20.53,20.58,8081332,417651319.092,20.85,1.06,760000000,760000000.0,36941694725.6,39299670000.0
2012-11-06,SBUX,20.58,20.5,20.7,20.46,20.51,10127575,516817099.7665,20.59,1.33,760000000,760000000.0,36441540428.0,38767590000.0
2012-11-03,SBUX,20.51,20.38,20.96,20.34,18.81,27483477,1409231470.943,20.69,3.62,760000000,760000000.0,36320093856.8,38638390000.0
2012-11-02,SBUX,18.81,18.46,18.86,18.31,18.52,12541184,579904235.2893,18.66,1.65,760000000,760000000.0,33305106536.0,35430960000.0
2012-11-01,SBUX,18.52,18.51,18.64,18.16,18.51,8934617,406383835.0745,18.35,1.18,760000000,760000000.0,32790955713.6,34883990000.0
2012-10-27,SBUX,18.51,18.58,18.64,18.31,18.66,10866329,496321609.0785,18.43,1.43,760000000,760000000.0,32769525142.4,34861190000.0
2012-10-26,SBUX,18.66,18.59,18.91,18.52,18.26,11755020,544169216.3299,18.68,1.55,760000000,760000000.0,33041000000.0,35150000000.0
2012-10-25,SBUX,18.26,18.28,18.37,18.19,18.15,8721891,395118199.0053,18.28,1.15,760000000,760000000.0,32334743445.6,34398660000.0
2012-10-24,SBUX,18.15,18.14,18.23,17.86,18.28,11224704,503041822.133,18.08,1.48,760000000,760000000.0,32127637456.8,34178340000.0
2012-10-23,SBUX,18.28,18.45,18.46,18.19,18.43,8249223,373970275.482,18.29,1.09,760000000,760000000.0,32362311427.2,34427990000.0
2012-10-20,SBUX,18.43,18.94,18.94,18.32,19.13,18383801,843183805.7724,18.51,2.42,760000000,760000000.0,32637362571.2,34720590000.0
2012-10-19,SBUX,19.13,19.54,19.59,19.04,19.52,9844070,468951668.843,19.22,1.3,760000000,760000000.0,33869696141.6,36031590000.0
2012-10-18,SBUX,19.52,19.69,19.84,19.5,19.75,7265852,353611491.605,19.64,0.96,760000000,760000000.0,34569816000.0,36776400000.0
2012-10-17,SBUX,19.75,19.38,19.88,19.32,19.23,8740465,425061792.5405,19.62,1.15,760000000,760000000.0,34977018284.8,37209590000.0
2012-10-16,SBUX,19.23,19.15,19.29,19.1,19.04,6793777,323235592.5423,19.2,0.89,760000000,760000000.0,34055447285.6,36229200000.0
2012-10-13,SBUX,19.04,19.17,19.24,18.98,19.03,8516719,402944670.0882,19.09,1.12,760000000,760000000.0,33705386999.2,35856790000.0
2012-10-12,SBUX,19.03,19.04,19.17,18.92,18.94,8644348,408264741.5494,19.06,1.14,760000000,760000000.0,33691096141.6,35841590000.0
2012-10-11,SBUX,18.94,19.26,19.29,18.81,19.11,11022430,518637153.2554,18.99,1.45,760000000,760000000.0,33541077856.8,35682000000.0
2012-10-10,SBUX,19.11,19.64,19.76,19.07,19.67,12146290,580704274.2588,19.29,1.6,760000000,760000000.0,33826833570.4,35985990000.0
2012-10-09,SBUX,19.67,19.63,19.84,19.53,19.67,7747934,378292033.0252,19.7,1.02,760000000,760000000.0,34834140428.0,37057590000.0
2012-10-06,SBUX,19.67,19.96,20.02,19.63,19.81,8959715,440297346.8808,19.83,1.18,760000000,760000000.0,34819849570.4,37042390000.0
2012-10-05,SBUX,19.81,20.13,20.15,19.67,19.97,12408489,609590511.3947,19.82,1.63,760000000,760000000.0,35077033570.4,37315990000.0
2012-10-04,SBUX,19.97,20.03,20.11,19.79,19.89,7520192,372428401.8475,19.98,0.99,760000000,760000000.0,35355649570.4,37612390000.0
2012-10-03,SBUX,19.89,20.35,20.35,19.69,20.23,10930954,539679661.3613,19.92,1.44,760000000,760000000.0,35219911427.2,37467990000.0
2012-10-02,SBUX,20.23,20.55,20.7,20.13,20.46,7718785,388318866.5089,20.3,1.02,760000000,760000000.0,35823580856.0,38110190000.0
2012-09-29,SBUX,20.46,20.4,20.56,20.13,20.59,8029207,405376940.9702,20.37,1.06,760000000,760000000.0,36227218284.8,38539590000.0
2012-09-28,SBUX,20.59,20.31,20.61,20.17,20.21,5877195,297956102.0202,20.46,0.77,760000000,760000000.0,36459396141.6,38786590000.0
2012-09-27,SBUX,20.21,20.39,20.58,20.1,20.39,6985844,350528603.572,20.25,0.92,760000000,760000000.0,35791433570.4,38075990000.0
2012-09-26,SBUX,20.39,20.7,20.85,20.36,20.64,7089367,362397048.4272,20.63,0.93,760000000,760000000.0,36095055713.6,38398990000.0
2012-09-25,SBUX,20.64,20.54,20.75,20.42,20.61,4634270,237178652.9026,20.65,0.61,760000000,760000000.0,36548696141.6,38881590000.0
2012-09-22,SBUX,20.61,20.78,20.84,20.58,20.65,9064305,465246175.1262,20.71,1.19,760000000,760000000.0,36484402999.2,38813190000.0
2012-09-21,SBUX,20.65,20.1,20.66,20.03,20.22,9022414,457708821.5907,20.47,1.19,760000000,760000000.0,36570127427.2,38904390000.0
2012-09-20,SBUX,20.22,19.91,20.34,19.83,19.87,7138504,357170721.7066,20.19,0.94,760000000,760000000.0,35799293399.2,38084350000.0
2012-09-19,SBUX,19.87,20.0,20.03,19.8,20.04,8534645,420764800.6121,19.89,1.12,760000000,760000000.0,35184200000.0,37430000000.0
2012-09-18,SBUX,20.04,20.15,20.2,19.77,20.36,10977793,543880329.365,19.99,1.44,760000000,760000000.0,35477096141.6,37741590000.0
2012-09-15,SBUX,20.36,20.92,20.98,20.33,20.87,12083653,616037861.54,20.57,1.59,760000000,760000000.0,36048618284.8,38349590000.0
2012-09-14,SBUX,20.87,20.65,20.92,20.53,20.65,5676356,292045036.5938,20.76,0.75,760000000,760000000.0,36948757998.4,39307180000.0
2012-09-13,SBUX,20.65,20.57,20.76,20.57,20.47,5638832,288520357.6284,20.65,0.74,760000000,760000000.0,36555847285.6,38889200000.0
2012-09-12,SBUX,20.47,20.58,20.69,20.42,20.51,6730047,342881707.7109,20.56,0.89,760000000,760000000.0,36241509142.4,38554790000.0
2012-09-11,SBUX,20.51,20.65,20.71,20.42,20.65,6892164,351179823.2367,20.56,0.91,760000000,760000000.0,36312942712.8,38630790000.0
2012-09-08,SBUX,20.65,20.57,20.71,20.48,20.51,5144574,262822848.0327,20.61,0.68,760000000,760000000.0,36555847285.6,38889200000.0
2012-09-07,SBUX,20.51,20.28,20.58,20.21,20.09,5682348,288513815.6006,20.49,0.75,760000000,760000000.0,36320093856.8,38638390000.0
2012-09-06,SBUX,20.09,20.0,20.44,19.98,19.98,6488121,325105398.0745,20.22,0.85,760000000,760000000.0,35577111427.2,37847990000.0
2012-09-05,SBUX,19.98,19.95,20.09,19.79,20.02,5403203,266758828.3083,19.92,0.71,760000000,760000000.0,35369940428.0,37627590000.0
2012-09-01,SBUX,20.02,20.18,20.2,19.92,20.06,5934016,294738403.1068,20.04,0.78,760000000,760000000.0,33179158636.8,37703590000.0
2012-08-31,SBUX,20.06,19.95,20.17,19.93,19.84,7959129,395918093.1857,20.07,1.05,760000000,760000000.0,33246042649.6,37779590000.0
2012-08-30,SBUX,19.84,19.95,20.04,19.79,19.92,6151442,303529962.856,19.91,0.81,760000000,760000000.0,32884895331.2,37369200000.0
2012-08-29,SBUX,19.92,19.75,19.98,19.73,19.83,6662703,328437224.8131,19.89,0.88,760000000,760000000.0,33011958636.8,37513590000.0
2012-08-28,SBUX,19.83,19.77,19.9,19.67,19.65,8044828,394951144.6871,19.81,1.06,760000000,760000000.0,32864832000.0,37346400000.0
2012-08-25,SBUX,19.65,19.24,19.68,18.97,19.33,9078731,437053714.5962,19.42,1.19,760000000,760000000.0,32570557993.6,37012000000.0
2012-08-24,SBUX,19.33,19.42,19.52,19.29,19.42,6537871,314149212.681,19.39,0.86,760000000,760000000.0,32035515987.2,36403990000.0
2012-08-23,SBUX,19.42,19.39,19.5,19.33,19.4,5909149,284602851.4738,19.43,0.78,760000000,760000000.0,32182653324.8,36571190000.0
2012-08-22,SBUX,19.4,19.5,19.55,19.35,19.39,7140039,344049847.8536,19.44,0.94,760000000,760000000.0,32162589993.6,36548390000.0
2012-08-21,SBUX,19.39,19.47,19.53,19.31,19.46,6148809,295128013.3703,19.37,0.81,760000000,760000000.0,32135831974.4,36517990000.0
2012-08-18,SBUX,19.46,19.61,19.61,19.3,19.53,8544824,411620330.3422,19.44,1.12,760000000,760000000.0,32249526636.8,36647190000.0
2012-08-17,SBUX,19.53,19.42,19.62,19.23,19.41,9694688,466802135.6064,19.43,1.28,760000000,760000000.0,32369915987.2,36783990000.0
2012-08-16,SBUX,19.41,18.86,19.49,18.86,18.73,14705247,702797546.7876,19.28,1.93,760000000,760000000.0,32169273980.8,36555990000.0
2012-08-15,SBUX,18.73,18.76,18.84,18.65,18.61,7066067,328366401.0914,18.75,0.93,760000000,760000000.0,31052379318.4,35286790000.0
2012-08-14,SBUX,18.61,18.46,18.69,18.35,18.39,8393016,385508841.8206,18.53,1.1,760000000,760000000.0,30838358636.8,35043590000.0
2012-08-11,SBUX,18.39,18.26,18.4,18.2,18.2,6756008,307051064.6528,18.34,0.89,760000000,760000000.0,30477211318.4,34633190000.0
2012-08-10,SBUX,18.2,18.4,18.42,18.17,18.27,9089836,410893301.5198,18.24,1.2,760000000,760000000.0,30169558636.8,34283590000.0
2012-08-08,SBUX,18.28,17.68,18.31,17.63,17.54,12523254,562886416.9444,18.14,1.65,760000000,760000000.0,30303326662.4,34435590000.0
2012-08-07,SBUX,17.54,17.83,17.84,17.54,17.65,9957902,436891867.1051,17.7,1.31,760000000,760000000.0,29079421324.8,33044790000.0
2012-08-04,SBUX,17.65,17.62,17.77,17.44,17.35,12237106,537305602.0632,17.65,1.61,760000000,760000000.0,29367000643.2,33371590000.0
2012-08-03,SBUX,17.35,17.52,17.76,17.3,17.6,15380313,667900704.441,17.45,2.02,760000000,760000000.0,28865400643.2,32801590000.0
2012-08-02,SBUX,17.6,18.28,18.29,17.56,18.2,16714192,741411220.8615,17.83,2.2,760000000,760000000.0,29280063331.2,33272800000.0
2012-08-01,SBUX,18.2,18.88,18.89,18.12,18.84,15215067,694182791.2796,18.34,2.0,760000000,760000000.0,30283263331.2,34412800000.0
2012-07-31,SBUX,18.84,19.07,19.18,18.77,19.08,8748688,410945918.6042,18.88,1.15,760000000,760000000.0,31353337312.0,35628790000.0
2012-07-28,SBUX,19.08,18.85,19.37,18.54,21.06,28475700,1336207984.65,18.86,3.75,760000000,760000000.0,31747926636.8,36077190000.0
2012-07-27,SBUX,21.06,20.78,21.26,20.65,20.26,14190188,738816295.9451,20.93,1.87,760000000,760000000.0,35048463331.2,39827800000.0
2012-07-25,SBUX,20.29,20.31,20.56,20.13,20.34,6040621,305777406.9005,20.35,0.8,758500000,758500000.0,33694387730.08,38289070000.0
2012-07-21,SBUX,20.88,21.43,21.46,20.72,21.78,11736387,611822396.2918,20.95,1.55,758500000,758500000.0,34682255460.16,39411650000.0
2012-07-20,SBUX,21.78,21.43,21.81,21.26,21.42,5213188,280600865.8848,21.63,0.69,758500000,758500000.0,36177413997.56,41110700000.0
2012-07-19,SBUX,21.42,21.23,21.54,21.01,21.6,5511613,292048208.7401,21.3,0.73,758500000,758500000.0,35576675990.24,40428040000.0
2012-07-17,SBUX,21.26,21.49,21.65,21.21,21.55,4659344,248184151.5696,21.41,0.61,758500000,758500000.0,35309687995.12,40124640000.0
2012-07-13,SBUX,21.17,20.74,21.28,20.68,20.96,5490305,287218701.2381,21.03,0.72,758500000,758500000.0,35162841727.64,39957770000.0
2012-07-11,SBUX,21.04,21.2,21.31,20.92,21.06,5279570,276892328.22,21.08,0.7,758500000,758500000.0,34935901197.56,39699880000.0
2012-07-10,SBUX,21.06,20.81,21.06,20.79,20.89,4664277,242984097.0391,20.94,0.61,758500000,758500000.0,34969277200.0,39737810000.0
2012-07-07,SBUX,20.89,20.96,20.98,20.62,21.06,6048070,312708183.5218,20.78,0.8,758500000,758500000.0,34688926255.28,39419230000.0
2012-07-04,SBUX,20.88,21.09,21.14,20.79,21.22,4556461,237068560.4586,20.91,0.6,758500000,758500000.0,34668903190.24,39396480000.0
2012-07-03,SBUX,21.22,21.48,21.48,20.96,21.43,5124602,269520709.1656,21.14,0.68,758500000,758500000.0,35236265195.12,40041210000.0
2012-06-29,SBUX,20.94,21.11,21.14,20.6,21.2,7826043,405345107.6467,20.82,1.03,758500000,758500000.0,34769031197.56,39510260000.0
2012-06-28,SBUX,21.2,21.66,21.74,21.05,21.68,7008805,372620938.0866,21.37,0.92,758500000,758500000.0,35209570000.0,40010870000.0
2012-06-27,SBUX,21.68,21.41,21.74,21.3,21.42,4733602,253819043.2942,21.55,0.62,758500000,758500000.0,36010543997.56,40921070000.0
2012-06-23,SBUX,21.96,21.81,22.0,21.72,21.73,4576664,249230421.1952,21.89,0.6,758500000,758500000.0,36471107200.0,41444440000.0
2012-06-22,SBUX,21.73,22.44,22.5,21.7,22.36,6190192,338696336.7094,21.99,0.82,758500000,758500000.0,36090638927.64,41012090000.0
2012-06-21,SBUX,22.36,22.23,22.47,22.11,22.15,7484942,415021972.735,22.29,0.99,758500000,758500000.0,37138587200.0,42202940000.0
2012-06-20,SBUX,22.15,21.99,22.33,21.92,21.78,7516211,414756511.3365,22.18,0.99,758500000,758500000.0,36791494930.08,41808510000.0
2012-06-12,SBUX,21.23,21.76,21.77,21.2,21.54,4886047,260863586.7623,21.46,0.64,758500000,758500000.0,35262959722.76,40071540000.0
2012-06-09,SBUX,21.54,21.24,21.61,21.06,21.48,6255324,332937655.7283,21.39,0.82,758500000,758500000.0,35770251197.56,40648010000.0
2012-06-08,SBUX,21.48,21.73,21.86,21.41,21.49,7238520,389236132.4843,21.61,0.95,758500000,758500000.0,35670123190.24,40534230000.0
2012-06-07,SBUX,21.49,21.34,21.54,21.25,21.07,6992844,372536044.0002,21.41,0.92,758500000,758500000.0,35690146255.28,40556980000.0
2012-06-06,SBUX,21.07,21.04,21.17,20.75,21.66,11171223,582695303.7721,20.96,1.47,758500000,758500000.0,34982619457.72,39752970000.0
2012-06-05,SBUX,21.66,20.9,21.69,20.7,20.96,12257555,646337087.5655,21.19,1.62,758500000,758500000.0,35977167995.12,40883140000.0
2012-06-02,SBUX,20.96,21.35,21.73,20.92,22.06,8729231,459937882.7468,21.18,1.15,758500000,758500000.0,34809077995.12,39555770000.0
2012-06-01,SBUX,22.06,22.04,22.14,21.67,22.0,7528047,410684970.6453,21.93,0.99,758500000,758500000.0,36221636550.0,41634060000.0
2012-05-31,SBUX,22.0,22.05,22.15,21.87,22.34,5209895,285536053.0087,22.03,0.69,758500000,758500000.0,36116050710.42,41512700000.0
2012-05-30,SBUX,22.34,22.1,22.45,22.03,21.93,6491813,358964098.7192,22.22,0.86,758500000,758500000.0,36676955521.37,42157420000.0
2012-05-26,SBUX,21.93,22.05,22.13,21.82,22.01,5085250,277809175.4918,21.96,0.67,758500000,758500000.0,36003869880.21,41383750000.0
2012-05-24,SBUX,22.22,21.69,22.3,21.66,21.45,9249195,504702673.404,21.93,1.22,758500000,758500000.0,36485590590.63,41937460000.0
2012-05-23,SBUX,21.45,21.63,21.86,21.33,21.58,7879496,423466886.7834,21.6,1.04,758500000,758500000.0,35218593510.42,40481140000.0
2012-05-22,SBUX,21.58,20.78,21.6,20.71,20.71,10347688,546742746.569,21.24,1.36,758500000,758500000.0,35436359520.32,40731450000.0
2012-05-19,SBUX,20.71,20.91,21.37,20.67,20.77,11371489,592414742.574,20.94,1.5,758500000,758500000.0,34004388690.11,39085500000.0
2012-05-18,SBUX,20.77,21.38,21.38,20.75,21.31,8982766,470355593.292,21.05,1.18,758500000,758500000.0,34096773990.11,39191690000.0
2012-05-17,SBUX,21.31,21.54,21.72,21.24,21.44,7909152,422001465.4814,21.45,1.04,758500000,758500000.0,34987626301.05,40215660000.0
2012-05-16,SBUX,21.44,21.62,21.74,21.33,21.57,9889930,529228816.5979,21.51,1.3,758500000,758500000.0,35198797320.32,40458380000.0
2012-05-12,SBUX,22.11,21.94,22.4,21.92,22.05,7231442,399754106.5286,22.22,0.95,758500000,758500000.0,36300820650.53,41725080000.0
2012-05-11,SBUX,22.05,21.99,22.34,21.9,21.74,7556078,415086329.3476,22.08,1.0,758500000,758500000.0,36195234810.95,41603710000.0
2012-05-10,SBUX,21.74,21.59,22.05,21.5,21.78,8616524,467873737.6582,21.82,1.14,758500000,758500000.0,35700313560.95,41034840000.0
2012-05-09,SBUX,21.78,22.11,22.15,21.32,22.3,10375348,559173092.9991,21.66,1.37,758500000,758500000.0,35759702131.26,41103100000.0
2012-05-05,SBUX,22.26,22.45,22.54,22.17,22.7,9131809,509113821.0344,22.34,1.2,758500000,758500000.0,36663764880.21,42142250000.0
2012-05-04,SBUX,22.7,23.06,23.1,22.69,23.21,8204555,468224879.6122,22.87,1.08,758500000,758500000.0,37383047790.63,42969000000.0
2012-05-03,SBUX,23.21,23.05,23.3,22.88,23.1,6960274,401966236.0699,23.14,0.92,758500000,758500000.0,38221117740.11,43932300000.0
2012-05-02,SBUX,23.1,23.04,23.41,22.93,22.99,6635145,384927307.6727,23.25,0.87,758500000,758500000.0,38049538441.16,43735080000.0
2012-05-01,SBUX,22.99,23.01,23.14,22.8,23.01,9324000,534310757.064,22.96,1.23,758500000,758500000.0,37858173510.42,43515130000.0
2012-04-28,SBUX,23.01,23.35,23.44,22.63,24.31,27366997,1566516710.9397,22.94,3.61,758500000,758500000.0,37897765230.74,43560630000.0
2012-04-27,SBUX,24.31,23.98,24.5,23.8,23.84,14939625,901435952.4476,24.18,1.97,758500000,758500000.0,40029223441.16,46010570000.0
2012-04-26,SBUX,23.84,23.53,23.93,23.38,23.26,7054223,417559824.9118,23.72,0.93,758500000,758500000.0,39263752500.0,45130710000.0
2012-04-25,SBUX,23.26,23.63,23.94,23.14,23.47,8997906,527393364.5874,23.49,1.19,753400000,753400000.0,38049329034.5,43734830000.0
2012-04-24,SBUX,23.47,23.51,23.58,23.14,23.71,7601231,442452400.8394,23.32,1.01,753400000,753400000.0,38383619169.08,44119080000.0
2012-04-21,SBUX,23.71,23.67,23.99,23.64,23.57,8069820,479299607.294,23.8,1.07,753400000,753400000.0,38776888069.96,44571110000.0
2012-04-20,SBUX,23.57,24.2,24.22,23.47,24.17,9288602,550971029.5308,23.77,1.23,753400000,753400000.0,38547483669.08,44307410000.0
2012-04-19,SBUX,24.17,23.64,24.33,23.61,23.51,9070992,545916735.8124,24.12,1.2,753400000,753400000.0,39543772619.05,45452570000.0
2012-04-17,SBUX,23.9,24.82,24.84,23.85,24.71,12685516,761965616.2107,24.07,1.68,753400000,753400000.0,39098065767.25,44940290000.0
2012-04-13,SBUX,24.29,23.82,24.3,23.65,23.76,12147032,730134941.277,24.09,1.61,753400000,753400000.0,39737141250.0,45674860000.0
2012-04-11,SBUX,22.75,23.14,23.21,22.68,23.01,9081117,519233678.3952,22.91,1.21,753400000,753400000.0,37216904584.54,42778050000.0
2012-04-10,SBUX,23.01,22.95,23.22,22.88,23.31,6305371,363522211.219,23.1,0.84,753400000,753400000.0,37636397704.54,43260190000.0
2012-04-06,SBUX,23.31,22.89,23.43,22.87,22.82,8180270,474606070.6245,23.25,1.09,753400000,753400000.0,38134541851.79,43832770000.0
2012-04-05,SBUX,22.82,22.94,23.1,22.7,22.8,7077156,404494086.8472,22.9,0.94,753400000,753400000.0,37334882436.34,42913660000.0
2012-04-03,SBUX,22.71,22.45,22.8,22.42,22.4,6091125,344428139.0464,22.66,0.81,753400000,753400000.0,37144804204.54,42695170000.0
2012-03-30,SBUX,22.33,22.28,22.39,21.89,22.45,6701160,370466192.3124,22.15,0.89,753400000,753400000.0,36528671718.17,41986980000.0
2012-03-28,SBUX,22.54,22.43,22.62,22.3,22.4,6710762,376928643.9129,22.51,0.89,753400000,753400000.0,36876063802.71,42386280000.0
2012-03-24,SBUX,22.18,22.23,22.24,21.84,22.12,6877887,378942652.1852,22.08,0.91,753400000,753400000.0,36276313833.59,41696910000.0
2012-03-20,SBUX,21.46,21.25,21.47,21.1,21.32,5718234,304376426.5365,21.33,0.76,753400000,753400000.0,35099768034.5,40344560000.0
2012-03-17,SBUX,21.32,21.34,21.39,21.19,21.27,11996750,637371647.7477,21.29,1.59,753400000,753400000.0,34876914936.34,40088410000.0
2012-03-16,SBUX,21.27,21.18,21.28,21.11,21.11,6319477,334412731.5179,21.2,0.84,753400000,753400000.0,34785151471.79,39982930000.0
2012-03-14,SBUX,20.97,20.53,20.98,20.48,20.48,9242211,479688181.7099,20.8,1.23,753400000,753400000.0,34306669753.63,39432950000.0
2012-03-13,SBUX,20.48,20.82,20.84,20.41,20.77,6812449,349990923.0524,20.59,0.9,753400000,753400000.0,33500449203.59,38506260000.0
2012-03-10,SBUX,20.77,20.74,21.02,20.46,20.18,14189454,733710997.6177,20.72,1.88,753400000,753400000.0,33978940753.63,39056250000.0
2012-03-09,SBUX,20.18,19.89,20.34,19.89,19.83,8315699,418700317.6496,20.18,1.1,753400000,753400000.0,33015416838.17,37948750000.0
2012-03-06,SBUX,19.65,19.51,19.79,19.51,19.59,4453234,218356736.426,19.65,0.59,753400000,753400000.0,32143656387.25,36946730000.0
2012-03-03,SBUX,19.59,19.54,19.68,19.45,19.52,4088675,199660181.0507,19.57,0.54,753400000,753400000.0,32045341620.0,36833720000.0
2012-03-02,SBUX,19.52,19.51,19.67,19.42,19.46,4336445,211512659.0411,19.54,0.58,753400000,753400000.0,31927353936.34,36698110000.0
2012-03-01,SBUX,19.46,19.58,19.59,19.43,19.6,5123395,249282846.5772,19.5,0.68,753400000,753400000.0,34024145318.68,36585100000.0
2012-02-29,SBUX,19.6,19.33,19.6,19.3,19.33,3826827,186120398.4434,19.49,0.51,753400000,753400000.0,34269370712.72,36848780000.0
2012-02-25,SBUX,19.35,19.39,19.51,19.27,19.42,3277218,158655688.0962,19.4,0.43,753400000,753400000.0,33841966192.06,36389210000.0
2012-02-24,SBUX,19.42,19.37,19.45,19.23,19.37,4126852,199359083.2697,19.36,0.55,753400000,753400000.0,33954074914.7,36509750000.0
2012-02-23,SBUX,19.37,19.35,19.41,19.18,19.34,4324680,208165876.992,19.29,0.57,753400000,753400000.0,33862985351.39,36411810000.0
2012-02-22,SBUX,19.34,19.4,19.58,19.26,19.41,4145762,200885372.7299,19.42,0.55,753400000,753400000.0,33813944616.69,36359080000.0
2012-02-18,SBUX,19.41,19.5,19.64,19.41,19.44,6352895,309124240.8731,19.5,0.84,753400000,753400000.0,33947071798.01,36502220000.0
2012-02-15,SBUX,19.68,19.62,19.68,19.5,19.73,3311167,161791556.4873,19.58,0.44,753400000,753400000.0,34416514637.35,37007000000.0
2012-02-14,SBUX,19.73,19.65,19.74,19.53,19.56,3858250,189556196.7503,19.69,0.51,753400000,753400000.0,34507603500.0,37104950000.0
2012-02-11,SBUX,19.56,19.55,19.6,19.43,19.71,4088345,199133832.6964,19.52,0.54,753400000,753400000.0,34206313935.37,36780980000.0
2012-02-10,SBUX,19.71,19.58,19.78,19.54,19.52,4756715,233381048.3488,19.66,0.63,753400000,753400000.0,34472568298.01,37067270000.0
2012-02-07,SBUX,19.35,19.28,19.43,19.23,19.29,3707687,178961468.1946,19.34,0.49,753400000,753400000.0,33834963776.03,36381680000.0
2012-02-04,SBUX,19.29,19.15,19.33,19.14,19.03,4999082,241391602.3633,19.28,0.66,753400000,753400000.0,33855982935.37,36404280000.0
2012-02-03,SBUX,19.03,19.26,19.36,18.93,19.26,5989754,285845969.3777,19.06,0.8,753400000,753400000.0,33393543212.72,35907030000.0
2012-02-02,SBUX,19.26,19.3,19.34,18.98,19.13,8275512,397737632.9175,19.19,1.1,753400000,753400000.0,33799928574.04,36344000000.0
2012-02-01,SBUX,19.13,19.38,19.41,19.09,19.36,5859219,281621591.7509,19.19,0.78,753400000,753400000.0,33575722339.34,36102920000.0
2012-01-28,SBUX,19.11,19.12,19.14,18.73,19.3,13487985,639354699.9331,18.93,1.79,753400000,753400000.0,33526670394.04,36050180000.0
2012-01-26,SBUX,19.07,19.2,19.2,18.91,19.03,7143016,339904609.3104,19.0,0.95,753400000,753400000.0,33470616733.38,35989910000.0
2012-01-25,SBUX,19.03,18.87,19.09,18.78,18.9,5154793,244704168.2233,18.95,0.69,749718560,749719000.0,33223398943.69,35724080000.0
2012-01-24,SBUX,18.9,19.23,19.25,18.81,19.23,7582418,359582434.3086,18.94,1.01,749718560,749719000.0,33007257174.56,35491670000.0
2012-01-21,SBUX,19.23,19.14,19.32,19.09,19.17,4791176,230437320.8018,19.2,0.64,749718560,749719000.0,33572018074.09,36098940000.0
2012-01-20,SBUX,19.17,19.16,19.19,19.05,19.18,5278219,253023499.0519,19.14,0.7,749718560,749719000.0,33481374311.23,36001470000.0
2012-01-18,SBUX,19.05,19.14,19.16,18.98,18.91,3768253,180022227.7242,19.08,0.5,749718560,749719000.0,33265231844.86,35769060000.0
2012-01-14,SBUX,18.91,18.97,19.01,18.74,19.01,4769246,225435075.9355,18.87,0.64,749718560,749719000.0,33021194270.15,35506660000.0
2012-01-11,SBUX,18.69,18.79,18.88,18.52,18.6,3934173,184237691.4023,18.7,0.53,745400000,745400000.0,32456649187.45,34899620000.0
2012-01-10,SBUX,18.6,18.66,18.69,18.48,18.65,3631372,169115514.2122,18.6,0.49,745400000,745400000.0,32297210900.33,34728180000.0
2012-01-07,SBUX,18.65,18.52,18.73,18.46,18.51,4052743,189005339.5925,18.62,0.54,745400000,745400000.0,32387322134.89,34825070000.0
2012-01-05,SBUX,18.44,18.13,18.62,18.08,18.08,6946070,321068881.2709,18.46,0.93,745400000,745400000.0,32006059046.78,34415110000.0
2011-12-31,SBUX,18.37,18.56,18.56,18.37,18.55,2686491,124108867.0855,18.45,0.36,745400000,745400000.0,31895140753.89,34295850000.0
2011-12-29,SBUX,18.28,18.5,18.51,18.13,18.34,3916737,178896915.4742,18.24,0.53,745400000,745400000.0,31735702466.78,34124410000.0
2011-12-28,SBUX,18.34,18.13,18.41,18.11,18.15,2895819,132644692.0366,18.29,0.39,745400000,745400000.0,31846610361.34,34243660000.0
2011-12-24,SBUX,18.15,18.0,18.15,17.93,17.97,2533863,114545795.5748,18.05,0.34,745400000,745400000.0,31503468937.45,33874700000.0
2011-12-23,SBUX,17.97,18.05,18.07,17.83,18.06,3948928,177548893.0482,17.95,0.53,745400000,745400000.0,31194990000.0,33543000000.0
2011-12-22,SBUX,18.06,17.97,18.15,17.78,17.99,4621414,207728811.3332,17.95,0.62,745400000,745400000.0,31361357041.0,33721890000.0
2011-12-21,SBUX,17.99,17.62,18.03,17.61,17.42,6500117,291893603.9903,17.93,0.87,745400000,745400000.0,31236581933.56,33587720000.0
2011-12-16,SBUX,17.33,17.31,17.46,17.23,17.21,5371578,233394478.598,17.35,0.72,745400000,745400000.0,30085830640.67,32350350000.0
2011-12-15,SBUX,17.21,17.33,17.38,17.04,17.41,6194012,266709796.1356,17.19,0.83,745400000,745400000.0,29870933900.33,32119280000.0
2011-12-14,SBUX,17.41,17.79,17.97,17.35,17.57,7252590,320366475.0404,17.64,0.97,745400000,745400000.0,30231401714.89,32506880000.0
2011-12-13,SBUX,17.57,17.37,17.59,17.23,17.55,4623617,201727942.7247,17.42,0.62,745400000,745400000.0,30501768000.0,32797600000.0
2011-12-08,SBUX,17.52,17.39,17.58,17.17,17.46,4104359,179126502.8978,17.43,0.55,745400000,745400000.0,30418574427.78,32708140000.0
2011-12-07,SBUX,17.46,17.68,17.69,17.32,17.65,4114348,179923309.8549,17.46,0.55,745400000,745400000.0,30314595287.11,32596340000.0
2011-12-03,SBUX,17.53,17.55,17.66,17.39,17.41,6105281,268354567.6092,17.55,0.82,745400000,745400000.0,30439370394.56,32730500000.0
2011-12-02,SBUX,17.41,17.25,17.45,17.25,17.36,4171789,181232075.9004,17.35,0.56,745400000,745400000.0,30217544900.33,32491980000.0
2011-12-01,SBUX,17.36,17.26,17.47,17.13,16.85,7012676,304215488.0081,17.32,0.94,745400000,745400000.0,30141289787.11,32409980000.0
2011-11-29,SBUX,16.71,16.69,16.93,16.51,16.31,5001828,209773630.2104,16.75,0.67,745400000,745400000.0,29011334461.0,31194980000.0
2011-11-26,SBUX,16.31,16.39,16.54,16.27,16.47,2552361,104872922.3181,16.41,0.34,745400000,745400000.0,28311184400.33,30442130000.0
2011-11-24,SBUX,16.47,16.75,16.79,16.47,16.88,5340274,222057078.6154,16.6,0.72,745400000,745400000.0,28595407500.0,30747750000.0
2011-11-23,SBUX,16.88,16.59,16.95,16.53,16.64,5963473,250891001.9902,16.8,0.8,745400000,745400000.0,29309425466.78,31515510000.0
2011-11-22,SBUX,16.64,16.45,16.74,16.33,16.78,6043340,250591317.3947,16.56,0.81,745400000,745400000.0,28893488107.45,31068260000.0
2011-11-19,SBUX,16.78,16.78,17.0,16.74,16.78,5823254,245766894.5316,16.85,0.78,745400000,745400000.0,29129181507.78,31321700000.0
2011-11-18,SBUX,16.78,17.08,17.18,16.63,17.18,6759492,285432385.9753,16.86,0.91,745400000,745400000.0,29136119966.78,31329160000.0
2011-11-17,SBUX,17.18,17.36,17.52,17.15,17.58,5901961,256179297.4601,17.33,0.79,745400000,745400000.0,29822403507.78,32067090000.0
2011-11-16,SBUX,17.58,17.31,17.66,17.28,17.36,4056172,177640851.8059,17.49,0.54,745400000,745400000.0,30522563966.78,32819960000.0
2011-11-15,SBUX,17.36,17.52,17.68,17.32,17.64,4909781,215632632.4608,17.47,0.66,745400000,745400000.0,30252208080.0,32529250000.0
2011-11-12,SBUX,17.64,17.46,17.74,17.42,17.31,4725469,209490866.8195,17.63,0.63,745400000,745400000.0,30737461400.33,33051030000.0
2011-11-11,SBUX,17.31,17.18,17.39,16.97,17.08,7393641,320210451.3113,17.23,0.99,746100000,746100000.0,30197346021.27,32470260000.0
2011-11-10,SBUX,17.08,17.25,17.46,17.03,17.64,8125914,351587138.8999,17.21,1.09,746100000,746100000.0,29801843268.38,32044990000.0
2011-11-09,SBUX,17.64,17.65,17.76,17.23,17.59,6039824,265989572.7646,17.52,0.81,746100000,746100000.0,30780196565.78,33096980000.0
2011-11-08,SBUX,17.59,17.48,17.78,17.4,17.58,10469079,462143809.3687,17.56,1.4,746100000,746100000.0,30690000014.51,33000000000.0
2011-11-05,SBUX,17.58,17.07,17.77,16.97,16.47,17110469,753705773.3953,17.52,2.29,746100000,746100000.0,30662239543.52,32970140000.0
2011-11-03,SBUX,16.38,16.61,16.67,16.28,16.4,6742973,278527198.2002,16.43,0.9,746100000,746100000.0,28573685282.89,30724390000.0
2011-11-02,SBUX,16.4,16.44,16.65,16.28,16.85,7719344,319393987.1591,16.46,1.03,746100000,746100000.0,28608381014.51,30761700000.0
2011-11-01,SBUX,16.85,16.81,17.15,16.76,16.9,5273086,225084802.85,16.98,0.71,746100000,746100000.0,29392450565.78,31604780000.0
2011-10-29,SBUX,16.9,17.09,17.19,16.76,17.13,5968875,253916449.8544,16.92,0.8,746100000,746100000.0,29489602500.0,31709250000.0
2011-10-27,SBUX,16.47,16.6,16.78,16.2,16.42,6030121,249461203.2816,16.45,0.81,746100000,746100000.0,28726338036.76,30888530000.0
2011-10-26,SBUX,16.42,16.88,16.9,16.37,16.92,7019172,292649545.0296,16.58,0.94,746100000,746100000.0,28643076746.13,30799000000.0
2011-10-25,SBUX,16.92,16.79,17.09,16.72,16.74,6105117,260216545.9354,16.95,0.82,746100000,746100000.0,29517353256.76,31739090000.0
2011-10-22,SBUX,16.74,16.53,16.88,16.39,16.3,6970984,292357450.3469,16.68,0.93,746100000,746100000.0,29205112488.38,31403340000.0
2011-10-21,SBUX,16.3,16.27,16.56,16.17,16.28,4660988,191735763.3765,16.36,0.62,746100000,746100000.0,28441848025.14,30582630000.0
2011-10-20,SBUX,16.28,16.7,16.93,16.2,16.88,6930852,286927507.2295,16.47,0.93,746100000,746100000.0,28393282466.13,30530410000.0
2011-10-19,SBUX,16.88,16.41,17.08,16.22,16.37,7601320,319296388.3108,16.71,1.02,746100000,746100000.0,29454906768.38,31671940000.0
2011-10-18,SBUX,16.37,16.69,16.69,16.3,16.79,5229813,216315525.306,16.45,0.7,746100000,746100000.0,28559805047.4,30709460000.0
2011-10-15,SBUX,16.79,16.51,16.79,16.46,16.34,5624438,235573376.2504,16.66,0.75,746100000,746100000.0,29295308345.78,31500330000.0
2011-10-14,SBUX,16.34,16.39,16.56,16.25,16.51,6375145,262457024.85,16.37,0.85,746100000,746100000.0,28511239488.38,30657240000.0
2011-10-11,SBUX,16.28,15.84,16.48,15.8,15.62,7011707,285752204.2313,16.21,0.94,746100000,746100000.0,28393282466.13,30530410000.0
2011-10-08,SBUX,15.62,15.39,15.87,15.34,15.31,8405453,330517482.9372,15.64,1.13,746100000,746100000.0,27241450510.64,29291880000.0
2011-10-06,SBUX,15.13,14.89,15.24,14.65,14.82,8808086,332658471.9641,15.02,1.18,746100000,746100000.0,26401859323.52,28389090000.0
2011-10-05,SBUX,14.82,14.14,14.84,13.97,14.4,12344532,447195448.1048,14.41,1.65,746100000,746100000.0,25846769250.0,27792220000.0
2011-10-04,SBUX,14.4,14.66,14.74,14.34,14.83,13810961,503960571.9829,14.51,1.85,746100000,746100000.0,25118200518.38,27008820000.0
2011-10-01,SBUX,14.83,14.97,15.25,14.8,15.18,8521570,320556716.7607,14.96,1.14,746100000,746100000.0,25874520006.76,27822060000.0
2011-09-30,SBUX,15.18,15.99,16.1,14.7,15.68,12526942,480286551.5124,15.25,1.68,746100000,746100000.0,26485131716.13,28478630000.0
2011-09-28,SBUX,15.85,15.97,16.24,15.75,15.71,6383277,256461520.057,15.98,0.86,746100000,746100000.0,27650832805.14,29732070000.0
2011-09-27,SBUX,15.71,15.47,15.72,15.11,15.4,8284063,320988354.7688,15.41,1.11,746100000,746100000.0,27401038525.14,29463480000.0
2011-09-24,SBUX,15.4,15.21,15.7,15.11,15.35,8106652,314740739.58,15.44,1.09,746100000,746100000.0,26859818279.02,28881520000.0
2011-09-23,SBUX,15.35,15.51,15.67,15.01,15.87,10698645,412195115.7486,15.32,1.43,746100000,746100000.0,26786964389.51,28803180000.0
2011-09-22,SBUX,15.87,16.31,16.51,15.86,16.34,7849070,319468027.811,16.19,1.05,746100000,746100000.0,27685528536.76,29769380000.0
2011-09-21,SBUX,16.34,16.35,16.7,16.08,16.37,8998547,373301023.8922,16.5,1.21,746100000,746100000.0,28504293819.65,30649770000.0
2011-09-20,SBUX,16.37,15.46,16.47,15.44,15.59,10673106,430268060.0712,16.03,1.43,746100000,746100000.0,28559805047.4,30709460000.0
2011-09-17,SBUX,15.59,15.6,15.67,15.38,15.54,9350684,365439588.9569,15.54,1.25,746100000,746100000.0,27199819518.38,29247110000.0
2011-09-15,SBUX,15.33,15.31,15.51,15.05,15.19,9081375,349284158.2117,15.3,1.22,746100000,746100000.0,26748795823.52,28762140000.0
2011-09-14,SBUX,15.19,15.0,15.24,14.98,14.97,6159567,234551999.6631,15.15,0.83,746100000,746100000.0,26499001543.52,28493550000.0
2011-09-13,SBUX,14.97,14.59,15.07,14.59,14.84,8122492,302462814.756,14.81,1.09,746100000,746100000.0,26124314286.76,28090660000.0
2011-09-10,SBUX,14.84,15.36,15.41,14.74,15.48,10515450,394661516.0037,14.93,1.41,746100000,746100000.0,25888400242.25,27836980000.0
2011-09-09,SBUX,15.48,15.5,15.67,15.39,15.58,7887531,308034832.1676,15.53,1.06,746100000,746100000.0,27005536466.13,29038210000.0
2011-09-08,SBUX,15.58,15.19,15.66,15.1,15.01,8399535,327033316.5678,15.49,1.13,746100000,746100000.0,27185939282.89,29232190000.0
2011-09-07,SBUX,15.01,14.53,15.05,14.49,14.91,6135695,228452780.0773,14.81,0.82,746100000,746100000.0,26193705750.0,28165270000.0
2011-09-02,SBUX,15.19,15.45,15.55,15.13,15.36,5791399,222789299.174,15.3,0.78,746100000,746100000.0,26499001543.52,28493550000.0
2011-09-01,SBUX,15.36,15.36,15.62,15.25,15.31,7296699,283165836.5089,15.44,0.98,746100000,746100000.0,26797372484.51,28814380000.0
2011-08-31,SBUX,15.31,15.09,15.41,15.02,15.13,5167637,198295615.8698,15.26,0.69,746100000,746100000.0,26714110500.0,28724850000.0
2011-08-30,SBUX,15.13,15.03,15.15,14.94,14.87,4749399,180174093.351,15.09,0.64,746100000,746100000.0,26401859323.52,28389090000.0
2011-08-27,SBUX,14.87,14.45,14.98,14.21,14.49,8195102,303640813.5579,14.74,1.1,746100000,746100000.0,25943911470.0,27896680000.0
2011-08-26,SBUX,14.49,14.86,15.03,14.42,14.86,6116770,224536778.7003,14.6,0.82,746100000,746100000.0,25270853966.13,27172960000.0
2011-08-25,SBUX,14.86,14.55,14.9,14.47,14.61,7861137,290953234.6058,14.72,1.05,746100000,746100000.0,25930031234.51,27881750000.0
2011-08-20,SBUX,13.96,13.83,14.38,13.67,13.82,12792961,453731606.5738,14.11,1.71,746100000,746100000.0,24354936055.14,26188100000.0
2011-08-19,SBUX,13.82,14.83,14.84,13.58,15.39,21489262,762660269.2016,14.12,2.88,746100000,746100000.0,24112775072.02,25927710000.0
2011-08-18,SBUX,15.39,15.51,15.71,15.15,15.47,6360754,246623543.0083,15.42,0.85,746100000,746100000.0,26852883018.38,28874060000.0
2011-08-17,SBUX,15.47,15.16,15.58,15.02,15.28,11313688,437729903.6306,15.39,1.52,746100000,746100000.0,26984720970.0,29015830000.0
2011-08-16,SBUX,15.28,14.92,15.3,14.92,14.86,7823125,297632331.7806,15.13,1.05,746100000,746100000.0,26658599966.13,28665160000.0
2011-08-13,SBUX,14.86,14.78,14.94,14.6,14.76,6482594,241477222.8986,14.82,0.87,746100000,746100000.0,25923085565.78,27874280000.0
2011-08-12,SBUX,14.76,13.94,14.93,13.85,13.83,11582852,423020662.1705,14.53,1.55,746100000,746100000.0,25749617315.78,27687760000.0
2011-08-11,SBUX,13.83,14.05,14.3,13.77,14.33,14127778,497033454.8736,13.99,1.89,746100000,746100000.0,24119022010.64,25934430000.0
2011-08-09,SBUX,13.54,14.38,14.53,13.54,14.55,17241864,607032478.2104,14.0,2.31,746100000,746100000.0,23626367323.52,25404690000.0
2011-08-06,SBUX,14.55,14.74,14.91,14.09,14.62,13406278,490665565.2287,14.51,1.8,746100000,746100000.0,25479006845.78,27396780000.0
2011-08-03,SBUX,15.3,15.62,15.72,15.29,15.77,8081668,315832345.1168,15.49,1.08,746100000,746100000.0,26790426815.78,28806910000.0
2011-08-02,SBUX,15.77,16.03,16.16,15.58,15.89,8130289,322927647.9959,15.74,1.09,746100000,746100000.0,27616137073.52,29694770000.0
2011-07-30,SBUX,15.89,15.81,16.21,15.55,15.85,15589344,627185655.1114,15.94,2.09,746100000,746100000.0,27817366488.38,29911140000.0
2011-07-29,SBUX,15.85,15.81,16.11,15.62,15.44,14654848,587671128.6784,15.89,1.96,746000000,746000000.0,27737321624.88,29825070000.0
2011-07-27,SBUX,15.92,16.05,16.05,15.85,16.01,5377332,216521967.2071,15.96,0.72,746000000,746000000.0,27876075543.54,29974270000.0
2011-07-26,SBUX,16.01,15.9,16.03,15.82,15.99,5041906,202924101.6512,15.95,0.68,746000000,746000000.0,28028707837.32,30138390000.0
2011-07-23,SBUX,15.99,16.06,16.14,15.95,16.0,3195241,129146516.0534,16.02,0.43,746000000,746000000.0,27994016755.98,30101090000.0
2011-07-22,SBUX,16.0,15.87,16.09,15.75,15.79,6191219,249559333.0361,15.98,0.83,746000000,746000000.0,28014829462.2,30123470000.0
2011-07-21,SBUX,15.79,15.94,15.94,15.57,15.98,5578043,221855476.3488,15.76,0.75,746000000,746000000.0,27633248380.86,29713170000.0
2011-07-20,SBUX,15.98,15.78,16.0,15.74,15.62,5751317,230468482.9651,15.88,0.77,746000000,746000000.0,27973204743.54,30078710000.0
2011-07-19,SBUX,15.62,15.66,15.8,15.52,15.77,4340422,170977035.3396,15.61,0.58,746000000,746000000.0,27334927837.32,29392390000.0
2011-07-15,SBUX,15.51,15.67,15.78,15.42,15.69,6694680,263445612.9892,15.6,0.9,746000000,746000000.0,27147604462.2,29190970000.0
2011-07-14,SBUX,15.69,15.78,15.95,15.65,15.68,5620211,223986197.5105,15.8,0.75,746000000,746000000.0,27459803380.86,29526670000.0
2011-07-13,SBUX,15.68,15.77,15.96,15.67,15.75,5873910,234353114.1995,15.81,0.79,746000000,746000000.0,27452869743.54,29519210000.0
2011-07-12,SBUX,15.75,15.85,15.97,15.64,15.99,5631344,223816624.1172,15.75,0.75,746000000,746000000.0,27570810955.98,29646030000.0
2011-07-08,SBUX,15.98,15.81,16.05,15.63,16.02,10829598,433847720.2094,15.88,1.45,746000000,746000000.0,27973204743.54,30078710000.0
2011-07-07,SBUX,16.02,16.18,16.21,16.0,16.23,6206227,251653152.0659,16.07,0.83,746000000,746000000.0,28042586906.22,30153320000.0
2011-07-06,SBUX,16.23,15.92,16.29,15.76,15.93,7261024,295118482.6167,16.11,0.97,746000000,746000000.0,28410288918.66,30548700000.0
2011-07-02,SBUX,15.93,15.7,15.96,15.65,15.65,6439168,257736012.1659,15.86,0.86,746000000,746000000.0,27883009874.64,29981730000.0
2011-07-01,SBUX,15.65,15.73,15.77,15.62,15.63,5500754,217646666.7895,15.68,0.74,746000000,746000000.0,27397365955.98,29459530000.0
2011-06-30,SBUX,15.63,15.55,15.75,15.5,15.56,7017375,277369416.8659,15.67,0.94,746000000,746000000.0,27355740543.54,29414770000.0
2011-06-29,SBUX,15.56,15.06,15.56,15.01,15.06,8981481,349312133.0332,15.41,1.2,746000000,746000000.0,27230865000.0,29280500000.0
2011-06-28,SBUX,15.06,14.75,15.07,14.67,14.8,6054531,229148238.4058,15.0,0.81,746000000,746000000.0,26356695955.98,28340530000.0
2011-06-25,SBUX,14.8,14.93,15.02,14.76,14.95,5085285,190596461.4589,14.85,0.68,746000000,746000000.0,25912676755.98,27863090000.0
2011-06-24,SBUX,14.95,14.61,14.96,14.59,14.78,9673899,361436214.438,14.81,1.3,746000000,746000000.0,26176316624.88,28146570000.0
2011-06-23,SBUX,14.78,14.51,14.87,14.42,14.56,9019359,336229031.3206,14.77,1.21,746000000,746000000.0,25864117706.22,27810880000.0
2011-06-18,SBUX,14.05,14.09,14.19,13.96,13.93,6842070,242940674.7568,14.07,0.92,746000000,746000000.0,24587554874.64,26438230000.0
2011-06-17,SBUX,13.93,13.78,14.01,13.77,13.82,6525219,229279863.0368,13.93,0.87,746000000,746000000.0,24379429200.0,26214440000.0
2011-06-16,SBUX,13.82,13.79,13.99,13.75,13.98,4970692,173704738.9039,13.85,0.67,746000000,746000000.0,24185161087.08,26005550000.0
2011-06-14,SBUX,13.83,13.93,14.06,13.72,13.92,6418848,224574861.3425,13.87,0.86,746000000,746000000.0,24212917837.32,26035390000.0
2011-06-10,SBUX,14.08,14.17,14.2,14.07,14.16,4602516,164014284.4426,14.12,0.62,746000000,746000000.0,24650002706.22,26505380000.0
2011-06-09,SBUX,14.16,14.2,14.32,14.09,14.24,5160914,185226700.1251,14.22,0.69,746000000,746000000.0,24795690955.98,26662030000.0
2011-06-08,SBUX,14.24,14.27,14.37,14.23,14.16,5127973,184966493.7793,14.3,0.69,746000000,746000000.0,24927510543.54,26803770000.0
2011-06-07,SBUX,14.16,14.12,14.51,14.07,13.93,9302863,336184881.5842,14.32,1.25,746000000,746000000.0,24795690955.98,26662030000.0
2011-06-04,SBUX,13.93,14.03,14.07,13.88,14.24,7310317,257446622.3438,13.96,0.98,746000000,746000000.0,24393297168.42,26229350000.0
2011-06-03,SBUX,14.24,14.28,14.35,14.13,14.26,3997930,143709955.5916,14.25,0.54,746000000,746000000.0,24920576906.22,26796310000.0
2011-06-02,SBUX,14.26,14.48,14.57,14.23,14.58,8538879,308367073.3741,14.31,1.14,746000000,746000000.0,24962201624.88,26841070000.0
2011-06-01,SBUX,14.58,14.57,14.63,14.46,14.45,4990797,183012520.9992,14.53,0.67,746000000,746000000.0,25249708682.08,27445330000.0
2011-05-27,SBUX,14.44,14.23,14.5,14.21,14.32,4879070,177062387.0814,14.38,0.65,746000000,746000000.0,25009492564.16,27184230000.0
2011-05-24,SBUX,14.44,14.27,14.57,14.24,14.51,6055430,220472132.7037,14.43,0.81,746000000,746000000.0,25009492564.16,27184230000.0
2011-05-21,SBUX,14.51,14.66,14.74,14.42,14.72,5268676,193238117.9614,14.54,0.71,746000000,746000000.0,25126165591.52,27311050000.0
2011-05-19,SBUX,14.51,14.06,14.54,13.97,13.99,10823223,391275638.0523,14.33,1.45,746000000,746000000.0,25126165591.52,27311050000.0
2011-05-18,SBUX,13.99,13.86,14.0,13.81,13.93,8726981,306423484.8142,13.92,1.17,746000000,746000000.0,24227087764.16,26333790000.0
2011-05-17,SBUX,13.93,14.26,14.29,13.92,14.33,7061270,250569822.6481,14.06,0.95,746000000,746000000.0,24131003650.48,26229350000.0
2011-05-14,SBUX,14.33,14.44,14.49,14.24,14.45,5201465,188292466.0403,14.35,0.7,746000000,746000000.0,24810463882.08,26967890000.0
2011-05-13,SBUX,14.45,14.16,14.47,14.12,14.18,4523703,163880143.344,14.36,0.61,746000000,746000000.0,25016361941.04,27191700000.0
2011-05-12,SBUX,14.18,14.33,14.41,14.07,14.36,6549453,234816824.5186,14.21,0.88,746000000,746000000.0,24563388682.08,26699330000.0
2011-05-10,SBUX,14.32,14.47,14.52,14.3,14.43,4904547,177823135.5287,14.37,0.66,746000000,746000000.0,24789875654.72,26945510000.0
2011-05-07,SBUX,14.43,14.6,14.88,14.41,14.41,6530113,241320241.0235,14.59,0.88,746000000,746000000.0,25071268913.68,27251380000.0
2011-05-06,SBUX,14.41,14.37,14.64,14.34,14.44,4845594,177809997.3385,14.49,0.65,746000000,746000000.0,25050680000.0,27229000000.0
2011-05-04,SBUX,14.34,14.41,14.44,14.14,14.49,6078930,219714329.243,14.27,0.81,746000000,746000000.0,24913407764.16,27079790000.0
2011-05-03,SBUX,14.49,14.41,14.55,14.32,14.3,7593570,278212412.7416,14.47,1.02,746000000,746000000.0,25174212795.76,27363270000.0
2011-04-30,SBUX,14.3,14.55,14.59,14.26,14.56,20040243,727368535.581,14.33,2.69,746000000,746000000.0,24844781941.04,27005200000.0
2011-04-29,SBUX,14.56,14.41,14.8,14.36,14.69,11365668,418725916.2944,14.55,1.52,746000000,746000000.0,25311474736.8,27512470000.0
2011-04-27,SBUX,14.45,14.66,14.72,14.37,14.56,6962613,255310614.8361,14.48,0.93,746000000,746000000.0,25119305823.12,27303590000.0
2011-04-22,SBUX,14.61,14.5,14.71,14.48,14.57,6476832,239751594.7776,14.62,0.87,746000000,746000000.0,25393840000.0,27602000000.0
2011-04-21,SBUX,14.57,14.43,14.61,14.43,14.28,6549359,241311040.664,14.55,0.88,746000000,746000000.0,25318344800.0,27519940000.0
2011-04-19,SBUX,14.14,14.15,14.17,13.82,14.37,5566668,197551567.2844,14.01,0.75,746000000,746000000.0,24577117827.36,26714260000.0
2011-04-16,SBUX,14.37,14.21,14.37,14.07,14.21,6366984,230027021.9164,14.27,0.85,746000000,746000000.0,24968314736.8,27139470000.0
2011-04-15,SBUX,14.21,13.99,14.21,13.94,14.14,4898512,175110968.4915,14.12,0.66,746000000,746000000.0,24686920791.52,26833610000.0
2011-04-14,SBUX,14.14,14.19,14.28,14.07,14.13,4564359,163929341.4555,14.18,0.61,746000000,746000000.0,24575400654.72,26712390000.0
2011-04-13,SBUX,14.13,13.91,14.15,13.91,14.02,5205590,185318483.441,14.06,0.7,746000000,746000000.0,24549659536.8,26684410000.0
2011-04-12,SBUX,14.02,14.17,14.3,13.91,14.13,4789992,170286572.2761,14.04,0.64,746000000,746000000.0,24357490623.12,26475530000.0
2011-04-09,SBUX,14.13,14.23,14.36,13.98,14.18,5507340,197688684.4186,14.18,0.74,746000000,746000000.0,24549659536.8,26684410000.0
2011-04-08,SBUX,14.18,14.28,14.39,14.07,14.37,5974859,214811118.1975,14.2,0.8,746000000,746000000.0,24638883882.08,26781390000.0
2011-04-07,SBUX,14.37,14.47,14.56,14.24,14.37,4016330,146202846.293,14.38,0.54,746000000,746000000.0,24975184800.0,27146940000.0
2011-04-06,SBUX,14.37,14.46,14.49,14.29,14.51,5374887,195795287.1591,14.39,0.72,746000000,746000000.0,24982043882.08,27154390000.0
2011-04-05,SBUX,14.51,14.76,14.84,14.44,14.71,5443324,200544499.5987,14.55,0.73,746000000,746000000.0,25208530854.72,27400570000.0
2011-04-02,SBUX,14.71,14.71,14.87,14.63,14.59,5470156,204328307.0028,14.75,0.73,746000000,746000000.0,25565420000.0,27788500000.0
2011-04-01,SBUX,14.59,14.47,14.62,14.41,14.5,6378918,234850008.6496,14.54,0.86,746000000,746000000.0,25359521941.04,27564700000.0
2011-03-31,SBUX,14.5,14.68,14.68,14.41,14.56,5967598,219172550.603,14.5,0.8,746000000,746000000.0,25201660791.52,27393110000.0
2011-03-30,SBUX,14.56,14.47,14.68,14.38,14.56,6027000,222105750.384,14.55,0.81,746000000,746000000.0,25297745591.52,27497550000.0
2011-03-29,SBUX,14.56,14.6,14.65,14.39,14.57,7158621,263873112.5982,14.56,0.96,746000000,746000000.0,25311474736.8,27512470000.0
2011-03-26,SBUX,14.57,14.92,14.93,14.53,14.84,6741125,251053624.398,14.71,0.9,746000000,746000000.0,25325203882.08,27527390000.0
2011-03-25,SBUX,14.84,14.54,14.95,14.36,14.49,15856075,590326207.0875,14.7,2.13,746000000,746000000.0,25791896677.84,28034660000.0
2011-03-24,SBUX,14.49,13.8,14.53,13.72,13.8,11481446,414159845.2937,14.25,1.54,746000000,746000000.0,25181072564.16,27370730000.0
2011-03-23,SBUX,13.8,13.92,13.92,13.74,13.94,6042586,211418597.184,13.82,0.81,746000000,746000000.0,23986881941.04,26072700000.0
2011-03-22,SBUX,13.94,14.0,14.04,13.88,13.81,5085750,179761428.075,13.96,0.68,746000000,746000000.0,24233957827.36,26341250000.0
2011-03-19,SBUX,13.81,14.04,14.09,13.75,13.86,11683270,410789521.3688,13.89,1.57,746000000,746000000.0,23993741709.44,26080150000.0
2011-03-18,SBUX,13.86,14.06,14.08,13.84,13.82,6430899,227081410.28,13.94,0.86,746000000,746000000.0,24082966741.04,26177130000.0
2011-03-17,SBUX,13.82,13.78,14.05,13.77,14.11,9717793,341774770.0922,13.89,1.3,746000000,746000000.0,24021200000.0,26110000000.0
2011-03-16,SBUX,14.11,13.72,14.2,13.69,14.11,8985430,318963850.6698,14.02,1.2,746000000,746000000.0,24515340791.52,26647110000.0
2011-03-15,SBUX,14.11,14.34,14.42,14.02,14.44,12496145,447960381.3995,14.16,1.68,746000000,746000000.0,24522210854.72,26654570000.0
2011-03-12,SBUX,14.44,14.73,14.85,14.34,14.99,15243168,560163406.8163,14.51,2.04,746000000,746000000.0,25091857827.36,27273750000.0
2011-03-10,SBUX,13.64,13.41,13.66,13.32,13.43,8364227,286681279.1504,13.54,1.12,746000000,746000000.0,23705488682.08,25766830000.0
2011-03-09,SBUX,13.43,13.32,13.55,13.27,13.27,8486715,288700213.7118,13.43,1.14,746000000,746000000.0,23341739768.4,25371450000.0
2011-03-08,SBUX,13.27,13.43,13.74,13.15,13.08,13234102,449440492.6901,13.41,1.77,746000000,746000000.0,23060345823.12,25065590000.0
2011-03-05,SBUX,13.08,12.99,13.1,12.88,13.04,8120567,267614048.8183,13.01,1.09,746000000,746000000.0,22730915654.72,24707510000.0
2011-03-04,SBUX,13.04,12.83,13.13,12.82,12.72,6553711,216488066.9845,13.05,0.88,746000000,746000000.0,22655419768.4,24625450000.0
2011-03-03,SBUX,12.72,12.75,12.79,12.53,12.79,8126715,260294585.5856,12.65,1.09,746000000,746000000.0,22113220791.52,24036110000.0
2011-03-02,SBUX,12.79,13.12,13.18,12.73,13.02,10235415,334976361.1984,12.92,1.37,746000000,746000000.0,22229904800.0,24162940000.0
2011-03-01,SBUX,13.02,12.95,13.05,12.87,12.83,9013664,296270022.8657,12.98,1.21,746000000,746000000.0,21404677003.92,24603070000.0
2011-02-26,SBUX,12.83,12.67,12.91,12.64,12.6,9662734,313285142.4225,12.8,1.3,746000000,746000000.0,21093150000.0,24245000000.0
2011-02-24,SBUX,12.6,12.93,12.94,12.4,12.94,8340606,265957612.4735,12.59,1.12,746000000,746000000.0,20710221060.78,23804850000.0
2011-02-23,SBUX,12.94,13.3,13.4,12.9,13.43,7551367,250731753.7736,13.11,1.01,746000000,746000000.0,21268378909.8,24446410000.0
2011-02-19,SBUX,13.43,13.21,13.44,13.14,13.23,7941117,268229475.3619,13.34,1.06,746000000,746000000.0,22068294761.76,25365850000.0
2011-02-18,SBUX,13.23,13.21,13.3,13.14,13.26,4897067,164015506.2042,13.23,0.66,746000000,746000000.0,21742170000.0,24991000000.0
2011-02-16,SBUX,13.1,13.2,13.25,13.09,13.26,5665988,188862610.2157,13.16,0.76,746000000,746000000.0,21534479056.86,24752270000.0
2011-02-15,SBUX,13.26,13.19,13.34,13.11,13.17,7980574,267158413.4757,13.22,1.07,746000000,746000000.0,21794083162.74,25050660000.0
2011-02-12,SBUX,13.17,13.03,13.18,12.94,13.1,6129524,203491578.6893,13.11,0.82,746000000,746000000.0,21644811158.82,24879090000.0
2011-02-11,SBUX,13.1,12.98,13.13,12.93,13.03,8927731,295495290.1438,13.07,1.2,746000000,746000000.0,21521496060.78,24737350000.0
2011-02-10,SBUX,13.03,13.03,13.09,12.95,13.08,4332629,142862782.8615,13.02,0.58,746000000,746000000.0,21407915613.72,24606790000.0
2011-02-08,SBUX,12.78,12.83,12.93,12.73,12.81,6160738,200088997.0697,12.83,0.83,746000000,746000000.0,20995791158.82,24133090000.0
2011-02-04,SBUX,12.73,12.67,12.79,12.61,12.67,6391246,206634652.2152,12.72,0.86,746000000,746000000.0,21002278113.72,24140540000.0
2011-02-03,SBUX,12.67,12.65,12.69,12.46,12.69,6549891,210264535.3831,12.63,0.88,746000000,746000000.0,20898442052.94,24021200000.0
2011-02-02,SBUX,12.69,12.49,12.71,12.42,12.4,10525735,337533901.8551,12.61,1.41,746000000,746000000.0,20930895000.0,24058500000.0
2011-01-27,SBUX,13.01,13.22,13.22,12.88,13.24,18623809,616121975.0044,13.01,2.51,741100000,741100000.0,21322109476.7,24508170000.0
2011-01-26,SBUX,13.24,13.09,13.29,13.06,13.17,9127254,305256346.0032,13.16,1.23,741100000,741100000.0,21696069181.46,24938010000.0
2011-01-25,SBUX,13.17,13.04,13.18,12.95,13.06,5987301,199321417.4515,13.09,0.81,741100000,741100000.0,21592906127.19,24819430000.0
2011-01-22,SBUX,13.06,13.15,13.26,13.0,13.05,11564887,386052049.5125,13.13,1.56,741100000,741100000.0,21405930465.73,24604520000.0
2011-01-21,SBUX,13.05,13.0,13.13,12.9,12.98,9320613,308833767.563,13.03,1.26,741100000,741100000.0,21393032746.7,24589690000.0
2011-01-20,SBUX,12.98,12.78,13.01,12.77,12.98,6491445,213601588.4465,12.94,0.88,741100000,741100000.0,21283425346.22,24463700000.0
2011-01-19,SBUX,12.98,12.87,13.08,12.86,12.86,7841176,259190017.7918,13.0,1.06,741100000,741100000.0,21276981000.0,24456300000.0
2011-01-15,SBUX,12.86,12.67,12.87,12.66,12.75,5632863,183406526.2377,12.81,0.76,741100000,741100000.0,21083551965.73,24233960000.0
2011-01-14,SBUX,12.75,12.63,12.76,12.63,12.67,5617715,181568447.4942,12.71,0.76,741100000,741100000.0,20896567277.67,24019040000.0
2011-01-13,SBUX,12.67,12.82,12.85,12.61,12.69,8209703,265352320.9575,12.71,1.11,741100000,741100000.0,20761173465.73,23863410000.0
2011-01-12,SBUX,12.69,12.94,12.94,12.65,12.89,8055047,260786085.543,12.73,1.09,741100000,741100000.0,20799857596.22,23907880000.0
2011-01-11,SBUX,12.89,12.78,12.96,12.64,12.89,7770207,253046060.812,12.81,1.05,741100000,741100000.0,21128680442.43,24285840000.0
2011-01-08,SBUX,12.89,12.6,12.93,12.53,12.57,9895949,321288718.3348,12.77,1.34,741100000,741100000.0,21135133815.24,24293250000.0
2011-01-07,SBUX,12.57,12.73,12.78,12.5,12.72,6626852,212111543.2354,12.59,0.89,741100000,741100000.0,20606428561.94,23685550000.0
2011-01-05,SBUX,12.78,13.08,13.09,12.76,13.08,6653149,217607804.386,12.87,0.9,741100000,741100000.0,20941704780.97,24070920000.0
2011-01-04,SBUX,13.08,12.78,13.15,12.77,12.64,6382805,211696501.9998,13.05,0.86,741100000,741100000.0,21438170250.0,24641570000.0
2011-01-01,SBUX,12.64,12.75,12.78,12.57,12.75,3173081,101989455.0793,12.64,0.43,741100000,741100000.0,20716035962.43,23811530000.0
2010-12-31,SBUX,12.75,12.74,12.8,12.67,12.79,2453601,79442933.6309,12.74,0.33,741100000,741100000.0,20896567277.67,24019040000.0
2010-12-30,SBUX,12.79,12.8,12.88,12.75,12.74,2334285,76085062.5181,12.82,0.31,741100000,741100000.0,20961046846.22,24093150000.0
2010-12-23,SBUX,12.95,12.98,13.04,12.9,12.93,3392502,111841271.5794,12.97,0.46,741100000,741100000.0,21231843496.7,24404410000.0
2010-12-22,SBUX,12.93,13.0,13.0,12.78,12.95,3673423,120350510.0172,12.89,0.5,741100000,741100000.0,21186705993.4,24352530000.0
2010-12-21,SBUX,12.95,12.93,13.01,12.79,12.9,4330031,142223708.9325,12.92,0.58,741100000,741100000.0,21231843496.7,24404410000.0
2010-12-17,SBUX,12.82,12.78,12.9,12.67,12.54,8036004,261931115.4708,12.82,1.08,741100000,741100000.0,21012628695.73,24152450000.0
2010-12-16,SBUX,12.54,12.63,12.74,12.45,12.63,6895168,220276401.77,12.57,0.93,741100000,741100000.0,20548403010.97,23618850000.0
2010-12-14,SBUX,12.58,12.87,12.88,12.58,12.82,5455918,176292107.9927,12.71,0.74,741100000,741100000.0,20625770627.19,23707780000.0
2010-12-11,SBUX,12.82,12.75,12.87,12.63,12.74,4103977,133401360.6241,12.79,0.55,741100000,741100000.0,21012628695.73,24152450000.0
2010-12-10,SBUX,12.74,12.86,12.9,12.65,12.82,5860805,189977958.9102,12.75,0.79,741100000,741100000.0,20890122931.46,24011630000.0
2010-12-09,SBUX,12.82,12.94,12.94,12.77,12.89,4297649,140113220.5045,12.82,0.58,741100000,741100000.0,21006174678.16,24145020000.0
2010-12-08,SBUX,12.89,12.98,13.02,12.83,12.87,6767879,222577260.2688,12.94,0.91,741100000,741100000.0,21135133815.24,24293250000.0
2010-12-04,SBUX,12.87,12.81,12.93,12.62,12.89,8217840,267094477.0622,12.78,1.11,741100000,741100000.0,21096440013.4,24248780000.0
2010-12-02,SBUX,12.47,12.2,12.6,12.2,12.04,10193075,322773770.247,12.46,1.38,741100000,741100000.0,20438794965.73,23492860000.0
2010-12-01,SBUX,12.04,11.92,12.17,11.86,12.11,8593117,263012109.9541,12.04,1.16,741100000,741100000.0,19729558397.19,22677650000.0
2010-11-30,SBUX,12.11,12.06,12.17,11.88,12.26,6755102,206276449.4271,12.01,0.91,741100000,741100000.0,19852064161.46,22818460000.0
2010-11-27,SBUX,12.26,12.27,12.33,12.22,12.38,2325531,72579589.9569,12.28,0.31,741100000,741100000.0,20097075045.24,23100080000.0
2010-11-23,SBUX,12.14,12.03,12.23,12.0,12.1,6712621,206909762.5778,12.12,0.91,741100000,741100000.0,19903646010.97,22877750000.0
2010-11-17,SBUX,11.74,11.96,12.12,11.71,12.06,7422856,222930560.0194,11.81,1.0,741100000,741100000.0,19239546945.73,22114420000.0
2010-11-13,SBUX,11.82,12.03,12.03,11.69,12.04,6461961,195032289.8078,11.82,0.87,741100000,741100000.0,19465206092.92,22373800000.0
2010-11-12,SBUX,12.04,11.79,12.12,11.75,11.93,5700297,174735120.045,12.01,0.77,740100000,740100000.0,19793080585.02,22750660000.0
2010-11-11,SBUX,11.93,11.79,12.04,11.75,11.82,7586125,230666660.1665,11.91,1.03,740100000,740100000.0,19619227875.58,22550830000.0
2010-11-10,SBUX,11.82,12.08,12.08,11.75,12.0,7534656,228881737.1739,11.9,1.02,740100000,740100000.0,19426070146.11,22328810000.0
2010-11-09,SBUX,12.0,11.94,12.1,11.82,12.09,7806402,238981966.784,11.99,1.05,740100000,740100000.0,19722252371.13,22669250000.0
2010-11-06,SBUX,12.09,11.97,12.26,11.89,11.65,18322575,565940166.0217,12.1,2.48,740100000,740100000.0,19876789114.45,22846880000.0
2010-11-04,SBUX,11.4,11.28,11.47,11.21,11.31,6681051,193520597.3972,11.35,0.9,740100000,740100000.0,18737105905.02,21536900000.0
2010-11-03,SBUX,11.31,11.32,11.41,11.26,11.28,4645520,134259685.7404,11.32,0.63,740100000,740100000.0,18595450121.13,21374080000.0
2010-10-30,SBUX,11.19,11.03,11.26,11.01,11.06,6767453,193268218.5236,11.19,0.91,740100000,740100000.0,18389411432.23,21137250000.0
2010-10-28,SBUX,11.07,11.05,11.1,10.97,11.17,5567582,156914470.6497,11.04,0.75,740100000,740100000.0,18196243400.57,20915220000.0
2010-10-26,SBUX,11.12,11.18,11.28,11.1,11.16,5699277,162520013.0043,11.17,0.77,740100000,740100000.0,18279951930.0,21011440000.0
2010-10-21,SBUX,10.75,10.61,10.86,10.59,10.61,6677922,183357039.9384,10.75,0.9,740100000,740100000.0,17674696218.34,20315740000.0
2010-10-20,SBUX,10.61,10.67,10.76,10.51,10.71,6827442,184884330.1088,10.61,0.92,740100000,740100000.0,17436451589.47,20041890000.0
2010-10-19,SBUX,10.71,10.75,10.79,10.65,10.79,5482703,150099373.3818,10.72,0.74,740100000,740100000.0,17610303655.02,20241730000.0
2010-10-14,SBUX,10.68,10.67,10.71,10.53,10.63,7309238,198665819.7638,10.65,0.99,740100000,740100000.0,17552356400.57,20175120000.0
2010-10-13,SBUX,10.63,10.18,10.69,10.14,10.18,14510008,390693529.8764,10.55,1.96,740100000,740100000.0,17475093180.0,20086310000.0
2010-10-09,SBUX,10.21,10.22,10.3,10.05,10.21,4611180,120052020.577,10.2,0.62,740100000,740100000.0,16786129582.79,19294400000.0
2010-10-07,SBUX,10.22,10.22,10.27,10.08,10.28,7401477,192555293.5263,10.19,1.0,740100000,740100000.0,16805444905.02,19316600000.0
2010-10-06,SBUX,10.28,10.21,10.34,10.16,10.06,7143512,187254937.3875,10.27,0.97,740100000,740100000.0,16902033750.0,19427620000.0
2010-10-02,SBUX,10.16,10.14,10.22,10.0,10.01,8727617,225714433.7948,10.13,1.18,740100000,740100000.0,16702421053.36,19198180000.0
2010-10-01,SBUX,10.01,10.16,10.22,9.94,10.11,8370840,214342858.4726,10.03,1.13,740100000,740100000.0,16451305123.36,18909540000.0
2010-09-30,SBUX,10.11,10.25,10.26,10.04,10.24,6532992,168393715.8278,10.1,0.88,740100000,740100000.0,16612276873.36,19094570000.0
2010-09-28,SBUX,10.24,10.2,10.33,10.2,10.23,7615957,200028464.8712,10.29,1.03,740100000,740100000.0,16837641186.68,19353610000.0
2010-09-24,SBUX,9.97,10.05,10.25,9.94,10.16,7034137,180836337.3094,10.07,0.95,740100000,740100000.0,16386922218.34,18835540000.0
2010-09-22,SBUX,10.25,10.27,10.32,10.18,10.29,7263945,190055309.769,10.25,0.98,740100000,740100000.0,16844076837.24,19361000000.0
2010-09-21,SBUX,10.29,10.03,10.32,10.0,10.0,6612512,171921278.3677,10.18,0.89,740100000,740100000.0,16921280820.2,19449740000.0
2010-09-18,SBUX,10.0,10.12,10.14,9.96,10.08,8347317,214055141.3588,10.04,1.13,740100000,740100000.0,16438434466.11,18894750000.0
2010-09-17,SBUX,10.08,10.04,10.12,9.97,10.09,4184113,107276443.9182,10.04,0.57,740100000,740100000.0,16567209934.45,19042770000.0
2010-09-16,SBUX,10.09,10.02,10.1,9.96,10.1,5575524,142966471.3032,10.04,0.75,740100000,740100000.0,16580090250.0,19057570000.0
2010-09-15,SBUX,10.1,10.07,10.13,10.0,10.09,6135762,158039969.2215,10.09,0.83,740100000,740100000.0,16599406216.11,19079770000.0
2010-09-14,SBUX,10.09,10.01,10.18,10.01,9.95,8682227,224309632.2474,10.12,1.17,740100000,740100000.0,16580090250.0,19057570000.0
2010-09-09,SBUX,9.71,9.75,9.83,9.67,9.74,6102649,151755719.981,9.74,0.82,740100000,740100000.0,15955519216.11,18339680000.0
2010-09-08,SBUX,9.74,9.75,9.81,9.66,9.82,6415172,159196329.4529,9.72,0.87,740100000,740100000.0,16013467114.45,18406280000.0
2010-08-31,SBUX,9.18,9.18,9.26,9.15,9.19,5962930,140160428.7144,9.21,0.81,740100000,740100000.0,13699024877.25,17340540000.0
2010-08-28,SBUX,9.19,9.16,9.24,8.97,9.11,6054422,141325896.4874,9.14,0.82,740100000,740100000.0,13722407944.49,17370130000.0
2010-08-27,SBUX,9.11,9.17,9.25,9.08,9.15,7529996,176381105.2448,9.17,1.02,740100000,740100000.0,13605474483.21,17222120000.0
2010-08-26,SBUX,9.15,8.85,9.2,8.81,8.94,10122094,234056135.2134,9.06,1.37,740100000,740100000.0,13658093254.49,17288720000.0
2010-08-25,SBUX,8.94,9.13,9.13,8.89,9.27,13907598,318568802.7326,8.97,1.88,740100000,740100000.0,13342370687.25,16889070000.0
2010-08-24,SBUX,9.27,9.45,9.53,9.27,9.42,6616063,158190701.472,9.37,0.89,740100000,740100000.0,13845194627.25,17525560000.0
2010-08-21,SBUX,9.42,9.41,9.44,9.31,9.42,5457789,130843363.4026,9.39,0.74,740100000,740100000.0,14061522933.85,17799390000.0
2010-08-20,SBUX,9.42,9.53,9.61,9.35,9.6,6811754,164119662.5509,9.44,0.92,740100000,740100000.0,14055679651.93,17792000000.0
2010-08-19,SBUX,9.6,9.46,9.71,9.33,9.52,6822762,166621311.2109,9.57,0.92,740100000,740100000.0,14324635500.0,18132450000.0
2010-08-18,SBUX,9.52,9.37,9.63,9.34,9.33,7031672,170571479.6755,9.5,0.95,740100000,740100000.0,14204775720.32,17980720000.0
2010-08-17,SBUX,9.33,9.35,9.46,9.27,9.4,7363199,176166693.4923,9.37,0.99,740100000,740100000.0,13927049687.25,17629170000.0
2010-08-14,SBUX,9.4,9.52,9.55,9.38,9.58,6097180,147099869.6015,9.45,0.82,740100000,740100000.0,14026443947.89,17754990000.0
2010-08-12,SBUX,9.66,9.76,9.78,9.54,9.95,9225828,226536479.3055,9.62,1.25,740100000,740100000.0,14418177708.53,18250860000.0
2010-08-11,SBUX,9.95,9.98,10.03,9.84,10.05,6451258,163596722.6298,9.93,0.87,740100000,740100000.0,14850843091.93,18798530000.0
2010-08-10,SBUX,10.05,9.94,10.07,9.94,9.92,5178770,132441812.1923,10.02,0.7,740100000,740100000.0,15002856708.53,18990950000.0
2010-08-06,SBUX,9.86,9.8,9.89,9.7,9.86,7672258,191974449.4334,9.8,1.04,740100000,740100000.0,14722213127.25,18635710000.0
2010-08-05,SBUX,9.86,9.73,9.89,9.67,9.68,7330238,183674499.2596,9.81,0.99,740100000,740100000.0,14722213127.25,18635710000.0
2010-08-04,SBUX,9.68,9.67,9.74,9.55,9.67,7188957,177433501.7329,9.67,0.97,740100000,740100000.0,14453256694.49,18295260000.0
2010-07-31,SBUX,9.68,9.53,9.72,9.45,9.67,7841199,193496452.2383,9.61,1.06,740100000,740100000.0,14529267887.89,18391480000.0
2010-07-28,SBUX,9.81,9.97,9.97,9.72,9.89,8600047,216283390.4074,9.8,1.16,740100000,740100000.0,14722213127.25,18635710000.0
2010-07-23,SBUX,9.8,9.66,9.84,9.49,9.81,19423290,483657304.8445,9.7,2.61,745100000,745100000.0,14804015818.23,18739260000.0
2010-07-22,SBUX,9.81,10.05,10.12,9.79,10.04,12065387,307394533.9038,9.93,1.62,745100000,745100000.0,14815791341.37,18754160000.0
2010-07-21,SBUX,10.04,9.74,10.05,9.68,9.93,7425789,188555626.8622,9.89,1.0,745100000,745100000.0,15168963443.71,19201210000.0
2010-07-17,SBUX,9.88,10.21,10.3,9.85,10.18,9791805,251539690.9086,10.01,1.31,745100000,745100000.0,14921739852.34,18888270000.0
2010-07-16,SBUX,10.18,10.16,10.2,9.99,10.13,6290055,163039464.7408,10.1,0.84,745100000,745100000.0,15380869883.71,19469450000.0
2010-07-15,SBUX,10.13,10.08,10.19,10.03,10.11,5958020,154755333.3478,10.12,0.8,745100000,745100000.0,15304354000.0,19372600000.0
2010-07-09,SBUX,9.68,9.57,9.71,9.5,9.51,10493161,258999482.0557,9.62,1.41,745100000,745100000.0,14621542594.11,18508280000.0
2010-07-02,SBUX,9.61,9.52,9.64,9.23,9.47,15749661,383401730.8066,9.48,2.11,745100000,745100000.0,14515584665.08,18374160000.0
2010-07-01,SBUX,9.47,9.77,9.86,9.46,9.74,16965051,420697604.2628,9.66,2.28,745100000,745100000.0,14484736847.04,18105920000.0
2010-06-30,SBUX,9.74,10.13,10.17,9.69,10.28,18946649,478910562.71,9.85,2.54,745100000,745100000.0,14907957819.6,18634950000.0
2010-06-29,SBUX,10.28,10.55,10.55,10.27,10.45,7198137,191182504.3237,10.35,0.97,745100000,745100000.0,15730551200.0,19663190000.0
2010-06-25,SBUX,10.39,10.56,10.63,10.36,10.64,6479625,173981728.3102,10.46,0.87,745100000,745100000.0,15897453003.92,19871810000.0
2010-06-24,SBUX,10.64,10.6,10.72,10.51,10.61,7895992,215186990.6345,10.62,1.06,745100000,745100000.0,16284901427.44,20356120000.0
2010-06-23,SBUX,10.61,10.94,11.1,10.58,10.92,10316684,286448869.687,10.82,1.38,745100000,745100000.0,16231256015.68,20289070000.0
2010-06-18,SBUX,10.9,10.91,10.95,10.75,10.91,7177891,200207149.8165,10.87,0.96,745100000,745100000.0,16678316015.68,20847890000.0
2010-06-16,SBUX,10.88,10.77,10.89,10.68,10.7,8673895,240475854.3044,10.8,1.16,745100000,745100000.0,16648510227.44,20810640000.0
2010-06-15,SBUX,10.7,10.69,10.86,10.63,10.58,8740281,240968550.778,10.74,1.17,745100000,745100000.0,16368352031.36,20460440000.0
2010-06-12,SBUX,10.58,10.43,10.6,10.42,10.51,8637930,233252580.6173,10.52,1.16,745100000,745100000.0,16183568423.52,20229460000.0
2010-06-11,SBUX,10.51,10.42,10.52,10.29,10.25,9438180,253298977.3187,10.46,1.27,745100000,745100000.0,16082236015.68,20102790000.0
2010-06-10,SBUX,10.25,10.15,10.41,10.13,10.07,11860575,313745299.7542,10.31,1.59,745100000,745100000.0,15682863607.84,19603580000.0
2010-06-09,SBUX,10.07,9.97,10.1,9.82,9.95,9935582,254146146.7261,9.97,1.33,745100000,745100000.0,15408662635.28,19260830000.0
2010-06-05,SBUX,10.19,10.23,10.45,10.13,10.47,11408805,301035010.491,10.28,1.53,745100000,745100000.0,15588980411.76,19486220000.0
2010-06-04,SBUX,10.47,10.34,10.49,10.31,10.36,9229067,246315372.0918,10.4,1.24,745100000,745100000.0,16010700454.88,20013370000.0
2010-06-03,SBUX,10.36,10.03,10.36,9.96,10.01,9966016,261488248.0799,10.22,1.34,745100000,745100000.0,15843798650.96,19804750000.0
2010-06-02,SBUX,10.01,10.03,10.25,9.94,10.09,9767309,253617838.0536,10.12,1.31,745100000,745100000.0,15319254211.76,19149060000.0
2010-05-28,SBUX,10.14,9.92,10.15,9.86,9.63,10051993,258054744.192,10.0,1.35,745100000,745100000.0,15316120693.71,19387490000.0
2010-05-27,SBUX,9.63,9.66,9.88,9.62,9.71,12102325,302462468.2232,9.74,1.62,745100000,745100000.0,14545017880.97,18411410000.0
2010-05-26,SBUX,9.71,9.52,9.74,9.38,9.77,11876805,292303587.1429,9.59,1.59,745100000,745100000.0,14668634091.37,18567890000.0
2010-05-21,SBUX,9.78,9.95,10.05,9.77,10.2,12600239,320275369.7493,9.9,1.69,745100000,745100000.0,14774582602.34,18702000000.0
2010-05-20,SBUX,10.2,10.26,10.45,10.06,10.36,10356708,271398506.6706,10.21,1.39,745100000,745100000.0,15416186446.45,19514160000.0
2010-05-19,SBUX,10.36,10.36,10.57,10.29,10.48,8559945,228731933.8544,10.41,1.15,745100000,745100000.0,15645751167.82,19804750000.0
2010-05-13,SBUX,10.85,10.45,10.88,10.41,10.4,11667571,320583862.9031,10.71,1.57,745100000,745100000.0,16393312352.34,20751020000.0
2010-05-08,SBUX,9.92,9.85,10.13,9.6,9.98,22407411,570317794.2171,9.92,3.01,745100000,745100000.0,14980894123.69,18963160000.0
2010-05-06,SBUX,10.22,10.11,10.35,10.04,10.14,11153473,291839398.8283,10.2,1.5,745100000,745100000.0,15433844139.19,19536510000.0
2010-05-05,SBUX,10.14,10.38,10.38,10.06,10.59,11235122,293801810.8366,10.19,1.51,745100000,745100000.0,15322012281.37,19394950000.0
2010-05-04,SBUX,10.59,10.14,10.62,10.12,10.12,9665570,260199048.5173,10.49,1.3,745100000,745100000.0,15998932099.6,20251810000.0
2010-05-01,SBUX,10.12,10.42,10.42,10.12,10.36,7503805,196550893.7561,10.21,1.01,745100000,745100000.0,15292579065.48,19357690000.0
2010-04-30,SBUX,10.36,10.24,10.41,10.23,10.22,7596289,201853050.3296,10.35,1.02,745100000,745100000.0,15657526102.34,19819650000.0
2010-04-29,SBUX,10.22,10.38,10.47,10.18,10.34,10597782,278762944.9609,10.25,1.42,745100000,745100000.0,15433844139.19,19536510000.0
2010-04-28,SBUX,10.34,10.71,10.71,10.31,10.67,9620461,258164108.8889,10.46,1.29,745100000,745100000.0,15616326781.37,19767500000.0
2010-04-24,SBUX,10.62,10.52,10.63,10.42,10.62,10449122,283017572.7592,10.55,1.41,743400000,743400000.0,16009413423.57,20265070000.0
2010-04-23,SBUX,10.62,10.12,10.7,10.0,9.89,31050477,832230130.3382,10.44,4.18,743400000,743400000.0,16003543500.0,20257650000.0
2010-04-22,SBUX,9.89,9.81,9.9,9.74,9.84,13732911,345819335.8223,9.81,1.85,743400000,743400000.0,14911191540.0,18874920000.0
2010-04-15,SBUX,9.68,9.62,9.68,9.51,9.64,7882867,194180192.0872,9.6,1.06,743400000,743400000.0,14588182478.14,18466050000.0
2010-04-14,SBUX,9.64,9.51,9.66,9.48,9.54,7352359,181153935.2321,9.6,0.99,743400000,743400000.0,14523580430.86,18384270000.0
2010-04-13,SBUX,9.54,9.6,9.66,9.48,9.63,6305121,154496826.2499,9.55,0.85,743400000,743400000.0,14382628854.43,18205860000.0
2010-04-10,SBUX,9.63,9.68,9.72,9.53,9.67,6190906,152475811.4922,9.6,0.83,743400000,743400000.0,14517701698.0,18376840000.0
2010-04-09,SBUX,9.67,9.64,9.74,9.6,9.71,7167363,178053681.5118,9.68,0.96,743400000,743400000.0,14582303745.28,18458610000.0
2010-04-08,SBUX,9.71,9.66,9.75,9.62,9.58,8405899,209010930.208,9.69,1.13,743400000,743400000.0,14629287799.85,18518080000.0
2010-04-06,SBUX,9.59,9.39,9.66,9.39,9.41,7882856,193847225.1846,9.58,1.06,743400000,743400000.0,14453100238.0,18295060000.0
2010-04-01,SBUX,9.42,9.48,9.52,9.39,9.53,7544246,183505477.7352,9.44,1.01,743400000,743400000.0,14253425347.14,18042310000.0
2010-03-31,SBUX,9.53,9.48,9.56,9.41,9.55,6393094,156684460.2379,9.51,0.86,743400000,743400000.0,14423742985.43,18257900000.0
2010-03-27,SBUX,9.54,9.46,9.63,9.46,9.39,10231727,251794534.2346,9.55,1.38,743400000,743400000.0,14441360978.14,18280200000.0
2010-03-26,SBUX,9.39,9.72,9.75,9.37,9.81,18982469,465687154.9879,9.52,2.55,743400000,743400000.0,14218189361.71,17997700000.0
2010-03-25,SBUX,9.81,10.03,10.09,9.79,9.86,12149000,310432390.006,9.91,1.63,743400000,743400000.0,14852459416.28,18800580000.0
2010-03-24,SBUX,9.86,9.87,9.87,9.68,9.79,8827930,222495607.7201,9.78,1.19,743400000,743400000.0,14922930799.85,18889780000.0
2010-03-20,SBUX,9.69,9.69,9.76,9.6,9.71,11019274,275634863.6388,9.71,1.48,743400000,743400000.0,14664523198.0,18562680000.0
2010-03-19,SBUX,9.71,9.88,9.89,9.69,9.92,10708348,268869474.2149,9.74,1.44,743400000,743400000.0,14693889847.14,18599860000.0
2010-03-18,SBUX,9.92,9.84,9.96,9.75,9.81,10682989,271955718.5762,9.88,1.44,743400000,743400000.0,15011028985.43,19001300000.0
2010-03-17,SBUX,9.81,9.68,9.84,9.65,9.48,16904047,425383530.4241,9.76,2.27,743400000,743400000.0,14852459416.28,18800580000.0
2010-03-16,SBUX,9.48,9.43,9.51,9.41,9.42,5920809,144142012.2137,9.45,0.8,743400000,743400000.0,14341523532.71,18153820000.0
2010-03-13,SBUX,9.42,9.42,9.5,9.37,9.42,6416656,155716802.6457,9.42,0.86,743400000,743400000.0,14259303492.71,18049750000.0
2010-03-12,SBUX,9.42,9.33,9.57,9.33,9.4,8989477,219192161.6495,9.46,1.21,743400000,743400000.0,14253425347.14,18042310000.0
2010-03-10,SBUX,9.17,9.12,9.22,9.0,9.05,6678551,157286521.2082,9.14,0.9,743400000,743400000.0,13871692970.86,17559100000.0
2010-03-05,SBUX,8.89,8.94,8.99,8.87,8.95,6446250,147925289.6438,8.9,0.87,743400000,743400000.0,13460594532.71,17038720000.0
2010-03-04,SBUX,8.95,9.04,9.07,8.9,9.05,5517492,127754746.444,8.98,0.74,743400000,743400000.0,13542813985.43,17142800000.0
2010-03-03,SBUX,9.05,8.99,9.08,8.96,9.04,8561031,199152661.5996,9.03,1.15,743400000,743400000.0,13701374745.28,17343510000.0
2010-02-27,SBUX,8.89,8.89,8.92,8.8,8.89,6049926,138431938.3622,8.88,0.81,743400000,743400000.0,14306280090.98,17031280000.0
2010-02-25,SBUX,8.96,8.83,8.96,8.81,8.8,6460500,148288470.2475,8.91,0.87,743400000,743400000.0,14412436362.07,17157660000.0
2010-02-23,SBUX,8.89,9.05,9.06,8.85,9.06,8491887,194758821.3357,8.9,1.14,743400000,743400000.0,14300038653.26,17023850000.0
2010-02-20,SBUX,9.06,8.99,9.1,8.99,9.03,4866488,113434409.2724,9.04,0.65,743400000,743400000.0,14587283417.62,17365810000.0
2010-02-19,SBUX,9.03,9.01,9.05,8.93,8.98,4650871,107904383.6822,9.0,0.63,743400000,743400000.0,14524843437.72,17291480000.0
2010-02-18,SBUX,8.98,8.95,9.04,8.91,8.88,6477399,149822174.096,8.97,0.87,743400000,743400000.0,14456152653.26,17209700000.0
2010-02-11,SBUX,8.68,8.55,8.74,8.55,8.61,10016313,224062888.4985,8.68,1.35,743400000,743400000.0,13969078222.18,16629850000.0
2010-02-03,SBUX,8.71,8.53,8.73,8.5,8.63,7668067,171286926.5494,8.67,1.03,743400000,743400000.0,14019035326.63,16689320000.0
2010-01-30,SBUX,8.46,8.58,8.74,8.44,8.57,9370953,207042641.484,8.57,1.26,743400000,743400000.0,13606892493.26,16198680000.0
2010-01-27,SBUX,8.75,8.62,8.82,8.6,8.69,11246290,254053657.3611,8.77,1.51,743400000,743400000.0,14075234493.26,16756230000.0
2010-01-26,SBUX,8.69,8.92,8.95,8.64,8.89,12337075,277226338.3026,8.72,1.66,743179680,743180000.0,13983665113.25,16647220000.0
2010-01-20,SBUX,9.15,9.08,9.23,8.99,9.03,9458137,222621826.5349,9.13,1.27,743179680,743180000.0,14720300442.17,17524160000.0
2010-01-16,SBUX,9.03,9.21,9.22,8.89,9.14,10931211,255222996.6179,9.06,1.47,743179680,743180000.0,14526778326.31,17293780000.0
2010-01-09,SBUX,9.03,9.0,9.16,9.0,9.06,5138449,120005871.2014,9.06,0.69,740200000,740200000.0,14474758418.23,17231850000.0
2010-01-08,SBUX,9.06,9.03,9.13,9.0,9.09,5128602,119712822.8328,9.06,0.69,740200000,740200000.0,14524491775.25,17291060000.0
2010-01-06,SBUX,9.15,8.91,9.31,8.88,8.94,15031293,354359711.1851,9.15,2.03,740200000,740200000.0,14667505254.7,17461310000.0
2010-01-01,SBUX,8.95,9.06,9.11,8.95,9.04,3763106,87426356.3819,9.01,0.51,740200000,740200000.0,14337968836.46,17069010000.0
2009-12-30,SBUX,9.12,9.25,9.26,9.07,9.24,7401000,174258002.997,9.14,1.0,740200000,740200000.0,14617762571.16,17402090000.0
2009-12-25,SBUX,9.18,9.22,9.22,9.12,9.21,2047914,48397937.8834,9.17,0.28,740200000,740200000.0,14711024040.55,17513120000.0
2009-12-19,SBUX,9.19,8.7,9.22,8.63,8.63,29972407,694724067.7027,8.99,4.05,740200000,740200000.0,14723461887.62,17527930000.0
2009-12-17,SBUX,8.71,8.81,8.9,8.7,8.82,7899340,178517184.66,8.77,1.07,740200000,740200000.0,13952466458.78,16610070000.0
2009-12-16,SBUX,8.82,8.8,8.89,8.8,8.86,6976297,159059487.8844,8.85,0.94,740200000,740200000.0,14132784152.93,16824740000.0
2009-12-15,SBUX,8.86,8.72,8.88,8.67,8.69,9048106,204596605.2978,8.77,1.22,740200000,740200000.0,14201179254.7,16906160000.0
2009-12-11,SBUX,8.66,8.32,8.72,8.29,8.26,21144750,467615955.9473,8.58,2.86,740200000,740200000.0,13871642836.46,16513860000.0
2009-12-09,SBUX,8.23,8.21,8.33,8.13,8.3,6011430,127570900.4877,8.23,0.81,740200000,740200000.0,13193908255.25,15707030000.0
2009-12-08,SBUX,8.3,8.35,8.44,8.28,8.38,5465488,117751178.8886,8.36,0.74,740200000,740200000.0,13305831469.39,15840270000.0
2009-12-05,SBUX,8.38,8.31,8.48,8.26,8.2,12869024,278036395.9941,8.38,1.74,740200000,740200000.0,13430183204.09,15988310000.0
2009-12-01,SBUX,8.5,8.28,8.51,8.19,8.32,11958418,259154416.1697,8.41,1.62,740200000,740200000.0,13616715469.39,16210370000.0
2009-11-28,SBUX,8.32,8.17,8.4,8.15,8.47,4439387,95177287.5577,8.32,0.6,740200000,740200000.0,13324483887.62,15862480000.0
2009-11-26,SBUX,8.47,8.3,8.47,8.27,8.28,7433500,160984232.031,8.4,1.0,740200000,740200000.0,13566973407.62,16151160000.0
2009-11-25,SBUX,8.28,8.35,8.39,8.18,8.39,8994078,191595438.1931,8.27,1.22,740200000,740200000.0,13262303357.02,15788450000.0
2009-11-24,SBUX,8.39,8.46,8.58,8.35,8.31,12693981,276953316.9359,8.47,1.71,740200000,740200000.0,13436397775.25,15995710000.0
2009-11-21,SBUX,8.31,8.28,8.43,8.23,8.35,6476012,138446697.2287,8.3,0.87,740200000,740200000.0,13312046040.55,15847670000.0
2009-11-20,SBUX,8.35,8.33,8.39,8.17,8.43,10273934,219268292.5712,8.28,1.39,740200000,740200000.0,13386664418.23,15936500000.0
2009-11-19,SBUX,8.43,8.44,8.49,8.32,8.53,8037035,173768629.2535,8.39,1.09,740200000,740200000.0,13504792255.25,16077130000.0
2009-11-18,SBUX,8.53,8.5,8.56,8.44,8.56,7230055,158523944.6129,8.51,0.98,740200000,740200000.0,13672672724.09,16276990000.0
2009-11-17,SBUX,8.56,8.47,8.56,8.42,8.45,8865391,194690945.6919,8.52,1.2,740200000,740200000.0,13716200836.46,16328810000.0
2009-11-14,SBUX,8.45,8.41,8.48,8.35,8.41,8542488,185598254.4797,8.43,1.15,740200000,740200000.0,13542106418.23,16121550000.0
2009-11-13,SBUX,8.41,8.38,8.5,8.36,8.42,9666184,209672976.6219,8.42,1.31,737100000,737100000.0,13423471185.85,15980320000.0
2009-11-12,SBUX,8.42,8.38,8.44,8.32,8.31,12038899,260362692.3486,8.39,1.63,737100000,737100000.0,13442045486.69,16002430000.0
2009-11-11,SBUX,8.31,8.14,8.32,8.14,8.19,13365778,284249987.3602,8.25,1.81,737100000,737100000.0,13256294429.2,15781300000.0
2009-11-10,SBUX,8.19,8.21,8.22,8.11,8.2,13680485,287840031.0531,8.16,1.86,737100000,737100000.0,13064354827.52,15552800000.0
2009-11-07,SBUX,8.2,7.92,8.26,7.86,7.64,28726860,598127639.9783,8.08,3.9,737100000,737100000.0,13076741203.34,15567550000.0
2009-11-06,SBUX,7.64,7.54,7.72,7.47,7.45,14011020,275792791.5808,7.64,1.9,737100000,737100000.0,12197528942.51,14520860000.0
2009-11-05,SBUX,7.45,7.61,7.61,7.43,7.54,11721895,227317950.6456,7.52,1.59,737100000,737100000.0,11894135486.69,14159680000.0
2009-11-04,SBUX,7.54,7.47,7.59,7.36,7.52,9101500,175598843.694,7.49,1.23,737100000,737100000.0,12024164260.84,14314480000.0
2009-11-03,SBUX,7.52,7.36,7.55,7.31,7.36,11167016,214772862.4876,7.46,1.51,737100000,737100000.0,11999392128.36,14284990000.0
2009-10-31,SBUX,7.36,7.58,7.65,7.35,7.57,12435266,238423692.848,7.44,1.69,737100000,737100000.0,11611828692.83,13990150000.0
2009-10-30,SBUX,7.57,7.35,7.59,7.32,7.27,11181805,216352138.0413,7.51,1.52,737100000,737100000.0,11942193242.07,14388180000.0
2009-10-29,SBUX,7.27,7.44,7.56,7.25,7.41,13505614,256447164.6987,7.37,1.83,737100000,737100000.0,11464995313.86,13813240000.0
2009-10-28,SBUX,7.41,7.75,7.78,7.37,7.78,16997633,328220893.7034,7.49,2.31,737100000,737100000.0,11679126534.62,14071230000.0
2009-10-27,SBUX,7.78,7.78,8.02,7.76,7.87,10386739,209853622.8223,7.84,1.41,737100000,737100000.0,12266442308.48,14778840000.0
2009-10-24,SBUX,7.87,7.97,7.97,7.82,8.02,6479727,131609670.2997,7.88,0.88,737100000,737100000.0,12401037992.07,14941000000.0
2009-10-23,SBUX,8.02,7.9,8.08,7.84,7.89,7857399,161471018.7836,7.97,1.07,737100000,737100000.0,12639636650.28,15228480000.0
2009-10-22,SBUX,7.89,7.9,8.16,7.88,7.97,10413340,215703882.4679,8.04,1.41,737100000,737100000.0,12443867784.62,14992610000.0
2009-10-21,SBUX,7.97,8.06,8.13,7.91,8.13,5922402,121533593.6748,7.96,0.8,737100000,737100000.0,12560109678.21,15132660000.0
2009-10-20,SBUX,8.13,8.02,8.19,7.95,8.01,7698242,161068000.1952,8.12,1.04,737100000,737100000.0,12810938078.48,15434860000.0
2009-10-17,SBUX,8.01,8.01,8.03,7.88,8.04,10125375,207944704.8705,7.97,1.37,737100000,737100000.0,12627407520.0,15213740000.0
2009-10-16,SBUX,8.04,7.9,8.04,7.87,7.97,10143247,208153557.9831,7.96,1.38,737100000,737100000.0,12676342394.9,15272700000.0
2009-10-15,SBUX,7.97,7.93,8.04,7.88,7.83,7439051,152789887.3886,7.97,1.01,737100000,737100000.0,12566224549.24,15140020000.0
2009-10-14,SBUX,7.83,7.93,7.93,7.77,7.9,6760137,136465526.8315,7.83,0.92,737100000,737100000.0,12352093328.48,14882040000.0
2009-10-08,SBUX,7.92,7.94,7.99,7.83,7.97,6997090,142548202.0308,7.91,0.95,737100000,737100000.0,12480573529.24,15036830000.0
2009-10-07,SBUX,7.97,7.78,8.04,7.74,7.78,10892305,223243226.2352,7.95,1.48,737100000,737100000.0,12560109678.21,15132660000.0
2009-10-06,SBUX,7.78,7.69,7.81,7.61,7.66,7283981,145984046.7019,7.78,0.99,737100000,737100000.0,12272566356.41,14786220000.0
2009-10-03,SBUX,7.66,7.66,7.79,7.6,7.75,8507570,169112625.703,7.71,1.15,737100000,737100000.0,12076788313.86,14550340000.0
2009-10-02,SBUX,7.75,7.97,7.99,7.68,8.01,11801563,236673241.4241,7.78,1.6,737100000,737100000.0,12217497644.9,14719870000.0
2009-10-01,SBUX,8.01,7.9,8.04,7.65,7.91,14158485,288535737.498,7.91,1.92,737100000,737100000.0,12633521779.24,15221110000.0
2009-09-30,SBUX,7.91,8.02,8.06,7.83,8.0,9307910,189940822.9291,7.92,1.26,737100000,737100000.0,12468335222.07,15022090000.0
2009-09-29,SBUX,8.0,7.74,8.06,7.71,7.69,12924129,265351689.9429,7.97,1.75,737100000,737100000.0,12615169212.83,15199000000.0
2009-09-25,SBUX,7.44,7.68,7.73,7.38,7.64,16467883,316598179.5728,7.46,2.23,737100000,737100000.0,11728071198.21,14130200000.0
2009-09-24,SBUX,7.64,7.92,7.94,7.63,7.94,11827040,236126818.1189,7.75,1.6,737100000,737100000.0,12046196828.48,14513480000.0
2009-09-23,SBUX,7.94,8.02,8.06,7.91,8.02,7151609,146567177.419,7.95,0.97,737100000,737100000.0,12523394144.9,15088420000.0
2009-09-22,SBUX,8.02,8.0,8.1,7.89,8.06,9089953,187442975.4579,8.0,1.23,737100000,737100000.0,12645760698.21,15235850000.0
2009-09-19,SBUX,8.06,7.94,8.13,7.89,7.79,14498512,299993061.3456,8.03,1.97,737100000,737100000.0,12700819621.04,15302190000.0
2009-09-18,SBUX,7.79,7.69,7.95,7.66,7.7,9714320,195654108.2558,7.82,1.32,737100000,737100000.0,12284795486.69,14800960000.0
2009-09-17,SBUX,7.7,7.69,7.7,7.59,7.68,9997070,196967271.675,7.65,1.36,737100000,737100000.0,12144085543.86,14631430000.0
2009-09-16,SBUX,7.68,7.76,7.82,7.65,7.79,10759954,213636713.1593,7.7,1.46,737100000,737100000.0,12107379799.24,14587200000.0
2009-09-12,SBUX,7.72,7.76,7.77,7.63,7.75,9638113,190848053.6533,7.68,1.31,737100000,737100000.0,12168562770.0,14660910000.0
2009-09-11,SBUX,7.75,7.81,7.85,7.63,7.8,16375231,325834264.5618,7.72,2.22,737100000,737100000.0,12217497644.9,14719870000.0
2009-09-10,SBUX,7.8,7.45,7.84,7.42,7.45,20608079,409832743.4245,7.72,2.8,737100000,737100000.0,12290919534.62,14808330000.0
2009-09-09,SBUX,7.45,7.4,7.47,7.35,7.38,7430805,141993736.8608,7.41,1.01,737100000,737100000.0,11746423764.62,14152320000.0
2009-09-04,SBUX,7.25,7.22,7.25,7.07,7.2,11313508,208782870.6844,7.16,1.53,737100000,737100000.0,11434403828.48,13776390000.0
2009-09-03,SBUX,7.2,7.17,7.28,7.13,7.2,8550012,159029368.1988,7.22,1.16,737100000,737100000.0,11354876856.41,13680570000.0
2009-09-02,SBUX,7.2,7.36,7.51,7.15,7.37,14669243,275234546.9591,7.28,1.99,737100000,737100000.0,11354876856.41,13680570000.0
2009-09-01,SBUX,7.37,7.46,7.48,7.31,7.5,10591618,200987496.4136,7.36,1.44,737100000,737100000.0,11757918787.52,13997520000.0
2009-08-29,SBUX,7.5,7.61,7.64,7.43,7.54,6648141,128431380.613,7.5,0.9,737100000,737100000.0,11968432070.87,14248130000.0
2009-08-25,SBUX,7.47,7.66,7.7,7.42,7.65,10992747,213390061.5183,7.53,1.49,737100000,737100000.0,11912709787.52,14181790000.0
2009-08-22,SBUX,7.65,7.52,7.68,7.47,7.46,9435375,184915413.3521,7.6,1.28,737100000,737100000.0,12203717486.69,14528230000.0
2009-08-21,SBUX,7.46,7.39,7.51,7.38,7.42,9076863,174098743.5409,7.44,1.23,737100000,737100000.0,11900323411.7,14167050000.0
2009-08-20,SBUX,7.42,7.28,7.44,7.27,7.38,8900777,169195715.5668,7.38,1.21,737100000,737100000.0,11838413203.34,14093350000.0
2009-08-19,SBUX,7.38,7.24,7.39,7.23,7.23,8941098,169119035.7449,7.34,1.21,737100000,737100000.0,11770304544.18,14012260000.0
2009-08-18,SBUX,7.23,7.26,7.28,7.14,7.42,11296727,210408273.2243,7.23,1.53,737100000,737100000.0,11528831203.34,13724800000.0
2009-08-14,SBUX,7.62,7.49,7.64,7.38,7.46,14953125,291195556.2656,7.56,2.03,737100000,737100000.0,12160380960.0,14476640000.0
2009-08-13,SBUX,7.46,7.33,7.54,7.29,7.32,12444122,239575369.1591,7.47,1.69,737100000,737100000.0,11906521243.34,14174430000.0
2009-08-11,SBUX,7.45,7.3,7.52,7.27,7.38,16351508,313201640.6299,7.43,2.22,737100000,737100000.0,11887946942.51,14152320000.0
2009-08-08,SBUX,7.38,7.23,7.43,7.15,7.1,14511317,274334880.6628,7.34,1.97,737100000,737100000.0,11782690300.84,14027010000.0
2009-08-07,SBUX,7.1,7.16,7.23,7.06,7.18,13569891,248864921.0053,7.12,1.84,737100000,737100000.0,11330693770.03,13488920000.0
2009-08-06,SBUX,7.18,7.28,7.36,7.13,7.26,17782915,329681017.768,7.19,2.41,737100000,737100000.0,11454534000.0,13636350000.0
2009-08-05,SBUX,7.26,7.02,7.26,7.02,7.09,14968614,277332313.123,7.19,2.03,737100000,737100000.0,11578364942.51,13783770000.0
2009-08-04,SBUX,7.09,6.98,7.11,6.86,6.87,14490493,261976434.1026,7.02,1.97,737100000,737100000.0,11312120088.36,13466800000.0
2009-08-01,SBUX,6.87,6.79,6.95,6.77,6.84,9436750,167347521.4897,6.88,1.28,737100000,737100000.0,10959200942.51,13046660000.0
2009-07-31,SBUX,6.84,6.77,6.92,6.7,6.66,13892891,245698500.3416,6.86,1.89,735900000,735900000.0,10898084098.44,12973910000.0
2009-07-30,SBUX,6.66,6.7,6.77,6.6,6.74,8460551,145549337.7944,6.68,1.15,735900000,735900000.0,10607550160.28,12628030000.0
2009-07-29,SBUX,6.74,6.64,6.79,6.63,6.71,8616414,148775269.2489,6.7,1.17,735900000,735900000.0,10731179505.82,12775210000.0
2009-07-28,SBUX,6.71,6.73,6.79,6.58,6.68,12886360,221988091.8578,6.68,1.75,735900000,735900000.0,10694091382.13,12731060000.0
2009-07-25,SBUX,6.68,6.69,6.77,6.56,6.7,10507055,180165470.2552,6.65,1.43,735900000,735900000.0,10644637665.82,12672180000.0
2009-07-23,SBUX,6.75,6.21,6.83,6.19,5.7,76003813,1293181697.032,6.6,10.33,735900000,735900000.0,10749732840.0,12797300000.0
2009-07-22,SBUX,5.7,5.83,5.84,5.59,5.79,16794114,246090870.0876,5.69,2.28,735900000,735900000.0,9080711640.0,10810370000.0
2009-07-21,SBUX,5.79,5.61,5.8,5.6,5.6,10519387,155427098.7411,5.73,1.43,735900000,735900000.0,9222887520.0,10979620000.0
2009-07-18,SBUX,5.6,5.64,5.65,5.53,5.59,8677098,125207921.0106,5.6,1.18,735900000,735900000.0,8926172640.0,10626390000.0
2009-07-14,SBUX,5.45,5.22,5.46,5.16,5.22,14897958,206333738.7084,5.37,2.02,735900000,735900000.0,8685091800.0,10339390000.0
2009-07-09,SBUX,5.06,5.06,5.11,4.95,5.03,13017649,168499146.8911,5.02,1.77,735900000,735900000.0,8060754240.0,9596133000.0
2009-07-07,SBUX,5.2,5.15,5.28,5.11,5.2,9209035,122751832.0325,5.17,1.25,735900000,735900000.0,8283290400.0,9861055000.0
2009-07-03,SBUX,5.2,5.38,5.42,5.18,5.43,13383680,181049069.568,5.25,1.82,735900000,735900000.0,8277108840.0,9853695000.0
2009-07-02,SBUX,5.43,5.42,5.55,5.41,5.39,14710145,207729312.6175,5.48,2.0,735900000,735900000.0,8654184000.0,10302600000.0
2009-07-01,SBUX,5.39,5.59,5.65,5.35,5.68,21566520,301726398.06,5.43,2.93,735900000,735900000.0,8586186840.0,10221650000.0
2009-06-26,SBUX,5.76,5.49,5.77,5.47,5.51,12042868,177093986.8004,5.71,1.64,735900000,735900000.0,9173435040.0,10920750000.0
2009-06-25,SBUX,5.51,5.54,5.65,5.46,5.49,9975352,143025599.4408,5.56,1.36,735900000,735900000.0,8783996760.0,10457130000.0
2009-06-19,SBUX,5.48,5.53,5.64,5.47,5.55,8661219,123425835.2376,5.53,1.18,735900000,735900000.0,8722181160.0,10383550000.0
2009-06-18,SBUX,5.55,5.41,5.67,5.39,5.43,15168829,216313569.0716,5.53,2.06,735900000,735900000.0,8839630800.0,10523370000.0
2009-06-17,SBUX,5.43,5.49,5.53,5.39,5.48,9079707,127737857.9295,5.46,1.23,735900000,735900000.0,8654184000.0,10302600000.0
2009-06-16,SBUX,5.48,5.57,5.6,5.4,5.65,8859082,124561350.6446,5.46,1.2,735900000,735900000.0,8728362720.0,10390910000.0
2009-06-13,SBUX,5.65,5.5,5.65,5.44,5.53,10849641,155564322.5862,5.56,1.47,735900000,735900000.0,8994169800.0,10707340000.0
2009-06-12,SBUX,5.53,5.76,5.84,5.52,5.78,14525579,211194655.8705,5.64,1.97,735900000,735900000.0,8814904560.0,10493930000.0
2009-06-11,SBUX,5.78,5.89,5.98,5.68,5.9,12264477,182971279.4676,5.79,1.67,735900000,735900000.0,9210524400.0,10964910000.0
2009-06-10,SBUX,5.9,5.8,5.95,5.78,5.81,9469223,143897153.4749,5.9,1.29,735900000,735900000.0,9395971200.0,11185680000.0
2009-06-09,SBUX,5.81,5.7,5.87,5.68,5.86,11981891,178203070.2757,5.77,1.63,735900000,735900000.0,9253795320.0,11016420000.0
2009-06-05,SBUX,5.89,5.93,5.97,5.83,5.94,13720301,207748681.6517,5.88,1.86,735900000,735900000.0,9377426520.0,11163600000.0
2009-06-03,SBUX,5.75,5.72,5.85,5.69,5.79,8498473,126233768.4001,5.76,1.15,735900000,735900000.0,9161071920.0,10906040000.0
2009-06-02,SBUX,5.79,5.65,5.82,5.59,5.58,11623079,172622482.3843,5.76,1.58,735900000,735900000.0,9222887520.0,10979620000.0
2009-05-30,SBUX,5.58,5.35,5.58,5.32,5.32,17483579,245925770.5719,5.46,2.38,735900000,735900000.0,10589601000.0,10589600000.0
2009-05-29,SBUX,5.32,5.25,5.35,5.13,5.2,13410465,182004148.887,5.27,1.82,735900000,735900000.0,10089189000.0,10089190000.0
2009-05-28,SBUX,5.2,5.23,5.39,5.16,5.24,10879040,148000635.968,5.28,1.48,735900000,735900000.0,9861060000.0,9861055000.0
2009-05-27,SBUX,5.24,4.87,5.28,4.87,5.04,15847743,211060241.274,5.17,2.15,735900000,735900000.0,9934650000.0,9934645000.0
2009-05-23,SBUX,5.04,5.25,5.27,5.03,5.21,16848579,221327988.3177,5.1,2.29,735900000,735900000.0,9566700000.0,9566699000.0
2009-05-22,SBUX,5.21,5.2,5.27,5.16,5.26,21563098,289941728.3276,5.22,2.93,735900000,735900000.0,9883137000.0,9883133000.0
2009-05-21,SBUX,5.26,5.25,5.44,5.21,5.21,17025915,234700535.6835,5.35,2.31,735900000,735900000.0,9971445000.0,9971441000.0
2009-05-20,SBUX,5.21,5.18,5.3,5.13,5.2,6794031,91582858.4769,5.23,0.92,735900000,735900000.0,9875778000.0,9875773000.0
2009-05-19,SBUX,5.2,5.09,5.21,5.02,5.02,9096070,120219118.762,5.13,1.24,735900000,735900000.0,9853701000.0,9853695000.0
2009-05-16,SBUX,5.02,4.96,5.14,4.86,4.94,11453434,148911822.151,5.04,1.56,735900000,735900000.0,9522546000.0,9522543000.0
2009-05-15,SBUX,4.94,4.93,5.08,4.91,4.95,9191762,118318198.8164,4.99,1.25,735900000,735900000.0,9368007000.0,9368004000.0
2009-05-14,SBUX,4.95,5.1,5.11,4.94,5.11,11518723,148348481.6447,5.0,1.57,735900000,735900000.0,9382725000.0,9382719000.0
2009-05-13,SBUX,5.11,5.2,5.28,5.01,5.22,9964043,130829877.3986,5.09,1.35,735900000,735900000.0,9699162000.0,9699156000.0
2009-05-08,SBUX,5.44,5.48,5.62,5.35,5.44,16103684,226714104.8256,5.46,2.19,735900000,735900000.0,10309959000.0,10309960000.0
2009-05-07,SBUX,5.44,5.56,5.58,5.34,5.52,13216645,184956373.459,5.43,1.8,735900000,735900000.0,10317318000.0,10317320000.0
2009-05-06,SBUX,5.52,5.54,5.6,5.43,5.53,11808004,167326501.4824,5.5,1.6,735900000,735900000.0,10464498000.0,10464500000.0
2009-05-05,SBUX,5.53,5.43,5.61,5.39,5.35,16279321,232123582.2748,5.53,2.21,735900000,735900000.0,10479216000.0,10479210000.0
2009-05-02,SBUX,5.35,5.6,5.63,5.32,5.61,19302821,271739323.1917,5.46,2.63,734600000,734600000.0,10137480000.0,10137480000.0
2009-05-01,SBUX,5.61,5.34,5.99,5.32,5.31,33587579,496995406.463,5.74,4.57,734600000,734600000.0,10622316000.0,10622310000.0
2009-04-30,SBUX,5.31,5.3,5.42,5.22,5.24,15067000,207287265.9,5.34,2.05,734600000,734600000.0,10056674000.0,10056670000.0
2009-04-29,SBUX,5.24,5.03,5.42,5.03,5.12,16529739,225311913.3873,5.29,2.25,734600000,734600000.0,9917100000.0,9917098000.0
2009-04-28,SBUX,5.12,5.13,5.29,5.02,5.24,14326653,189591762.4755,5.13,1.95,734600000,734600000.0,9696720000.0,9696719000.0
2009-04-25,SBUX,5.24,5.13,5.3,5.09,5.18,18052520,242907488.112,5.22,2.46,734600000,734600000.0,9924446000.0,9924441000.0
2009-04-24,SBUX,5.18,4.85,5.2,4.84,4.88,24049708,313851094.3708,5.06,3.27,734600000,734600000.0,9814256000.0,9814254000.0
2009-04-23,SBUX,4.88,4.54,4.93,4.48,4.58,22396266,277895108.1546,4.81,3.05,734600000,734600000.0,9233922000.0,9233918000.0
2009-04-22,SBUX,4.58,4.35,4.59,4.35,4.41,13792559,160208848.3204,4.51,1.88,734600000,734600000.0,8675626000.0,8675621000.0
2009-04-21,SBUX,4.41,4.51,4.55,4.37,4.68,12591875,143376125.5,4.42,1.71,734600000,734600000.0,8352402000.0,8352398000.0
2009-04-18,SBUX,4.68,4.47,4.74,4.47,4.5,18097407,216249535.7244,4.64,2.46,734600000,734600000.0,8859276000.0,8859273000.0
2009-04-17,SBUX,4.5,4.44,4.54,4.43,4.52,18334458,212551371.594,4.5,2.5,734600000,734600000.0,8528706000.0,8528703000.0
2009-04-16,SBUX,4.52,4.33,4.55,4.32,4.61,18199903,210156099.9313,4.48,2.48,734600000,734600000.0,8565436000.0,8565434000.0
2009-04-15,SBUX,4.61,4.62,4.64,4.56,4.66,14643586,173631927.9192,4.6,1.99,734600000,734600000.0,8719702000.0,8719699000.0
2009-04-14,SBUX,4.66,4.6,4.7,4.55,4.66,7923371,94490160.8605,4.63,1.08,734600000,734600000.0,8822546000.0,8822543000.0
2009-04-10,SBUX,4.66,4.6,4.71,4.52,4.46,11980555,143864900.551,4.66,1.63,734600000,734600000.0,8815200000.0,8815195000.0
2009-04-09,SBUX,4.46,4.39,4.5,4.37,4.34,8986352,103104011.0368,4.45,1.22,734600000,734600000.0,8440554000.0,8440551000.0
2009-04-08,SBUX,4.34,4.33,4.39,4.25,4.43,9904004,110642580.686,4.33,1.35,734600000,734600000.0,8220174000.0,8220172000.0
2009-04-07,SBUX,4.43,4.46,4.52,4.36,4.54,8869094,100830955.8672,4.41,1.21,734600000,734600000.0,8389132000.0,8389129000.0
2009-04-04,SBUX,4.54,4.57,4.63,4.45,4.59,11368083,131903867.049,4.5,1.55,734600000,734600000.0,8587474000.0,8587469000.0
2009-04-03,SBUX,4.59,4.44,4.66,4.39,4.33,19706145,232491128.0955,4.58,2.68,734600000,734600000.0,8682972000.0,8682969000.0
2009-04-02,SBUX,4.33,4.26,4.37,4.19,4.31,9945188,110622315.1616,4.32,1.35,734600000,734600000.0,8205482000.0,8205480000.0
2009-04-01,SBUX,4.31,4.44,4.44,4.29,4.37,12226266,136563723.3402,4.33,1.66,734600000,734600000.0,8161406000.0,8161402000.0
2009-03-31,SBUX,4.37,4.45,4.51,4.31,4.57,8896926,99995220.3918,4.36,1.21,734600000,734600000.0,8271596000.0,8271590000.0
2009-03-28,SBUX,4.57,4.66,4.72,4.55,4.81,10356840,123366535.344,4.62,1.41,734600000,734600000.0,8646242000.0,8646238000.0
2009-03-27,SBUX,4.81,4.39,4.82,4.35,4.33,20598196,247231907.3096,4.66,2.8,734600000,734600000.0,9101694000.0,9101691000.0
2009-03-26,SBUX,4.33,4.45,4.5,4.17,4.39,18616985,207774861.0925,4.33,2.53,734600000,734600000.0,8198136000.0,8198133000.0
2009-03-25,SBUX,4.39,4.63,4.68,4.39,4.68,12187352,141903433.012,4.52,1.66,734600000,734600000.0,8315672000.0,8315668000.0
2009-03-24,SBUX,4.68,4.45,4.7,4.35,4.33,12286809,143533274.0571,4.53,1.67,734600000,734600000.0,8859276000.0,8859273000.0
2009-03-21,SBUX,4.33,4.5,4.61,4.29,4.5,16586563,188909341.9759,4.42,2.26,734600000,734600000.0,8198136000.0,8198133000.0
2009-03-20,SBUX,4.5,4.51,4.53,4.42,4.46,10918528,126071875.4048,4.48,1.49,734600000,734600000.0,8514014000.0,8514012000.0
2009-03-19,SBUX,4.46,4.3,4.51,4.25,4.32,12418086,140578942.563,4.39,1.69,734600000,734600000.0,8447900000.0,8447895000.0
2009-03-18,SBUX,4.32,4.14,4.33,4.14,4.18,14880180,163122485.232,4.25,2.03,734600000,734600000.0,8183444000.0,8183441000.0
2009-03-17,SBUX,4.18,4.12,4.27,4.1,4.1,17622301,191022218.3798,4.21,2.4,734600000,734600000.0,7918988000.0,7918984000.0
2009-03-14,SBUX,4.1,3.91,4.13,3.89,3.91,15060297,157740044.7483,4.06,2.05,734600000,734600000.0,7757376000.0,7757371000.0
2009-03-13,SBUX,3.91,3.57,3.92,3.54,3.58,16264840,160093183.8771,3.82,2.21,734600000,734600000.0,7397422000.0,7397418000.0
2009-03-12,SBUX,3.58,3.57,3.65,3.47,3.54,8197234,75620300.0945,3.58,1.12,734600000,734600000.0,6773011559.24,6773008000.0
2009-03-11,SBUX,3.54,3.29,3.57,3.23,3.21,15738415,140164735.9839,3.46,2.14,734600000,734600000.0,6706897412.32,6706895000.0
2009-03-10,SBUX,3.21,3.23,3.34,3.19,3.24,9523469,79784765.289,3.25,1.3,734600000,734600000.0,6075141706.16,6075141000.0
2009-03-07,SBUX,3.24,3.36,3.37,3.15,3.32,13512700,112643214.4162,3.23,1.84,734600000,734600000.0,6141255779.62,6141254000.0
2009-03-06,SBUX,3.32,3.36,3.45,3.31,3.43,11089864,96742420.8411,3.38,1.51,734600000,734600000.0,6288175632.7,6288172000.0
2009-03-05,SBUX,3.43,3.35,3.47,3.35,3.33,10076204,88810654.4356,3.42,1.37,734600000,734600000.0,6486518000.0,6486516000.0
2009-03-04,SBUX,3.33,3.5,3.5,3.31,3.4,11104536,96447326.9803,3.37,1.51,734600000,734600000.0,6302868000.0,6302863000.0
2009-03-03,SBUX,3.4,3.48,3.55,3.4,3.55,9073934,80960355.8838,3.46,1.24,734600000,734600000.0,6442441706.16,6442438000.0
2009-02-28,SBUX,3.55,3.46,3.59,3.45,3.5,13789907,125966662.0939,3.54,1.88,734600000,734600000.0,6721589779.62,6721586000.0
2009-02-27,SBUX,3.5,3.61,3.71,3.49,3.66,12265766,113000821.2016,3.57,1.67,734600000,734600000.0,6626091706.16,6626090000.0
2009-02-26,SBUX,3.66,3.68,3.73,3.6,3.7,10321243,97228167.1159,3.66,1.41,734600000,734600000.0,6919931412.32,6919930000.0
2009-02-25,SBUX,3.7,3.54,3.72,3.53,3.55,15660731,147101241.5848,3.64,2.13,734600000,734600000.0,7000737853.08,7000734000.0
2009-02-24,SBUX,3.55,3.73,3.78,3.53,3.72,13521473,125888968.7198,3.61,1.84,734600000,734600000.0,6728935926.54,6728934000.0
2009-02-21,SBUX,3.72,3.65,3.77,3.59,3.69,12500235,119042226.7018,3.7,1.7,734600000,734600000.0,7037468000.0,7037465000.0
2009-02-20,SBUX,3.69,3.75,3.86,3.68,3.74,10505641,101701952.5253,3.76,1.43,734600000,734600000.0,6993391706.16,6993387000.0
2009-02-19,SBUX,3.74,3.74,3.79,3.66,3.74,10152254,97793617.1058,3.74,1.38,734600000,734600000.0,7088889779.62,7088887000.0
2009-02-18,SBUX,3.74,3.77,3.79,3.62,3.93,16365368,157472467.4141,3.73,2.23,734600000,734600000.0,7088889779.62,7088887000.0
2009-02-14,SBUX,3.93,3.95,4.0,3.86,3.95,8855535,89824348.1655,3.94,1.21,734600000,734600000.0,7441498000.0,7441492000.0
2009-02-13,SBUX,3.95,3.83,3.95,3.78,3.88,11962860,118816314.6283,3.85,1.63,734600000,734600000.0,7478228000.0,7478223000.0
2009-02-12,SBUX,3.88,3.9,3.92,3.77,3.84,11392907,113594109.4199,3.87,1.55,734600000,734600000.0,7338653853.08,7338648000.0
2009-02-11,SBUX,3.84,4.07,4.16,3.84,4.16,18193801,183875649.8065,3.92,2.48,734600000,734600000.0,7272539779.62,7272535000.0
2009-02-10,SBUX,4.16,4.03,4.18,3.96,4.09,10061715,106529413.734,4.11,1.37,734600000,734600000.0,7874912000.0,7874910000.0
2009-02-07,SBUX,4.09,3.91,4.12,3.86,3.93,12395543,129977184.7894,4.07,1.69,734600000,734600000.0,7742684000.0,7742680000.0
2009-02-06,SBUX,3.93,3.74,3.95,3.71,3.79,18076903,180302633.2488,3.87,2.46,734600000,734600000.0,7441498000.0,7441492000.0
2009-02-05,SBUX,3.79,3.8,3.91,3.77,3.81,14176391,140583009.5415,3.85,1.93,734600000,734600000.0,7177041706.16,7177039000.0
2009-02-04,SBUX,3.81,3.63,3.84,3.59,3.66,13583040,130799236.5508,3.74,1.85,734600000,734600000.0,7221118000.0,7221117000.0
2009-02-03,SBUX,3.66,3.59,3.74,3.59,3.66,9953383,93877320.4504,3.66,1.35,734600000,734600000.0,6934623706.16,6934621000.0
2009-01-31,SBUX,3.66,3.78,3.79,3.65,3.74,16580981,157807825.2532,3.69,2.26,733300000,733300000.0,6922351706.68,6922348000.0
2009-01-30,SBUX,3.74,3.59,3.84,3.59,3.74,18621829,180575868.3643,3.76,2.54,733300000,733300000.0,7076344780.01,7076344000.0
2009-01-29,SBUX,3.74,3.64,3.8,3.58,3.55,19169106,183697529.3796,3.72,2.61,733300000,733300000.0,7076344780.01,7076344000.0
2009-01-28,SBUX,3.55,3.48,3.59,3.45,3.49,12038586,109235712.0159,3.52,1.64,733300000,733300000.0,6709694780.01,6709691000.0
2009-01-27,SBUX,3.49,3.5,3.6,3.41,3.52,13118192,118955763.7442,3.52,1.79,733300000,733300000.0,6599700000.0,6599695000.0
2009-01-24,SBUX,3.52,3.45,3.58,3.43,3.54,10505438,95084716.1864,3.51,1.43,733300000,733300000.0,6658364000.0,6658359000.0
2009-01-23,SBUX,3.54,3.48,3.62,3.41,3.51,10665274,96423668.2409,3.51,1.45,733300000,733300000.0,6687695926.67,6687695000.0
2009-01-22,SBUX,3.51,3.32,3.51,3.3,3.45,12009325,106354582.2,3.44,1.64,733300000,733300000.0,6636364486.69,6636359000.0
2009-01-21,SBUX,3.45,3.67,3.69,3.43,3.67,7977313,72313540.625,3.52,1.09,733300000,733300000.0,6519036560.02,6519031000.0
2009-01-17,SBUX,3.67,3.68,3.71,3.53,3.6,9014141,84487739.8634,3.64,1.23,733300000,733300000.0,6937017340.03,6937016000.0
2009-01-16,SBUX,3.6,3.52,3.67,3.45,3.51,8874414,80989675.2719,3.54,1.21,733300000,733300000.0,6805023853.34,6805020000.0
2009-01-15,SBUX,3.51,3.58,3.59,3.43,3.64,11060575,99453364.4851,3.49,1.51,733300000,733300000.0,6629032000.0,6629027000.0
2009-01-14,SBUX,3.64,3.69,3.79,3.59,3.72,10018290,94974388.0235,3.68,1.37,733300000,733300000.0,6871020926.67,6871016000.0
2009-01-13,SBUX,3.72,3.81,3.86,3.68,3.79,11960551,115986237.699,3.76,1.63,733300000,733300000.0,7032346413.36,7032344000.0
2009-01-10,SBUX,3.79,3.93,3.94,3.73,3.93,11192239,110024181.7887,3.81,1.53,733300000,733300000.0,7164340706.68,7164336000.0
2009-01-09,SBUX,3.93,3.82,3.95,3.75,3.88,10796165,107431549.6616,3.86,1.47,733300000,733300000.0,7435662000.0,7435660000.0
2009-01-08,SBUX,3.88,3.9,3.92,3.8,3.97,12108266,120507510.1,3.86,1.65,733300000,733300000.0,7325666853.34,7325664000.0
2009-01-07,SBUX,3.97,3.9,4.02,3.86,3.85,8804899,89751857.4666,3.96,1.2,733300000,733300000.0,7494326000.0,7494320000.0
2009-01-06,SBUX,3.85,3.83,3.9,3.73,3.82,8035317,79354380.0969,3.83,1.1,733300000,733300000.0,7274335413.36,7274332000.0
2009-01-03,SBUX,3.82,3.65,3.83,3.62,3.67,7442781,72465890.6956,3.78,1.01,733300000,733300000.0,7215671413.36,7215668000.0
2009-01-01,SBUX,3.67,3.62,3.69,3.6,3.63,4928363,46508958.674,3.66,0.67,733300000,733300000.0,6937017340.03,6937016000.0
2008-12-31,SBUX,3.63,3.53,3.63,3.51,3.5,6553043,60481309.7132,3.58,0.89,733300000,733300000.0,6863687780.01,6863688000.0
2008-12-30,SBUX,3.5,3.66,3.66,3.46,3.63,5592731,50702019.1896,3.52,0.76,733300000,733300000.0,6621698853.34,6621695000.0
2008-12-27,SBUX,3.63,3.68,3.69,3.59,3.62,2996778,28035757.2234,3.63,0.41,733300000,733300000.0,6856354633.35,6856352000.0
2008-12-25,SBUX,3.62,3.59,3.62,3.57,3.57,1761836,16368336.8294,3.6,0.24,733300000,733300000.0,6849021413.36,6849016000.0
2008-12-24,SBUX,3.57,3.64,3.73,3.53,3.63,9256309,86538151.0669,3.63,1.26,733300000,733300000.0,6739026706.68,6739023000.0
2008-12-23,SBUX,3.63,3.84,3.86,3.56,3.83,8459367,79342094.9664,3.64,1.15,733300000,733300000.0,6863687780.01,6863688000.0
2008-12-20,SBUX,3.83,3.79,3.87,3.67,3.72,14886520,146167762.576,3.81,2.03,733300000,733300000.0,7245003413.36,7245000000.0
2008-12-19,SBUX,3.72,3.88,4.02,3.65,3.81,11998243,117250427.6693,3.79,1.64,733300000,733300000.0,7032346413.36,7032344000.0
2008-12-18,SBUX,3.81,3.72,3.89,3.67,3.77,15067012,147808889.9011,3.81,2.05,733300000,733300000.0,7208339000.0,7208336000.0
2008-12-17,SBUX,3.77,3.57,3.78,3.52,3.49,16276516,153048078.3203,3.65,2.22,733300000,733300000.0,7127675560.02,7127672000.0
2008-12-16,SBUX,3.49,3.66,3.69,3.45,3.62,14298153,129213837.0465,3.51,1.95,733300000,733300000.0,6599700000.0,6599695000.0
2008-12-13,SBUX,3.62,3.45,3.66,3.43,3.48,10265586,94521406.5739,3.57,1.4,733300000,733300000.0,6849021413.36,6849016000.0
2008-12-12,SBUX,3.48,3.66,3.7,3.46,3.7,10610938,97059305.6743,3.55,1.45,733300000,733300000.0,6577700560.02,6577699000.0
2008-12-11,SBUX,3.7,3.6,3.75,3.54,3.6,9857160,92860361.496,3.66,1.34,733300000,733300000.0,6988348853.34,6988344000.0
2008-12-10,SBUX,3.6,3.64,3.77,3.59,3.73,12187958,115001909.2066,3.66,1.66,733300000,733300000.0,6797690706.68,6797688000.0
2008-12-06,SBUX,3.54,3.27,3.55,3.17,3.34,12945340,112479468.8975,3.37,1.77,733300000,733300000.0,6687695926.67,6687695000.0
2008-12-05,SBUX,3.34,3.26,3.65,3.22,3.35,18621102,164327493.4812,3.42,2.54,733300000,733300000.0,6313712780.01,6313711000.0
2008-12-04,SBUX,3.35,3.23,3.39,3.17,3.31,11414622,96978621.6632,3.3,1.56,733300000,733300000.0,6335711560.02,6335707000.0
2008-12-03,SBUX,3.31,3.17,3.31,3.1,3.08,11175059,93075942.2001,3.23,1.52,733300000,733300000.0,6255048853.34,6255047000.0
2008-12-02,SBUX,3.08,3.35,3.36,3.08,3.47,10844000,89182131.7248,3.19,1.48,733300000,733300000.0,5829734926.67,5829734000.0
2008-11-29,SBUX,3.47,3.36,3.47,3.36,3.41,3302356,29187212.3743,3.43,0.45,733300000,733300000.0,6548368560.02,6548367000.0
2008-11-27,SBUX,3.41,3.12,3.43,3.12,3.19,10051977,85923287.1619,3.32,1.37,733300000,733300000.0,6438373853.34,6438371000.0
2008-11-26,SBUX,3.19,3.1,3.34,3.06,3.28,21491540,176209125.7142,3.18,2.93,733300000,733300000.0,6020392340.03,6020387000.0
2008-11-25,SBUX,3.28,3.12,3.3,3.08,3.04,17025961,140615704.1951,3.2,2.32,733300000,733300000.0,6196384926.67,6196379000.0
2008-11-22,SBUX,3.04,2.9,3.07,2.74,2.78,21040668,156559398.2463,2.89,2.87,733300000,733300000.0,5741739000.0,5741734000.0
2008-11-21,SBUX,2.78,3.06,3.12,2.78,3.09,17763422,135915041.7618,2.97,2.42,733300000,733300000.0,5257760413.36,5257758000.0
2008-11-20,SBUX,3.09,3.21,3.32,3.08,3.25,14496750,118439887.0273,3.17,1.98,733300000,733300000.0,5844400560.02,5844395000.0
2008-11-19,SBUX,3.25,3.34,3.44,3.16,3.35,15522524,130889019.1115,3.27,2.12,733300000,733300000.0,6145053413.36,6145051000.0
2008-11-18,SBUX,3.35,3.27,3.53,3.21,3.34,15794852,139580672.3938,3.43,2.15,733300000,733300000.0,6335711560.02,6335707000.0
2008-11-15,SBUX,3.34,3.57,3.59,3.34,3.61,13399575,119272288.9503,3.45,1.83,733300000,733300000.0,6313712780.01,6313711000.0
2008-11-14,SBUX,3.61,3.67,3.67,3.14,3.62,34964411,308567891.9857,3.42,4.77,733300000,733300000.0,6827022633.35,6827020000.0
2008-11-13,SBUX,3.62,3.75,3.85,3.6,3.88,22971028,217935312.6704,3.68,3.14,730600000,730600000.0,6816498000.0,6816496000.0
2008-11-12,SBUX,3.88,3.69,3.99,3.66,3.96,26338629,260557500.1745,3.84,3.61,730600000,730600000.0,7298693853.88,7298691000.0
2008-11-08,SBUX,4.09,4.27,4.36,3.99,4.3,17217743,184749825.9386,4.16,2.36,730600000,730600000.0,7707830000.0,7707824000.0
2008-11-07,SBUX,4.3,4.46,4.56,4.28,4.53,13244286,149373030.7938,4.38,1.81,730600000,730600000.0,8102354000.0,8102348000.0
2008-11-06,SBUX,4.53,4.79,4.85,4.51,4.83,10145594,121893224.5536,4.66,1.39,730600000,730600000.0,8526102000.0,8526098000.0
2008-11-04,SBUX,4.86,4.92,5.1,4.82,5.09,12713985,161262914.3415,4.92,1.74,730600000,730600000.0,9154418000.0,9154414000.0
2008-11-01,SBUX,5.09,4.86,5.11,4.77,4.9,18683379,241142636.0772,5.01,2.56,730600000,730600000.0,9592778000.0,9592773000.0
2008-10-31,SBUX,4.9,4.6,4.93,4.45,4.4,19678184,241978693.0112,4.77,2.69,730600000,730600000.0,9220172000.0,9220168000.0
2008-10-30,SBUX,4.4,4.21,4.58,4.13,4.21,20073176,227105905.9464,4.39,2.75,730600000,730600000.0,8277698000.0,8277695000.0
2008-10-29,SBUX,4.21,3.8,4.23,3.69,3.72,15730758,159354151.6158,3.93,2.15,730600000,730600000.0,7934316000.0,7934313000.0
2008-10-25,SBUX,3.76,3.55,3.91,3.55,3.98,13519016,131810406.0,3.78,1.85,730600000,730600000.0,7072207561.64,7072207000.0
2008-10-24,SBUX,3.98,3.89,4.0,3.78,3.88,17700184,176886785.264,3.88,2.42,730600000,730600000.0,7495956000.0,7495953000.0
2008-10-23,SBUX,3.88,3.97,4.07,3.79,4.08,14840641,150074498.0484,3.92,2.03,730600000,730600000.0,7298693853.88,7298691000.0
2008-10-22,SBUX,4.08,4.1,4.29,4.07,4.32,10286938,110533148.81,4.17,1.41,730600000,730600000.0,7678606000.0,7678602000.0
2008-10-21,SBUX,4.32,4.1,4.32,4.07,4.05,12694516,137692337.2456,4.21,1.74,730600000,730600000.0,8131578000.0,8131574000.0
2008-10-18,SBUX,4.05,3.99,4.16,3.91,4.1,14347032,149520463.3944,4.04,1.96,730600000,730600000.0,7634770000.0,7634766000.0
2008-10-17,SBUX,4.1,3.91,4.13,3.76,3.93,20180254,205176678.4688,3.95,2.76,730600000,730600000.0,7715136000.0,7715133000.0
2008-10-16,SBUX,3.93,4.27,4.29,3.92,4.38,15280985,161151739.7115,4.09,2.09,730600000,730600000.0,7393672000.0,7393668000.0
2008-10-15,SBUX,4.38,4.69,4.75,4.33,4.56,17192200,197698265.46,4.46,2.35,730600000,730600000.0,8255780000.0,8255773000.0
2008-10-14,SBUX,4.56,4.51,4.62,4.32,4.3,16953305,194213671.419,4.45,2.32,730600000,730600000.0,8577244000.0,8577238000.0
2008-10-10,SBUX,4.27,4.5,4.61,4.26,4.47,17938516,205161013.6404,4.44,2.46,730600000,730600000.0,8043906000.0,8043902000.0
2008-10-09,SBUX,4.47,4.64,4.94,4.46,4.76,25008977,303023770.7182,4.7,3.42,730600000,730600000.0,8423818000.0,8423813000.0
2008-10-08,SBUX,4.76,5.1,5.13,4.76,5.03,19419102,245385598.6026,4.9,2.66,730600000,730600000.0,8971768000.0,8971766000.0
2008-10-07,SBUX,5.03,5.17,5.27,4.85,5.3,21110750,273920425.55,5.03,2.89,730600000,730600000.0,9475882000.0,9475879000.0
2008-10-04,SBUX,5.3,5.58,5.68,5.28,5.5,13810981,193877170.1799,5.45,1.89,730600000,730600000.0,9979996000.0,9979992000.0
2008-10-02,SBUX,5.74,5.65,5.84,5.63,5.77,10398481,154145002.6478,5.75,1.42,730600000,730600000.0,10812880000.0,10812880000.0
2008-10-01,SBUX,5.77,5.58,5.79,5.48,5.5,13541102,197177402.6628,5.65,1.85,730600000,730600000.0,10864022000.0,10864020000.0
2008-09-30,SBUX,5.5,5.77,5.85,5.49,5.8,20721418,301836463.1552,5.65,2.84,730600000,730600000.0,10352602000.0,10352600000.0
2008-09-27,SBUX,5.8,5.64,5.82,5.63,5.79,9536102,141704568.4996,5.77,1.31,730600000,730600000.0,10929776000.0,10929770000.0
2008-09-26,SBUX,5.79,5.82,5.84,5.74,5.78,9626961,143917290.7734,5.8,1.32,730600000,730600000.0,10907858000.0,10907850000.0
2008-09-25,SBUX,5.78,5.87,5.95,5.71,5.84,8335117,124324104.6369,5.79,1.14,730600000,730600000.0,10878634000.0,10878630000.0
2008-09-24,SBUX,5.84,5.93,6.03,5.82,5.92,9578051,146089222.8775,5.92,1.31,730600000,730600000.0,11002836000.0,11002830000.0
2008-09-23,SBUX,5.92,6.2,6.22,5.9,6.26,11079922,171657907.5694,6.01,1.52,730600000,730600000.0,11148956000.0,11148950000.0
2008-09-20,SBUX,6.26,6.36,6.41,5.82,6.22,18822950,303151007.1693,6.25,2.58,730600000,730600000.0,11791884000.0,11791880000.0
2008-09-18,SBUX,6.05,6.05,6.21,6.01,6.22,15064844,236587349.0824,6.09,2.06,730600000,730600000.0,11382748000.0,11382740000.0
2008-09-17,SBUX,6.22,5.99,6.27,5.96,5.85,21819254,345001680.3972,6.14,2.99,730600000,730600000.0,11711517269.4,11711520000.0
2008-09-16,SBUX,5.85,5.76,6.05,5.72,5.95,12776153,195109742.9242,5.93,1.75,730600000,730600000.0,11017448000.0,11017450000.0
2008-09-13,SBUX,5.95,6.01,6.08,5.9,6.06,10424258,160530445.9226,5.98,1.43,730600000,730600000.0,11200098000.0,11200090000.0
2008-09-12,SBUX,6.06,5.77,6.08,5.73,5.84,16567165,256063758.9565,6.0,2.27,730600000,730600000.0,11419278000.0,11419270000.0
2008-09-11,SBUX,5.84,5.87,5.95,5.78,5.84,7921438,119814918.3252,5.87,1.08,730600000,730600000.0,11002836000.0,11002830000.0
2008-09-10,SBUX,5.84,6.05,6.09,5.83,6.03,11689083,179156237.3244,5.95,1.6,730600000,730600000.0,10988224000.0,10988220000.0
2008-09-09,SBUX,6.03,6.05,6.06,5.89,5.89,13722672,211340126.9376,5.98,1.88,730600000,730600000.0,11353524000.0,11353520000.0
2008-09-05,SBUX,5.85,6.13,6.14,5.85,6.18,12864270,197912934.669,5.97,1.76,730600000,730600000.0,11017448000.0,11017450000.0
2008-09-04,SBUX,6.18,6.2,6.3,6.12,6.11,9831168,157113862.0416,6.2,1.35,730600000,730600000.0,11638458000.0,11638450000.0
2008-09-03,SBUX,6.11,6.19,6.53,6.1,6.04,13699141,221430010.9061,6.27,1.88,730600000,730600000.0,11499644000.0,11499640000.0
2008-08-27,SBUX,6.02,6.08,6.08,5.94,6.02,6805809,105169485.8961,6.0,0.93,730600000,730600000.0,10765025700.0,11331600000.0
2008-08-26,SBUX,6.02,6.2,6.2,6.0,6.22,7630289,118931788.5852,6.05,1.04,730600000,730600000.0,10771966400.0,11338910000.0
2008-08-23,SBUX,6.22,6.12,6.27,6.09,6.08,6637090,106186139.201,6.21,0.91,730600000,730600000.0,11132878635.58,11718820000.0
2008-08-22,SBUX,6.08,6.05,6.12,5.99,6.12,7922539,123591608.4,6.05,1.08,730600000,730600000.0,10883017600.0,11455800000.0
2008-08-21,SBUX,6.12,6.27,6.27,6.03,6.19,11031887,174042358.8781,6.12,1.51,730600000,730600000.0,10945483900.0,11521560000.0
2008-08-20,SBUX,6.19,6.36,6.43,6.17,6.41,11620192,186455183.8321,6.23,1.59,730600000,730600000.0,11070416500.0,11653070000.0
2008-08-19,SBUX,6.41,6.45,6.55,6.36,6.48,10621520,176374513.8574,6.44,1.45,730600000,730600000.0,11459092229.65,12062200000.0
2008-08-14,SBUX,6.32,6.38,6.39,6.23,6.35,13995704,227737927.5396,6.31,1.92,730600000,730600000.0,11313332671.16,11908770000.0
2008-08-13,SBUX,6.35,6.26,6.55,6.2,6.32,21559098,355673159.5738,6.4,2.95,730600000,730600000.0,11354975483.02,11952600000.0
2008-08-12,SBUX,6.32,5.8,6.36,5.8,5.87,29409688,470263852.0888,6.2,4.03,730600000,730600000.0,11313332671.16,11908770000.0
2008-08-09,SBUX,5.87,5.67,5.93,5.65,5.63,12344770,186181352.186,5.85,1.69,730600000,730600000.0,10494338400.0,11046670000.0
2008-08-08,SBUX,5.63,5.68,5.76,5.62,5.8,9414024,137703636.06,5.68,1.29,730600000,730600000.0,10077896400.0,10608310000.0
2008-08-07,SBUX,5.8,5.62,5.8,5.57,5.63,13667379,201224821.017,5.71,1.87,730600000,730600000.0,10369405800.0,10915160000.0
2008-08-06,SBUX,5.63,5.55,5.65,5.53,5.46,17500860,252031634.946,5.59,2.4,730600000,730600000.0,10077896400.0,10608310000.0
2008-08-05,SBUX,5.46,5.6,5.6,5.44,5.6,15356801,216891778.9235,5.48,2.1,730600000,730600000.0,9758624200.0,10272230000.0
2008-08-02,SBUX,5.6,5.78,5.79,5.52,5.7,12948391,187184529.9742,5.61,1.78,728000000,728000000.0,9972872000.0,10497760000.0
2008-08-01,SBUX,5.7,5.65,5.88,5.63,5.69,19811266,293450415.3718,5.75,2.72,728000000,728000000.0,10159604000.0,10694320000.0
2008-07-31,SBUX,5.69,5.85,5.86,5.59,5.82,18347555,269608146.9475,5.7,2.52,728000000,728000000.0,10145772000.0,10679760000.0
2008-07-29,SBUX,5.52,5.55,5.65,5.46,5.6,10444149,148942964.4741,5.53,1.43,728000000,728000000.0,9841468000.0,10359440000.0
2008-07-26,SBUX,5.6,5.72,5.8,5.57,5.64,10624153,154580363.7347,5.65,1.46,728000000,728000000.0,9972872000.0,10497760000.0
2008-07-25,SBUX,5.64,5.88,5.91,5.64,5.98,13676477,201956432.9159,5.73,1.88,728000000,728000000.0,10055864000.0,10585120000.0
2008-07-24,SBUX,5.98,5.91,6.22,5.83,5.87,17797817,274210966.519,5.98,2.44,728000000,728000000.0,10664472000.0,11225760000.0
2008-07-22,SBUX,5.47,5.57,5.62,5.45,5.56,7248996,102882100.6296,5.51,1.0,728000000,728000000.0,9744644000.0,10257520000.0
2008-07-19,SBUX,5.56,5.58,5.66,5.49,5.58,9803254,140888445.1864,5.58,1.35,728000000,728000000.0,9917544000.0,10439520000.0
2008-07-18,SBUX,5.58,5.37,5.62,5.34,5.56,13354465,189497187.457,5.51,1.83,728000000,728000000.0,9952124000.0,10475920000.0
2008-07-17,SBUX,5.56,5.25,5.61,5.22,5.27,15567493,219658882.9793,5.48,2.14,728000000,728000000.0,9917544000.0,10439520000.0
2008-07-16,SBUX,5.27,5.34,5.38,5.17,5.43,25353141,345821913.8682,5.29,3.48,728000000,728000000.0,9391928000.0,9886238000.0
2008-07-15,SBUX,5.43,5.51,5.54,5.34,5.46,13316625,186190387.425,5.43,1.83,728000000,728000000.0,9682400000.0,10192000000.0
2008-07-12,SBUX,5.46,5.5,5.58,5.29,5.58,18547680,259639698.48,5.43,2.55,728000000,728000000.0,9723896000.0,10235680000.0
2008-07-11,SBUX,5.58,5.72,5.77,5.52,5.71,14262606,206585290.3464,5.62,1.96,728000000,728000000.0,9938292000.0,10461360000.0
2008-07-10,SBUX,5.71,5.94,5.98,5.71,5.95,12675649,189514895.7639,5.8,1.74,728000000,728000000.0,10180352000.0,10716160000.0
2008-07-09,SBUX,5.95,5.72,6.0,5.68,5.8,20367321,310125049.9386,5.91,2.8,728000000,728000000.0,10609144000.0,11167520000.0
2008-07-08,SBUX,5.8,6.05,6.06,5.75,6.04,18152219,273495853.2292,5.85,2.49,728000000,728000000.0,10339420000.0,10883600000.0
2008-07-04,SBUX,6.04,6.05,6.13,5.9,6.08,10558602,163632990.3552,6.01,1.45,728000000,728000000.0,10761296000.0,11327680000.0
2008-07-02,SBUX,6.06,6.04,6.1,5.93,6.11,20467610,317460818.144,6.02,2.81,728000000,728000000.0,10802792000.0,11371360000.0
2008-07-01,SBUX,6.11,6.28,6.34,6.1,6.34,12973500,207320422.05,6.2,1.78,728000000,728000000.0,10885784000.0,11458710000.0
2008-06-28,SBUX,6.34,6.32,6.43,6.19,6.32,16776493,272710181.3025,6.31,2.3,728000000,728000000.0,11307653775.6,11902790000.0
2008-06-27,SBUX,6.32,6.5,6.53,6.31,6.64,12270622,202266429.8411,6.4,1.69,728000000,728000000.0,11259247308.4,11851840000.0
2008-06-26,SBUX,6.64,6.45,6.71,6.45,6.43,12170766,207894915.0875,6.63,1.67,728000000,728000000.0,11833266317.6,12456070000.0
2008-06-25,SBUX,6.43,6.35,6.57,6.31,6.32,12764125,212259676.4544,6.45,1.75,728000000,728000000.0,11459807158.8,12062950000.0
2008-06-24,SBUX,6.32,6.7,6.79,6.31,6.69,19602602,328337604.7064,6.5,2.69,728000000,728000000.0,11273071700.8,11866390000.0
2008-06-21,SBUX,6.69,6.9,6.91,6.67,6.98,13066137,227576801.8378,6.76,1.79,728000000,728000000.0,11916265233.6,12543430000.0
2008-06-19,SBUX,6.9,6.98,7.02,6.85,7.03,8453301,150696963.1138,6.92,1.16,728000000,728000000.0,12289725084.0,12936550000.0
2008-06-18,SBUX,7.03,7.13,7.17,7.01,7.12,6369457,115824677.4373,7.06,0.87,728000000,728000000.0,12531789233.6,13191350000.0
2008-06-17,SBUX,7.12,6.99,7.2,6.94,7.05,8295059,151914026.629,7.11,1.14,728000000,728000000.0,12690853775.6,13358790000.0
2008-06-14,SBUX,7.05,6.97,7.06,6.92,6.91,10910411,196964416.9066,7.0,1.5,728000000,728000000.0,12566371308.4,13227760000.0
2008-06-13,SBUX,6.91,6.89,7.01,6.85,6.82,8571938,153077557.3688,6.93,1.18,728000000,728000000.0,12324307158.8,12972950000.0
2008-06-12,SBUX,6.82,6.96,6.96,6.81,6.92,11351067,200710690.4496,6.86,1.56,728000000,728000000.0,12151407158.8,12790950000.0
2008-06-11,SBUX,6.92,6.72,6.96,6.69,6.8,9761231,172951306.447,6.88,1.34,728000000,728000000.0,12338141925.2,12987510000.0
2008-06-10,SBUX,6.8,6.87,7.06,6.74,6.86,16789286,297673973.6229,6.88,2.31,728000000,728000000.0,12116825084.0,12754550000.0
2008-06-07,SBUX,6.86,7.12,7.12,6.84,7.19,12237165,219200543.1239,6.95,1.68,728000000,728000000.0,12220571308.4,12863750000.0
2008-06-06,SBUX,7.19,7.04,7.19,6.99,7.03,13662469,250307170.7806,7.11,1.88,728000000,728000000.0,12808425084.0,13482550000.0
2008-06-05,SBUX,7.03,6.88,7.12,6.88,6.89,15915438,288798323.0295,7.04,2.19,728000000,728000000.0,12531789233.6,13191350000.0
2008-06-04,SBUX,6.89,6.96,7.03,6.75,6.96,13076192,232027795.2484,6.89,1.8,728000000,728000000.0,12275900000.0,12922000000.0
2008-06-03,SBUX,6.96,7.05,7.05,6.84,7.06,10878180,194528977.7027,6.94,1.49,728000000,728000000.0,12400383158.8,13053030000.0
2008-05-31,SBUX,7.06,7.13,7.14,6.98,7.11,12006540,217678450.1346,7.03,1.65,728000000,728000000.0,12580195700.8,13242310000.0
2008-05-30,SBUX,7.11,6.92,7.14,6.92,6.92,12379133,224913904.9965,7.05,1.7,728000000,728000000.0,12677019009.2,13344230000.0
2008-05-29,SBUX,6.92,6.83,6.94,6.62,6.79,15349262,271129164.4276,6.85,2.11,728000000,728000000.0,12331219009.2,12980230000.0
2008-05-28,SBUX,6.79,6.6,6.83,6.58,6.58,13943227,241842316.3509,6.73,1.92,728000000,728000000.0,12109912542.0,12747270000.0
2008-05-23,SBUX,6.63,6.47,6.71,6.44,6.47,16587711,282135366.9103,6.6,2.28,728000000,728000000.0,11819441925.2,12441510000.0
2008-05-22,SBUX,6.47,6.57,6.58,6.46,6.53,13374668,224021609.7263,6.5,1.84,728000000,728000000.0,11535883158.8,12143030000.0
2008-05-21,SBUX,6.53,6.53,6.58,6.41,6.62,20694243,346808568.7756,6.5,2.84,728000000,728000000.0,11646541925.2,12259510000.0
2008-05-20,SBUX,6.62,6.62,6.77,6.59,6.61,17831184,307384416.697,6.69,2.45,728000000,728000000.0,11805607158.8,12426950000.0
2008-05-17,SBUX,6.61,6.42,6.62,6.38,6.24,26310633,440529268.3978,6.5,3.61,728000000,728000000.0,11790115318.8,12410640000.0
2008-05-16,SBUX,6.24,6.14,6.3,6.14,6.18,8511996,136545090.202,6.22,1.17,728000000,728000000.0,11114007158.8,11698950000.0
2008-05-15,SBUX,6.18,6.19,6.26,6.16,6.19,10898801,174265288.7094,6.2,1.5,728000000,728000000.0,11010272000.0,11589750000.0
2008-05-14,SBUX,6.19,6.24,6.24,6.09,6.22,10826821,171481687.0906,6.15,1.49,728000000,728000000.0,11031020000.0,11611600000.0
2008-05-10,SBUX,6.15,6.12,6.2,6.08,6.15,13627782,215776849.0752,6.14,1.87,728000000,728000000.0,10968776000.0,11546080000.0
2008-05-09,SBUX,6.15,6.21,6.25,6.1,6.19,20000915,318894588.76,6.19,2.75,728000000,728000000.0,10961860000.0,11538800000.0
2008-05-08,SBUX,6.19,6.36,6.39,6.18,6.35,15205348,245272785.3408,6.26,2.09,728000000,728000000.0,11031020000.0,11611600000.0
2008-05-07,SBUX,6.35,6.29,6.43,6.25,6.34,13626055,223351412.4022,6.36,1.87,728000000,728000000.0,11314566317.6,11910070000.0
2008-05-06,SBUX,6.34,6.36,6.43,6.29,6.39,12538149,204623832.9568,6.33,1.72,728000000,728000000.0,11300741925.2,11895520000.0
2008-05-03,SBUX,6.39,6.6,6.64,6.31,6.46,15777293,260861715.1301,6.42,2.18,725100000,725100000.0,11338383189.24,11935140000.0
2008-05-02,SBUX,6.46,6.19,6.55,6.14,6.3,21121028,351618586.5753,6.46,2.91,725100000,725100000.0,11469265116.93,12072910000.0
2008-04-30,SBUX,6.29,6.08,6.35,6.07,6.08,14294375,229743440.4294,6.24,1.97,725100000,725100000.0,11159286933.47,11746610000.0
2008-04-29,SBUX,6.08,6.18,6.18,6.05,6.15,12018364,189112563.0492,6.11,1.66,725100000,725100000.0,10787312700.0,11355060000.0
2008-04-26,SBUX,6.15,6.27,6.27,5.99,6.2,19739227,309965081.581,6.09,2.72,725100000,725100000.0,10925081700.0,11500080000.0
2008-04-23,SBUX,6.87,6.95,6.97,6.76,7.0,10724067,189469544.9156,6.86,1.48,725100000,725100000.0,12192554433.47,12834260000.0
2008-04-19,SBUX,7.09,6.95,7.11,6.9,6.85,12420020,225137690.12,7.03,1.71,725100000,725100000.0,12592085911.16,13254820000.0
2008-04-18,SBUX,6.85,6.87,6.88,6.74,6.86,7768059,136620691.0541,6.82,1.07,725100000,725100000.0,12164995122.71,12805250000.0
2008-04-16,SBUX,6.72,6.6,6.74,6.58,6.58,9243961,158792706.5942,6.67,1.27,725100000,725100000.0,11930790578.09,12558720000.0
2008-04-15,SBUX,6.58,6.67,6.7,6.55,6.7,12142317,206906113.7769,6.61,1.67,725100000,725100000.0,11689690006.17,12304930000.0
2008-04-12,SBUX,6.7,6.79,6.79,6.66,6.81,10346411,179113880.5374,6.72,1.43,725100000,725100000.0,11889461255.78,12515220000.0
2008-04-11,SBUX,6.81,6.79,6.88,6.76,6.78,14219766,250040365.344,6.82,1.96,725100000,725100000.0,12089221483.86,12725490000.0
2008-04-10,SBUX,6.78,7.03,7.05,6.73,6.98,18295700,321493833.3786,6.82,2.52,725100000,725100000.0,12034112506.17,12667480000.0
2008-04-09,SBUX,6.98,7.16,7.17,6.95,7.1,10847321,196466677.952,7.03,1.5,725100000,725100000.0,12385430344.62,13037290000.0
2008-04-08,SBUX,7.1,7.23,7.26,7.08,7.18,6343527,116682144.1936,7.14,0.87,725100000,725100000.0,12612750572.31,13276570000.0
2008-04-05,SBUX,7.18,7.15,7.25,7.07,7.12,9753137,180459231.426,7.18,1.35,725100000,725100000.0,12743632500.0,13414350000.0
2008-04-03,SBUX,7.22,7.18,7.33,7.11,7.18,10564579,196985005.989,7.24,1.46,725100000,725100000.0,12812510800.4,13486850000.0
2008-04-02,SBUX,7.18,6.92,7.18,6.86,6.79,19159821,350478898.9024,7.1,2.64,725100000,725100000.0,12743632500.0,13414350000.0
2008-04-01,SBUX,6.79,6.62,6.86,6.6,6.62,11838258,206872374.7242,6.78,1.63,725100000,725100000.0,12054787500.0,12689250000.0
2008-03-29,SBUX,6.62,6.89,6.91,6.6,6.84,11872036,205101127.7275,6.7,1.64,725100000,725100000.0,11744798983.86,12362940000.0
2008-03-28,SBUX,6.84,6.89,6.99,6.81,6.85,9613750,170952567.7375,6.9,1.33,725100000,725100000.0,12137446144.62,12776250000.0
2008-03-27,SBUX,6.85,6.96,6.97,6.81,6.98,9011785,159317436.5166,6.86,1.24,725100000,725100000.0,12164995122.71,12805250000.0
2008-03-26,SBUX,6.98,6.95,7.01,6.9,6.94,13496887,242536198.05,6.97,1.86,725100000,725100000.0,12392315350.4,13044540000.0
2008-03-25,SBUX,6.94,6.81,6.99,6.79,6.8,22348051,399614305.0631,6.94,3.08,725100000,725100000.0,12323437050.0,12972040000.0
2008-03-21,SBUX,6.8,6.84,6.92,6.76,6.79,23312297,411058529.5012,6.84,3.22,725100000,725100000.0,12075452161.16,12711000000.0
2008-03-20,SBUX,6.79,7.12,7.18,6.79,7.08,21417293,385892330.4771,6.99,2.95,725100000,725100000.0,12054787500.0,12689250000.0
2008-03-19,SBUX,7.08,6.76,7.08,6.75,6.7,22964153,411343094.1972,6.95,3.17,725100000,725100000.0,12564526600.4,13225810000.0
2008-03-18,SBUX,6.7,6.58,6.8,6.58,6.75,22692598,391681049.2594,6.7,3.13,725100000,725100000.0,11889461255.78,12515220000.0
2008-03-15,SBUX,6.75,6.71,6.92,6.6,6.84,16175922,279545587.1723,6.71,2.23,725100000,725100000.0,11979014550.0,12609480000.0
2008-03-14,SBUX,6.84,6.73,6.93,6.62,6.83,10638606,185941523.7522,6.78,1.47,725100000,725100000.0,12144330461.55,12783500000.0
2008-03-11,SBUX,6.52,6.64,6.71,6.51,6.64,12082278,204949265.2584,6.58,1.67,725100000,725100000.0,11572587733.86,12181670000.0
2008-03-08,SBUX,6.64,6.79,6.86,6.61,6.83,13902204,240234102.857,6.71,1.92,725100000,725100000.0,11779243300.4,12399200000.0
2008-03-07,SBUX,6.83,6.98,7.06,6.79,7.04,15757094,278927209.046,6.87,2.17,725100000,725100000.0,12123665800.4,12761750000.0
2008-03-06,SBUX,7.04,6.98,7.16,6.98,6.95,10178469,185212389.0169,7.06,1.4,725100000,725100000.0,12495574593.59,13153230000.0
2008-03-04,SBUX,6.93,6.99,7.05,6.91,6.98,10936157,196360722.124,6.97,1.51,725100000,725100000.0,12295877050.4,12943020000.0
2008-02-29,SBUX,7.21,7.33,7.35,7.18,7.39,10471653,195591555.763,7.25,1.44,725100000,725100000.0,11983940712.63,13465100000.0
2008-02-26,SBUX,7.18,7.08,7.19,6.99,7.08,10834083,197803194.5339,7.08,1.49,725100000,725100000.0,11938771500.0,13414350000.0
2008-02-16,SBUX,7.1,7.03,7.12,7.01,7.05,10331672,188062259.58,7.06,1.42,725100000,725100000.0,11803246437.97,13262070000.0
2008-02-15,SBUX,7.05,7.31,7.33,7.02,7.31,16734829,306369484.7472,7.1,2.31,725100000,725100000.0,11732258502.63,13182310000.0
2008-02-14,SBUX,7.31,7.33,7.42,7.21,7.26,10784157,202611533.8904,7.29,1.49,725100000,725100000.0,12164634341.95,13668130000.0
2008-02-12,SBUX,7.19,7.07,7.19,6.97,7.09,10550200,193158199.5474,7.1,1.45,725100000,725100000.0,11951671826.61,13428840000.0
2008-02-05,SBUX,7.45,7.5,7.51,7.38,7.46,10492454,201871520.3294,7.47,1.45,725100000,725100000.0,12384047665.93,13914660000.0
2008-02-02,SBUX,7.46,7.36,7.5,7.23,7.34,15748868,297855143.4638,7.34,2.16,730400000,730400000.0,12494067219.22,14038270000.0
2008-01-31,SBUX,7.46,7.76,7.83,7.35,7.75,22677278,446973458.0628,7.65,3.1,730400000,730400000.0,12494067219.22,14038270000.0
2008-01-30,SBUX,7.75,7.71,7.9,7.63,7.63,10626461,211856480.007,7.74,1.45,730400000,730400000.0,12981609219.22,14586070000.0
2008-01-29,SBUX,7.63,7.55,7.68,7.43,7.63,13500942,263083379.0927,7.56,1.85,730400000,730400000.0,12780093809.38,14359650000.0
2008-01-26,SBUX,7.63,8.0,8.02,7.55,7.94,17745989,351040293.8527,7.68,2.43,730400000,730400000.0,12780093809.38,14359650000.0
2008-01-25,SBUX,7.94,7.8,7.95,7.73,7.8,20897606,423239026.2395,7.86,2.86,730400000,730400000.0,13293643249.83,14936680000.0
2008-01-24,SBUX,7.8,7.03,7.83,7.03,7.24,26031485,504615052.3335,7.52,3.56,730400000,730400000.0,13059623089.83,14673730000.0
2008-01-23,SBUX,7.24,6.9,7.32,6.85,7.24,21870649,402293004.3532,7.14,2.99,730400000,730400000.0,12136544869.94,13636560000.0
2008-01-19,SBUX,7.24,7.28,7.51,7.14,7.39,19785250,371283808.7167,7.28,2.71,730400000,730400000.0,12130037809.38,13629250000.0
2008-01-18,SBUX,7.39,7.48,7.56,7.38,7.49,11726043,224939416.4564,7.44,1.61,730400000,730400000.0,12383558999.33,13914110000.0
2008-01-17,SBUX,7.49,7.36,7.67,7.31,7.31,16581122,320430132.9066,7.5,2.27,730400000,730400000.0,12546072999.33,14096710000.0
2008-01-16,SBUX,7.31,7.47,7.53,7.3,7.59,14506954,276342908.7182,7.39,1.99,730400000,730400000.0,12247053089.83,13760730000.0
2008-01-15,SBUX,7.59,7.72,7.74,7.54,7.68,11598829,227250045.5837,7.6,1.59,730400000,730400000.0,12708586999.33,14279310000.0
2008-01-12,SBUX,7.68,7.75,7.79,7.57,7.88,18080313,356912375.7011,7.66,2.48,730400000,730400000.0,12864604339.66,14454610000.0
2008-01-11,SBUX,7.88,7.54,7.95,7.44,7.55,22742403,452657670.9399,7.72,3.11,730400000,730400000.0,13202636059.89,14834420000.0
2008-01-10,SBUX,7.55,7.76,7.83,7.38,7.71,24205856,470280834.8577,7.54,3.31,730400000,730400000.0,12650084559.55,14213570000.0
2008-01-09,SBUX,7.71,7.83,8.15,7.69,7.13,63148747,1278028906.6486,7.85,8.65,730400000,730400000.0,12910103059.22,14505730000.0
2008-01-08,SBUX,7.13,7.1,7.3,7.03,7.03,25240336,465133783.1928,7.15,3.46,730400000,730400000.0,11948022779.44,13424740000.0
2008-01-05,SBUX,7.03,7.17,7.19,6.98,7.26,20056645,364886430.8728,7.06,2.75,730400000,730400000.0,11772505059.22,13227530000.0
2008-01-04,SBUX,7.26,7.49,7.53,7.17,7.49,23971540,448449885.8178,7.26,3.28,730400000,730400000.0,12156045249.83,13658470000.0
2008-01-03,SBUX,7.49,7.81,7.82,7.48,7.94,22724293,443748563.3846,7.58,3.11,730400000,730400000.0,12552580059.89,14104020000.0
2008-01-01,SBUX,7.94,7.76,7.98,7.75,7.81,12730329,257965935.5985,7.86,1.74,730400000,730400000.0,13306637219.22,14951270000.0
2007-12-29,SBUX,7.81,7.9,7.94,7.81,7.94,9738141,197012213.7133,7.85,1.33,730400000,730400000.0,13085620779.44,14702940000.0
2007-12-22,SBUX,8.17,8.0,8.22,7.95,7.97,20053282,419636723.7675,8.12,2.75,730400000,730400000.0,13690178059.89,15382220000.0
2007-12-21,SBUX,7.97,7.82,7.98,7.78,7.77,11498184,233447560.7629,7.88,1.57,730400000,730400000.0,13345649029.94,14995110000.0
2007-12-13,SBUX,8.49,8.61,8.65,8.4,8.5,12400641,272332919.9273,8.52,1.7,730400000,730400000.0,14223218779.44,15981140000.0
2007-12-12,SBUX,8.5,8.58,8.74,8.49,8.82,19753200,436847864.9472,8.58,2.7,730400000,730400000.0,14233098330.53,15992240000.0
2007-12-07,SBUX,8.87,8.77,8.87,8.71,8.79,9911649,224199488.3153,8.78,1.36,730400000,730400000.0,14853773749.5,16689630000.0
2007-12-05,SBUX,8.67,8.75,8.8,8.67,8.85,14120731,317103452.4466,8.71,1.93,730400000,730400000.0,14522249089.83,16317130000.0
2007-11-28,SBUX,8.77,8.63,8.78,8.63,8.61,11442481,257432777.3433,8.73,1.57,730400000,730400000.0,15688617085.68,16514330000.0
2007-11-27,SBUX,8.61,8.9,8.92,8.59,8.95,18634684,417314169.9524,8.69,2.55,730400000,730400000.0,15390253542.84,16200270000.0
2007-11-24,SBUX,8.95,8.85,8.96,8.77,8.85,5186570,118367381.883,8.86,0.71,730400000,730400000.0,16007806742.84,16850320000.0
2007-11-22,SBUX,8.85,8.78,8.97,8.76,8.96,16380047,373161958.8303,8.84,2.24,730400000,730400000.0,15827401412.24,16660420000.0
2007-11-21,SBUX,8.96,8.84,8.97,8.71,8.87,30516610,695613521.5901,8.84,4.18,730400000,730400000.0,16028621755.08,16872230000.0
2007-11-20,SBUX,8.87,8.85,8.93,8.7,8.99,32940668,749218759.8007,8.83,4.51,730400000,730400000.0,15869032824.48,16704240000.0
2007-11-17,SBUX,8.99,8.49,9.12,8.45,9.35,65716375,1479143905.6345,8.73,9.0,730400000,730400000.0,16077198906.12,16923360000.0
2007-11-16,SBUX,9.35,9.25,9.47,9.18,9.41,20208403,482952358.0602,9.27,2.71,746293920,746294000.0,17086392917.59,17985670000.0
2007-11-15,SBUX,9.41,9.33,9.41,9.28,9.31,16624989,400635452.0427,9.35,2.23,746293920,746294000.0,17192746182.0,18097630000.0
2007-11-14,SBUX,9.31,9.15,9.31,8.98,8.98,15797579,373644227.9249,9.18,2.12,746293920,746294000.0,17008405202.95,17903580000.0
2007-11-13,SBUX,8.98,8.78,9.13,8.78,8.76,21974946,510895365.7294,9.02,2.94,746293920,746294000.0,16405779243.36,17269240000.0
2007-11-10,SBUX,8.76,8.94,9.04,8.76,9.08,18580020,423975506.8979,8.85,2.49,746293920,746294000.0,16001656122.83,16843850000.0
2007-11-09,SBUX,9.08,9.27,9.35,8.91,9.36,26390911,615116503.3696,9.04,3.54,746293920,746294000.0,16590109587.72,17463270000.0
2007-11-08,SBUX,9.36,9.56,9.63,9.35,9.68,18387176,448795975.3641,9.47,2.46,746293920,746294000.0,17093479164.93,17993130000.0
2007-11-03,SBUX,9.91,10.09,10.13,9.82,10.02,14312422,365732446.9522,9.92,1.92,746293920,746294000.0,18100238879.74,19052880000.0
2007-11-02,SBUX,10.02,10.24,10.35,10.01,10.35,14168547,368961630.561,10.1,1.9,746293920,746294000.0,18312924139.19,19276760000.0
2007-10-31,SBUX,10.15,10.1,10.21,10.08,10.18,5713992,149380315.7428,10.14,0.77,746293920,746294000.0,18539802453.72,19515580000.0
2007-10-30,SBUX,10.18,10.16,10.21,10.08,10.15,6334906,165617159.8129,10.14,0.85,746293920,746294000.0,18596522209.6,19575290000.0
2007-10-27,SBUX,10.15,10.23,10.26,10.07,10.15,5386547,140843628.0538,10.15,0.72,746293920,746294000.0,18553985583.1,19530510000.0
2007-10-26,SBUX,10.15,10.17,10.27,10.01,10.12,12384461,323291388.2361,10.13,1.66,746293920,746294000.0,18553985583.1,19530510000.0
2007-10-19,SBUX,10.34,10.22,10.41,10.14,10.24,9400234,249729436.5142,10.31,1.26,746293920,746294000.0,18901378313.07,19896180000.0
2007-10-18,SBUX,10.24,10.13,10.33,10.11,10.12,15753750,415561649.1975,10.24,2.11,746293920,746294000.0,18717047259.72,19702150000.0
2007-10-16,SBUX,10.13,10.2,10.21,10.09,10.22,7843082,204817349.2085,10.13,1.05,746293920,746294000.0,18511437612.93,19485720000.0
2007-10-13,SBUX,10.22,10.19,10.22,10.12,10.21,7674098,201141093.8041,10.17,1.03,746293920,746294000.0,18674510633.22,19657380000.0
2007-10-11,SBUX,10.3,10.29,10.36,10.26,10.39,7793727,206889112.6888,10.3,1.04,746293920,746294000.0,18823389889.45,19814090000.0
2007-10-09,SBUX,10.34,10.35,10.38,10.24,10.41,6728922,178452276.4773,10.29,0.9,746293920,746294000.0,18901378313.07,19896180000.0
2007-10-05,SBUX,10.29,10.28,10.36,10.23,10.3,6238356,165598388.9761,10.3,0.84,746293920,746294000.0,18802121930.69,19791700000.0
2007-10-04,SBUX,10.3,10.23,10.36,10.23,10.32,6401805,169940298.9614,10.3,0.86,746293920,746294000.0,18816304351.08,19806630000.0
2007-10-02,SBUX,10.21,10.19,10.3,10.15,10.17,10728481,283533218.5174,10.25,1.44,746293920,746294000.0,18660403364.62,19642530000.0
2007-09-29,SBUX,10.17,10.43,10.44,10.07,10.47,23273793,611020526.0717,10.19,3.12,746293920,746294000.0,18575253541.86,19552890000.0
2007-09-28,SBUX,10.47,10.47,10.53,10.29,10.74,28205465,757401267.0286,10.42,3.78,746293920,746294000.0,19121159745.57,20127530000.0
2007-09-26,SBUX,10.51,10.46,10.55,10.41,10.53,6844301,184893254.4755,10.48,0.92,746293920,746294000.0,19206245051.22,20217100000.0
2007-09-25,SBUX,10.53,10.64,10.69,10.46,10.66,11689309,317566941.0171,10.54,1.57,746293920,746294000.0,19248781677.72,20261880000.0
2007-09-22,SBUX,10.66,10.67,10.83,10.66,10.67,12554887,346686807.8226,10.71,1.68,746293920,746294000.0,19475649357.57,20500680000.0
2007-09-21,SBUX,10.67,10.72,10.85,10.61,10.78,9693203,266565011.4474,10.67,1.3,746293920,746294000.0,19489832486.95,20515610000.0
2007-09-20,SBUX,10.78,10.79,10.94,10.71,10.8,10496114,292631553.3589,10.82,1.41,746293920,746294000.0,19695442133.74,20732040000.0
2007-09-19,SBUX,10.8,10.62,10.86,10.55,10.59,9062754,250895964.3112,10.74,1.21,746293920,746294000.0,19730882587.19,20769350000.0
2007-09-18,SBUX,10.59,10.67,10.67,10.48,10.72,7578598,206149180.4468,10.55,1.02,746293920,746294000.0,19355124307.45,20373810000.0
2007-09-15,SBUX,10.72,10.59,10.77,10.57,10.66,5901809,162705178.1711,10.7,0.79,746293920,746294000.0,19596185751.36,20627560000.0
2007-09-14,SBUX,10.66,10.59,10.75,10.57,10.6,8234629,226459593.3813,10.67,1.1,746293920,746294000.0,19482746239.6,20508150000.0
2007-09-13,SBUX,10.6,10.56,10.63,10.51,10.6,5330418,145289028.6155,10.58,0.71,746293920,746294000.0,19376392975.19,20396200000.0
2007-09-12,SBUX,10.6,10.53,10.66,10.5,10.49,5621211,153387631.5718,10.59,0.75,746293920,746294000.0,19376392975.19,20396200000.0
2007-09-11,SBUX,10.49,10.52,10.61,10.4,10.54,6664633,180574172.3735,10.51,0.89,746293920,746294000.0,19170793963.08,20179780000.0
2007-09-08,SBUX,10.54,10.61,10.66,10.48,10.7,7586344,205727144.1903,10.52,1.02,746293920,746294000.0,19255867925.07,20269330000.0
2007-09-07,SBUX,10.7,10.65,10.76,10.65,10.65,4993559,137955985.8714,10.72,0.67,746293920,746294000.0,19553637781.19,20582770000.0
2007-09-06,SBUX,10.65,10.68,10.75,10.6,10.76,7038926,193670354.3989,10.68,0.94,746293920,746294000.0,19454381398.81,20478290000.0
2007-09-01,SBUX,10.69,10.71,10.78,10.67,10.61,8033899,221839988.8158,10.71,1.08,746293920,746294000.0,19532369113.45,20560380000.0
2007-08-31,SBUX,10.61,10.55,10.69,10.53,10.66,5899410,161424965.889,10.62,0.79,746293920,746294000.0,19390575395.59,20411130000.0
2007-08-30,SBUX,10.66,10.45,10.68,10.43,10.43,7428465,202348370.6432,10.57,1.0,746293920,746294000.0,19482746239.6,20508150000.0
2007-08-29,SBUX,10.43,10.64,10.64,10.42,10.62,8938098,242040029.2198,10.51,1.2,746293920,746294000.0,19057354451.33,20060370000.0
2007-08-28,SBUX,10.62,10.67,10.71,10.6,10.71,4233078,116215291.6898,10.65,0.57,746293920,746294000.0,19404758524.96,20426060000.0
2007-08-25,SBUX,10.71,10.65,10.71,10.59,10.68,7341215,201636637.5578,10.66,0.98,746293920,746294000.0,19560734663.22,20590250000.0
2007-08-24,SBUX,10.68,10.71,10.76,10.53,10.69,8603856,235854837.3326,10.64,1.15,746293920,746294000.0,19511101154.69,20538000000.0
2007-08-22,SBUX,10.61,10.4,10.64,10.38,10.44,11591356,314781656.0706,10.54,1.55,746293920,746294000.0,19390575395.59,20411130000.0
2007-08-18,SBUX,10.36,10.47,10.47,10.14,10.33,16008274,424041441.0924,10.28,2.15,746293920,746294000.0,18929743153.86,19926040000.0
2007-08-17,SBUX,10.33,10.17,10.43,10.1,10.31,13959387,369361010.7319,10.27,1.87,746293920,746294000.0,18865927224.93,19858870000.0
2007-08-16,SBUX,10.31,10.48,10.6,10.28,10.53,14940590,401363994.8194,10.42,2.0,746293920,746294000.0,18837573018.83,19829020000.0
2007-08-15,SBUX,10.53,10.79,10.79,10.48,10.79,11365778,310070903.4642,10.59,1.52,746293920,746294000.0,19248781677.72,20261880000.0
2007-08-11,SBUX,10.88,10.78,11.1,10.78,10.88,13218403,373080026.3905,10.95,1.77,746293920,746294000.0,19879773187.08,20926070000.0
2007-08-10,SBUX,10.88,10.67,11.07,10.61,10.76,20220993,571523840.9588,10.97,2.71,746293920,746294000.0,19886858725.45,20933530000.0
2007-08-09,SBUX,10.76,10.52,10.88,10.52,10.52,13996993,387851007.2478,10.75,1.88,746293920,746294000.0,19652894163.57,20687250000.0
2007-08-08,SBUX,10.52,10.4,10.6,10.29,10.43,11473286,308434029.9342,10.43,1.54,746293920,746294000.0,19227437858.19,20239400000.0
2007-08-07,SBUX,10.43,10.26,10.49,10.21,10.21,12260618,327499338.319,10.36,1.64,746293920,746294000.0,19064451333.36,20067840000.0
2007-08-04,SBUX,10.21,10.45,10.46,10.21,10.45,16808934,445987949.5637,10.3,2.24,750956000,750956000.0,18769768315.18,19757650000.0
2007-08-03,SBUX,10.45,10.75,10.86,10.41,10.55,19374672,528110895.6923,10.58,2.58,750956000,750956000.0,19204948030.59,20215730000.0
2007-08-01,SBUX,10.35,10.56,10.6,10.35,10.47,16646903,449011704.1384,10.47,2.22,750956000,750956000.0,19033725782.14,20035500000.0
2007-07-28,SBUX,10.45,10.57,10.67,10.37,10.64,20289825,548210741.0954,10.48,2.7,750956000,750956000.0,19209508849.21,20220530000.0
2007-07-26,SBUX,10.85,11.0,11.01,10.74,10.98,12609329,351901027.6387,10.83,1.68,750956000,750956000.0,19946887564.73,20996720000.0
2007-07-21,SBUX,10.75,10.86,10.92,10.63,10.75,19011895,526792765.6543,10.75,2.53,750956000,750956000.0,19761404999.78,20801480000.0
2007-07-20,SBUX,10.75,10.38,10.93,10.35,10.28,38480340,1060552725.7453,10.69,5.12,750956000,750956000.0,19768535514.73,20808980000.0
2007-07-18,SBUX,10.04,10.12,10.19,10.01,10.12,10351840,268204683.8576,10.05,1.38,750956000,750956000.0,18453298297.44,19424520000.0
2007-07-17,SBUX,10.12,10.1,10.22,10.05,10.12,7372602,192481659.1176,10.13,0.98,750956000,750956000.0,18605676581.69,19584920000.0
2007-07-14,SBUX,10.12,10.08,10.15,9.98,10.07,11815688,306608785.3556,10.07,1.57,750956000,750956000.0,18598546780.14,19577410000.0
2007-07-13,SBUX,10.07,10.15,10.16,9.95,10.08,17383450,448878748.7555,10.02,2.31,750956000,750956000.0,18520071164.73,19494810000.0
2007-07-11,SBUX,10.13,10.17,10.21,10.11,10.22,12565809,328633602.777,10.15,1.67,750956000,750956000.0,18627078114.29,19607450000.0
2007-07-10,SBUX,10.22,10.29,10.33,10.19,10.3,9087192,239499288.02,10.23,1.21,750956000,750956000.0,18791169847.78,19780180000.0
2007-07-06,SBUX,10.22,10.27,10.36,10.18,10.23,12881047,340287570.9267,10.25,1.72,750956000,750956000.0,18791169847.78,19780180000.0
2007-07-04,SBUX,10.23,10.14,10.24,10.11,10.11,7978664,209598689.4563,10.19,1.06,750956000,750956000.0,18805430164.29,19795180000.0
2007-07-03,SBUX,10.11,10.24,10.26,10.09,10.18,10317024,269086432.7589,10.12,1.37,750956000,750956000.0,18584275049.1,19562390000.0
2007-06-29,SBUX,10.26,10.28,10.41,10.19,10.14,25537926,679816755.4102,10.33,3.4,750956000,750956000.0,18869644749.78,19862780000.0
2007-06-28,SBUX,10.14,9.96,10.15,9.94,10.0,13514840,350703259.491,10.07,1.8,750956000,750956000.0,18641349131.92,19622470000.0
2007-06-26,SBUX,9.96,9.96,10.0,9.79,9.91,18026270,460196089.8476,9.91,2.4,750956000,750956000.0,18306046564.51,19269520000.0
2007-06-23,SBUX,9.91,10.1,10.1,9.89,10.19,35135399,902894972.5822,9.97,4.68,750956000,750956000.0,18220441147.55,19179410000.0
2007-06-22,SBUX,10.19,10.63,10.65,10.13,10.6,39276602,1037208336.0828,10.25,5.23,750956000,750956000.0,18734095764.96,19720100000.0
2007-06-21,SBUX,10.6,10.68,10.75,10.58,10.71,10937676,300460147.2552,10.66,1.46,750956000,750956000.0,19490307030.14,20516110000.0
2007-06-20,SBUX,10.71,10.72,10.72,10.6,10.73,10019512,275696812.0359,10.68,1.33,750956000,750956000.0,19682930097.78,20718870000.0
2007-06-16,SBUX,10.78,10.84,10.86,10.75,10.71,13909243,387718674.2452,10.82,1.85,750956000,750956000.0,19811338579.92,20854040000.0
2007-06-15,SBUX,10.71,10.75,10.86,10.64,10.78,11752391,324555075.8188,10.72,1.56,750956000,750956000.0,19697190414.29,20733880000.0
2007-06-12,SBUX,10.69,10.75,10.79,10.67,10.74,7318125,202343214.3638,10.73,0.97,750956000,750956000.0,19647257547.55,20681320000.0
2007-06-09,SBUX,10.74,10.6,10.77,10.55,10.65,13769262,378282824.7719,10.66,1.83,750956000,750956000.0,19740004180.59,20778950000.0
2007-06-08,SBUX,10.65,10.87,10.92,10.57,10.92,19294059,532243827.8156,10.7,2.57,750956000,750956000.0,19575912447.1,20606220000.0
2007-06-07,SBUX,10.92,11.02,11.02,10.91,11.09,9810688,276711377.2447,10.94,1.31,750956000,750956000.0,20082436549.55,21139400000.0
2007-06-06,SBUX,11.09,11.13,11.15,10.98,11.19,10633430,302747564.9256,11.05,1.42,750956000,750956000.0,20396338297.78,21469830000.0
2007-06-05,SBUX,11.19,11.19,11.26,11.11,11.3,9438449,271726264.2881,11.17,1.26,750956000,750956000.0,20567549131.69,21650050000.0
2007-06-02,SBUX,11.3,11.18,11.31,11.15,11.18,10994063,319192697.9628,11.27,1.46,750956000,750956000.0,20781573731.92,21875340000.0
2007-06-01,SBUX,11.18,11.2,11.21,11.08,11.14,8122465,233350207.6379,11.15,1.08,750956000,750956000.0,19255186363.7,21635040000.0
2007-05-31,SBUX,11.14,11.04,11.14,10.99,11.09,9234363,263761008.791,11.08,1.23,750956000,750956000.0,19181667102.95,21552430000.0
2007-05-26,SBUX,11.1,11.07,11.14,10.94,10.98,9677207,275535205.3194,11.05,1.29,750956000,750956000.0,19121508175.49,21484840000.0
2007-05-25,SBUX,10.98,11.21,11.31,10.9,11.21,17945344,511573197.3391,11.06,2.39,750956000,750956000.0,18921010943.7,21259560000.0
2007-05-24,SBUX,11.21,11.32,11.35,11.2,11.26,9543977,277512080.3045,11.28,1.27,750956000,750956000.0,19308655767.6,21695110000.0
2007-05-23,SBUX,11.26,11.38,11.46,11.23,11.36,10626770,309342044.1619,11.3,1.42,750956000,750956000.0,19388854526.65,21785230000.0
2007-05-19,SBUX,11.23,11.11,11.37,11.08,11.05,20386086,590967864.0455,11.25,2.71,750956000,750956000.0,19348754812.95,21740170000.0
2007-05-18,SBUX,11.05,11.01,11.09,10.89,10.94,33581786,950203250.4818,10.98,4.47,750956000,750956000.0,19027939057.89,21379700000.0
2007-05-17,SBUX,10.94,11.03,11.15,10.88,11.02,26904852,759295200.0034,10.95,3.58,750956000,750956000.0,18847491682.95,21176950000.0
2007-05-16,SBUX,11.02,11.22,11.25,11.01,11.21,20371110,581059369.1937,11.07,2.71,750956000,750956000.0,18974480347.6,21319640000.0
2007-05-15,SBUX,11.21,11.52,11.54,11.14,11.49,18834372,546918144.4476,11.27,2.51,750956000,750956000.0,19315335265.89,21702620000.0
2007-05-12,SBUX,11.49,11.5,11.58,11.45,11.46,9797293,290246754.7863,11.5,1.3,750956000,750956000.0,19789859015.49,22235790000.0
2007-05-11,SBUX,11.46,11.61,11.67,11.45,11.66,12626352,374986240.1424,11.52,1.68,750956000,750956000.0,19743079803.49,22183230000.0
2007-05-10,SBUX,11.66,11.72,11.76,11.57,11.71,12562114,376452463.0026,11.63,1.67,750956000,750956000.0,20077255223.49,22558710000.0
2007-05-09,SBUX,11.71,11.76,11.78,11.64,11.78,10061903,303515241.3049,11.7,1.34,750956000,750956000.0,20170823672.74,22663840000.0
2007-05-05,SBUX,11.91,12.37,12.38,11.86,12.27,19817083,612474456.2262,11.99,2.64,750956000,750956000.0,20518368782.95,23054340000.0
2007-05-04,SBUX,12.27,12.24,12.33,12.11,12.13,23042911,725455104.9588,12.22,3.07,750956000,750956000.0,21133250887.4,23745220000.0
2007-05-03,SBUX,12.13,12.06,12.25,12.03,12.03,9482481,296966640.9869,12.15,1.26,750956000,750956000.0,20885963750.0,23467370000.0
2007-05-01,SBUX,12.04,12.2,12.27,12.03,12.22,8061133,252420627.6021,12.15,1.07,750956000,750956000.0,20732236373.29,23294640000.0
2007-04-28,SBUX,12.22,12.34,12.37,12.18,12.35,9441059,298542231.5287,12.27,1.26,750956000,750956000.0,21053051460.0,23655110000.0
2007-04-27,SBUX,12.35,12.35,12.53,12.28,12.35,7284613,232296751.1577,12.37,0.97,750956000,750956000.0,21266919050.34,23895410000.0
2007-04-26,SBUX,12.35,12.16,12.38,12.11,12.16,9633676,305669738.1047,12.31,1.28,750956000,750956000.0,21280288740.55,23910430000.0
2007-04-25,SBUX,12.16,12.24,12.26,12.04,12.25,9152492,286434485.9137,12.14,1.22,750956000,750956000.0,20946113320.55,23534960000.0
2007-04-24,SBUX,12.25,12.28,12.41,12.18,12.28,8588274,271686595.5039,12.27,1.14,750956000,750956000.0,21099831340.34,23707670000.0
2007-04-21,SBUX,12.28,12.12,12.39,12.02,11.94,20538981,647881452.3522,12.24,2.74,750956000,750956000.0,21159980242.54,23775250000.0
2007-04-20,SBUX,11.94,11.96,11.96,11.82,12.02,6440141,197595665.5458,11.91,0.86,750956000,750956000.0,20571838186.85,23114420000.0
2007-04-19,SBUX,12.02,12.04,12.09,11.97,12.04,6295652,195158872.2784,12.03,0.84,750956000,750956000.0,20705506349.8,23264610000.0
2007-04-18,SBUX,12.04,12.04,12.12,11.97,12.05,5769449,179092287.6696,12.04,0.77,750956000,750956000.0,20745606063.49,23309660000.0
2007-04-17,SBUX,12.05,11.94,12.13,11.94,11.94,6400223,198711518.8132,12.05,0.85,750956000,750956000.0,20752285561.79,23317170000.0
2007-04-13,SBUX,11.9,11.92,11.97,11.76,11.92,10641629,324667438.504,11.84,1.42,750956000,750956000.0,20498319594.45,23031820000.0
2007-04-11,SBUX,12.09,12.05,12.14,11.98,12.08,8221625,255545312.8611,12.06,1.09,750956000,750956000.0,20825804822.54,23399780000.0
2007-04-04,SBUX,12.22,12.2,12.41,12.15,12.13,8118754,256832650.3442,12.27,1.08,750956000,750956000.0,21046361936.44,23647590000.0
2007-04-03,SBUX,12.13,12.24,12.25,12.05,12.17,6700734,209393240.2855,12.13,0.89,750956000,750956000.0,20885963750.0,23467370000.0
2007-03-31,SBUX,12.17,12.14,12.23,12.03,12.16,7256055,227353920.5226,12.16,0.97,750956000,750956000.0,20959472985.49,23549960000.0
2007-03-24,SBUX,12.19,12.32,12.32,12.11,12.28,9455141,297243111.3695,12.2,1.26,750956000,750956000.0,20999582724.45,23595030000.0
2007-03-23,SBUX,12.28,12.57,12.59,12.23,12.52,14168520,451030719.379,12.35,1.89,750956000,750956000.0,21146620577.6,23760240000.0
2007-03-20,SBUX,12.04,12.0,12.19,11.97,11.87,12290020,382171690.922,12.07,1.64,750956000,750956000.0,20745606063.49,23309660000.0
2007-03-17,SBUX,11.87,11.76,12.09,11.66,11.48,25529336,781120710.652,11.87,3.4,750956000,750956000.0,20438159998.64,22964220000.0
2007-03-14,SBUX,11.39,11.63,11.68,11.36,11.67,11026121,326395123.5808,11.49,1.47,750956000,750956000.0,19622770637.14,22048050000.0
2007-03-13,SBUX,11.67,11.8,11.83,11.61,11.76,10685418,321528437.6747,11.68,1.42,750956000,750956000.0,20097304411.99,22581240000.0
2007-03-10,SBUX,11.76,12.0,12.02,11.67,11.91,10112410,306651714.1134,11.77,1.35,750956000,750956000.0,20257712623.7,22761470000.0
2007-03-09,SBUX,11.91,11.99,12.2,11.89,11.82,15042711,466791839.2267,12.04,2.0,750956000,750956000.0,20518368782.95,23054340000.0
2007-03-06,SBUX,11.41,11.49,11.57,11.37,11.59,11646262,343978078.1309,11.46,1.55,750956000,750956000.0,19656190184.19,22085610000.0
2007-03-03,SBUX,11.59,11.64,11.75,11.56,11.79,14226215,427395132.835,11.66,1.89,750956000,750956000.0,19970316415.69,22438550000.0
2007-03-02,SBUX,11.79,11.72,11.95,11.64,11.99,12226113,372648146.3711,11.83,1.63,750956000,750956000.0,20311181359.25,22821550000.0
2007-03-01,SBUX,11.99,11.93,12.18,11.73,11.93,10405250,322551168.9567,12.03,1.39,750956000,750956000.0,21812263740.61,23204530000.0
2007-02-27,SBUX,12.42,12.65,12.65,12.34,12.71,10342219,331706920.7867,12.45,1.38,750956000,750956000.0,22595876173.68,24038160000.0
2007-02-23,SBUX,12.81,12.58,12.82,12.53,12.57,11959305,390761751.9312,12.68,1.59,750956000,750956000.0,23301710576.91,24789050000.0
2007-02-22,SBUX,12.57,12.66,12.73,12.52,12.73,10448754,338996198.3548,12.59,1.39,750956000,750956000.0,22871111700.61,24330970000.0
2007-02-21,SBUX,12.73,12.8,12.82,12.6,12.81,10260703,336058534.3953,12.71,1.37,750956000,750956000.0,23167587717.61,24646370000.0
2007-02-16,SBUX,12.89,12.94,12.94,12.8,12.94,6864773,227438764.4529,12.86,0.91,750956000,750956000.0,23449942938.22,24946750000.0
2007-02-15,SBUX,12.94,12.71,12.98,12.7,12.67,9894973,328869253.3632,12.9,1.32,750956000,750956000.0,23534657834.01,25036870000.0
2007-02-10,SBUX,12.79,12.99,13.04,12.77,12.97,7873457,261005776.6673,12.86,1.05,750956000,750956000.0,23266412821.31,24751500000.0
2007-02-09,SBUX,12.97,13.06,13.1,12.86,13.06,12110230,403599996.7049,12.93,1.61,750956000,750956000.0,23591131137.0,25096950000.0
2007-02-08,SBUX,13.06,13.07,13.19,12.91,13.06,8255074,277747668.9861,13.06,1.1,750956000,750956000.0,23767605797.0,25284680000.0
2007-02-07,SBUX,13.06,13.21,13.23,12.91,13.2,11807023,396744156.1639,13.04,1.57,750956000,750956000.0,23767605797.0,25284680000.0
2007-02-02,SBUX,13.35,13.63,13.74,13.34,13.56,13921434,483938072.0299,13.49,1.84,754857920,754858000.0,24416172850.77,25974650000.0
2007-02-01,SBUX,13.56,13.44,13.64,13.33,13.41,10976578,381687328.3938,13.49,1.45,754857920,754858000.0,24792242356.95,26374720000.0
2007-01-31,SBUX,13.41,13.65,13.72,13.39,13.41,14193664,494017529.771,13.51,1.88,754857920,754858000.0,24522614913.16,26087890000.0
2007-01-30,SBUX,13.41,13.22,13.5,13.06,13.15,11130625,382834507.6875,13.35,1.47,754857920,754858000.0,24522614913.16,26087890000.0
2007-01-27,SBUX,13.15,13.26,13.34,12.99,13.18,10959563,371897361.2594,13.17,1.45,754857920,754858000.0,24040104054.16,25574570000.0
2007-01-26,SBUX,13.18,13.46,13.48,13.15,13.5,10469930,358503888.4698,13.29,1.39,754857920,754858000.0,24103962195.93,25642510000.0
2007-01-23,SBUX,13.69,13.77,13.81,13.58,13.79,5567219,195999478.7107,13.66,0.74,754857920,754858000.0,25040594870.03,26638930000.0
2007-01-19,SBUX,13.88,14.17,14.21,13.8,14.08,6054020,217780014.3319,13.96,0.8,754857920,754858000.0,25381183925.27,27001250000.0
2007-01-18,SBUX,14.08,14.07,14.17,14.04,14.05,6356406,230884307.2145,14.09,0.84,754857920,754858000.0,25750161314.83,27393790000.0
2007-01-17,SBUX,14.05,13.97,14.11,13.86,13.93,4706902,170407724.5069,14.05,0.62,754857920,754858000.0,25700486696.73,27340940000.0
2007-01-13,SBUX,13.93,13.91,14.1,13.87,13.9,6309105,226938418.5225,13.96,0.84,754857920,754858000.0,25473431110.92,27099390000.0
2007-01-12,SBUX,13.9,13.39,13.98,13.39,13.48,8899273,317512693.932,13.84,1.18,754857920,754858000.0,25409572969.16,27031460000.0
2007-01-11,SBUX,13.48,13.46,13.5,13.26,13.53,9329887,321636527.8422,13.38,1.24,754857920,754858000.0,24657433956.8,26231310000.0
2007-01-10,SBUX,13.53,13.58,13.73,13.46,13.58,7152648,250054335.3012,13.57,0.95,754857920,754858000.0,24735475622.23,26314330000.0
2007-01-09,SBUX,13.58,13.55,13.68,13.54,13.64,5807781,203439564.2461,13.59,0.77,754857920,754858000.0,24841917684.62,26427570000.0
2007-01-06,SBUX,13.64,13.63,13.69,13.57,13.69,6571262,230943020.8052,13.64,0.87,754857920,754858000.0,24934164160.71,26525700000.0
2007-01-05,SBUX,13.69,13.72,13.77,13.5,13.68,7345148,258590320.3934,13.66,0.97,754857920,754858000.0,25040594870.03,26638930000.0
2007-01-04,SBUX,13.68,13.81,14.05,13.44,13.74,9051352,320485619.2211,13.74,1.2,754857920,754858000.0,25012217179.2,26608740000.0
2006-12-30,SBUX,13.74,13.85,13.95,13.7,13.86,4146699,147450786.1812,13.8,0.55,754857920,754858000.0,25132842055.68,26737060000.0
2006-12-29,SBUX,13.86,13.93,13.95,13.78,13.89,4139723,147803009.9631,13.85,0.55,754857920,754858000.0,25345703474.33,26963510000.0
2006-12-28,SBUX,13.89,13.83,14.05,13.83,13.85,3430297,123017990.2128,13.92,0.45,754857920,754858000.0,25395378092.43,27016360000.0
2006-12-20,SBUX,14.17,13.97,14.19,13.92,14.07,5314117,192699426.5741,14.07,0.7,754857920,754858000.0,25920461518.98,27574960000.0
2006-12-15,SBUX,14.2,14.07,14.3,14.01,14.0,5367813,196844085.0397,14.23,0.71,754857920,754858000.0,25970125493.58,27627790000.0
2006-12-14,SBUX,14.0,14.16,14.18,13.92,14.08,5277523,190601400.4684,14.01,0.7,754857920,754858000.0,25601148104.02,27235260000.0
2006-12-13,SBUX,14.08,14.17,14.24,13.98,14.21,5068641,183808619.3989,14.07,0.67,754857920,754858000.0,25750161314.83,27393790000.0
2006-12-09,SBUX,14.13,14.15,14.3,14.01,14.16,5521887,201637772.3588,14.17,0.73,754857920,754858000.0,25842408500.48,27491920000.0
2006-12-06,SBUX,14.29,14.22,14.41,14.17,13.87,10749824,396226548.0859,14.3,1.42,756066880,756067000.0,26182290784.84,27853500000.0
2006-12-05,SBUX,13.87,13.72,13.96,13.68,13.66,6645227,237439210.4393,13.86,0.88,756066880,756067000.0,25407627502.4,27029390000.0
2006-12-02,SBUX,13.66,13.68,13.79,13.54,13.7,5926547,208072116.084,13.62,0.78,756066880,756067000.0,25016738793.33,26613550000.0
2006-12-01,SBUX,13.7,13.81,13.93,13.64,13.85,7240887,255929824.4175,13.71,0.96,756066880,756067000.0,25084256276.42,26685380000.0
2006-11-30,SBUX,13.85,13.82,13.89,13.67,13.7,6744602,239860263.839,13.8,0.89,756066880,756067000.0,25372090226.93,26991580000.0
2006-11-25,SBUX,14.09,14.0,14.26,14.0,14.12,2781040,101330243.2009,14.14,0.37,756066880,756067000.0,25805619686.63,27452780000.0
2006-11-23,SBUX,14.12,14.19,14.26,13.86,14.19,8748570,316426153.473,14.03,1.16,756066880,756067000.0,25855363201.71,27505700000.0
2006-11-22,SBUX,14.19,14.2,14.3,14.16,14.26,6910902,253001169.8526,14.21,0.91,756066880,756067000.0,25990398167.88,27649360000.0
2006-11-21,SBUX,14.26,14.36,14.51,14.25,14.52,10011945,370286759.8286,14.35,1.32,756066880,756067000.0,26118330369.6,27785450000.0
2006-11-14,SBUX,14.92,14.7,15.04,14.66,14.66,6684535,256855215.9438,14.91,0.88,756066880,756067000.0,27319408976.03,29063200000.0
2006-11-10,SBUX,14.33,14.58,14.58,14.24,14.48,4805648,177781040.7682,14.35,0.64,756066880,756067000.0,26239148435.62,27913980000.0
2006-11-09,SBUX,14.48,14.3,14.58,14.17,14.38,6398359,237091832.5809,14.38,0.85,756066880,756067000.0,26530528793.44,28223960000.0
2006-11-08,SBUX,14.38,14.57,14.57,14.34,14.54,7267883,270889225.6249,14.46,0.96,756066880,756067000.0,26345749601.48,28027390000.0
2006-11-04,SBUX,14.15,14.47,14.51,14.05,14.48,9079648,332134377.3269,14.19,1.2,756066880,756067000.0,25919323616.94,27573750000.0
2006-11-03,SBUX,14.48,14.53,14.61,14.3,14.59,5663680,211132305.5072,14.46,0.75,756066880,756067000.0,26523425318.28,28216410000.0
2006-10-31,SBUX,14.8,14.75,14.86,14.6,14.75,3761368,143083563.369,14.76,0.5,756066880,756067000.0,27106206644.31,28836390000.0
2006-10-28,SBUX,14.75,15.06,15.08,14.7,15.08,4662492,178378952.4087,14.85,0.62,756066880,756067000.0,27020915193.21,28745650000.0
2006-10-27,SBUX,15.08,14.95,15.13,14.87,14.92,6059664,234652574.4788,15.03,0.8,756066880,756067000.0,27625016894.55,29388310000.0
2006-10-25,SBUX,14.83,14.82,14.97,14.66,14.86,5757445,219699996.1417,14.81,0.76,756066880,756067000.0,27155950159.39,28889300000.0
2006-10-21,SBUX,14.53,14.66,14.68,14.25,14.66,8425461,313907307.7969,14.46,1.11,756066880,756067000.0,26608706108.83,28307130000.0
2006-10-19,SBUX,14.66,14.82,14.94,14.55,14.69,4391973,166346381.4365,14.7,0.58,756066880,756067000.0,26857456376.57,28571760000.0
2006-10-18,SBUX,14.69,14.85,14.9,14.65,14.9,5890316,223422613.3671,14.72,0.78,756066880,756067000.0,26907199891.65,28624680000.0
2006-10-17,SBUX,14.9,14.77,14.96,14.68,14.72,5445379,208560694.8265,14.86,0.72,756066880,756067000.0,27290985836.26,29032960000.0
2006-10-14,SBUX,14.72,14.74,14.74,14.59,14.73,5922254,223524153.8804,14.65,0.78,756066880,756067000.0,26956954777.98,28677610000.0
2006-10-13,SBUX,14.73,14.73,14.74,14.57,14.52,6929363,261941680.529,14.67,0.92,756066880,756067000.0,26978274442.59,28700290000.0
2006-10-12,SBUX,14.52,14.69,14.72,14.41,14.76,8246680,309379865.6692,14.56,1.09,756066880,756067000.0,26594499869.22,28292020000.0
2006-10-10,SBUX,14.9,14.84,15.06,14.76,14.9,6908633,266144716.4669,14.95,0.91,756066880,756067000.0,27290985836.26,29032960000.0
2006-10-06,SBUX,15.01,14.74,15.13,14.47,13.95,30300797,1155969224.1874,14.8,4.01,756066880,756067000.0,27497084692.83,29252210000.0
2006-10-05,SBUX,13.95,13.19,14.0,13.15,13.2,17078156,603330110.2022,13.71,2.26,756066880,756067000.0,25556868708.19,27188160000.0
2006-10-04,SBUX,13.2,13.09,13.31,13.09,13.05,6727352,229202167.5642,13.22,0.89,756066880,756067000.0,24171000959.96,25713830000.0
2006-09-29,SBUX,13.28,13.43,13.46,13.2,13.38,6264738,214302873.2327,13.27,0.83,756066880,756067000.0,24320242165.74,25872590000.0
2006-09-27,SBUX,13.3,13.39,13.45,13.19,13.37,6430660,220354217.3854,13.3,0.85,756066880,756067000.0,24355779441.21,25910400000.0
2006-09-26,SBUX,13.37,13.24,13.41,12.96,13.2,6294645,214337005.5551,13.21,0.83,756066880,756067000.0,24483711642.93,26046500000.0
2006-09-23,SBUX,13.2,13.28,13.43,13.03,13.2,7823891,265290868.6587,13.16,1.03,756066880,756067000.0,24171000959.96,25713830000.0
2006-09-22,SBUX,13.2,13.57,13.58,13.16,13.46,8947035,306543259.4878,13.29,1.18,756066880,756067000.0,24171000959.96,25713830000.0
2006-09-21,SBUX,13.46,13.28,13.56,13.25,13.07,8775664,303653700.3899,13.43,1.16,756066880,756067000.0,24647170459.58,26220390000.0
2006-09-20,SBUX,13.07,13.17,13.24,12.91,13.05,7496059,252285007.9415,13.06,0.99,756066880,756067000.0,23936467592.38,25464320000.0
2006-09-19,SBUX,13.05,13.14,13.19,13.0,13.13,6395699,215515811.6417,13.08,0.85,756066880,756067000.0,23908043741.91,25434090000.0
2006-09-15,SBUX,12.82,12.9,12.91,12.61,12.82,6962293,229182637.4746,12.77,0.92,756066880,756067000.0,23474514992.91,24972890000.0
2006-09-14,SBUX,12.82,12.65,12.96,12.64,12.59,9516051,314097208.8979,12.81,1.26,756066880,756067000.0,23481617757.37,24980440000.0
2006-09-12,SBUX,12.23,12.06,12.27,11.85,12.1,8343621,259308810.5365,12.06,1.1,756066880,756067000.0,22394243791.96,23823660000.0
2006-09-09,SBUX,12.1,12.13,12.18,11.99,12.08,6346477,197835465.4318,12.1,0.84,756066880,756067000.0,22166813188.83,23581710000.0
2006-09-08,SBUX,12.08,12.21,12.25,12.05,12.22,6828383,213537111.2354,12.13,0.9,756066880,756067000.0,22117069673.75,23528790000.0
2006-09-07,SBUX,12.22,12.37,12.49,12.21,12.41,8447668,268775989.2121,12.35,1.12,756066880,756067000.0,22387140316.8,23816100000.0
2006-09-06,SBUX,12.41,12.36,12.42,12.2,12.32,6546211,207753799.2167,12.31,0.87,756066880,756067000.0,22735377614.7,24186570000.0
2006-09-02,SBUX,12.32,12.27,12.47,12.17,12.03,10285848,327140223.0533,12.34,1.36,756066880,756067000.0,22571919508.76,24012680000.0
2006-09-01,SBUX,12.03,11.99,12.08,11.76,11.93,10873156,335583595.8402,11.98,1.44,756066880,756067000.0,20632154548.25,23445630000.0
2006-08-31,SBUX,11.93,11.79,11.97,11.71,11.78,5896906,180615691.1112,11.88,0.78,756066880,756067000.0,20452509730.87,23241480000.0
2006-08-30,SBUX,11.78,11.84,11.88,11.59,11.82,6809863,205461037.1297,11.71,0.9,756066880,756067000.0,20199677639.5,22954180000.0
2006-08-26,SBUX,11.62,11.46,11.69,11.45,11.5,6867559,205074857.647,11.59,0.91,756066880,756067000.0,19926896693.26,22644200000.0
2006-08-25,SBUX,11.5,11.58,11.61,11.44,11.52,6671008,197602555.0428,11.49,0.88,756066880,756067000.0,19713983602.48,22402250000.0
2006-08-23,SBUX,11.71,11.86,11.95,11.62,11.9,6675570,202261032.6789,11.76,0.88,756066880,756067000.0,20073271906.57,22810530000.0
2006-08-22,SBUX,11.9,11.94,12.01,11.83,12.08,4581742,140614092.6637,11.91,0.61,756066880,756067000.0,20412591395.62,23196120000.0
2006-08-19,SBUX,12.08,12.18,12.2,11.98,12.14,7540734,234817649.9015,12.08,1.0,756066880,756067000.0,20705341822.23,23528790000.0
2006-08-18,SBUX,12.14,11.85,12.16,11.75,11.89,9117637,281186922.1399,11.97,1.21,756066880,756067000.0,20818448096.8,23657320000.0
2006-08-16,SBUX,11.71,11.75,11.79,11.6,11.63,5928734,178873426.448,11.71,0.78,756066880,756067000.0,20086571364.93,22825650000.0
2006-08-15,SBUX,11.63,11.74,11.77,11.59,11.6,7351363,221408997.7539,11.69,0.97,756066880,756067000.0,19933546089.77,22651750000.0
2006-08-12,SBUX,11.6,11.58,11.62,11.47,11.63,8098848,241360159.2391,11.56,1.07,756066880,756067000.0,19893627754.53,22606390000.0
2006-08-11,SBUX,11.63,11.45,11.67,11.4,11.47,13465879,401074271.0873,11.56,1.78,756066880,756067000.0,19933546089.77,22651750000.0
2006-08-08,SBUX,11.95,11.83,12.11,11.82,11.88,13244109,409350205.6506,11.99,1.73,767492160,767492000.0,20802099399.92,23638750000.0
2006-08-05,SBUX,11.88,12.08,12.11,11.75,11.89,15963113,489644434.8637,11.9,2.08,767492160,767492000.0,20673772684.59,23492920000.0
2006-08-04,SBUX,11.89,11.29,12.24,11.14,12.92,57481742,1731068293.5407,11.69,7.49,767492160,767492000.0,20694043933.12,23515960000.0
2006-08-03,SBUX,12.92,12.71,13.08,12.71,12.79,19107238,636045426.2409,12.92,2.49,767492160,767492000.0,22490582151.92,25557480000.0
2006-07-28,SBUX,13.03,13.25,13.38,12.98,13.2,5355824,181104505.2922,13.12,0.7,767492160,767492000.0,22937415312.31,25772380000.0
2006-07-27,SBUX,13.2,13.56,13.61,13.12,13.74,11722746,400103112.0165,13.24,1.53,767492160,767492000.0,23237966608.3,26110070000.0
2006-07-25,SBUX,13.47,13.15,13.48,13.12,13.11,6852348,235548736.1511,13.34,0.89,767492160,767492000.0,23709284909.89,26639640000.0
2006-07-22,SBUX,13.11,12.86,13.23,12.83,12.96,8332488,280485694.6446,13.06,1.09,767492160,767492000.0,23080863695.42,25933550000.0
2006-07-21,SBUX,12.96,13.31,13.36,12.92,13.13,7092551,239831058.6969,13.12,0.92,767492160,767492000.0,22821294431.57,25641900000.0
2006-07-20,SBUX,13.13,13.06,13.24,12.9,12.96,7140797,241992998.5288,13.15,0.93,767492160,767492000.0,23115019145.74,25971930000.0
2006-07-19,SBUX,12.96,13.24,13.34,12.78,13.29,13383992,447494977.0793,12.97,1.74,767492160,767492000.0,22814467849.75,25634230000.0
2006-07-18,SBUX,13.29,12.98,13.36,12.84,13.06,7103367,241634468.0754,13.2,0.93,767492160,767492000.0,23388242256.3,26278920000.0
2006-07-15,SBUX,13.06,13.18,13.2,12.91,13.2,8312418,279900668.1599,13.07,1.08,767492160,767492000.0,22992061437.17,25833770000.0
2006-07-14,SBUX,13.2,13.3,13.39,13.04,13.36,11933500,405618459.7165,13.19,1.55,767492160,767492000.0,23237966608.3,26110070000.0
2006-07-08,SBUX,13.98,13.94,14.02,13.62,14.7,16226793,579499247.6517,13.86,2.11,767492160,767492000.0,24617766745.82,27660410000.0
2006-07-07,SBUX,14.7,14.63,14.74,14.53,14.57,4097445,155050555.7815,14.68,0.53,767492160,767492000.0,25874609857.83,29072590000.0
2006-07-06,SBUX,14.57,14.66,14.71,14.38,14.75,4351004,163266621.5916,14.56,0.57,767492160,767492000.0,25656033555.21,28827000000.0
2006-07-04,SBUX,14.75,14.73,14.87,14.72,14.65,1988691,75820210.6057,14.79,0.26,767492160,767492000.0,25970238697.9,29180040000.0
2006-07-01,SBUX,14.65,14.74,14.75,14.62,14.73,5787605,218970545.2492,14.68,0.75,767492160,767492000.0,25792645110.48,28980500000.0
2006-06-30,SBUX,14.73,13.98,14.74,13.95,13.86,8927648,330863928.9753,14.38,1.16,767492160,767492000.0,25936083247.58,29141660000.0
2006-06-28,SBUX,13.87,14.1,14.19,13.84,14.16,5352754,192506964.0731,13.95,0.7,767492160,767492000.0,24412844289.9,27430160000.0
2006-06-27,SBUX,14.16,14.24,14.31,14.09,14.16,3694569,135131443.6787,14.19,0.48,767492160,767492000.0,24925145306.7,28005780000.0
2006-06-24,SBUX,14.16,13.99,14.36,13.98,14.0,5002895,182990340.0965,14.19,0.65,767492160,767492000.0,24931982817.6,28013460000.0
2006-06-23,SBUX,14.0,14.16,14.18,13.89,14.13,3789222,136684781.881,14.0,0.49,767492160,767492000.0,24651922196.14,27698790000.0
2006-06-22,SBUX,14.13,13.97,14.29,13.94,13.9,4988035,181918060.837,14.15,0.65,767492160,767492000.0,24877336009.67,27952060000.0
2006-06-21,SBUX,13.9,13.92,14.12,13.85,13.95,4735281,170480524.1476,13.97,0.62,767492160,767492000.0,24474318362.71,27499230000.0
2006-06-20,SBUX,13.95,14.28,14.28,13.86,14.21,4855586,175565782.8168,14.03,0.63,767492160,767492000.0,24563119937.89,27599010000.0
2006-06-17,SBUX,14.21,14.2,14.35,14.1,14.28,7373055,270186308.2883,14.22,0.96,767492160,767492000.0,25007110054.04,28097880000.0
2006-06-16,SBUX,14.28,13.94,14.31,13.78,13.92,5367074,194860182.053,14.09,0.7,767492160,767492000.0,25130067762.62,28236030000.0
2006-06-15,SBUX,13.92,13.61,13.93,13.55,13.64,5878547,208550825.2289,13.77,0.77,767492160,767492000.0,24501646548.15,27529940000.0
2006-06-13,SBUX,13.74,13.93,13.98,13.73,13.93,4819465,171659689.9116,13.82,0.63,767492160,767492000.0,24194267987.27,27184570000.0
2006-06-10,SBUX,13.93,14.02,14.16,13.9,14.06,5300438,191593331.6537,14.03,0.69,767492160,767492000.0,24515310640.87,27545290000.0
2006-06-09,SBUX,14.06,13.77,14.14,13.68,13.86,9456016,338169741.4943,13.88,1.23,767492160,767492000.0,24754378301.1,27813900000.0
2006-06-08,SBUX,13.86,13.7,13.96,13.63,13.69,5825930,207847539.0701,13.84,0.76,767492160,767492000.0,24392352932.29,27407140000.0
2006-06-03,SBUX,13.96,14.05,14.09,13.79,14.05,5132293,184362685.9201,13.94,0.67,767492160,767492000.0,24583611295.5,27622030000.0
2006-06-02,SBUX,14.05,13.77,14.09,13.77,13.83,8618125,310235143.0962,13.97,1.12,767492160,767492000.0,24733886943.49,27790880000.0
2006-06-01,SBUX,13.83,13.55,13.84,13.53,13.55,6245488,221255106.1193,13.75,0.81,767492160,767492000.0,24351370900.15,27361090000.0
2006-05-31,SBUX,13.55,13.7,13.74,13.46,13.75,5165930,180313155.0012,13.54,0.67,767492160,767492000.0,23859561240.96,26808490000.0
2006-05-27,SBUX,13.75,13.83,13.87,13.66,13.75,3254985,115460779.0952,13.76,0.42,767492160,767492000.0,24201095252.16,27192240000.0
2006-05-26,SBUX,13.75,13.73,13.94,13.6,13.66,6184313,219446580.5584,13.77,0.81,767492160,767492000.0,24207921833.97,27199910000.0
2006-05-24,SBUX,13.81,14.09,14.18,13.81,14.06,4866184,175795208.439,14.02,0.63,767492160,767492000.0,24310388184.94,27315040000.0
2006-05-23,SBUX,14.06,14.26,14.3,13.92,14.1,6652574,241065971.1407,14.06,0.87,767492160,767492000.0,24747551719.28,27806230000.0
2006-05-20,SBUX,14.1,13.93,14.18,13.88,13.96,10901063,393493349.1846,14.01,1.42,767492160,767492000.0,24815852373.91,27882980000.0
2006-05-18,SBUX,14.13,14.28,14.31,14.03,14.38,6988961,254838470.9651,14.15,0.91,767492160,767492000.0,24870498498.77,27944380000.0
2006-05-16,SBUX,14.09,13.87,14.1,13.63,13.83,6926625,248585474.7968,13.93,0.9,767492160,767492000.0,24795361016.3,27859950000.0
2006-05-13,SBUX,13.83,14.17,14.23,13.76,14.18,8391594,300472746.2268,13.89,1.09,767492160,767492000.0,24351370900.15,27361090000.0
2006-05-11,SBUX,14.82,14.92,14.95,14.74,14.92,6407016,244878022.3687,14.83,0.83,767492160,767492000.0,26093196406.48,29318200000.0
2006-05-09,SBUX,15.23,15.28,15.35,15.22,15.38,5686676,224093095.3225,15.29,0.74,763361600,763362000.0,26672919613.28,29969570000.0
2006-05-06,SBUX,15.38,15.15,15.47,15.15,15.05,7467957,294736342.9237,15.31,0.98,763361600,763362000.0,26924291191.2,30252010000.0
2006-05-05,SBUX,15.05,14.47,15.31,14.36,14.49,14755020,571253834.5529,15.02,1.93,763361600,763362000.0,26353604097.22,29610790000.0
2006-05-04,SBUX,14.49,14.71,14.72,14.36,14.68,8118391,303018919.7198,14.48,1.06,763361600,763362000.0,25375278511.87,28511550000.0
2006-05-03,SBUX,14.68,14.57,14.82,14.4,14.45,7737828,292475877.4557,14.67,1.01,763361600,763362000.0,25694593348.55,28870330000.0
2006-05-02,SBUX,14.45,14.6,14.74,14.43,14.46,9058398,341513326.167,14.63,1.19,763361600,763362000.0,25307345444.0,28435210000.0
2006-04-29,SBUX,14.46,14.43,14.55,14.35,14.34,5561109,207397055.6567,14.47,0.73,763361600,763362000.0,25320925807.17,28450480000.0
2006-04-28,SBUX,14.34,14.44,14.57,14.27,14.57,9905430,367789576.7267,14.41,1.3,763361600,763362000.0,25110315700.51,28213840000.0
2006-04-27,SBUX,14.57,14.85,14.87,14.55,14.81,6853340,258877976.0666,14.66,0.9,763361600,763362000.0,25517955550.66,28671860000.0
2006-04-26,SBUX,14.81,15.03,15.09,14.75,14.98,4622477,177113395.7641,14.87,0.61,763361600,763362000.0,25925583851.14,29129870000.0
2006-04-25,SBUX,14.98,15.13,15.18,14.94,15.02,3794719,146693545.2621,15.0,0.5,763361600,763362000.0,26231308133.76,29473380000.0
2006-04-22,SBUX,15.02,15.2,15.33,14.86,15.08,5732063,223341769.7824,15.12,0.75,763361600,763362000.0,26292461550.62,29542090000.0
2006-04-21,SBUX,15.08,15.16,15.21,15.06,15.09,3712210,144734954.7713,15.13,0.49,763361600,763362000.0,26401156089.76,29664220000.0
2006-04-18,SBUX,14.69,15.01,15.01,14.55,14.86,4832918,183392264.892,14.72,0.63,763361600,763362000.0,25721764265.76,28900860000.0
2006-04-13,SBUX,14.75,14.67,14.79,14.62,14.58,2639897,100226823.1627,14.73,0.35,763361600,763362000.0,25823679833.28,29015370000.0
2006-04-11,SBUX,14.73,14.79,14.84,14.69,14.69,2782296,105981508.12,14.78,0.36,763361600,763362000.0,25796498045.79,28984820000.0
2006-04-07,SBUX,14.53,14.53,14.7,14.38,14.55,4625137,172919474.3785,14.51,0.61,763361600,763362000.0,25443221770.62,28587890000.0
2006-04-06,SBUX,14.55,14.86,14.88,14.45,14.87,5735246,215906163.1463,14.61,0.75,763361600,763362000.0,25470392687.84,28618410000.0
2006-04-05,SBUX,14.87,14.84,14.93,14.73,14.74,4673098,178834277.9943,14.85,0.61,763361600,763362000.0,26041079781.83,29259640000.0
2006-04-04,SBUX,14.74,14.74,14.94,14.65,14.6,7615523,290608273.9092,14.81,1.0,763361600,763362000.0,25810088599.84,29000090000.0
2006-04-01,SBUX,14.6,14.56,14.72,14.53,14.56,4306176,162372065.5227,14.63,0.56,763361600,763362000.0,25565507543.2,28725290000.0
2006-03-31,SBUX,14.56,14.6,14.79,14.43,14.56,4816805,181345478.2257,14.61,0.63,763361600,763362000.0,25497574475.33,28648960000.0
2006-03-30,SBUX,14.56,14.33,14.66,14.22,14.2,6449883,240955922.3424,14.5,0.84,763361600,763362000.0,25497574475.33,28648960000.0
2006-03-29,SBUX,14.2,14.26,14.44,14.1,14.2,4861570,178953861.7889,14.28,0.64,763361600,763362000.0,24865734643.87,27939020000.0
2006-03-28,SBUX,14.2,14.2,14.33,14.09,14.21,4407906,161232804.4191,14.19,0.58,763361600,763362000.0,24858944122.59,27931390000.0
2006-03-25,SBUX,14.21,14.08,14.31,14.02,14.02,3674993,134245248.8693,14.17,0.48,763361600,763362000.0,24879325197.92,27954290000.0
2006-03-24,SBUX,14.02,14.09,14.16,13.9,14.19,3685589,132964249.864,14.0,0.48,763361600,763362000.0,24546419807.2,27580240000.0
2006-03-23,SBUX,14.19,14.1,14.26,14.03,14.08,3720023,135537895.9579,14.14,0.49,763361600,763362000.0,24838563726.66,27908500000.0
2006-03-21,SBUX,14.31,14.28,14.49,14.25,14.21,5037715,186441731.45,14.36,0.66,763361600,763362000.0,25062763707.97,28160410000.0
2006-03-14,SBUX,13.59,13.6,13.78,13.54,13.73,3978250,140002156.2837,13.66,0.52,763361600,763362000.0,23799094915.33,26740550000.0
2006-03-11,SBUX,13.73,13.64,13.86,13.48,13.55,6166871,217832939.3514,13.71,0.81,763361600,763362000.0,24043675971.97,27015360000.0
2006-03-10,SBUX,13.55,13.7,13.83,13.52,13.72,3535872,124001224.2094,13.61,0.46,763361600,763362000.0,23724361135.3,26656580000.0
2006-03-07,SBUX,13.93,13.84,14.15,13.66,13.81,5804852,208602569.3771,13.94,0.76,763361600,763362000.0,24396952247.14,27412300000.0
2006-03-03,SBUX,13.76,14.03,14.09,13.7,14.08,7367781,262842581.1204,13.84,0.97,763361600,763362000.0,24084438122.62,27061160000.0
2006-03-01,SBUX,14.09,14.18,14.24,13.95,14.24,4937926,179129640.5125,14.08,0.65,763361600,763362000.0,24675505612.55,27725290000.0
2006-02-25,SBUX,13.94,14.09,14.11,13.81,14.03,4517391,162050099.6127,13.92,0.59,763361600,763362000.0,24403752959.3,27419940000.0
2006-02-24,SBUX,14.03,13.97,14.31,13.94,13.98,5487352,200305852.6529,14.16,0.72,763361600,763362000.0,24572242811.04,27609260000.0
2006-02-22,SBUX,13.68,13.76,13.99,13.55,13.73,4331004,153324852.3348,13.74,0.57,763361600,763362000.0,23955352317.28,26916120000.0
2006-02-18,SBUX,13.73,13.8,13.94,13.72,13.91,4028344,143603554.99,13.83,0.53,763361600,763362000.0,24043675971.97,27015360000.0
2006-02-17,SBUX,13.91,13.7,13.91,13.62,13.65,5401039,192049561.4498,13.8,0.71,763361600,763362000.0,24356190775.87,27366500000.0
2006-02-16,SBUX,13.65,13.47,13.7,13.22,13.45,4935742,171736650.3403,13.5,0.65,763361600,763362000.0,23900999612.58,26855050000.0
2006-02-15,SBUX,13.45,13.5,13.55,13.36,13.41,5517391,190907742.5562,13.43,0.72,763361600,763362000.0,23554513179.3,26465740000.0
2006-02-10,SBUX,13.65,13.62,13.71,13.47,13.47,6999430,245218009.6217,13.59,0.92,763361600,763362000.0,23907789454.47,26862680000.0
2006-02-09,SBUX,13.47,13.39,13.58,13.27,13.32,6405129,222530149.4466,13.48,0.84,763361600,763362000.0,23588474617.79,26503900000.0
2006-02-08,SBUX,13.32,13.35,13.41,13.21,13.38,7352469,251599261.3819,13.28,0.96,764104000,764104000.0,23339398418.78,26224040000.0
2006-02-07,SBUX,13.38,13.0,13.39,12.99,13.15,6237594,213040638.0414,13.25,0.82,764104000,764104000.0,23455005993.87,26353940000.0
2006-02-02,SBUX,12.17,12.14,12.43,12.08,12.3,6835070,214623870.5124,12.18,0.89,764104000,764104000.0,21326438080.81,23962290000.0
2006-02-01,SBUX,12.3,12.4,12.43,12.16,12.37,4535570,143938531.8437,12.31,0.59,764104000,764104000.0,21557664111.84,24222090000.0
2006-01-31,SBUX,12.37,12.45,12.54,12.31,12.4,3350605,107060206.2625,12.4,0.44,764104000,764104000.0,21673271686.94,24351990000.0
2006-01-28,SBUX,12.4,12.26,12.54,12.2,12.22,4702266,150295650.3712,12.4,0.62,764104000,764104000.0,21727677251.84,24413120000.0
2006-01-27,SBUX,12.22,11.96,12.23,11.83,11.78,4649273,145248351.5783,12.12,0.61,764104000,764104000.0,21414848313.87,24061630000.0
2006-01-26,SBUX,11.78,11.9,11.94,11.71,11.92,3638203,110608622.1386,11.8,0.48,764104000,764104000.0,20646385520.81,23198180000.0
2006-01-25,SBUX,11.92,11.73,11.93,11.72,11.73,3801707,115998007.1291,11.84,0.5,764104000,764104000.0,20884407997.13,23465630000.0
2006-01-14,SBUX,12.14,12.08,12.2,12.02,12.01,2985007,93304151.8182,12.13,0.39,764104000,764104000.0,21278839842.03,23908800000.0
2006-01-13,SBUX,12.01,12.04,12.12,12.01,12.08,3077788,95579462.9136,12.05,0.4,764104000,764104000.0,21054421137.13,23656650000.0
2006-01-12,SBUX,12.08,11.99,12.15,11.93,12.04,3527189,109749152.3737,12.07,0.46,764104000,764104000.0,21163232266.94,23778910000.0
2006-01-11,SBUX,12.04,12.11,12.14,12.02,12.15,3809575,118464029.9342,12.07,0.5,764104000,764104000.0,21095222930.62,23702500000.0
2006-01-04,SBUX,11.98,11.86,12.03,11.6,11.64,6397680,194706935.5409,11.81,0.84,764104000,764104000.0,20993219126.94,23587880000.0
2005-12-28,SBUX,11.85,11.89,12.02,11.79,11.86,3023897,92480743.0723,11.87,0.4,764104000,764104000.0,20775597547.37,23343370000.0
2005-12-24,SBUX,11.86,12.06,12.07,11.84,11.94,1912147,58637492.6147,11.9,0.25,764104000,764104000.0,20782404873.49,23351010000.0
2005-12-22,SBUX,11.85,11.78,11.93,11.73,11.7,4011124,122320798.7406,11.83,0.52,764104000,764104000.0,20762003976.75,23328090000.0
2005-12-20,SBUX,11.89,12.09,12.31,11.88,12.1,3988705,124276073.7076,12.09,0.52,764104000,764104000.0,20843606883.68,23419780000.0
2005-12-17,SBUX,12.1,12.23,12.39,12.09,12.27,10163848,320059482.0454,12.22,1.33,764104000,764104000.0,21210830505.72,23832390000.0
2005-12-16,SBUX,12.27,12.25,12.54,12.2,12.28,3926002,124609709.5232,12.32,0.51,764104000,764104000.0,21503258546.94,24160960000.0
2005-12-15,SBUX,12.28,12.21,12.32,12.15,12.22,3624745,114365362.5473,12.24,0.47,764104000,764104000.0,21530455888.97,24191520000.0
2005-12-14,SBUX,12.22,11.92,12.25,11.91,11.99,3973689,124357745.6511,12.14,0.52,768470720,768471000.0,21544076635.2,24206820000.0
2005-12-13,SBUX,11.99,12.18,12.2,11.87,12.07,3574582,110417036.3907,11.99,0.47,768470720,768471000.0,21126873197.37,23738050000.0
2005-12-09,SBUX,11.97,12.17,12.25,11.9,12.16,5294480,163811708.8811,12.01,0.69,768470720,768471000.0,21099510168.23,23707310000.0
2005-12-08,SBUX,12.16,12.4,12.41,12.1,12.34,4277008,134500730.0551,12.2,0.56,768470720,768471000.0,21434643668.92,24083870000.0
2005-12-07,SBUX,12.34,12.35,12.6,12.32,12.4,5539465,177997407.5195,12.47,0.72,768470720,768471000.0,21749250110.17,24437360000.0
2005-12-06,SBUX,12.4,12.4,12.44,12.2,12.39,4496531,143082737.0125,12.35,0.59,768470720,768471000.0,21858682392.52,24560320000.0
2005-12-03,SBUX,12.39,12.39,12.42,12.24,12.08,5896023,187718105.02,12.35,0.77,768470720,768471000.0,21838165592.17,24537260000.0
2005-12-01,SBUX,11.82,11.99,12.09,11.82,11.97,5597754,171406535.7526,11.88,0.73,768470720,768471000.0,17783947650.13,23399930000.0
2005-11-29,SBUX,12.08,12.28,12.38,12.07,12.3,3882027,121591277.4731,12.15,0.51,768470720,768471000.0,18181089229.96,23922480000.0
2005-11-26,SBUX,12.3,12.37,12.42,12.23,12.32,1760432,55681050.5331,12.27,0.23,768470720,768471000.0,18513994834.13,24360520000.0
2005-11-23,SBUX,12.24,12.35,12.41,12.18,12.38,5835980,184427426.0762,12.26,0.76,768470720,768471000.0,18426383915.71,24245240000.0
2005-11-19,SBUX,12.02,12.22,12.27,11.94,12.11,7379598,229444962.9576,12.06,0.96,768470720,768471000.0,18093487072.11,23807220000.0
2005-11-16,SBUX,11.75,11.9,11.9,11.63,11.76,2855934,86401416.6585,11.74,0.37,768470720,768471000.0,17684662401.18,23269290000.0
2005-11-15,SBUX,11.76,11.71,11.83,11.7,11.7,3381201,102535221.2519,11.77,0.44,768470720,768471000.0,17702182949.56,23292340000.0
2005-11-11,SBUX,11.63,11.18,11.63,11.15,11.45,7894066,232091034.6699,11.41,1.03,768470720,768471000.0,17503603107.06,23031050000.0
2005-11-05,SBUX,11.78,11.78,11.87,11.68,11.42,6551480,198678813.2207,11.77,0.85,768470720,768471000.0,17731377244.43,23330760000.0
2005-11-04,SBUX,11.42,11.29,11.6,11.19,11.19,8807414,259527090.715,11.43,1.15,768470720,768471000.0,17188226811.83,22616090000.0
2005-11-03,SBUX,11.19,11.04,11.27,10.97,10.92,6876949,197637256.2364,11.15,0.89,768470720,768471000.0,16837800659.29,22155000000.0
2005-11-02,SBUX,10.92,10.98,11.02,10.89,10.97,6992578,197113005.0658,10.94,0.91,768470720,768471000.0,16440659079.45,21632450000.0
2005-11-01,SBUX,10.97,10.86,11.05,10.75,10.79,7554496,213558032.315,10.97,0.98,768470720,768471000.0,16516586906.78,21732350000.0
2005-10-29,SBUX,10.79,10.53,10.8,10.52,10.43,4677602,128957239.8774,10.7,0.61,768470720,768471000.0,16242088581.56,21371160000.0
2005-10-28,SBUX,10.43,10.7,10.83,10.43,10.74,4695313,127970708.8619,10.58,0.61,768470720,768471000.0,15693091347.08,20648800000.0
2005-10-27,SBUX,10.74,10.87,10.96,10.69,10.82,4300203,119918883.8196,10.82,0.56,768470720,768471000.0,16160323296.95,21263580000.0
2005-10-26,SBUX,10.82,10.86,10.9,10.69,10.82,5669594,157839750.725,10.8,0.74,768470720,768471000.0,16288812185.37,21432640000.0
2005-10-25,SBUX,10.82,10.74,10.96,10.67,10.67,6381410,177691637.732,10.8,0.83,768470720,768471000.0,16288812185.37,21432640000.0
2005-10-22,SBUX,10.67,10.66,10.72,10.55,10.51,3804911,208911655.7494,10.65,0.99,384234880,384235000.0,16063936709.0,21136750000.0
2005-10-21,SBUX,10.51,10.59,10.69,10.44,10.62,4179230,228023753.7252,10.59,1.09,384234880,384235000.0,15824479195.63,20821680000.0
2005-10-19,SBUX,10.21,10.24,10.29,10.14,10.3,2100824,110542816.883,10.21,0.55,384234880,384235000.0,15360170934.71,20210750000.0
2005-10-18,SBUX,10.3,10.21,10.34,10.17,10.26,2053482,108512342.3533,10.25,0.53,384234880,384235000.0,15503261464.12,20399020000.0
2005-10-14,SBUX,10.26,9.87,10.31,9.86,9.84,5497664,287052202.2967,10.13,1.43,384234880,384235000.0,15447777363.41,20326020000.0
2005-10-12,SBUX,9.92,9.95,10.02,9.88,9.96,2218640,113790036.5175,9.95,0.58,384234880,384235000.0,14933826248.01,19649770000.0
2005-10-11,SBUX,9.96,9.9,10.05,9.76,9.9,2457249,126328119.5881,9.97,0.64,384234880,384235000.0,14986387535.47,19718930000.0
2005-10-07,SBUX,10.02,9.99,10.11,9.91,9.66,7861199,405877587.8023,10.02,2.05,384234880,384235000.0,15088595765.66,19853410000.0
2005-10-06,SBUX,9.66,9.79,9.82,9.65,9.81,3400810,170197267.1386,9.71,0.89,384234880,384235000.0,14545441339.29,19138730000.0
2005-09-29,SBUX,9.31,9.48,9.49,9.29,9.42,2636430,127267328.1816,9.37,0.69,384234880,384235000.0,14011046884.15,18435590000.0
2005-09-28,SBUX,9.42,9.5,9.53,9.37,9.44,2242580,109163167.7668,9.44,0.58,384234880,384235000.0,14177495098.02,18654590000.0
2005-09-27,SBUX,9.44,9.51,9.51,9.36,9.42,2774894,135172007.3256,9.45,0.72,384234880,384235000.0,14203779976.01,18689180000.0
2005-09-22,SBUX,9.05,9.04,9.14,8.95,8.96,4052412,188949338.3003,9.05,1.05,384234880,384235000.0,13628503221.66,17932240000.0
2005-09-16,SBUX,9.17,9.15,9.21,9.09,9.15,2722367,128404493.1595,9.15,0.71,384234880,384235000.0,13809553237.02,18170460000.0
2005-09-15,SBUX,9.15,9.31,9.34,9.13,9.3,3295076,156643619.556,9.22,0.86,384234880,384235000.0,13771589370.79,18120510000.0
2005-09-09,SBUX,9.35,9.32,9.38,9.23,9.36,2065309,99303749.4925,9.33,0.54,384234880,384235000.0,14078209681.08,18523960000.0
2005-09-08,SBUX,9.36,9.4,9.43,9.3,9.42,3005208,144956165.8071,9.36,0.78,384234880,384235000.0,14095730207.57,18547010000.0
2005-09-07,SBUX,9.42,9.38,9.49,9.36,9.37,2352523,114151929.9185,9.41,0.61,384234880,384235000.0,14174576373.02,18650750000.0
2005-09-03,SBUX,9.37,9.5,9.52,9.36,9.45,1881127,91138703.2117,9.4,0.49,384234880,384235000.0,14104490470.82,18558540000.0
2005-09-02,SBUX,9.45,9.66,9.71,9.44,9.51,4906996,240841737.8678,9.52,1.28,384234880,384235000.0,14218377397.23,18708390000.0
2005-08-30,SBUX,9.55,9.52,9.59,9.48,9.59,1702196,83665806.7068,9.54,0.44,384234880,384235000.0,16639211588.28,18908190000.0
2005-08-26,SBUX,9.59,9.62,9.67,9.53,9.59,2498605,123276168.4928,9.57,0.65,384234880,384235000.0,16713600137.31,18992730000.0
2005-08-24,SBUX,9.75,9.82,9.85,9.71,9.82,2107078,105998665.868,9.76,0.55,384234880,384235000.0,16987481745.39,19303950000.0
2005-08-23,SBUX,9.82,9.92,9.99,9.75,9.91,1850876,93949523.6641,9.85,0.48,384234880,384235000.0,17122735466.29,19457650000.0
2005-08-19,SBUX,9.92,9.89,9.98,9.89,9.96,1218987,62353986.2821,9.92,0.32,384234880,384235000.0,17295178389.8,19653610000.0
2005-08-18,SBUX,9.96,9.93,10.02,9.91,9.91,1496333,76833992.6836,9.96,0.39,384234880,384235000.0,17356038827.9,19722770000.0
2005-08-13,SBUX,10.09,10.03,10.1,10.0,10.16,3134934,162346924.1531,10.05,0.82,384234880,384235000.0,17592731571.51,19991740000.0
2005-08-11,SBUX,9.97,10.09,10.17,9.96,10.04,2334705,121133806.2035,10.07,0.61,384234880,384235000.0,17369566600.69,19738140000.0
2005-08-10,SBUX,10.04,9.9,10.06,9.89,9.89,3074473,158637574.047,10.01,0.8,384234880,384235000.0,17504815249.69,19891830000.0
2005-08-09,SBUX,9.89,9.78,9.92,9.78,9.81,2349665,119746186.5152,9.89,0.61,384234880,384235000.0,17241076766.19,19592130000.0
2005-08-06,SBUX,9.81,9.87,9.91,9.8,9.89,1449819,73508717.1387,9.84,0.37,389788960,389789000.0,17335939552.69,19699930000.0
2005-08-05,SBUX,9.89,10.08,10.15,9.87,10.07,2094004,107298438.0692,9.94,0.54,389788960,389789000.0,17486866867.05,19871440000.0
2005-08-03,SBUX,10.11,10.1,10.21,10.08,10.13,2459565,128557758.4451,10.14,0.63,389788960,389789000.0,17874469235.71,20311890000.0
2005-07-30,SBUX,10.2,10.3,10.33,10.19,10.22,3279003,173225783.8494,10.25,0.84,389788960,389789000.0,18025396550.07,20483400000.0
2005-07-28,SBUX,9.77,9.78,9.85,9.68,9.78,4580699,230179639.1959,9.75,1.18,389788960,389789000.0,17270766152.55,19625870000.0
2005-07-26,SBUX,9.79,9.9,9.94,9.73,9.96,3226526,163418008.4079,9.83,0.83,389788960,389789000.0,17305069639.12,19664850000.0
2005-07-23,SBUX,9.96,10.01,10.09,9.94,10.01,2381886,123015348.8238,10.02,0.61,389788960,389789000.0,17603490351.82,20003960000.0
2005-07-22,SBUX,10.01,10.06,10.09,9.9,10.09,2090227,107776884.4691,10.0,0.54,389788960,389789000.0,17706395666.3,20120900000.0
2005-07-21,SBUX,10.09,9.99,10.13,9.96,10.01,2679534,139053039.6495,10.07,0.69,389788960,389789000.0,17847032895.13,20280710000.0
2005-07-20,SBUX,10.01,10.13,10.18,9.97,10.16,2959599,153329682.6776,10.05,0.76,389788960,389789000.0,17702962093.31,20117000000.0
2005-07-19,SBUX,10.16,10.17,10.19,10.11,10.22,1864680,97595837.0798,10.15,0.48,389788960,389789000.0,17956794722.15,20405450000.0
2005-07-16,SBUX,10.22,10.22,10.28,10.19,10.18,2491691,131429439.4624,10.23,0.64,389788960,389789000.0,18076851779.92,20541880000.0
2005-07-15,SBUX,10.18,10.15,10.19,10.06,10.03,2504810,130823961.9518,10.13,0.64,389788960,389789000.0,17994526293.48,20448320000.0
2005-07-14,SBUX,10.03,10.05,10.09,9.99,10.08,2365201,122339785.2049,10.04,0.61,389788960,389789000.0,17737265579.88,20155980000.0
2005-07-13,SBUX,10.08,10.04,10.1,9.91,10.09,1989990,102745744.8171,10.02,0.51,389788960,389789000.0,17823019151.08,20253430000.0
2005-07-12,SBUX,10.09,10.09,10.13,10.0,10.05,2111586,109688220.4163,10.08,0.54,389788960,389789000.0,17847032895.13,20280710000.0
2005-07-09,SBUX,10.05,9.74,10.08,9.7,9.74,3751186,192398648.7908,9.95,0.96,389788960,389789000.0,17761279323.93,20183270000.0
2005-07-08,SBUX,9.74,9.66,9.77,9.56,9.81,4260055,212643154.4974,9.68,1.09,389788960,389789000.0,17215882494.93,19563500000.0
2005-07-07,SBUX,9.81,10.07,10.11,9.77,10.08,4495379,228730259.9933,9.87,1.15,389788960,389789000.0,17349658066.0,19715520000.0
2005-07-06,SBUX,10.08,10.0,10.14,9.9,9.9,2811528,145949218.7619,10.07,0.72,389788960,389789000.0,17829881151.85,20261230000.0
2005-07-02,SBUX,9.9,10.04,10.07,9.87,10.02,2437096,124704004.0594,9.93,0.63,389788960,389789000.0,17510875122.87,19898720000.0
2005-07-01,SBUX,10.02,10.09,10.15,10.0,10.12,3412558,177081019.8775,10.07,0.88,389788960,389789000.0,17720113836.6,20136490000.0
2005-06-30,SBUX,10.12,10.29,10.3,10.05,10.29,2827767,147514676.1001,10.12,0.73,389788960,389789000.0,17895054551.99,20335290000.0
2005-06-29,SBUX,10.29,10.11,10.31,10.0,10.08,4127063,217010427.6413,10.2,1.06,389788960,389789000.0,18200337265.46,20682200000.0
2005-06-28,SBUX,10.08,10.11,10.17,10.04,10.17,2348343,122240864.9179,10.1,0.6,389788960,389789000.0,17823019151.08,20253430000.0
2005-06-25,SBUX,10.17,10.32,10.41,10.17,10.32,2300597,121662917.4668,10.26,0.59,389788960,389789000.0,17987664635.73,20440530000.0
2005-06-24,SBUX,10.32,10.47,10.55,10.31,10.47,2458878,132060652.4541,10.42,0.63,389788960,389789000.0,18248358922.32,20736770000.0
2005-06-23,SBUX,10.47,10.53,10.53,10.38,10.45,1447798,78048166.77,10.46,0.37,389788960,389789000.0,18512476148.46,21036900000.0
2005-06-22,SBUX,10.45,10.5,10.55,10.4,10.56,2065010,111337680.0779,10.46,0.53,389788960,389789000.0,18478177807.1,20997930000.0
2005-06-21,SBUX,10.56,10.56,10.61,10.43,10.58,1527842,82877922.2123,10.52,0.39,389788960,389789000.0,18670265120.56,21216210000.0
2005-06-18,SBUX,10.58,10.83,10.83,10.49,10.67,5730059,315454021.527,10.68,1.47,389788960,389789000.0,18711425119.67,21262980000.0
2005-06-17,SBUX,10.67,10.7,10.74,10.61,10.73,1392978,76514869.0603,10.66,0.36,389788960,389789000.0,18869214091.78,21442290000.0
2005-06-16,SBUX,10.73,10.72,10.76,10.59,10.72,2820161,154976273.5911,10.66,0.72,389788960,389789000.0,18970402619.76,21557270000.0
2005-06-15,SBUX,10.72,10.7,10.76,10.65,10.73,1898111,104617411.4558,10.69,0.49,389788960,389789000.0,18948105662.21,21531930000.0
2005-06-14,SBUX,10.73,10.62,10.74,10.6,10.63,2393078,131967939.9269,10.7,0.61,389788960,389789000.0,18972119406.26,21559220000.0
2005-06-11,SBUX,10.63,10.71,10.76,10.53,10.73,2676737,146186209.0256,10.6,0.69,389788960,389789000.0,18786888605.34,21348730000.0
2005-06-10,SBUX,10.73,10.69,10.84,10.59,10.69,2656711,146641116.831,10.71,0.68,389788960,389789000.0,18968685833.27,21555320000.0
2005-06-09,SBUX,10.69,10.8,10.85,10.67,10.77,1813033,100376922.185,10.74,0.47,389788960,389789000.0,18903512090.11,21481260000.0
2005-06-08,SBUX,10.77,10.82,11.04,10.76,10.82,2814499,158275844.9111,10.91,0.72,389788960,389789000.0,19040721234.18,21637180000.0
2005-06-07,SBUX,10.82,10.77,10.86,10.75,10.76,1657240,92448634.5708,10.82,0.43,389788960,389789000.0,19136764547.89,21746320000.0
2005-06-04,SBUX,10.76,10.92,11.01,10.73,10.91,2596709,145024629.2378,10.84,0.67,389788960,389789000.0,19023569147.88,21617690000.0
2005-06-03,SBUX,10.91,10.66,10.92,10.57,10.66,3168998,176033690.6816,10.78,0.81,389788960,389789000.0,19294553520.0,21925630000.0
2005-06-02,SBUX,10.66,10.66,10.86,10.63,10.63,3447001,191628085.5987,10.79,0.88,389788960,389789000.0,18848633920.72,21418900000.0
2005-06-01,SBUX,10.63,10.75,10.79,10.62,10.79,3159577,173923636.373,10.68,0.81,389788960,389789000.0,19007315606.99,21356530000.0
2005-05-28,SBUX,10.79,10.74,10.81,10.69,10.71,1894180,105087568.3258,10.76,0.49,389788960,389789000.0,19298720792.75,21683950000.0
2005-05-27,SBUX,10.71,10.73,10.76,10.64,10.67,2800210,154431010.2572,10.7,0.72,389788960,389789000.0,19146078395.28,21512450000.0
2005-05-26,SBUX,10.67,10.56,10.67,10.54,10.63,2177250,119181116.9753,10.62,0.56,389788960,389789000.0,19080169592.0,21438390000.0
2005-05-25,SBUX,10.63,10.58,10.68,10.54,10.66,2416253,132091938.883,10.61,0.62,389788960,389789000.0,19003848566.72,21352640000.0
2005-05-24,SBUX,10.66,10.66,10.74,10.61,10.67,2429502,133586874.4551,10.67,0.62,389788960,389789000.0,19052415924.22,21407210000.0
2005-05-21,SBUX,10.67,10.63,10.73,10.62,10.69,2890584,159176367.2448,10.68,0.74,389788960,389789000.0,19076697001.13,21434490000.0
2005-05-20,SBUX,10.69,10.61,10.7,10.59,10.68,2284868,125335728.1158,10.64,0.59,389788960,389789000.0,19107918056.09,21469570000.0
2005-05-19,SBUX,10.68,10.5,10.71,10.45,10.49,3312666,181167033.5312,10.61,0.85,389788960,389789000.0,19097511037.77,21457880000.0
2005-05-18,SBUX,10.49,10.42,10.49,10.29,10.44,2511270,134466178.1643,10.39,0.64,389788960,389789000.0,18750598863.37,21068090000.0
2005-05-17,SBUX,10.44,10.48,10.5,10.34,10.48,2255731,120976206.9686,10.4,0.58,389788960,389789000.0,18660403432.59,20966740000.0
2005-05-14,SBUX,10.48,10.34,10.48,10.26,10.31,4038466,216655603.7757,10.41,1.04,389788960,389789000.0,18733257417.6,21048600000.0
2005-05-13,SBUX,10.31,10.26,10.33,10.18,10.27,3377556,178941562.48,10.28,0.87,389788960,389789000.0,18438379987.89,20717280000.0
2005-05-12,SBUX,10.27,10.11,10.28,10.06,10.07,2946041,154525147.4317,10.18,0.76,389788960,389789000.0,18368998593.74,20639320000.0
2005-05-11,SBUX,10.07,10.08,10.13,10.02,10.13,2221329,115178567.5808,10.06,0.57,389788960,389789000.0,18004739769.89,20230040000.0
2005-05-10,SBUX,10.13,10.22,10.22,10.04,10.17,2805823,145909776.8876,10.09,0.72,389788960,389789000.0,18119221481.26,20358670000.0
2005-05-07,SBUX,10.17,10.24,10.3,10.14,10.14,4118176,216581839.6756,10.2,1.03,398789920,398790000.0,18605064459.85,20904560000.0
2005-05-06,SBUX,10.14,10.02,10.18,9.9,9.82,6111359,318087680.0474,10.1,1.53,398789920,398790000.0,18541175475.28,20832780000.0
2005-05-05,SBUX,9.82,9.71,9.85,9.66,9.7,3652670,184053972.2256,9.78,0.92,398789920,398790000.0,17962649163.72,20182750000.0
2005-05-04,SBUX,9.7,9.64,9.74,9.59,9.66,3628338,180830872.6163,9.67,0.91,398789920,398790000.0,17749698895.67,19943480000.0
2005-05-03,SBUX,9.66,9.68,9.7,9.55,9.61,5017238,249323564.6568,9.64,1.26,398789920,398790000.0,17678715354.68,19863720000.0
2005-04-30,SBUX,9.61,9.62,9.67,9.35,9.42,5007195,245251855.3014,9.5,1.26,398789920,398790000.0,18563188104.61,19748070000.0
2005-04-29,SBUX,9.42,9.4,9.58,9.39,9.0,7129184,348035284.8938,9.47,1.79,398789920,398790000.0,18203323454.56,19365230000.0
2005-04-28,SBUX,9.0,9.07,9.16,8.93,9.04,3716172,173551516.4469,9.06,0.93,398789920,398790000.0,17397365277.62,18507830000.0
2005-04-27,SBUX,9.04,9.22,9.27,9.04,9.21,3067580,144745581.3749,9.15,0.77,398789920,398790000.0,17472336657.99,18587590000.0
2005-04-26,SBUX,9.21,9.0,9.29,8.97,8.84,5242125,248036837.3228,9.18,1.31,398789920,398790000.0,17787225677.17,18922580000.0
2005-04-23,SBUX,8.84,9.0,9.02,8.81,9.0,2517806,115667247.2626,8.91,0.63,398789920,398790000.0,17078735880.16,18168860000.0
2005-04-22,SBUX,9.0,8.89,9.02,8.89,8.86,3097221,143149494.1633,8.97,0.78,398789920,398790000.0,17397365277.62,18507830000.0
2005-04-21,SBUX,8.86,8.91,9.02,8.65,8.97,5834270,265418427.6072,8.83,1.46,398789920,398790000.0,17119970757.89,18212730000.0
2005-04-20,SBUX,8.97,9.18,9.19,8.91,9.12,4606188,213998395.4299,9.01,1.16,398789920,398790000.0,17326140648.18,18432060000.0
2005-04-19,SBUX,9.12,9.16,9.23,9.01,9.18,4867281,228438469.5388,9.11,1.22,398789920,398790000.0,17618538665.6,18743120000.0
2005-04-16,SBUX,9.18,9.17,9.39,9.1,9.09,6558234,313111648.0752,9.26,1.64,398789920,398790000.0,17745990424.58,18878710000.0
2005-04-15,SBUX,9.09,9.13,9.2,9.06,9.14,4175621,196523894.536,9.13,1.05,398789920,398790000.0,17569804663.06,18691280000.0
2005-04-14,SBUX,9.14,9.26,9.32,9.11,9.3,5062840,240127453.3703,9.2,1.27,398789920,398790000.0,17659767920.39,18786980000.0
2005-04-13,SBUX,9.3,9.15,9.32,9.08,9.22,7734602,366326931.5074,9.19,1.94,398789920,398790000.0,17974656939.57,19121970000.0
2005-04-12,SBUX,9.22,9.43,9.46,9.01,9.43,9576430,453043646.5731,9.18,2.4,398789920,398790000.0,17809716678.94,18946500000.0
2005-04-09,SBUX,9.43,9.8,9.85,9.43,9.8,7159469,353699247.007,9.58,1.8,398789920,398790000.0,18225814081.46,19389160000.0
2005-04-08,SBUX,9.8,9.87,9.89,9.6,10.11,9575785,480385418.4501,9.73,2.4,398789920,398790000.0,18930557502.4,20138890000.0
2005-04-07,SBUX,10.11,10.09,10.16,10.03,10.04,2873250,149842251.621,10.12,0.72,398789920,398790000.0,19541579669.2,20788910000.0
2005-04-06,SBUX,10.04,9.97,10.08,9.89,9.97,2304272,118998583.3616,10.02,0.58,398789920,398790000.0,19395383284.53,20633380000.0
2005-04-05,SBUX,9.97,9.9,10.0,9.86,9.94,3094339,158270795.2472,9.92,0.78,398789920,398790000.0,19271677901.62,20501780000.0
2005-04-02,SBUX,9.94,10.13,10.13,9.82,10.02,3938239,202180884.5139,9.96,0.99,398789920,398790000.0,19215073285.51,20441570000.0
2005-04-01,SBUX,10.02,10.27,10.28,10.02,10.25,2904638,150956346.0472,10.08,0.73,398789920,398790000.0,19365393532.82,20601480000.0
2005-03-31,SBUX,10.25,10.23,10.29,10.11,10.2,2216881,116785716.7212,10.22,0.56,398789920,398790000.0,19796489184.96,21060090000.0
2005-03-30,SBUX,10.2,10.09,10.35,10.07,10.12,2803422,147775068.1917,10.23,0.7,398789920,398790000.0,19706519929.84,20964380000.0
2005-03-29,SBUX,10.12,10.05,10.26,10.05,10.06,2376469,124712551.6877,10.18,0.6,398789920,398790000.0,19560323920.03,20808850000.0
2005-03-25,SBUX,10.06,10.01,10.21,9.93,9.98,2535939,132327292.804,10.12,0.64,398789920,398790000.0,19436618537.12,20677250000.0
2005-03-24,SBUX,9.98,10.08,10.1,9.84,10.02,3643297,187161599.0458,9.97,0.91,398789920,398790000.0,19282923402.5,20513740000.0
2005-03-23,SBUX,10.02,10.13,10.21,10.02,10.12,2682380,139994198.1373,10.13,0.67,398789920,398790000.0,19365393532.82,20601480000.0
2005-03-22,SBUX,10.12,10.18,10.2,9.97,10.19,1992322,103754328.1183,10.1,0.5,398789920,398790000.0,19556577169.09,20804870000.0
2005-03-19,SBUX,10.19,10.09,10.19,10.04,10.12,3474710,181150169.7702,10.11,0.87,398789920,398790000.0,19687775679.01,20944440000.0
2005-03-18,SBUX,10.12,10.06,10.24,10.02,10.1,2156420,112748395.9794,10.14,0.54,398789920,398790000.0,19545331668.21,20792900000.0
2005-03-17,SBUX,10.1,10.31,10.33,10.04,10.35,4218648,220137907.5822,10.12,1.06,398789920,398790000.0,19515342291.36,20761000000.0
2005-03-16,SBUX,10.35,10.43,10.5,10.32,10.42,2566786,137190828.1528,10.37,0.64,398789920,398790000.0,19995165573.38,21271450000.0
2005-03-15,SBUX,10.42,10.44,10.55,10.4,10.38,2367950,127633684.2391,10.46,0.59,398789920,398790000.0,20130116457.17,21415020000.0
2005-03-12,SBUX,10.38,10.56,10.58,10.36,10.53,2492334,134339260.0413,10.46,0.62,398789920,398790000.0,20055145076.8,21335260000.0
2005-03-11,SBUX,10.53,10.56,10.65,10.33,10.59,3093314,166704544.0101,10.46,0.78,398789920,398790000.0,20355030598.29,21654290000.0
2005-03-10,SBUX,10.59,10.57,10.67,10.52,10.59,3173737,173117825.7915,10.58,0.8,398789920,398790000.0,20452498603.36,21757970000.0
2005-03-09,SBUX,10.59,10.73,10.74,10.44,10.7,3483699,189874088.0446,10.57,0.87,398789920,398790000.0,20452498603.36,21757970000.0
2005-03-08,SBUX,10.7,10.65,10.79,10.59,10.56,3032434,167336673.6209,10.71,0.76,398789920,398790000.0,20673665993.54,21993260000.0
2005-03-05,SBUX,10.56,10.54,10.61,10.46,10.4,3741659,203322079.326,10.54,0.94,398789920,398790000.0,20407510976.9,21710110000.0
2005-03-04,SBUX,10.4,10.59,10.62,10.28,10.25,5989762,323022431.9459,10.46,1.5,398789920,398790000.0,20088881204.58,21371150000.0
2005-03-03,SBUX,10.25,10.25,10.36,10.14,10.2,3381736,178707791.5757,10.25,0.85,398789920,398790000.0,19796489184.96,21060090000.0
2005-03-02,SBUX,10.2,10.07,10.23,10.01,10.05,3370753,175772610.6439,10.12,0.85,398789920,398790000.0,19710266680.77,20968360000.0
2005-03-01,SBUX,10.05,9.93,10.12,9.91,9.93,3664251,189033161.414,10.01,0.92,398789920,398790000.0,18388561412.28,20661300000.0
2005-02-26,SBUX,9.93,9.94,10.02,9.87,9.92,2836410,145117542.984,9.93,0.71,398789920,398790000.0,18161410673.85,20406070000.0
2005-02-25,SBUX,9.92,9.68,9.94,9.65,9.68,3675530,185759411.6797,9.81,0.92,398789920,398790000.0,18154310793.58,20398100000.0
2005-02-24,SBUX,9.68,9.7,9.8,9.62,9.63,2805993,140339469.8467,9.7,0.7,398789920,398790000.0,17710657007.58,19899610000.0
2005-02-23,SBUX,9.63,9.61,9.79,9.61,9.69,3856123,192485652.193,9.68,0.97,398789920,398790000.0,17614826370.11,19791940000.0
2005-02-19,SBUX,9.69,9.68,9.73,9.65,9.66,2412525,120590542.2175,9.7,0.6,398789920,398790000.0,17721304343.52,19911570000.0
2005-02-18,SBUX,9.66,9.74,9.82,9.65,9.78,2852370,142809874.0604,9.71,0.72,398789920,398790000.0,17675162575.16,19859730000.0
2005-02-17,SBUX,9.78,9.84,9.87,9.7,9.8,3345035,168739243.579,9.79,0.84,398789920,398790000.0,17884571066.31,20095020000.0
2005-02-16,SBUX,9.8,9.7,9.88,9.61,9.67,4176570,210018776.5077,9.76,1.05,398789920,398790000.0,17927160410.07,20142880000.0
2005-02-15,SBUX,9.67,9.75,9.77,9.67,9.74,2981684,149310775.1855,9.72,0.75,398789920,398790000.0,17692909791.37,19879670000.0
2005-02-12,SBUX,9.74,9.64,9.83,9.55,9.74,4980082,249420907.963,9.72,1.25,399976960,399977000.0,17863048537.14,20070840000.0
2005-02-11,SBUX,9.74,9.93,9.94,9.74,9.81,3600937,182222874.6235,9.82,0.9,399976960,399977000.0,17863048537.14,20070840000.0
2005-02-10,SBUX,9.81,10.01,10.02,9.77,10.01,3044831,154583018.9493,9.85,0.76,399976960,399977000.0,17994759170.17,20218830000.0
2005-02-09,SBUX,10.01,9.94,10.03,9.84,9.89,3516582,180527573.561,9.96,0.88,399976960,399977000.0,18357859678.37,20626800000.0
2005-02-08,SBUX,9.89,9.91,9.98,9.76,9.83,3420715,174130450.3362,9.88,0.86,399976960,399977000.0,18154954214.4,20398820000.0
2005-02-05,SBUX,9.83,9.63,9.86,9.54,9.62,5601344,280830618.3764,9.73,1.4,399976960,399977000.0,18033916914.55,20262820000.0
2005-02-04,SBUX,9.62,9.78,9.89,9.53,10.48,16409969,818960770.2648,9.68,4.1,399976960,399977000.0,17645900689.57,19826850000.0
2005-02-03,SBUX,10.48,10.66,10.67,10.38,10.54,3093222,167106675.6238,10.48,0.77,399976960,399977000.0,19222892697.6,21598750000.0
2005-02-02,SBUX,10.54,10.51,10.59,10.43,10.48,2998482,162464642.2732,10.51,0.75,399976960,399977000.0,19347482316.82,21738740000.0
2005-02-01,SBUX,10.48,10.47,10.53,10.36,10.42,4552266,245649336.9216,10.47,1.14,399976960,399977000.0,19222892697.6,21598750000.0
2005-01-29,SBUX,10.42,10.33,10.42,10.11,10.29,6307973,333917546.6696,10.27,1.58,399976960,399977000.0,19116097781.34,21478760000.0
2005-01-28,SBUX,10.29,10.63,10.71,10.14,10.74,13352758,713557981.351,10.37,3.34,399976960,399977000.0,18877592232.05,21210780000.0
2005-01-27,SBUX,10.74,10.57,10.75,10.45,10.48,5536832,303847431.638,10.65,1.38,399976960,399977000.0,19699903796.18,22134720000.0
2005-01-26,SBUX,10.48,10.46,10.7,10.44,10.46,5090188,276305574.8356,10.53,1.27,399976960,399977000.0,19222892697.6,21598750000.0
2005-01-25,SBUX,10.46,10.78,10.8,10.17,10.8,7794539,421680569.096,10.5,1.95,399976960,399977000.0,19190850271.35,21562750000.0
2005-01-22,SBUX,10.8,11.03,11.05,10.74,10.98,4809742,268966048.927,10.85,1.2,399976960,399977000.0,19820935756.34,22270710000.0
2005-01-21,SBUX,10.98,11.25,11.31,10.95,11.2,4853172,277998427.8696,11.11,1.21,399976960,399977000.0,20151993838.29,22642690000.0
2005-01-20,SBUX,11.2,11.34,11.42,11.18,11.24,3956389,230412574.2645,11.3,0.99,399976960,399977000.0,20557815801.6,23098660000.0
2005-01-19,SBUX,11.24,10.96,11.27,10.87,10.91,3710285,212758089.8849,11.13,0.93,399976960,399977000.0,20629010632.54,23178660000.0
2005-01-15,SBUX,10.91,10.72,11.04,10.7,10.74,5317156,298646552.921,10.9,1.33,399976960,399977000.0,20009604176.41,22482700000.0
2005-01-14,SBUX,10.74,10.95,11.02,10.7,11.06,5935250,332310427.5372,10.86,1.48,399976960,399977000.0,19710582825.03,22146720000.0
2005-01-13,SBUX,11.06,11.13,11.26,10.91,11.13,4479824,254765794.4706,11.03,1.12,399976960,399977000.0,20297946854.91,22806680000.0
2005-01-12,SBUX,11.13,11.11,11.19,10.8,11.22,7799246,443170238.0687,11.02,1.95,399976960,399977000.0,20429662827.64,22954670000.0
2005-01-11,SBUX,11.22,11.52,11.56,11.18,11.58,6421281,375671201.5393,11.35,1.61,399976960,399977000.0,20586289533.42,23130660000.0
2005-01-08,SBUX,11.58,11.64,11.73,11.46,11.59,3332888,199340331.2399,11.6,0.83,399976960,399977000.0,21241295718.89,23866620000.0
2005-01-07,SBUX,11.59,11.57,11.67,11.27,11.95,9752766,578052292.4796,11.5,2.44,399976960,399977000.0,21266211435.66,23894620000.0
2005-01-06,SBUX,11.95,11.84,12.07,11.76,11.85,4469730,274954077.6824,11.93,1.12,399976960,399977000.0,21928333651.22,24638570000.0
2005-01-05,SBUX,11.85,11.97,12.09,11.82,11.86,3974690,244974417.8118,11.96,0.99,399976960,399977000.0,21750343904.02,24438590000.0
2005-01-04,SBUX,11.86,12.28,12.29,11.75,12.1,5572477,342322238.332,11.92,1.39,399976960,399977000.0,21764585931.64,24454590000.0
2005-01-01,SBUX,12.1,12.21,12.23,12.02,12.15,2830077,176605295.031,12.11,0.71,399976960,399977000.0,22198875931.09,24942550000.0
2004-12-31,SBUX,12.15,12.45,12.47,12.15,12.39,2798257,176995606.4054,12.27,0.7,399976960,399977000.0,22298555173.24,25054550000.0
2004-12-30,SBUX,12.39,12.24,12.44,12.22,12.24,2994064,190526334.4802,12.35,0.75,399976960,399977000.0,22736408527.43,25546520000.0
2004-12-29,SBUX,12.24,11.98,12.24,11.96,11.91,3281587,205326270.0388,12.14,0.82,399976960,399977000.0,22458744877.78,25234540000.0
2004-12-28,SBUX,11.91,11.85,11.94,11.67,11.76,2808478,171235695.2871,11.83,0.7,399976960,399977000.0,21857138820.28,24558580000.0
2004-12-24,SBUX,11.76,11.85,11.93,11.76,11.86,2349810,143023744.5931,11.81,0.59,399976960,399977000.0,21579475170.63,24246600000.0
2004-12-23,SBUX,11.86,11.47,11.89,11.43,11.44,5523590,332686902.8001,11.69,1.38,399976960,399977000.0,21764585931.64,24454590000.0
2004-12-22,SBUX,11.44,11.45,11.47,11.33,11.4,2767718,162862485.3694,11.42,0.69,399976960,399977000.0,20988547786.01,23582640000.0
2004-12-21,SBUX,11.4,11.38,11.46,11.34,11.29,2412463,141642199.4929,11.39,0.6,399976960,399977000.0,20913795296.0,23498640000.0
2004-12-18,SBUX,11.29,11.35,11.4,11.23,11.26,3542858,206768604.5389,11.32,0.89,399976960,399977000.0,20710884492.34,23270650000.0
2004-12-17,SBUX,11.26,11.35,11.43,11.22,11.38,2095337,122260370.2109,11.32,0.52,399976960,399977000.0,20661047363.12,23214660000.0
2004-12-16,SBUX,11.38,11.45,11.45,11.31,11.39,1951042,114407346.9422,11.38,0.49,399976960,399977000.0,20888874239.54,23470640000.0
2004-12-15,SBUX,11.39,11.4,11.43,11.31,11.39,2516033,147405036.4715,11.37,0.63,399976960,399977000.0,20903110927.46,23486640000.0
2004-12-14,SBUX,11.39,11.36,11.39,11.27,11.26,1711877,99991577.8135,11.33,0.43,399976960,399977000.0,20892431898.6,23474640000.0
2004-12-11,SBUX,11.26,11.3,11.34,11.23,11.38,2346890,136401702.0967,11.28,0.59,399976960,399977000.0,20668168732.91,23222660000.0
2004-12-10,SBUX,11.38,11.2,11.4,11.14,11.29,2623792,152706528.4306,11.29,0.66,399976960,399977000.0,20878195210.68,23458640000.0
2004-12-09,SBUX,11.29,11.16,11.34,11.14,11.11,3003337,174299545.7761,11.26,0.75,399976960,399977000.0,20721563165.21,23282650000.0
2004-12-08,SBUX,11.11,11.46,11.49,11.11,11.4,3121683,180827215.0645,11.24,0.79,397466880,397467000.0,20259002222.46,22762920000.0
2004-12-07,SBUX,11.4,11.38,11.43,11.25,11.37,1997284,117107323.9952,11.38,0.5,397466880,397467000.0,20779008495.31,23347200000.0
2004-12-04,SBUX,11.37,11.4,11.43,11.23,11.38,2777778,162549435.2262,11.35,0.7,397466880,397467000.0,20723114933.92,23284390000.0
2004-12-03,SBUX,11.38,11.48,11.51,11.18,11.17,5026512,294027257.0224,11.35,1.26,397466880,397467000.0,20747172813.21,23311430000.0
2004-12-02,SBUX,11.17,10.93,11.17,10.92,10.92,3123784,178325854.7068,11.08,0.79,397466880,397467000.0,20358050615.21,22874210000.0
2004-12-01,SBUX,10.92,10.9,10.99,10.85,10.94,2349500,132224193.006,10.92,0.59,397466880,397467000.0,18336417438.8,22361480000.0
2004-11-30,SBUX,10.94,11.01,11.02,10.79,10.98,2468306,138833551.2142,10.91,0.62,397466880,397467000.0,18385303583.58,22421100000.0
2004-11-27,SBUX,10.98,11.01,11.06,10.95,11.01,659889,37478193.1691,11.02,0.17,397466880,397467000.0,18447229901.25,22496620000.0
2004-11-25,SBUX,11.01,11.0,11.06,10.96,10.94,1912872,108550875.9785,11.01,0.48,397466880,397467000.0,18502636132.48,22564190000.0
2004-11-24,SBUX,10.94,10.96,11.03,10.88,10.96,2608033,147292301.881,10.96,0.66,397466880,397467000.0,18385303583.58,22421100000.0
2004-11-23,SBUX,10.96,10.75,11.01,10.67,10.71,2625092,147050295.7071,10.87,0.66,397466880,397467000.0,18411378062.76,22452900000.0
2004-11-20,SBUX,10.71,10.85,10.96,10.67,10.82,2060633,114541305.3183,10.78,0.52,397466880,397467000.0,17994197151.43,21944140000.0
2004-11-19,SBUX,10.82,10.75,10.85,10.71,10.79,2132156,118401157.8135,10.77,0.54,397466880,397467000.0,18179975778.53,22170700000.0
2004-11-18,SBUX,10.79,10.64,10.82,10.6,10.6,2638616,146008317.697,10.74,0.66,397466880,397467000.0,18118049460.85,22095180000.0
2004-11-17,SBUX,10.6,10.6,10.72,10.58,10.7,2202847,120745972.1164,10.63,0.55,397466880,397467000.0,17808423739.1,21717590000.0
2004-11-16,SBUX,10.7,10.71,10.76,10.62,10.73,2675596,147502640.244,10.7,0.67,397466880,397467000.0,17977900031.58,21924270000.0
2004-11-13,SBUX,10.73,10.75,10.78,10.65,10.76,3011314,165916436.2307,10.69,0.76,397466880,397467000.0,18023529229.41,21979910000.0
2004-11-12,SBUX,10.76,10.34,10.81,10.3,10.73,7973902,436125329.587,10.61,2.01,397466880,397467000.0,18069809621.07,22036350000.0
2004-11-11,SBUX,10.73,10.75,10.97,10.7,10.64,5423270,303009407.8412,10.84,1.36,397466880,397467000.0,18020271630.6,21975940000.0
2004-11-10,SBUX,10.64,10.58,10.73,10.53,10.55,2397771,131368590.8005,10.63,0.6,397466880,397467000.0,17867087569.13,21789130000.0
2004-11-09,SBUX,10.55,10.65,10.67,10.5,10.58,2103269,114567153.0794,10.57,0.53,397466880,397467000.0,17730200627.5,21622190000.0
2004-11-06,SBUX,10.58,10.64,10.69,10.52,10.6,2646307,144591266.494,10.6,0.67,397466880,397467000.0,17766052466.0,21665910000.0
2004-11-05,SBUX,10.6,10.36,10.66,10.34,10.38,4348176,236315099.7174,10.54,1.09,397466880,397467000.0,17811681337.9,21721560000.0
2004-11-04,SBUX,10.38,10.36,10.44,10.28,10.28,3734927,199704671.7566,10.37,0.94,397466880,397467000.0,17430352265.08,21256520000.0
2004-11-03,SBUX,10.28,10.32,10.4,10.27,10.34,2748604,146431023.2842,10.34,0.69,397466880,397467000.0,17267390844.28,21057790000.0
2004-11-02,SBUX,10.34,10.22,10.4,10.21,10.26,2651407,141168854.9468,10.33,0.67,397466880,397467000.0,17371683546.21,21184980000.0
2004-10-30,SBUX,10.26,10.21,10.33,10.18,10.25,3765850,198902744.7165,10.25,0.95,397466880,397467000.0,17234796604.58,21018040000.0
2004-10-29,SBUX,10.25,10.01,10.25,9.92,10.05,3012449,156750635.8389,10.1,0.76,397466880,397467000.0,17225019245.25,21006120000.0
2004-10-28,SBUX,10.05,9.76,10.06,9.74,9.8,3263154,167242819.6505,9.94,0.82,397466880,397467000.0,16879541685.0,20584800000.0
2004-10-27,SBUX,9.8,9.69,9.82,9.64,9.63,3051183,153160205.5904,9.74,0.77,397466880,397467000.0,16462361099.6,20076050000.0
2004-10-26,SBUX,9.63,9.75,9.78,9.62,9.73,2483774,123942279.8139,9.68,0.62,397466880,397467000.0,16185324402.78,19738200000.0
2004-10-23,SBUX,9.73,9.87,9.96,9.72,9.85,2376626,120740659.9388,9.86,0.6,397466880,397467000.0,16341770951.9,19928980000.0
2004-10-22,SBUX,9.85,9.77,9.86,9.58,9.75,3410615,170874175.0562,9.72,0.86,397466880,397467000.0,16543841810.0,20175410000.0
2004-10-21,SBUX,9.75,9.78,9.84,9.69,9.76,3106239,156199088.7522,9.76,0.78,397466880,397467000.0,16380880389.2,19976680000.0
2004-10-20,SBUX,9.76,9.76,9.99,9.66,9.76,6262008,318007885.5735,9.85,1.58,397466880,397467000.0,16397177509.05,19996550000.0
2004-10-19,SBUX,9.76,9.56,9.78,9.51,9.6,4117422,204528367.5116,9.64,1.04,397466880,397467000.0,16393915021.41,19992580000.0
2004-10-16,SBUX,9.6,9.34,9.64,9.29,9.27,4593695,225344167.5945,9.52,1.16,397466880,397467000.0,16123398411.03,19662680000.0
2004-10-15,SBUX,9.27,9.26,9.36,9.14,9.24,3747302,178727141.6976,9.25,0.94,397466880,397467000.0,15575850318.6,18994940000.0
2004-10-14,SBUX,9.24,9.31,9.36,9.13,9.32,2468212,117746021.3732,9.26,0.62,397466880,397467000.0,15530221446.7,18939290000.0
2004-10-13,SBUX,9.32,9.25,9.35,9.19,9.28,2155868,102997240.4604,9.27,0.54,397466880,397467000.0,15657331029.0,19094300000.0
2004-10-12,SBUX,9.28,9.23,9.31,9.19,9.19,1389131,66345864.7843,9.27,0.35,397466880,397467000.0,15582370405.05,19002890000.0
2004-10-09,SBUX,9.19,9.24,9.44,9.17,9.14,4097262,196531723.3519,9.31,1.03,397466880,397467000.0,15445483137.5,18835950000.0
2004-10-08,SBUX,9.14,8.95,9.2,8.94,9.31,5826707,273569656.2632,9.11,1.47,397466880,397467000.0,15347705307.25,18716710000.0
2004-10-07,SBUX,9.31,9.19,9.31,9.14,9.2,3357798,160116231.63,9.25,0.84,397466880,397467000.0,15637776636.28,19070460000.0
2004-10-06,SBUX,9.2,9.14,9.24,9.09,9.13,2128643,100857844.9035,9.19,0.54,397466880,397467000.0,15458518095.63,18851850000.0
2004-10-05,SBUX,9.13,9.21,9.23,9.07,9.16,3511842,165641955.9193,9.15,0.88,397466880,397467000.0,15334665786.21,18700810000.0
2004-10-02,SBUX,9.16,8.92,9.16,8.79,8.82,4976160,231259551.8554,9.02,1.25,397466880,397467000.0,15390072017.43,18768380000.0
2004-10-01,SBUX,8.82,8.78,8.85,8.73,8.83,3078837,139496836.5799,8.79,0.77,397466880,397467000.0,14816449445.83,18068840000.0
2004-09-30,SBUX,8.83,8.65,8.83,8.61,8.65,2368826,106593846.5371,8.73,0.6,397466880,397467000.0,14829489292.8,18084740000.0
2004-09-29,SBUX,8.65,8.66,8.67,8.6,8.61,2032839,90613576.8455,8.65,0.51,397466880,397467000.0,14529636041.53,17719070000.0
2004-09-28,SBUX,8.61,8.7,8.73,8.57,8.74,4392133,195721747.6114,8.65,1.11,397466880,397467000.0,14464452450.98,17639570000.0
2004-09-25,SBUX,8.74,8.68,8.84,8.6,8.67,2673902,120468352.3017,8.74,0.67,397466880,397467000.0,14679562504.2,17901900000.0
2004-09-24,SBUX,8.67,8.68,8.77,8.67,8.69,1981613,88992826.9399,8.71,0.5,397466880,397467000.0,14558972682.43,17754840000.0
2004-09-23,SBUX,8.69,8.81,8.81,8.58,8.87,3893231,173676980.4048,8.65,0.98,397466880,397467000.0,14591562033.28,17794580000.0
2004-09-22,SBUX,8.87,8.84,8.91,8.77,8.85,2242414,102293751.1885,8.85,0.56,397466880,397467000.0,14904450242.68,18176160000.0
2004-09-21,SBUX,8.85,8.89,8.92,8.76,8.93,2041017,92903615.947,8.83,0.51,397466880,397467000.0,14862078643.65,18124480000.0
2004-09-18,SBUX,8.93,8.89,8.98,8.86,8.85,2202909,101402958.9077,8.93,0.55,397466880,397467000.0,15008742944.61,18303340000.0
2004-09-17,SBUX,8.85,8.85,8.87,8.79,8.81,1298476,59146616.6854,8.84,0.33,397466880,397467000.0,14868598404.18,18132430000.0
2004-09-16,SBUX,8.81,8.97,8.97,8.78,8.92,2522905,115012916.5501,8.84,0.63,397466880,397467000.0,14803414813.63,18052940000.0
2004-09-15,SBUX,8.92,8.76,8.92,8.72,8.74,2609511,118798212.6929,8.83,0.66,397466880,397467000.0,14982668465.43,18271550000.0
2004-09-14,SBUX,8.74,8.72,8.78,8.66,8.7,3224456,144915081.5354,8.72,0.81,397466880,397467000.0,14676305231.33,17897930000.0
2004-09-11,SBUX,8.7,8.65,8.72,8.6,8.66,1535421,68521231.4316,8.66,0.39,397466880,397467000.0,14620893785.33,17830360000.0
2004-09-10,SBUX,8.66,8.64,8.69,8.56,8.6,2280448,101473986.3112,8.63,0.57,397466880,397467000.0,14542675562.58,17734960000.0
2004-09-09,SBUX,8.6,8.56,8.69,8.56,8.61,2127127,94699055.9019,8.64,0.54,397466880,397467000.0,14444897732.33,17615730000.0
2004-09-08,SBUX,8.61,8.67,8.7,8.54,8.61,2614021,115918207.0725,8.6,0.66,397466880,397467000.0,14464452450.98,17639570000.0
2004-09-04,SBUX,8.61,8.63,8.71,8.57,8.61,2451237,109229809.727,8.65,0.62,397466880,397467000.0,14457932364.53,17631620000.0
2004-09-03,SBUX,8.61,8.41,8.63,8.41,8.39,2549134,112050496.2951,8.53,0.64,397466880,397467000.0,14470972211.5,17647520000.0
2004-09-02,SBUX,8.39,8.35,8.42,8.3,8.39,2715614,117205082.8402,8.37,0.68,397466880,397467000.0,14089643138.68,17182490000.0
2004-09-01,SBUX,8.39,8.33,8.39,8.27,8.3,2742374,117676617.588,8.33,0.69,397466880,397467000.0,13921035772.39,17186460000.0
2004-08-31,SBUX,8.3,8.28,8.42,8.25,8.26,3082679,132652896.3455,8.35,0.78,397466880,397467000.0,13766502259.19,16995680000.0
2004-08-28,SBUX,8.26,8.36,8.44,8.25,8.36,4648629,199227687.6417,8.31,1.17,397466880,397467000.0,13705331140.51,16920160000.0
2004-08-27,SBUX,8.36,8.45,8.5,8.16,8.93,14064313,604171874.6698,8.33,3.54,397466880,397467000.0,13866305226.91,17118890000.0
2004-08-26,SBUX,8.93,8.82,8.94,8.73,8.86,2889214,132123435.5172,8.87,0.73,397466880,397467000.0,14822491622.07,18299370000.0
2004-08-25,SBUX,8.86,8.74,8.88,8.73,8.73,2610041,118634162.2525,8.82,0.66,397466880,397467000.0,14700149706.67,18148330000.0
2004-08-24,SBUX,8.73,8.78,8.79,8.68,8.74,2502864,112466684.4013,8.72,0.63,397466880,397467000.0,14484445074.79,17882030000.0
2004-08-21,SBUX,8.74,8.67,8.76,8.63,8.66,2014616,90516898.3416,8.72,0.51,397466880,397467000.0,14500543449.27,17901900000.0
2004-08-20,SBUX,8.66,8.63,8.76,8.62,8.63,3464205,155224412.8827,8.69,0.87,397466880,397467000.0,14374983983.83,17746890000.0
2004-08-19,SBUX,8.63,8.49,8.63,8.44,8.48,2990720,131494753.7555,8.53,0.75,397466880,397467000.0,14323470988.39,17683300000.0
2004-08-18,SBUX,8.48,8.49,8.61,8.44,8.46,2370768,103898431.0756,8.5,0.6,397466880,397467000.0,14069134185.52,17369300000.0
2004-08-17,SBUX,8.46,8.31,8.57,8.25,8.38,2952388,128815903.5905,8.46,0.74,397466880,397467000.0,14030497185.3,17321600000.0
2004-08-14,SBUX,8.38,8.49,8.55,8.35,8.48,3110227,134883080.4452,8.41,0.78,397466880,397467000.0,13904937397.91,17166590000.0
2004-08-13,SBUX,8.48,8.62,8.66,8.45,8.65,3608714,159133078.7343,8.56,0.91,397466880,397467000.0,14078792308.75,17381220000.0
2004-08-12,SBUX,8.65,8.67,8.71,8.62,8.75,2412841,107638755.2186,8.66,0.61,397466880,397467000.0,14358885609.35,17727020000.0
2004-08-11,SBUX,8.75,8.59,8.75,8.58,8.53,3000660,134335029.206,8.69,0.75,397466880,397467000.0,14513419444.5,17917800000.0
2004-08-10,SBUX,8.53,8.48,8.63,8.48,8.47,2674035,118117712.0091,8.57,0.67,397466880,397467000.0,14152838778.75,17472640000.0
2004-08-07,SBUX,8.47,8.73,8.76,8.45,8.79,5499180,244381310.0354,8.62,1.38,397466880,397467000.0,14062693934.27,17361350000.0
2004-08-06,SBUX,8.79,8.83,8.96,8.76,8.81,2635452,120166857.3921,8.85,0.66,397466880,397467000.0,14581030492.47,18001270000.0
2004-08-05,SBUX,8.81,8.87,8.93,8.76,8.9,4006090,182475396.455,8.84,1.01,397466880,397467000.0,14626103236.67,18056910000.0
2004-08-04,SBUX,8.9,8.96,9.06,8.85,9.02,4298676,197821153.4262,8.93,1.08,396457920,396458000.0,14723849571.74,18177590000.0
2004-08-03,SBUX,9.02,9.09,9.14,8.96,9.12,4051240,189188447.5848,9.06,1.02,396457920,396458000.0,14922949133.51,18423390000.0
2004-07-31,SBUX,9.12,9.16,9.22,9.08,9.22,2826503,133030751.508,9.13,0.71,396457920,396458000.0,15089938493.94,18629550000.0
2004-07-30,SBUX,9.22,9.38,9.39,9.02,9.29,4078046,193077522.4635,9.19,1.03,396457920,396458000.0,15263352078.33,18843640000.0
2004-07-29,SBUX,9.29,9.22,9.33,9.12,9.27,3493981,165743592.3591,9.2,0.88,396457920,396458000.0,15375745008.47,18982400000.0
2004-07-28,SBUX,9.27,9.13,9.31,9.09,9.07,3397285,161301729.4887,9.21,0.86,396457920,396458000.0,15340420286.66,18938790000.0
2004-07-27,SBUX,9.07,9.19,9.24,8.98,9.13,3393331,159286642.2975,9.11,0.86,396457920,396458000.0,15006446382.77,18526480000.0
2004-07-24,SBUX,9.13,9.26,9.27,9.07,9.27,3559622,167908070.9855,9.15,0.9,396457920,396458000.0,15112420227.05,18657300000.0
2004-07-23,SBUX,9.27,9.02,9.29,8.88,8.85,6096117,287564805.8045,9.15,1.54,396457920,396458000.0,15337210904.3,18934820000.0
2004-07-22,SBUX,8.85,9.01,9.03,8.81,9.01,4419418,203161935.9301,8.92,1.11,396457920,396458000.0,14656414648.6,18094340000.0
2004-07-21,SBUX,9.01,9.05,9.06,8.89,9.04,4724492,218345194.6793,8.97,1.19,396457920,396458000.0,14910106144.82,18407540000.0
2004-07-20,SBUX,9.04,9.02,9.15,8.97,8.96,4472719,208600448.8642,9.05,1.13,396457920,396458000.0,14955064151.82,18463040000.0
2004-07-17,SBUX,8.96,9.0,9.01,8.89,8.93,4065228,187781824.8216,8.96,1.03,396457920,396458000.0,14826613712.52,18304460000.0
2004-07-16,SBUX,8.93,8.93,8.96,8.85,8.92,3002173,137917684.0685,8.91,0.76,396457920,396458000.0,14778441185.06,18244980000.0
2004-07-15,SBUX,8.92,8.89,9.04,8.86,8.89,3873372,178619333.5412,8.95,0.98,396457920,396458000.0,14759173972.41,18221200000.0
2004-07-14,SBUX,8.89,8.88,8.92,8.83,8.85,2016585,92277288.0998,8.88,0.51,396457920,396458000.0,14707792062.59,18157770000.0
2004-07-13,SBUX,8.85,8.86,8.92,8.76,8.86,2310459,105176229.4016,8.83,0.58,396457920,396458000.0,14646776225.31,18082440000.0
2004-07-10,SBUX,8.86,8.81,8.9,8.75,8.76,2550840,116007093.8675,8.82,0.64,396457920,396458000.0,14662833734.46,18102260000.0
2004-07-09,SBUX,8.76,8.99,8.99,8.75,8.95,3145045,143220914.7865,8.84,0.79,396457920,396458000.0,14499058894.49,17900070000.0
2004-07-08,SBUX,8.95,8.85,8.98,8.83,8.81,3515342,161356967.8895,8.91,0.89,396457920,396458000.0,14816980106.2,18292570000.0
2004-07-07,SBUX,8.81,8.89,9.0,8.8,8.84,3585376,164480547.3943,8.9,0.9,396457920,396458000.0,14582551005.66,18003150000.0
2004-07-03,SBUX,8.84,8.71,8.89,8.65,8.66,3990289,181351440.5589,8.82,1.01,396457920,396458000.0,14624299630.29,18054690000.0
2004-07-02,SBUX,8.66,8.66,8.75,8.54,8.44,4523434,201786735.8053,8.65,1.14,396457920,396458000.0,14328859830.57,17689950000.0
2004-07-01,SBUX,8.44,8.35,8.49,8.3,8.38,2906733,125670831.0546,8.39,0.73,396457920,396458000.0,13965980290.74,17241950000.0
2004-06-30,SBUX,8.38,8.43,8.49,8.35,8.39,2428978,105235207.0914,8.41,0.61,396457920,396458000.0,13876063955.61,17130940000.0
2004-06-29,SBUX,8.39,8.41,8.46,8.36,8.38,3002290,130217687.6845,8.41,0.76,396457920,396458000.0,13895331168.26,17154730000.0
2004-06-26,SBUX,8.38,8.49,8.51,8.24,8.46,4907332,211938325.5199,8.38,1.24,396457920,396458000.0,13872854573.25,17126980000.0
2004-06-25,SBUX,8.46,8.56,8.61,8.43,8.57,3423406,150505905.8921,8.53,0.86,396457920,396458000.0,14010938618.87,17297450000.0
2004-06-24,SBUX,8.57,8.52,8.59,8.45,8.5,2466317,108201983.1965,8.51,0.62,396457920,396458000.0,14187561585.62,17515500000.0
2004-06-23,SBUX,8.5,8.51,8.52,8.33,8.49,2969827,128910368.8521,8.42,0.75,396457920,396458000.0,14065530232.19,17364850000.0
2004-06-22,SBUX,8.49,8.51,8.59,8.45,8.48,2703862,118922607.7111,8.53,0.68,396457920,396458000.0,14052687243.5,17348990000.0
2004-06-19,SBUX,8.48,8.33,8.58,8.28,8.35,3486477,152242582.6223,8.47,0.88,396521920,396522000.0,14035685438.69,17328000000.0
2004-06-18,SBUX,8.35,8.32,8.38,8.27,8.33,2083868,89461265.9485,8.33,0.53,396521920,396522000.0,13830128796.55,17074230000.0
2004-06-17,SBUX,8.33,8.3,8.33,8.2,8.3,2225400,94817368.5552,8.27,0.56,396521920,396522000.0,13785163210.82,17018710000.0
2004-06-16,SBUX,8.3,8.19,8.32,8.09,8.14,3596113,151790804.1466,8.19,0.91,396521920,396522000.0,13740197946.27,16963200000.0
2004-06-15,SBUX,8.14,8.26,8.27,8.01,8.27,3292123,138500595.6627,8.16,0.83,396521920,396522000.0,13483250778.56,16645980000.0
2004-06-11,SBUX,8.27,8.28,8.38,8.26,8.29,1925281,82356969.4488,8.3,0.49,396521920,396522000.0,13692017642.35,16903720000.0
2004-06-10,SBUX,8.29,8.32,8.41,8.26,8.36,2217694,95028846.5551,8.31,0.56,396521920,396522000.0,13730562784.8,16951310000.0
2004-06-09,SBUX,8.36,8.2,8.38,8.16,8.21,3775374,161275629.9281,8.29,0.95,396521920,396522000.0,13839763636.84,17086130000.0
2004-06-08,SBUX,8.21,8.06,8.22,8.05,8.02,2590201,108706037.3454,8.14,0.65,396521920,396522000.0,13592451630.6,16780800000.0
2004-06-05,SBUX,8.02,8.07,8.11,8.0,7.99,3197988,132740464.5241,8.05,0.81,396521920,396522000.0,13284113937.33,16400140000.0
2004-06-04,SBUX,7.99,8.05,8.1,7.98,8.04,2301672,95420383.8806,8.04,0.58,396521920,396522000.0,13232728550.69,16336700000.0
2004-06-03,SBUX,8.04,7.99,8.09,7.97,7.96,3123283,129199910.8761,8.03,0.79,396521920,396522000.0,13303389078.02,16423930000.0
2004-06-02,SBUX,7.96,7.89,8.0,7.88,7.88,2682307,109716245.9659,7.94,0.68,396521920,396522000.0,13184548246.77,16277220000.0
2004-05-29,SBUX,7.88,7.81,7.99,7.78,7.76,4306754,174591905.2409,7.87,1.09,396521920,396522000.0,12879029106.64,16098790000.0
2004-05-28,SBUX,7.76,7.8,7.86,7.72,7.7,4264023,171180849.2479,7.79,1.08,396521920,396522000.0,12695042301.33,15868800000.0
2004-05-27,SBUX,7.7,7.64,7.72,7.62,7.68,1878680,74399094.5946,7.68,0.47,396521920,396522000.0,12584019018.68,15730020000.0
2004-05-26,SBUX,7.68,7.57,7.69,7.47,7.52,2670792,104286409.8824,7.58,0.67,396521920,396522000.0,12555465951.05,15694330000.0
2004-05-25,SBUX,7.52,7.59,7.61,7.48,7.52,1860866,72311181.6161,7.54,0.47,396521920,396522000.0,12295350109.27,15369180000.0
2004-05-22,SBUX,7.52,7.49,7.57,7.44,7.46,2020136,78149357.1067,7.51,0.51,396521920,396522000.0,12298520381.33,15373140000.0
2004-05-21,SBUX,7.46,7.31,7.48,7.3,7.28,3897808,148804663.2142,7.41,0.98,396521920,396522000.0,12203354168.87,15254190000.0
2004-05-20,SBUX,7.28,7.36,7.39,7.24,7.3,2394901,90254689.3274,7.31,0.6,396521920,396522000.0,11908344080.92,14885430000.0
2004-05-19,SBUX,7.3,7.34,7.35,7.28,7.29,1659149,62495659.8094,7.31,0.42,396521920,396522000.0,11930546770.7,14913180000.0
2004-05-18,SBUX,7.29,7.35,7.37,7.28,7.38,3064017,115479724.4569,7.31,0.77,396521920,396522000.0,11921030879.05,14901290000.0
2004-05-15,SBUX,7.38,7.34,7.48,7.3,7.34,2228849,84980649.7593,7.4,0.56,396521920,396522000.0,12066952848.92,15083690000.0
2004-05-14,SBUX,7.34,7.3,7.35,7.23,7.33,2983810,111998185.5901,7.28,0.75,396521920,396522000.0,12006680882.64,15008350000.0
2004-05-13,SBUX,7.33,7.4,7.4,7.18,7.4,3761031,140888593.6021,7.27,0.95,396521920,396522000.0,11981302845.33,14976630000.0
2004-05-12,SBUX,7.4,7.36,7.48,7.32,7.37,2235237,85193581.6124,7.39,0.56,396521920,396522000.0,12095501475.5,15119380000.0
2004-05-11,SBUX,7.37,7.37,7.4,7.3,7.4,3253333,123224206.9479,7.35,0.82,396521920,396522000.0,12044745400.87,15055930000.0
2004-05-08,SBUX,7.4,7.57,7.62,7.38,7.65,3452403,133611779.9337,7.51,0.87,396521920,396522000.0,12101847095.09,15127310000.0
2004-05-07,SBUX,7.65,7.68,7.73,7.57,7.73,2538635,99936402.9825,7.64,0.64,396521920,396522000.0,12507885223.96,15634850000.0
2004-05-06,SBUX,7.73,7.7,7.74,7.64,7.68,3076486,122338296.2992,7.72,0.78,396521920,396522000.0,12631599745.78,15789500000.0
2004-05-05,SBUX,7.68,7.62,7.75,7.57,7.6,3741305,147692092.8975,7.66,0.94,396521920,396522000.0,12561811570.64,15702260000.0
2004-05-04,SBUX,7.6,7.55,7.64,7.47,7.55,2462053,96029910.2879,7.57,0.62,396140000,396140000.0,12407102898.53,15508880000.0
2004-05-01,SBUX,7.55,7.63,7.69,7.53,7.59,2657684,104146370.5628,7.6,0.67,396140000,396140000.0,12334214406.18,15417770000.0
2004-04-30,SBUX,7.59,7.6,7.71,7.51,7.55,2887048,113172847.4614,7.61,0.73,396140000,396140000.0,12394423566.32,15493030000.0
2004-04-29,SBUX,7.55,7.64,7.66,7.51,7.62,2329894,91166632.0165,7.59,0.59,396140000,396140000.0,12340549160.14,15425680000.0
2004-04-28,SBUX,7.62,7.62,7.74,7.57,7.57,3061177,121004307.4846,7.67,0.77,396140000,396140000.0,12445130753.97,15556410000.0
2004-04-27,SBUX,7.57,7.65,7.66,7.48,7.6,2118616,82493610.5,7.55,0.53,396140000,396140000.0,12359568000.0,15449460000.0
2004-04-24,SBUX,7.6,7.6,7.64,7.51,7.58,2591183,101101962.0714,7.57,0.65,396140000,396140000.0,12416609941.62,15520760000.0
2004-04-23,SBUX,7.58,7.39,7.66,7.37,7.22,5403441,210351635.3772,7.55,1.36,396140000,396140000.0,12378582086.18,15473220000.0
2004-04-22,SBUX,7.22,7.29,7.3,7.13,7.22,3065221,113783749.958,7.2,0.77,396140000,396140000.0,11798632492.35,14748290000.0
2004-04-21,SBUX,7.22,7.39,7.49,7.22,7.39,2659707,101134816.0948,7.38,0.67,396140000,396140000.0,11798632492.35,14748290000.0
2004-04-20,SBUX,7.39,7.35,7.41,7.32,7.34,2066931,78455922.0155,7.36,0.52,396140000,396140000.0,12071176812.35,15088970000.0
2004-04-17,SBUX,7.34,7.44,7.44,7.32,7.38,3913531,148590510.4204,7.37,0.99,396140000,396140000.0,11991948812.35,14989930000.0
2004-04-16,SBUX,7.38,7.45,7.45,7.35,7.42,2522406,95979790.7189,7.38,0.64,396140000,396140000.0,12061670086.18,15077090000.0
2004-04-15,SBUX,7.42,7.42,7.47,7.35,7.47,2894922,110494529.2851,7.41,0.73,396140000,396140000.0,12118711710.88,15148390000.0
2004-04-14,SBUX,7.47,7.65,7.66,7.44,7.61,2408210,93114636.5304,7.5,0.61,396140000,396140000.0,12194772492.35,15243460000.0
2004-04-13,SBUX,7.61,7.62,7.65,7.56,7.59,1850329,72517899.8835,7.6,0.47,396140000,396140000.0,12422949449.26,15528680000.0
2004-04-09,SBUX,7.59,7.58,7.65,7.53,7.61,2436662,95273947.1658,7.59,0.62,396140000,396140000.0,12403935363.09,15504920000.0
2004-04-08,SBUX,7.61,7.71,7.72,7.57,7.7,3545473,139541272.6901,7.64,0.9,396140000,396140000.0,12432456492.35,15540570000.0
2004-04-07,SBUX,7.7,7.61,7.74,7.59,7.7,2611624,103577258.5559,7.69,0.66,396140000,396140000.0,12581405449.26,15726750000.0
2004-04-06,SBUX,7.7,7.64,7.7,7.57,7.62,2176413,85466419.6037,7.62,0.55,396140000,396140000.0,12581405449.26,15726750000.0
2004-04-03,SBUX,7.62,7.51,7.69,7.46,7.42,3509971,137029941.7544,7.57,0.89,396140000,396140000.0,12454637797.06,15568300000.0
2004-04-02,SBUX,7.42,7.4,7.45,7.31,7.35,3363736,127692420.4354,7.36,0.85,396140000,396140000.0,12115544492.35,15144430000.0
2004-04-01,SBUX,7.35,7.43,7.44,7.31,7.38,2356518,89329458.6506,7.35,0.59,396140000,396140000.0,12001455855.44,15001820000.0
2004-03-31,SBUX,7.38,7.3,7.39,7.23,7.31,2988447,112792946.1557,7.32,0.75,396140000,396140000.0,12052163043.09,15065200000.0
2004-03-30,SBUX,7.31,7.18,7.33,7.16,7.14,2489715,93455187.0975,7.28,0.63,396140000,396140000.0,11938074406.18,14922590000.0
2004-03-27,SBUX,7.14,7.21,7.24,7.14,7.23,2654749,98335086.0041,7.19,0.67,396140000,396140000.0,11668697304.7,14585870000.0
2004-03-26,SBUX,7.23,7.2,7.26,7.14,7.17,2475741,91841546.3474,7.2,0.62,396140000,396140000.0,11817646261.62,14772050000.0
2004-03-25,SBUX,7.17,7.12,7.26,7.11,7.14,4076479,151085314.1568,7.19,1.03,396140000,396140000.0,11719404492.35,14649250000.0
2004-03-24,SBUX,7.14,7.22,7.25,7.11,7.22,3761006,138659264.8056,7.15,0.95,396140000,396140000.0,11662357797.06,14577950000.0
2004-03-23,SBUX,7.22,7.08,7.23,7.08,7.14,4483887,165907379.2063,7.18,1.13,396140000,396140000.0,11789125449.26,14736400000.0
2004-03-20,SBUX,7.14,7.16,7.22,7.13,7.19,3706606,136863046.1253,7.16,0.94,396140000,396140000.0,11659190261.62,14573980000.0
2004-03-19,SBUX,7.19,7.26,7.27,7.16,7.25,3039325,112809990.8061,7.2,0.77,396140000,396140000.0,11744758086.18,14680950000.0
2004-03-18,SBUX,7.25,7.3,7.31,7.23,7.25,2452139,91837240.0927,7.27,0.62,396140000,396140000.0,11839827566.32,14799780000.0
2004-03-17,SBUX,7.25,7.25,7.3,7.21,7.18,2811436,105169613.1093,7.26,0.71,396140000,396140000.0,11846167390.88,14807710000.0
2004-03-16,SBUX,7.18,7.26,7.33,7.17,7.29,3784238,141357538.818,7.25,0.96,396140000,396140000.0,11732078753.97,14665100000.0
2004-03-13,SBUX,7.29,7.31,7.37,7.25,7.3,3179715,119734349.6095,7.31,0.8,396140000,396140000.0,11915888347.79,14894860000.0
2004-03-12,SBUX,7.3,7.29,7.41,7.29,7.34,2848020,107949327.9858,7.35,0.72,396140000,396140000.0,11925395390.88,14906740000.0
2004-03-11,SBUX,7.34,7.35,7.44,7.27,7.28,4196676,159175283.353,7.36,1.06,396140000,396140000.0,11988776840.14,14985960000.0
2004-03-10,SBUX,7.28,7.25,7.35,7.22,7.27,2808432,105491128.804,7.29,0.71,396140000,396140000.0,11893707043.09,14867130000.0
2004-03-09,SBUX,7.27,7.36,7.44,7.25,7.38,3580527,135343168.6893,7.33,0.9,396140000,396140000.0,11871520667.79,14839400000.0
2004-03-06,SBUX,7.38,7.34,7.52,7.31,7.36,3557610,135787890.1869,7.41,0.9,396140000,396140000.0,12048990753.97,15061230000.0
2004-03-05,SBUX,7.36,7.3,7.43,7.29,7.34,1848790,70142702.5053,7.36,0.47,396140000,396140000.0,12020469941.62,15025590000.0
2004-03-04,SBUX,7.34,7.25,7.37,7.23,7.25,3009372,113479767.7518,7.32,0.76,396140000,396140000.0,11982442086.18,14978050000.0
2004-03-03,SBUX,7.25,7.33,7.34,7.22,7.34,2762071,103472974.485,7.27,0.7,396140000,396140000.0,11849339363.09,14811670000.0
2004-03-02,SBUX,7.34,7.34,7.36,7.22,7.26,3288961,123503106.8519,7.29,0.83,396140000,396140000.0,11988776840.14,14985960000.0
2004-02-28,SBUX,7.26,7.23,7.36,7.2,7.26,4438316,166582391.2583,7.28,1.12,396140000,396140000.0,12889601252.15,14815630000.0
2004-02-27,SBUX,7.26,7.2,7.3,7.13,7.56,8358578,311706368.9089,7.24,2.11,396140000,396140000.0,12893045602.3,14819590000.0
2004-02-26,SBUX,7.56,7.62,7.7,7.49,7.54,4485457,175474208.689,7.59,1.13,396140000,396140000.0,13423797076.07,15429650000.0
2004-02-25,SBUX,7.54,7.36,7.6,7.35,7.33,4824570,186659684.786,7.51,1.22,396140000,396140000.0,13392775178.37,15393990000.0
2004-02-24,SBUX,7.33,7.3,7.43,7.27,7.33,3030660,114437706.4467,7.33,0.77,396140000,396140000.0,13024011209.51,14970130000.0
2004-02-21,SBUX,7.33,7.43,7.47,7.31,7.38,3026026,114812836.9745,7.36,0.76,396140000,396140000.0,13017116994.94,14962200000.0
2004-02-20,SBUX,7.38,7.41,7.48,7.35,7.37,3359408,128486233.0001,7.42,0.85,396140000,396140000.0,13113616354.3,15073120000.0
2004-02-19,SBUX,7.37,7.44,7.47,7.3,7.52,3305638,125589428.5755,7.37,0.83,396140000,396140000.0,13089494185.43,15045390000.0
2004-02-18,SBUX,7.52,7.08,7.59,7.08,7.12,7255836,278222056.5272,7.44,1.83,396140000,396140000.0,13354869750.0,15350420000.0
2004-02-14,SBUX,7.12,7.14,7.22,7.07,7.17,3372502,123967393.0516,7.13,0.85,396140000,396140000.0,12648353026.07,14538330000.0
2004-02-13,SBUX,7.17,7.23,7.24,7.14,7.25,2155826,79841848.0588,7.19,0.54,396140000,396140000.0,12744852385.43,14649250000.0
2004-02-12,SBUX,7.25,7.17,7.26,7.11,7.16,2311606,85732133.665,7.2,0.58,396140000,396140000.0,12879262342.79,14803750000.0
2004-02-11,SBUX,7.16,7.13,7.2,7.11,7.15,2249474,82940121.9087,7.15,0.57,396140000,396140000.0,12724174566.72,14625480000.0
2004-02-10,SBUX,7.15,7.19,7.25,7.14,7.23,1890924,69993850.9248,7.18,0.48,396140000,396140000.0,12693153013.66,14589830000.0
2004-02-07,SBUX,7.23,7.12,7.24,7.12,7.13,2509712,93137139.0019,7.2,0.63,396140000,396140000.0,12837907050.0,14756210000.0
2004-02-06,SBUX,7.13,7.13,7.21,7.1,7.15,2648921,97695615.6413,7.16,0.67,396140000,396140000.0,12669030844.79,14562100000.0
2004-02-05,SBUX,7.15,7.07,7.18,7.02,7.08,3207236,117598426.6887,7.11,0.81,396140000,396140000.0,12703491578.37,14601710000.0
2004-02-04,SBUX,7.08,6.99,7.12,6.98,7.03,2430600,88587093.807,7.07,0.61,396140000,396140000.0,12569081621.01,14447220000.0
2004-02-03,SBUX,7.03,7.14,7.16,6.99,7.1,3144749,114582043.1165,7.07,0.79,396140000,396140000.0,12486371035.43,14352150000.0
2004-01-31,SBUX,7.1,7.06,7.14,6.99,7.08,4774508,173802556.9215,7.06,1.21,393890880,393891000.0,12545695111.34,14420340000.0
2004-01-30,SBUX,7.08,6.98,7.11,6.93,6.88,4390730,159512551.3362,7.05,1.11,393890880,393891000.0,12501149822.35,14369130000.0
2004-01-29,SBUX,6.88,6.98,7.02,6.84,6.92,4529438,162093629.8157,6.94,1.15,393890880,393891000.0,12151609342.01,13967360000.0
2004-01-28,SBUX,6.92,7.03,7.07,6.91,7.05,3661140,131932434.6535,6.99,0.93,393890880,393891000.0,12227000741.81,14054020000.0
2004-01-27,SBUX,7.05,6.93,7.05,6.87,6.96,2791158,99987351.5889,6.95,0.71,393890880,393891000.0,12453173913.16,14313990000.0
2004-01-24,SBUX,6.96,6.98,7.01,6.92,6.93,2674641,95967969.9316,6.96,0.68,393890880,393891000.0,12295536726.88,14132800000.0
2004-01-23,SBUX,6.93,6.87,7.02,6.85,6.79,5041660,180545837.5947,6.95,1.28,393890880,393891000.0,12244136023.15,14073710000.0
2004-01-22,SBUX,6.79,6.74,6.85,6.71,6.76,2710655,94792933.571,6.78,0.69,393890880,393891000.0,11993977296.0,13786180000.0
2004-01-21,SBUX,6.76,6.69,6.79,6.65,6.71,3420193,118874618.6229,6.74,0.87,393890880,393891000.0,11935716379.94,13719210000.0
2004-01-17,SBUX,6.71,6.58,6.72,6.58,6.58,3238807,111373478.1599,6.67,0.82,393890880,393891000.0,11843195181.77,13612860000.0
2004-01-16,SBUX,6.58,6.52,6.65,6.46,6.52,3312960,112349059.7645,6.58,0.84,393890880,393891000.0,11630726671.56,13368650000.0
2004-01-15,SBUX,6.52,6.42,6.57,6.42,6.42,2315311,77894445.5668,6.53,0.59,393890880,393891000.0,11524495329.28,13246540000.0
2004-01-14,SBUX,6.42,6.46,6.47,6.39,6.47,2460381,81524224.9777,6.43,0.62,393890880,393891000.0,11346297381.74,13041720000.0
2004-01-13,SBUX,6.47,6.41,6.49,6.39,6.42,2226092,73965455.0906,6.45,0.57,393890880,393891000.0,11431968648.14,13140190000.0
2004-01-10,SBUX,6.42,6.44,6.52,6.42,6.48,2580162,85781095.3366,6.45,0.66,393890880,393891000.0,11342872587.19,13037780000.0
2004-01-09,SBUX,6.48,6.41,6.52,6.4,6.53,3285931,109499681.1704,6.47,0.83,393890880,393891000.0,11438824062.88,13148070000.0
2004-01-08,SBUX,6.53,6.53,6.6,6.48,6.56,2422529,81470587.7887,6.52,0.62,393890880,393891000.0,11541630610.61,13266240000.0
2004-01-07,SBUX,6.56,6.68,6.69,6.53,6.48,4818434,163539061.7612,6.58,1.22,393890880,393891000.0,11589606177.11,13321380000.0
2004-01-06,SBUX,6.48,6.41,6.5,6.39,6.38,3478323,115596496.1099,6.45,0.88,393890880,393891000.0,11449103929.48,13159890000.0
2004-01-03,SBUX,6.38,6.49,6.53,6.38,6.43,3295267,109943937.3556,6.47,0.84,393890880,393891000.0,11277761396.68,12962940000.0
2004-01-01,SBUX,6.43,6.4,6.49,6.37,6.35,2883159,95619071.5726,6.43,0.73,393890880,393891000.0,11363432663.08,13061410000.0
2003-12-31,SBUX,6.35,6.28,6.39,6.25,6.27,2209916,71999034.5511,6.32,0.56,393890880,393891000.0,11209225411.61,12884160000.0
2003-12-30,SBUX,6.27,6.22,6.3,6.19,6.2,1731484,55771271.0569,6.25,0.44,393890880,393891000.0,11068723506.66,12722670000.0
2003-12-27,SBUX,6.2,6.19,6.22,6.16,6.18,601796,19202642.3664,6.19,0.15,393890880,393891000.0,10945356540.36,12580870000.0
2003-12-25,SBUX,6.18,6.25,6.25,6.16,6.22,819016,26104573.1365,6.18,0.21,393890880,393891000.0,10914516255.19,12545420000.0
2003-12-24,SBUX,6.22,6.21,6.27,6.15,6.21,2466929,79002145.5581,6.21,0.63,393890880,393891000.0,10993332449.54,12636010000.0
2003-12-23,SBUX,6.21,6.25,6.25,6.11,6.23,3160332,100404967.5282,6.16,0.8,393890880,393891000.0,10965922099.2,12604510000.0
2003-12-20,SBUX,6.23,6.3,6.32,6.16,6.27,3399403,109331922.2293,6.24,0.86,393890880,393891000.0,10996762384.36,12639950000.0
2003-12-19,SBUX,6.27,6.15,6.28,6.15,6.16,2392288,76858933.6604,6.23,0.61,393890880,393891000.0,11079003715.94,12734480000.0
2003-12-18,SBUX,6.16,6.22,6.24,6.11,6.21,1897207,60319784.1803,6.17,0.48,393890880,393891000.0,10887100764.58,12513910000.0
2003-12-17,SBUX,6.21,6.11,6.25,6.1,6.12,3036164,96513842.3421,6.17,0.78,391085920,391086000.0,10887832012.8,12514750000.0
2003-12-16,SBUX,6.12,6.22,6.29,6.1,6.16,2787387,89099368.9955,6.2,0.71,391085920,391086000.0,10724510789.92,12327020000.0
2003-12-13,SBUX,6.16,6.28,6.28,6.13,6.25,2005776,63835622.3868,6.17,0.51,391085920,391086000.0,10795964569.21,12409150000.0
2003-12-12,SBUX,6.25,6.14,6.3,6.12,6.15,2177817,69999158.8098,6.24,0.56,391085920,391086000.0,10952474092.19,12589050000.0
2003-12-11,SBUX,6.15,6.16,6.19,6.11,6.14,1735831,54947199.1407,6.14,0.44,391085920,391086000.0,10789157972.98,12401330000.0
2003-12-10,SBUX,6.14,6.3,6.32,6.14,6.27,2029457,64896949.0408,6.2,0.52,391085920,391086000.0,10772144714.73,12381770000.0
2003-12-09,SBUX,6.27,6.17,6.28,6.15,6.18,1841440,59156626.4466,6.23,0.47,391085920,391086000.0,10996707610.97,12639890000.0
2003-12-06,SBUX,6.18,6.17,6.24,6.14,6.21,2641546,84254743.2914,6.19,0.68,391085920,391086000.0,10833391491.76,12452170000.0
2003-12-05,SBUX,6.21,6.17,6.24,6.11,6.2,2320504,73881582.4109,6.18,0.59,391085920,391086000.0,10891232759.08,12518650000.0
2003-12-04,SBUX,6.2,6.2,6.34,6.17,6.22,3298920,106517475.3228,6.26,0.84,391085920,391086000.0,10870818754.55,12495190000.0
2003-12-03,SBUX,6.22,6.28,6.29,6.21,6.29,2780972,89461360.8033,6.24,0.71,391085920,391086000.0,10904840167.38,12534300000.0
2003-12-02,SBUX,6.29,6.22,6.35,6.21,6.24,2131627,69075566.9131,6.29,0.55,391085920,391086000.0,11034134873.76,12682910000.0
2003-11-29,SBUX,6.24,6.21,6.29,6.21,6.22,1028997,33142540.4262,6.25,0.26,391085920,391086000.0,11071485272.52,12581230000.0
2003-11-27,SBUX,6.22,6.25,6.29,6.14,6.11,2766235,88737491.0193,6.22,0.71,391085920,391086000.0,11040507481.95,12546030000.0
2003-11-26,SBUX,6.11,6.08,6.16,5.97,6.03,3172723,99627937.6668,6.09,0.81,391085920,391086000.0,10844341537.72,12323110000.0
2003-11-25,SBUX,6.03,5.94,6.08,5.9,5.92,2616320,80909664.6042,6.0,0.67,391085920,391086000.0,10703236361.16,12162770000.0
2003-11-22,SBUX,5.92,6.11,6.11,5.84,5.91,2527443,76753111.0053,5.89,0.65,391085920,391086000.0,10500185928.12,11932020000.0
2003-11-21,SBUX,5.91,5.9,5.96,5.83,5.96,3190275,97292192.825,5.92,0.82,391085920,391086000.0,10482976771.02,11912470000.0
2003-11-20,SBUX,5.96,6.0,6.07,5.82,6.01,4036194,124483847.3305,5.98,1.03,391085920,391086000.0,10565576182.25,12006340000.0
2003-11-19,SBUX,6.01,6.19,6.21,5.99,6.15,3485295,109007794.2146,6.07,0.89,391085920,391086000.0,10658494411.13,12111920000.0
2003-11-18,SBUX,6.15,6.25,6.3,6.06,6.22,3552449,112711387.8298,6.16,0.91,391085920,391086000.0,10913171283.02,12401330000.0
2003-11-15,SBUX,6.22,6.31,6.32,6.19,6.4,4951301,159537800.5284,6.25,1.27,391085920,391086000.0,11036033114.86,12540950000.0
2003-11-14,SBUX,6.4,6.3,6.41,6.26,6.32,4332852,141999679.027,6.36,1.11,391085920,391086000.0,11357135116.8,12905830000.0
2003-11-13,SBUX,6.32,6.23,6.33,6.19,6.21,2005248,64619497.7971,6.25,0.51,391085920,391086000.0,11216029940.24,12745480000.0
2003-11-12,SBUX,6.21,6.21,6.26,6.17,6.22,1470682,47031664.7242,6.2,0.38,391085920,391086000.0,11009534509.55,12510830000.0
2003-11-11,SBUX,6.22,6.29,6.35,6.21,6.31,1699910,54770064.9548,6.25,0.43,391085920,391086000.0,11040507481.95,12546030000.0
2003-11-08,SBUX,6.31,6.31,6.38,6.28,6.31,2843599,92606885.79,6.32,0.73,391085920,391086000.0,11195381636.13,12722020000.0
2003-11-07,SBUX,6.31,6.25,6.32,6.19,6.23,3034536,98069187.6728,6.27,0.78,391085920,391086000.0,11191936638.48,12718110000.0
2003-11-06,SBUX,6.23,6.12,6.26,6.08,6.12,2623620,83705793.2723,6.19,0.67,391085920,391086000.0,11057716294.89,12565580000.0
2003-11-05,SBUX,6.12,6.11,6.2,6.1,6.15,2358839,74706299.3305,6.14,0.6,391085920,391086000.0,10864989841.83,12346570000.0
2003-11-04,SBUX,6.15,6.08,6.21,6.08,6.13,2649877,84317207.3772,6.17,0.68,391085920,391086000.0,10913171283.02,12401330000.0
2003-11-01,SBUX,6.13,6.12,6.19,6.09,6.1,2250993,71291624.7407,6.14,0.58,391085920,391086000.0,10875314165.96,12358310000.0
2003-10-31,SBUX,6.1,6.17,6.21,6.07,6.03,3568349,112765516.3483,6.13,0.91,391085920,391086000.0,10820247891.8,12295730000.0
2003-10-30,SBUX,6.03,6.03,6.11,5.99,6.01,4420605,137932579.228,6.05,1.13,391085920,391086000.0,10703236361.16,12162770000.0
2003-10-29,SBUX,6.01,5.87,6.03,5.83,5.82,3271576,100071607.9169,5.93,0.84,391085920,391086000.0,10668823897.6,12123660000.0
2003-10-28,SBUX,5.82,5.91,5.92,5.8,5.87,1645436,49507549.2808,5.84,0.42,391085920,391086000.0,10328108123.32,11736480000.0
2003-10-25,SBUX,5.87,5.8,5.89,5.75,5.82,2248883,67354931.9099,5.81,0.58,391085920,391086000.0,10421031514.53,11842080000.0
2003-10-24,SBUX,5.82,5.8,5.89,5.79,5.8,2028282,61032824.749,5.84,0.52,391085920,391086000.0,10331547614.48,11740390000.0
2003-10-23,SBUX,5.8,5.81,5.83,5.74,5.82,2191737,65475067.868,5.8,0.56,391085920,391086000.0,10297135150.92,11701290000.0
2003-10-22,SBUX,5.82,5.82,5.87,5.79,5.86,1864767,55965545.7092,5.82,0.48,391085920,391086000.0,10321223290.35,11728660000.0
2003-10-21,SBUX,5.86,5.8,5.89,5.79,5.83,2193970,66010826.6504,5.84,0.56,391085920,391086000.0,10390053379.8,11806880000.0
2003-10-18,SBUX,5.83,5.91,5.93,5.81,5.91,2043569,61590300.4891,5.85,0.52,391085920,391086000.0,10345316936.26,11756040000.0
2003-10-17,SBUX,5.91,5.85,5.93,5.82,5.87,2118078,64233877.6405,5.88,0.54,391085920,391086000.0,10476092282.2,11904650000.0
2003-10-16,SBUX,5.87,5.88,5.94,5.83,5.89,2573423,77781177.4764,5.86,0.66,391085920,391086000.0,10410707190.4,11830350000.0
2003-10-15,SBUX,5.89,5.89,5.91,5.85,5.9,1196320,36255783.9814,5.88,0.31,391085920,391086000.0,10448559145.12,11873360000.0
2003-10-14,SBUX,5.9,5.88,5.95,5.84,5.86,1461744,44439195.5986,5.9,0.37,391085920,391086000.0,10458888631.59,11885100000.0
2003-10-11,SBUX,5.86,5.85,5.91,5.81,5.86,1254562,37863801.4839,5.86,0.32,391085920,391086000.0,10390053379.8,11806880000.0
2003-10-10,SBUX,5.86,5.89,5.99,5.82,5.8,2907509,88419090.2879,5.9,0.74,391085920,391086000.0,10396937868.62,11814700000.0
2003-10-09,SBUX,5.8,5.88,5.88,5.8,5.88,2326927,69779158.5478,5.82,0.59,391085920,391086000.0,10293690153.27,11697370000.0
2003-10-08,SBUX,5.88,5.83,5.88,5.81,5.83,2421241,72755381.7183,5.83,0.62,391085920,391086000.0,10424471005.69,11845980000.0
2003-10-07,SBUX,5.83,5.85,5.85,5.78,5.86,2169302,65077736.7258,5.82,0.55,391085920,391086000.0,10338432103.29,11748210000.0
2003-10-04,SBUX,5.86,5.88,5.97,5.82,5.71,3937925,119143444.852,5.87,1.01,391085920,391086000.0,10400377703.93,11818610000.0
2003-10-03,SBUX,5.71,5.67,5.76,5.65,5.68,2923815,85825946.1962,5.7,0.75,391085920,391086000.0,10128497181.44,11509650000.0
2003-10-02,SBUX,5.68,5.63,5.71,5.59,5.59,3182004,93050992.9516,5.67,0.81,391085920,391086000.0,10083755231.41,11458810000.0
2003-10-01,SBUX,5.59,5.62,5.64,5.54,5.67,4107945,118427486.3152,5.59,1.05,391085920,391086000.0,9911677426.61,11263270000.0
2003-09-30,SBUX,5.67,5.77,5.77,5.6,5.74,4593281,133812812.5166,5.65,1.17,391085920,391086000.0,10063106583.15,11435350000.0
2003-09-27,SBUX,5.74,5.77,5.8,5.69,5.82,4041396,119768354.6872,5.75,1.03,391085920,391086000.0,10176678622.63,11564400000.0
2003-09-26,SBUX,5.82,5.85,5.86,5.79,5.84,5155902,154599174.9444,5.82,1.32,391085920,391086000.0,10317783799.19,11724750000.0
2003-09-25,SBUX,5.84,5.83,6.0,5.79,5.86,5684938,172330322.5835,5.88,1.45,391085920,391086000.0,10359080751.56,11771680000.0
2003-09-24,SBUX,5.86,5.63,5.91,5.61,5.64,8135113,244020743.7915,5.82,2.08,391085920,391086000.0,10390053379.8,11806880000.0
2003-09-23,SBUX,5.64,5.62,5.66,5.57,5.66,2220770,64251062.2515,5.61,0.57,391085920,391086000.0,10008040653.15,11372770000.0
2003-09-20,SBUX,5.66,5.73,5.82,5.62,5.74,3270878,95738913.0643,5.68,0.84,391085920,391086000.0,10045897770.2,11415790000.0
2003-09-19,SBUX,5.74,5.64,5.77,5.6,5.65,3381742,99568967.8802,5.71,0.86,391085920,391086000.0,10180118457.95,11568310000.0
2003-09-18,SBUX,5.65,5.7,5.72,5.62,5.71,2506561,73073008.3319,5.66,0.64,391085920,391086000.0,10018364633.12,11384500000.0
2003-09-17,SBUX,5.71,5.61,5.73,5.61,5.6,2567116,75200839.3924,5.68,0.66,391085920,391086000.0,10121612348.47,11501830000.0
2003-09-16,SBUX,5.6,5.66,5.66,5.6,5.66,2422965,70188900.7915,5.62,0.62,391085920,391086000.0,9935770728.37,11290640000.0
2003-09-13,SBUX,5.66,5.61,5.67,5.59,5.64,1952283,56595682.6488,5.62,0.5,391085920,391086000.0,10035573446.07,11404060000.0
2003-09-12,SBUX,5.64,5.54,5.7,5.53,5.53,3724349,108249294.9193,5.64,0.95,391085920,391086000.0,9997716329.01,11361040000.0
2003-09-11,SBUX,5.53,5.58,5.63,5.52,5.6,3656228,105072314.6412,5.58,0.93,391085920,391086000.0,9815314200.08,11153760000.0
2003-09-10,SBUX,5.6,5.61,5.65,5.59,5.62,3135012,90744477.306,5.62,0.8,391085920,391086000.0,9939210563.69,11294550000.0
2003-09-09,SBUX,5.62,5.57,5.72,5.57,5.59,4496043,130824933.0291,5.65,1.15,391085920,391086000.0,9977067680.75,11337570000.0
2003-09-06,SBUX,5.59,5.62,5.66,5.54,5.66,3171154,91437346.1822,5.59,0.81,391085920,391086000.0,9915122424.26,11267180000.0
2003-09-05,SBUX,5.66,5.59,5.68,5.57,5.62,3315789,96530565.7362,5.65,0.85,391085920,391086000.0,10045897770.2,11415790000.0
2003-09-04,SBUX,5.62,5.62,5.7,5.53,5.58,3613898,104610757.3291,5.62,0.92,391085920,391086000.0,9966743356.62,11325840000.0
2003-09-03,SBUX,5.58,5.45,5.6,5.44,5.51,3585656,102137744.626,5.53,0.92,391085920,391086000.0,9894473776.0,11243720000.0
2003-08-30,SBUX,5.51,5.44,5.54,5.38,5.36,4409301,124556095.2055,5.48,1.13,391085920,391086000.0,9659548123.61,11102930000.0
2003-08-29,SBUX,5.36,5.3,5.39,5.24,5.26,2866096,78727638.8534,5.33,0.73,391085920,391086000.0,9404364560.81,10809610000.0
2003-08-28,SBUX,5.26,5.24,5.29,5.21,5.26,1588623,43008134.3777,5.25,0.41,391085920,391086000.0,9227435929.62,10606250000.0
2003-08-27,SBUX,5.26,5.24,5.27,5.14,5.27,2588946,69584877.659,5.21,0.66,391085920,391086000.0,9220629673.64,10598420000.0
2003-08-26,SBUX,5.27,5.15,5.28,5.15,5.2,1641982,44362077.9189,5.24,0.42,391085920,391086000.0,9247849934.16,10629710000.0
2003-08-23,SBUX,5.2,5.29,5.32,5.18,5.26,2283322,61577052.3939,5.23,0.58,391085920,391086000.0,9118555227.78,10481090000.0
2003-08-22,SBUX,5.26,5.28,5.29,5.21,5.26,1638869,44450221.1748,5.26,0.42,391085920,391086000.0,9230836675.9,10610150000.0
2003-08-21,SBUX,5.26,5.24,5.28,5.22,5.24,1777909,48168867.2021,5.26,0.45,391085920,391086000.0,9230836675.9,10610150000.0
2003-08-20,SBUX,5.24,5.32,5.32,5.2,5.28,1875225,50668388.227,5.24,0.48,391085920,391086000.0,9196815263.07,10571050000.0
2003-08-19,SBUX,5.28,5.24,5.29,5.22,5.22,1679468,45599724.3932,5.27,0.43,391085920,391086000.0,9264863192.41,10649270000.0
2003-08-16,SBUX,5.22,5.22,5.3,5.18,5.23,1032707,27875856.9529,5.24,0.26,391085920,391086000.0,9149180998.01,10516300000.0
2003-08-15,SBUX,5.23,5.15,5.27,5.1,5.14,2300148,61710870.8049,5.21,0.59,391085920,391086000.0,9169595002.55,10539760000.0
2003-08-14,SBUX,5.14,5.18,5.2,5.12,5.17,1996381,52954604.9393,5.15,0.51,391085920,391086000.0,9019886631.88,10367680000.0
2003-08-13,SBUX,5.17,5.1,5.18,5.09,5.12,1459422,38706483.8054,5.15,0.37,391085920,391086000.0,9067520556.69,10422430000.0
2003-08-12,SBUX,5.12,5.06,5.18,5.05,5.08,2178320,57581259.9678,5.13,0.56,391085920,391086000.0,8985859775.13,10328570000.0
2003-08-09,SBUX,5.08,5.05,5.15,5.04,5.07,2119128,55645315.4286,5.09,0.54,391085920,391086000.0,8907605183.76,10238630000.0
2003-08-08,SBUX,5.07,5.06,5.14,5.04,5.07,2357373,61798740.6438,5.09,0.6,391085920,391086000.0,8887191179.22,10215160000.0
2003-08-07,SBUX,5.07,5.09,5.19,5.05,5.1,2905774,76599663.4168,5.11,0.74,391085920,391086000.0,8890591925.5,10219070000.0
2003-08-06,SBUX,5.1,5.25,5.27,5.09,5.23,3520173,93429612.1074,5.15,0.9,390532960,390533000.0,8935780580.6,10271010000.0
2003-08-05,SBUX,5.23,5.24,5.32,5.09,5.26,3329026,89073746.6452,5.19,0.85,390532960,390533000.0,9156630027.35,10524860000.0
2003-08-02,SBUX,5.26,5.32,5.34,5.21,5.3,3591311,97427189.3162,5.26,0.92,390532960,390533000.0,9210988138.22,10587340000.0
2003-08-01,SBUX,5.3,5.25,5.39,5.21,5.21,5587797,153473856.8589,5.33,1.43,390532960,390533000.0,9285736826.29,10673260000.0
2003-07-31,SBUX,5.21,5.2,5.3,5.15,5.12,2848435,76330897.0344,5.2,0.73,390532960,390533000.0,9129448253.81,10493610000.0
2003-07-30,SBUX,5.12,5.19,5.21,5.06,5.16,2981664,78818188.7485,5.13,0.76,390532960,390533000.0,8962962354.14,10302250000.0
2003-07-29,SBUX,5.16,5.21,5.22,5.1,5.18,1987013,52767117.228,5.15,0.51,390532960,390533000.0,9041106300.62,10392070000.0
2003-07-26,SBUX,5.18,5.05,5.21,5.02,5.12,3457478,91050598.2708,5.11,0.89,390532960,390533000.0,9071689108.55,10427230000.0
2003-07-25,SBUX,5.12,5.28,5.29,5.11,5.21,3808617,102095649.7157,5.2,0.98,390532960,390533000.0,8966363048.76,10306160000.0
2003-07-24,SBUX,5.21,5.2,5.24,5.12,5.22,2394733,63960923.697,5.18,0.61,390532960,390533000.0,9119255683.31,10481900000.0
2003-07-23,SBUX,5.22,5.15,5.33,5.11,5.18,3764157,101321278.2261,5.22,0.96,390532960,390533000.0,9136244886.36,10501430000.0
2003-07-22,SBUX,5.18,5.11,5.19,5.06,5.17,3189888,84395163.4756,5.13,0.82,390532960,390533000.0,9071689108.55,10427230000.0
2003-07-19,SBUX,5.17,5.16,5.2,5.06,5.11,2992005,79388346.7155,5.15,0.77,390532960,390533000.0,9051303967.56,10403790000.0
2003-07-18,SBUX,5.11,5.18,5.23,5.09,5.22,2870784,76132330.4448,5.15,0.74,390532960,390533000.0,8945973151.09,10282720000.0
2003-07-17,SBUX,5.22,5.14,5.24,5.12,5.14,3384922,90405143.2961,5.18,0.87,390532960,390533000.0,9146437456.86,10513140000.0
2003-07-16,SBUX,5.14,5.26,5.29,5.12,5.21,3246182,86416273.4191,5.16,0.83,390532960,390533000.0,8996940760.24,10341310000.0
2003-07-15,SBUX,5.21,5.24,5.33,5.19,5.21,3231736,87591014.112,5.26,0.83,390532960,390533000.0,9115854988.69,10477990000.0
2003-07-12,SBUX,5.21,5.18,5.24,5.15,5.17,1950324,52317228.7147,5.2,0.5,390532960,390533000.0,9122651621.25,10485800000.0
2003-07-11,SBUX,5.17,5.21,5.26,5.09,5.26,3185899,84939533.5981,5.17,0.82,390532960,390533000.0,9061496538.06,10415510000.0
2003-07-10,SBUX,5.26,5.27,5.3,5.22,5.3,2562807,69303408.9544,5.25,0.66,390532960,390533000.0,9217785110.54,10595150000.0
2003-07-09,SBUX,5.3,5.26,5.32,5.18,5.29,3572483,96629574.0665,5.25,0.91,390532960,390533000.0,9282340888.35,10669360000.0
2003-07-08,SBUX,5.29,5.23,5.3,5.19,5.14,3672317,99505468.6637,5.26,0.94,390532960,390533000.0,9268752719.69,10653730000.0
2003-07-04,SBUX,5.14,5.12,5.29,5.12,5.23,2922554,78682731.8625,5.22,0.75,390532960,390533000.0,9003737392.8,10349120000.0
2003-07-03,SBUX,5.23,5.05,5.26,5.02,4.91,12921086,344251248.3371,5.17,3.31,390532960,390533000.0,9163421563.45,10532660000.0
2003-07-02,SBUX,4.91,4.84,4.98,4.81,4.76,7722285,194864803.8065,4.9,1.98,390532960,390533000.0,8606209475.89,9892191000.0
2003-07-01,SBUX,4.76,4.69,4.87,4.68,4.76,3856366,94709634.0783,4.76,0.99,390532960,390533000.0,8341194149.0,9587578000.0
2003-06-28,SBUX,4.76,4.7,4.81,4.7,4.74,3413594,83684256.91,4.76,0.87,390532960,390533000.0,8341194149.0,9587578000.0
2003-06-27,SBUX,4.74,4.72,4.75,4.65,4.67,2645153,64356538.103,4.72,0.68,390532960,390533000.0,8307220839.35,9548527000.0
2003-06-26,SBUX,4.67,4.69,4.73,4.66,4.67,3279458,79287115.0024,4.69,0.84,390532960,390533000.0,8184905576.51,9407934000.0
2003-06-25,SBUX,4.67,4.7,4.71,4.65,4.67,2820203,68012827.7665,4.68,0.72,390532960,390533000.0,8171312311.4,9392309000.0
2003-06-24,SBUX,4.67,4.7,4.73,4.61,4.66,2596972,62129947.7401,4.64,0.66,390532960,390533000.0,8181504881.89,9404023000.0
2003-06-21,SBUX,4.66,4.75,4.77,4.65,4.69,4061080,98046617.8903,4.68,1.04,390532960,390533000.0,8161119740.9,9380594000.0
2003-06-20,SBUX,4.69,4.71,4.73,4.65,4.69,2516604,60949118.8888,4.7,0.64,390532960,390533000.0,8212087350.06,9439180000.0
2003-06-19,SBUX,4.69,4.73,4.73,4.65,4.74,4969539,120054605.2073,4.69,1.27,390532960,390533000.0,8208686315.67,9435270000.0
2003-06-18,SBUX,4.74,4.83,4.83,4.69,4.8,3912807,95456409.1632,4.73,1.0,390532960,390533000.0,8307220839.35,9548527000.0
2003-06-17,SBUX,4.8,4.65,4.84,4.65,4.65,3997913,98629669.1069,4.79,1.02,390532960,390533000.0,8412546899.13,9669590000.0
2003-06-14,SBUX,4.65,4.7,4.71,4.65,4.69,3154297,75849446.3749,4.67,0.81,390532960,390533000.0,8147531572.24,9364977000.0
2003-06-13,SBUX,4.69,4.73,4.75,4.65,4.72,2931128,70714896.3216,4.68,0.75,390532960,390533000.0,8208686315.67,9435270000.0
2003-06-12,SBUX,4.72,4.71,4.74,4.66,4.73,2903993,70287346.3342,4.7,0.74,390532960,390533000.0,8269846495.31,9505566000.0
2003-06-11,SBUX,4.73,4.78,4.78,4.68,4.72,2256545,54756165.619,4.71,0.58,390532960,390533000.0,8290231636.3,9529000000.0
2003-06-10,SBUX,4.72,4.72,4.76,4.67,4.75,2460437,59839048.2168,4.72,0.63,390532960,390533000.0,8266445800.69,9501660000.0
2003-06-07,SBUX,4.75,4.83,4.94,4.71,4.78,5548758,138180132.3057,4.83,1.42,390532960,390533000.0,8317413409.84,9560242000.0
2003-06-06,SBUX,4.78,4.68,4.8,4.65,4.73,3497283,85400496.3107,4.74,0.9,390532960,390533000.0,8371776617.16,9622727000.0
2003-06-05,SBUX,4.73,4.73,4.76,4.68,4.74,2643936,64376914.7628,4.72,0.68,390532960,390533000.0,8280039065.81,9517281000.0
2003-06-04,SBUX,4.74,4.73,4.85,4.68,4.75,2314861,56260597.0261,4.72,0.59,390532960,390533000.0,8297028268.86,9536813000.0
2003-06-03,SBUX,4.75,4.76,4.81,4.68,4.79,3525911,86458151.397,4.76,0.9,390532960,390533000.0,8320809008.01,9564145000.0
2003-05-31,SBUX,4.79,4.64,4.82,4.64,4.58,7796043,191066934.2763,4.75,2.0,390532960,390533000.0,7803902347.13,9634445000.0
2003-05-30,SBUX,4.58,4.61,4.68,4.53,4.58,4372965,103783989.4037,4.6,1.12,390532960,390533000.0,7465425216.37,9216570000.0
2003-05-29,SBUX,4.58,4.6,4.67,4.56,4.6,3002590,71381427.8082,4.61,0.77,390532960,390533000.0,7474914850.97,9228285000.0
2003-05-28,SBUX,4.6,4.5,4.65,4.48,4.55,3750798,88632808.2988,4.58,0.96,390532960,390533000.0,7497060284.12,9255625000.0
2003-05-24,SBUX,4.55,4.55,4.59,4.48,4.57,2458168,57399926.3104,4.53,0.63,390532960,390533000.0,7411649460.45,9150180000.0
2003-05-23,SBUX,4.57,4.49,4.63,4.47,4.47,3774091,89165492.6755,4.58,0.97,390532960,390533000.0,7443598329.24,9189625000.0
2003-05-22,SBUX,4.47,4.44,4.53,4.44,4.48,2840269,65598270.5689,4.48,0.73,390532960,390533000.0,7288280098.38,8997875000.0
2003-05-21,SBUX,4.48,4.48,4.55,4.43,4.44,4901227,113525150.7077,4.49,1.26,390532960,390533000.0,7297769732.98,9009586000.0
2003-05-20,SBUX,4.44,4.56,4.56,4.43,4.56,4550555,104862953.0156,4.47,1.17,390532960,390533000.0,7243993977.05,8943199000.0
2003-05-17,SBUX,4.56,4.63,4.65,4.54,4.63,4234156,99727440.4054,4.57,1.08,390532960,390533000.0,7435691934.79,9179863000.0
2003-05-16,SBUX,4.63,4.5,4.63,4.49,4.48,5659945,133649962.2887,4.58,1.45,390532960,390533000.0,7544508140.77,9314203000.0
2003-05-15,SBUX,4.48,4.52,4.53,4.46,4.49,3133923,72426493.0183,4.48,0.8,390532960,390533000.0,7307259367.57,9021305000.0
2003-05-14,SBUX,4.49,4.54,4.59,4.47,4.54,4308461,100262575.0756,4.51,1.1,390532960,390533000.0,7319915166.13,9036930000.0
2003-05-13,SBUX,4.54,4.48,4.59,4.42,4.51,4824875,112291207.226,4.52,1.24,390532960,390533000.0,7398998090.53,9134563000.0
2003-05-10,SBUX,4.51,4.54,4.55,4.46,4.46,3733178,86672435.7909,4.5,0.96,390532960,390533000.0,7348384069.92,9072074000.0
2003-05-09,SBUX,4.46,4.58,4.58,4.45,4.58,5101094,118438695.1125,4.5,1.31,387989920,387990000.0,7228252209.6,8923766000.0
2003-05-08,SBUX,4.58,4.63,4.68,4.57,4.65,3710631,88194244.2123,4.61,0.96,387989920,387990000.0,7416812482.27,9156555000.0
2003-05-07,SBUX,4.65,4.57,4.7,4.54,4.57,5604906,134173597.1667,4.64,1.44,387989920,387990000.0,7529950342.95,9296230000.0
2003-05-06,SBUX,4.57,4.63,4.64,4.56,4.61,5830223,137929666.6671,4.59,1.5,387989920,387990000.0,7394815967.98,9129398000.0
2003-05-03,SBUX,4.61,4.6,4.7,4.59,4.66,6859980,163693473.8782,4.63,1.77,387989920,387990000.0,7473383926.78,9226398000.0
2003-05-02,SBUX,4.66,4.54,4.67,4.52,4.56,5165859,122499502.2344,4.6,1.33,387989920,387990000.0,7542524044.8,9311754000.0
2003-05-01,SBUX,4.56,4.6,4.63,4.55,4.64,4635715,109394487.9916,4.58,1.19,387989920,387990000.0,7388529274.19,9121637000.0
2003-04-30,SBUX,4.64,4.68,4.69,4.6,4.66,4315301,103455026.174,4.65,1.11,387989920,387990000.0,7517381669.44,9280715000.0
2003-04-29,SBUX,4.66,4.57,4.68,4.56,4.55,4486367,107260905.673,4.64,1.16,387989920,387990000.0,7551951885.58,9323395000.0
2003-04-26,SBUX,4.55,4.68,4.74,4.53,4.89,12424230,294220663.0518,4.59,3.2,387989920,387990000.0,7375955572.34,9106113000.0
2003-04-25,SBUX,4.89,4.83,4.93,4.71,4.77,5405340,135734525.1599,4.87,1.39,387989920,387990000.0,7929077145.01,9788980000.0
2003-04-24,SBUX,4.77,4.88,4.9,4.74,4.87,5506555,136450747.8942,4.81,1.42,387989920,387990000.0,7724797623.68,9536785000.0
2003-04-23,SBUX,4.87,4.88,4.91,4.82,4.89,5858293,146969269.5087,4.87,1.51,387989920,387990000.0,7894506928.86,9746301000.0
2003-04-22,SBUX,4.89,5.04,5.04,4.86,5.02,4198223,106232674.4366,4.91,1.08,387989920,387990000.0,7919649304.22,9777344000.0
2003-04-18,SBUX,5.02,4.93,5.02,4.92,4.99,5629969,144359104.8231,4.97,1.45,387989920,387990000.0,8123924111.47,10029530000.0
2003-04-17,SBUX,4.99,5.09,5.21,4.9,5.19,10866945,282488343.4623,5.04,2.8,387989920,387990000.0,8086213062.61,9982977000.0
2003-04-16,SBUX,5.19,5.04,5.2,5.02,5.06,4742617,125734350.6293,5.14,1.22,387989920,387990000.0,8403625730.53,10374840000.0
2003-04-15,SBUX,5.06,4.96,5.09,4.96,4.95,2952327,76669865.5611,5.04,0.76,387989920,387990000.0,8196205376.48,10118770000.0
2003-04-12,SBUX,4.95,5.01,5.06,4.83,4.99,2986261,76271456.1274,4.96,0.77,387989920,387990000.0,8023359638.38,9905379000.0
2003-04-11,SBUX,4.99,4.93,5.0,4.9,4.93,2816641,71969957.3898,4.96,0.73,387989920,387990000.0,8086213062.61,9982977000.0
2003-04-10,SBUX,4.93,4.97,5.08,4.93,5.0,4188754,107957569.4603,5.0,1.08,387989920,387990000.0,7988789422.24,9862699000.0
2003-04-09,SBUX,5.0,4.92,5.04,4.91,4.95,3008441,77581339.5626,5.0,0.78,387989920,387990000.0,8098781736.11,9998492000.0
2003-04-08,SBUX,4.95,5.05,5.07,4.95,4.89,4104391,106041854.441,5.01,1.06,387989920,387990000.0,8020213777.31,9901496000.0
2003-04-05,SBUX,4.89,4.97,4.99,4.84,5.01,6093551,153770113.5686,4.9,1.57,387989920,387990000.0,7919649304.22,9777344000.0
2003-04-04,SBUX,5.01,5.08,5.1,4.95,5.09,3837992,98978743.2864,5.0,0.99,387989920,387990000.0,8111355437.97,10014020000.0
2003-04-03,SBUX,5.09,5.01,5.11,5.0,4.91,4466656,116701205.7099,5.07,1.15,387989920,387990000.0,8252776820.99,10188610000.0
2003-04-02,SBUX,4.91,5.01,5.03,4.91,5.0,4273828,109538626.2013,4.97,1.1,387989920,387990000.0,7960501500.08,9827777000.0
2003-04-01,SBUX,5.0,4.93,5.03,4.88,5.02,4675617,119710238.1809,4.97,1.21,387989920,387990000.0,8095640903.39,9994613000.0
2003-03-29,SBUX,5.02,5.05,5.07,4.97,5.1,3463720,89752241.6934,5.03,0.89,387989920,387990000.0,8133351952.26,10041170000.0
2003-03-28,SBUX,5.1,5.04,5.14,5.0,5.1,3252233,85145720.2419,5.08,0.84,387989920,387990000.0,8259063514.78,10196370000.0
2003-03-27,SBUX,5.1,5.04,5.12,5.0,5.04,4350379,113681002.2078,5.07,1.12,387989920,387990000.0,8259063514.78,10196370000.0
2003-03-26,SBUX,5.04,4.91,5.1,4.89,4.91,4604305,119254704.0963,5.03,1.19,387989920,387990000.0,8171067715.2,10087730000.0
2003-03-25,SBUX,4.91,4.95,5.01,4.88,5.11,4173160,105974426.9101,4.93,1.08,387989920,387990000.0,7947932512.31,9812262000.0
2003-03-22,SBUX,5.11,4.98,5.15,4.93,4.9,6131891,159931331.0816,5.06,1.58,387989920,387990000.0,8281060029.07,10223530000.0
2003-03-21,SBUX,4.9,4.83,4.94,4.74,4.85,4475895,112070578.7088,4.86,1.15,387989920,387990000.0,7935363838.8,9796742000.0
2003-03-20,SBUX,4.85,4.87,4.91,4.79,4.86,4350043,108762759.2155,4.85,1.12,387989920,387990000.0,7853650018.93,9695859000.0
2003-03-19,SBUX,4.86,4.88,4.91,4.81,4.93,5744008,143688640.4912,4.85,1.48,387989920,387990000.0,7878792394.29,9726898000.0
2003-03-18,SBUX,4.93,4.66,5.0,4.64,4.71,8088055,202958400.7719,4.87,2.08,387989920,387990000.0,7991930569.23,9866578000.0
2003-03-15,SBUX,4.71,4.66,4.78,4.62,4.67,5720418,138779056.8054,4.71,1.47,387989920,387990000.0,7624233150.59,9412629000.0
2003-03-14,SBUX,4.67,4.45,4.67,4.4,4.37,6027320,140954272.6514,4.54,1.55,387989920,387990000.0,7561379726.37,9335031000.0
2003-03-13,SBUX,4.37,4.31,4.4,4.31,4.35,3754089,84441455.9244,4.36,0.97,387989920,387990000.0,7071116292.0,8729770000.0
2003-03-12,SBUX,4.35,4.35,4.42,4.32,4.36,2976964,66966793.2721,4.36,0.77,387989920,387990000.0,7049115063.63,8702609000.0
2003-03-11,SBUX,4.36,4.4,4.43,4.33,4.44,3436930,77277958.4718,4.36,0.89,387989920,387990000.0,7062000208.88,8718516000.0
2003-03-08,SBUX,4.44,4.49,4.49,4.4,4.54,5074801,116323025.4833,4.45,1.31,387989920,387990000.0,7196823140.45,8884965000.0
2003-03-07,SBUX,4.54,4.5,4.57,4.48,4.54,3637353,84818328.8517,4.52,0.94,387989920,387990000.0,7347672364.26,9071195000.0
2003-03-06,SBUX,4.54,4.53,4.57,4.48,4.53,3231134,75373292.8891,4.53,0.83,387989920,387990000.0,7353959058.05,9078957000.0
2003-03-05,SBUX,4.53,4.53,4.59,4.46,4.5,3673088,85957972.6848,4.54,0.95,387989920,387990000.0,7344531217.26,9067320000.0
2003-03-04,SBUX,4.5,4.58,4.59,4.49,4.55,2992563,69802118.5173,4.53,0.77,387989920,387990000.0,7297387613.54,9009117000.0
2003-03-01,SBUX,4.55,4.46,4.56,4.45,4.48,5877406,136610857.4786,4.51,1.51,387989920,387990000.0,7369673592.62,9098359000.0
2003-02-28,SBUX,4.48,4.34,4.49,4.34,4.31,5259828,120254358.7796,4.44,1.36,387989920,387990000.0,7256535417.68,8958684000.0
2003-02-27,SBUX,4.31,4.39,4.41,4.28,4.43,4198379,93993699.5012,4.34,1.08,387989920,387990000.0,6976833798.62,8613371000.0
2003-02-26,SBUX,4.43,4.33,4.44,4.29,4.37,4163250,93306326.022,4.35,1.07,387989920,387990000.0,7171680765.09,8853926000.0
2003-02-25,SBUX,4.37,4.47,4.49,4.36,4.52,3401026,77128447.2218,4.4,0.88,387989920,387990000.0,7074257438.99,8733648000.0
2003-02-22,SBUX,4.52,4.45,4.52,4.4,4.38,4103711,94545783.4778,4.47,1.06,387989920,387990000.0,7328816682.69,9047918000.0
2003-02-21,SBUX,4.38,4.46,4.46,4.37,4.43,5246887,119459470.4466,4.42,1.35,387989920,387990000.0,7099399500.08,8764688000.0
2003-02-20,SBUX,4.43,4.42,4.46,4.37,4.44,3095402,70663359.7938,4.43,0.8,387989920,387990000.0,7174821912.08,8857801000.0
2003-02-19,SBUX,4.44,4.39,4.45,4.37,4.37,4582363,104261066.477,4.41,1.18,387989920,387990000.0,7199963973.17,8888840000.0
2003-02-15,SBUX,4.37,4.27,4.38,4.26,4.26,3801403,84782668.3006,4.33,0.98,387989920,387990000.0,7077398271.71,8737527000.0
2003-02-14,SBUX,4.26,4.32,4.33,4.2,4.29,3809747,83669278.8296,4.26,0.98,387989920,387990000.0,6898265839.82,8516375000.0
2003-02-13,SBUX,4.29,4.29,4.34,4.27,4.29,2853797,63423609.2753,4.31,0.74,387989920,387990000.0,6948545562.19,8578449000.0
2003-02-12,SBUX,4.29,4.31,4.36,4.25,4.3,3514179,78068495.0544,4.31,0.91,387989920,387990000.0,6951691423.26,8582332000.0
2003-02-11,SBUX,4.3,4.25,4.31,4.19,4.26,2908765,64001265.4185,4.27,0.75,387989920,387990000.0,6961119264.05,8593973000.0
2003-02-08,SBUX,4.26,4.33,4.35,4.19,4.29,2998389,65652119.8694,4.25,0.77,388340960,388341000.0,6913943525.42,8535730000.0
2003-02-07,SBUX,4.29,4.27,4.38,4.25,4.31,4741395,105503563.3439,4.32,1.22,388340960,388341000.0,6951688693.95,8582328000.0
2003-02-06,SBUX,4.31,4.37,4.41,4.27,4.34,3623533,80994611.9233,4.34,0.93,388340960,388341000.0,6979997491.71,8617277000.0
2003-02-05,SBUX,4.34,4.36,4.38,4.28,4.39,2913661,64780275.802,4.31,0.75,388340960,388341000.0,7030327738.35,8679414000.0
2003-02-04,SBUX,4.39,4.4,4.43,4.37,4.41,2588419,58618353.9227,4.39,0.67,388340960,388341000.0,7115259164.53,8784266000.0
2003-02-01,SBUX,4.41,4.37,4.46,4.33,4.36,4097578,93071157.4186,4.41,1.06,388340960,388341000.0,7146711951.29,8823098000.0
2003-01-31,SBUX,4.36,4.45,4.45,4.36,4.43,3109686,70334249.7914,4.39,0.8,388340960,388341000.0,7074365288.66,8733781000.0
2003-01-30,SBUX,4.43,4.37,4.47,4.3,4.4,3773432,85273887.9583,4.38,0.97,388340960,388341000.0,7181313445.38,8865816000.0
2003-01-29,SBUX,4.4,4.42,4.52,4.38,4.39,5619750,129154780.425,4.46,1.45,388340960,388341000.0,7137275580.51,8811449000.0
2003-01-28,SBUX,4.39,4.37,4.45,4.32,4.45,6312398,142788248.1058,4.39,1.63,388340960,388341000.0,7115259164.53,8784266000.0
2003-01-25,SBUX,4.45,4.26,4.48,4.25,3.88,19075141,429957340.5671,4.37,4.91,388340960,388341000.0,7219063332.25,8912422000.0
2003-01-24,SBUX,3.88,3.89,3.92,3.83,3.89,3445375,68806509.168,3.87,0.89,388340960,388341000.0,6297411215.43,7774578000.0
2003-01-23,SBUX,3.89,3.86,3.94,3.81,3.84,3965491,79453711.8064,3.89,1.02,388340960,388341000.0,6306847586.21,7786227000.0
2003-01-22,SBUX,3.84,3.88,3.94,3.83,3.9,3829508,77112849.5469,3.91,0.99,388340960,388341000.0,6228208541.81,7689141000.0
2003-01-18,SBUX,3.9,3.9,3.95,3.89,3.93,3539112,71353806.588,3.91,0.91,388340960,388341000.0,6319432349.76,7801766000.0
2003-01-17,SBUX,3.93,3.95,3.98,3.89,3.95,2153691,43562490.3342,3.92,0.55,388340960,388341000.0,6369762596.4,7863902000.0
2003-01-16,SBUX,3.95,3.95,3.98,3.9,3.93,3217382,65279039.9152,3.94,0.83,388340960,388341000.0,6401215383.15,7902730000.0
2003-01-15,SBUX,3.93,3.99,4.02,3.91,4.01,2986375,60824380.6056,3.95,0.77,388340960,388341000.0,6376050259.83,7871664000.0
2003-01-14,SBUX,4.01,3.99,4.05,3.97,4.05,2612482,53739013.3757,3.99,0.67,388340960,388341000.0,6495583180.1,8019238000.0
2003-01-11,SBUX,4.05,3.99,4.06,3.97,4.04,3186843,65962828.4065,4.02,0.82,388340960,388341000.0,6571078235.51,8112438000.0
2003-01-10,SBUX,4.04,4.09,4.11,4.03,4.03,2717413,56864032.8032,4.06,0.7,388340960,388341000.0,6542764719.41,8077484000.0
2003-01-09,SBUX,4.03,4.08,4.12,4.01,4.12,3051794,63662849.0162,4.05,0.79,388340960,388341000.0,6539620730.41,8073602000.0
2003-01-08,SBUX,4.12,4.14,4.14,4.07,4.17,3518259,74382328.1262,4.1,0.91,388340960,388341000.0,6681170066.66,8248355000.0
2003-01-07,SBUX,4.17,4.11,4.2,4.11,4.1,2913259,62592529.0921,4.17,0.75,388340960,388341000.0,6753516729.29,8337672000.0
2003-01-04,SBUX,4.1,4.14,4.21,4.06,4.11,3940884,83738255.9397,4.12,1.01,388340960,388341000.0,6643424898.13,8201758000.0
2003-01-03,SBUX,4.11,3.97,4.14,3.97,3.95,3279696,68942128.8494,4.08,0.84,388340960,388341000.0,6668590021.45,8232824000.0
2003-01-01,SBUX,3.95,3.99,4.0,3.94,4.0,2111859,43242196.8032,3.97,0.54,388340960,388341000.0,6410651753.93,7914383000.0
2002-12-31,SBUX,4.0,4.0,4.0,3.93,3.99,1799872,36749044.9487,3.96,0.46,388340960,388341000.0,6486146809.33,8007586000.0
2002-12-28,SBUX,3.99,4.02,4.03,3.96,4.04,1444078,29740194.338,4.0,0.37,388340960,388341000.0,6460981686.01,7976520000.0
2002-12-27,SBUX,4.04,4.01,4.08,3.99,4.02,1611694,33558186.3961,4.04,0.42,388340960,388341000.0,6542764719.41,8077484000.0
2002-12-25,SBUX,4.02,4.07,4.09,4.01,4.06,1093284,22700173.8376,4.03,0.28,388340960,388341000.0,6511311932.65,8038652000.0
2002-12-24,SBUX,4.06,4.04,4.08,4.01,4.02,1990581,41529475.4784,4.05,0.51,388340960,388341000.0,6580514606.28,8124090000.0
2002-12-21,SBUX,4.02,4.1,4.12,3.98,4.04,8487578,176600059.3745,4.04,2.19,388340960,388341000.0,6523891977.86,8054188000.0
2002-12-20,SBUX,4.04,4.12,4.17,4.03,4.14,3970492,83470422.4635,4.08,1.02,388340960,388341000.0,6545913426.74,8081371000.0
2002-12-19,SBUX,4.14,4.1,4.18,4.07,4.1,4582516,97821571.3846,4.14,1.18,388340960,388341000.0,6715771560.75,8291074000.0
2002-12-18,SBUX,4.1,4.1,4.12,4.03,4.13,4006528,84110616.8695,4.07,1.03,388340960,388341000.0,6643424898.13,8201758000.0
2002-12-17,SBUX,4.13,3.95,4.16,3.93,3.95,4630375,97680029.5088,4.09,1.19,388340960,388341000.0,6700042808.21,8271656000.0
2002-12-14,SBUX,3.95,3.97,4.02,3.93,4.02,2887302,59106822.5453,3.97,0.74,388340960,388341000.0,6404359057.59,7906613000.0
2002-12-13,SBUX,4.02,3.98,4.05,3.92,3.95,3212930,66143921.6206,3.99,0.83,388340960,388341000.0,6514455607.09,8042535000.0
2002-12-12,SBUX,3.95,3.94,4.0,3.93,3.99,3195703,65225237.7667,3.96,0.82,388340960,388341000.0,6404359057.59,7906613000.0
2002-12-11,SBUX,3.99,4.01,4.09,3.98,4.0,3363736,69804555.572,4.03,0.87,388340960,388341000.0,6476710438.56,7995934000.0
2002-12-10,SBUX,4.0,4.11,4.11,3.99,4.12,2675005,55714196.2885,4.04,0.69,388340960,388341000.0,6486146809.33,8007586000.0
2002-12-07,SBUX,4.12,3.93,4.15,3.93,3.99,4755480,99763274.6842,4.07,1.22,388340960,388341000.0,6684318774.0,8252242000.0
2002-12-06,SBUX,3.99,4.16,4.17,3.98,4.1,4591000,95178766.418,4.02,1.18,388340960,388341000.0,6464125675.01,7980398000.0
2002-12-05,SBUX,4.1,4.06,4.15,4.02,4.07,3546616,74702333.7952,4.09,0.91,388340960,388341000.0,6652861268.9,8213406000.0
2002-12-04,SBUX,4.07,4.2,4.2,4.05,4.19,3632479,76886496.2406,4.11,0.94,388340960,388341000.0,6599387347.82,8147387000.0
2002-12-03,SBUX,4.19,4.27,4.29,4.15,4.22,3469530,75116365.359,4.2,0.89,388340960,388341000.0,6788118223.38,8380387000.0
2002-11-30,SBUX,4.22,4.36,4.37,4.19,4.35,2050769,45036091.0414,4.26,0.53,388340960,388341000.0,7176149298.94,8442523000.0
2002-11-28,SBUX,4.35,4.25,4.4,4.25,4.24,3100313,69551780.0772,4.35,0.8,388340960,388341000.0,7407211179.87,8714363000.0
2002-11-27,SBUX,4.24,4.22,4.28,4.21,4.27,3120042,68174746.0446,4.24,0.8,388340960,388341000.0,7219062625.47,8493012000.0
2002-11-26,SBUX,4.27,4.25,4.28,4.2,4.23,2696677,58998163.6803,4.24,0.69,388340960,388341000.0,7265275199.71,8547379000.0
2002-11-23,SBUX,4.23,4.17,4.26,4.16,4.18,2962831,64487192.9589,4.22,0.76,388340960,388341000.0,7199258226.78,8469711000.0
2002-11-22,SBUX,4.18,4.26,4.34,4.14,4.25,6186262,135587941.7761,4.25,1.59,388340960,388341000.0,7106833408.39,8360977000.0
2002-11-21,SBUX,4.25,4.13,4.27,4.12,4.15,2846575,62076672.9262,4.23,0.73,388340960,388341000.0,7228964989.86,8504660000.0
2002-11-20,SBUX,4.15,4.09,4.23,4.05,4.17,4126895,88228062.826,4.15,1.06,388340960,388341000.0,7057316965.18,8302723000.0
2002-11-19,SBUX,4.17,4.27,4.3,4.17,4.27,3544075,77043561.9381,4.22,0.91,388340960,388341000.0,7100230291.71,8353207000.0
2002-11-16,SBUX,4.27,4.35,4.36,4.14,4.37,6285570,137208254.3746,4.24,1.62,388340960,388341000.0,7261975952.0,8543500000.0
2002-11-15,SBUX,4.37,4.26,4.39,4.25,4.25,3195309,71323418.8286,4.33,0.82,388340960,388341000.0,7433619025.33,8745434000.0
2002-11-14,SBUX,4.25,4.19,4.28,4.16,4.24,4071662,88684027.188,4.23,1.05,388340960,388341000.0,7225665742.15,8500781000.0
2002-11-13,SBUX,4.24,4.23,4.36,4.19,4.22,3374576,74130276.1207,4.26,0.87,388340960,388341000.0,7209160261.08,8481363000.0
2002-11-12,SBUX,4.22,4.26,4.31,4.21,4.38,3764670,82713941.037,4.26,0.97,388340960,388341000.0,7186051663.33,8454176000.0
2002-11-09,SBUX,4.38,4.43,4.47,4.36,4.45,3431110,77810324.8646,4.4,0.88,388340960,388341000.0,7450124506.4,8764848000.0
2002-11-08,SBUX,4.45,4.49,4.5,4.41,4.5,3366664,77110045.3227,4.44,0.87,388340960,388341000.0,7572256087.87,8908535000.0
2002-11-07,SBUX,4.5,4.54,4.55,4.41,4.53,3706223,85714890.4194,4.49,0.95,388340960,388341000.0,7648180376.54,8997855000.0
2002-11-06,SBUX,4.53,4.38,4.54,4.38,4.44,3011180,69682288.5042,4.49,0.78,388340960,388341000.0,7704294985.08,9063871000.0
2002-11-05,SBUX,4.44,4.54,4.6,4.41,4.63,5400895,125534552.5419,4.51,1.39,388340960,388341000.0,7545848242.41,8877465000.0
2002-11-02,SBUX,4.63,4.67,4.69,4.59,4.63,5461887,130397636.4267,4.63,1.41,388340960,388341000.0,7875938058.41,9265805000.0
2002-11-01,SBUX,4.63,4.62,4.68,4.58,4.61,3728762,88981293.3432,4.63,0.96,388340960,388341000.0,7869339893.08,9258043000.0
2002-10-31,SBUX,4.61,4.54,4.64,4.48,4.56,3984129,94093923.6093,4.58,1.03,388340960,388341000.0,7849535494.39,9234746000.0
2002-10-30,SBUX,4.56,4.53,4.59,4.46,4.5,4553957,106098946.3299,4.52,1.17,388340960,388341000.0,7757110676.0,9126008000.0
2002-10-29,SBUX,4.5,4.64,4.65,4.46,4.64,3744172,87691874.2506,4.54,0.96,388340960,388341000.0,7654778541.87,9005621000.0
2002-10-26,SBUX,4.64,4.37,4.64,4.37,4.36,4960770,115999103.6902,4.54,1.28,388340960,388341000.0,7899046986.25,9292992000.0
2002-10-25,SBUX,4.36,4.49,4.53,4.32,4.49,3892609,88548660.8081,4.41,1.0,388340960,388341000.0,7410515378.93,8718250000.0
2002-10-24,SBUX,4.49,4.39,4.49,4.37,4.38,3056772,69787324.412,4.43,0.79,388340960,388341000.0,7631674895.47,8978438000.0
2002-10-23,SBUX,4.38,4.4,4.56,4.35,4.48,3144557,71851228.1376,4.43,0.81,388340960,388341000.0,7456727623.08,8772617000.0
2002-10-22,SBUX,4.48,4.34,4.49,4.27,4.33,3441712,77939633.2672,4.39,0.89,388340960,388341000.0,7628370696.41,8974551000.0
2002-10-19,SBUX,4.33,4.22,4.34,4.2,4.21,4415500,97552462.783,4.29,1.14,388340960,388341000.0,7373872768.64,8675141000.0
2002-10-18,SBUX,4.21,4.57,4.57,4.13,4.54,9675699,211321078.3854,4.24,2.49,388340960,388341000.0,7169546182.26,8434758000.0
2002-10-17,SBUX,4.54,4.48,4.59,4.47,4.57,4139500,96527742.092,4.52,1.07,388340960,388341000.0,7727398631.48,9091055000.0
2002-10-16,SBUX,4.57,4.63,4.68,4.45,4.48,4632098,108001478.173,4.52,1.19,388340960,388341000.0,7770311958.01,9141539000.0
2002-10-15,SBUX,4.48,4.39,4.51,4.37,4.39,3360000,77426784.96,4.47,0.87,388340960,388341000.0,7621772531.08,8966789000.0
2002-10-12,SBUX,4.39,4.34,4.44,4.27,4.31,4085700,92189281.2873,4.38,1.05,388340960,388341000.0,7476532351.86,8795918000.0
2002-10-11,SBUX,4.31,4.12,4.32,4.01,4.18,6006699,129565644.7095,4.18,1.55,388340960,388341000.0,7327660524.49,8620773000.0
2002-10-10,SBUX,4.18,4.19,4.26,4.14,4.22,3990900,86533463.4846,4.21,1.03,388340960,388341000.0,7106833408.39,8360977000.0
2002-10-09,SBUX,4.22,4.13,4.29,4.12,4.1,3419500,74180235.9305,4.21,0.88,388340960,388341000.0,7176149298.94,8442523000.0
2002-10-08,SBUX,4.1,4.05,4.18,4.04,4.12,3718700,78866561.47,4.11,0.96,388340960,388341000.0,6968191064.41,8197867000.0
2002-10-05,SBUX,4.12,4.17,4.26,4.07,4.09,5225500,111411767.243,4.14,1.35,388340960,388341000.0,7007145623.78,8243695000.0
2002-10-04,SBUX,4.09,4.05,4.18,4.04,4.06,3886300,82296269.3685,4.11,1.0,388340960,388341000.0,6964892146.79,8193988000.0
2002-10-03,SBUX,4.06,4.11,4.18,4.03,4.17,4430398,93740075.448,4.11,1.14,388340960,388341000.0,6902174091.48,8120203000.0
2002-10-02,SBUX,4.17,4.01,4.17,4.01,4.0,4464098,94185276.1381,4.09,1.15,388340960,388341000.0,7090327927.32,8341559000.0
2002-10-01,SBUX,4.0,4.03,4.11,3.93,4.07,3567800,73589414.2576,4.0,0.92,388340960,388341000.0,6813053472.15,8015352000.0
2002-09-28,SBUX,4.07,4.1,4.18,4.06,4.11,3391700,71990820.0362,4.12,0.87,388340960,388341000.0,6931886136.0,8155156000.0
2002-09-27,SBUX,4.11,4.02,4.15,4.02,4.01,3782200,79873237.129,4.1,0.97,388340960,388341000.0,6991959841.79,8225832000.0
2002-09-26,SBUX,4.01,3.89,4.04,3.89,3.88,3504200,71727077.3296,3.97,0.9,388340960,388341000.0,6826255084.25,8030883000.0
2002-09-25,SBUX,3.88,3.88,3.96,3.84,3.94,3166300,63659367.0618,3.9,0.82,388340960,388341000.0,6595193203.32,7759047000.0
2002-09-24,SBUX,3.94,3.98,4.02,3.89,4.03,2619500,53253882.2855,3.94,0.67,388340960,388341000.0,6697520056.01,7879434000.0
2002-09-21,SBUX,4.03,4.01,4.06,3.9,3.95,4583098,94279816.4114,3.99,1.18,388340960,388341000.0,6859266046.39,8069723000.0
2002-09-20,SBUX,3.95,3.88,4.03,3.86,3.95,3460000,70792627.62,3.97,0.89,388340960,388341000.0,6726567299.64,7913605000.0
2002-09-19,SBUX,3.95,3.87,4.01,3.8,3.9,3858200,77318304.8508,3.89,0.99,388340960,388341000.0,6714025537.08,7898852000.0
2002-09-18,SBUX,3.9,4.03,4.06,3.89,3.99,3684700,75188831.2042,3.96,0.95,388340960,388341000.0,6638101248.41,7809527000.0
2002-09-17,SBUX,3.99,3.99,4.03,3.92,3.99,1798100,36811061.0219,3.97,0.46,388340960,388341000.0,6789944874.4,7988168000.0
2002-09-14,SBUX,3.99,3.9,4.01,3.87,3.92,2722100,55484553.4116,3.95,0.7,388340960,388341000.0,6786645956.78,7984285000.0
2002-09-13,SBUX,3.92,3.98,4.0,3.91,3.98,2384400,48553298.76,3.95,0.61,388340960,388341000.0,6661210176.25,7836715000.0
2002-09-12,SBUX,3.98,4.1,4.12,3.96,4.08,3182400,66161736.3888,4.03,0.82,388340960,388341000.0,6763537028.94,7957102000.0
2002-09-11,SBUX,4.08,4.05,4.08,3.94,4.05,2752500,57052677.7125,4.02,0.71,388340960,388341000.0,6948386665.72,8174570000.0
2002-09-10,SBUX,4.05,4.03,4.09,3.98,4.05,2414400,50349651.3312,4.05,0.62,388340960,388341000.0,6898875173.86,8116320000.0
2002-09-07,SBUX,4.05,3.98,4.11,3.92,3.92,3452200,71604810.8902,4.02,0.89,388340960,388341000.0,6892272057.18,8108551000.0
2002-09-06,SBUX,3.92,3.95,3.98,3.9,4.02,3352500,67937389.9875,3.93,0.86,388340960,388341000.0,6677715657.32,7856133000.0
2002-09-05,SBUX,4.02,3.89,4.04,3.87,3.88,4013800,81848181.3772,3.96,1.03,388340960,388341000.0,6832858200.93,8038652000.0
2002-09-04,SBUX,3.88,3.88,3.94,3.83,3.9,3333600,66790979.5176,3.89,0.86,388340960,388341000.0,6595193203.32,7759047000.0
2002-08-31,SBUX,3.9,3.93,4.0,3.86,3.97,3525400,71366434.9,3.93,0.91,388340960,388341000.0,6634802330.79,7805645000.0
2002-08-30,SBUX,3.97,3.82,4.0,3.8,3.85,4191199,84819339.4681,3.93,1.08,388340960,388341000.0,6750335746.93,7941570000.0
2002-08-29,SBUX,3.85,3.92,3.98,3.84,3.94,3052400,61481111.1408,3.91,0.79,388340960,388341000.0,6555578794.41,7712445000.0
2002-08-28,SBUX,3.94,4.08,4.1,3.93,4.07,3095900,63780143.6033,4.0,0.8,388340960,388341000.0,6707422420.4,7891082000.0
2002-08-27,SBUX,4.07,4.14,4.15,3.98,4.08,2217400,46222350.4808,4.04,0.57,388340960,388341000.0,6928581936.94,8151270000.0
2002-08-24,SBUX,4.08,4.07,4.17,4.05,4.1,2474600,52333546.061,4.1,0.64,388340960,388341000.0,6941788500.39,8166809000.0
2002-08-23,SBUX,4.1,4.05,4.11,3.94,4.05,2534300,52731932.7871,4.04,0.65,388340960,388341000.0,6974794511.18,8205637000.0
2002-08-22,SBUX,4.05,4.12,4.13,3.94,4.08,4624297,95727521.3297,4.02,1.19,388340960,388341000.0,6888972809.47,8104672000.0
2002-08-21,SBUX,4.08,4.14,4.15,4.04,4.23,2780300,58587560.3564,4.09,0.72,388340960,388341000.0,6948386665.72,8174570000.0
2002-08-20,SBUX,4.23,4.05,4.23,4.02,4.04,2644600,56236086.1216,4.13,0.68,388340960,388341000.0,7199258226.78,8469711000.0
2002-08-17,SBUX,4.04,4.05,4.11,3.98,4.13,3117000,64939244.481,4.04,0.8,388340960,388341000.0,6872467328.4,8085254000.0
2002-08-16,SBUX,4.13,3.94,4.13,3.94,3.97,4522598,94321454.1454,4.05,1.16,388340960,388341000.0,7024310954.39,8263895000.0
2002-08-15,SBUX,3.97,3.69,4.02,3.65,3.67,4694398,93688898.7472,3.87,1.21,388340960,388341000.0,6760238111.32,7953219000.0
2002-08-14,SBUX,3.67,3.84,3.87,3.67,3.83,2995500,58300496.8815,3.78,0.77,388340960,388341000.0,6251896823.87,7355168000.0
2002-08-13,SBUX,3.83,3.77,3.86,3.74,3.78,2094500,41067043.7215,3.8,0.54,388340960,388341000.0,6509698950.71,7658465000.0
2002-08-10,SBUX,3.78,3.74,3.82,3.7,3.76,3044700,59078731.5918,3.76,0.79,386065920,386066000.0,6395757782.12,7524418000.0
2002-08-09,SBUX,3.76,3.69,3.77,3.65,3.74,3114900,59575552.4808,3.71,0.81,386065920,386066000.0,6362945132.32,7485813000.0
2002-08-08,SBUX,3.74,3.73,3.75,3.6,3.7,3607200,68179308.444,3.67,0.93,386065920,386066000.0,6326847968.8,7443348000.0
2002-08-07,SBUX,3.7,3.66,3.74,3.59,3.61,4423699,83658783.6385,3.67,1.15,386065920,386066000.0,6264497338.26,7369996000.0
2002-08-06,SBUX,3.61,3.66,3.73,3.59,3.65,3224600,61005539.9078,3.67,0.84,386065920,386066000.0,6113543594.6,7192398000.0
2002-08-03,SBUX,3.65,3.72,3.78,3.58,3.66,4659398,88491240.222,3.68,1.21,386065920,386066000.0,6172614305.61,7261895000.0
2002-08-02,SBUX,3.66,3.79,3.82,3.65,3.81,4068900,78282368.6733,3.73,1.05,386065920,386066000.0,6182458330.26,7273477000.0
2002-08-01,SBUX,3.81,3.81,3.83,3.74,3.83,3479400,67919231.0484,3.79,0.9,386065920,386066000.0,6365914925.11,7578465000.0
2002-07-31,SBUX,3.83,3.94,3.94,3.79,3.94,5034199,99674623.1005,3.84,1.3,386065920,386066000.0,6395100211.48,7613211000.0
2002-07-30,SBUX,3.94,3.87,3.94,3.83,3.78,4939199,98943007.3902,3.89,1.28,386065920,386066000.0,6586438372.98,7840992000.0
2002-07-27,SBUX,3.78,4.0,4.01,3.63,3.88,8554000,165528436.892,3.75,2.22,386065920,386066000.0,6323759769.6,7528281000.0
2002-07-26,SBUX,3.88,4.01,4.02,3.73,4.09,7756000,155621797.688,3.89,2.01,386065920,386066000.0,6489148788.25,7725176000.0
2002-07-25,SBUX,4.09,3.65,4.15,3.64,3.66,8244898,164834433.0609,3.88,2.14,386065920,386066000.0,6836142242.78,8138262000.0
2002-07-24,SBUX,3.66,3.78,3.83,3.63,3.81,7117398,137021206.8106,3.74,1.84,386065920,386066000.0,6119452063.26,7285059000.0
2002-07-23,SBUX,3.81,3.88,3.94,3.58,3.9,5044098,99050922.1614,3.81,1.31,386065920,386066000.0,6362673592.86,7574609000.0
2002-07-20,SBUX,3.9,3.99,4.02,3.86,4.07,3955800,80256457.14,3.94,1.02,386065920,386066000.0,6518334074.62,7759918000.0
2002-07-19,SBUX,4.07,4.15,4.24,4.04,4.15,4008100,85886765.2219,4.16,1.04,386065920,386066000.0,6797228095.23,8091934000.0
2002-07-18,SBUX,4.15,4.22,4.22,4.03,4.12,4080500,86697114.4645,4.12,1.06,386065920,386066000.0,6939919032.15,8261805000.0
2002-07-17,SBUX,4.12,4.3,4.34,4.06,4.3,5418699,116354607.375,4.17,1.4,386065920,386066000.0,6881543270.68,8192309000.0
2002-07-16,SBUX,4.3,4.24,4.32,3.92,4.27,6995297,147621731.6051,4.09,1.81,386065920,386066000.0,7189627766.39,8559078000.0
2002-07-13,SBUX,4.27,4.4,4.42,4.2,4.34,4030900,89491195.9846,4.31,1.04,386065920,386066000.0,7131252004.92,8489582000.0
2002-07-12,SBUX,4.34,4.31,4.41,4.18,4.37,5132199,114099494.6693,4.31,1.33,386065920,386066000.0,7260973072.7,8644012000.0
2002-07-11,SBUX,4.37,4.42,4.52,4.33,4.4,3855800,87786112.9262,4.42,1.0,386065920,386066000.0,7299887220.25,8690336000.0
2002-07-10,SBUX,4.4,4.53,4.57,4.38,4.58,5133398,117961317.7208,4.46,1.33,386065920,386066000.0,7358257792.99,8759828000.0
2002-07-09,SBUX,4.58,4.64,4.66,4.34,4.63,3528700,83547262.0213,4.59,0.91,386065920,386066000.0,7663096416.31,9122730000.0
2002-07-06,SBUX,4.63,4.58,4.66,4.52,4.49,1861400,44236171.0,4.61,0.48,386065920,386066000.0,7731200390.37,9203809000.0
2002-07-04,SBUX,4.49,4.55,4.63,4.42,4.56,4032000,93493169.28,4.5,1.04,386065920,386066000.0,7510676942.5,8941281000.0
2002-07-03,SBUX,4.56,4.71,4.8,4.44,4.73,6078199,147178653.2874,4.7,1.57,386065920,386066000.0,7627423601.01,9080262000.0
2002-07-02,SBUX,4.73,4.74,4.84,4.71,4.82,2734800,67311610.5216,4.78,0.71,386065920,386066000.0,7899830416.98,9404559000.0
2002-06-29,SBUX,4.82,4.85,4.87,4.76,4.84,3694500,91878871.4775,4.82,0.96,386065920,386066000.0,8058737095.42,9593730000.0
2002-06-28,SBUX,4.84,4.79,4.85,4.62,4.75,3994300,97509231.0585,4.74,1.03,386065920,386066000.0,8097650918.68,9640059000.0
2002-06-27,SBUX,4.75,4.68,4.76,4.47,4.75,5837699,139498169.0215,4.64,1.51,386065920,386066000.0,7941990436.92,9454746000.0
2002-06-26,SBUX,4.75,4.85,4.85,4.7,4.8,4481199,110477665.2604,4.78,1.16,386065920,386066000.0,7945236633.6,9458613000.0
2002-06-25,SBUX,4.8,4.75,4.86,4.65,4.8,3715100,91071935.3943,4.76,0.96,386065920,386066000.0,8026310476.8,9555129000.0
2002-06-22,SBUX,4.8,4.81,4.89,4.73,4.85,6226500,154376653.032,4.81,1.61,386065920,386066000.0,8016577075.48,9543539000.0
2002-06-21,SBUX,4.85,4.81,4.91,4.73,4.74,6452598,160660004.8504,4.83,1.67,386065920,386066000.0,8104138123.32,9647781000.0
2002-06-20,SBUX,4.74,4.72,4.8,4.7,4.75,2809600,68823113.1008,4.75,0.73,386065920,386066000.0,7925774695.39,9435445000.0
2002-06-19,SBUX,4.75,4.66,4.8,4.66,4.72,2902300,70937401.3124,4.74,0.75,386065920,386066000.0,7935503232.28,9447023000.0
2002-06-18,SBUX,4.72,4.59,4.75,4.56,4.59,2648000,64001874.016,4.69,0.69,386065920,386066000.0,7883619864.18,9385258000.0
2002-06-15,SBUX,4.59,4.57,4.6,4.35,4.6,3834300,88925442.1899,4.5,0.99,386065920,386066000.0,7666342288.7,9126594000.0
2002-06-14,SBUX,4.6,4.69,4.7,4.58,4.73,2781400,66311070.9158,4.63,0.72,386065920,386066000.0,7692281702.68,9157473000.0
2002-06-13,SBUX,4.73,4.63,4.76,4.62,4.64,3744000,90604788.768,4.7,0.97,386065920,386066000.0,7909563818.3,9416145000.0
2002-06-12,SBUX,4.64,4.83,4.84,4.61,4.78,3413800,82929722.8448,4.71,0.88,386065920,386066000.0,7757144668.79,9234695000.0
2002-06-11,SBUX,4.78,4.84,4.84,4.74,4.83,2292700,56654416.7695,4.79,0.59,386065920,386066000.0,7987391789.11,9508797000.0
2002-06-08,SBUX,4.83,4.77,4.85,4.76,4.72,5975199,148214130.0223,4.81,1.55,386065920,386066000.0,8078193844.9,9616895000.0
2002-06-07,SBUX,4.72,4.85,4.86,4.72,4.85,3967000,97623879.198,4.77,1.03,386065920,386066000.0,7896589409.02,9400699000.0
2002-06-06,SBUX,4.85,4.72,4.86,4.7,4.7,5104297,126609014.2982,4.81,1.32,386065920,386066000.0,8100897115.36,9643922000.0
2002-06-05,SBUX,4.7,4.58,4.72,4.56,4.59,4225398,101351655.5966,4.65,1.09,386065920,386066000.0,7854429389.08,9350508000.0
2002-06-04,SBUX,4.59,4.71,4.72,4.57,4.71,4264898,102128936.4076,4.65,1.1,386065920,386066000.0,7676070825.59,9138176000.0
2002-06-01,SBUX,4.71,4.67,4.75,4.65,4.57,5888297,142916546.4282,4.71,1.53,386065920,386066000.0,7967628128.8,9373676000.0
2002-05-31,SBUX,4.57,4.5,4.58,4.49,4.46,3971000,92885263.9,4.54,1.03,386065920,386066000.0,7734635048.99,9099566000.0
2002-05-30,SBUX,4.46,4.38,4.5,4.37,4.29,5597297,128471959.3925,4.45,1.45,386065920,386066000.0,7547588736.0,8879516000.0
2002-05-29,SBUX,4.29,4.43,4.44,4.25,4.35,3156600,70222648.4838,4.32,0.82,386065920,386066000.0,7255524945.18,8535910000.0
2002-05-25,SBUX,4.35,4.44,4.45,4.35,4.44,2781900,62985526.461,4.39,0.72,386065920,386066000.0,7360537500.67,8659453000.0
2002-05-24,SBUX,4.44,4.45,4.5,4.36,4.44,3166100,72260524.0217,4.43,0.82,386065920,386066000.0,7511491244.32,8837047000.0
2002-05-23,SBUX,4.44,4.46,4.5,4.37,4.47,2768700,63184502.7,4.43,0.72,386065920,386066000.0,7501641969.18,8825457000.0
2002-05-22,SBUX,4.47,4.55,4.6,4.45,4.52,4091000,95118560.517,4.51,1.06,386065920,386066000.0,7563992599.73,8898813000.0
2002-05-21,SBUX,4.52,4.51,4.56,4.47,4.67,5003797,116458306.3286,4.52,1.3,386065920,386066000.0,7649316449.61,8999191000.0
2002-05-18,SBUX,4.67,4.69,4.74,4.62,4.63,2232900,53808645.2571,4.68,0.58,386065920,386066000.0,7895433473.61,9288742000.0
2002-05-17,SBUX,4.63,4.64,4.69,4.58,4.63,2221700,52915317.533,4.62,0.58,386065920,386066000.0,7836362762.6,9219246000.0
2002-05-16,SBUX,4.63,4.58,4.7,4.54,4.58,4192797,99761265.1059,4.62,1.09,386065920,386066000.0,7836362762.6,9219246000.0
2002-05-15,SBUX,4.58,4.44,4.61,4.4,4.36,5721297,133067561.9169,4.51,1.48,386065920,386066000.0,7741199482.26,9107289000.0
2002-05-14,SBUX,4.36,4.31,4.37,4.27,4.27,4796699,106939468.6252,4.33,1.24,386065920,386066000.0,7373661444.86,8674895000.0
2002-05-11,SBUX,4.27,4.35,4.38,4.27,4.35,3708900,82687655.6532,4.33,0.97,382338880,382339000.0,7156560505.06,8419480000.0
2002-05-10,SBUX,4.35,4.4,4.43,4.33,4.41,3155700,71110534.3329,4.37,0.83,382338880,382339000.0,7282978255.82,8568207000.0
2002-05-09,SBUX,4.41,4.46,4.46,4.31,4.42,6363098,143247283.8908,4.37,1.66,382338880,382339000.0,7393478092.0,8698207000.0
2002-05-08,SBUX,4.42,4.4,4.5,4.37,4.4,3650600,83783821.7694,4.45,0.95,382338880,382339000.0,7409723594.54,8717316000.0
2002-05-07,SBUX,4.4,4.55,4.58,4.37,4.55,2636300,60898266.37,4.48,0.69,382338880,382339000.0,7364225267.82,8663789000.0
2002-05-04,SBUX,4.55,4.62,4.69,4.53,4.59,3523200,83764759.9776,4.61,0.92,382338880,382339000.0,7627464936.73,8973484000.0
2002-05-03,SBUX,4.59,4.6,4.65,4.53,4.58,3554100,84245284.629,4.6,0.93,382338880,382339000.0,7685965385.27,9042309000.0
2002-05-02,SBUX,4.58,4.43,4.61,4.4,4.43,4134000,96075383.664,4.51,1.08,382338880,382339000.0,7676216068.82,9030840000.0
2002-05-01,SBUX,4.43,4.47,4.48,4.39,4.48,8166898,187261180.8093,4.45,2.14,382338880,382339000.0,7416224655.46,8724969000.0
2002-04-30,SBUX,4.48,4.57,4.66,4.44,4.56,5850898,136293088.1604,4.52,1.53,382338880,382339000.0,7500719923.0,8824371000.0
2002-04-27,SBUX,4.56,4.9,4.9,4.56,4.92,9518598,230254771.3968,4.69,2.49,382338880,382339000.0,7643715314.09,8992602000.0
2002-04-26,SBUX,4.92,4.91,4.97,4.9,4.89,3098200,78864972.2308,4.94,0.81,382338880,382339000.0,8248193408.36,9703754000.0
2002-04-25,SBUX,4.89,4.9,4.95,4.88,4.88,2550500,64684495.548,4.92,0.67,382338880,382339000.0,8183196773.72,9627289000.0
2002-04-24,SBUX,4.88,4.86,4.9,4.86,4.84,1976000,49722680.8,4.88,0.52,382338880,382339000.0,8179948518.18,9623465000.0
2002-04-23,SBUX,4.84,4.84,4.9,4.8,4.85,2288600,57138068.711,4.84,0.6,382338880,382339000.0,8111698753.19,9543172000.0
2002-04-20,SBUX,4.85,4.95,4.95,4.84,4.93,2323200,58323466.7136,4.87,0.61,382338880,382339000.0,8118200139.09,9550820000.0
2002-04-19,SBUX,4.93,4.97,4.98,4.84,4.97,2907600,73798630.0812,4.92,0.76,382338880,382339000.0,8254694469.27,9711402000.0
2002-04-18,SBUX,4.97,4.94,4.99,4.88,4.92,3078000,78402489.732,4.94,0.81,382338880,382339000.0,8329440420.36,9799336000.0
2002-04-17,SBUX,4.92,4.89,4.96,4.87,4.87,2802600,70969937.1192,4.91,0.73,382338880,382339000.0,8248193408.36,9703754000.0
2002-04-16,SBUX,4.87,4.88,4.94,4.81,4.88,3017900,75800286.4742,4.87,0.79,382338880,382339000.0,8160445010.46,9600520000.0
2002-04-13,SBUX,4.88,4.84,4.96,4.83,4.83,3267600,82323865.386,4.89,0.85,382338880,382339000.0,8179948518.18,9623465000.0
2002-04-12,SBUX,4.83,4.83,4.92,4.81,4.86,3230300,80791069.2776,4.85,0.84,382338880,382339000.0,8098701506.18,9527879000.0
2002-04-11,SBUX,4.86,4.83,4.88,4.81,4.84,4408398,110050798.0154,4.84,1.15,382338880,382339000.0,8144199832.9,9581406000.0
2002-04-10,SBUX,4.84,4.75,4.85,4.72,4.74,4263199,105231465.4715,4.79,1.12,382338880,382339000.0,8105197692.28,9535523000.0
2002-04-09,SBUX,4.74,4.58,4.75,4.58,4.66,3104100,75262585.9626,4.7,0.81,382338880,382339000.0,7945956798.64,9348180000.0
2002-04-06,SBUX,4.66,4.71,4.76,4.65,4.63,3022400,73230896.2464,4.7,0.79,382338880,382339000.0,7812710399.0,9191422000.0
2002-04-05,SBUX,4.63,4.51,4.65,4.51,4.56,3049700,72364483.1818,4.6,0.8,382338880,382339000.0,7760711336.36,9130246000.0
2002-04-04,SBUX,4.56,4.52,4.61,4.51,4.52,2214600,51932804.0616,4.55,0.58,382338880,382339000.0,7633965997.64,8981133000.0
2002-04-03,SBUX,4.52,4.5,4.56,4.48,4.52,2657700,62136473.1984,4.54,0.7,382338880,382339000.0,7565721432.45,8900848000.0
2002-04-02,SBUX,4.52,4.48,4.53,4.43,4.49,2092200,48198400.5492,4.47,0.55,382338880,382339000.0,7572217618.54,8908488000.0
2002-03-29,SBUX,4.49,4.56,4.57,4.47,4.55,2092200,48810998.8014,4.53,0.55,382338880,382339000.0,7516970300.36,8843488000.0
2002-03-28,SBUX,4.55,4.51,4.6,4.47,4.56,2209900,51723787.9312,4.54,0.58,382338880,382339000.0,7627464936.73,8973484000.0
2002-03-27,SBUX,4.56,4.47,4.61,4.44,4.5,2591400,60627357.84,4.54,0.68,382338880,382339000.0,7633965997.64,8981133000.0
2002-03-26,SBUX,4.5,4.57,4.62,4.47,4.57,3157900,73754958.7142,4.53,0.83,382338880,382339000.0,7539721738.64,8870258000.0
2002-03-23,SBUX,4.57,4.6,4.64,4.55,4.65,2155900,51021300.8746,4.59,0.56,382338880,382339000.0,7663213947.0,9015543000.0
2002-03-22,SBUX,4.65,4.6,4.66,4.5,4.59,2238800,52969983.3732,4.59,0.59,382338880,382339000.0,7793212091.09,9168480000.0
2002-03-21,SBUX,4.59,4.61,4.76,4.57,4.63,3723000,89702282.178,4.67,0.97,382338880,382339000.0,7695714701.72,9053777000.0
2002-03-20,SBUX,4.63,4.59,4.66,4.59,4.61,2126600,50842959.0802,4.64,0.56,382338880,382339000.0,7754209950.46,9122598000.0
2002-03-19,SBUX,4.61,4.63,4.66,4.56,4.61,2535500,60326880.2015,4.62,0.66,382338880,382339000.0,7715213009.64,9076719000.0
2002-03-16,SBUX,4.61,4.63,4.65,4.55,4.53,3256800,77408882.7816,4.61,0.85,382338880,382339000.0,7718466140.0,9080547000.0
2002-03-15,SBUX,4.53,4.42,4.57,4.42,4.4,3262900,75933523.591,4.52,0.85,382338880,382339000.0,7585219740.37,8923785000.0
2002-03-14,SBUX,4.4,4.4,4.52,4.37,4.44,2640200,60557736.7198,4.45,0.69,382338880,382339000.0,7364225267.82,8663789000.0
2002-03-13,SBUX,4.44,4.4,4.45,4.34,4.43,2800900,63376518.8782,4.39,0.73,382338880,382339000.0,7442224349.27,8755555000.0
2002-03-12,SBUX,4.43,4.46,4.56,4.41,4.45,3352600,77484932.4718,4.48,0.88,382338880,382339000.0,7425973971.91,8736438000.0
2002-03-09,SBUX,4.45,4.49,4.52,4.38,4.49,4396598,100697433.9304,4.44,1.15,382338880,382339000.0,7461722657.19,8778492000.0
2002-03-08,SBUX,4.49,4.5,4.54,4.45,4.49,2532000,58522095.744,4.48,0.66,382338880,382339000.0,7513722044.82,8839672000.0
2002-03-07,SBUX,4.49,4.57,4.58,4.45,4.55,4204199,97090464.2001,4.48,1.1,382338880,382339000.0,7520223105.73,8847316000.0
2002-03-06,SBUX,4.55,4.65,4.71,4.51,4.67,3943300,93613906.5103,4.61,1.03,382338880,382339000.0,7627464936.73,8973484000.0
2002-03-05,SBUX,4.67,4.59,4.68,4.5,4.56,5832598,138756847.3364,4.62,1.53,382338880,382339000.0,7822459715.46,9202891000.0
2002-03-02,SBUX,4.56,4.57,4.61,4.43,4.46,5419598,126882484.8408,4.54,1.42,382338880,382339000.0,7637219128.0,8984961000.0
2002-03-01,SBUX,4.46,4.43,4.58,4.41,4.35,5655699,131212199.8329,4.5,1.48,382338880,382339000.0,7477973359.54,8797613000.0
2002-02-28,SBUX,4.35,4.36,4.43,4.32,4.33,3528100,79550536.8419,4.37,0.92,382338880,382339000.0,7292727572.28,8579676000.0
2002-02-27,SBUX,4.33,4.36,4.39,4.18,4.3,3301400,72922627.253,4.29,0.86,382338880,382339000.0,7250482700.9,8529977000.0
2002-02-26,SBUX,4.3,4.18,4.31,4.18,4.19,2775200,60980296.6096,4.26,0.73,382338880,382339000.0,7198483313.27,8468801000.0
2002-02-23,SBUX,4.19,4.08,4.25,4.04,4.09,2668500,57211020.2205,4.16,0.7,382338880,382339000.0,7022986842.46,8262336000.0
2002-02-22,SBUX,4.09,4.17,4.26,4.08,4.2,2613000,56216343.3,4.17,0.68,382338880,382339000.0,6857244887.91,8067344000.0
2002-02-21,SBUX,4.2,4.15,4.22,4.12,4.14,1933100,41530708.8014,4.17,0.51,382338880,382339000.0,7029488228.36,8269984000.0
2002-02-20,SBUX,4.14,4.14,4.25,4.11,4.18,1838800,39599267.7768,4.18,0.48,382338880,382339000.0,6938491899.91,8162930000.0
2002-02-16,SBUX,4.18,4.24,4.27,4.17,4.22,1519500,33012190.5135,4.22,0.4,382338880,382339000.0,7006741664.9,8243223000.0
2002-02-15,SBUX,4.22,4.26,4.32,4.19,4.27,2089800,45916034.4306,4.26,0.55,382338880,382339000.0,7065236913.64,8312039000.0
2002-02-14,SBUX,4.27,4.2,4.28,4.17,4.18,1664900,36375053.1959,4.24,0.44,382338880,382339000.0,7149737056.0,8411453000.0
2002-02-13,SBUX,4.18,4.22,4.26,4.17,4.23,1742400,37794042.9504,4.21,0.46,382338880,382339000.0,6996992348.45,8231754000.0
2002-02-12,SBUX,4.23,4.27,4.32,4.21,4.26,2969400,65199979.8954,4.26,0.78,382338880,382339000.0,7084735546.54,8334980000.0
2002-02-09,SBUX,4.26,4.21,4.27,4.12,4.2,2795200,60399198.712,4.19,0.74,380260000,380260000.0,7104396287.12,8358109000.0
2002-02-08,SBUX,4.2,4.25,4.34,4.18,4.23,3728500,82009819.072,4.27,0.98,380260000,380260000.0,7000962981.35,8236426000.0
2002-02-07,SBUX,4.23,4.37,4.39,4.18,4.34,3452500,75608676.2725,4.25,0.91,380260000,380260000.0,7039753056.78,8282059000.0
2002-02-06,SBUX,4.34,4.33,4.45,4.28,4.32,3253600,73177007.1704,4.36,0.86,380260000,380260000.0,7230452153.89,8506414000.0
2002-02-05,SBUX,4.32,4.43,4.47,4.29,4.44,3380800,76049378.5536,4.36,0.89,380260000,380260000.0,7204593827.45,8475988000.0
2002-02-02,SBUX,4.44,4.63,4.63,4.37,4.61,4897398,112482927.9346,4.46,1.29,380260000,380260000.0,7392062653.89,8696539000.0
2002-02-01,SBUX,4.61,4.44,4.63,4.43,4.42,7403199,173070453.7598,4.54,1.95,380260000,380260000.0,7682959614.57,9038773000.0
2002-01-31,SBUX,4.42,4.31,4.44,4.29,4.33,4207398,94920560.8022,4.38,1.11,380260000,380260000.0,7356508343.9,8654715000.0
2002-01-30,SBUX,4.33,4.41,4.45,4.27,4.44,3283500,73507343.4645,4.34,0.86,380260000,380260000.0,7214290134.23,8487395000.0
2002-01-29,SBUX,4.44,4.44,4.49,4.34,4.43,2406000,54683782.134,4.41,0.63,380260000,380260000.0,7395293247.79,8700344000.0
2002-01-26,SBUX,4.43,4.54,4.54,4.37,4.49,5085098,116439560.513,4.44,1.34,380260000,380260000.0,7385596941.01,8688934000.0
2002-01-25,SBUX,4.49,4.47,4.53,4.31,4.39,6931098,158684667.7531,4.44,1.82,380260000,380260000.0,7479333616.78,8799211000.0
2002-01-24,SBUX,4.39,4.2,4.43,4.15,4.15,5328098,118704082.6107,4.32,1.4,380260000,380260000.0,7317723116.78,8609082000.0
2002-01-23,SBUX,4.15,4.26,4.29,4.15,4.25,2262900,49279157.4597,4.23,0.6,380260000,380260000.0,6910461747.79,8129953000.0
2002-01-19,SBUX,4.25,4.28,4.32,4.19,4.27,3475400,76160242.2876,4.25,0.91,380260000,380260000.0,7081768231.35,8331488000.0
2002-01-18,SBUX,4.27,4.11,4.27,4.11,4.12,3508200,75853584.7272,4.19,0.92,380260000,380260000.0,7114092593.9,8369516000.0
2002-01-17,SBUX,4.12,4.26,4.28,4.11,4.25,2929900,63529018.7701,4.21,0.77,380260000,380260000.0,6868446250.0,8080523000.0
2002-01-16,SBUX,4.25,4.23,4.27,4.21,4.25,3596400,78679866.9744,4.24,0.95,380260000,380260000.0,7081768231.35,8331488000.0
2002-01-15,SBUX,4.25,4.25,4.27,4.18,4.25,4638398,101220920.8544,4.23,1.22,380260000,380260000.0,7078537960.67,8327688000.0
2002-01-12,SBUX,4.25,4.36,4.38,4.23,4.36,5121199,113762263.374,4.31,1.35,380260000,380260000.0,7072072247.79,8320082000.0
2002-01-11,SBUX,4.36,4.25,4.37,4.21,4.24,4430500,97825382.4035,4.28,1.17,380260000,380260000.0,7262771344.91,8544434000.0
2002-01-10,SBUX,4.24,4.43,4.46,4.24,4.4,4636898,104072379.5605,4.35,1.22,380260000,380260000.0,7068841653.9,8316281000.0
2002-01-09,SBUX,4.4,4.25,4.43,4.24,4.24,5467898,122469372.4673,4.35,1.44,380260000,380260000.0,7333880288.13,8628090000.0
2002-01-08,SBUX,4.24,4.28,4.36,4.22,4.29,5801000,128087773.892,4.28,1.53,380260000,380260000.0,7059145347.12,8304875000.0
2002-01-05,SBUX,4.29,4.21,4.4,4.21,3.96,15689398,347134159.441,4.29,4.13,380260000,380260000.0,7146411461.69,8407539000.0
2002-01-04,SBUX,3.96,3.8,3.98,3.8,3.79,6301000,127545446.896,3.93,1.66,380260000,380260000.0,6600172173.56,7764906000.0
2002-01-03,SBUX,3.79,3.71,3.8,3.69,3.7,2858500,54901205.6915,3.73,0.75,380260000,380260000.0,6306040093.9,7418867000.0
2002-01-01,SBUX,3.7,3.76,3.83,3.69,3.78,2370700,46199241.4665,3.78,0.62,380260000,380260000.0,6157356171.35,7243945000.0
2001-12-29,SBUX,3.78,3.77,3.84,3.75,3.76,1737000,33971184.693,3.79,0.46,380260000,380260000.0,6302809500.0,7415066000.0
2001-12-28,SBUX,3.76,3.7,3.78,3.69,3.69,1744100,33584544.8249,3.74,0.46,380260000,380260000.0,6257553711.69,7361824000.0
2001-12-27,SBUX,3.69,3.66,3.73,3.64,3.66,1460000,27843213.24,3.7,0.38,380260000,380260000.0,6147659864.57,7232539000.0
2001-12-25,SBUX,3.66,3.64,3.71,3.62,3.66,685000,12930190.835,3.66,0.18,380260000,380260000.0,6095622899.67,7171320000.0
2001-12-22,SBUX,3.66,3.59,3.71,3.54,3.57,4473199,83770917.2667,3.63,1.18,380260000,380260000.0,6089482347.12,7164094000.0
2001-12-21,SBUX,3.57,3.69,3.7,3.57,3.71,2864800,53434536.08,3.62,0.75,380260000,380260000.0,5950494731.35,7000578000.0
2001-12-20,SBUX,3.71,3.75,3.76,3.64,3.79,2606100,49864846.3656,3.71,0.69,380260000,380260000.0,6173518191.01,7262957000.0
2001-12-19,SBUX,3.79,3.68,3.79,3.64,3.79,3150800,60340926.6888,3.72,0.83,380260000,380260000.0,6306040093.9,7418867000.0
2001-12-18,SBUX,3.79,3.73,3.81,3.73,3.73,3027700,58918094.3299,3.78,0.8,380260000,380260000.0,6309270364.57,7422668000.0
2001-12-15,SBUX,3.73,3.61,3.8,3.61,3.63,3522500,67524169.23,3.72,0.92,381280000,381280000.0,6225727563.21,7324383000.0
2001-12-14,SBUX,3.63,3.57,3.68,3.54,3.64,3905200,72596465.1984,3.61,1.02,381280000,381280000.0,6063683563.21,7133742000.0
2001-12-13,SBUX,3.64,3.68,3.68,3.53,3.69,4749297,87944105.0958,3.59,1.25,381280000,381280000.0,6073405879.12,7145180000.0
2001-12-12,SBUX,3.69,3.73,3.8,3.68,3.71,2308200,44331979.3518,3.73,0.61,381280000,381280000.0,6167394315.91,7255754000.0
2001-12-11,SBUX,3.71,3.67,3.76,3.64,3.68,3255000,62254459.47,3.71,0.85,381280000,381280000.0,6196560939.56,7290070000.0
2001-12-08,SBUX,3.68,3.78,3.79,3.64,3.79,3403100,64713009.29,3.69,0.89,381280000,381280000.0,6141466627.74,7225254000.0
2001-12-07,SBUX,3.79,3.85,3.86,3.78,3.86,3410000,67106072.0,3.82,0.89,381280000,381280000.0,6332677251.38,7450203000.0
2001-12-06,SBUX,3.86,3.81,3.87,3.77,3.81,7229398,142186252.7728,3.82,1.9,381280000,381280000.0,6452588190.94,7591277000.0
2001-12-05,SBUX,3.81,3.59,3.82,3.59,3.59,6947898,133046591.111,3.72,1.82,381280000,381280000.0,6371566190.94,7495957000.0
2001-12-04,SBUX,3.59,3.42,3.67,3.41,3.44,8404500,154594793.496,3.57,2.2,381280000,381280000.0,5989144943.65,7046051000.0
2001-12-01,SBUX,3.44,3.31,3.45,3.28,3.28,5960398,103833673.6364,3.38,1.56,381280000,381280000.0,5675272060.15,6756273000.0
2001-11-30,SBUX,3.28,3.3,3.3,3.24,3.28,3607900,60938477.291,3.28,0.95,381280000,381280000.0,5412648958.35,6443625000.0
2001-11-29,SBUX,3.28,3.31,3.36,3.25,3.34,3951300,67232938.1661,3.3,1.04,381280000,381280000.0,5415849788.7,6447438000.0
2001-11-28,SBUX,3.34,3.35,3.39,3.31,3.37,4396898,75831061.7849,3.35,1.15,381280000,381280000.0,5505526524.42,6554195000.0
2001-11-27,SBUX,3.37,3.38,3.39,3.32,3.36,3902000,67661440.89,3.36,1.02,381280000,381280000.0,5563178622.62,6622828000.0
2001-11-24,SBUX,3.36,3.36,3.38,3.34,3.36,678300,11748761.7219,3.36,0.18,381280000,381280000.0,5543963071.45,6599953000.0
2001-11-22,SBUX,3.36,3.38,3.45,3.33,3.37,3240500,56189615.419,3.36,0.85,381280000,381280000.0,5543963071.45,6599953000.0
2001-11-21,SBUX,3.37,3.38,3.43,3.33,3.37,4458797,77800211.2139,3.39,1.17,381280000,381280000.0,5566379773.25,6626641000.0
2001-11-20,SBUX,3.37,3.4,3.41,3.31,3.4,5596199,97048661.8799,3.36,1.47,381280000,381280000.0,5569585407.72,6630457000.0
2001-11-17,SBUX,3.4,3.5,3.54,3.33,3.72,19794398,344584601.7308,3.38,5.19,381280000,381280000.0,5604816000.0,6672398000.0
2001-11-16,SBUX,3.72,3.7,3.73,3.67,3.71,2884600,55085755.2462,3.7,0.76,381280000,381280000.0,6139674943.45,7309133000.0
2001-11-15,SBUX,3.71,3.75,3.78,3.65,3.75,3569800,67864386.1506,3.69,0.94,381280000,381280000.0,6123660222.62,7290070000.0
2001-11-14,SBUX,3.75,3.71,3.75,3.6,3.71,2815300,53485632.46,3.69,0.74,381280000,381280000.0,6184513471.45,7362512000.0
2001-11-13,SBUX,3.71,3.71,3.72,3.51,3.69,2131200,40014113.2992,3.64,0.56,381280000,381280000.0,6117253437.52,7282441000.0
2001-11-10,SBUX,3.69,3.69,3.72,3.64,3.66,2606100,49396246.1307,3.68,0.68,381280000,381280000.0,6094836735.72,7255754000.0
2001-11-09,SBUX,3.66,3.69,3.76,3.59,3.69,2382300,45278205.8247,3.69,0.62,381280000,381280000.0,6046792573.25,7198559000.0
2001-11-08,SBUX,3.69,3.74,3.79,3.62,3.74,3466200,65940943.7394,3.69,0.91,381280000,381280000.0,6085228800.0,7244316000.0
2001-11-07,SBUX,3.74,3.55,3.77,3.54,3.61,4888898,91330476.4287,3.62,1.28,381280000,381280000.0,6171699580.97,7347258000.0
2001-11-06,SBUX,3.61,3.54,3.62,3.51,3.47,4136898,76144969.1098,3.57,1.09,381280000,381280000.0,5957115837.52,7091801000.0
2001-11-03,SBUX,3.47,3.38,3.62,3.36,3.35,6352297,114336893.0398,3.49,1.67,381280000,381280000.0,5729723007.72,6821094000.0
2001-11-02,SBUX,3.35,3.33,3.4,3.28,3.32,3494500,60043858.3605,3.33,0.92,381280000,381280000.0,5537555966.07,6592324000.0
2001-11-01,SBUX,3.32,3.37,3.41,3.28,3.36,3039100,52353943.5672,3.34,0.8,381280000,381280000.0,5483109822.62,6527508000.0
2001-10-31,SBUX,3.36,3.25,3.4,3.18,3.29,4233500,71906391.2155,3.3,1.11,381280000,381280000.0,5550365052.42,6607574000.0
2001-10-30,SBUX,3.29,3.44,3.45,3.27,3.47,3045100,52458513.2239,3.34,0.8,381280000,381280000.0,5428663679.17,6462691000.0
2001-10-27,SBUX,3.47,3.43,3.48,3.38,3.46,2421900,42805132.8705,3.43,0.64,381280000,381280000.0,5720110267.87,6809652000.0
2001-10-26,SBUX,3.46,3.35,3.47,3.27,3.37,3968300,68922993.9419,3.37,1.04,381280000,381280000.0,5704100671.45,6790594000.0
2001-10-25,SBUX,3.37,3.34,3.44,3.32,3.34,4244699,74203281.0986,3.39,1.11,381280000,381280000.0,5566379773.25,6626641000.0
2001-10-24,SBUX,3.34,3.38,3.41,3.29,3.34,4383199,75856913.0217,3.36,1.15,381280000,381280000.0,5508732479.17,6558012000.0
2001-10-23,SBUX,3.34,3.25,3.37,3.2,3.22,2961700,50227153.3981,3.29,0.78,381280000,381280000.0,5511933309.52,6561824000.0
2001-10-20,SBUX,3.22,3.14,3.3,3.13,3.16,3453600,57088004.5464,3.21,0.91,381280000,381280000.0,5319766267.87,6333051000.0
2001-10-19,SBUX,3.16,3.07,3.21,3.02,3.08,3683300,59473471.607,3.13,0.97,381280000,381280000.0,5220481916.7,6214855000.0
2001-10-18,SBUX,3.08,3.35,3.36,3.07,3.27,4551297,75042649.6824,3.2,1.19,381280000,381280000.0,5089172607.72,6058535000.0
2001-10-17,SBUX,3.27,3.21,3.31,3.17,3.19,3315700,55897695.293,3.27,0.87,381280000,381280000.0,5403041022.62,6432188000.0
2001-10-16,SBUX,3.19,3.08,3.19,3.04,3.1,3143700,50558234.5926,3.12,0.82,381280000,381280000.0,5262119294.07,6264426000.0
2001-10-13,SBUX,3.1,3.25,3.25,2.98,3.3,6470199,102909809.1348,3.09,1.7,381280000,381280000.0,5124403200.0,6100477000.0
2001-10-12,SBUX,3.3,3.28,3.31,3.2,3.26,4106699,69015930.8508,3.26,1.08,381280000,381280000.0,5451080380.97,6489379000.0
2001-10-11,SBUX,3.26,3.23,3.36,3.2,3.19,2813900,47574044.52,3.28,0.74,381280000,381280000.0,5377418366.07,6401684000.0
2001-10-10,SBUX,3.19,3.3,3.32,3.17,3.31,2571600,42761562.5808,3.23,0.67,381280000,381280000.0,5265320124.42,6268234000.0
2001-10-09,SBUX,3.31,3.24,3.35,3.22,3.29,2783700,47255790.5604,3.29,0.73,381280000,381280000.0,5467095101.8,6508441000.0
2001-10-06,SBUX,3.29,3.18,3.35,3.11,2.92,10168500,170595765.291,3.25,2.67,381280000,381280000.0,5431864509.52,6466500000.0
2001-10-05,SBUX,2.92,3.08,3.14,2.87,3.04,9618598,147591615.1512,2.98,2.52,381280000,381280000.0,4826547264.0,5745887000.0
2001-10-04,SBUX,3.04,2.82,3.09,2.8,2.82,4064500,62608338.65,2.99,1.07,381280000,381280000.0,5015509632.0,5970844000.0
2001-10-03,SBUX,2.82,2.82,2.93,2.77,2.87,4981598,73199601.012,2.85,1.31,381280000,381280000.0,4663206591.72,5551434000.0
2001-10-02,SBUX,2.87,2.87,2.91,2.75,2.9,3214100,46541132.23,2.81,0.84,381280000,381280000.0,4740072639.72,5642941000.0
2001-09-29,SBUX,2.9,2.87,2.95,2.8,2.82,3821600,56600953.28,2.87,1.0,381280000,381280000.0,4784911488.0,5696320000.0
2001-09-28,SBUX,2.82,2.73,2.86,2.65,2.72,3298100,46593248.13,2.74,0.87,381280000,381280000.0,4653598656.0,5539996000.0
2001-09-27,SBUX,2.72,2.91,2.92,2.71,2.92,4477500,63960639.75,2.77,1.17,381280000,381280000.0,4483852800.0,5337918000.0
2001-09-26,SBUX,2.92,2.92,2.94,2.77,2.9,4835598,71605051.6242,2.87,1.27,381280000,381280000.0,4820141439.72,5738262000.0
2001-09-25,SBUX,2.9,2.83,2.94,2.79,2.77,7120598,105807101.8614,2.88,1.87,381280000,381280000.0,4794519423.72,5707758000.0
2001-09-22,SBUX,2.77,2.67,2.82,2.61,2.85,9854598,138240300.744,2.72,2.58,381280000,381280000.0,4573529856.0,5444676000.0
2001-09-21,SBUX,2.85,2.94,2.95,2.8,2.97,8921500,130406457.65,2.84,2.34,381280000,381280000.0,4698436863.72,5593371000.0
2001-09-20,SBUX,2.97,3.04,3.18,2.91,3.03,5938297,91914148.6254,3.0,1.56,381280000,381280000.0,4900210239.72,5833582000.0
2001-09-19,SBUX,3.03,3.02,3.08,2.94,3.01,3514400,54960998.72,3.03,0.92,381280000,381280000.0,4996292799.72,5947965000.0
2001-09-18,SBUX,3.01,3.01,3.12,2.99,3.19,7840199,123495678.5684,3.06,2.06,381280000,381280000.0,4967468031.72,5913648000.0
2001-09-11,SBUX,3.19,3.1,3.26,3.09,3.13,4988898,81960100.8152,3.19,1.31,381280000,381280000.0,5268526079.17,6272051000.0
2001-09-08,SBUX,3.13,3.14,3.27,3.11,3.15,4113699,67258941.6267,3.17,1.08,381280000,381280000.0,5162834622.62,6146227000.0
2001-09-07,SBUX,3.15,3.2,3.21,3.06,3.22,6586297,105979426.6384,3.12,1.73,381280000,381280000.0,5201266045.25,6191980000.0
2001-09-06,SBUX,3.22,3.2,3.27,3.13,3.2,4621297,75823865.8293,3.18,1.21,381280000,381280000.0,5322972222.62,6336867000.0
2001-09-05,SBUX,3.2,3.27,3.36,3.19,3.27,4927598,83589766.9396,3.29,1.29,381280000,381280000.0,5278134014.9,6283488000.0
2001-09-01,SBUX,3.27,3.28,3.42,3.26,3.39,7809898,133164149.7296,3.31,2.05,381280000,381280000.0,5403041022.62,6432188000.0
2001-08-31,SBUX,3.39,3.4,3.6,3.38,3.39,5535199,98352659.4586,3.45,1.45,381280000,381280000.0,5588801279.17,6653332000.0
2001-08-30,SBUX,3.39,3.47,3.5,3.39,3.46,3839600,67639910.242,3.42,1.01,381280000,381280000.0,5598409214.9,6664770000.0
2001-08-29,SBUX,3.46,3.6,3.61,3.43,3.59,3887200,70132061.6368,3.5,1.02,381280000,381280000.0,5713708286.9,6802031000.0
2001-08-28,SBUX,3.59,3.6,3.61,3.56,3.6,3204600,59124225.8754,3.58,0.84,381280000,381280000.0,5928292350.62,7057488000.0
2001-08-25,SBUX,3.6,3.62,3.69,3.59,3.63,4032500,75621867.685,3.64,1.06,381280000,381280000.0,5941101116.7,7072734000.0
2001-08-24,SBUX,3.63,3.62,3.68,3.6,3.65,3413400,63911457.0996,3.63,0.9,381280000,381280000.0,5989145279.17,7129930000.0
2001-08-23,SBUX,3.65,3.64,3.67,3.58,3.66,3118500,58185892.9575,3.62,0.82,381280000,381280000.0,6017968766.07,7164246000.0
2001-08-22,SBUX,3.66,3.62,3.7,3.59,3.63,3170500,59643728.1745,3.65,0.83,381280000,381280000.0,6033983486.9,7183309000.0
2001-08-21,SBUX,3.63,3.49,3.66,3.48,3.48,2997300,55227047.8827,3.57,0.79,381280000,381280000.0,5989145279.17,7129930000.0
2001-08-18,SBUX,3.48,3.45,3.54,3.4,3.51,2831600,50794633.9472,3.48,0.74,381280000,381280000.0,5752139709.52,6847781000.0
2001-08-17,SBUX,3.51,3.44,3.51,3.39,3.45,3069700,54529193.0536,3.45,0.81,381280000,381280000.0,5790571452.42,6893535000.0
2001-08-16,SBUX,3.45,3.5,3.55,3.44,3.49,2723100,48891354.33,3.48,0.71,381280000,381280000.0,5697693566.07,6782965000.0
2001-08-15,SBUX,3.49,3.58,3.59,3.49,3.56,2770800,50447661.8952,3.53,0.73,381280000,381280000.0,5768154750.62,6866848000.0
2001-08-14,SBUX,3.56,3.5,3.6,3.48,3.48,2432200,44377186.6756,3.54,0.64,381280000,381280000.0,5870640252.42,6988855000.0
2001-08-11,SBUX,3.48,3.52,3.59,3.47,3.52,4015800,72742197.1842,3.51,1.05,381280000,381280000.0,5752139709.52,6847781000.0
2001-08-10,SBUX,3.52,3.41,3.55,3.41,3.41,4018400,72186127.7232,3.49,1.06,380164000,380164000.0,5799169889.55,6903770000.0
2001-08-09,SBUX,3.41,3.45,3.51,3.4,3.47,4187699,74701380.8193,3.46,1.1,380164000,380164000.0,5620341701.96,6690879000.0
2001-08-08,SBUX,3.47,3.43,3.53,3.4,3.4,3636600,64951454.2974,3.47,0.96,380164000,380164000.0,5706564174.51,6793527000.0
2001-08-07,SBUX,3.4,3.53,3.53,3.4,3.46,3030000,53736728.82,3.44,0.8,380164000,380164000.0,5594794042.48,6660465000.0
2001-08-04,SBUX,3.46,3.57,3.58,3.39,3.58,5374598,96105304.4296,3.47,1.41,380164000,380164000.0,5696984361.05,6782121000.0
2001-08-03,SBUX,3.58,3.59,3.6,3.52,3.57,2898000,53257383.522,3.57,0.76,380164000,380164000.0,5894972175.56,7017820000.0
2001-08-02,SBUX,3.57,3.52,3.6,3.49,3.5,5148199,94306717.0796,3.55,1.35,380164000,380164000.0,5879004329.55,6998813000.0
2001-08-01,SBUX,3.5,3.58,3.6,3.47,3.57,4874598,88830730.4022,3.54,1.28,380164000,380164000.0,5760850955.04,6858152000.0
2001-07-31,SBUX,3.57,3.65,3.65,3.54,3.64,3225300,59613816.5805,3.59,0.85,380164000,380164000.0,5875812867.97,6995012000.0
2001-07-28,SBUX,3.64,3.54,3.69,3.5,3.69,7038598,130294936.491,3.59,1.85,380164000,380164000.0,5987583000.0,7128074000.0
2001-07-27,SBUX,3.69,3.81,3.81,3.67,3.8,4283500,82154103.2,3.72,1.13,380164000,380164000.0,6067417440.0,7223113000.0
2001-07-26,SBUX,3.8,3.89,3.89,3.75,3.85,3572200,69761082.997,3.79,0.94,380164000,380164000.0,6262208683.53,7455008000.0
2001-07-25,SBUX,3.85,3.83,3.97,3.77,3.82,2660000,53522639.38,3.9,0.7,380164000,380164000.0,6338851661.96,7546250000.0
2001-07-24,SBUX,3.82,3.94,3.99,3.8,3.93,2036400,40957070.5632,3.9,0.54,380164000,380164000.0,6284564881.44,7481621000.0
2001-07-21,SBUX,3.93,3.78,3.97,3.76,3.77,3947700,79528785.12,3.91,1.04,380164000,380164000.0,6466589640.0,7698316000.0
2001-07-20,SBUX,3.77,3.84,3.89,3.76,3.79,2880400,56841796.3176,3.83,0.76,380164000,380164000.0,6207921903.01,7390379000.0
2001-07-19,SBUX,3.79,3.92,3.92,3.73,3.89,4191797,82135709.4106,3.8,1.1,380164000,380164000.0,6243049375.95,7432199000.0
2001-07-18,SBUX,3.89,3.91,3.93,3.85,3.91,3625100,72545809.3335,3.88,0.95,380164000,380164000.0,6405914826.92,7626086000.0
2001-07-17,SBUX,3.91,3.98,4.0,3.89,3.98,4057100,82549383.6474,3.95,1.07,380164000,380164000.0,6428265915.42,7652691000.0
2001-07-14,SBUX,3.98,4.0,4.01,3.94,4.02,5149500,105505978.7565,3.98,1.35,380164000,380164000.0,6546424080.0,7793359000.0
2001-07-13,SBUX,4.02,4.05,4.09,3.99,4.01,6206199,129357624.1733,4.04,1.63,380164000,380164000.0,6610290673.99,7869391000.0
2001-07-12,SBUX,4.01,3.95,4.06,3.92,3.96,5770000,118702678.76,3.99,1.52,380164000,380164000.0,6607094103.01,7865586000.0
2001-07-11,SBUX,3.96,4.08,4.08,3.95,4.06,6653500,137630881.101,4.01,1.75,380164000,380164000.0,6524068201.44,7766742000.0
2001-07-10,SBUX,4.06,3.98,4.09,3.97,3.97,4793598,99606134.4932,4.03,1.26,380164000,380164000.0,6686928543.01,7960625000.0
2001-07-07,SBUX,3.97,4.06,4.06,3.88,4.25,9285000,189526302.075,3.96,2.44,380164000,380164000.0,6540036047.45,7785754000.0
2001-07-06,SBUX,4.25,4.26,4.32,4.23,4.27,3079700,67759229.8721,4.27,0.81,380164000,380164000.0,6999883060.52,8333191000.0
2001-07-04,SBUX,4.27,4.43,4.43,4.24,4.42,2691700,59411713.823,4.28,0.71,380164000,380164000.0,7022234149.02,8359797000.0
2001-07-03,SBUX,4.42,4.36,4.44,4.28,4.46,4127297,92450990.5427,4.35,1.09,380164000,380164000.0,7271317282.48,8656324000.0
2001-06-30,SBUX,4.46,4.32,4.49,4.24,4.39,3695100,81899670.7449,4.3,0.97,380164000,380164000.0,7344768480.0,8743770000.0
2001-06-29,SBUX,4.39,4.29,4.49,4.27,4.25,3953300,89810235.2537,4.41,1.04,380164000,380164000.0,7232998347.97,8610711000.0
2001-06-28,SBUX,4.25,4.27,4.31,4.18,4.25,2964200,64900856.6516,4.25,0.78,380164000,380164000.0,7003074841.44,8336992000.0
2001-06-27,SBUX,4.25,4.22,4.29,4.19,4.3,2117300,46356354.6397,4.25,0.56,380164000,380164000.0,6990303247.06,8321789000.0
2001-06-26,SBUX,4.3,4.27,4.35,4.25,4.28,2963200,65673973.4976,4.3,0.78,380164000,380164000.0,7079717500.52,8428230000.0
2001-06-23,SBUX,4.28,4.38,4.4,4.2,4.43,4604098,101751440.5786,4.29,1.21,380164000,380164000.0,7038201995.04,8378809000.0
2001-06-22,SBUX,4.43,4.05,4.52,4.05,4.07,12001500,268537042.935,4.34,3.16,380164000,380164000.0,7296864941.96,8686742000.0
2001-06-21,SBUX,4.07,3.93,4.09,3.93,3.94,3985400,83038148.4298,4.04,1.05,380164000,380164000.0,6696508356.47,7972031000.0
2001-06-20,SBUX,3.94,3.86,3.98,3.85,3.82,4103500,82992877.15,3.92,1.08,380164000,380164000.0,6492132509.41,7728727000.0
2001-06-19,SBUX,3.82,3.8,3.88,3.76,3.79,2548500,50314520.703,3.83,0.67,380164000,380164000.0,6290952913.99,7489227000.0
2001-06-16,SBUX,3.79,3.73,3.87,3.69,3.72,3678400,71517983.5392,3.77,0.97,380164000,380164000.0,6239857595.04,7428398000.0
2001-06-15,SBUX,3.72,3.78,3.84,3.72,3.79,2461700,47848542.9315,3.77,0.65,380164000,380164000.0,6128087463.01,7295340000.0
2001-06-14,SBUX,3.79,3.78,3.9,3.76,3.77,3124400,62026179.3116,3.85,0.82,380164000,380164000.0,6246245946.92,7436004000.0
2001-06-13,SBUX,3.77,3.68,3.82,3.67,3.73,2474700,47756998.1712,3.74,0.65,380164000,380164000.0,6198342089.55,7378977000.0
2001-06-12,SBUX,3.73,3.7,3.78,3.69,3.69,2221000,42743338.227,3.73,0.58,380164000,380164000.0,6137667276.47,7306742000.0
2001-06-09,SBUX,3.69,3.78,3.78,3.68,3.76,1872900,35847849.141,3.71,0.49,380164000,380164000.0,6080188715.04,7238316000.0
2001-06-08,SBUX,3.76,3.73,3.84,3.69,3.73,2175600,42201614.364,3.76,0.57,380164000,380164000.0,6195150627.97,7375176000.0
2001-06-07,SBUX,3.73,3.81,3.82,3.68,3.82,2920800,56133368.5128,3.73,0.77,380164000,380164000.0,6137667276.47,7306742000.0
2001-06-06,SBUX,3.82,3.73,3.86,3.72,3.72,3179400,62266291.626,3.8,0.84,380164000,380164000.0,6290952913.99,7489227000.0
2001-06-05,SBUX,3.72,3.81,3.82,3.7,3.8,2298100,44135435.6485,3.73,0.6,380164000,380164000.0,6128087463.01,7295340000.0
2001-06-02,SBUX,3.8,3.88,3.9,3.68,3.79,4406797,85623162.3166,3.77,1.16,380164000,380164000.0,6255825441.05,7447410000.0
2001-06-01,SBUX,3.79,3.9,3.9,3.69,3.9,5444699,105772517.7292,3.77,1.43,380164000,380164000.0,5194557968.74,7420793000.0
2001-05-31,SBUX,3.9,3.83,3.95,3.81,3.86,4566098,91621486.8966,3.89,1.2,380164000,380164000.0,5346245267.54,7637488000.0
2001-05-30,SBUX,3.86,3.96,4.03,3.83,3.96,1994400,40077653.4792,3.9,0.52,380164000,380164000.0,5287699745.43,7553855000.0
2001-05-26,SBUX,3.96,3.96,4.0,3.85,3.95,1635800,33126073.7946,3.93,0.43,380164000,380164000.0,5426080505.89,7751539000.0
2001-05-25,SBUX,3.95,3.89,3.95,3.81,3.9,3641200,72727493.6352,3.88,0.96,380164000,380164000.0,5423416962.85,7747734000.0
2001-05-24,SBUX,3.9,4.09,4.11,3.87,4.11,4926598,100319295.2682,3.95,1.3,380164000,380164000.0,5346245267.54,7637488000.0
2001-05-23,SBUX,4.11,4.11,4.18,4.06,4.09,4188797,89019865.6427,4.12,1.1,380164000,380164000.0,5641632961.66,8059473000.0
2001-05-22,SBUX,4.09,4.01,4.1,3.94,4.02,3747700,77451058.7807,4.01,0.99,380164000,380164000.0,5615019884.97,8021453000.0
2001-05-19,SBUX,4.02,4.02,4.05,3.91,4.02,3017400,61570919.0286,3.96,0.8,378744000,378744000.0,5487999764.64,7839996000.0
2001-05-18,SBUX,4.02,3.88,4.07,3.88,3.88,5585797,114814314.5663,3.99,1.47,378744000,378744000.0,5495953123.52,7851359000.0
2001-05-17,SBUX,3.88,3.77,3.9,3.71,3.79,4441000,88323491.759,3.86,1.17,378744000,378744000.0,5307715499.67,7582445000.0
2001-05-16,SBUX,3.79,3.71,3.88,3.71,3.75,4564699,89781215.9279,3.82,1.21,378744000,378744000.0,5180458576.15,7400652000.0
2001-05-15,SBUX,3.75,3.67,3.79,3.61,3.67,5010000,96092761.92,3.72,1.32,378744000,378744000.0,5122131735.03,7317328000.0
2001-05-12,SBUX,3.67,3.64,3.7,3.6,3.61,3367900,63191550.7026,3.64,0.89,378744000,378744000.0,5013431146.55,7162039000.0
2001-05-11,SBUX,3.61,3.64,3.68,3.59,3.63,2794900,52380025.8312,3.64,0.74,378744000,378744000.0,4933894111.19,7048418000.0
2001-05-10,SBUX,3.63,3.6,3.69,3.57,3.61,3270200,61441799.5184,3.65,0.86,378744000,378744000.0,4957758164.64,7082508000.0
2001-05-09,SBUX,3.61,3.74,3.74,3.52,3.66,6898199,128523691.1955,3.61,1.82,378744000,378744000.0,4928594611.52,7040844000.0
2001-05-08,SBUX,3.66,3.68,3.74,3.62,3.68,3370200,63906062.6796,3.68,0.89,378744000,378744000.0,5002828170.4,7146895000.0
2001-05-05,SBUX,3.68,3.51,3.69,3.49,3.68,6722598,124806282.2732,3.6,1.77,378744000,378744000.0,5034641340.79,7192340000.0
2001-05-04,SBUX,3.68,3.79,3.8,3.67,3.82,4209898,80441455.3849,3.71,1.11,378744000,378744000.0,5024038364.64,7177195000.0
2001-05-03,SBUX,3.82,3.9,3.91,3.73,3.88,4567598,89372806.0838,3.8,1.21,378744000,378744000.0,5225528581.91,7465039000.0
2001-05-02,SBUX,3.88,3.75,3.91,3.73,3.75,6223898,123091885.4676,3.84,1.64,378744000,378744000.0,5307715499.67,7582445000.0
2001-05-01,SBUX,3.75,3.68,3.83,3.59,3.6,7077000,135938533.269,3.73,1.87,378744000,378744000.0,5130085093.91,7328688000.0
2001-04-28,SBUX,3.6,3.59,3.64,3.56,3.85,14291500,532411153.5095,3.61,7.55,189372000,189372000.0,4925942873.28,7037059000.0
2001-04-27,SBUX,3.85,3.91,3.96,3.83,3.85,2199700,88421321.1027,3.9,1.16,189372000,189372000.0,5259995744.08,7514277000.0
2001-04-26,SBUX,3.85,3.7,3.89,3.65,3.66,2678500,104403874.751,3.78,1.41,189372000,189372000.0,5266624161.76,7523746000.0
2001-04-25,SBUX,3.66,3.82,3.82,3.65,3.78,3333800,128434931.7068,3.74,1.76,189372000,189372000.0,4998851490.96,7141211000.0
2001-04-24,SBUX,3.78,3.91,3.98,3.78,3.9,2013200,79823768.5476,3.85,1.06,189372000,189372000.0,5169855600.0,7385508000.0
2001-04-21,SBUX,3.9,3.94,3.98,3.85,4.0,1963900,79125309.0793,3.91,1.04,189372000,189372000.0,5332904361.76,7618434000.0
2001-04-20,SBUX,4.0,4.02,4.07,3.92,4.03,2194600,90306907.7708,3.99,1.16,189372000,189372000.0,5472093179.44,7817273000.0
2001-04-19,SBUX,4.03,3.82,4.08,3.79,3.78,3128800,127542716.08,3.95,1.65,189372000,189372000.0,5502581541.2,7860828000.0
2001-04-18,SBUX,3.78,3.74,3.83,3.71,3.74,1426400,55794340.6416,3.79,0.75,189372000,189372000.0,5167203861.76,7381719000.0
2001-04-17,SBUX,3.74,3.69,3.86,3.69,3.68,2172400,84535882.916,3.77,1.15,189372000,189372000.0,5112853567.52,7304074000.0
2001-04-13,SBUX,3.68,3.79,3.83,3.63,3.9,5038297,192660895.0508,3.71,2.66,189372000,189372000.0,5034643461.76,7192344000.0
2001-04-12,SBUX,3.9,3.92,4.03,3.88,3.88,3090600,125507383.8246,3.94,1.63,189372000,189372000.0,5335556100.0,7622219000.0
2001-04-11,SBUX,3.88,3.78,3.92,3.77,3.75,3228700,128945221.4965,3.87,1.7,189372000,189372000.0,5302416000.0,7574875000.0
2001-04-10,SBUX,3.75,3.64,3.76,3.63,3.61,4966797,190016670.0126,3.71,2.62,189372000,189372000.0,5120806926.4,7315438000.0
2001-04-07,SBUX,3.61,3.9,3.9,3.52,3.97,8625199,325729717.3387,3.66,4.55,189372000,189372000.0,4937874900.0,7054105000.0
2001-04-06,SBUX,3.97,4.03,4.09,3.89,3.97,3087400,126041212.4238,3.96,1.63,189372000,189372000.0,5426691375.0,7752414000.0
2001-04-05,SBUX,3.97,4.0,4.04,3.93,4.05,3323700,136075229.4456,3.97,1.76,189372000,189372000.0,5426691375.0,7752414000.0
2001-04-04,SBUX,4.05,4.15,4.19,4.04,4.17,2446100,103633894.239,4.11,1.29,189372000,189372000.0,5534396700.0,7906277000.0
2001-04-03,SBUX,4.17,4.13,4.23,4.12,4.12,2025500,87013855.549,4.17,1.07,189372000,189372000.0,5700097200.0,8142992000.0
2001-03-31,SBUX,4.12,4.07,4.23,4.07,4.07,2852600,122102650.4636,4.15,1.51,189372000,189372000.0,5625531975.0,8036469000.0
2001-03-30,SBUX,4.07,3.99,4.2,3.93,4.0,3354900,142480918.8402,4.12,1.77,189372000,189372000.0,5559251775.0,7941785000.0
2001-03-29,SBUX,4.0,3.93,4.03,3.9,3.95,2430800,99263886.2736,3.96,1.28,189372000,189372000.0,5459831475.0,7799754000.0
2001-03-28,SBUX,3.95,4.09,4.1,3.9,4.04,3079200,126854387.448,4.0,1.63,189372000,189372000.0,5393551275.0,7705070000.0
2001-03-27,SBUX,4.04,4.01,4.12,4.0,3.97,2896500,121533050.142,4.07,1.53,189372000,189372000.0,5517826650.0,7882605000.0
2001-03-24,SBUX,3.97,3.95,4.0,3.83,3.89,2968800,119207992.836,3.9,1.57,189372000,189372000.0,5418406350.0,7740578000.0
2001-03-23,SBUX,3.89,4.05,4.06,3.74,3.97,4647098,185736574.4637,3.88,2.45,189372000,189372000.0,5310701025.0,7586711000.0
2001-03-22,SBUX,3.97,4.2,4.21,3.97,4.2,3191900,134701336.7891,4.09,1.69,189372000,189372000.0,5426691375.0,7752414000.0
2001-03-21,SBUX,4.2,4.31,4.39,4.2,4.3,2324600,103081588.1816,4.3,1.23,189372000,189372000.0,5733237300.0,8190336000.0
2001-03-20,SBUX,4.3,4.25,4.32,4.23,4.25,1786600,78685233.5276,4.27,0.94,189372000,189372000.0,5874082725.0,8391543000.0
2001-03-17,SBUX,4.25,4.13,4.27,4.12,4.24,2594700,111801694.6242,4.18,1.37,189372000,189372000.0,5807802525.0,8296859000.0
2001-03-16,SBUX,4.24,4.26,4.3,4.18,4.2,1582400,69234732.9584,4.24,0.84,189372000,189372000.0,5791232475.0,8273188000.0
2001-03-15,SBUX,4.2,4.24,4.31,4.13,4.34,2202700,95553339.6619,4.21,1.16,189372000,189372000.0,5733237300.0,8190336000.0
2001-03-14,SBUX,4.34,4.39,4.39,4.12,4.36,3304700,144186701.4553,4.23,1.75,189372000,189372000.0,5932077900.0,8474395000.0
2001-03-13,SBUX,4.36,4.55,4.55,4.34,4.57,2279100,103527882.7527,4.41,1.2,189372000,189372000.0,5956932975.0,8509902000.0
2001-03-10,SBUX,4.57,4.61,4.63,4.54,4.61,1361900,64445368.1229,4.59,0.72,189372000,189372000.0,6246908850.0,8924152000.0
2001-03-09,SBUX,4.61,4.5,4.62,4.47,4.48,2331200,109033720.8,4.54,1.23,189372000,189372000.0,6304904025.0,9007004000.0
2001-03-08,SBUX,4.48,4.54,4.57,4.45,4.54,2007800,93365304.1166,4.51,1.06,189372000,189372000.0,6122633475.0,8746617000.0
2001-03-07,SBUX,4.54,4.54,4.58,4.49,4.53,1896300,88754804.46,4.54,1.0,189372000,189372000.0,6197198700.0,8853137000.0
2001-03-06,SBUX,4.53,4.61,4.61,4.47,4.61,1666600,77728875.7206,4.52,0.88,189372000,189372000.0,6188913675.0,8841301000.0
2001-03-03,SBUX,4.61,4.66,4.76,4.61,4.61,5715098,277153043.1341,4.7,3.02,189372000,189372000.0,6296619000.0,8995168000.0
2001-03-02,SBUX,4.61,4.61,4.66,4.49,4.62,2379000,111990946.821,4.57,1.26,189372000,189372000.0,6304904025.0,9007004000.0
2001-03-01,SBUX,4.62,4.69,4.7,4.6,4.68,2555800,122040191.182,4.63,1.35,189372000,189372000.0,6583754295.0,9018836000.0
2001-02-28,SBUX,4.68,4.63,4.74,4.61,4.64,2037000,98435376.9,4.69,1.08,189372000,189372000.0,6670155270.0,9137195000.0
2001-02-27,SBUX,4.64,4.63,4.7,4.62,4.63,1774800,84935890.1304,4.64,0.94,189372000,189372000.0,6609674587.5,9054344000.0
2001-02-24,SBUX,4.63,4.6,4.66,4.49,4.6,2258300,106801298.6238,4.59,1.19,189372000,189372000.0,6592394392.5,9030676000.0
2001-02-23,SBUX,4.6,4.69,4.72,4.54,4.64,1610000,76720987.07,4.62,0.85,189372000,189372000.0,6549193905.0,8971496000.0
2001-02-22,SBUX,4.64,4.65,4.78,4.55,4.69,2382000,114217838.508,4.65,1.26,188520000,188520000.0,6588538350.0,9025391000.0
2001-02-21,SBUX,4.69,4.78,4.87,4.68,4.75,1829500,90214818.446,4.78,0.97,188520000,188520000.0,6648746925.0,9107867000.0
2001-02-17,SBUX,4.75,4.7,4.83,4.68,4.78,1072700,52524752.2819,4.75,0.57,188520000,188520000.0,6734759175.0,9225695000.0
2001-02-16,SBUX,4.78,4.67,4.8,4.66,4.64,1462800,71539550.52,4.74,0.78,188520000,188520000.0,6777765300.0,9284605000.0
2001-02-15,SBUX,4.64,4.73,4.78,4.61,4.72,2274600,110262360.927,4.7,1.21,188520000,188520000.0,6588538350.0,9025391000.0
2001-02-14,SBUX,4.72,4.81,4.93,4.72,4.85,2147300,107240656.2989,4.84,1.14,188520000,188520000.0,6691753050.0,9166781000.0
2001-02-13,SBUX,4.85,4.69,4.86,4.69,4.69,1697100,84319374.8748,4.82,0.9,188520000,188520000.0,6880980000.0,9425996000.0
2001-02-10,SBUX,4.69,4.67,4.77,4.64,4.72,1440000,69827893.92,4.7,0.76,188520000,188520000.0,6648746925.0,9107867000.0
2001-02-09,SBUX,4.72,4.84,4.98,4.67,4.84,3437500,171557350.9375,4.84,1.82,188520000,188520000.0,6691753050.0,9166781000.0
2001-02-08,SBUX,4.84,4.77,4.86,4.76,4.84,1771400,87940432.0402,4.82,0.94,188520000,188520000.0,6863777550.0,9402434000.0
2001-02-07,SBUX,4.84,4.66,4.85,4.64,4.65,3423500,169294105.1355,4.8,1.82,188520000,188520000.0,6863777550.0,9402434000.0
2001-02-06,SBUX,4.65,4.64,4.7,4.49,4.64,2138400,100980799.2864,4.58,1.13,188520000,188520000.0,6597139575.0,9037176000.0
2001-02-03,SBUX,4.64,4.69,4.74,4.62,4.76,2948500,141538888.8105,4.66,1.56,188520000,188520000.0,6588538350.0,9025391000.0
2001-02-02,SBUX,4.76,4.79,4.82,4.68,4.84,2577300,126280189.7478,4.75,1.37,188520000,188520000.0,6751961625.0,9249262000.0
2001-02-01,SBUX,4.84,4.72,4.86,4.72,4.73,3990900,197951832.72,4.81,2.12,188520000,188520000.0,6872378775.0,9414215000.0
2001-01-31,SBUX,4.73,4.72,4.74,4.58,4.78,2309700,111364469.7933,4.68,1.23,188520000,188520000.0,6708955500.0,9190348000.0
2001-01-30,SBUX,4.78,4.43,4.79,4.41,4.43,5874797,282678711.7108,4.67,3.17,185528960,185529000.0,6670229934.4,9137297000.0
2001-01-27,SBUX,4.43,4.32,4.44,4.32,4.15,2826700,128014150.8097,4.39,1.52,185528960,185529000.0,6179273924.0,8464754000.0
2001-01-26,SBUX,4.15,4.23,4.26,4.06,4.21,2468900,105473106.6032,4.14,1.33,185528960,185529000.0,5798359778.0,7942957000.0
2001-01-25,SBUX,4.21,4.51,4.52,4.15,4.5,3099100,135956556.279,4.26,1.67,185528960,185529000.0,5874542607.2,8047316000.0
2001-01-24,SBUX,4.5,4.37,4.52,4.37,4.39,1230700,56576370.6309,4.46,0.66,185528960,185529000.0,6280851029.6,8603902000.0
2001-01-23,SBUX,4.39,4.51,4.52,4.34,4.49,1398400,63723391.7408,4.42,0.75,185528960,185529000.0,6128485371.2,8395184000.0
2001-01-20,SBUX,4.49,4.37,4.54,4.35,4.41,1975600,90524358.7688,4.44,1.06,185528960,185529000.0,6272386270.8,8592309000.0
2001-01-19,SBUX,4.41,4.4,4.44,4.35,4.35,1551800,70666167.8974,4.42,0.84,185528960,185529000.0,6153879647.6,8429969000.0
2001-01-18,SBUX,4.35,4.36,4.43,4.3,4.35,1469500,66198469.5025,4.37,0.79,185528960,185529000.0,6069232059.6,8314012000.0
2001-01-17,SBUX,4.35,4.29,4.43,4.29,4.34,1425700,63926229.4902,4.35,0.77,185528960,185529000.0,6069232059.6,8314012000.0
2001-01-13,SBUX,4.34,4.24,4.34,4.23,4.3,2081000,91756681.871,4.28,1.12,185528960,185529000.0,6060767300.8,8302418000.0
2001-01-12,SBUX,4.3,4.22,4.33,4.22,4.27,1504900,66489318.7365,4.29,0.81,185528960,185529000.0,6001513989.2,8221250000.0
2001-01-11,SBUX,4.27,4.0,4.3,3.98,4.05,2564200,111360098.1896,4.21,1.38,185528960,185529000.0,5959190195.2,8163273000.0
2001-01-10,SBUX,4.05,4.13,4.2,4.04,4.12,1105600,46730613.0032,4.1,0.6,185528960,185529000.0,5654458878.4,7745832000.0
2001-01-09,SBUX,4.12,4.0,4.17,4.0,4.05,1926500,81122212.1205,4.08,1.04,185528960,185529000.0,5747571225.2,7873383000.0
2001-01-06,SBUX,4.05,4.12,4.19,4.04,3.99,3506000,149283025.8,4.13,1.89,185528960,185529000.0,5654458878.4,7745832000.0
2001-01-05,SBUX,3.99,4.15,4.16,3.92,4.2,3017500,125430821.4125,4.03,1.63,185528960,185529000.0,5569811290.4,7629875000.0
2001-01-04,SBUX,4.2,4.07,4.29,3.95,4.08,3001800,127550348.3184,4.12,1.62,185528960,185529000.0,5857613089.6,8024125000.0
2001-01-03,SBUX,4.08,4.26,4.29,4.01,4.29,2054800,87412213.2356,4.13,1.11,185528960,185529000.0,5696782672.4,7803809000.0
2000-12-30,SBUX,4.29,4.32,4.38,4.26,4.3,1410200,63074991.2584,4.34,0.76,185528960,185529000.0,5993049230.4,8209656000.0
2000-12-29,SBUX,4.3,4.27,4.33,4.23,4.29,1913400,84478701.3462,4.28,1.03,185528960,185529000.0,6009978748.0,8232844000.0
2000-12-28,SBUX,4.29,4.32,4.38,4.27,4.37,2493200,111384707.28,4.33,1.34,185528960,185529000.0,5993049230.4,8209656000.0
2000-12-27,SBUX,4.37,4.4,4.41,4.29,4.39,1048600,47074054.2454,4.35,0.57,185528960,185529000.0,6094626336.0,8348801000.0
2000-12-23,SBUX,4.39,4.4,4.45,4.29,4.36,1791900,80437652.7372,4.35,0.97,185528960,185529000.0,6128485371.2,8395184000.0
2000-12-22,SBUX,4.36,4.27,4.46,4.23,4.27,2062400,92673310.8432,4.36,1.11,185528960,185529000.0,6086161577.2,8337203000.0
2000-12-21,SBUX,4.27,4.35,4.35,4.23,4.38,2703600,119030842.962,4.27,1.46,185528960,185529000.0,5959190195.2,8163273000.0
2000-12-20,SBUX,4.38,4.24,4.46,4.23,4.23,2444200,110592927.6012,4.39,1.32,185528960,185529000.0,6111555853.6,8371992000.0
2000-12-19,SBUX,4.23,4.09,4.27,4.04,4.06,2080800,89287105.1112,4.16,1.12,185528960,185529000.0,5899936883.6,8082102000.0
2000-12-16,SBUX,4.06,4.21,4.22,4.01,4.23,4057400,173617732.4434,4.15,2.19,185528960,185529000.0,5671388396.0,7769023000.0
2000-12-15,SBUX,4.23,4.29,4.33,4.21,4.27,1777500,78319494.0,4.27,0.96,185528960,185529000.0,5899936883.6,8082102000.0
2000-12-14,SBUX,4.27,4.39,4.43,4.26,4.36,1429200,63591963.8724,4.32,0.77,185528960,185529000.0,5967654954.0,8174867000.0
2000-12-13,SBUX,4.36,4.26,4.46,4.22,4.27,1762000,79648552.904,4.39,0.95,185528960,185529000.0,6086161577.2,8337203000.0
2000-12-12,SBUX,4.27,4.54,4.54,4.24,4.55,3151200,141034473.8088,4.34,1.7,185528960,185529000.0,5967654954.0,8174867000.0
2000-12-09,SBUX,4.55,4.56,4.56,4.44,4.54,1854400,85653241.3536,4.48,1.0,185528960,185529000.0,6348569100.0,8696668000.0
2000-12-08,SBUX,4.54,4.41,4.56,4.39,4.46,1651000,76395557.394,4.49,0.89,185528960,185529000.0,6340104341.2,8685070000.0
2000-12-07,SBUX,4.46,4.44,4.51,4.4,4.49,2456600,112657953.9234,4.45,1.32,185528960,185529000.0,6230062476.8,8534328000.0
2000-12-06,SBUX,4.49,4.36,4.52,4.3,4.35,2343900,107456779.9188,4.45,1.26,185528960,185529000.0,6263921512.0,8580711000.0
2000-12-05,SBUX,4.35,4.29,4.4,4.18,4.29,2826800,124707360.3852,4.28,1.52,185528960,185529000.0,6077696818.4,8325609000.0
2000-11-30,SBUX,4.41,4.38,4.46,4.33,4.32,2882300,130225769.8777,4.38,1.55,185528960,185529000.0,6835321719.9,8438664000.0
2000-11-29,SBUX,4.32,4.33,4.47,4.3,4.37,2551000,115680431.692,4.4,1.37,185528960,185529000.0,6692087565.0,8261832000.0
2000-11-28,SBUX,4.37,4.63,4.63,4.25,4.66,3409300,153664982.1621,4.37,1.84,185528960,185529000.0,6771922995.6,8360395000.0
2000-11-25,SBUX,4.66,4.73,4.75,4.63,4.72,667600,32137520.2936,4.67,0.36,185528960,185529000.0,7213365964.8,8905387000.0
2000-11-23,SBUX,4.72,4.54,4.78,4.51,4.6,3176000,153631682.496,4.69,1.71,185528960,185529000.0,7316682404.4,9032938000.0
2000-11-22,SBUX,4.6,4.63,4.66,4.47,4.84,3962400,186393629.8536,4.56,2.14,185528960,185529000.0,7128834332.4,8801027000.0
2000-11-21,SBUX,4.84,4.6,4.93,4.58,4.65,6458500,320642514.432,4.82,3.48,185528960,185529000.0,7495138072.8,9253254000.0
2000-11-18,SBUX,4.65,4.39,4.74,4.32,4.49,4238898,201264089.3648,4.61,2.28,185528960,185529000.0,7203973561.2,8893793000.0
2000-11-17,SBUX,4.49,4.59,4.6,4.4,4.61,2220700,102560788.8137,4.48,1.2,185528960,185529000.0,6950378664.0,8580711000.0
2000-11-16,SBUX,4.61,4.56,4.68,4.54,4.57,1570400,74552689.0576,4.61,0.85,185528960,185529000.0,7147619139.6,8824219000.0
2000-11-15,SBUX,4.57,4.32,4.57,4.31,4.3,2490700,115357004.6258,4.49,1.34,185528960,185529000.0,7072479910.8,8731453000.0
2000-11-14,SBUX,4.3,4.28,4.38,4.22,4.32,2533100,112185920.1345,4.3,1.37,185528960,185529000.0,6668606556.0,8232844000.0
2000-11-11,SBUX,4.32,4.28,4.46,4.27,4.35,1429500,64521608.946,4.38,0.77,185528960,185529000.0,6687391363.2,8256035000.0
2000-11-10,SBUX,4.35,4.31,4.37,4.2,4.35,1705900,75064364.5787,4.27,0.92,185528960,185529000.0,6734353381.2,8314012000.0
2000-11-09,SBUX,4.35,4.56,4.56,4.32,4.57,1806100,81723297.789,4.39,0.97,185528960,185529000.0,6734353381.2,8314012000.0
2000-11-08,SBUX,4.57,4.5,4.58,4.46,4.54,2484200,116165387.8138,4.54,1.34,185528960,185529000.0,7072479910.8,8731453000.0
2000-11-07,SBUX,4.54,4.57,4.67,4.47,4.54,2764600,130503454.451,4.58,1.49,185528960,185529000.0,7025517892.8,8673477000.0
2000-11-04,SBUX,4.54,4.37,4.59,4.37,4.37,5000598,232942821.6298,4.52,2.7,185528960,185529000.0,7034910296.4,8685070000.0
2000-11-03,SBUX,4.37,4.33,4.37,4.24,4.32,2551600,113255827.92,4.31,1.38,185528960,185529000.0,6762530592.0,8348801000.0
2000-11-02,SBUX,4.32,4.3,4.38,4.17,4.33,4226500,187340440.894,4.3,2.28,185528960,185529000.0,6696783766.8,8267629000.0
2000-11-01,SBUX,4.33,4.06,4.35,4.06,4.04,5158297,226254244.3568,4.25,2.78,185528960,185529000.0,6715568574.0,8290820000.0
2000-10-31,SBUX,4.04,3.87,4.07,3.83,3.86,2163100,88408263.4314,3.96,1.17,185528960,185529000.0,6255340797.6,7722641000.0
2000-10-28,SBUX,3.86,3.75,3.88,3.64,3.98,3834400,147816484.268,3.74,2.07,185528960,185529000.0,5973568689.6,7374773000.0
2000-10-27,SBUX,3.98,3.97,3.98,3.72,3.95,2535500,100502113.503,3.85,1.37,185528960,185529000.0,6161416761.6,7606684000.0
2000-10-26,SBUX,3.95,3.95,4.07,3.92,3.92,1670900,69224711.9564,4.02,0.9,185528960,185529000.0,6114454743.6,7548707000.0
2000-10-25,SBUX,3.92,3.96,4.03,3.89,3.88,1025600,41937081.424,3.97,0.55,185528960,185529000.0,6067492725.6,7490730000.0
2000-10-24,SBUX,3.88,3.92,4.0,3.84,3.91,1183300,47711839.3,3.91,0.64,185528960,185529000.0,6011138304.0,7421156000.0
2000-10-21,SBUX,3.91,3.89,3.97,3.89,3.98,1091000,44119710.518,3.92,0.59,185528960,185529000.0,6058100322.0,7479133000.0
2000-10-20,SBUX,3.98,3.91,4.05,3.8,3.91,1972400,80480998.9436,3.96,1.06,185528960,185529000.0,6161416761.6,7606684000.0
2000-10-19,SBUX,3.91,3.82,3.98,3.71,3.86,1647500,65414971.0575,3.85,0.89,185528960,185529000.0,6058100322.0,7479133000.0
2000-10-18,SBUX,3.86,3.98,4.0,3.79,3.93,1056300,42073269.8148,3.86,0.57,185528960,185529000.0,5973568689.6,7374773000.0
2000-10-17,SBUX,3.93,3.75,3.98,3.72,3.81,1459000,58670028.746,3.9,0.79,185528960,185529000.0,6095669936.4,7525516000.0
2000-10-14,SBUX,3.81,3.67,3.83,3.6,3.72,1572100,60104351.1248,3.71,0.85,185528960,185529000.0,5898429460.8,7282008000.0
2000-10-13,SBUX,3.72,3.89,3.89,3.57,3.89,1870700,71017009.96,3.68,1.01,185528960,185529000.0,5757543406.8,7108074000.0
2000-10-12,SBUX,3.89,3.86,4.01,3.86,3.93,1166400,47283054.3072,3.93,0.63,185528960,185529000.0,6020530707.6,7432750000.0
2000-10-11,SBUX,3.93,3.94,4.02,3.87,3.93,1222000,49648747.98,3.94,0.66,185528960,185529000.0,6095669936.4,7525516000.0
2000-10-10,SBUX,3.93,3.89,4.0,3.86,3.9,1112200,44979577.9414,3.92,0.6,185528960,185529000.0,6086277532.8,7513922000.0
2000-10-07,SBUX,3.9,4.03,4.11,3.86,3.98,1373400,56398654.5192,3.98,0.74,185528960,185529000.0,6039315514.8,7455941000.0
2000-10-06,SBUX,3.98,3.9,4.11,3.88,3.95,2092400,87222296.6112,4.04,1.13,185528960,185529000.0,6161416761.6,7606684000.0
2000-10-05,SBUX,3.95,3.85,3.97,3.84,3.83,1250500,50341364.7445,3.91,0.67,185528960,185529000.0,6123847147.2,7560301000.0
2000-10-04,SBUX,3.83,3.94,3.99,3.8,3.92,1314900,53026489.0557,3.91,0.71,185528960,185529000.0,5935999075.2,7328391000.0
2000-10-03,SBUX,3.92,3.89,3.93,3.72,3.89,1719700,68066910.8733,3.84,0.93,185528960,185529000.0,6067492725.6,7490730000.0
2000-09-30,SBUX,3.89,4.01,4.05,3.86,3.98,1320500,53973182.086,3.96,0.71,185528960,185529000.0,6020530707.6,7432750000.0
2000-09-29,SBUX,3.98,3.89,4.04,3.88,3.87,1642500,67296335.895,3.97,0.89,185528960,185529000.0,6170809165.2,7618277000.0
2000-09-28,SBUX,3.87,3.81,3.89,3.69,3.83,1563100,61294457.7245,3.8,0.84,185528960,185529000.0,5992353496.8,7397961000.0
2000-09-27,SBUX,3.83,3.86,3.92,3.79,3.87,1057600,41902204.0112,3.84,0.57,185528960,185529000.0,5935999075.2,7328391000.0
2000-09-26,SBUX,3.87,3.76,3.9,3.75,3.8,1473700,58352772.57,3.84,0.79,185528960,185529000.0,6001745900.4,7409559000.0
2000-09-23,SBUX,3.8,3.72,3.85,3.72,3.75,1238300,48373305.3538,3.79,0.67,185528960,185529000.0,5879644653.6,7258816000.0
2000-09-22,SBUX,3.75,3.66,3.77,3.61,3.67,1363100,51958911.6045,3.7,0.73,185528960,185529000.0,5804505424.8,7166051000.0
2000-09-21,SBUX,3.67,3.61,3.7,3.52,3.65,1287500,47923188.525,3.61,0.69,185528960,185529000.0,5691796581.6,7026906000.0
2000-09-20,SBUX,3.65,3.65,3.72,3.55,3.64,1225000,45593025.1,3.61,0.66,185528960,185529000.0,5654226967.2,6980523000.0
2000-09-19,SBUX,3.64,3.67,3.73,3.55,3.76,1052300,39397584.7977,3.63,0.57,185528960,185529000.0,5637790260.9,6960230000.0
2000-09-16,SBUX,3.76,3.77,3.8,3.69,3.68,2466100,95348052.4178,3.75,1.33,185528960,185529000.0,5823290232.0,7189242000.0
2000-09-15,SBUX,3.68,3.77,3.77,3.64,3.78,1540500,58529740.0545,3.69,0.83,185528960,185529000.0,5701188985.2,7038500000.0
2000-09-14,SBUX,3.78,3.64,3.82,3.63,3.63,1771600,68444513.4788,3.75,0.95,185528960,185529000.0,5851467442.8,7224031000.0
2000-09-13,SBUX,3.63,3.55,3.66,3.55,3.53,919400,34282947.6048,3.62,0.5,185528960,185529000.0,5616657352.8,6934141000.0
2000-09-12,SBUX,3.53,3.53,3.61,3.48,3.52,1116000,40789242.0,3.55,0.6,185528960,185529000.0,5466378895.2,6748613000.0
2000-09-09,SBUX,3.52,3.61,3.63,3.52,3.65,799300,29339015.4791,3.56,0.43,185528960,185529000.0,5447594088.0,6725422000.0
2000-09-08,SBUX,3.65,3.61,3.66,3.57,3.58,832300,31063766.44,3.62,0.45,185528960,185529000.0,5654226967.2,6980523000.0
2000-09-07,SBUX,3.58,3.73,3.73,3.58,3.65,1597900,60335745.26,3.66,0.86,185528960,185529000.0,5550910527.6,6852973000.0
2000-09-06,SBUX,3.65,3.69,3.77,3.64,3.66,927400,35334299.8312,3.7,0.5,185528960,185529000.0,5654226967.2,6980523000.0
2000-09-02,SBUX,3.66,3.71,3.83,3.65,3.55,1865500,71502171.195,3.72,1.01,185528960,185529000.0,5663619370.8,6992117000.0
2000-09-01,SBUX,3.55,3.57,3.64,3.5,3.56,1203800,44378314.5182,3.58,0.65,185528960,185529000.0,5571898491.2,6794996000.0
2000-08-31,SBUX,3.56,3.41,3.63,3.41,3.41,2478500,90897748.25,3.56,1.34,185528960,185529000.0,5581406850.4,6806590000.0
2000-08-30,SBUX,3.41,3.52,3.53,3.35,3.5,1875800,66023461.121,3.41,1.01,185528960,185529000.0,5343697870.4,6516699000.0
2000-08-29,SBUX,3.5,3.47,3.54,3.45,3.47,1248700,45067694.5517,3.5,0.67,185528960,185529000.0,5486323258.4,6690637000.0
2000-08-26,SBUX,3.47,3.51,3.6,3.44,3.5,1287200,46837338.6768,3.53,0.69,185528960,185529000.0,5438781462.4,6632656000.0
2000-08-25,SBUX,3.5,3.48,3.5,3.44,3.47,1580700,56538630.9279,3.47,0.85,185528960,185529000.0,5495831617.6,6702230000.0
2000-08-24,SBUX,3.47,3.56,3.56,3.46,3.64,5088898,182136208.8948,3.47,2.74,185528960,185529000.0,5448289821.6,6644254000.0
2000-08-23,SBUX,3.64,3.63,3.73,3.62,3.61,1463900,55671222.5571,3.69,0.79,185528960,185529000.0,5705015520.0,6957332000.0
2000-08-22,SBUX,3.61,3.57,3.65,3.53,3.55,1527200,56681548.4592,3.6,0.82,185528960,185529000.0,5666982083.2,6910949000.0
2000-08-19,SBUX,3.55,3.69,3.69,3.51,3.71,3983800,147140856.24,3.58,2.15,185528960,185529000.0,5571898491.2,6794996000.0
2000-08-18,SBUX,3.71,3.84,3.85,3.66,3.92,3473300,133809552.8469,3.74,1.87,185528960,185529000.0,5819115830.4,7096480000.0
2000-08-17,SBUX,3.92,3.92,4.02,3.75,3.95,2774300,110654339.8757,3.87,1.5,185528960,185529000.0,6151908402.4,7502324000.0
2000-08-16,SBUX,3.95,4.05,4.06,3.93,4.07,1301600,53194956.3352,3.96,0.7,185528960,185529000.0,6199450198.4,7560301000.0
2000-08-15,SBUX,4.07,4.15,4.15,4.0,4.14,1593000,66343968.891,4.04,0.86,185528960,185529000.0,6380109023.2,7780617000.0
2000-08-12,SBUX,4.14,4.16,4.16,4.03,4.16,1922500,81496887.8275,4.11,1.04,185528960,185529000.0,6494209333.6,7919766000.0
2000-08-11,SBUX,4.16,4.15,4.28,4.13,4.17,2838500,123628596.7,4.23,1.53,185528960,185529000.0,6522734411.2,7954551000.0
2000-08-10,SBUX,4.17,4.14,4.23,4.13,4.16,2022300,87053325.2316,4.18,1.09,185528960,185529000.0,6541751129.6,7977742000.0
2000-08-09,SBUX,4.16,4.1,4.2,4.07,4.15,2241800,95627090.6184,4.14,1.21,185528960,185529000.0,6522734411.2,7954551000.0
2000-08-08,SBUX,4.15,4.01,4.17,3.96,4.04,3042200,127598370.949,4.07,1.64,185528960,185529000.0,6513226052.0,7942957000.0
2000-08-05,SBUX,4.04,3.89,4.07,3.88,3.89,2441800,100658043.0348,4.0,1.32,185528960,185529000.0,6342075586.4,7734234000.0
2000-08-04,SBUX,3.89,3.77,3.9,3.75,3.81,1624700,64393018.613,3.84,0.88,185528960,185529000.0,6094858247.2,7432750000.0
2000-08-03,SBUX,3.81,3.69,3.89,3.68,3.68,1415300,55792678.5841,3.82,0.76,185528960,185529000.0,5971249577.6,7282008000.0
2000-08-02,SBUX,3.68,3.63,3.72,3.63,3.64,1195900,45346372.9882,3.68,0.64,185528960,185529000.0,5771574034.4,7038500000.0
2000-08-01,SBUX,3.64,3.6,3.8,3.55,3.59,1473600,55738623.8064,3.67,0.79,185528960,185529000.0,5705015520.0,6957332000.0
2000-07-29,SBUX,3.59,3.59,3.87,3.58,3.5,2731400,104161384.5258,3.7,1.47,185528960,185529000.0,5628948646.4,6864570000.0
2000-07-28,SBUX,3.5,3.66,3.69,3.49,3.66,3716700,137016847.9563,3.58,2.0,185528960,185529000.0,5495831617.6,6702230000.0
2000-07-27,SBUX,3.66,3.71,3.72,3.63,3.74,2566800,96994459.1448,3.67,1.38,185528960,185529000.0,5733540597.6,6992117000.0
2000-07-26,SBUX,3.74,3.81,3.83,3.6,3.85,5269898,199725403.1122,3.68,2.84,185528960,185529000.0,5866657626.4,7154457000.0
2000-07-25,SBUX,3.85,3.88,3.92,3.82,3.87,1415000,56313874.265,3.86,0.76,185528960,185529000.0,6042562271.6,7368977000.0
2000-07-22,SBUX,3.87,3.86,3.92,3.86,3.88,1767100,70755374.9361,3.88,0.95,185528960,185529000.0,6075841528.8,7409559000.0
2000-07-21,SBUX,3.88,3.87,3.97,3.87,3.86,1439600,57752988.8856,3.89,0.78,185528960,185529000.0,6085349888.0,7421156000.0
2000-07-20,SBUX,3.86,3.84,3.9,3.84,3.86,1021200,40745873.8728,3.87,0.55,185528960,185529000.0,6047316451.2,7374773000.0
2000-07-19,SBUX,3.86,3.86,3.96,3.84,3.86,1521400,60586710.6786,3.86,0.82,185528960,185529000.0,6047316451.2,7374773000.0
2000-07-18,SBUX,3.86,3.85,3.89,3.84,3.88,799000,31815698.203,3.86,0.43,185528960,185529000.0,6056824810.4,7386367000.0
2000-07-15,SBUX,3.88,3.87,3.89,3.84,3.88,943000,37623521.67,3.87,0.51,185528960,185529000.0,6085349888.0,7421156000.0
2000-07-14,SBUX,3.88,3.88,3.89,3.83,3.91,1167100,46455000.9748,3.86,0.63,185528960,185529000.0,6085349888.0,7421156000.0
2000-07-13,SBUX,3.91,3.86,3.99,3.86,3.87,1376600,55700669.2404,3.93,0.74,185528960,185529000.0,6132891684.0,7479133000.0
2000-07-12,SBUX,3.87,3.83,3.96,3.83,3.86,1267800,50832423.2508,3.89,0.68,185528960,185529000.0,6075841528.8,7409559000.0
2000-07-11,SBUX,3.86,4.01,4.15,3.86,4.06,3382000,139755360.016,4.01,1.82,185528960,185529000.0,6047316451.2,7374773000.0
2000-07-08,SBUX,4.06,3.78,4.07,3.76,3.69,5482297,221995134.8631,3.93,2.95,185528960,185529000.0,6361092304.8,7757426000.0
2000-07-07,SBUX,3.69,3.74,3.76,3.54,3.72,3062200,115850650.878,3.67,1.65,185528960,185529000.0,5790590752.8,7061695000.0
2000-07-06,SBUX,3.72,3.74,3.78,3.66,3.73,1184700,45656794.3359,3.74,0.64,185528960,185529000.0,5828624189.6,7108074000.0
2000-07-04,SBUX,3.73,3.69,3.77,3.67,3.7,519100,19886506.0926,3.72,0.28,185528960,185529000.0,5857149267.2,7142863000.0
2000-07-01,SBUX,3.7,3.68,3.78,3.68,3.67,2283000,87631340.919,3.72,1.23,185528960,185529000.0,5809607471.2,7084887000.0
2000-06-30,SBUX,3.67,3.69,3.7,3.63,3.7,1750700,66134418.6902,3.66,0.94,185528960,185529000.0,5762065675.2,7026906000.0
2000-06-29,SBUX,3.7,3.64,3.74,3.62,3.64,1876100,71453142.7239,3.69,1.01,185528960,185529000.0,5809607471.2,7084887000.0
2000-06-28,SBUX,3.64,3.49,3.7,3.48,3.52,2749700,103249860.15,3.64,1.48,185528960,185529000.0,5705015520.0,6957332000.0
2000-06-27,SBUX,3.52,3.41,3.52,3.4,3.43,1123600,40113408.7676,3.46,0.61,185528960,185529000.0,5514848336.0,6725422000.0
2000-06-24,SBUX,3.43,3.5,3.52,3.42,3.47,1070400,38126892.2976,3.46,0.58,185528960,185529000.0,5372222948.0,6551488000.0
2000-06-23,SBUX,3.47,3.5,3.58,3.46,3.51,1371600,49612674.4092,3.51,0.74,185528960,185529000.0,5448289821.6,6644254000.0
2000-06-22,SBUX,3.51,3.44,3.57,3.44,3.44,1414600,51162669.9848,3.51,0.76,185528960,185529000.0,5505339976.8,6713824000.0
2000-06-21,SBUX,3.44,3.4,3.47,3.32,3.41,1187400,41637000.306,3.4,0.64,185528960,185529000.0,5400748025.6,6586273000.0
2000-06-20,SBUX,3.41,3.39,3.42,3.35,3.38,980900,34263413.7692,3.39,0.53,185528960,185529000.0,5343697870.4,6516699000.0
2000-06-17,SBUX,3.38,3.47,3.48,3.37,3.36,1198400,42360796.3296,3.43,0.65,185528960,185529000.0,5305664433.6,6470320000.0
2000-06-16,SBUX,3.36,3.42,3.46,3.34,3.41,998700,34848331.1991,3.38,0.54,185528960,185529000.0,5277139356.0,6435535000.0
2000-06-15,SBUX,3.41,3.49,3.5,3.34,3.49,1109900,38982562.641,3.41,0.6,185528960,185529000.0,5353206229.6,6528297000.0
2000-06-14,SBUX,3.49,3.31,3.57,3.3,3.29,1648600,58524622.4254,3.44,0.9,183546880,183547000.0,5408897120.0,6596211000.0
2000-06-13,SBUX,3.29,3.47,3.47,3.28,3.47,2046700,70691568.9364,3.35,1.12,183546880,183547000.0,5098473459.2,6217648000.0
2000-06-10,SBUX,3.47,3.47,3.54,3.4,3.43,1571300,56541025.9661,3.49,0.86,183546880,183547000.0,5380676787.2,6561797000.0
2000-06-09,SBUX,3.43,3.35,3.46,3.35,3.35,5002500,175536714.495,3.4,2.73,183546880,183547000.0,5314829344.0,6481496000.0
2000-06-08,SBUX,3.35,3.61,3.63,3.1,3.64,36925297,1288101617.4444,3.38,20.12,183546880,183547000.0,5201948012.8,6343836000.0
2000-06-07,SBUX,3.64,3.78,3.83,3.63,3.46,10036598,382961401.404,3.7,5.47,183546880,183547000.0,5644066560.0,6883008000.0
2000-06-06,SBUX,3.46,3.54,3.71,3.44,3.57,1890400,69954435.3688,3.59,1.03,183546880,183547000.0,5361863232.0,6538855000.0
2000-06-03,SBUX,3.57,3.4,3.58,3.38,3.35,2280600,81541229.2128,3.47,1.24,183546880,183547000.0,5540592006.4,6756816000.0
2000-06-02,SBUX,3.35,3.31,3.39,3.26,3.3,1801700,61966758.1398,3.34,0.98,183546880,183547000.0,5192541235.2,6332367000.0
2000-06-01,SBUX,3.3,3.18,3.4,3.16,3.21,3141400,107134607.1744,3.31,1.71,183546880,183547000.0,5179692953.6,6240594000.0
2000-05-31,SBUX,3.21,2.87,3.21,2.87,2.83,1904100,60396892.4031,3.08,1.04,183546880,183547000.0,5036870537.6,6068516000.0
2000-05-27,SBUX,2.83,2.95,3.01,2.8,2.9,947300,28145605.4308,2.88,0.52,183546880,183547000.0,4437016390.4,5345801000.0
2000-05-26,SBUX,2.9,3.01,3.09,2.89,3.01,1362200,42143728.6158,3.0,0.74,183546880,183547000.0,4551274323.2,5483461000.0
2000-05-25,SBUX,3.01,2.82,3.03,2.81,2.75,2590200,78423982.7184,2.94,1.41,183546880,183547000.0,4722661222.4,5689953000.0
2000-05-24,SBUX,2.75,2.9,2.95,2.75,2.9,1480800,43716318.276,2.86,0.81,183546880,183547000.0,4313236963.2,5196668000.0
2000-05-23,SBUX,2.9,2.91,2.91,2.72,2.92,1893800,55091185.5206,2.82,1.03,183546880,183547000.0,4551274323.2,5483461000.0
2000-05-20,SBUX,2.92,2.92,2.98,2.91,2.98,1372500,41563277.505,2.94,0.75,183546880,183547000.0,4589360300.8,5529348000.0
2000-05-19,SBUX,2.98,3.16,3.18,2.98,3.15,966200,30828925.049,3.1,0.53,183546880,183547000.0,4675053750.4,5632594000.0
2000-05-18,SBUX,3.15,3.16,3.27,3.14,3.23,1622500,53505166.275,3.2,0.88,183546880,183547000.0,4941655593.6,5953797000.0
2000-05-17,SBUX,3.23,3.29,3.3,3.17,3.15,2271100,75976016.74,3.25,1.24,183546880,183547000.0,5065435020.8,6102930000.0
2000-05-16,SBUX,3.15,3.0,3.16,2.86,3.16,4084700,125878146.7989,2.99,2.23,183546880,183547000.0,4951177088.0,5965273000.0
2000-05-13,SBUX,3.16,3.2,3.21,3.11,3.23,804400,26236787.4092,3.16,0.44,183546880,183547000.0,4960698582.4,5976742000.0
2000-05-12,SBUX,3.23,3.16,3.25,3.1,3.16,1323700,43048043.7289,3.15,0.72,183546880,183547000.0,5065435020.8,6102930000.0
2000-05-11,SBUX,3.16,3.23,3.26,3.13,3.24,1332200,43862282.6756,3.19,0.73,183546880,183547000.0,4960698582.4,5976742000.0
2000-05-10,SBUX,3.24,3.21,3.25,3.12,3.2,1528400,50156432.92,3.18,0.83,183546880,183547000.0,5084478009.6,6125875000.0
2000-05-09,SBUX,3.2,3.26,3.26,3.18,3.27,1688100,56019414.4971,3.22,0.92,183546880,183547000.0,5027349043.2,6057047000.0
2000-05-06,SBUX,3.27,3.2,3.27,3.09,3.24,2158300,70927997.07,3.19,1.18,183546880,183547000.0,5132085481.6,6183234000.0
2000-05-05,SBUX,3.24,3.07,3.29,3.07,3.09,3086500,100704741.712,3.17,1.68,183546880,183547000.0,5093999504.0,6137344000.0
2000-05-04,SBUX,3.09,3.12,3.12,3.01,3.1,2484200,78552855.9054,3.07,1.35,183546880,183547000.0,4846440649.6,5839082000.0
2000-05-03,SBUX,3.1,3.12,3.25,3.09,3.0,4110898,134028413.23,3.16,2.24,183546880,183547000.0,4865483638.4,5862023000.0
2000-05-02,SBUX,3.0,3.01,3.04,2.92,2.93,7388797,227384996.4067,2.99,4.03,183546880,183547000.0,4713139728.0,5678477000.0
2000-04-29,SBUX,2.93,3.27,3.3,2.91,3.6,16455699,516868552.4246,3.05,8.97,183546880,183547000.0,4606022916.0,5549422000.0
2000-04-28,SBUX,3.6,3.5,3.6,3.44,3.6,2827500,101868307.6125,3.49,1.54,183546880,183547000.0,5646246179.2,6802703000.0
2000-04-27,SBUX,3.6,3.67,3.67,3.54,3.7,2331300,85951037.4831,3.58,1.27,183546880,183547000.0,5655767673.6,6814176000.0
2000-04-26,SBUX,3.7,3.73,3.82,3.4,3.87,3744400,139057643.7668,3.6,2.04,183546880,183547000.0,5817633078.4,7009195000.0
2000-04-25,SBUX,3.87,3.59,3.94,3.58,3.63,1995500,78399802.65,3.81,1.09,183546880,183547000.0,6084234921.6,7330398000.0
2000-04-21,SBUX,3.63,3.62,3.69,3.49,3.61,1007800,37470304.3244,3.61,0.55,183546880,183547000.0,5703375145.6,6871531000.0
2000-04-20,SBUX,3.61,3.61,3.78,3.57,3.63,2074800,78606700.6452,3.68,1.13,183546880,183547000.0,5674810662.4,6837117000.0
2000-04-19,SBUX,3.63,3.52,3.65,3.46,3.5,1600900,58686093.1692,3.56,0.87,183546880,183547000.0,5703375145.6,6871531000.0
2000-04-18,SBUX,3.5,3.32,3.55,3.24,3.41,2447200,85501477.6224,3.39,1.33,183546880,183547000.0,5503423763.2,6630629000.0
2000-04-15,SBUX,3.41,3.78,3.78,3.28,3.86,2625200,96111698.6132,3.55,1.43,183546880,183547000.0,5360601347.2,6458555000.0
2000-04-14,SBUX,3.86,3.66,3.89,3.64,3.65,3379000,131986774.342,3.79,1.84,183546880,183547000.0,6067572306.4,7310324000.0
2000-04-13,SBUX,3.65,3.68,3.74,3.63,3.68,1481100,56211447.75,3.68,0.81,183546880,183547000.0,5731939628.8,6905949000.0
2000-04-12,SBUX,3.68,3.55,3.78,3.47,3.55,1315400,49652798.42,3.66,0.72,183546880,183547000.0,5779547100.8,6963305000.0
2000-04-11,SBUX,3.55,3.9,3.91,3.55,3.89,1696200,64503766.9914,3.69,0.92,183546880,183547000.0,5579595718.4,6722402000.0
2000-04-08,SBUX,3.89,3.69,3.89,3.69,3.64,2297200,89783275.4964,3.79,1.25,183546880,183547000.0,6103277910.4,7353344000.0
2000-04-07,SBUX,3.64,3.87,3.9,3.54,3.84,2374900,91129396.8112,3.72,1.29,183546880,183547000.0,5722418134.4,6894477000.0
2000-04-06,SBUX,3.84,4.13,4.13,3.81,4.21,3237900,131698331.6484,3.95,1.76,183546880,183547000.0,6027105955.2,7261570000.0
2000-04-05,SBUX,4.21,3.99,4.22,3.83,4.02,4970297,206529205.4786,4.03,2.71,183546880,183547000.0,6617438608.0,7972813000.0
2000-04-04,SBUX,4.02,3.9,4.1,3.81,4.35,4416500,179873851.718,3.95,2.41,183546880,183547000.0,6312750787.2,7605719000.0
2000-04-01,SBUX,4.35,3.86,4.39,3.81,3.86,4578199,193469150.1192,4.1,2.49,183546880,183547000.0,6826911484.8,8225191000.0
2000-03-31,SBUX,3.86,3.81,4.04,3.81,3.85,3201200,129689876.2728,3.93,1.74,183546880,183547000.0,6055670438.4,7295984000.0
2000-03-30,SBUX,3.85,3.7,3.88,3.66,3.68,1582700,61916786.1249,3.8,0.86,183546880,183547000.0,6046148944.0,7284516000.0
2000-03-29,SBUX,3.68,3.81,3.87,3.64,3.8,1179000,45423450.9,3.74,0.64,183546880,183547000.0,5779547100.8,6963305000.0
2000-03-28,SBUX,3.8,3.77,3.92,3.76,3.75,2127700,84830967.0769,3.87,1.16,183546880,183547000.0,5960455494.4,7181270000.0
2000-03-25,SBUX,3.75,3.84,3.88,3.64,3.82,1690000,66062248.72,3.79,0.92,183546880,183547000.0,5884283539.2,7089496000.0
2000-03-24,SBUX,3.82,3.75,3.88,3.73,3.8,2320600,91303055.554,3.82,1.26,183546880,183547000.0,5998541472.0,7227156000.0
2000-03-23,SBUX,3.8,3.72,3.86,3.64,3.78,3107700,121541485.0599,3.79,1.69,183546880,183547000.0,5960455494.4,7181270000.0
2000-03-22,SBUX,3.78,3.43,3.79,3.41,3.41,2731300,103734222.2774,3.68,1.49,183546880,183547000.0,5941412505.6,7158328000.0
2000-03-21,SBUX,3.41,3.54,3.57,3.4,3.6,1355300,48280247.6476,3.46,0.74,183546880,183547000.0,5360601347.2,6458555000.0
2000-03-18,SBUX,3.6,3.64,3.7,3.53,3.72,2483400,92878881.8592,3.63,1.35,183546880,183547000.0,5646246179.2,6802703000.0
2000-03-17,SBUX,3.72,3.41,3.78,3.41,3.41,4484898,166539479.9989,3.6,2.44,183546880,183547000.0,5846197561.6,7043609000.0
2000-03-16,SBUX,3.41,3.23,3.49,3.23,3.24,1837900,63998973.3547,3.38,1.0,183546880,183547000.0,5360601347.2,6458555000.0
2000-03-15,SBUX,3.24,3.39,3.44,3.24,3.37,1184300,40636402.7056,3.33,0.65,183546880,183547000.0,5093999504.0,6137344000.0
2000-03-14,SBUX,3.37,3.35,3.44,3.32,3.46,1765600,61422384.9152,3.37,0.96,183546880,183547000.0,5293950886.4,6378250000.0
2000-03-11,SBUX,3.46,3.46,3.49,3.36,3.5,1185900,41890123.2333,3.43,0.65,183546880,183547000.0,5427251808.0,6538855000.0
2000-03-10,SBUX,3.5,3.27,3.52,3.2,3.29,1703100,60110730.5652,3.42,0.93,183546880,183547000.0,5503423763.2,6630629000.0
2000-03-09,SBUX,3.29,3.3,3.37,3.21,3.31,1963400,65942330.269,3.26,1.07,183546880,183547000.0,5160649964.8,6217648000.0
2000-03-08,SBUX,3.31,3.49,3.5,3.3,3.48,1609000,56246453.382,3.39,0.88,183546880,183547000.0,5198735942.4,6263535000.0
2000-03-07,SBUX,3.48,3.58,3.58,3.46,3.61,1409800,50802127.4922,3.5,0.77,183546880,183547000.0,5465337785.6,6584742000.0
2000-03-04,SBUX,3.61,3.26,3.66,3.26,3.23,3526300,127887616.84,3.52,1.92,183546880,183547000.0,5665289168.0,6825648000.0
2000-03-03,SBUX,3.23,3.35,3.35,3.16,3.37,1670600,55862523.4894,3.24,0.91,183546880,183547000.0,5065435020.8,6102930000.0
2000-03-02,SBUX,3.37,3.41,3.47,3.35,3.41,1318500,46469721.6225,3.42,0.72,183546880,183547000.0,5293950886.4,6378250000.0
2000-03-01,SBUX,3.41,3.27,3.44,3.26,3.3,1646000,57114537.54,3.37,0.9,183546880,183547000.0,4835313120.0,6447082000.0
2000-02-29,SBUX,3.3,3.25,3.31,3.18,3.27,1682000,55982169.154,3.23,0.92,183546880,183547000.0,4689049200.0,6252063000.0
2000-02-26,SBUX,3.27,3.38,3.4,3.25,3.4,1173000,40206089.343,3.33,0.64,183546880,183547000.0,4646030400.0,6194703000.0
2000-02-25,SBUX,3.4,3.38,3.51,3.27,3.38,3090200,108225892.9188,3.4,1.68,183546880,183547000.0,4826709360.0,6435609000.0
2000-02-24,SBUX,3.38,3.2,3.4,3.18,3.22,2296600,77990450.6872,3.29,1.25,183546880,183547000.0,4800898080.0,6401195000.0
2000-02-23,SBUX,3.22,3.19,3.27,3.13,3.21,1646300,54114351.8418,3.19,0.9,182641920,182642000.0,4546071540.0,6061426000.0
2000-02-19,SBUX,3.21,3.35,3.4,3.15,3.36,2218200,74794795.9398,3.27,1.21,182641920,182642000.0,4537510200.0,6050012000.0
2000-02-18,SBUX,3.36,3.33,3.37,3.3,3.32,1480100,50760457.2489,3.33,0.81,182641920,182642000.0,4742982360.0,6323973000.0
2000-02-17,SBUX,3.32,3.36,3.36,3.31,3.36,2077200,71470629.6084,3.34,1.14,182641920,182642000.0,4683052980.0,6244070000.0
2000-02-16,SBUX,3.36,3.29,3.38,3.14,3.29,2051300,69305402.3144,3.28,1.12,182641920,182642000.0,4742982360.0,6323973000.0
2000-02-15,SBUX,3.29,3.24,3.38,3.19,3.19,2605400,88227434.0038,3.28,1.43,182641920,182642000.0,4648807620.0,6198406000.0
2000-02-12,SBUX,3.19,3.09,3.25,3.09,3.1,2399200,79004686.7232,3.19,1.31,182641920,182642000.0,4503264840.0,6004352000.0
2000-02-11,SBUX,3.1,3.35,3.36,3.06,3.35,3025900,99835031.65,3.2,1.66,182641920,182642000.0,4383406080.0,5844539000.0
2000-02-10,SBUX,3.35,3.38,3.38,3.3,3.4,2209500,76260218.6025,3.35,1.21,182641920,182642000.0,4725859680.0,6301145000.0
2000-02-09,SBUX,3.4,3.32,3.4,3.3,3.32,2690800,92701009.1168,3.34,1.47,182641920,182642000.0,4794350400.0,6392465000.0
2000-02-08,SBUX,3.32,3.33,3.35,3.24,3.33,2431200,82439293.368,3.29,1.33,182641920,182642000.0,4691614320.0,6255484000.0
2000-02-05,SBUX,3.33,3.15,3.37,3.06,3.05,6413598,216170237.2132,3.27,3.51,182641920,182642000.0,4708737000.0,6278313000.0
2000-02-04,SBUX,3.05,3.09,3.1,2.95,3.09,2563200,79445356.1568,3.01,1.4,182641920,182642000.0,4306354020.0,5741801000.0
2000-02-03,SBUX,3.09,3.13,3.15,3.0,3.13,2551700,80949584.7362,3.08,1.4,182641920,182642000.0,4357722060.0,5810293000.0
2000-02-02,SBUX,3.13,3.08,3.14,3.05,3.1,3824000,121833400.976,3.09,2.09,182641920,182642000.0,4426212780.0,5901613000.0
2000-02-01,SBUX,3.1,2.9,3.1,2.9,2.89,6382500,197711321.6025,3.01,3.49,182641920,182642000.0,4383406080.0,5844539000.0
2000-01-29,SBUX,2.89,2.81,2.93,2.81,2.8,7546500,224551329.678,2.89,4.13,182641920,182642000.0,4083759180.0,5445008000.0
2000-01-28,SBUX,2.8,2.8,2.83,2.75,2.81,4687797,134757282.993,2.79,2.57,182641920,182642000.0,3955339080.0,5273781000.0
2000-01-27,SBUX,2.81,2.61,2.85,2.59,2.52,9482797,271637517.4901,2.78,5.19,182641920,182642000.0,3972461760.0,5296613000.0
2000-01-26,SBUX,2.52,2.36,2.62,2.31,2.38,5954797,153868935.3979,2.51,3.26,182641920,182642000.0,3561517440.0,4748688000.0
2000-01-25,SBUX,2.38,2.43,2.48,2.24,2.42,3891500,96866797.718,2.41,2.13,182641920,182642000.0,3364606620.0,4486141000.0
2000-01-22,SBUX,2.42,2.46,2.46,2.4,2.43,1396800,34965525.9024,2.43,0.76,182641920,182642000.0,3420255330.0,4560336000.0
2000-01-21,SBUX,2.43,2.48,2.5,2.38,2.47,2270900,56669171.7791,2.42,1.24,182641920,182642000.0,3433097340.0,4577461000.0
2000-01-20,SBUX,2.47,2.53,2.58,2.47,2.53,1975100,50673750.2296,2.49,1.08,182641920,182642000.0,3493026720.0,4657363000.0
2000-01-19,SBUX,2.53,2.54,2.58,2.46,2.56,1314000,34097234.346,2.52,0.72,182641920,182642000.0,3570078780.0,4760102000.0
2000-01-15,SBUX,2.56,2.64,2.67,2.55,2.63,2774600,74879781.087,2.62,1.52,182641920,182642000.0,3621446820.0,4828594000.0
2000-01-14,SBUX,2.63,2.46,2.64,2.46,2.46,2694500,71242547.666,2.56,1.48,182641920,182642000.0,3715621560.0,4954160000.0
2000-01-13,SBUX,2.46,2.46,2.5,2.4,2.45,2218200,56101580.8998,2.45,1.21,182641920,182642000.0,3467342700.0,4623121000.0
2000-01-12,SBUX,2.45,2.52,2.53,2.44,2.52,2450200,62968415.0592,2.49,1.34,182188960,182189000.0,3450203430.0,4600266000.0
2000-01-11,SBUX,2.52,2.51,2.59,2.5,2.42,3628900,94602516.2511,2.53,1.99,182188960,182189000.0,3552684720.0,4736910000.0
2000-01-08,SBUX,2.42,2.4,2.43,2.35,2.43,3255600,80095879.4664,2.39,1.79,182188960,182189000.0,3407502892.5,4543336000.0
2000-01-07,SBUX,2.43,2.33,2.49,2.33,2.35,3853100,96938956.1452,2.44,2.11,182188960,182189000.0,3424583107.5,4566109000.0
2000-01-06,SBUX,2.35,2.32,2.39,2.3,2.32,3525800,84843060.0936,2.33,1.94,182188960,182189000.0,3305021602.5,4406691000.0
2000-01-05,SBUX,2.32,2.33,2.41,2.3,2.39,2695600,65092513.164,2.34,1.48,182188960,182189000.0,3262321065.0,4349758000.0
2000-01-04,SBUX,2.39,2.32,2.39,2.26,2.35,3036500,72427773.1255,2.31,1.67,182188960,182189000.0,3369072408.75,4492094000.0
2000-01-01,SBUX,2.35,2.34,2.41,2.3,2.34,1634300,39642373.4355,2.35,,182188960,,3313561710.0,
1999-12-31,SBUX,2.34,2.36,2.41,2.34,2.39,1506800,36746024.2128,2.37,,182188960,,3296481495.0,
1999-12-30,SBUX,2.39,2.41,2.42,2.36,2.44,1176600,28957886.1936,2.39,,182188960,,3373342462.5,
1999-12-29,SBUX,2.44,2.37,2.45,2.36,2.41,1340800,33367131.3696,2.41,,182188960,,3441663322.5,
1999-12-28,SBUX,2.41,2.43,2.49,2.38,2.45,1284600,32060273.4708,2.42,,182188960,,3398962785.0,
1999-12-24,SBUX,2.45,2.48,2.52,2.43,2.47,1125900,28467029.2941,2.45,,182188960,,3450203430.0,
1999-12-23,SBUX,2.47,2.44,2.51,2.38,2.49,1951200,49163596.164,2.44,,182188960,,3484363860.0,
1999-12-22,SBUX,2.49,2.52,2.58,2.38,2.52,2349800,59509610.8212,2.46,,182188960,,3509984182.5,
1999-12-21,SBUX,2.52,2.53,2.58,2.46,2.53,1288500,33802108.2765,2.54,,182188960,,3552684720.0,
1999-12-18,SBUX,2.53,2.59,2.62,2.52,2.45,3175400,83959135.1214,2.56,,182188960,,3569764935.0,
1999-12-17,SBUX,2.45,2.43,2.46,2.37,2.45,1917100,47488857.9345,2.4,,182188960,,3450203430.0,
1999-12-16,SBUX,2.45,2.4,2.46,2.39,2.4,1137100,28380410.4148,2.42,,182188960,,3450203430.0,
1999-12-15,SBUX,2.4,2.47,2.49,2.38,2.46,2309400,57629672.8848,2.42,,182188960,,3381882570.0,
1999-12-14,SBUX,2.46,2.46,2.57,2.41,2.46,1907700,48907489.3299,2.49,,182188960,,3458743537.5,
1999-12-11,SBUX,2.46,2.37,2.48,2.33,2.33,2713100,66909362.5421,2.39,,182188960,,3458743537.5,
1999-12-10,SBUX,2.33,2.47,2.5,2.3,2.5,4123598,101717200.1022,2.39,,182188960,,3287941387.5,
1999-12-09,SBUX,2.5,2.62,2.63,2.44,2.63,2206200,57687033.678,2.54,,182188960,,3527064397.5,
1999-12-08,SBUX,2.63,2.62,2.66,2.59,2.61,1498800,40491568.8096,2.62,,182188960,,3697866547.5,
1999-12-07,SBUX,2.61,2.67,2.76,2.59,2.7,1696100,46565394.2712,2.66,,182188960,,3680786332.5,
1999-12-04,SBUX,2.7,2.76,2.83,2.69,2.69,2836300,80968670.1181,2.77,,182188960,,3800347837.5,
1999-12-03,SBUX,2.69,2.59,2.7,2.58,2.58,2599500,71356506.3555,2.66,,182188960,,3783267622.5,
1999-12-02,SBUX,2.58,2.58,2.63,2.55,2.58,1379100,36853405.2054,2.59,,182188960,,3629545687.5,
1999-12-01,SBUX,2.58,2.59,2.64,2.56,2.59,1551600,41558049.7452,2.6,,182188960,,4258666940.0,
1999-11-30,SBUX,2.59,2.6,2.64,2.57,2.59,1952600,52278887.0162,2.6,,182188960,,4278707725.6,
1999-11-27,SBUX,2.59,2.66,2.67,2.58,2.67,548300,14775587.8517,2.61,,182188960,,4288728118.4,
1999-11-25,SBUX,2.67,2.61,2.67,2.52,2.62,1968900,52859028.7665,2.6,,182188960,,4408972832.0,
1999-11-24,SBUX,2.62,2.72,2.73,2.56,2.69,3165900,85358967.3069,2.62,,182188960,,4328809689.6,
1999-11-23,SBUX,2.69,2.77,2.79,2.67,2.75,1560000,43644104.4,2.71,,182188960,,4449054403.2,
1999-11-20,SBUX,2.75,3.01,3.01,2.73,2.92,4052000,118306207.532,2.83,,182188960,,4549258331.2,
1999-11-19,SBUX,2.92,2.84,2.96,2.81,2.8,4220000,126405858.9,2.91,,182188960,,4829829329.6,
1999-11-18,SBUX,2.8,2.74,2.82,2.73,2.75,1843800,53212042.1868,2.8,,182188960,,4629421473.6,
1999-11-17,SBUX,2.75,2.73,2.76,2.65,2.73,2266300,63646769.2,2.72,,182188960,,4549258331.2,
1999-11-16,SBUX,2.73,2.75,2.75,2.69,2.74,1627700,45744862.8953,2.73,,182188960,,4519197152.8,
1999-11-13,SBUX,2.74,2.75,2.78,2.71,2.75,1966900,55545238.2979,2.74,,182188960,,4529217545.6,
1999-11-12,SBUX,2.75,2.76,2.81,2.7,2.75,1396500,39608918.328,2.75,,182188960,,4539237938.4,
1999-11-11,SBUX,2.75,2.8,2.84,2.7,2.82,1278100,36497423.6,2.77,,182188960,,4539237938.4,
1999-11-10,SBUX,2.82,2.8,2.87,2.73,2.81,2188500,63144783.9345,2.8,,182188960,,4659482652.0,
1999-11-09,SBUX,2.81,2.79,2.83,2.78,2.79,2867900,83002724.5173,2.81,,182188960,,4639441866.4,
1999-11-06,SBUX,2.79,2.72,2.85,2.72,2.58,5720699,163457526.8063,2.77,,182188960,,4609380688.0,
1999-11-05,SBUX,2.58,2.59,2.62,2.51,2.58,2783000,73546304.821,2.56,,182188960,,4258666940.0,
1999-11-04,SBUX,2.58,2.64,2.66,2.55,2.63,2769800,74363568.2416,2.6,,182188960,,4268687332.8,
1999-11-03,SBUX,2.63,2.65,2.72,2.6,2.63,2604700,71532870.8906,2.66,,182188960,,4338830082.4,
1999-11-02,SBUX,2.63,2.61,2.73,2.58,2.64,3400500,93806189.5995,2.68,,182188960,,4338830082.4,
1999-10-30,SBUX,2.64,2.54,2.68,2.51,2.52,6257297,169560184.0476,2.63,,182188960,,4358870868.0,
1999-10-29,SBUX,2.52,2.43,2.53,2.42,2.41,3857500,99739473.71,2.51,,182188960,,4168483404.8,
1999-10-28,SBUX,2.41,2.37,2.45,2.33,2.37,3348900,83514831.3621,2.42,,182188960,,3988116334.4,
1999-10-26,SBUX,2.31,2.29,2.35,2.26,2.27,1934100,46037370.6954,2.31,,182188960,,3817769656.8,
1999-10-23,SBUX,2.27,2.3,2.37,2.23,2.28,2551100,60933010.7445,2.32,,182188960,,3747626907.2,
1999-10-22,SBUX,2.28,2.15,2.28,2.14,2.19,2397500,55056166.025,2.23,,182188960,,3767667692.8,
1999-10-20,SBUX,2.11,2.12,2.13,2.09,2.09,1551200,33772707.7856,2.11,,182188960,,3487096694.4,
1999-10-19,SBUX,2.09,2.13,2.16,2.09,2.13,1582100,34371108.2611,2.11,,182188960,,3457035516.0,
1999-10-16,SBUX,2.13,2.15,2.19,2.07,2.19,1782300,39363876.0177,2.14,,182188960,,3527178265.6,
1999-10-15,SBUX,2.19,2.19,2.22,2.12,2.19,1646000,36748577.894,2.17,,182188960,,3627382193.6,
1999-10-13,SBUX,2.26,2.32,2.33,2.26,2.31,1465000,34426024.745,2.28,,182188960,,3737606514.4,
1999-10-08,SBUX,2.29,2.38,2.38,2.26,2.33,2814500,67446649.855,2.32,,182188960,,3777688085.6,
1999-10-06,SBUX,2.19,2.22,2.26,2.18,2.26,2399100,54912983.1063,2.22,,182188960,,3617361800.8,
1999-10-05,SBUX,2.26,2.33,2.34,2.23,2.33,2749000,63881240.008,2.25,,182188960,,3727586121.6,
1999-10-02,SBUX,2.33,2.4,2.4,2.27,2.4,2450500,58701695.6435,2.32,,182188960,,3842820638.8,
1999-10-01,SBUX,2.4,2.44,2.47,2.37,2.42,1565200,38901463.5828,2.41,,182188960,,3973085745.2,
1999-09-29,SBUX,2.52,2.26,2.56,2.25,2.27,7665297,191824011.4332,2.43,,182188960,,4168483404.8,
1999-09-28,SBUX,2.27,2.32,2.32,2.21,2.32,1961900,45926111.2143,2.27,,182188960,,3747626907.2,
1999-09-21,SBUX,2.04,2.12,2.12,2.02,2.13,2549500,53944862.8515,2.05,,182188960,,3376872373.6,
1999-09-16,SBUX,2.12,2.23,2.23,2.11,2.2,1519500,33783023.7465,2.16,,182188960,,3502127283.6,
1999-09-14,SBUX,2.13,2.12,2.17,2.11,2.12,1041200,22925132.2292,2.14,,182188960,,3527178265.6,
1999-09-10,SBUX,2.13,2.16,2.18,2.09,2.16,1998300,43826699.6136,2.13,,182188960,,3527178265.6,
1999-09-08,SBUX,2.23,2.26,2.29,2.23,2.26,1270900,29656441.3328,2.26,,182188960,,3687504550.4,
1999-09-04,SBUX,2.26,2.22,2.26,2.21,2.16,1661400,38290282.4772,2.24,,182188960,,3727586121.6,
1999-09-03,SBUX,2.16,2.23,2.23,2.16,2.24,1258700,28512063.5891,2.2,,182188960,,3567259836.8,
1999-09-01,SBUX,2.22,2.16,2.23,2.15,2.15,2047400,46103334.7734,2.18,,182188960,,3917518112.4,
1999-08-27,SBUX,2.11,2.1,2.13,2.08,2.09,1540200,33450045.1176,2.11,,182188960,,3724853287.2,
1999-08-24,SBUX,2.09,2.01,2.09,2.0,1.99,2175800,46076888.3146,2.05,,182188960,,3682038881.6,
1999-08-21,SBUX,1.99,2.01,2.03,1.95,1.99,1521900,31337426.1591,2.0,,182188960,,3510781259.2,
1999-08-20,SBUX,1.99,2.01,2.03,1.98,2.0,1429600,29402564.6152,2.0,,182188960,,3510781259.2,
1999-08-19,SBUX,2.0,2.02,2.07,1.96,1.98,2813900,58720456.7583,2.02,,182188960,,3532188462.0,
1999-08-18,SBUX,1.98,2.04,2.04,1.95,2.03,3905900,79336629.0823,1.97,,182188960,,3500077657.8,
1999-08-17,SBUX,2.03,2.05,2.06,1.96,2.01,1857500,38279335.8525,2.0,,182188960,,3575002867.6,
1999-08-13,SBUX,1.99,2.13,2.15,1.99,2.09,3214800,68536272.978,2.07,,181844000,,3514817215.0,
1999-08-12,SBUX,2.09,1.99,2.09,1.96,1.95,4517898,93506894.2449,2.01,,181844000,,3685750575.0,
1999-08-11,SBUX,1.95,2.02,2.04,1.93,2.02,3740400,75642079.2768,1.96,,181844000,,3429350535.0,
1999-08-10,SBUX,2.02,2.1,2.1,2.01,2.05,2052000,43369009.74,2.05,,181844000,,3557550555.0,
1999-08-06,SBUX,2.14,2.13,2.15,2.07,2.12,2044700,44793238.8106,2.13,,181844000,,3771217255.0,
1999-07-31,SBUX,2.26,2.38,2.45,2.25,2.33,2953300,70312163.4467,2.31,,181844000,,3974200620.0,
1999-07-30,SBUX,2.33,2.38,2.38,2.3,2.38,1613500,38812731.2055,2.33,,181844000,,4102400640.0,
1999-07-23,SBUX,2.32,2.44,2.45,2.31,2.45,3672400,89022641.0552,2.35,,181844000,,4091717305.0,
1999-07-22,SBUX,2.45,2.43,2.46,2.4,2.41,2604900,65067768.4461,2.42,,181844000,,4316067340.0,
1999-07-21,SBUX,2.41,2.43,2.47,2.39,2.43,2127600,53458060.5792,2.44,,181844000,,4251967330.0,
1999-07-20,SBUX,2.43,2.5,2.5,2.41,2.46,3225100,80959675.6247,2.44,,181844000,,4273334000.0,
1999-07-17,SBUX,2.46,2.55,2.59,2.45,2.51,2428600,62512142.1426,2.5,,181844000,,4337434010.0,
1999-07-16,SBUX,2.51,2.61,2.64,2.49,2.57,2920800,76837462.2336,2.55,,181844000,,4417559022.5,
1999-07-15,SBUX,2.57,2.5,2.58,2.44,2.49,2827100,73368887.8916,2.52,,181844000,,4529734040.0,
1999-07-14,SBUX,2.49,2.45,2.5,2.43,2.44,2530100,64218970.3689,2.46,,181844000,,4380167350.0,
1999-07-13,SBUX,2.44,2.49,2.49,2.43,2.43,2612400,66096319.338,2.45,,181844000,,4294700670.0,
1999-07-10,SBUX,2.43,2.39,2.52,2.38,2.39,4061700,102224865.6,2.44,,181844000,,4284017335.0,
1999-07-07,SBUX,2.58,2.7,2.72,2.57,2.67,6884797,188299135.9868,2.65,,181844000,,4540417375.0,
1999-07-03,SBUX,2.67,2.61,2.75,2.61,2.61,17459797,480598127.7848,2.67,,181844000,,4711350735.0,
1999-07-02,SBUX,2.61,2.35,2.62,2.27,3.64,73188188,1867102912.6216,2.47,,181844000,,4604517385.0,
1999-07-01,SBUX,3.64,3.52,3.66,3.44,3.52,2846900,104959500.6593,3.58,,181844000,,6420684335.0,
1999-06-30,SBUX,3.52,3.33,3.52,3.29,3.31,2395300,84204357.0376,3.41,,181844000,,6207017635.0,
1999-06-29,SBUX,3.31,3.47,3.49,3.24,3.44,3529900,121312038.001,3.33,,181844000,,5833100910.0,
1999-06-26,SBUX,3.44,3.57,3.59,3.38,3.57,1770000,62955349.38,3.45,,181844000,,6068134280.0,
1999-06-25,SBUX,3.57,3.67,3.69,3.55,3.67,1730900,64474281.9837,3.61,,181844000,,6281800980.0,
1999-06-24,SBUX,3.67,3.53,3.67,3.5,3.5,1644600,61276131.6648,3.61,,181844000,,6463417675.0,
1999-06-23,SBUX,3.5,3.69,3.73,3.5,3.73,1087400,40688333.2,3.63,,181844000,,6174967630.0,
1999-06-22,SBUX,3.73,3.58,3.73,3.58,3.58,1367200,51841489.6,3.68,,181844000,,6580934360.0,
1999-06-19,SBUX,3.58,3.58,3.6,3.54,3.6,1487000,54784048.052,3.57,,181844000,,6313850985.0,
1999-06-18,SBUX,3.6,3.6,3.7,3.53,3.63,2006400,74616001.5744,3.61,,181844000,,6345900990.0,
1999-06-17,SBUX,3.63,3.58,3.65,3.44,3.56,1804400,65436566.0,3.52,,181844000,,6388634330.0,
1999-06-16,SBUX,3.56,3.4,3.58,3.38,3.41,1427500,51464211.4425,3.5,,181844000,,6271117645.0,
1999-06-15,SBUX,3.41,3.43,3.49,3.39,3.4,930700,32977492.1693,3.44,,181844000,,6004034270.0,
1999-06-12,SBUX,3.4,3.44,3.53,3.38,3.44,1175400,41517468.2214,3.43,,181844000,,5982667600.0,
1999-06-11,SBUX,3.44,3.37,3.49,3.35,3.38,1918500,67582980.315,3.42,,181844000,,6057450945.0,
1999-06-10,SBUX,3.38,3.46,3.48,3.26,3.43,2218400,76068922.6896,3.33,,181844000,,5950617595.0,
1999-06-09,SBUX,3.43,3.52,3.55,3.35,3.51,1737600,61580523.1488,3.44,,181844000,,6036084275.0,
1999-06-08,SBUX,3.51,3.5,3.57,3.43,3.49,849100,30559101.3581,3.49,,181844000,,6180309297.5,
1999-06-05,SBUX,3.49,3.49,3.54,3.43,3.49,1133100,40621624.8021,3.48,,181844000,,6153600960.0,
1999-06-04,SBUX,3.49,3.64,3.64,3.44,3.66,2027100,72995860.8645,3.49,,181844000,,6142917625.0,
1999-06-03,SBUX,3.66,3.42,3.66,3.41,3.41,1179900,43086407.1201,3.54,,181844000,,6452734340.0,
1999-06-02,SBUX,3.41,3.58,3.59,3.4,3.58,1081000,38766822.0,3.48,,181844000,,6004034270.0,
1999-05-29,SBUX,3.58,3.56,3.67,3.49,3.46,1653700,61267924.6852,3.59,,181844000,,5833782825.0,
1999-05-28,SBUX,3.46,3.53,3.58,3.4,3.53,1303900,46654834.1649,3.47,,181844000,,5645915242.5,
1999-05-27,SBUX,3.53,3.43,3.53,3.33,3.28,1489800,52451367.7428,3.42,,181844000,,5764568452.5,
1999-05-26,SBUX,3.28,3.36,3.52,3.27,3.35,1783600,63016360.8984,3.43,,181844000,,5349282217.5,
1999-05-25,SBUX,3.35,3.58,3.61,3.32,3.55,1734700,60955611.1571,3.41,,181844000,,5458047660.0,
1999-05-22,SBUX,3.55,3.56,3.72,3.53,3.52,1074200,39836698.4064,3.6,,181844000,,5784343987.5,
1999-05-19,SBUX,3.56,3.85,3.85,3.51,3.83,2384300,90085983.057,3.67,,181844000,,5804119522.5,
1999-05-14,SBUX,3.75,3.86,3.89,3.72,3.86,1311100,51181394.9668,3.79,,180096000,,6061693680.0,
1999-05-13,SBUX,3.86,3.88,3.98,3.74,3.75,4910297,196519847.6104,3.88,,180096000,,6228169920.0,
1999-05-11,SBUX,3.6,3.4,3.66,3.36,3.36,1403300,51303232.0703,3.55,,180096000,,5807082960.0,
1999-05-07,SBUX,3.42,3.61,3.63,3.41,3.64,1170300,42205694.5188,3.5,,180096000,,5523094080.0,
1999-05-06,SBUX,3.64,3.55,3.65,3.48,3.53,1352600,49633647.5318,3.56,,180096000,,5875632000.0,
1999-05-05,SBUX,3.53,3.64,3.72,3.52,3.64,1407700,52745104.2615,3.63,,180096000,,5699363040.0,
1999-05-01,SBUX,3.58,3.51,3.73,3.5,3.49,1262900,47049326.871,3.61,,180096000,,5787497520.0,
1999-04-30,SBUX,3.49,3.54,3.6,3.4,3.53,1498000,53599924.518,3.47,,180096000,,5630814000.0,
1999-04-28,SBUX,3.78,3.4,3.78,3.38,3.33,3438800,126396522.4836,3.57,,180096000,,6110657280.0,
1999-04-27,SBUX,3.33,3.15,3.48,3.14,3.1,3339400,114394476.3818,3.32,,180096000,,5376203280.0,
1999-04-24,SBUX,3.1,3.17,3.2,3.04,3.18,2226200,70946743.3118,3.09,,180096000,,5013872640.0,
1999-04-23,SBUX,3.18,3.03,3.18,2.99,3.03,2011100,63415996.189,3.06,,180096000,,5131385280.0,
1999-04-16,SBUX,3.16,3.07,3.16,2.97,3.06,1848200,58545407.3734,3.07,,180096000,,5102007120.0,
1999-04-09,SBUX,3.09,3.04,3.1,2.99,3.01,1007000,31673158.916,3.05,,180096000,,4994287200.0,
1999-04-07,SBUX,2.98,3.04,3.2,2.98,2.99,3657700,117595033.0538,3.12,,180096000,,4818018240.0,
1999-04-02,SBUX,2.87,2.74,2.87,2.74,2.72,895200,25856946.0576,2.8,,180096000,,4641749280.0,
1999-03-31,SBUX,2.74,2.82,2.82,2.73,2.85,1206500,34411778.522,2.77,,180096000,,4426309440.0,
1999-03-27,SBUX,2.75,2.81,2.83,2.75,2.83,855000,24622280.595,2.79,,180096000,,4445894880.0,
1999-03-26,SBUX,2.83,2.86,2.9,2.75,2.82,1263400,36826830.1758,2.83,,180096000,,4563407520.0,
1999-03-25,SBUX,2.82,2.84,2.84,2.78,2.78,1928700,55795335.2982,2.81,,180096000,,4553614800.0,
1999-03-24,SBUX,2.78,2.9,2.95,2.7,2.88,2360300,68748455.7397,2.83,,180096000,,4485065760.0,
1999-03-23,SBUX,2.88,2.84,2.91,2.75,2.72,3065500,89405289.107,2.83,,180096000,,4651542000.0,
1999-03-19,SBUX,2.94,2.94,3.01,2.87,2.94,1141900,69698136.5972,2.96,,90048000,,4744572840.0,
1999-03-18,SBUX,2.94,2.94,2.97,2.92,2.95,632300,38393247.1478,2.95,,90048000,,4749469200.0,
1999-03-16,SBUX,2.94,2.93,2.95,2.93,2.91,758000,45966635.242,2.94,,90048000,,4754365560.0,
1999-03-13,SBUX,2.91,2.98,3.0,2.91,2.97,757400,46257440.026,2.96,,90048000,,4705401960.0,
1999-03-12,SBUX,2.97,2.97,3.09,2.96,2.98,1623000,101070680.901,3.02,,90048000,,4798432800.0,
1999-03-09,SBUX,2.95,2.86,2.96,2.86,2.85,1680900,100388377.2528,2.9,,90048000,,4769054640.0,
1999-03-06,SBUX,2.85,2.76,2.87,2.76,2.74,1665600,97354315.0032,2.84,,90048000,,4602578400.0,
1999-03-04,SBUX,2.65,2.66,2.66,2.62,2.66,1194400,65001634.4112,2.64,,90048000,,4279418640.0,
1999-03-02,SBUX,2.61,2.59,2.63,2.53,2.56,939100,50182683.8827,2.59,,90048000,,4220662320.0,
1999-02-25,SBUX,2.52,2.56,2.63,2.51,2.54,1137000,60539560.452,2.58,,90048000,,3465047040.0,
1999-02-24,SBUX,2.54,2.49,2.61,2.49,2.42,1919600,101038136.402,2.55,,90048000,,3490035360.0,
1999-02-20,SBUX,2.35,2.27,2.36,2.27,2.28,937900,44869133.1863,2.32,,90048000,,3223493280.0,
1999-02-19,SBUX,2.28,2.29,2.3,2.25,2.26,892800,41970523.536,2.28,,90048000,,3127704720.0,
1999-02-18,SBUX,2.26,2.31,2.35,2.25,2.33,1111600,52201846.4884,2.28,,90048000,,3102716400.0,
1999-02-17,SBUX,2.33,2.35,2.4,2.3,2.33,821600,39717783.9136,2.34,,89720000,,3186854400.0,
1999-02-13,SBUX,2.33,2.4,2.41,2.32,2.41,1131900,54849602.2767,2.35,,89720000,,3188929175.0,
1999-02-10,SBUX,2.37,2.41,2.43,2.37,2.43,1023500,50598766.4295,2.4,,89720000,,3240798550.0,
1999-02-06,SBUX,2.42,2.46,2.47,2.41,2.47,1223200,61205243.7216,2.43,,89720000,,3311340900.0,
1999-02-05,SBUX,2.47,2.52,2.52,2.44,2.52,733100,37339708.8021,2.47,,89720000,,3381883250.0,
1999-02-04,SBUX,2.52,2.43,2.52,2.43,2.43,527400,27131035.0356,2.5,,89720000,,3448276050.0,
1999-02-03,SBUX,2.43,2.47,2.49,2.41,2.49,792300,39924782.9616,2.44,,89720000,,3332088650.0,
1999-01-28,SBUX,2.37,2.47,2.47,2.34,2.47,946000,46774009.81,2.4,,89656000,,3242633380.0,
1999-01-27,SBUX,2.47,2.43,2.47,2.43,2.43,1373400,69330588.9192,2.45,,89656000,,3375324260.0,
1999-01-26,SBUX,2.43,2.45,2.46,2.39,2.43,1096200,54734362.2,2.42,,89656000,,3321418590.0,
1999-01-23,SBUX,2.43,2.46,2.53,2.42,2.56,1772300,90603511.7385,2.48,,89656000,,3321418590.0,
1999-01-22,SBUX,2.56,2.63,2.63,2.49,2.65,1737700,90991171.1984,2.54,,89656000,,3499721960.0,
1999-01-21,SBUX,2.65,2.63,2.69,2.62,2.62,1047900,57537043.2042,2.66,,89656000,,3628266250.0,
1999-01-20,SBUX,2.62,2.55,2.62,2.55,2.55,480500,25609683.7145,2.59,,89656000,,3582653760.0,
1999-01-16,SBUX,2.55,2.55,2.55,2.51,2.56,1394500,72727358.5,2.53,,89656000,,3483135600.0,
1999-01-15,SBUX,2.56,2.57,2.59,2.55,2.56,974700,51549919.9542,2.57,,89656000,,3499721960.0,
1999-01-14,SBUX,2.56,2.52,2.58,2.44,2.58,1061800,55273060.8,2.52,,89656000,,3497648665.0,
1999-01-13,SBUX,2.58,2.58,2.61,2.58,2.57,1136900,60799134.7893,2.59,,89656000,,3528748090.0,
1999-01-12,SBUX,2.57,2.57,2.61,2.54,2.56,959800,51057520.8,2.58,,89656000,,3516308320.0,
1999-01-09,SBUX,2.56,2.52,2.58,2.51,2.51,1303400,68326832.1932,2.54,,89656000,,3508015140.0,
1999-01-08,SBUX,2.51,2.46,2.54,2.46,2.5,1652500,85343345.975,2.5,,89656000,,3433376520.0,
1999-01-07,SBUX,2.5,2.53,2.56,2.46,2.52,2191900,113071351.2081,2.5,,89656000,,3420936750.0,
1999-01-06,SBUX,2.52,2.29,2.53,2.27,2.61,6060199,301300901.1596,2.41,,89656000,,3449962880.0,
1999-01-05,SBUX,2.61,2.7,2.72,2.56,2.72,1468400,79472737.458,2.63,,89656000,,3574360580.0,
1999-01-01,SBUX,2.72,2.67,2.73,2.58,2.65,889000,48516277.11,2.65,,89656000,,3723637820.0,
1998-12-31,SBUX,2.65,2.56,2.67,2.55,2.56,1092500,58773220.315,2.61,,89656000,,3624119660.0,
1998-12-30,SBUX,2.56,2.49,2.56,2.45,2.49,631300,32709539.9557,2.51,,89104000,,3478174640.0,
1998-12-29,SBUX,2.49,2.55,2.57,2.46,2.54,574300,29938253.257,2.53,,89104000,,3383390260.0,
1998-12-25,SBUX,2.54,2.5,2.56,2.48,2.49,403500,21112729.965,2.54,,89104000,,3453448280.0,
1998-12-24,SBUX,2.49,2.47,2.53,2.46,2.47,1002600,51377223.3714,2.49,,89104000,,3379269200.0,
1998-12-23,SBUX,2.47,2.54,2.54,2.45,2.56,750900,38705139.7491,2.5,,89104000,,3358663900.0,
1998-12-22,SBUX,2.56,2.59,2.59,2.48,2.59,1828700,95911655.7713,2.54,,89104000,,3478174640.0,
1998-12-19,SBUX,2.59,2.49,2.65,2.49,2.49,1847500,98037565.33,2.57,,89104000,,3519385240.0,
1998-12-18,SBUX,2.49,2.45,2.49,2.39,2.43,940200,47247862.1382,2.44,,89104000,,3379269200.0,
1998-12-17,SBUX,2.43,2.5,2.53,2.42,2.48,940800,47983613.9328,2.47,,89104000,,3296848000.0,
1998-12-16,SBUX,2.48,2.44,2.49,2.41,2.4,761300,38596386.6387,2.46,,89104000,,3375148140.0,
1998-12-15,SBUX,2.4,2.42,2.48,2.39,2.43,938800,46966286.4,2.43,,89104000,,3263879520.0,
1998-12-12,SBUX,2.43,2.33,2.45,2.29,2.34,1408900,69789846.0021,2.4,,89104000,,3309211180.0,
1998-12-11,SBUX,2.34,2.47,2.49,2.31,2.47,903000,45027191.097,2.42,,89104000,,3177337260.0,
1998-12-10,SBUX,2.47,2.44,2.49,2.43,2.41,982600,49901330.1914,2.46,,89104000,,3362784960.0,
1998-12-09,SBUX,2.41,2.4,2.49,2.4,2.42,862300,43371955.9147,2.44,,89104000,,3280363760.0,
1998-12-08,SBUX,2.42,2.35,2.42,2.35,2.37,442900,21837627.4,2.39,,89104000,,3284484820.0,
1998-12-05,SBUX,2.37,2.37,2.41,2.35,2.37,485500,23788041.0725,2.38,,89104000,,3226789980.0,
1998-12-04,SBUX,2.37,2.36,2.38,2.32,2.37,670300,32478037.8564,2.35,,89104000,,3218547860.0,
1998-12-03,SBUX,2.37,2.43,2.43,2.31,2.43,1010200,49555353.9286,2.38,,89104000,,3226789980.0,
1998-12-02,SBUX,2.43,2.28,2.44,2.28,2.24,2708100,132905412.8676,2.38,,89104000,,3300969060.0,
1998-12-01,SBUX,2.24,2.27,2.27,2.23,2.27,851700,39580189.6245,2.25,,89104000,,2959143840.0,
1998-11-28,SBUX,2.27,2.26,2.28,2.24,2.24,125700,5853218.9916,2.26,,89104000,,2999240640.0,
1998-11-26,SBUX,2.24,2.26,2.28,2.21,2.27,511300,23653757.5322,2.24,,89104000,,2967163200.0,
1998-11-25,SBUX,2.27,2.23,2.3,2.23,2.23,1387300,64946432.8524,2.27,,89104000,,2999240640.0,
1998-11-24,SBUX,2.23,2.15,2.25,2.15,2.13,1477300,67370772.9497,2.21,,89104000,,2951124480.0,
1998-11-21,SBUX,2.13,2.14,2.17,2.12,2.13,848000,37558756.128,2.15,,89104000,,2814795360.0,
1998-11-20,SBUX,2.13,2.06,2.15,2.05,2.05,1449800,62599455.7012,2.09,,89104000,,2818805040.0,
1998-11-19,SBUX,2.05,2.15,2.16,1.99,2.15,3377700,142491618.423,2.05,,89104000,,2710543680.0,
1998-11-18,SBUX,2.15,2.12,2.16,2.06,2.11,988400,42958827.2232,2.11,,89104000,,2846872800.0,
1998-11-17,SBUX,2.11,2.11,2.15,2.09,2.08,1327900,58074370.6326,2.12,,89104000,,2786727600.0,
1998-11-14,SBUX,2.08,2.06,2.14,1.99,2.19,2703100,115884564.9597,2.08,,89104000,,2754650160.0,
1998-11-13,SBUX,2.19,2.19,2.23,2.16,2.2,753400,34011488.0932,2.19,,89104000,,2890979280.0,
1998-11-12,SBUX,2.2,2.29,2.3,2.18,2.27,768500,35190372.741,2.22,,89104000,,2907018000.0,
1998-11-11,SBUX,2.27,2.25,2.28,2.2,2.25,1088800,50301460.312,2.24,,89104000,,2999240640.0,
1998-11-10,SBUX,2.25,2.35,2.35,2.19,2.37,1840400,85576746.7172,2.26,,89104000,,2975182560.0,
1998-11-07,SBUX,2.37,2.36,2.38,2.33,2.37,1047800,50864394.8176,2.35,,89104000,,3139579440.0,
1998-11-06,SBUX,2.37,2.26,2.39,2.24,2.27,1652300,79297165.077,2.33,,89104000,,3131560080.0,
1998-11-05,SBUX,2.27,2.22,2.3,2.21,2.2,1850100,85909389.7998,2.25,,89104000,,3003250320.0,
1998-11-04,SBUX,2.2,2.27,2.27,2.11,2.27,2703500,121903488.7615,2.19,,89104000,,2907018000.0,
1998-11-03,SBUX,2.27,2.12,2.27,2.1,2.1,1889200,85539197.6,2.2,,89104000,,3003250320.0,
1998-10-31,SBUX,2.1,1.99,2.15,1.99,1.91,4746898,204425105.4072,2.09,,89104000,,2782717920.0,
1998-10-30,SBUX,1.91,1.91,1.94,1.86,1.92,615800,24135655.963,1.9,,89104000,,2530108080.0,
1998-10-29,SBUX,1.92,1.88,1.93,1.85,1.88,859300,33718071.8407,1.9,,89104000,,2534117760.0,
1998-10-28,SBUX,1.88,1.89,1.92,1.86,1.87,859700,33462093.6433,1.89,,89104000,,2490011280.0,
1998-10-27,SBUX,1.87,1.85,1.88,1.84,1.81,642300,24615498.777,1.86,,89104000,,2477982240.0,
1998-10-24,SBUX,1.81,1.86,1.91,1.8,1.87,1055700,40557882.6,1.86,,89104000,,2389769280.0,
1998-10-23,SBUX,1.87,1.81,1.87,1.77,1.81,980900,36889674.4483,1.82,,89104000,,2469962880.0,
1998-10-22,SBUX,1.81,1.83,1.84,1.79,1.81,768600,28677226.914,1.81,,89104000,,2389769280.0,
1998-10-21,SBUX,1.81,1.82,1.9,1.81,1.8,1253300,48305941.9,1.87,,89104000,,2397788640.0,
1998-10-20,SBUX,1.8,1.84,1.88,1.77,1.84,1330300,50285324.0364,1.83,,89104000,,2385759600.0,
1998-10-17,SBUX,1.84,1.78,1.91,1.78,1.77,2565500,97758367.238,1.85,,89104000,,2433875760.0,
1998-10-16,SBUX,1.77,1.67,1.81,1.66,1.66,2079400,74165945.2442,1.73,,89104000,,2337643440.0,
1998-10-15,SBUX,1.66,1.68,1.72,1.64,1.69,1156900,40262418.7603,1.69,,89104000,,2197304640.0,
1998-10-14,SBUX,1.69,1.75,1.76,1.66,1.75,902900,31624962.7594,1.7,,89104000,,2237401440.0,
1998-10-13,SBUX,1.75,1.76,1.82,1.74,1.7,1020300,37451125.6782,1.78,,89104000,,2317595040.0,
1998-10-10,SBUX,1.7,1.67,1.73,1.6,1.66,1134000,39100315.464,1.67,,89104000,,2245420800.0,
1998-10-09,SBUX,1.66,1.65,1.69,1.53,1.72,2759600,90983973.3656,1.6,,89104000,,2189285280.0,
1998-10-08,SBUX,1.72,1.79,1.83,1.69,1.79,1762400,64766425.2632,1.78,,89104000,,2269478880.0,
1998-10-07,SBUX,1.79,1.79,1.85,1.7,1.77,2153200,79687752.9616,1.8,,89104000,,2369720880.0,
1998-10-06,SBUX,1.77,1.71,1.79,1.67,1.77,2101000,74738870.899,1.73,,89104000,,2341653120.0,
1998-10-03,SBUX,1.77,1.69,1.79,1.66,1.6,4117699,146631203.7422,1.73,,89104000,,2341653120.0,
1998-10-02,SBUX,1.6,1.72,1.73,1.59,1.76,2616900,89471779.5972,1.66,,89104000,,2121120720.0,
1998-10-01,SBUX,1.76,1.83,1.83,1.73,1.83,2012300,73398624.3893,1.77,,89104000,,2321604720.0,
1998-09-30,SBUX,1.83,2.02,2.02,1.83,1.99,3532700,139347326.7711,1.91,,89104000,,2425856400.0,
1998-09-25,SBUX,1.73,1.6,1.8,1.6,1.6,4188297,149413290.4248,1.73,,89104000,,2285517600.0,
1998-09-24,SBUX,1.6,1.5,1.6,1.5,1.48,3381900,107689801.1172,1.54,,89104000,,2113101360.0,
1998-09-23,SBUX,1.48,1.46,1.49,1.45,1.45,2630300,80066300.4364,1.48,,89104000,,1952714160.0,
1998-09-19,SBUX,1.46,1.43,1.48,1.42,1.42,2792700,83789352.9657,1.46,,89104000,,1928656080.0,
1998-09-18,SBUX,1.42,1.49,1.5,1.41,1.52,1711600,50933785.9536,1.44,,89104000,,1872520560.0,
1998-09-17,SBUX,1.52,1.56,1.56,1.5,1.55,1229600,38802477.3632,1.53,,89104000,,2008849680.0,
1998-09-16,SBUX,1.55,1.56,1.56,1.52,1.55,504000,16037276.472,1.54,,89104000,,2048946480.0,
1998-09-15,SBUX,1.55,1.58,1.62,1.55,1.56,889800,29239711.5714,1.59,,89104000,,2048946480.0,
1998-09-12,SBUX,1.56,1.54,1.56,1.52,1.54,668600,21282865.8396,1.54,,89104000,,2056965840.0,
1998-09-11,SBUX,1.54,1.56,1.56,1.49,1.59,837100,26402959.3806,1.53,,89104000,,2032907760.0,
1998-09-10,SBUX,1.59,1.61,1.66,1.56,1.61,1443200,48275035.6704,1.62,,89104000,,2109091680.0,
1998-09-09,SBUX,1.61,1.57,1.62,1.54,1.51,1693300,54923861.867,1.57,,89104000,,2133149760.0,
1998-09-05,SBUX,1.51,1.53,1.55,1.5,1.51,1265700,39831561.2802,1.53,,89104000,,2000830320.0,
1998-09-04,SBUX,1.51,1.57,1.58,1.48,1.59,1213700,38134452.7863,1.52,,89104000,,1996820640.0,
1998-09-03,SBUX,1.59,1.59,1.63,1.58,1.58,1824100,60266416.1867,1.6,,89104000,,2109091680.0,
1998-09-02,SBUX,1.58,1.55,1.59,1.47,1.53,2837300,90172205.7643,1.54,,89104000,,2089043280.0,
1998-09-01,SBUX,1.53,1.59,1.66,1.53,1.59,1811800,59497682.082,1.59,,89104000,,1659283550.0,
1998-08-29,SBUX,1.59,1.64,1.65,1.5,1.66,3196800,102409452.8352,1.55,,89104000,,1718426330.0,
1998-08-28,SBUX,1.66,1.66,1.68,1.54,1.69,2748300,91402950.4068,1.61,,89104000,,1797283370.0,
1998-08-27,SBUX,1.69,1.75,1.75,1.68,1.77,2314500,81653226.984,1.71,,89104000,,1830140470.0,
1998-08-26,SBUX,1.77,1.89,1.89,1.73,1.87,2723100,101206696.4766,1.8,,89104000,,1918854640.0,
1998-08-25,SBUX,1.87,1.94,1.97,1.87,1.92,1295000,51214645.755,1.92,,89104000,,2027283070.0,
1998-08-22,SBUX,1.92,1.99,1.99,1.88,2.03,2244600,88661700.0,1.92,,89104000,,2083140140.0,
1998-08-21,SBUX,2.03,2.07,2.07,2.0,2.07,892000,37362300.404,2.03,,89104000,,2194854280.0,
1998-08-19,SBUX,2.06,1.94,2.07,1.94,1.93,1681600,69910821.584,2.02,,89104000,,2230997090.0,
1998-08-18,SBUX,1.93,1.89,1.96,1.84,1.87,1748000,69295948.268,1.92,,89104000,,2096282980.0,
1998-08-15,SBUX,1.87,2.06,2.06,1.86,2.03,2035900,80849642.4769,1.93,,89104000,,2023997360.0,
1998-08-14,SBUX,2.03,2.03,2.06,2.03,2.03,513500,21599344.8515,2.04,,87334000,,2160916078.75,
1998-08-13,SBUX,2.03,2.0,2.04,1.99,1.97,1010200,42201098.9388,2.03,,87334000,,2151254755.0,
1998-08-12,SBUX,1.97,2.04,2.04,1.97,2.06,1003300,41283783.3835,2.0,,87334000,,2096507253.75,
1998-08-11,SBUX,2.06,2.06,2.09,2.01,2.05,818700,34650650.613,2.05,,87334000,,2189900050.0,
1998-08-08,SBUX,2.05,2.01,2.06,2.0,1.98,1373400,57811892.733,2.04,,87334000,,2175408064.38,
1998-08-07,SBUX,1.98,1.92,1.99,1.89,1.9,1812200,73042533.2,1.96,,87334000,,2106168577.5,
1998-08-06,SBUX,1.9,2.02,2.03,1.88,2.01,2098900,84858512.3077,1.96,,87334000,,2022437105.0,
1998-08-05,SBUX,2.01,1.99,2.05,1.98,1.96,4037600,167911634.8616,2.02,,87334000,,2130321886.88,
1998-08-04,SBUX,1.96,2.05,2.05,1.92,2.03,3280800,133541666.796,1.97,,87334000,,2083625488.75,
1998-08-01,SBUX,2.03,2.1,2.13,2.02,2.3,5709297,242736425.5776,2.06,,87334000,,2121124525.0,
1998-07-31,SBUX,2.3,2.29,2.3,2.24,2.28,1176900,55131864.0234,2.27,,87334000,,2406051700.0,
1998-07-30,SBUX,2.28,2.28,2.3,2.27,2.24,1116600,52539373.1004,2.28,,87334000,,2383890697.5,
1998-07-29,SBUX,2.24,2.25,2.31,2.23,2.24,1294000,60806351.412,2.28,,87334000,,2342734550.0,
1998-07-28,SBUX,2.24,2.36,2.36,2.24,2.32,3331000,158492291.014,2.31,,87334000,,2342734550.0,
1998-07-25,SBUX,2.32,2.59,2.62,2.24,2.69,9694199,476227525.875,2.38,,87334000,,2425046845.0,
1998-07-24,SBUX,2.69,2.69,2.74,2.67,2.7,552400,30728354.2476,2.7,,87334000,,2804949745.0,
1998-07-23,SBUX,2.7,2.72,2.74,2.69,2.73,959600,53657946.4828,2.71,,87334000,,2817613175.0,
1998-07-22,SBUX,2.73,2.73,2.76,2.67,2.72,629500,35282209.0755,2.72,,87334000,,2855603465.0,
1998-07-21,SBUX,2.72,2.76,2.76,2.7,2.75,294700,16557129.8053,2.73,,87334000,,2842940035.0,
1998-07-18,SBUX,2.75,2.68,2.78,2.68,2.67,929300,52449680.8484,2.74,,87334000,,2868266895.0,
1998-07-02,SBUX,2.55,2.6,2.6,2.52,2.59,1520200,,,,87334000,,2665652015.0,
1998-05-16,SBUX,2.28,2.33,2.33,2.28,2.33,436900,,,,86264000,,2594821120.0,
1998-05-15,SBUX,2.33,2.32,2.35,2.3,2.33,626700,,,,86264000,,2646579520.0,
1998-05-14,SBUX,2.33,2.26,2.34,2.26,2.27,551700,,,,86264000,,2653480640.0,
1998-05-08,SBUX,2.25,2.28,2.29,2.25,2.28,530800,,,,86264000,,2563766080.0,
1998-05-07,SBUX,2.28,2.27,2.3,2.26,2.28,744900,,,,86264000,,2596546400.0,
1998-05-06,SBUX,2.28,2.33,2.33,2.26,2.32,900000,,,,86264000,,2591370560.0,
1998-05-05,SBUX,2.32,2.33,2.35,2.32,2.32,835400,,,,86264000,,2643128960.0,
1998-05-01,SBUX,2.33,2.31,2.38,2.3,2.26,1871800,,,,86264000,,2656931200.0,
1998-04-30,SBUX,2.26,2.25,2.32,2.21,2.19,2083400,,,,86264000,,2567216640.0,
1998-04-25,SBUX,2.33,2.26,2.37,2.25,2.26,1770400,,,,86264000,,2656931200.0,
1998-04-24,SBUX,2.26,2.25,2.29,2.19,2.26,1162000,,,,86264000,,2577568320.0,
1998-04-23,SBUX,2.26,2.19,2.27,2.19,2.19,668400,,,,86264000,,2567216640.0,
1998-04-22,SBUX,2.19,2.21,2.21,2.14,2.21,623200,,,,86264000,,2498205440.0,
1998-04-21,SBUX,2.21,2.19,2.23,2.19,2.21,331600,,,,86264000,,2512007680.0,
1998-04-18,SBUX,2.21,2.17,2.21,2.17,2.19,562800,,,,86264000,,2515458240.0,
1998-04-17,SBUX,2.19,2.18,2.2,2.15,2.2,292200,,,,86264000,,2494754880.0,
1998-04-16,SBUX,2.2,2.16,2.22,2.16,2.16,694900,,,,86264000,,2505106560.0,
1998-04-14,SBUX,2.11,2.1,2.13,2.09,2.09,595100,,,,86264000,,2401589760.0,
1998-04-08,SBUX,2.12,2.16,2.16,2.1,2.16,853000,,,,86264000,,2408490880.0,
1998-04-07,SBUX,2.16,2.26,2.29,2.14,2.25,1072200,,,,86264000,,2453348160.0,
1998-04-04,SBUX,2.25,2.23,2.27,2.19,2.24,973600,,,,86264000,,2560315520.0,
1998-04-03,SBUX,2.24,2.23,2.32,2.23,2.23,1804100,,,,86264000,,2549963840.0,
1998-04-02,SBUX,2.23,2.2,2.25,2.17,2.2,1848700,,,,86264000,,2543062720.0,
1998-04-01,SBUX,2.2,2.18,2.25,2.17,2.18,1501700,,,,86264000,,2501656000.0,
1998-03-31,SBUX,2.18,2.11,2.19,2.11,2.07,2078500,,,,86264000,,2477502080.0,
1998-03-28,SBUX,2.07,2.09,2.09,2.06,2.09,583000,,,,86264000,,2360183040.0,
1998-03-27,SBUX,2.09,2.05,2.09,2.01,2.06,1049400,,,,86264000,,2377435840.0,
1998-03-26,SBUX,2.06,2.04,2.09,2.03,2.03,1237300,,,,86264000,,2346380800.0,
1998-03-25,SBUX,2.03,1.99,2.04,1.96,1.98,770000,,,,86264000,,2315325760.0,
1998-03-24,SBUX,1.98,2.02,2.02,1.97,2.02,215500,,,,86264000,,2253215680.0,
1998-03-21,SBUX,2.02,1.99,2.03,1.98,1.98,798800,,,,86264000,,2298072960.0,
1998-03-20,SBUX,1.98,1.99,1.99,1.97,1.99,420500,,,,86264000,,2256666240.0,
1998-03-19,SBUX,1.99,1.99,2.01,1.98,1.99,269800,,,,86264000,,2263567360.0,
1998-03-18,SBUX,1.99,1.96,2.01,1.94,1.96,540200,,,,86264000,,2263567360.0,
1998-03-17,SBUX,1.96,1.96,1.97,1.95,1.96,203500,,,,86264000,,2232512320.0,
1998-03-14,SBUX,1.96,1.99,1.99,1.95,1.99,386400,,,,86264000,,2235962880.0,
1998-03-13,SBUX,1.99,2.03,2.03,1.96,2.03,512400,,,,86264000,,2263567360.0,
1998-03-12,SBUX,2.03,2.01,2.04,1.99,1.96,1202400,,,,86264000,,2304974080.0,
1998-03-11,SBUX,1.96,1.95,1.96,1.92,1.94,565800,,,,86264000,,2229061760.0,
1998-03-10,SBUX,1.94,1.89,1.95,1.88,1.9,833600,,,,86264000,,2204907840.0,
1998-03-07,SBUX,1.9,1.88,1.93,1.87,1.87,857000,,,,86264000,,2163501120.0,
1998-03-06,SBUX,1.87,1.86,1.9,1.85,1.92,610500,,,,86264000,,2128995520.0,
1998-03-05,SBUX,1.92,1.95,1.96,1.89,1.96,963100,,,,86264000,,2180753920.0,
1998-03-04,SBUX,1.96,1.97,2.0,1.95,1.97,1079000,,,,86264000,,2225611200.0,
1998-03-03,SBUX,1.97,1.92,1.99,1.92,1.92,1881200,,,,86264000,,2246314560.0,
1998-02-28,SBUX,1.92,1.93,1.94,1.9,1.93,1200300,,,,86264000,,1945307115.0,
1998-02-27,SBUX,1.93,1.84,1.95,1.84,1.83,2563100,,,,86264000,,1960672890.0,
1998-02-26,SBUX,1.83,1.79,1.85,1.78,1.78,1157100,,,,86264000,,1856185620.0,
1998-02-25,SBUX,1.78,1.84,1.86,1.75,1.83,1406500,,,,86264000,,1800868830.0,
1998-02-24,SBUX,1.83,1.82,1.86,1.82,1.82,611700,,,,86264000,,1859258775.0,
1998-02-21,SBUX,1.82,1.81,1.83,1.78,1.8,925400,,,,86264000,,1843893000.0,
1998-02-20,SBUX,1.8,1.87,1.87,1.79,1.87,841100,,,,86264000,,1828527225.0,
1998-02-19,SBUX,1.87,1.86,1.88,1.86,1.86,391500,,,,86264000,,1899209790.0,
1998-02-18,SBUX,1.86,1.84,1.88,1.84,1.84,833300,,,,86264000,,1886917170.0,
1998-02-14,SBUX,1.84,1.83,1.86,1.82,1.83,438600,,,,86264000,,1862331930.0,
1998-02-13,SBUX,1.83,1.84,1.84,1.82,1.83,821700,,,,86264000,,1859258775.0,
1998-02-12,SBUX,1.83,1.79,1.86,1.78,1.79,1255400,,,,86264000,,1856185620.0,
1998-02-11,SBUX,1.79,1.79,1.81,1.75,1.78,943200,,,,86264000,,1810088295.0,
1998-02-10,SBUX,1.78,1.86,1.87,1.77,1.85,1213100,,,,86264000,,1800868830.0,
1998-02-07,SBUX,1.85,1.84,1.9,1.84,1.83,878400,,,,86264000,,1874624550.0,
1998-02-06,SBUX,1.83,1.89,1.89,1.81,1.88,730700,,,,86264000,,1856185620.0,
1998-02-05,SBUX,1.88,1.83,1.89,1.82,1.86,774300,,,,86279000,,1910297946.56,
1998-02-04,SBUX,1.86,1.84,1.87,1.81,1.83,1030400,,,,86279000,,1887245276.25,
1998-02-03,SBUX,1.83,1.79,1.84,1.78,1.77,1357900,,,,86279000,,1856508382.5,
1998-01-31,SBUX,1.77,1.78,1.79,1.76,1.77,632900,,,,86279000,,1798108284.38,
1998-01-30,SBUX,1.77,1.71,1.8,1.7,1.69,2337800,,,,86279000,,1798108284.38,
1998-01-29,SBUX,1.69,1.64,1.7,1.64,1.63,1295700,,,,86279000,,1715118671.25,
1998-01-28,SBUX,1.63,1.66,1.67,1.61,1.66,852700,,,,86279000,,1653644883.75,
1998-01-27,SBUX,1.66,1.7,1.71,1.66,1.69,806300,,,,86279000,,1684381777.5,
1998-01-24,SBUX,1.69,1.67,1.72,1.66,1.66,934500,,,,86279000,,1715118671.25,
1998-01-23,SBUX,1.66,1.66,1.78,1.63,1.66,1951100,,,,86279000,,1678234398.75,
1998-01-22,SBUX,1.66,1.7,1.71,1.65,1.7,594600,,,,86279000,,1678234398.75,
1998-01-21,SBUX,1.7,1.66,1.72,1.66,1.65,983300,,,,86279000,,1727413428.75,
1998-01-17,SBUX,1.65,1.67,1.67,1.64,1.65,1094200,,,,86279000,,1673623864.69,
1998-01-16,SBUX,1.65,1.7,1.71,1.64,1.71,797700,,,,86279000,,1672087020.0,
1998-01-15,SBUX,1.71,1.73,1.73,1.7,1.72,365400,,,,86279000,,1730487118.13,
1998-01-14,SBUX,1.72,1.72,1.73,1.7,1.7,477900,,,,86279000,,1748929254.38,
1998-01-13,SBUX,1.7,1.67,1.72,1.66,1.7,1023900,,,,86279000,,1727413428.75,
1998-01-10,SBUX,1.7,1.73,1.75,1.67,1.73,720600,,,,86264000,,1727113110.0,
1998-01-09,SBUX,1.73,1.68,1.75,1.65,1.68,1692800,,,,86264000,,1757844660.0,
1998-01-08,SBUX,1.68,1.72,1.77,1.66,1.73,2164200,,,,86264000,,1705601025.0,
1998-01-07,SBUX,1.73,1.8,1.81,1.72,1.8,1230800,,,,86264000,,1754771505.0,
1998-01-06,SBUX,1.8,1.82,1.83,1.78,1.82,700600,,,,86264000,,1825454070.0,
1998-01-03,SBUX,1.82,1.86,1.87,1.81,1.86,651100,,,,86264000,,1850039310.0,
1998-01-01,SBUX,1.86,1.88,1.89,1.85,1.86,536400,,,,86264000,,1886917170.0,
1997-12-31,SBUX,1.86,1.89,1.89,1.86,1.89,258400,,,,86264000,,1889990325.0,
1997-12-30,SBUX,1.89,1.89,1.9,1.88,1.9,1317400,,,,86264000,,1917648720.0,
1997-12-27,SBUX,1.9,1.9,1.92,1.88,1.9,275900,,,,86264000,,1923795030.0,
1997-12-25,SBUX,1.9,1.93,1.94,1.9,1.93,364400,,,,78830000,,1763624175.0,
1997-12-24,SBUX,1.93,1.93,1.96,1.93,1.94,696600,,,,78830000,,1788899043.75,
1997-12-23,SBUX,1.94,1.89,1.96,1.89,1.9,1175400,,,,78830000,,1800132318.75,
1997-12-20,SBUX,1.9,1.88,1.9,1.84,1.89,909400,,,,78830000,,1758007537.5,
1997-12-19,SBUX,1.89,1.89,1.91,1.89,1.9,510600,,,,78830000,,1749582581.25,
1997-12-18,SBUX,1.9,1.92,1.92,1.88,1.92,447400,,,,78830000,,1760815856.25,
1997-12-17,SBUX,1.92,1.88,1.93,1.87,1.89,769500,,,,78830000,,1777665768.75,
1997-12-16,SBUX,1.89,1.86,1.89,1.83,1.84,670600,,,,78830000,,1752390900.0,
1997-12-13,SBUX,1.84,1.86,1.9,1.79,1.84,715500,,,,78830000,,1701841162.5,
1997-12-12,SBUX,1.84,1.83,1.9,1.82,1.84,634700,,,,78830000,,1704649481.25,
1997-12-11,SBUX,1.84,1.88,1.91,1.83,1.89,691200,,,,78830000,,1707457800.0,
1997-12-10,SBUX,1.89,1.93,1.94,1.87,1.93,529200,,,,78830000,,1746774262.5,
1997-12-09,SBUX,1.93,1.92,1.93,1.89,1.92,631400,,,,78830000,,1788899043.75,
1997-12-06,SBUX,1.92,1.89,1.93,1.89,1.9,1347400,,,,78830000,,1780474087.5,
1997-12-05,SBUX,1.9,1.92,1.94,1.86,1.91,1222700,,,,78830000,,1758007537.5,
1997-12-04,SBUX,1.91,1.84,1.92,1.83,1.82,1630500,,,,78830000,,1769240812.5,
1997-12-03,SBUX,1.82,1.81,1.87,1.81,1.8,1426900,,,,78830000,,1690607887.5,
1997-12-02,SBUX,1.8,1.73,1.82,1.72,1.69,1386000,,,,78830000,,1670949656.25,
1997-11-29,SBUX,1.69,1.66,1.7,1.66,1.66,174500,,,,78830000,,1594533825.0,
1997-11-27,SBUX,1.66,1.68,1.69,1.64,1.67,601300,,,,78830000,,1565957950.0,
1997-11-26,SBUX,1.67,1.67,1.69,1.64,1.66,414600,,,,78830000,,1577388300.0,
1997-11-25,SBUX,1.66,1.7,1.7,1.63,1.7,871400,,,,78830000,,1565957950.0,
1997-11-22,SBUX,1.7,1.74,1.75,1.7,1.72,459300,,,,78830000,,1600249000.0,
1997-11-21,SBUX,1.72,1.69,1.73,1.67,1.68,562300,,,,78830000,,1623109700.0,
1997-11-20,SBUX,1.68,1.71,1.71,1.67,1.71,524900,,,,78830000,,1583103475.0,
1997-11-19,SBUX,1.71,1.71,1.72,1.7,1.7,672600,,,,78830000,,1614536937.5,
1997-11-18,SBUX,1.7,1.7,1.72,1.66,1.69,1315200,,,,78830000,,1605964175.0,
1997-11-15,SBUX,1.69,1.58,1.69,1.57,1.56,1631800,,,,78830000,,1588818650.0,
1997-11-14,SBUX,1.56,1.54,1.59,1.52,1.52,1578900,,,,78830000,,1468799975.0,
1997-11-13,SBUX,1.52,1.56,1.58,1.52,1.58,1196000,,,,78830000,,1437366512.5,
1997-11-12,SBUX,1.58,1.61,1.61,1.57,1.59,445400,,,,78830000,,1491660675.0,
1997-11-11,SBUX,1.59,1.6,1.62,1.58,1.58,537400,,,,78830000,,1503091025.0,
1997-11-08,SBUX,1.58,1.59,1.64,1.57,1.63,871400,,,,78830000,,1491660675.0,
1997-11-07,SBUX,1.63,1.61,1.64,1.59,1.62,952100,,,,78830000,,1537382075.0,
1997-11-06,SBUX,1.62,1.59,1.65,1.58,1.58,1686300,,,,78830000,,1525951725.0,
1997-11-05,SBUX,1.58,1.62,1.62,1.58,1.62,1076800,,,,78830000,,1491660675.0,
1997-11-04,SBUX,1.62,1.61,1.64,1.56,1.6,1328000,,,,78830000,,1528809312.5,
1997-11-01,SBUX,1.6,1.66,1.67,1.56,1.66,1710900,,,,78830000,,1508806200.0,
1997-10-31,SBUX,1.66,1.73,1.73,1.62,1.73,1110600,,,,78830000,,1560242775.0,
1997-10-30,SBUX,1.73,1.75,1.78,1.72,1.73,672500,,,,78830000,,1634540050.0,
1997-10-29,SBUX,1.73,1.61,1.73,1.59,1.7,1716200,,,,78830000,,1628824875.0,
1997-10-28,SBUX,1.7,1.75,1.76,1.7,1.77,845300,,,,78830000,,1600249000.0,
1997-10-25,SBUX,1.77,1.81,1.82,1.76,1.78,907100,,,,78830000,,1668831100.0,
1997-10-24,SBUX,1.78,1.84,1.85,1.76,1.87,1101800,,,,78830000,,1680261450.0,
1997-10-23,SBUX,1.87,1.9,1.9,1.85,1.89,646000,,,,78830000,,1765989075.0,
1997-10-22,SBUX,1.89,1.89,1.9,1.85,1.86,1280800,,,,78830000,,1785992187.5,
1997-10-21,SBUX,1.86,1.82,1.87,1.79,1.83,833300,,,,78830000,,1757416312.5,
1997-10-18,SBUX,1.83,1.78,1.84,1.75,1.78,1066000,,,,78830000,,1725982850.0,
1997-10-17,SBUX,1.78,1.84,1.84,1.77,1.84,890100,,,,78830000,,1680261450.0,
1997-10-16,SBUX,1.84,1.82,1.85,1.81,1.82,970100,,,,78830000,,1731698025.0,
1997-10-15,SBUX,1.82,1.79,1.83,1.78,1.79,994500,,,,78830000,,1717410087.5,
1997-10-14,SBUX,1.79,1.8,1.82,1.77,1.79,1118900,,,,78830000,,1688834212.5,
1997-10-11,SBUX,1.79,1.79,1.81,1.76,1.79,1077100,,,,78830000,,1691691800.0,
1997-10-10,SBUX,1.79,1.87,1.89,1.78,1.88,1545200,,,,78830000,,1683119037.5,
1997-10-09,SBUX,1.88,1.88,1.89,1.86,1.88,1206900,,,,78830000,,1768846662.5,
1997-10-08,SBUX,1.88,1.86,1.89,1.84,1.83,1839100,,,,78830000,,1768846662.5,
1997-10-07,SBUX,1.83,1.8,1.84,1.76,1.79,2229500,,,,78830000,,1728840437.5,
1997-10-04,SBUX,1.79,1.87,1.88,1.77,1.84,2463100,,,,78830000,,1683119037.5,
1997-10-03,SBUX,1.84,1.96,1.96,1.82,1.96,4145199,,,,78830000,,1734555612.5,
1997-10-02,SBUX,1.96,2.02,2.03,1.96,2.03,2026000,,,,78830000,,1851716700.0,
1997-10-01,SBUX,2.03,1.99,2.04,1.98,1.99,632600,,,,78830000,,1911726037.5,
1997-09-30,SBUX,1.99,1.98,2.01,1.97,1.98,511100,,,,78830000,,1880292575.0,
1997-09-27,SBUX,1.98,2.01,2.04,1.96,2.01,446500,,,,78830000,,1863147050.0,
1997-09-26,SBUX,2.01,2.06,2.07,1.99,2.06,479700,,,,78830000,,1891722925.0,
1997-09-25,SBUX,2.06,1.99,2.07,1.98,1.99,979600,,,,78830000,,1943159500.0,
1997-09-24,SBUX,1.99,2.08,2.09,1.97,2.08,1123400,,,,78830000,,1877434987.5,
1997-09-23,SBUX,2.08,2.09,2.13,2.08,2.09,599900,,,,78830000,,1960305025.0,
1997-09-20,SBUX,2.09,2.12,2.13,2.09,2.11,920000,,,,78830000,,1966020200.0,
1997-09-19,SBUX,2.11,2.12,2.13,2.1,2.13,1016200,,,,78830000,,1991738487.5,
1997-09-18,SBUX,2.13,2.15,2.15,2.06,2.16,2154000,,,,78830000,,2006026425.0,
1997-09-17,SBUX,2.16,2.11,2.17,2.11,2.11,2075000,,,,78830000,,2040317475.0,
1997-09-16,SBUX,2.11,2.07,2.11,2.06,2.07,907700,,,,78830000,,1988880900.0,
1997-09-13,SBUX,2.07,2.02,2.09,2.01,2.0,603800,,,,78830000,,1951732262.5,
1997-09-12,SBUX,2.0,2.04,2.05,1.99,2.04,879800,,,,78830000,,1886007750.0,
1997-09-11,SBUX,2.04,2.09,2.09,2.04,2.08,877100,,,,78830000,,1926013975.0,
1997-09-10,SBUX,2.08,2.02,2.11,2.01,2.02,1517200,,,,78830000,,1960305025.0,
1997-09-09,SBUX,2.02,1.96,2.03,1.96,1.95,972600,,,,78830000,,1903153275.0,
1997-09-06,SBUX,1.95,1.97,1.98,1.93,1.95,457000,,,,78830000,,1834571175.0,
1997-09-05,SBUX,1.95,1.98,1.99,1.94,1.98,446400,,,,78830000,,1840286350.0,
1997-09-04,SBUX,1.98,1.98,2.02,1.98,1.99,592600,,,,78830000,,1868862225.0,
1997-09-03,SBUX,1.99,1.99,2.02,1.98,1.99,635100,,,,78830000,,1874577400.0,
1997-08-30,SBUX,1.99,1.95,2.0,1.95,1.95,636600,,,,78830000,,1939218000.0,
1997-08-29,SBUX,1.95,2.02,2.04,1.95,2.03,803300,,,,78830000,,1903744500.0,
1997-08-28,SBUX,2.03,2.05,2.06,2.01,2.05,335800,,,,78830000,,1980603750.0,
1997-08-27,SBUX,2.05,2.06,2.09,2.04,2.08,1192400,,,,78830000,,2001296625.0,
1997-08-26,SBUX,2.08,1.97,2.1,1.97,1.98,1763100,,,,78830000,,2027901750.0,
1997-08-23,SBUX,1.98,1.97,2.01,1.96,1.99,635400,,,,78830000,,1930349625.0,
1997-08-22,SBUX,1.99,2.01,2.02,1.96,2.02,1194300,,,,78830000,,1939218000.0,
1997-08-21,SBUX,2.02,2.03,2.08,2.01,2.02,895500,,,,78830000,,1965823125.0,
1997-08-20,SBUX,2.02,1.98,2.05,1.96,1.97,1798500,,,,78350000,,1959729375.0,
1997-08-19,SBUX,1.97,1.97,1.98,1.93,1.96,1458900,,,,78350000,,1912719375.0,
1997-08-16,SBUX,1.96,1.99,2.0,1.95,2.01,1309700,,,,78350000,,1900966875.0,
1997-08-15,SBUX,2.01,1.94,2.01,1.93,1.93,1990300,,,,78350000,,1945038750.0,
1997-08-14,SBUX,1.93,1.87,1.95,1.86,1.82,1805200,,,,78350000,,1865709375.0,
1997-08-13,SBUX,1.82,1.85,1.89,1.8,1.86,743200,,,,78350000,,1762875000.0,
1997-08-12,SBUX,1.86,1.87,1.87,1.8,1.86,664500,,,,78350000,,1798132500.0,
1997-08-09,SBUX,1.86,1.9,1.9,1.79,1.89,1332600,,,,78350000,,1804008750.0,
1997-08-08,SBUX,1.89,1.89,1.93,1.86,1.88,754600,,,,78350000,,1833390000.0,
1997-08-07,SBUX,1.88,1.94,1.96,1.87,1.92,728800,,,,78350000,,1824575625.0,
1997-08-06,SBUX,1.92,1.88,1.96,1.86,1.88,1065700,,,,78350000,,1862771250.0,
1997-08-05,SBUX,1.88,1.93,1.93,1.86,1.93,873100,,,,78350000,,1818699375.0,
1997-08-02,SBUX,1.93,1.98,1.98,1.88,1.99,1155000,,,,78350000,,1865709375.0,
1997-08-01,SBUX,1.99,1.91,2.02,1.9,1.91,3501600,,,,78350000,,1732024687.5,
1997-07-31,SBUX,1.91,1.81,1.92,1.81,1.82,970500,,,,78350000,,1663272562.5,
1997-07-30,SBUX,1.82,1.83,1.84,1.79,1.85,558700,,,,78350000,,1586587500.0,
1997-07-29,SBUX,1.85,1.84,1.89,1.84,1.84,602200,,,,78350000,,1610386312.5,
1997-07-26,SBUX,1.84,1.85,1.86,1.83,1.85,770300,,,,78350000,,1605097687.5,
1997-07-25,SBUX,1.85,1.79,1.86,1.79,1.79,1091900,,,,78350000,,1615674937.5,
1997-07-24,SBUX,1.79,1.81,1.81,1.77,1.82,948000,,,,78350000,,1565433000.0,
1997-07-23,SBUX,1.82,1.79,1.87,1.75,1.78,1698600,,,,78350000,,1583943187.5,
1997-07-22,SBUX,1.78,1.79,1.81,1.76,1.79,693100,,,,78350000,,1554855750.0,
1997-07-19,SBUX,1.79,1.81,1.81,1.76,1.81,818200,,,,78350000,,1562788687.5,
1997-07-18,SBUX,1.81,1.84,1.85,1.79,1.85,615800,,,,78350000,,1576010250.0,
1997-07-17,SBUX,1.85,1.8,1.86,1.8,1.79,1334000,,,,78350000,,1613030625.0,
1997-07-16,SBUX,1.79,1.75,1.81,1.75,1.75,1536300,,,,78350000,,1565433000.0,
1997-07-15,SBUX,1.75,1.72,1.75,1.7,1.71,749900,,,,78350000,,1525768312.5,
1997-07-12,SBUX,1.71,1.68,1.76,1.66,1.68,2252100,,,,78350000,,1491392250.0,
1997-07-11,SBUX,1.68,1.74,1.75,1.67,1.74,1530400,,,,78350000,,1464949125.0,
1997-07-10,SBUX,1.74,1.73,1.78,1.73,1.73,1098300,,,,78350000,,1517835375.0,
1997-07-09,SBUX,1.73,1.75,1.76,1.7,1.74,1382600,,,,78350000,,1512546750.0,
1997-07-08,SBUX,1.74,1.81,1.81,1.71,1.8,1925300,,,,78350000,,1520479687.5,
1997-07-04,SBUX,1.8,1.87,1.93,1.78,1.87,1756900,,,,78350000,,1570721625.0,
1997-07-03,SBUX,1.87,1.89,1.89,1.82,1.88,1147400,,,,78350000,,1631540812.5,
1997-07-02,SBUX,1.88,1.89,1.89,1.87,1.89,702400,,,,78350000,,1636829437.5,
1997-07-01,SBUX,1.89,1.89,1.9,1.86,1.9,969100,,,,78350000,,1647406687.5,
1997-06-28,SBUX,1.9,1.89,1.9,1.88,1.89,1014800,,,,78350000,,1655339625.0,
1997-06-27,SBUX,1.89,1.89,1.9,1.84,1.9,1223500,,,,78350000,,1647406687.5,
1997-06-26,SBUX,1.9,1.88,1.92,1.87,1.9,1869400,,,,78350000,,1655339625.0,
1997-06-25,SBUX,1.9,1.76,1.9,1.76,1.76,3240300,,,,78350000,,1657983937.5,
1997-06-24,SBUX,1.76,1.73,1.78,1.72,1.73,1153900,,,,78350000,,1538989875.0,
1997-06-21,SBUX,1.73,1.74,1.75,1.72,1.73,742000,,,,78350000,,1512546750.0,
1997-06-20,SBUX,1.73,1.69,1.75,1.67,1.69,1479400,,,,78350000,,1512546750.0,
1997-06-19,SBUX,1.69,1.75,1.75,1.69,1.75,1243300,,,,78350000,,1475526375.0,
1997-06-18,SBUX,1.75,1.76,1.78,1.74,1.77,1608400,,,,78350000,,1525768312.5,
1997-06-17,SBUX,1.77,1.79,1.79,1.73,1.79,1889100,,,,78350000,,1544278500.0,
1997-06-14,SBUX,1.79,1.7,1.8,1.69,1.7,3546700,,,,78350000,,1562788687.5,
1997-06-13,SBUX,1.7,1.6,1.7,1.6,1.59,2422400,,,,78350000,,1480815000.0,
1997-06-12,SBUX,1.59,1.58,1.6,1.56,1.56,1248000,,,,78350000,,1390908375.0,
1997-06-11,SBUX,1.56,1.56,1.6,1.54,1.54,1351400,,,,78350000,,1364465250.0,
1997-06-10,SBUX,1.54,1.52,1.56,1.5,1.46,3376000,,,,78350000,,1340666437.5,
1997-06-07,SBUX,1.46,1.46,1.47,1.44,1.46,1780500,,,,78350000,,1271914312.5,
1997-06-06,SBUX,1.46,1.47,1.49,1.45,1.47,1416800,,,,78350000,,1269270000.0,
1997-06-05,SBUX,1.47,1.5,1.5,1.43,1.51,1349500,,,,78350000,,1282491562.5,
1997-06-04,SBUX,1.51,1.52,1.54,1.5,1.51,703900,,,,78350000,,1319511937.5,
1997-06-03,SBUX,1.51,1.53,1.54,1.5,1.53,690800,,,,78350000,,1319511937.5,
1997-05-31,SBUX,1.53,1.5,1.55,1.5,1.53,572400,,,,78350000,,1431454500.0,
1997-05-30,SBUX,1.53,1.59,1.59,1.5,1.59,1532100,,,,78350000,,1437134875.0,
1997-05-29,SBUX,1.59,1.61,1.61,1.58,1.62,1057300,,,,78350000,,1488258250.0,
1997-05-28,SBUX,1.62,1.62,1.63,1.59,1.64,1100200,,,,78350000,,1522340500.0,
1997-05-24,SBUX,1.64,1.55,1.65,1.55,1.55,1785300,,,,78350000,,1533701250.0,
1997-05-23,SBUX,1.55,1.56,1.56,1.53,1.55,1440500,,,,78350000,,1448495625.0,
1997-05-22,SBUX,1.55,1.49,1.58,1.49,1.49,2339600,,,,78350000,,1454176000.0,
1997-05-21,SBUX,1.49,1.48,1.49,1.46,1.48,1251300,,,,78350000,,1394532062.5,
1997-05-20,SBUX,1.48,1.41,1.49,1.41,1.41,3108600,,,,78033000,,1380403770.0,
1997-05-17,SBUX,1.41,1.46,1.48,1.38,1.4,2336900,,,,78033000,,1312515060.0,
1997-05-16,SBUX,1.4,1.41,1.42,1.39,1.41,662500,,,,78033000,,1306857667.5,
1997-05-15,SBUX,1.41,1.39,1.42,1.38,1.39,897000,,,,78033000,,1312515060.0,
1997-05-14,SBUX,1.39,1.39,1.39,1.37,1.38,456300,,,,78033000,,1301200275.0,
1997-05-13,SBUX,1.38,1.37,1.39,1.36,1.37,1045600,,,,78033000,,1289885490.0,
1997-05-10,SBUX,1.37,1.38,1.38,1.35,1.37,1087100,,,,78033000,,1278570705.0,
1997-05-09,SBUX,1.37,1.39,1.4,1.36,1.4,1194800,,,,78033000,,1281399401.25,
1997-05-08,SBUX,1.4,1.41,1.42,1.38,1.42,999700,,,,78033000,,1304028971.25,
1997-05-07,SBUX,1.42,1.44,1.44,1.41,1.45,886300,,,,78033000,,1323829845.0,
1997-05-06,SBUX,1.45,1.46,1.46,1.41,1.46,1574700,,,,78033000,,1352116807.5,
1997-05-03,SBUX,1.46,1.41,1.49,1.39,1.42,1416100,,,,78033000,,1357774200.0,
1997-05-02,SBUX,1.42,1.45,1.48,1.38,1.45,1535400,,,,78033000,,1323829845.0,
1997-05-01,SBUX,1.45,1.41,1.46,1.4,1.41,1092500,,,,78033000,,1352116807.5,
1997-04-30,SBUX,1.41,1.38,1.42,1.36,1.34,988600,,,,78033000,,1312515060.0,
1997-04-29,SBUX,1.34,1.33,1.35,1.31,1.32,1073600,,,,78033000,,1253112438.75,
1997-04-26,SBUX,1.32,1.36,1.36,1.27,1.36,2448600,,,,78033000,,1233311565.0,
1997-04-25,SBUX,1.36,1.43,1.46,1.33,1.42,2704700,,,,78033000,,1267255920.0,
1997-04-24,SBUX,1.42,1.39,1.44,1.39,1.39,1066700,,,,78033000,,1323829845.0,
1997-04-23,SBUX,1.39,1.39,1.41,1.35,1.39,1445400,,,,78033000,,1301200275.0,
1997-04-22,SBUX,1.39,1.39,1.41,1.36,1.41,1238000,,,,78033000,,1295542882.5,
1997-04-19,SBUX,1.41,1.33,1.44,1.29,1.32,2174800,,,,78033000,,1312515060.0,
1997-04-18,SBUX,1.32,1.35,1.38,1.27,1.34,1643700,,,,78033000,,1233311565.0,
1997-04-17,SBUX,1.34,1.39,1.39,1.33,1.38,1355000,,,,78033000,,1250283742.5,
1997-04-16,SBUX,1.38,1.42,1.46,1.37,1.41,834600,,,,78033000,,1289885490.0,
1997-04-15,SBUX,1.41,1.39,1.41,1.35,1.38,876400,,,,78033000,,1318172452.5,
1997-04-12,SBUX,1.38,1.44,1.45,1.37,1.43,843800,,,,78033000,,1289885490.0,
1997-04-11,SBUX,1.43,1.46,1.47,1.43,1.47,814100,,,,78033000,,1335144630.0,
1997-04-10,SBUX,1.47,1.5,1.51,1.46,1.49,471700,,,,78033000,,1374746377.5,
1997-04-09,SBUX,1.49,1.47,1.51,1.47,1.49,340800,,,,78033000,,1391718555.0,
1997-04-08,SBUX,1.49,1.49,1.52,1.46,1.49,670200,,,,78033000,,1386061162.5,
1997-04-05,SBUX,1.49,1.4,1.5,1.39,1.41,1212100,,,,78033000,,1391718555.0,
1997-04-04,SBUX,1.41,1.43,1.44,1.37,1.44,1346500,,,,78033000,,1312515060.0,
1997-04-03,SBUX,1.44,1.47,1.5,1.42,1.47,873300,,,,78033000,,1340802022.5,
1997-04-02,SBUX,1.47,1.44,1.47,1.41,1.44,1120800,,,,78033000,,1369088985.0,
1997-04-01,SBUX,1.44,1.53,1.53,1.44,1.52,1078300,,,,78033000,,1340802022.5,
1997-03-28,SBUX,1.52,1.57,1.57,1.52,1.56,393200,,,,78033000,,1414348125.0,
1997-03-27,SBUX,1.56,1.53,1.58,1.5,1.53,868400,,,,78033000,,1459607265.0,
1997-03-26,SBUX,1.53,1.52,1.56,1.5,1.52,603800,,,,78033000,,1431320302.5,
1997-03-25,SBUX,1.52,1.53,1.54,1.5,1.53,480700,,,,78033000,,1414348125.0,
1997-03-22,SBUX,1.53,1.52,1.55,1.51,1.51,564300,,,,78033000,,1425662910.0,
1997-03-21,SBUX,1.51,1.55,1.57,1.48,1.55,1197600,,,,78033000,,1408690732.5,
1997-03-20,SBUX,1.55,1.55,1.58,1.53,1.56,515900,,,,78033000,,1448292480.0,
1997-03-19,SBUX,1.56,1.51,1.58,1.5,1.49,776300,,,,78033000,,1453949872.5,
1997-03-18,SBUX,1.49,1.53,1.53,1.46,1.53,1591900,,,,78033000,,1391718555.0,
1997-03-15,SBUX,1.53,1.48,1.56,1.47,1.47,2059700,,,,78033000,,1425662910.0,
1997-03-14,SBUX,1.47,1.44,1.47,1.44,1.44,1727200,,,,78033000,,1374746377.5,
1997-03-13,SBUX,1.44,1.42,1.46,1.42,1.42,2212200,,,,78033000,,1340802022.5,
1997-03-12,SBUX,1.42,1.48,1.49,1.42,1.48,1484100,,,,78033000,,1329487237.5,
1997-03-11,SBUX,1.48,1.51,1.51,1.47,1.51,730000,,,,78033000,,1380403770.0,
1997-03-08,SBUX,1.51,1.52,1.52,1.5,1.5,1418900,,,,78033000,,1405862036.25,
1997-03-07,SBUX,1.5,1.58,1.58,1.47,1.58,1694100,,,,78033000,,1397375947.5,
1997-03-06,SBUX,1.58,1.61,1.61,1.56,1.62,1192300,,,,78033000,,1470922050.0,
1997-03-05,SBUX,1.62,1.6,1.64,1.59,1.61,679100,,,,78033000,,1516181190.0,
1997-03-04,SBUX,1.61,1.63,1.63,1.58,1.63,795900,,,,78033000,,1499209012.5,
1997-03-01,SBUX,1.63,1.66,1.67,1.62,1.66,798000,,,,78033000,,2256519277.5,
1997-02-28,SBUX,1.66,1.6,1.67,1.6,1.61,900200,,,,78033000,,2298462015.0,
1997-02-27,SBUX,1.61,1.65,1.66,1.59,1.65,923700,,,,78033000,,2222965087.5,
1997-02-26,SBUX,1.65,1.66,1.66,1.62,1.66,671900,,,,77787000,,2274491880.0,
1997-02-25,SBUX,1.66,1.66,1.69,1.64,1.68,1123600,,,,77787000,,2282853982.5,
1997-02-22,SBUX,1.68,1.69,1.69,1.67,1.69,753600,,,,77787000,,2316302392.5,
1997-02-21,SBUX,1.69,1.71,1.72,1.68,1.72,583200,,,,77787000,,2328845546.25,
1997-02-20,SBUX,1.72,1.75,1.75,1.69,1.73,766800,,,,77787000,,2366475007.5,
1997-02-19,SBUX,1.73,1.77,1.78,1.73,1.78,481800,,,,77787000,,2391561315.0,
1997-02-15,SBUX,1.78,1.81,1.81,1.76,1.8,411200,,,,77359000,,2436615102.5,
1997-02-14,SBUX,1.8,1.78,1.81,1.76,1.79,1019400,,,,77359000,,2469879472.5,
1997-02-13,SBUX,1.79,1.68,1.8,1.67,1.67,1318800,,,,77359000,,2461563380.0,
1997-02-12,SBUX,1.67,1.7,1.7,1.64,1.7,736400,,,,77359000,,2295241530.0,
1997-02-11,SBUX,1.7,1.76,1.76,1.66,1.75,725900,,,,77359000,,2328505900.0,
1997-02-08,SBUX,1.75,1.74,1.79,1.74,1.75,607800,,,,77359000,,2395034640.0,
1997-02-07,SBUX,1.75,1.75,1.77,1.7,1.73,597000,,,,77359000,,2403350732.5,
1997-02-06,SBUX,1.73,1.72,1.76,1.72,1.72,847500,,,,77359000,,2378402455.0,
1997-02-05,SBUX,1.72,1.74,1.74,1.67,1.73,705300,,,,77359000,,2361770270.0,
1997-02-04,SBUX,1.73,1.66,1.75,1.66,1.66,1234000,,,,77359000,,2378402455.0,
1997-02-01,SBUX,1.66,1.66,1.67,1.64,1.67,463100,,,,77359000,,2278609345.0,
1997-01-31,SBUX,1.67,1.64,1.7,1.64,1.65,1164400,,,,77359000,,2286925437.5,
1997-01-30,SBUX,1.65,1.66,1.67,1.59,1.67,1114300,,,,77359000,,2257819113.75,
1997-01-29,SBUX,1.67,1.67,1.7,1.66,1.66,566700,,,,77359000,,2295241530.0,
1997-01-28,SBUX,1.66,1.67,1.67,1.64,1.67,555000,,,,77359000,,2270293252.5,
1997-01-25,SBUX,1.67,1.69,1.69,1.64,1.7,1325700,,,,77359000,,2286925437.5,
1997-01-24,SBUX,1.7,1.63,1.74,1.63,1.64,2877100,,,,77359000,,2328505900.0,
1997-01-23,SBUX,1.64,1.56,1.64,1.55,1.56,1338300,,,,77359000,,2245344975.0,
1997-01-22,SBUX,1.56,1.54,1.56,1.53,1.56,352200,,,,77359000,,2137235772.5,
1997-01-21,SBUX,1.56,1.58,1.59,1.53,1.58,1072300,,,,77359000,,2137235772.5,
1997-01-18,SBUX,1.58,1.46,1.59,1.44,1.46,2862100,,,,77359000,,2162184050.0,
1997-01-17,SBUX,1.46,1.46,1.47,1.42,1.46,600800,,,,77359000,,2004178292.5,
1997-01-16,SBUX,1.46,1.39,1.46,1.39,1.4,803800,,,,77359000,,1995862200.0,
1997-01-15,SBUX,1.4,1.41,1.43,1.38,1.41,1094500,,,,77359000,,1921017367.5,
1997-01-14,SBUX,1.41,1.47,1.5,1.39,1.46,1116300,,,,77359000,,1937649552.5,
1997-01-11,SBUX,1.46,1.44,1.49,1.42,1.44,860300,,,,77359000,,2004178292.5,
1997-01-10,SBUX,1.44,1.43,1.47,1.42,1.42,576900,,,,77359000,,1979230015.0,
1997-01-09,SBUX,1.42,1.44,1.45,1.42,1.44,836800,,,,77359000,,1954281737.5,
1997-01-08,SBUX,1.44,1.42,1.46,1.42,1.44,683500,,,,77359000,,1970913922.5,
1997-01-07,SBUX,1.44,1.46,1.46,1.41,1.46,993000,,,,77359000,,1970913922.5,
1997-01-04,SBUX,1.46,1.35,1.46,1.33,1.35,2761500,,,,77359000,,1995862200.0,
1997-01-03,SBUX,1.35,1.39,1.4,1.33,1.39,1471300,,,,77359000,,1846172535.0,
1997-01-01,SBUX,1.39,1.44,1.44,1.38,1.44,1121600,,,,77359000,,1904385182.5,
1996-12-31,SBUX,1.44,1.48,1.5,1.43,1.48,1301200,,,,77359000,,1970913922.5,
1996-12-28,SBUX,1.48,1.52,1.53,1.47,1.53,859800,,,,77359000,,2029126570.0,
1996-12-27,SBUX,1.53,1.44,1.53,1.4,1.44,1179000,,,,77359000,,2095655310.0,
1996-12-25,SBUX,1.44,1.43,1.44,1.41,1.44,659400,,,,77359000,,1970913922.5,
1996-12-24,SBUX,1.44,1.49,1.5,1.43,1.49,956300,,,,77359000,,1970913922.5,
1996-12-21,SBUX,1.49,1.55,1.55,1.47,1.53,1192600,,,,77359000,,2037442662.5,
1996-12-20,SBUX,1.53,1.49,1.56,1.49,1.49,1315700,,,,77359000,,2095655310.0,
1996-12-19,SBUX,1.49,1.55,1.55,1.47,1.55,1787500,,,,77359000,,2037442662.5,
1996-12-18,SBUX,1.55,1.55,1.59,1.53,1.55,712400,,,,77359000,,2120603587.5,
1996-12-17,SBUX,1.55,1.6,1.6,1.55,1.59,584100,,,,77359000,,2128919680.0,
1996-12-14,SBUX,1.59,1.59,1.62,1.58,1.6,844200,,,,77359000,,2187132327.5,
1996-12-13,SBUX,1.6,1.61,1.62,1.59,1.61,924200,,,,77359000,,2199606466.25,
1996-12-12,SBUX,1.61,1.62,1.62,1.57,1.62,1118400,,,,77359000,,2203764512.5,
1996-12-11,SBUX,1.62,1.67,1.67,1.62,1.67,574300,,,,77359000,,2228712790.0,
1996-12-10,SBUX,1.67,1.62,1.68,1.61,1.6,1223300,,,,77359000,,2295241530.0,
1996-12-07,SBUX,1.6,1.64,1.64,1.59,1.66,1381600,,,,77359000,,2191290373.75,
1996-12-06,SBUX,1.66,1.72,1.72,1.64,1.72,758600,,,,77359000,,2270293252.5,
1996-12-05,SBUX,1.72,1.74,1.76,1.71,1.75,571100,,,,77359000,,2353454177.5,
1996-12-04,SBUX,1.75,1.75,1.78,1.73,1.74,904500,,,,77359000,,2395034640.0,
1996-12-03,SBUX,1.74,1.69,1.75,1.66,1.68,788600,,,,77359000,,2386718547.5,
1996-11-30,SBUX,1.68,1.65,1.69,1.64,1.66,326500,,,,77359000,,2330343176.25,
1996-11-28,SBUX,1.66,1.73,1.73,1.64,1.72,1211700,,,,77359000,,2296692011.25,
1996-11-27,SBUX,1.72,1.75,1.77,1.72,1.75,573500,,,,77359000,,2389232715.0,
1996-11-26,SBUX,1.75,1.75,1.76,1.73,1.75,390300,,,,77359000,,2422883880.0,
1996-11-23,SBUX,1.75,1.73,1.78,1.73,1.73,1172700,,,,77359000,,2422883880.0,
1996-11-22,SBUX,1.73,1.7,1.75,1.69,1.71,1114800,,,,77359000,,2397645506.25,
1996-11-21,SBUX,1.71,1.73,1.73,1.69,1.73,779400,,,,77359000,,2372407132.5,
1996-11-20,SBUX,1.73,1.7,1.73,1.69,1.7,1553900,,,,77359000,,2397645506.25,
1996-11-19,SBUX,1.7,1.66,1.7,1.62,1.66,1540400,,,,77359000,,2355581550.0,
1996-11-16,SBUX,1.66,1.67,1.67,1.63,1.67,953700,,,,77359000,,2296692011.25,
1996-11-15,SBUX,1.67,1.55,1.7,1.55,1.55,2242200,,,,77359000,,2313517593.75,
1996-11-14,SBUX,1.55,1.62,1.64,1.54,1.63,1479200,,,,77359000,,2145261768.75,
1996-11-13,SBUX,1.63,1.62,1.65,1.62,1.62,728400,,,,77359000,,2263040846.25,
1996-11-12,SBUX,1.62,1.62,1.63,1.58,1.62,1097600,,,,77359000,,2254628055.0,
1996-11-09,SBUX,1.62,1.67,1.67,1.61,1.67,798600,,,,77359000,,2246215263.75,
1996-11-08,SBUX,1.67,1.68,1.7,1.66,1.67,379800,,,,77359000,,2313517593.75,
1996-11-07,SBUX,1.67,1.67,1.69,1.66,1.66,786800,,,,77359000,,2321930385.0,
1996-11-06,SBUX,1.66,1.62,1.66,1.61,1.62,794100,,,,77359000,,2296692011.25,
1996-11-05,SBUX,1.62,1.59,1.64,1.58,1.58,649200,,,,77359000,,2250421659.38,
1996-11-02,SBUX,1.58,1.58,1.61,1.56,1.58,1132000,,,,77359000,,2195738516.25,
1996-11-01,SBUX,1.58,1.7,1.72,1.58,1.7,3980000,,,,77359000,,2187325725.0,
1996-10-31,SBUX,1.7,1.72,1.73,1.67,1.72,425400,,,,77359000,,2355581550.0,
1996-10-30,SBUX,1.72,1.73,1.75,1.69,1.73,1053400,,,,77359000,,2389232715.0,
1996-10-29,SBUX,1.73,1.75,1.76,1.73,1.75,254700,,,,77359000,,2406058297.5,
1996-10-26,SBUX,1.75,1.75,1.76,1.73,1.76,500900,,,,77359000,,2431296671.25,
1996-10-25,SBUX,1.76,1.77,1.78,1.75,1.77,391600,,,,77359000,,2439709462.5,
1996-10-24,SBUX,1.77,1.78,1.78,1.75,1.78,730400,,,,77359000,,2456535045.0,
1996-10-23,SBUX,1.78,1.77,1.79,1.75,1.78,503200,,,,77359000,,2473360627.5,
1996-10-22,SBUX,1.78,1.82,1.82,1.76,1.82,389700,,,,77359000,,2464947836.25,
1996-10-19,SBUX,1.82,1.8,1.82,1.78,1.79,1054800,,,,77359000,,2523837375.0,
1996-10-18,SBUX,1.79,1.77,1.82,1.76,1.77,950700,,,,77359000,,2481773418.75,
1996-10-17,SBUX,1.77,1.81,1.81,1.76,1.81,688500,,,,77359000,,2456535045.0,
1996-10-16,SBUX,1.81,1.83,1.83,1.78,1.8,683700,,,,77359000,,2515424583.75,
1996-10-15,SBUX,1.8,1.79,1.81,1.78,1.79,658100,,,,77359000,,2498599001.25,
1996-10-12,SBUX,1.79,1.79,1.81,1.78,1.77,740900,,,,77359000,,2481773418.75,
1996-10-11,SBUX,1.77,1.73,1.78,1.72,1.72,1514200,,,,77359000,,2456535045.0,
1996-10-10,SBUX,1.72,1.75,1.81,1.7,1.75,1977800,,,,77359000,,2389232715.0,
1996-10-09,SBUX,1.75,1.84,1.84,1.74,1.88,2059200,,,,77359000,,2431296671.25,
1996-10-08,SBUX,1.88,1.93,1.95,1.87,1.94,992500,,,,77359000,,2614274880.94,
1996-10-05,SBUX,1.94,1.93,1.95,1.9,1.9,2184600,,,,77359000,,2692093200.0,
1996-10-04,SBUX,1.9,1.79,1.95,1.79,1.79,4687098,,,,77359000,,2633203661.25,
1996-10-03,SBUX,1.79,1.7,1.8,1.66,1.7,2792000,,,,77359000,,2490186210.0,
1996-10-02,SBUX,1.7,1.6,1.73,1.59,1.6,2206600,,,,77359000,,2363994341.25,
1996-10-01,SBUX,1.6,1.61,1.61,1.58,1.59,664000,,,,77359000,,2220976890.0,
1996-09-28,SBUX,1.59,1.62,1.62,1.58,1.62,684700,,,,77359000,,2212564098.75,
1996-09-27,SBUX,1.62,1.63,1.67,1.61,1.62,1015400,,,,77359000,,2254628055.0,
1996-09-26,SBUX,1.62,1.67,1.67,1.6,1.67,965000,,,,77359000,,2254628055.0,
1996-09-25,SBUX,1.67,1.7,1.71,1.65,1.7,767900,,,,77359000,,2321930385.0,
1996-09-24,SBUX,1.7,1.72,1.72,1.7,1.72,566100,,,,77359000,,2363994341.25,
1996-09-21,SBUX,1.72,1.7,1.72,1.69,1.7,572900,,,,77359000,,2380819923.75,
1996-09-20,SBUX,1.7,1.74,1.74,1.69,1.73,640900,,,,77359000,,2355581550.0,
1996-09-19,SBUX,1.73,1.69,1.74,1.69,1.7,1327500,,,,77359000,,2406058297.5,
1996-09-18,SBUX,1.7,1.7,1.71,1.68,1.7,1011800,,,,77359000,,2355581550.0,
1996-09-17,SBUX,1.7,1.67,1.71,1.66,1.67,1172100,,,,77359000,,2363994341.25,
1996-09-14,SBUX,1.67,1.67,1.69,1.64,1.66,873300,,,,77359000,,2321930385.0,
1996-09-13,SBUX,1.66,1.58,1.67,1.58,1.58,1699400,,,,77359000,,2296692011.25,
1996-09-12,SBUX,1.58,1.6,1.61,1.58,1.61,838700,,,,77359000,,2187325725.0,
1996-09-11,SBUX,1.61,1.64,1.65,1.59,1.62,908000,,,,77359000,,2229389681.25,
1996-09-10,SBUX,1.62,1.62,1.69,1.61,1.62,1463000,,,,77359000,,2254628055.0,
1996-09-07,SBUX,1.62,1.59,1.63,1.58,1.58,1140200,,,,75688000,,2197695690.0,
1996-09-06,SBUX,1.58,1.66,1.66,1.58,1.67,1795200,,,,75688000,,2148309270.0,
1996-09-05,SBUX,1.67,1.56,1.69,1.55,1.55,2502200,,,,75688000,,2271775320.0,
1996-09-04,SBUX,1.55,1.56,1.57,1.54,1.59,769200,,,,75688000,,2107153920.0,
1996-08-31,SBUX,1.59,1.59,1.6,1.54,1.6,633000,,,,75688000,,2156540340.0,
1996-08-30,SBUX,1.6,1.55,1.66,1.53,1.56,3155100,,,,75688000,,2173002480.0,
1996-08-29,SBUX,1.56,1.49,1.56,1.47,1.48,1575900,,,,75688000,,2115384990.0,
1996-08-28,SBUX,1.48,1.47,1.51,1.45,1.47,1128800,,,,75688000,,2008381080.0,
1996-08-27,SBUX,1.47,1.46,1.47,1.44,1.46,592700,,,,75688000,,1991918940.0,
1996-08-24,SBUX,1.46,1.47,1.49,1.44,1.48,1017600,,,,75688000,,1975456800.0,
1996-08-23,SBUX,1.48,1.39,1.49,1.38,1.38,1631600,,,,75688000,,2008381080.0,
1996-08-22,SBUX,1.38,1.39,1.39,1.37,1.39,299300,,,,75688000,,1876683960.0,
1996-08-21,SBUX,1.39,1.41,1.41,1.38,1.4,347400,,,,75688000,,1893146100.0,
1996-08-20,SBUX,1.4,1.42,1.42,1.4,1.42,199200,,,,75688000,,1901377170.0,
1996-08-17,SBUX,1.42,1.42,1.43,1.41,1.42,607400,,,,75688000,,1926070380.0,
1996-08-16,SBUX,1.42,1.42,1.42,1.4,1.42,394900,,,,75688000,,1926070380.0,
1996-08-15,SBUX,1.42,1.38,1.43,1.38,1.38,619400,,,,75688000,,1934301450.0,
1996-08-14,SBUX,1.38,1.42,1.42,1.38,1.43,623100,,,,75688000,,1872568425.0,
1996-08-13,SBUX,1.43,1.43,1.44,1.41,1.44,528200,,,,75688000,,1942532520.0,
1996-08-10,SBUX,1.44,1.41,1.44,1.41,1.41,476400,,,,75688000,,1950763590.0,
1996-08-09,SBUX,1.41,1.44,1.44,1.39,1.43,604800,,,,75688000,,1917839310.0,
1996-08-08,SBUX,1.43,1.39,1.44,1.38,1.39,844000,,,,75688000,,1942532520.0,
1996-08-07,SBUX,1.39,1.37,1.39,1.35,1.36,884600,,,,75688000,,1884915030.0,
1996-08-06,SBUX,1.36,1.36,1.4,1.35,1.35,901900,,,,75688000,,1851990750.0,
1996-08-03,SBUX,1.35,1.34,1.36,1.33,1.33,1000500,,,,75688000,,1835528610.0,
1996-08-02,SBUX,1.33,1.26,1.36,1.26,1.26,2116000,,,,75688000,,1810835400.0,
1996-08-01,SBUX,1.26,1.25,1.27,1.24,1.29,1014100,,,,75688000,,1712062560.0,
1996-07-31,SBUX,1.29,1.27,1.3,1.27,1.28,501900,,,,75688000,,1753217910.0,
1996-07-30,SBUX,1.28,1.29,1.3,1.27,1.3,789100,,,,75688000,,1736755770.0,
1996-07-27,SBUX,1.3,1.16,1.32,1.16,1.16,2547200,,,,76586000,,1782347685.0,
1996-07-26,SBUX,1.16,1.12,1.18,1.12,1.12,1107600,,,,76586000,,1586622588.75,
1996-07-25,SBUX,1.12,1.14,1.15,1.12,1.16,1283700,,,,76586000,,1540814587.5,
1996-07-24,SBUX,1.16,1.22,1.22,1.16,1.21,512800,,,,76586000,,1599115680.0,
1996-07-23,SBUX,1.21,1.17,1.22,1.15,1.18,761200,,,,76586000,,1665745500.0,
1996-07-20,SBUX,1.18,1.22,1.22,1.14,1.21,878800,,,,76586000,,1624101862.5,
1996-07-19,SBUX,1.21,1.21,1.24,1.19,1.21,653200,,,,76586000,,1665745500.0,
1996-07-18,SBUX,1.21,1.19,1.22,1.18,1.17,1052900,,,,76586000,,1657416772.5,
1996-07-17,SBUX,1.17,1.16,1.2,1.12,1.16,1737200,,,,76586000,,1607444407.5,
1996-07-16,SBUX,1.16,1.23,1.23,1.16,1.23,1294700,,,,76586000,,1594951316.25,
1996-07-13,SBUX,1.23,1.22,1.26,1.21,1.21,888500,,,,76586000,,1690731682.5,
1996-07-12,SBUX,1.21,1.27,1.27,1.21,1.27,749500,,,,76586000,,1665745500.0,
1996-07-11,SBUX,1.27,1.35,1.35,1.25,1.35,1143100,,,,76586000,,1749032775.0,
1996-07-10,SBUX,1.35,1.32,1.35,1.32,1.31,742800,,,,76586000,,1857306232.5,
1996-07-09,SBUX,1.31,1.35,1.36,1.3,1.37,690200,,,,76586000,,1794840776.25,
1996-07-06,SBUX,1.37,1.39,1.39,1.36,1.41,368900,,,,76586000,,1878128051.25,
1996-07-04,SBUX,1.41,1.38,1.45,1.36,1.38,1450300,,,,76586000,,1932264780.0,
1996-07-03,SBUX,1.38,1.39,1.41,1.36,1.41,595400,,,,76586000,,1898949870.0,
1996-07-02,SBUX,1.41,1.36,1.42,1.36,1.37,1023100,,,,76586000,,1932264780.0,
1996-06-29,SBUX,1.37,1.32,1.38,1.32,1.31,1344900,,,,76586000,,1882292415.0,
1996-06-28,SBUX,1.31,1.3,1.32,1.29,1.31,858500,,,,76586000,,1799005140.0,
1996-06-27,SBUX,1.31,1.32,1.32,1.27,1.3,863200,,,,76586000,,1794840776.25,
1996-06-26,SBUX,1.3,1.31,1.32,1.3,1.3,483900,,,,76586000,,1790676412.5,
1996-06-25,SBUX,1.3,1.27,1.32,1.27,1.28,576100,,,,76586000,,1786512048.75,
1996-06-22,SBUX,1.28,1.28,1.29,1.27,1.28,311500,,,,76586000,,1757361502.5,
1996-06-21,SBUX,1.28,1.29,1.3,1.27,1.29,640200,,,,76586000,,1753197138.75,
1996-06-20,SBUX,1.29,1.27,1.3,1.27,1.27,514300,,,,76586000,,1774018957.5,
1996-06-19,SBUX,1.27,1.25,1.28,1.24,1.24,1354400,,,,76586000,,1749032775.0,
1996-06-18,SBUX,1.24,1.28,1.28,1.24,1.27,534200,,,,76586000,,1707389137.5,
1996-06-15,SBUX,1.27,1.22,1.3,1.22,1.3,824500,,,,76586000,,1740704047.5,
1996-06-14,SBUX,1.3,1.32,1.32,1.28,1.32,470000,,,,76586000,,1782347685.0,
1996-06-13,SBUX,1.32,1.33,1.35,1.31,1.33,527000,,,,76586000,,1815662595.0,
1996-06-12,SBUX,1.33,1.24,1.33,1.24,1.24,1650800,,,,76586000,,1823991322.5,
1996-06-11,SBUX,1.24,1.27,1.27,1.22,1.27,902200,,,,76586000,,1699060410.0,
1996-06-08,SBUX,1.27,1.24,1.29,1.24,1.28,962200,,,,76586000,,1740704047.5,
1996-06-07,SBUX,1.28,1.34,1.36,1.28,1.33,696200,,,,76586000,,1757361502.5,
1996-06-06,SBUX,1.33,1.26,1.35,1.26,1.27,765600,,,,71219000,,1696169508.75,
1996-06-05,SBUX,1.27,1.3,1.3,1.26,1.3,383900,,,,71219000,,1626463912.5,
1996-06-04,SBUX,1.3,1.32,1.32,1.28,1.32,188500,,,,71219000,,1657444177.5,
1996-06-01,SBUX,1.32,1.32,1.33,1.3,1.32,311300,,,,71219000,,1680679376.25,
1996-05-31,SBUX,1.32,1.29,1.33,1.29,1.29,1211100,,,,71219000,,1680679376.25,
1996-05-30,SBUX,1.29,1.31,1.31,1.26,1.32,877600,,,,71219000,,1649699111.25,
1996-05-29,SBUX,1.32,1.36,1.36,1.29,1.36,614100,,,,71219000,,1680679376.25,
1996-05-25,SBUX,1.36,1.35,1.36,1.35,1.35,332900,,,,71219000,,1734894840.0,
1996-05-24,SBUX,1.35,1.35,1.36,1.34,1.35,495500,,,,71219000,,1719404707.5,
1996-05-23,SBUX,1.35,1.35,1.36,1.32,1.36,625500,,,,71219000,,1727149773.75,
1996-05-22,SBUX,1.36,1.38,1.39,1.35,1.39,345100,,,,71219000,,1734894840.0,
1996-05-21,SBUX,1.39,1.39,1.39,1.38,1.39,523800,,,,71219000,,1773620171.25,
1996-05-18,SBUX,1.39,1.41,1.44,1.39,1.41,661800,,,,71219000,,1775556437.81,
1996-05-17,SBUX,1.41,1.39,1.41,1.39,1.4,442200,,,,71219000,,1796855370.0,
1996-05-16,SBUX,1.4,1.39,1.41,1.39,1.41,517700,,,,71219000,,1789110303.75,
1996-05-15,SBUX,1.41,1.38,1.41,1.35,1.36,1048100,,,,71219000,,1796855370.0,
1996-05-14,SBUX,1.36,1.35,1.37,1.33,1.34,947700,,,,71219000,,1742639906.25,
1996-05-11,SBUX,1.34,1.35,1.36,1.32,1.35,591000,,,,71219000,,1707787108.13,
1996-05-10,SBUX,1.35,1.26,1.35,1.26,1.24,1617500,,,,71219000,,1719404707.5,
1996-05-09,SBUX,1.24,1.26,1.28,1.21,1.28,843500,,,,71219000,,1579993515.0,
1996-05-08,SBUX,1.28,1.3,1.31,1.26,1.32,513100,,,,71219000,,1634208978.75,
1996-05-07,SBUX,1.32,1.35,1.35,1.3,1.34,627200,,,,71219000,,1680679376.25,
1996-05-04,SBUX,1.34,1.35,1.36,1.27,1.35,1991000,,,,71219000,,1711659641.25,
1996-05-03,SBUX,1.35,1.37,1.38,1.32,1.36,1257600,,,,71219000,,1727149773.75,
1996-05-02,SBUX,1.36,1.33,1.37,1.32,1.32,1711400,,,,71219000,,1742639906.25,
1996-05-01,SBUX,1.32,1.32,1.33,1.29,1.33,1115400,,,,71219000,,1680679376.25,
1996-04-30,SBUX,1.33,1.35,1.36,1.28,1.36,840400,,,,71219000,,1696169508.75,
1996-04-27,SBUX,1.36,1.39,1.39,1.33,1.42,2876500,,,,71219000,,1731022306.88,
1996-04-26,SBUX,1.42,1.24,1.42,1.24,1.24,4691699,,,,71219000,,1812345502.5,
1996-04-25,SBUX,1.24,1.27,1.27,1.23,1.27,448900,,,,71219000,,1579993515.0,
1996-04-24,SBUX,1.27,1.22,1.27,1.21,1.23,790500,,,,71219000,,1626463912.5,
1996-04-23,SBUX,1.23,1.26,1.27,1.22,1.26,800200,,,,71219000,,1572248448.75,
1996-04-20,SBUX,1.26,1.3,1.3,1.26,1.29,912200,,,,71219000,,1610973780.0,
1996-04-19,SBUX,1.29,1.27,1.3,1.27,1.27,491000,,,,71219000,,1649699111.25,
1996-04-18,SBUX,1.27,1.3,1.33,1.27,1.29,1699200,,,,71219000,,1618718846.25,
1996-04-17,SBUX,1.29,1.24,1.3,1.24,1.23,1590500,,,,71219000,,1649699111.25,
1996-04-16,SBUX,1.23,1.21,1.24,1.21,1.21,744700,,,,71219000,,1572248448.75,
1996-04-13,SBUX,1.21,1.21,1.21,1.18,1.21,522200,,,,71219000,,1549013250.0,
1996-04-12,SBUX,1.21,1.23,1.23,1.18,1.22,1900900,,,,71219000,,1541268183.75,
1996-04-11,SBUX,1.22,1.25,1.26,1.22,1.26,1390300,,,,70957000,,1558747897.5,
1996-04-10,SBUX,1.26,1.26,1.27,1.24,1.25,1559700,,,,70957000,,1605047340.0,
1996-04-09,SBUX,1.25,1.23,1.26,1.2,1.26,1742800,,,,70957000,,1589614192.5,
1996-04-05,SBUX,1.26,1.21,1.27,1.2,1.19,3556300,,,,70957000,,1605047340.0,
1996-04-04,SBUX,1.19,1.21,1.21,1.17,1.21,978100,,,,70957000,,1520165028.75,
1996-04-03,SBUX,1.21,1.22,1.23,1.18,1.22,1506500,,,,70957000,,1535598176.25,
1996-04-02,SBUX,1.22,1.19,1.24,1.19,1.13,3893500,,,,70957000,,1551031323.75,
1996-03-30,SBUX,1.13,1.08,1.15,1.07,1.08,1348600,,,,70957000,,1439141004.38,
1996-03-29,SBUX,1.08,1.07,1.08,1.04,1.07,1022100,,,,70957000,,1373550127.5,
1996-03-28,SBUX,1.07,1.07,1.12,1.05,1.06,1221900,,,,70957000,,1361975266.88,
1996-03-27,SBUX,1.06,1.04,1.07,1.02,1.05,758400,,,,70957000,,1350400406.25,
1996-03-26,SBUX,1.05,1.05,1.07,1.04,1.05,324400,,,,70957000,,1334967258.75,
1996-03-23,SBUX,1.05,1.07,1.07,1.04,1.07,472000,,,,70957000,,1342683832.5,
1996-03-22,SBUX,1.07,1.09,1.1,1.04,1.08,676800,,,,70957000,,1358116980.0,
1996-03-21,SBUX,1.08,1.06,1.1,1.05,1.05,625700,,,,70957000,,1373550127.5,
1996-03-20,SBUX,1.05,1.12,1.13,1.04,1.12,1581700,,,,70957000,,1342683832.5,
1996-03-19,SBUX,1.12,1.12,1.13,1.1,1.1,1303500,,,,70957000,,1427566143.75,
1996-03-16,SBUX,1.1,1.08,1.13,1.08,1.08,2186600,,,,70957000,,1404416422.5,
1996-03-15,SBUX,1.08,1.03,1.12,1.03,1.03,3360600,,,,70957000,,1373550127.5,
1996-03-14,SBUX,1.03,0.98,1.04,0.98,0.98,1537600,,,,70957000,,1311817537.5,
1996-03-13,SBUX,0.98,0.95,0.99,0.95,0.96,1457300,,,,70957000,,1246226660.63,
1996-03-12,SBUX,0.96,0.94,0.97,0.94,0.95,1050000,,,,70957000,,1219218652.5,
1996-03-09,SBUX,0.95,0.95,0.97,0.93,0.98,1547200,,,,70957000,,1203785505.0,
1996-03-08,SBUX,0.98,0.99,1.01,0.96,1.0,1815600,,,,70957000,,1242368373.75,
1996-03-07,SBUX,1.0,0.93,1.01,0.93,0.93,2849500,,,,70957000,,1273234668.75,
1996-03-06,SBUX,0.93,0.94,0.95,0.93,0.95,1036900,,,,70957000,,1188352357.5,
1996-03-05,SBUX,0.95,0.88,0.95,0.87,0.87,2235600,,,,70957000,,1211502078.75,
1996-03-02,SBUX,0.87,0.88,0.9,0.87,0.85,1852300,,,,70957000,,1103470046.25,
1996-03-01,SBUX,0.85,0.82,0.86,0.81,0.82,3209000,,,,70957000,,,
1996-02-29,SBUX,0.82,0.79,0.84,0.78,0.79,1541700,,,,70957000,,,
1996-02-28,SBUX,0.79,0.84,0.84,0.78,0.84,1540500,,,,70957000,,,
1996-02-27,SBUX,0.84,0.84,0.85,0.83,0.84,499500,,,,70957000,,,
1996-02-24,SBUX,0.84,0.83,0.84,0.83,0.84,1027200,,,,70957000,,,
1996-02-23,SBUX,0.84,0.79,0.84,0.79,0.8,1333600,,,,70957000,,,
1996-02-22,SBUX,0.8,0.79,0.8,0.79,0.8,445000,,,,70957000,,,
1996-02-21,SBUX,0.8,0.79,0.81,0.78,0.8,675200,,,,70957000,,,
1996-02-17,SBUX,0.8,0.8,0.82,0.79,0.79,488100,,,,70957000,,,
1996-02-16,SBUX,0.79,0.8,0.81,0.78,0.79,397200,,,,70957000,,,
1996-02-15,SBUX,0.79,0.82,0.82,0.78,0.81,912700,,,,70957000,,,
1996-02-14,SBUX,0.81,0.82,0.82,0.81,0.81,659000,,,,70957000,,,
1996-02-13,SBUX,0.81,0.84,0.84,0.81,0.84,915900,,,,70957000,,,
1996-02-10,SBUX,0.84,0.84,0.85,0.82,0.85,1017900,,,,70957000,,,
1996-02-09,SBUX,0.85,0.79,0.86,0.78,0.78,2950300,,,,70957000,,,
1996-02-08,SBUX,0.78,0.81,0.81,0.78,0.81,1114300,,,,70957000,,,
1996-02-07,SBUX,0.81,0.82,0.82,0.79,0.82,886500,,,,70957000,,,
1996-02-06,SBUX,0.82,0.83,0.83,0.81,0.83,733200,,,,70957000,,,
1996-02-03,SBUX,0.83,0.86,0.86,0.82,0.86,761400,,,,70957000,,,
1996-02-02,SBUX,0.86,0.82,0.87,0.81,0.81,1621800,,,,70957000,,,
1996-02-01,SBUX,0.81,0.81,0.82,0.79,0.79,1819200,,,,70957000,,,
1996-01-31,SBUX,0.79,0.78,0.82,0.77,0.77,2062300,,,,70957000,,,
1996-01-30,SBUX,0.77,0.76,0.78,0.75,0.75,2697700,,,,70957000,,,
1996-01-27,SBUX,0.75,0.74,0.76,0.7,0.74,6301297,,,,70957000,,,
1996-01-26,SBUX,0.74,0.82,0.83,0.74,0.82,3138300,,,,70957000,,,
1996-01-25,SBUX,0.82,0.83,0.83,0.81,0.83,1225600,,,,70957000,,,
1996-01-24,SBUX,0.83,0.81,0.85,0.8,0.81,1328400,,,,70957000,,,
1996-01-23,SBUX,0.81,0.79,0.81,0.78,0.82,905200,,,,70957000,,,
1996-01-20,SBUX,0.82,0.81,0.82,0.8,0.8,964200,,,,70957000,,,
1996-01-19,SBUX,0.8,0.82,0.82,0.8,0.81,391700,,,,70957000,,,
1996-01-18,SBUX,0.81,0.81,0.82,0.81,0.82,177300,,,,70722000,,,
1996-01-17,SBUX,0.82,0.81,0.83,0.81,0.8,666100,,,,70722000,,,
1996-01-16,SBUX,0.8,0.85,0.85,0.8,0.85,818300,,,,70722000,,,
1996-01-13,SBUX,0.85,0.87,0.87,0.83,0.86,998700,,,,70722000,,,
1996-01-12,SBUX,0.86,0.84,0.86,0.83,0.83,917400,,,,70722000,,,
1996-01-11,SBUX,0.83,0.82,0.85,0.82,0.83,817200,,,,70722000,,,
1996-01-10,SBUX,0.83,0.85,0.87,0.82,0.85,1926600,,,,70722000,,,
1996-01-09,SBUX,0.85,0.87,0.87,0.82,0.87,747800,,,,70722000,,,
1996-01-06,SBUX,0.87,0.82,0.87,0.82,0.82,2656200,,,,70722000,,,
1996-01-05,SBUX,0.82,0.81,0.87,0.79,0.85,6131297,,,,70722000,,,
1996-01-04,SBUX,0.85,0.94,0.95,0.84,0.95,3897200,,,,70722000,,,
1996-01-03,SBUX,0.95,1.02,1.02,0.91,1.02,2081800,,,,70722000,,,
1995-12-30,SBUX,1.02,1.01,1.02,0.99,1.0,900300,,,,70722000,,,
1995-12-29,SBUX,1.0,1.0,1.02,0.98,1.01,1224000,,,,70722000,,,
1995-12-28,SBUX,1.01,0.98,1.02,0.97,0.97,962300,,,,70722000,,,
1995-12-27,SBUX,0.97,0.97,0.99,0.95,0.96,861400,,,,70722000,,,
1995-12-23,SBUX,0.96,0.95,0.97,0.95,0.95,556200,,,,70722000,,,
1995-12-22,SBUX,0.95,0.93,0.96,0.93,0.94,976700,,,,70722000,,,
1995-12-21,SBUX,0.94,0.96,1.0,0.93,0.95,1292800,,,,70722000,,,
1995-12-20,SBUX,0.95,1.01,1.01,0.93,1.01,1635800,,,,70722000,,,
1995-12-19,SBUX,1.01,1.05,1.05,0.99,1.05,468000,,,,70722000,,,
1995-12-16,SBUX,1.05,1.06,1.07,1.04,1.06,416300,,,,70722000,,,
1995-12-15,SBUX,1.06,1.09,1.11,1.05,1.09,1167200,,,,70722000,,,
1995-12-14,SBUX,1.09,1.1,1.1,1.08,1.09,321700,,,,70722000,,,
1995-12-13,SBUX,1.09,1.1,1.1,1.08,1.1,320300,,,,70722000,,,
1995-12-12,SBUX,1.1,1.12,1.13,1.1,1.11,665000,,,,70722000,,,
1995-12-09,SBUX,1.11,1.13,1.14,1.09,1.12,622000,,,,70722000,,,
1995-12-08,SBUX,1.12,1.09,1.13,1.09,1.08,1158400,,,,70722000,,,
1995-12-07,SBUX,1.08,1.09,1.13,1.07,1.08,1337500,,,,70722000,,,
1995-12-06,SBUX,1.08,1.07,1.09,1.05,1.04,1081600,,,,70722000,,,
1995-12-05,SBUX,1.04,1.01,1.07,1.0,1.01,914400,,,,70722000,,,
1995-12-02,SBUX,1.01,1.02,1.02,0.98,1.02,914000,,,,35361000,,,
1995-12-01,SBUX,1.02,1.05,1.05,1.02,1.05,498000,,,,35361000,,,
1995-11-30,SBUX,1.05,1.04,1.07,1.04,1.04,791000,,,,35361000,,,
1995-11-29,SBUX,1.04,1.02,1.05,1.01,1.01,1212000,,,,35361000,,,
1995-11-28,SBUX,1.01,1.06,1.06,1.01,1.06,610900,,,,35361000,,,
1995-11-25,SBUX,1.06,1.06,1.07,1.06,1.07,78300,,,,35361000,,,
1995-11-23,SBUX,1.07,1.05,1.09,1.04,1.04,1246800,,,,35361000,,,
1995-11-22,SBUX,1.04,1.03,1.05,1.02,1.03,896200,,,,35361000,,,
1995-11-21,SBUX,1.03,1.05,1.06,1.03,1.05,968700,,,,35361000,,,
1995-11-18,SBUX,1.05,1.09,1.09,1.04,1.08,1571500,,,,35361000,,,
1995-11-17,SBUX,1.08,1.02,1.09,1.01,1.02,1557500,,,,35361000,,,
1995-11-16,SBUX,1.02,1.03,1.03,1.02,1.02,219900,,,,35361000,,,
1995-11-15,SBUX,1.02,1.03,1.05,1.02,1.03,732100,,,,35361000,,,
1995-11-14,SBUX,1.03,0.99,1.03,0.99,0.99,810800,,,,35361000,,,
1995-11-11,SBUX,0.99,0.99,0.99,0.98,0.99,286700,,,,35361000,,,
1995-11-10,SBUX,0.99,0.97,1.0,0.97,0.97,571000,,,,35361000,,,
1995-11-09,SBUX,0.97,0.97,0.97,0.96,0.97,240500,,,,35361000,,,
1995-11-08,SBUX,0.97,0.97,0.97,0.95,0.97,363200,,,,35361000,,,
1995-11-07,SBUX,0.97,0.97,0.99,0.97,0.97,412700,,,,35361000,,,
1995-11-04,SBUX,0.97,0.96,0.98,0.96,0.96,326500,,,,35361000,,,
1995-11-03,SBUX,0.96,0.97,0.99,0.96,0.97,530600,,,,35361000,,,
1995-11-02,SBUX,0.97,0.95,0.98,0.94,0.95,932200,,,,35361000,,,
1995-11-01,SBUX,0.95,0.96,0.96,0.95,0.95,418700,,,,35361000,,,
1995-10-31,SBUX,0.95,0.94,0.96,0.93,0.94,708900,,,,35361000,,,
1995-10-28,SBUX,0.94,0.93,0.94,0.92,0.93,411500,,,,35361000,,,
1995-10-27,SBUX,0.93,0.92,0.93,0.92,0.92,651600,,,,35361000,,,
1995-10-26,SBUX,0.92,0.93,0.94,0.92,0.93,779400,,,,35361000,,,
1995-10-25,SBUX,0.93,0.93,0.93,0.92,0.93,343800,,,,35361000,,,
1995-10-24,SBUX,0.93,0.93,0.93,0.91,0.93,385500,,,,35361000,,,
1995-10-21,SBUX,0.93,0.92,0.95,0.92,0.92,960200,,,,35361000,,,
1995-10-20,SBUX,0.92,0.92,0.94,0.89,0.92,802600,,,,35361000,,,
1995-10-19,SBUX,0.92,0.89,0.93,0.88,0.88,1608100,,,,35361000,,,
1995-10-18,SBUX,0.88,0.87,0.89,0.87,0.87,569500,,,,35361000,,,
1995-10-17,SBUX,0.87,0.89,0.89,0.86,0.89,423200,,,,35361000,,,
1995-10-14,SBUX,0.89,0.89,0.9,0.87,0.89,391100,,,,35361000,,,
1995-10-13,SBUX,0.89,0.89,0.89,0.87,0.88,371800,,,,35361000,,,
1995-10-12,SBUX,0.88,0.85,0.89,0.84,0.83,725400,,,,35361000,,,
1995-10-11,SBUX,0.83,0.84,0.84,0.82,0.85,766300,,,,35361000,,,
1995-10-10,SBUX,0.85,0.88,0.88,0.84,0.88,312000,,,,35361000,,,
1995-10-07,SBUX,0.88,0.88,0.89,0.87,0.87,1090900,,,,35361000,,,
1995-10-06,SBUX,0.87,0.84,0.88,0.84,0.83,1236600,,,,35361000,,,
1995-10-05,SBUX,0.83,0.88,0.88,0.83,0.87,1071800,,,,35361000,,,
1995-10-04,SBUX,0.87,0.91,0.92,0.87,0.91,954200,,,,35361000,,,
1995-10-03,SBUX,0.91,0.93,0.94,0.9,0.92,1738200,,,,35361000,,,
1995-09-30,SBUX,0.92,1.03,1.06,0.87,1.02,7215098,,,,35361000,,,
1995-09-29,SBUX,1.02,1.02,1.03,1.02,1.02,466200,,,,35361000,,,
1995-09-28,SBUX,1.02,1.04,1.04,1.02,1.04,811600,,,,35361000,,,
1995-09-27,SBUX,1.04,1.01,1.05,1.01,1.01,801700,,,,35361000,,,
1995-09-26,SBUX,1.01,1.03,1.03,1.0,1.03,356800,,,,35361000,,,
1995-09-23,SBUX,1.03,1.02,1.04,1.01,1.02,581700,,,,35240000,,,
1995-09-22,SBUX,1.02,1.06,1.06,1.01,1.05,573600,,,,35240000,,,
1995-09-21,SBUX,1.05,1.05,1.07,1.05,1.05,664900,,,,35240000,,,
1995-09-20,SBUX,1.05,1.02,1.05,1.02,1.02,734600,,,,35240000,,,
1995-09-19,SBUX,1.02,1.02,1.02,1.0,1.02,524000,,,,35240000,,,
1995-09-16,SBUX,1.02,1.05,1.05,1.02,1.05,376400,,,,35240000,,,
1995-09-15,SBUX,1.05,1.05,1.06,1.04,1.05,498000,,,,35240000,,,
1995-09-14,SBUX,1.05,1.03,1.06,1.02,1.03,949000,,,,35240000,,,
1995-09-13,SBUX,1.03,1.05,1.05,1.02,1.05,353800,,,,35240000,,,
1995-09-12,SBUX,1.05,1.03,1.05,1.02,1.02,631500,,,,35240000,,,
1995-09-09,SBUX,1.02,1.02,1.03,1.01,1.02,493800,,,,35240000,,,
1995-09-08,SBUX,1.02,1.0,1.04,1.0,0.99,1110900,,,,35240000,,,
1995-09-07,SBUX,0.99,0.97,1.0,0.97,0.97,782900,,,,35240000,,,
1995-09-06,SBUX,0.97,0.96,0.98,0.95,0.96,412600,,,,35240000,,,
1995-09-02,SBUX,0.96,0.97,0.97,0.95,0.97,112800,,,,35240000,,,
1995-09-01,SBUX,0.97,0.95,0.99,0.95,0.95,690600,,,,35240000,,,
1995-08-31,SBUX,0.95,0.92,0.96,0.92,0.92,551800,,,,35240000,,,
1995-08-30,SBUX,0.92,0.95,0.95,0.91,0.95,454800,,,,35240000,,,
1995-08-29,SBUX,0.95,0.96,0.97,0.95,0.97,255600,,,,35240000,,,
1995-08-26,SBUX,0.97,0.97,0.97,0.96,0.96,103000,,,,35240000,,,
1995-08-25,SBUX,0.96,0.97,0.97,0.96,0.97,217800,,,,35240000,,,
1995-08-24,SBUX,0.97,0.96,0.97,0.96,0.96,77100,,,,35240000,,,
1995-08-23,SBUX,0.96,0.97,0.97,0.95,0.97,216200,,,,35240000,,,
1995-08-22,SBUX,0.97,0.97,0.98,0.96,0.96,310500,,,,35240000,,,
1995-08-19,SBUX,0.96,0.97,0.97,0.96,0.97,202700,,,,35240000,,,
1995-08-18,SBUX,0.97,0.98,0.99,0.96,0.97,536600,,,,35240000,,,
1995-08-17,SBUX,0.97,0.95,0.98,0.94,0.94,840600,,,,35240000,,,
1995-08-16,SBUX,0.94,0.91,0.95,0.9,0.91,724800,,,,35240000,,,
1995-08-15,SBUX,0.91,0.9,0.92,0.89,0.91,308900,,,,35240000,,,
1995-08-12,SBUX,0.91,0.92,0.92,0.91,0.92,200800,,,,35240000,,,
1995-08-11,SBUX,0.92,0.93,0.93,0.92,0.92,47000,,,,35240000,,,
1995-08-10,SBUX,0.92,0.92,0.93,0.92,0.92,70300,,,,35240000,,,
1995-08-09,SBUX,0.92,0.92,0.93,0.91,0.91,339000,,,,35240000,,,
1995-08-08,SBUX,0.91,0.93,0.94,0.91,0.93,308800,,,,35240000,,,
1995-08-05,SBUX,0.93,0.93,0.94,0.92,0.93,130200,,,,35240000,,,
1995-08-04,SBUX,0.93,0.95,0.95,0.92,0.95,414700,,,,35240000,,,
1995-08-03,SBUX,0.95,0.96,0.99,0.95,0.95,855100,,,,35240000,,,
1995-08-02,SBUX,0.95,0.91,0.96,0.9,0.91,1343200,,,,35240000,,,
1995-08-01,SBUX,0.91,0.94,0.94,0.9,0.94,1074000,,,,35240000,,,
1995-07-29,SBUX,0.94,0.99,0.99,0.93,0.99,621200,,,,35240000,,,
1995-07-28,SBUX,0.99,0.99,0.99,0.97,0.99,703800,,,,35240000,,,
1995-07-27,SBUX,0.99,0.99,1.0,0.98,0.99,1005300,,,,35240000,,,
1995-07-26,SBUX,0.99,0.94,1.02,0.93,0.94,2983600,,,,35240000,,,
1995-07-25,SBUX,0.94,0.91,0.94,0.9,0.9,765600,,,,35240000,,,
1995-07-22,SBUX,0.9,0.87,0.92,0.85,0.87,1428100,,,,35240000,,,
1995-07-21,SBUX,0.87,0.87,0.88,0.85,0.87,700500,,,,35240000,,,
1995-07-20,SBUX,0.87,0.89,0.89,0.86,0.9,382200,,,,35240000,,,
1995-07-19,SBUX,0.9,0.92,0.92,0.89,0.92,422100,,,,35240000,,,
1995-07-18,SBUX,0.92,0.92,0.93,0.92,0.92,235000,,,,35240000,,,
1995-07-15,SBUX,0.92,0.94,0.95,0.92,0.95,518500,,,,35240000,,,
1995-07-14,SBUX,0.95,0.92,0.95,0.92,0.92,746000,,,,35240000,,,
1995-07-13,SBUX,0.92,0.9,0.92,0.89,0.9,564300,,,,35240000,,,
1995-07-12,SBUX,0.9,0.91,0.92,0.89,0.91,545400,,,,35240000,,,
1995-07-11,SBUX,0.91,0.96,0.96,0.89,0.96,948400,,,,35240000,,,
1995-07-08,SBUX,0.96,0.92,0.96,0.92,0.93,1213000,,,,35240000,,,
1995-07-07,SBUX,0.93,0.87,0.93,0.87,0.87,1752300,,,,35240000,,,
1995-07-06,SBUX,0.87,0.86,0.89,0.86,0.86,996300,,,,35240000,,,
1995-07-04,SBUX,0.86,0.87,0.87,0.86,0.86,97900,,,,35116000,,,
1995-07-01,SBUX,0.86,0.85,0.87,0.85,0.86,208600,,,,35116000,,,
1995-06-30,SBUX,0.86,0.85,0.86,0.85,0.85,480200,,,,35116000,,,
1995-06-29,SBUX,0.85,0.85,0.86,0.84,0.86,689400,,,,35116000,,,
1995-06-28,SBUX,0.86,0.89,0.89,0.86,0.89,657900,,,,35116000,,,
1995-06-27,SBUX,0.89,0.9,0.9,0.89,0.89,714900,,,,35116000,,,
1995-06-24,SBUX,0.89,0.88,0.9,0.88,0.89,865700,,,,35116000,,,
1995-06-23,SBUX,0.89,0.85,0.9,0.84,0.85,1732400,,,,35116000,,,
1995-06-22,SBUX,0.85,0.84,0.85,0.83,0.84,539700,,,,35116000,,,
1995-06-21,SBUX,0.84,0.86,0.87,0.83,0.86,1018700,,,,35116000,,,
1995-06-20,SBUX,0.86,0.83,0.86,0.83,0.82,1536200,,,,35116000,,,
1995-06-17,SBUX,0.82,0.85,0.85,0.82,0.84,458900,,,,35116000,,,
1995-06-16,SBUX,0.84,0.83,0.85,0.83,0.83,1261800,,,,35116000,,,
1995-06-15,SBUX,0.83,0.82,0.84,0.81,0.82,1094100,,,,35116000,,,
1995-06-14,SBUX,0.82,0.82,0.83,0.81,0.82,713900,,,,35116000,,,
1995-06-13,SBUX,0.82,0.82,0.82,0.8,0.82,675400,,,,35116000,,,
1995-06-10,SBUX,0.82,0.81,0.84,0.81,0.82,1469000,,,,35116000,,,
1995-06-09,SBUX,0.82,0.79,0.82,0.78,0.78,1963100,,,,35116000,,,
1995-06-08,SBUX,0.78,0.75,0.79,0.74,0.75,1095500,,,,35116000,,,
1995-06-07,SBUX,0.75,0.77,0.78,0.75,0.77,473600,,,,35116000,,,
1995-06-06,SBUX,0.77,0.74,0.78,0.74,0.74,1178600,,,,35116000,,,
1995-06-03,SBUX,0.74,0.71,0.75,0.7,0.72,1128600,,,,35116000,,,
1995-06-02,SBUX,0.72,0.7,0.73,0.67,0.7,1006200,,,,35116000,,,
1995-06-01,SBUX,0.7,0.7,0.71,0.7,0.7,392500,,,,35116000,,,
1995-05-31,SBUX,0.7,0.74,0.74,0.7,0.74,859500,,,,35116000,,,
1995-05-27,SBUX,0.74,0.75,0.75,0.73,0.75,312800,,,,35116000,,,
1995-05-26,SBUX,0.75,0.75,0.76,0.75,0.75,393300,,,,35116000,,,
1995-05-25,SBUX,0.75,0.74,0.76,0.74,0.75,746600,,,,35116000,,,
1995-05-24,SBUX,0.75,0.73,0.75,0.73,0.72,604200,,,,35116000,,,
1995-05-23,SBUX,0.72,0.71,0.73,0.7,0.71,512800,,,,35116000,,,
1995-05-20,SBUX,0.71,0.71,0.72,0.7,0.71,339300,,,,35116000,,,
1995-05-19,SBUX,0.71,0.71,0.72,0.7,0.71,368600,,,,35116000,,,
1995-05-18,SBUX,0.71,0.73,0.73,0.7,0.73,806600,,,,35116000,,,
1995-05-17,SBUX,0.73,0.74,0.74,0.72,0.74,1283300,,,,35116000,,,
1995-05-16,SBUX,0.74,0.71,0.76,0.71,0.71,2193100,,,,35116000,,,
1995-05-13,SBUX,0.71,0.68,0.73,0.67,0.68,2940500,,,,35116000,,,
1995-05-12,SBUX,0.68,0.64,0.68,0.64,0.65,1550800,,,,35116000,,,
1995-05-11,SBUX,0.65,0.64,0.65,0.62,0.63,584200,,,,35116000,,,
1995-05-10,SBUX,0.63,0.65,0.65,0.62,0.65,333900,,,,35116000,,,
1995-05-09,SBUX,0.65,0.64,0.66,0.64,0.65,386500,,,,35116000,,,
1995-05-06,SBUX,0.65,0.64,0.65,0.64,0.65,613300,,,,35116000,,,
1995-05-05,SBUX,0.65,0.61,0.66,0.6,0.61,2069300,,,,35116000,,,
1995-05-04,SBUX,0.61,0.6,0.61,0.59,0.6,319200,,,,35116000,,,
1995-05-03,SBUX,0.6,0.6,0.6,0.6,0.59,290100,,,,35116000,,,
1995-05-02,SBUX,0.59,0.57,0.6,0.57,0.57,435000,,,,35116000,,,
1995-04-29,SBUX,0.57,0.57,0.58,0.57,0.57,582400,,,,35116000,,,
1995-04-28,SBUX,0.57,0.57,0.58,0.57,0.57,365200,,,,35116000,,,
1995-04-27,SBUX,0.57,0.57,0.57,0.57,0.57,522600,,,,35116000,,,
1995-04-26,SBUX,0.57,0.58,0.58,0.56,0.57,1018600,,,,35116000,,,
1995-04-25,SBUX,0.57,0.59,0.6,0.57,0.59,694800,,,,35116000,,,
1995-04-22,SBUX,0.59,0.59,0.61,0.59,0.6,428600,,,,35116000,,,
1995-04-21,SBUX,0.6,0.61,0.63,0.59,0.62,1183200,,,,35116000,,,
1995-04-20,SBUX,0.62,0.62,0.62,0.61,0.62,461100,,,,35116000,,,
1995-04-19,SBUX,0.62,0.62,0.62,0.62,0.62,287600,,,,35116000,,,
1995-04-18,SBUX,0.62,0.62,0.62,0.62,0.62,523300,,,,35116000,,,
1995-04-14,SBUX,0.62,0.6,0.62,0.6,0.61,317400,,,,35116000,,,
1995-04-13,SBUX,0.61,0.6,0.61,0.6,0.6,321700,,,,35116000,,,
1995-04-12,SBUX,0.6,0.6,0.62,0.6,0.6,527600,,,,35116000,,,
1995-04-11,SBUX,0.6,0.61,0.61,0.6,0.61,213300,,,,35116000,,,
1995-04-08,SBUX,0.61,0.62,0.62,0.6,0.62,738600,,,,35116000,,,
1995-04-07,SBUX,0.62,0.59,0.63,0.59,0.59,1590200,,,,35116000,,,
1995-04-06,SBUX,0.59,0.59,0.59,0.58,0.59,464900,,,,35116000,,,
1995-04-05,SBUX,0.59,0.58,0.59,0.57,0.58,332300,,,,35116000,,,
1995-04-04,SBUX,0.58,0.58,0.58,0.57,0.58,1103800,,,,35116000,,,
1995-04-01,SBUX,0.58,0.57,0.59,0.56,0.57,597800,,,,35116000,,,
1995-03-31,SBUX,0.57,0.57,0.58,0.57,0.57,385100,,,,35116000,,,
1995-03-30,SBUX,0.57,0.57,0.58,0.56,0.57,624700,,,,35116000,,,
1995-03-29,SBUX,0.57,0.55,0.59,0.55,0.55,1075100,,,,35116000,,,
1995-03-28,SBUX,0.55,0.55,0.56,0.55,0.55,702400,,,,35116000,,,
1995-03-25,SBUX,0.55,0.56,0.56,0.55,0.56,1031400,,,,35116000,,,
1995-03-24,SBUX,0.56,0.56,0.56,0.54,0.56,1280100,,,,35116000,,,
1995-03-23,SBUX,0.56,0.57,0.58,0.55,0.59,2668400,,,,35116000,,,
1995-03-22,SBUX,0.59,0.62,0.62,0.57,0.61,916100,,,,35116000,,,
1995-03-21,SBUX,0.61,0.61,0.62,0.61,0.62,232000,,,,35116000,,,
1995-03-18,SBUX,0.62,0.62,0.62,0.6,0.62,460700,,,,35116000,,,
1995-03-17,SBUX,0.62,0.59,0.62,0.59,0.59,474300,,,,35116000,,,
1995-03-16,SBUX,0.59,0.59,0.6,0.58,0.59,185800,,,,35116000,,,
1995-03-15,SBUX,0.59,0.6,0.6,0.59,0.6,291400,,,,34468000,,,
1995-03-14,SBUX,0.6,0.62,0.62,0.59,0.61,209500,,,,34468000,,,
1995-03-11,SBUX,0.61,0.61,0.62,0.6,0.61,512500,,,,34468000,,,
1995-03-10,SBUX,0.61,0.59,0.61,0.59,0.59,328100,,,,34468000,,,
1995-03-09,SBUX,0.59,0.59,0.6,0.59,0.59,281500,,,,34468000,,,
1995-03-08,SBUX,0.59,0.6,0.6,0.59,0.59,215700,,,,34468000,,,
1995-03-07,SBUX,0.59,0.59,0.6,0.59,0.59,384700,,,,34468000,,,
1995-03-04,SBUX,0.59,0.58,0.59,0.58,0.58,145100,,,,34468000,,,
1995-03-03,SBUX,0.58,0.6,0.6,0.58,0.6,413100,,,,34468000,,,
1995-03-02,SBUX,0.6,0.58,0.6,0.58,0.58,746700,,,,34468000,,,
1995-03-01,SBUX,0.58,0.57,0.58,0.56,0.57,414000,,,,34468000,,,
1995-02-28,SBUX,0.57,0.58,0.58,0.57,0.58,251800,,,,34468000,,,
1995-02-25,SBUX,0.58,0.59,0.59,0.58,0.6,242100,,,,34468000,,,
1995-02-24,SBUX,0.6,0.59,0.6,0.59,0.59,310200,,,,34468000,,,
1995-02-23,SBUX,0.59,0.6,0.6,0.59,0.6,280700,,,,34468000,,,
1995-02-22,SBUX,0.6,0.62,0.62,0.6,0.62,199200,,,,34468000,,,
1995-02-18,SBUX,0.62,0.62,0.62,0.62,0.62,144300,,,,34468000,,,
1995-02-17,SBUX,0.62,0.63,0.63,0.62,0.63,169300,,,,34468000,,,
1995-02-16,SBUX,0.63,0.64,0.64,0.63,0.64,214200,,,,34468000,,,
1995-02-15,SBUX,0.64,0.62,0.64,0.62,0.62,468800,,,,34468000,,,
1995-02-14,SBUX,0.62,0.62,0.62,0.62,0.62,193300,,,,34468000,,,
1995-02-11,SBUX,0.62,0.63,0.63,0.62,0.62,163300,,,,34468000,,,
1995-02-10,SBUX,0.62,0.63,0.64,0.62,0.63,180500,,,,34468000,,,
1995-02-09,SBUX,0.63,0.62,0.64,0.62,0.62,664700,,,,34468000,,,
1995-02-08,SBUX,0.62,0.6,0.62,0.59,0.6,500300,,,,34468000,,,
1995-02-07,SBUX,0.6,0.62,0.62,0.59,0.61,431600,,,,34468000,,,
1995-02-04,SBUX,0.61,0.59,0.63,0.58,0.58,1121300,,,,34468000,,,
1995-02-03,SBUX,0.58,0.57,0.59,0.55,0.57,1384500,,,,34468000,,,
1995-02-02,SBUX,0.57,0.58,0.59,0.56,0.58,409200,,,,34468000,,,
1995-02-01,SBUX,0.58,0.59,0.59,0.58,0.58,501800,,,,34468000,,,
1995-01-31,SBUX,0.58,0.59,0.6,0.58,0.59,120800,,,,34468000,,,
1995-01-28,SBUX,0.59,0.58,0.6,0.58,0.58,366500,,,,34468000,,,
1995-01-27,SBUX,0.58,0.57,0.58,0.57,0.58,270200,,,,34468000,,,
1995-01-26,SBUX,0.58,0.58,0.58,0.57,0.58,196100,,,,34468000,,,
1995-01-25,SBUX,0.58,0.58,0.59,0.58,0.58,358000,,,,34468000,,,
1995-01-24,SBUX,0.58,0.59,0.59,0.57,0.59,215600,,,,34468000,,,
1995-01-21,SBUX,0.59,0.59,0.59,0.59,0.59,970200,,,,34468000,,,
1995-01-20,SBUX,0.59,0.59,0.62,0.59,0.59,994400,,,,34468000,,,
1995-01-19,SBUX,0.59,0.59,0.6,0.59,0.59,395100,,,,34468000,,,
1995-01-18,SBUX,0.59,0.61,0.61,0.59,0.61,585700,,,,34468000,,,
1995-01-17,SBUX,0.61,0.6,0.61,0.6,0.6,367900,,,,34468000,,,
1995-01-14,SBUX,0.6,0.61,0.61,0.6,0.61,505400,,,,34468000,,,
1995-01-13,SBUX,0.61,0.61,0.62,0.61,0.61,152300,,,,34468000,,,
1995-01-12,SBUX,0.61,0.62,0.62,0.61,0.62,270800,,,,34468000,,,
1995-01-11,SBUX,0.62,0.62,0.62,0.61,0.62,284400,,,,34468000,,,
1995-01-10,SBUX,0.62,0.61,0.62,0.6,0.6,327000,,,,34468000,,,
1995-01-07,SBUX,0.6,0.62,0.63,0.6,0.62,357500,,,,34468000,,,
1995-01-06,SBUX,0.62,0.64,0.64,0.61,0.64,386600,,,,34468000,,,
1995-01-05,SBUX,0.64,0.65,0.65,0.64,0.65,254500,,,,34468000,,,
1995-01-04,SBUX,0.65,0.66,0.66,0.64,0.67,258600,,,,34468000,,,
